logdet,lmin,lmax,d2_bar,tr,Phi
0.30694021987952463,0.6598389286743772,2.103901169193849,0.3598960686118172,5.834330343742301,44.14846224788814
0.43367023446664843,0.6259724315796169,1.7834595190462519,0.11845540482099214,5.806277770007181,38.92738366394401
0.16599935717210484,0.579747784844994,1.7157118012425419,0.2989357679357514,5.515959143106287,43.11617589962666
0.3409403248179742,0.5440350016188873,2.020729208713408,0.5559333858057731,5.935599736538174,48.622076523040306
0.041240795325116375,0.5106510472931337,2.2575510838141817,0.4117398270147149,5.848664338532592,45.516657420717664
0.24171109872853036,0.48546003656273723,1.9426212753585372,0.2851498642572099,5.939500422136536,43.048895096464996
0.19729573547061374,0.5862954309561647,2.0217092880984895,0.4294052566350074,5.710441091736792,45.48391394269049
0.33109494963651115,0.6339380693931033,1.8202787280620818,0.5011725527961297,5.71826373331655,46.93498090694382
0.5751752891850456,0.6443343944286575,1.897644975229439,0.2878706407538741,6.019922174484959,43.16401641485124
0.3195685545857843,0.5242208447956102,2.0432006763613817,0.2690727564827837,5.9041744005841705,42.48662444439104
0.1197984738463328,0.4670803566206225,2.0472678596631977,0.2537564930993895,5.7768577821618114,42.05064469400091
0.0996528634561128,0.5285454026624867,1.8411739139717704,0.18142898252461037,5.565838351057348,40.5524068760507
-0.15067973614060215,0.49148048728870325,2.3244717972219924,0.4515667148750812,5.582632585896311,46.408524382748205
0.4125434402438005,0.6674672979718382,1.8429019675555074,0.3998148000805639,5.885162083036427,44.94610252341577
0.35260354733987487,0.6375818907295954,2.139589134502725,0.36234385122885654,5.890465027339436,44.31303438188603
0.4136337833185058,0.7223729683662166,1.6848738808198118,0.41870586997551174,5.667310845394635,45.02241702943564
0.516139700541943,0.7543230182397425,1.7988452075342904,0.4445197963241957,5.837074932355664,45.72808057129847
0.39769716469548616,0.5949133696744485,1.8097287698984723,0.1501081193802613,5.847021448214004,39.70675307340286
0.20497841499245872,0.5682964043755396,1.742293698974469,0.18504410089352666,5.699971104959639,40.34126216167619
0.34912312361702735,0.6192175441114265,1.8900433759695783,0.18910514066127299,5.862332485348876,40.59668409825253
-0.02505761462495293,0.4873413054375364,2.0952815173451325,0.3648217784543438,5.5700812127631885,44.549473242042694
-0.11038218401118305,0.4396679226747343,2.3801127631806387,0.6318760125761201,5.794027889948183,50.05337839995829
0.3483709386928969,0.4926861763572546,2.18066889385377,0.38715870244578643,6.23389860305129,47.32120551856829
0.08737251489301257,0.5417467247526239,2.1241811194809985,0.3557803695083698,5.734378617854482,44.107809459547674
-0.06667947583700884,0.4316057827402622,1.9528140665855964,0.37648883810174566,5.6326031014060565,44.68205356360935
0.40867920399328217,0.5726307665457743,2.0251913084312316,0.14895237495549776,6.040680015791639,40.64952671969341
0.33653049427320486,0.589878294279132,1.822676126303242,0.3544271038651968,5.814814091502375,43.921259692756195
0.01947763273701908,0.3707548214559276,1.8503289133702765,0.739043100999817,5.777234386064466,52.25675423457352
0.34811873369756907,0.5461591201195429,1.8054362318399928,0.23308243905352632,5.862398545058103,41.49502523208774
0.2594419170865557,0.5759926744368131,1.8732659652950703,0.16443486991767917,5.692025761727438,39.89886637243162
0.2039973312764694,0.5497196101921826,1.9840063198632474,0.3190462599909139,5.720439329249245,43.193274912587675
0.36943719742895254,0.7683858860115251,1.6082999247831733,0.18686594163975417,5.56841133838622,40.45047482883647
0.7098023928476347,0.6699649949615354,1.9485378189307996,0.4233598987846098,6.206774195043435,47.4092384712947
0.2569805502330613,0.574568549776578,2.2666129717848436,0.299777337786762,5.868705492907735,43.098113305943485
0.5250664488390395,0.6057284872982047,1.8704014058721063,0.4715197259143,5.990121660392453,46.92077698982548
0.3394089811135142,0.6180341726379008,1.9013231817302474,0.2984916447211597,5.80780251869428,42.82498132410845
0.10509801252053547,0.5510190511705834,1.626877399934077,0.3597805892153472,5.4795911644710396,44.6095816840419
0.25470149777851325,0.5723332674098147,2.0093226997380835,0.7022306284982482,5.836959163177442,51.322174497217574
0.36559830895564904,0.6039485150917965,2.099568361925597,0.21876023742308645,5.900067915445844,41.389818063607606
0.18301520945028515,0.5232034995622328,2.1343864125589627,0.39195928179129363,5.818764880166169,44.87116346188549
0.25273965082778127,0.5691818163501505,1.9380259450197,0.13889010036935673,5.687984862745562,39.40887122841557
0.1922700803971371,0.5059154374554303,1.7292803219357684,0.1801159306992691,5.673215875709745,40.33716819168997
0.3884068738221658,0.5558557339043455,1.7476637186570698,0.382166785075437,5.826705482593403,44.480372141122906
0.16809141689696322,0.46135597354394947,1.6281573709353159,0.41912617852266865,5.638425361355942,45.31194977537428
0.3243043350093949,0.5812807980297684,1.9690263565052928,0.3933171589455426,5.828775039843519,44.78306634556232
0.5396645123742314,0.6350144035999676,1.8712985340692254,0.2802391978205497,6.0118682236581895,43.06486381085366
0.5607560080643821,0.7020101324587903,2.235781866540002,0.38306787338761894,6.122108001659354,46.0010643500446
0.45014676636701034,0.6178906406995569,1.9629052665865432,0.4680992445036162,5.998407588186335,47.06253947405975
0.3532896143913982,0.6193214995520878,1.671048021179665,0.4277764694179927,5.747616810423947,45.314264700189334
0.17180242621248965,0.5808988519132732,1.7395076661707998,0.3093094397545651,5.5773832598610475,43.06686444348528
0.27539584779687193,0.5301120545152606,1.9956836082633502,0.22705430169651,5.81064156410008,41.38448614617563
0.45790184055607186,0.4770911122198337,2.12896530774236,0.39451868605771795,6.113525470771699,46.30292063965765
0.5573637075999236,0.6404347940406419,1.7997497334062589,0.23700088078329173,5.987011501879736,41.98901121859654
0.5026785308261524,0.6240029770376898,1.885801402229199,0.33455672011630044,6.060237208452635,44.579757151419415
0.24363394999606325,0.5532332830588074,1.8559290914424107,0.11853888738441769,5.6692540225836145,38.99359256030975
0.4294336526026302,0.5172569822675821,2.118266236337028,0.2481709301073072,6.027357595120041,42.62473867560547
-0.16090342942081282,0.45917705613912957,1.5676969938421759,0.3914521797785119,5.256792233980172,47.00980188618035
0.558556266754852,0.6678692194818023,1.7824159017599013,0.19551369516899184,5.952331423656718,40.91611339175512
0.2147630087397382,0.49154117751175386,2.293251061233105,0.3473922778906334,6.027286213586246,44.774495859291406
0.18694650591816797,0.5969696414178198,1.993568263636509,0.22760495340152892,5.704176730053627,41.29117541297015
0.3132349124813958,0.5935392481837434,2.0386275382215695,0.22594390819276683,5.795180940484663,41.24876701706653
0.30374771398550215,0.6682970348314352,2.1651253644183157,0.34174573093648347,5.807433728024063,43.644134216896475
0.2394063724614638,0.6913928034291144,2.138503396524529,0.25817859315012803,5.754684349575582,41.940469098426234
0.27771992825487535,0.6819844908391459,1.6195787439703542,0.401739792279266,5.592608333247997,45.013359682722815
0.10456888428388078,0.6273782931093879,2.3169121413975455,0.45072620909339506,5.744893976315644,46.31678613691744
0.5350837895219545,0.6401592952516056,2.0458725549819583,0.2499174310166738,6.0747992415360805,42.959955571483476
0.2549116367574048,0.5672016437216061,1.932643925711153,0.36484964593677344,5.7478473822588825,44.104933090884465
-0.06505482868587031,0.5503403257088354,1.8521882002679493,0.46975571234489677,5.625043370233033,46.717593029571965
-0.04080152740233156,0.5588130721397406,1.8585704009562138,0.5161089047718314,5.491510799167715,47.94205561522799
0.5179706433373885,0.6616287201431608,1.7107522442320595,0.21806847050447206,5.854716202462267,41.00403086462371
0.23888158672055343,0.6436551735400952,2.0268846580636635,0.36549472195791577,5.843558102732099,44.39583734415168
0.27132989784130934,0.603628152952754,1.817516513857975,0.26852339023985766,5.726959186169138,42.020942077276594
0.35564854214274305,0.613999245040907,1.6730816806055278,0.3327691860052635,5.698951383564765,43.33826971209187
0.3284318182712652,0.6564266836555601,1.7111948568173996,0.23660960837364228,5.782647646257421,41.479669125178226
0.24882902999666257,0.6169297024527421,1.8309116541141657,0.5693041153604627,5.7501038226878975,48.31794844882191
0.3485210224148085,0.7253500995016502,1.844133761256926,0.4087536804272552,5.747999170623632,44.92394930096074
0.45288081027901034,0.6819646195457134,2.050414526076752,0.24307686163013864,5.965057359544893,42.12921780244551
-0.13178537016654457,0.5188924089171207,1.9506297889563422,0.4429234387612735,5.5092084884679275,46.478444964056045
0.1737726401979659,0.5803621472585482,2.0962771035492076,0.23159414066195894,5.6972689658753195,41.411229862530455
0.11432750384844914,0.609881837578867,2.0322155188947337,0.24530813197065793,5.584539167951165,41.865279380831495
0.6074655460336638,0.6581294854478882,2.1606003206246602,0.30923259687380783,6.227583721994032,45.507699733843104
-0.028929993118016473,0.6136863068888546,1.955023570328907,0.653707175131694,5.455711396720565,50.88206193966425
0.448945199891839,0.6499074241683394,1.9002949077133573,0.35925722555933276,5.932923342561739,44.337554672337916
0.399658485915805,0.6494783782103504,1.6364151365002342,0.29058664416528923,5.657779792500204,42.409212270804026
0.30604182022704435,0.6844808091349672,1.9221727255947074,0.26773882464901727,5.754353345813048,42.122323820807274
0.28675551577840624,0.6809169243306877,1.7517953825933203,0.22318068604788122,5.653211199461892,41.128998414234175
0.4430512400814439,0.7457375364923857,2.110686153292646,0.28888218554944417,5.903136627651798,42.743790284778854
0.26508628162526027,0.6227588758497128,1.9742745148306873,0.223145272344481,5.698150579536165,41.19616056940133
0.3430545709033749,0.5415075591278772,2.390496518594835,0.6529855130805872,6.096937616582854,51.66101699622693
0.16882247165608077,0.5504390918195688,1.9746052482682677,0.516792341795119,5.741206339553108,47.4258521448446
0.3607511739005072,0.6234578257124355,2.2397240750877785,0.34925563468065346,5.991331592705339,44.57588133506923
0.20918143708687986,0.5930278993813287,2.14079356110761,0.3401922029501267,5.8172727252538134,43.82842408731056
0.35688525027793805,0.56501384089276,1.8144262350830367,0.1656812280467921,5.755506046569089,39.91252683562972
0.36126827434504627,0.5247646728807158,2.5978747734904712,0.39223261981616997,6.191529636400938,47.08785686134923
0.03375148344763501,0.5809578597397332,1.8372848268447548,0.166983885049125,5.412445100348034,41.017699811908486
0.10432759415454335,0.5592632250442852,1.8064481645021964,0.5942563000571083,5.599607945239061,49.105728172215755
-0.29817564790706164,0.4679858691049309,2.217128847151996,0.6208035375553612,5.449324538970259,50.62994741391667
0.10855253451313324,0.6123450725217645,1.7065100038316001,0.3266536342889688,5.467247703712558,43.92414087447185
-0.15754199565628357,0.5389296061500521,1.9420208922958586,0.6869799258400707,5.343585251150202,52.49221984131859
0.5570715121810316,0.5699967531310708,1.8528547496814693,0.36842280588651144,6.010887056168327,44.89789116683702
0.07722901094272272,0.5704908235260174,1.9790181102900901,0.16431019508574418,5.532923296191366,40.34214214472169
0.44166410361674635,0.6855973957696984,1.8548426046814113,0.3716642384973268,5.830772928738807,44.18233947653017
0.31259642283832245,0.7063812423849576,1.855400295816516,0.24064734541786953,5.670395056073003,41.41634402050333
0.32288903811309316,0.5050454459526823,2.153166424129398,0.5077774181114667,5.98671343804746,47.844341768606554
0.05981238545987144,0.5369833140559903,1.9864174188942032,0.19716834620545853,5.605606661180487,40.87860876543135
0.31820991122213965,0.68451411998422,1.8637173347142018,0.3666408758276434,5.728297367637248,44.0711573734037
0.14632644368167758,0.5232526530177375,1.7895938336061845,0.18664867865831772,5.574031992040902,40.69817221167336
0.3303071475620531,0.4791001932669094,1.963636773102698,0.24229409262885443,5.898018557437037,41.93040801017435
0.2831111293872552,0.5736880365808068,2.0510975158749236,0.19286811159810002,5.835810824498562,40.69676836400817
0.19736388484502276,0.6154837982995572,1.6611293253181507,0.17567720372748782,5.549628079584844,40.42807204948703
0.07357690450912213,0.6040674491080952,1.819481530721904,0.2462674261770877,5.5212267587317845,42.135586319351674
0.7443724374482207,0.7258128848215961,1.8085572424693641,0.23283666784918136,6.090967977566394,42.38328849659057
0.43363904569723133,0.6172555599375573,1.8971704609834643,0.4831065887179293,5.82459332936204,46.73684370889601
0.41569326958572145,0.7934809458658798,2.0759793817491157,0.44907112308818975,5.81399147057606,45.83989684950173
0.5161548965427794,0.7848587091232248,2.0394941285976076,0.3919869445367232,5.9460104437307635,45.04958735355958
0.4039593709574634,0.700426529841371,1.894213176430237,0.24903720221596976,5.805976334520706,41.693649736224664
0.006499066759084182,0.6235650526235509,1.8149462480050769,0.18144826018630292,5.392967272251626,41.430318551830254
0.5065748323221732,0.752551175546701,1.9320575133616282,0.1640021072945846,5.946037683580683,40.291300502305944
0.3065695774312002,0.5518771156914621,2.1159854017631767,0.41344692797141713,6.040751945200937,46.232712124299624
0.6107622806299642,0.6868649851781335,1.7732580816799357,0.2325019053160589,6.028003770072906,42.10462845015039
0.42790167546733987,0.5029522711830493,1.8791295795740814,0.31676133157939446,6.017584966768334,44.015098852734475
0.09517433292514788,0.49547133837449076,1.863473530548668,0.5272599966443645,5.688743265031783,47.67284636072956
-0.012035877034563325,0.46622500685230306,1.7034573416505632,0.31884923773044116,5.496209077084043,43.762642248164404
-0.001450402676328011,0.4086901494901637,2.23545830911776,0.5659970452942551,5.857932672726415,48.743651275927704
0.5497004654881879,0.538476220447292,2.2867518782864513,0.3629122187329688,6.238119124095261,46.680558434405555
0.5840892228982065,0.6193228643255646,2.3283291131306254,0.2024430136841962,6.230770034569755,43.24587944088038
0.215728491774145,0.49253233166929017,2.1833779047108903,0.3151200123875523,5.861610436782156,43.41790995058299
-0.007398011473732868,0.46026506490444496,2.066671087343906,0.27167491262944926,5.645488882220671,42.41364593842986
0.4485618123057989,0.5900784862826252,2.0089826097803956,0.33032495253404526,6.007167149914389,44.27897397737901
0.7682714830749235,0.6181623857683535,2.0367833020595922,0.30694692640700433,6.30253987404771,46.12692047298062
0.2839231383493912,0.5269472897714087,1.8721396415382787,0.4191140677041341,5.778951733484615,45.40116799075953
0.26607610086390376,0.5916294762801949,2.1528365342857128,0.2694279411063484,5.915570896728116,42.64741457997008
0.1055522708883001,0.5426991639157409,2.143684590334414,0.332957905268066,5.707839736452983,43.48316402112214
0.43424936936709313,0.6177765974176467,1.936271808366346,0.2620948595501875,5.881133084383675,42.088900894402485
0.1228830099309649,0.6269339861182088,2.468605378011336,0.5823925419599917,5.825076493108382,48.95410883434941
0.29813171836948127,0.6158991273547927,1.7517480341022744,0.19180949399672845,5.7098293875377415,40.49503724854123
0.13894025724362274,0.5466827683902565,1.6724746983763126,0.349625178595189,5.558813405840235,44.0191088232884
-0.19304800346258488,0.4236239971856282,2.177104601531361,0.47404216577188224,5.558697178576836,47.09564871277776
-0.03564662626224813,0.43865884928982013,1.869505381338129,0.4825914118694782,5.632796256083298,46.833788266925616
0.15851540991903978,0.6118872059140449,2.1170402127111965,0.4793847015894655,5.666980968593549,46.513946541376505
0.4649269299128495,0.5634470651642338,1.882309338081821,0.1834808666654568,5.981275354119707,40.95480192641915
0.28636900545337196,0.5022705799938465,1.8926452910863973,0.40148771007896833,5.91343410946413,45.29946858826173
0.28636900545337196,0.5022705799938465,1.8926452910863973,0.40148771007896833,5.91343410946413,45.29946858826173
0.23110440092245055,0.5145514194453016,2.300529516242378,0.4021242269414589,5.944800694873033,45.51348859049625
0.0953290300126034,0.6481189476766415,2.3451973669061963,0.36937142125647265,5.752314074530287,44.38474364081949
-0.028668256077182153,0.6080121133770536,2.141148889051429,0.2699913443382459,5.535167229393914,42.65344231088089
-0.10921088141220903,0.4896748135956661,2.027746129091415,0.4385005867054568,5.609452574267444,46.16616983473494
0.06112858808789279,0.5202844123810588,2.126757854168448,0.5151363918282966,5.673526213514628,47.488708610979096
0.7250441485726662,0.7210950057003838,2.042139284094616,0.26755741776892994,6.2478374460429755,44.669482987551774
0.7759479790767416,0.7425386656091484,2.251523127961579,0.16547461490964555,6.329608489908955,43.40556875092874
0.13182606793500262,0.5785702855085191,1.6626527626233882,0.211222380451283,5.541159064563475,41.31370606844634
0.26792833219595114,0.574386633037603,2.205130548216537,0.518959939562395,5.950825279563573,48.03039223152348
-0.17290064390984927,0.5029103178445958,1.719924810910853,0.3453629765513516,5.38699384339293,45.06643978084038
0.24650374469778413,0.570717829509326,2.240144835135814,0.5583155332561063,5.969648392863369,48.95639636899171
0.5263004527365203,0.6532560518300672,1.8748865492457063,0.6351361252367609,5.932597318949743,49.90353360403189
0.3355731781249575,0.5740960454709172,1.7354888644953024,0.6865208241633672,5.720183042787218,50.6357106713334
0.21639027632600888,0.5504471591792015,1.765544144046249,0.12275692157801485,5.649555924881738,39.13376818257964
-0.0645583796718524,0.47468498866678926,1.9711952388271572,0.44510970563008667,5.653380199996169,46.08036834779649
0.09519940851307329,0.4933703637848544,2.052436092872189,0.4981162770053867,5.771086400342051,47.09550875428334
0.3655214481421962,0.7208051316886438,2.0527207232561966,0.23760360941614458,5.774863315565218,41.44039078579048
0.3655214481421962,0.7208051316886438,2.0527207232561966,0.23760360941614458,5.774863315565218,41.44039078579048
0.18819311676742656,0.4887275689927056,2.0947817324989524,0.24334140070316349,5.8699242998418955,42.01444182459545
-0.10573506896179119,0.5592509170913518,2.360438116221777,0.3958712077419548,5.691053489476008,45.05115053624613
0.5148223857496064,0.5057658534712077,2.355718002402704,0.5585025502960338,6.372276888450347,52.617923719512866
0.4475124209538932,0.7685184808485657,1.7975883946893139,0.3589978678353135,5.7388986082619615,43.76779669540154
0.3856753992246864,0.7748786094799964,1.7318860267032534,0.13182724257616493,5.704287571430378,39.10068803633807
0.26427317144925566,0.5531647888238725,1.7373869796347081,0.307524887304465,5.652269386504679,43.02439591245165
0.4184567789750687,0.7471403461257139,1.421589767297601,0.2889702738673412,5.558868251284741,42.522800603180606
0.4271439253233942,0.5586288782945661,2.0325886940692475,0.4122766198961826,6.038018081339477,46.00393252627908
0.44832040344482305,0.5880991008701169,2.1820146747571427,0.3212697849904255,6.023560424970364,43.97236553798435
0.1646785634293778,0.5324422220060281,2.2428790286178932,0.24680262673516087,5.8645935779165494,41.92622538147079
0.19434705868974284,0.5109204043431791,1.8565706408093277,0.32268166663004466,5.660301131940667,43.23705315391215
0.011833253844361402,0.4818663221632336,1.7960285309091037,0.4350935984801531,5.600600390037513,46.039791842388254
-0.08446567568223562,0.5294014136437472,1.7893065138383033,0.37726348020981276,5.4193763210383015,45.434489903230904
0.0031866547441459225,0.5052715158973965,2.5645212342704684,0.37540223562904096,5.898083176157293,44.933524749232355
0.26535120816090163,0.7159455036222921,1.7466439138607877,0.15346897118198752,5.569285002775119,39.86448353512416
0.21524239549069696,0.6348975976640663,1.6440963343527226,0.4487410769050787,5.5301419301477175,46.14981577948025
0.3727520036562287,0.5533060616490373,1.7166184927757264,0.19569178935694198,5.769376750256783,40.56070556337782
-0.014096620917180225,0.5329835151945547,2.732856252554289,0.6102505133550022,6.051944768197259,50.66567778865728
0.17931073334901104,0.5825970341667266,2.245983479078993,0.3318054514902502,5.896084547296885,43.797695218551524
0.17098188947724324,0.6171207232832331,2.5485163664862207,0.5331040944745437,5.959069103762655,48.33038005889523
0.5524421462926895,0.7349512440773739,1.7250123039245948,0.29995350981063107,5.886644734567636,42.781642846880516
-0.03870411957982833,0.49127733984622196,1.7489946474143552,0.263221840450197,5.409903818011188,43.12555462665483
0.3246375957293934,0.6116055809778581,1.8782278167462252,0.4120314404134279,5.774032497628632,44.9955131639555
0.5964549294222178,0.6550878191335601,1.6659888306911568,0.32829420650617314,5.928399186819962,43.473562674262155
0.2184660757279216,0.6044311267965048,2.02928646413246,0.50961133952429,5.735154350596568,47.079448807866726
0.3191336542126356,0.6094522893508122,2.0604948476623366,0.22999884503163934,5.829072752590585,41.38322088243958
0.22495987396830458,0.5691733618223669,1.965618347436723,0.15033735781077065,5.711183108166429,39.70111546623784
0.19726840703130044,0.5685855660255021,2.2173361492959724,0.18084093026360412,5.784215563992667,40.375144109492126
0.12430530862510225,0.6008978575778928,1.934191082613226,0.11766405148537822,5.52467795827592,39.38148364274075
0.248186870017312,0.566208692381795,1.9024017911661795,0.15088035662027208,5.6866159910271366,39.65525529449022
0.248186870017312,0.566208692381795,1.9024017911661795,0.15088035662027208,5.6866159910271366,39.65525529449022
0.25711542276732335,0.5512535607871407,2.4253416282682014,0.31865873960822677,6.0239191511260195,44.23584124099223
0.06208707696559246,0.5144323767874678,2.2112878785738923,0.42809370412662756,5.795874470998394,45.78049601492062
0.2350481335762783,0.5734604228656908,1.9755961936052815,0.3274364010810338,5.817029468328723,43.43490683067754
0.19020470982719406,0.6598984810228797,1.7248750513323885,0.22695000939748322,5.476706790570336,41.8027537332296
0.26997451116808496,0.578834077835399,1.9961421915045396,0.20793476784161855,5.7732585519207325,40.887343208802676
0.2558157304194709,0.6209491207389701,2.012034786829305,0.3549860781585355,5.786155021070211,43.983076197681065
0.0784514657112152,0.599058450886064,1.9743961046348941,0.35735632152201935,5.565767876380271,44.315765891479884
-0.17058481708241757,0.5152994729966945,1.8451509857758213,0.29400187624317187,5.2766135516727894,44.809471769777375
0.4233200913192669,0.6231549528898956,1.8412835667392748,0.23272956587306684,5.861496930785118,41.45345571029226
0.2261560168502702,0.6199412992282214,1.9717758525864526,0.3358984781810566,5.678872064928736,43.59319185684616
0.053593986790857584,0.5036480179105547,1.7684810645975606,0.3188713973723475,5.548286662152977,43.60647398303144
0.36214261478494586,0.6126113737347111,1.6186485028430537,0.1742811757854426,5.632727915612368,40.05829307751497
0.06577818059209795,0.5690742976452802,1.761327126419973,0.19488490272722256,5.423448793106744,41.50323018405785
0.36387592933762,0.5128808103770625,1.8113771323682175,0.33889774592658123,5.8158201054007295,43.64984260757811
0.36387592933762,0.5128808103770625,1.8113771323682175,0.33889774592658123,5.8158201054007295,43.64984260757811
0.08143924126375868,0.5888252690610271,1.9203972646202478,0.11099987242452691,5.538446926356258,39.22635882976957
0.5215987276704116,0.6636105826891721,1.7117247001868998,0.2631954695165585,5.893746538259408,42.12123638115742
0.2820170638851036,0.5861724457876639,1.831339143413195,0.35043548830395954,5.679418544208829,43.76796858821424
0.5766734916954912,0.7258813829086205,1.5769278569177547,0.19961698101037625,5.8240179574249655,40.497644100683516
0.2571265911203574,0.6520876294021879,1.7336556248659853,0.18707968699336078,5.554898307646375,40.65241411656514
0.2571265911203574,0.6520876294021879,1.7336556248659853,0.18707968699336078,5.554898307646375,40.65241411656514
-0.039749295976613475,0.5123631276574616,2.2046340427841282,0.43635652004917863,5.654754763229066,45.85144091464052
0.49892419406609584,0.588673203702098,2.255580928186912,0.20671077059532858,6.147368646577533,42.58997162844638
-0.07116718414867218,0.5081469827090628,2.0158213207019338,0.40737360912941484,5.523742788632364,45.61052951645667
0.32194018447808537,0.4674945512776746,1.6871897512866483,0.5642869072390756,5.965816940305576,48.910466196502554
0.10552096683547285,0.5710258576976217,1.8871305016048898,0.47317537362407813,5.629789376649958,46.55919882072988
0.3746391610133078,0.6086446663947017,1.7036664160816506,0.5065637605417214,5.786884175412169,46.9395496487354
0.3952160896104976,0.5916523447529024,1.591683600102511,0.17833607356626824,5.730105245188591,40.10330577995166
0.23927986179664845,0.5533513511835819,1.6503208467266268,0.6698164611909542,5.610189842824675,50.49964852828133
0.4560951980065086,0.5402710577354037,1.9821192340512468,0.5956022310646386,5.968522882504487,49.36601937877423
0.5179303559193672,0.7244723398670827,1.8866575853424945,0.3524566089170468,5.845734798808307,43.85824045920062
0.10936941376195353,0.5791124781751137,1.925791770014842,0.22185760258017057,5.603182154960875,41.35555823976235
0.22674622597411526,0.5502685437972755,1.916405131716465,0.3413420366045327,5.693833840875104,43.75779768686956
0.039304606367827066,0.5867576462447346,1.944328140716089,0.3580995595510673,5.666785123515286,44.105376567391865
0.283861010307417,0.5550202255834588,2.1848676881115576,0.2100826965195526,5.9576788436102035,41.523961998716906
0.3772391792168356,0.6605546341582984,2.054955644470347,0.19429547641089223,5.872196019285253,40.77101486663217
0.3772391792168356,0.6605546341582984,2.054955644470347,0.19429547641089223,5.872196019285253,40.77101486663217
-0.1680868321716652,0.5358314587672286,2.355282272595289,0.3931016704407855,5.6257149745487425,45.106275439481124
0.3448046454550542,0.516423388690678,1.8234332190472995,0.34207565946483387,5.860291881269851,43.7873978167369
0.357552671111442,0.5889343266970907,1.7714609442693288,0.2944113142232935,5.728349598847613,42.53669825187129
0.3570515717460525,0.5275466504421327,2.1398452321474286,0.3221990249115269,6.085540763799897,44.614142403831764
-0.03710916551257293,0.5646375084866675,1.8849274588685407,0.40339804064483553,5.368976251671398,46.27452269933452
0.32814190876982263,0.6944665498083267,2.066033644694078,0.4673988683693692,5.757897240383668,46.2105419959189
0.2733545921395662,0.7092675603104108,2.0467169620264567,0.12704061049753854,5.687170949894752,39.13230823671655
0.28205104734601905,0.6121167126291179,1.8698231446264448,0.24497414735243914,5.763923375367129,41.65097349950362
-0.13580761890938736,0.5573302547258903,1.6370685595437242,0.4877262549270559,5.261571465451938,48.9832477834003
-0.008682101341508153,0.44391987870629834,2.117138135460161,0.4456859568621314,5.818107312713798,46.266625713131525
-0.04200968116547876,0.5326072145419726,1.9499472814489152,0.24687017476860215,5.522998568490335,42.222308187913306
0.164227839485531,0.5492872390093346,2.008352507712616,0.37370367777735547,5.905378609543122,44.798095161149554
0.09320586594634928,0.4856475972588201,2.0473225059512674,0.3849240347632531,5.840618481682979,44.92589980271594
0.0994229075862505,0.5911448332391277,2.0787429729026137,0.2583106121343476,5.6899760947938125,42.06919186224673
-0.06704173152428461,0.5365820139859334,2.0972883239415983,0.31048538369615186,5.564821846913985,43.48214766803796
-0.02333951707579085,0.4414190045666386,2.245703554703187,0.41775875157886083,5.778412472774281,45.45893508157895
0.14691572928805374,0.5678126418410836,2.0683812712021576,0.39456800509698625,5.671473945788933,44.83478701517965
0.2484398517083043,0.5487318007722755,1.615567057780192,0.45960523791018065,5.631722772988319,46.07756142145896
0.378922818396826,0.6766411720393958,1.8108776779855666,0.12059122421585088,5.708148580086703,38.893628120517256
0.48315257584550264,0.7280167978895008,1.6518008894604979,0.2840920021069522,5.725592497861174,42.17863824757172
0.3501268341126665,0.5676662512785907,2.154019872537763,0.23413014275647706,5.994580237169275,42.219956157280215
0.5482008139886825,0.6518552342805903,1.9871182516352208,0.20727938191612824,6.015748311687556,41.48711750893871
0.05223670809130254,0.6272474602254847,1.6255847741987857,0.3555551892978877,5.393786877750955,44.9832145591657
0.25087561805377845,0.5834267270519147,1.8608203559089906,0.3904023914698978,5.709337197654217,44.64640095642008
0.21881730414428435,0.563710112368167,1.7483321458538588,0.45825791570949104,5.676151269862429,45.980585198147345
0.6374340707513926,0.7728585750156843,2.027307155619074,0.3940247987140309,6.048193965117624,45.50971492547455
0.7059641484786661,0.6960315599711802,2.055369177232297,0.32754666823206774,6.205944542786022,45.499275887614644
0.22883190978209733,0.5987322781152358,2.1466162517460483,0.37799727775910374,5.803601654221963,44.64080428017088
0.3171580918812832,0.6729462500709213,2.1070711161373943,0.5471013699113099,5.901660754471608,48.408277857365505
0.07481601475884525,0.5494195473445694,1.9818106004438558,0.5614972620719303,5.685250784924916,48.432084630090934
0.18537808530474298,0.5303807437706406,2.0573036785709964,0.3665775432664668,5.894927359627258,44.632127631488885
0.2828743488709678,0.5250657058044932,1.9443314977872306,0.27930514001538526,5.829770256544044,42.54510627433516
0.45786583966199323,0.6359782056144402,1.8410258226958924,0.3485002533746664,5.8582833587498016,43.747801228378194
0.29967937959696006,0.5804303146831228,1.9554459927312209,0.32901457659373834,5.768431591543978,43.33537040997319
0.17319778392154161,0.5525339559435751,2.2336580182135224,0.36816316855321624,5.903664054357478,44.715147643388256
-0.2014136086896119,0.524419690914788,1.6103655028765282,0.20156277717149254,5.205007331918184,43.502399461758515
0.03340015501674665,0.6347537137199998,2.037394027439065,0.3847836714822663,5.524168611362982,45.08509813250351
0.044355621152141755,0.5747679299940442,1.886905489942574,0.22597182924057233,5.547741890603229,41.631864079220065
0.4794511701643053,0.7661110135415684,2.1231167947158998,0.2215404201065481,5.952169808681507,41.60043738897514
0.056490242276820424,0.5357436376077747,2.312158559888127,0.36928619444643745,5.782968854345587,44.508742223868204
0.2331695443796149,0.5600468651280067,2.2932535707546426,0.25087259826265224,6.008120487353789,42.70861150659715
0.3791891375306475,0.6151525722796901,2.1686928348160293,0.3544094335437837,5.979176917315585,44.561329050658564
0.006673127090641051,0.4867980334513286,2.0350611830307734,0.17966487142934784,5.568913561397279,40.639652390563555
-0.38567357417178494,0.4864232500105078,1.7772900855292795,0.5117113572456783,5.133014675312093,50.92933320280264
-0.02464389124846733,0.5511184674716387,1.9570781095702565,0.5449523483846811,5.536198698368991,48.487409881821605
0.11162594071595128,0.6040706478213179,1.7474815998320383,0.3541271669910112,5.477236714728608,44.579829350733895
0.21646325738759292,0.5858989635146659,1.9483490386780034,0.4116133199265579,5.724252960405671,45.2128947609167
-0.0034829579465566196,0.5261081850406439,2.3357513064496445,0.3915356444895324,5.735532368242814,44.99369473089684
0.34310141615542394,0.5410112736620151,2.0137928876091884,0.21485699587812693,5.966129586922012,41.650148660350915
0.21443777682053727,0.5638768377540161,1.876125222301987,0.1626030251745809,5.683610321275389,39.97858215213246
0.0661453847455471,0.4162851108145526,2.0567691544418407,0.3271145848371471,5.764485058492417,43.633868279572575
0.20251203701102988,0.5183302471217005,1.8422467707431458,0.2783705670389055,5.708224670924965,42.32827594642312
0.1413819531195249,0.6699143705675984,1.651127817532752,0.13603739508430682,5.435128890702535,40.13605756649317
0.5727691272271063,0.6224132751040368,1.7972857677467164,0.26865799016951525,5.965816830199034,42.59989834108353
0.34547844941076933,0.5673637727438192,1.8116830153741776,0.51310632264333,5.884251148307296,47.5353949489216
0.7115077185643811,0.6708482479799047,2.0971998484400074,0.638449969596376,6.193049700894463,51.853031112364064
0.35705597831420655,0.6108121285800511,1.8067517206849097,0.20815351276318403,5.749291338141596,40.82695590447688
0.4062446734033114,0.6810901562663743,1.5777167663811484,0.37511522163760064,5.632145122952283,44.19986814704203
0.522690406542143,0.6642907414907102,1.9187077450546668,0.31426232338245613,5.963960741848934,43.49646271715964
0.5283847866659371,0.7143516490599016,1.6173425009785254,0.26744817015898736,5.801746131126627,41.91002487432579
0.23893551584303707,0.5400887744257337,2.3939389139496514,0.3853227527136158,6.012202614916214,45.58750417671186
0.12434385246718715,0.538789862450503,2.1683376246215675,0.24686364048055842,5.718831434699209,41.83211500527219
0.27038712325912495,0.5129549309923701,1.9972983311751966,0.25263872843806306,5.898572395493502,42.13286114309652
0.1597045926783368,0.48523884778549475,2.0588558663387877,0.46505829914588287,5.785740145868262,46.30151675562229
0.30314084206541403,0.576002957997887,1.9078561214047565,0.27788968577715495,5.82143665060544,42.399535680999705
0.30314084206541403,0.576002957997887,1.9078561214047565,0.27788968577715495,5.82143665060544,42.399535680999705
0.3932752873498632,0.6571610527205519,1.953269715663105,0.20340401655864707,5.826097775679158,40.823591555797826
0.3730246910105244,0.621147576166557,1.8480277574427386,0.180492703420351,5.764733871058233,40.219906056439136
0.281101413338351,0.4562788844546166,1.7461416734830542,0.30997804206441254,5.854184161479161,43.19570238323749
-0.0018128157287421454,0.495788003809207,1.8765945623201776,0.24408862111835686,5.53044394216496,42.1215518074576
0.02148571946706923,0.669533080572805,2.0803580892229405,0.2701704379492962,5.54822594295436,42.574807428303274
0.22614894438789446,0.5288870441159409,2.0743968263905956,0.30506075055575166,5.861075804157297,43.12423783859304
-0.02152195458096018,0.5160005002843597,2.15175804819169,0.3364416036720404,5.585038018920763,43.945242435342266
0.034419845218914835,0.5233863625425332,1.917654346094132,0.5399311387150125,5.574579933678792,48.07526557578348
0.2681839600161905,0.5265788564208856,2.187069049275565,0.33867959597182673,5.881502657449081,43.87506270069068
0.09017054927024881,0.5356004702481227,1.957189847933516,0.30643859139585994,5.591400664969947,43.1759734023071
-0.03155351661431338,0.529315173907682,2.2018393631473,0.3014867292554026,5.632448028805505,43.01758802146321
0.21316531033229436,0.5688393910742037,1.8986979928857084,0.14977398315332613,5.66275831733189,39.66711440307697
0.36234583980886137,0.6628562844423077,1.9181559995240403,0.15061433364390212,5.761804007637307,39.58613283631634
0.38509795157052723,0.57042286243584,1.8819100143943253,0.2635211707266673,5.903524637128188,42.25881008727475
0.38509795157052723,0.57042286243584,1.8819100143943253,0.2635211707266673,5.903524637128188,42.25881008727475
0.47641463709329324,0.7181010884849682,1.595170972954795,0.17879032325984218,5.704890463171694,40.007133485350444
0.5578069912668357,0.7081954297414486,1.8859746063436367,0.4902831391256062,5.925816799802189,46.915603934453536
0.32979413578117445,0.6806922556945766,2.0286494404592554,0.23530920809691375,5.759728646823401,41.3161445189871
0.26026649285836223,0.610776654384195,1.7185619575111428,0.20539271358932337,5.64811694002268,40.812149808466906
0.1768090126424755,0.5634710024873962,2.100510240514202,0.5732696470515725,5.896643856423845,48.74029883603856
0.7001961282992972,0.6808596686777169,2.1139687894614285,0.30515847503822674,6.1724699795977855,44.62179111455946
0.06177154318228706,0.5657495421670973,1.9537593622016762,0.15586883137523685,5.544381693956646,40.162164654697605
0.314148133001759,0.5745906277907323,1.7555366543069755,0.42654490790709776,5.749071612274337,45.361501696626284
0.4666585482400604,0.6422056331748649,2.0761233993037678,0.33466421947722413,5.9988230126854685,44.210802199978566
0.3560375984547704,0.7020919810882524,2.0046132347996184,0.2632184689521299,5.806720643874628,42.12971784405365
0.46076305886803776,0.6203477395586672,1.8249546334046656,0.341190391516828,5.838905541349286,43.60270440155641
0.525293643236447,0.6955819145188141,1.6050666689467301,0.27524087980383655,5.801958121944877,42.07319709018931
0.3182066138458452,0.7058406764081367,1.752234420762718,0.20585348871173628,5.737768373233482,40.776828263058285
0.3182066138458452,0.7058406764081367,1.752234420762718,0.20585348871173628,5.737768373233482,40.776828263058285
0.15269614157030476,0.4531338238083768,2.017021775575567,0.5914952972994756,5.876996558275698,49.12385138343334
0.3650207748992392,0.5987271325236548,2.0233747083705764,0.30199855518346347,5.8784649218028715,43.018149208891344
0.23326146410922666,0.6381782326774564,2.4472756535773135,0.43600270142640163,5.919858792252331,46.09996698270546
0.2556289095493557,0.506295887463029,1.8181868239952568,0.33822932790382976,5.833924465392861,43.70889520110106
0.0285327041356096,0.46284436082266395,1.928180376171416,0.4549906218075258,5.671960518070985,46.21307540969028
0.12775520852029365,0.5351607919849166,1.9538319847714392,0.28219844318830206,5.727144761390629,42.49209080433216
0.2789554659896547,0.5818498375963214,1.6864180728943268,0.2170825514862313,5.6321011009026005,40.987801007549855
0.3412061840088954,0.6254003827019367,1.9387755580160868,0.3416189141037209,5.7473387995462595,43.50818329797254
-0.045265640655301365,0.5007175502493432,1.8439818645226589,0.32937601795834925,5.403365535440473,44.530577597605514
-0.019265070084605984,0.536021144190739,1.795758949223596,0.4320177923761417,5.455847728085619,46.399552371827056
0.03939842311422159,0.4974341423680982,2.1552402995674327,0.2985494035821698,5.713120192297665,42.918864411922144
0.2507181297919469,0.5844032858948844,2.009105061090696,0.27183301191856374,5.747798125951082,42.27482009480256
0.6215905531495775,0.6125472753336154,2.25908957448963,0.2854390817045857,6.2005612359900395,44.674900347947585
0.17802422459462997,0.5395168513513547,2.0168032924053914,0.518635737230442,5.75546029858816,47.524002521616744
0.029250435467574998,0.5770847851197369,1.897730966408208,0.20974674529311402,5.539757945389864,41.32966526307379
0.5634718400183094,0.5829994005595212,2.176253864464625,0.6974020283270158,6.240644415537716,53.70438589954274
0.24505724905920323,0.5128424115496796,1.9436725589582926,0.2846508487363895,5.910140952236952,42.88081025391019
0.40842548850951127,0.6058337531688479,1.8345890838629666,0.3002805746900443,5.963939901072994,43.259406889961035
0.23915583578747196,0.5524603290766709,1.881823275514659,0.5269370173832026,5.728632263876449,47.419809976293685
0.20492790808934014,0.5555667950985921,1.8272697956605384,0.2754291153067459,5.61499433714866,42.365093947304494
0.4179151941342327,0.5306529161724876,1.8172788325818656,0.3275941367844123,5.853901525829481,43.43395581516288
0.09627406807387656,0.5120281210273201,1.8043209012748052,0.2425928726913492,5.558213357194055,41.95627727346888
0.16554820342071042,0.5506558791673135,1.8491836151438885,0.13296532906473527,5.607573525166143,39.46450747208523
0.24527943019743326,0.5426885776232684,2.2792103961860595,0.2337860760966457,5.9010946020636155,41.78740658752132
0.20663187030092667,0.6001537741277774,2.3455237920324707,0.3220671888148838,5.838992852260822,43.38744817126087
0.18877446443134693,0.5230207703535638,2.316587114503295,0.4201883624949112,5.886782502997583,45.584716099764314
0.1371140458773505,0.6585224810906818,1.8298401317570891,0.14139893228135034,5.470858864175097,40.06214577257504
0.5513194446438612,0.6240395352977732,1.8930332143605968,0.3795778326197192,6.064853910794584,45.386818912824104
-0.19021413746953308,0.5057840622568113,2.0491443403110305,0.40900618368091346,5.350817829474282,46.69659543870613
0.09171797231009304,0.5109832588819525,2.2594989164144357,0.4831475902870308,5.805400660065276,46.8453651296796
0.4274508769673571,0.6217211046484018,1.9931067349002518,0.3702385489258213,5.912707873986797,44.519386199774424
0.24577970007129984,0.6404647244307052,1.9739442515287926,0.6010682281015318,5.664259955392218,49.10185120083842
0.42555787743827883,0.6698766782171393,1.8349984986157761,0.2398246012359139,5.802693983353779,41.44987835495517
0.4055971907750978,0.5502188464478195,2.1180079204364595,0.3426593549424178,6.124054415482077,45.288283904715115
0.35034293969350055,0.6810729253167908,1.8023365333756953,0.16352384088554162,5.760224995633118,39.864357649719565
0.1111150968472307,0.6321795504305496,1.8111124833938337,0.22806620496596058,5.525784041930478,41.658088410417676
0.4907086369569565,0.7005944869090595,1.781787627200292,0.23431143314008915,5.795648503851701,41.264458491674496
0.3113692255376945,0.6254831942959489,2.432534594682153,0.6324116217524619,5.991447489540863,50.39162535397833
0.2573079211390572,0.6384752049300025,1.7827388564995212,0.227485976702583,5.596691261101433,41.30688885974104
-0.015570847003803734,0.5377856009458672,1.6878471842962564,0.22213101671764776,5.396830668989437,42.22975605318638
0.22130192130660153,0.5801463908027902,2.1004289731924315,0.2822675105562572,5.792245864839696,42.56179905904585
0.31009331192805234,0.5773387208832823,2.121758323399811,0.2553476137311015,5.856674516910635,41.998979566793416
0.04642464481555941,0.6235899472007148,2.146461544592193,0.2566319725317878,5.662226207536966,42.100517886117835
0.325767549326141,0.7165360661045225,2.2225564142108123,0.30422643458911103,5.86407520872373,43.104848399206055
0.07638160247865988,0.5921944406716037,2.0591764393083904,0.5064981973181029,5.623408271585559,47.26350307685595
0.2541583804316402,0.5590237493766208,2.0445823787161714,0.4191319264234353,5.897480830615077,45.62644361875196
0.20214346476361272,0.5067794345214787,1.9073809448885366,0.2853347707868995,5.726757394852551,42.52996324702277
-0.18313573008509254,0.5265680600719843,1.929922425337069,0.32445970337569663,5.357962095079721,44.797231331160646
-0.10982522876012779,0.4818879315391334,2.1104536107011533,0.28265262721014167,5.533736781358605,42.9318887907401
0.22273619045804305,0.6314131745413815,1.879336688189639,0.2761603423204919,5.612780629778044,42.43106596597037
0.5275157492164759,0.6033162879809278,1.8554643284914591,0.3471106601836801,5.990489276929495,44.32674682469859
0.6068878085564574,0.7069436578641919,1.9488225599753188,0.22736273317052963,5.9820056385668305,41.72274763356804
0.31621673739251277,0.6706611455720405,2.278241892580289,0.2541041524667509,5.9512717604544365,42.40577504154366
0.20059815310194706,0.6889661317779425,2.183271654115993,0.30892578252598907,5.731671470984109,43.03855944993866
0.30531601079996684,0.6551107985943272,1.9606822780614732,0.21360463466636218,5.726140155900508,40.883354888402245
0.20710422401794504,0.5815638250197562,2.080252666079813,0.26262429017267086,5.768150240328488,42.093895681066
0.12001206409186249,0.5966293708664715,2.140054242902369,0.2873907489364227,5.6919600244120545,42.65189648448114
0.6499655238394786,0.8027633889700962,1.5782772768563331,0.1844823014852291,5.842410840300565,40.14121363564232
0.1497944690200821,0.5446705556265454,2.2880647788973834,0.35653141637929286,5.821586897320258,44.182300086539
0.1497944690200821,0.5446705556265454,2.2880647788973834,0.35653141637929286,5.821586897320258,44.182300086539
-0.09145234326896967,0.35259103163141226,2.1808214603344966,0.6749026605607715,5.876865401695671,51.191579239660484
-0.059778204575523075,0.5201665628435077,2.13913880815029,0.3870885880910706,5.530330264137427,45.14313300443602
0.10491059829132166,0.5251426559262524,1.9072984060655989,0.41610400056465624,5.583047433725546,45.518802654717
0.03083644961749543,0.5541583363150542,1.8244127235315903,0.23459089353133286,5.416418241696062,42.40131886369977
0.23166576575080433,0.5547910924454534,2.249942321309171,0.33849365787475977,5.919072739914649,44.13947548429512
-0.3120223782355037,0.4850790303597434,1.90099913963417,0.4671456221882062,5.343408721694693,48.001620729741774
0.02633815158482966,0.5368109464494524,1.8817973909631545,0.2712367743930642,5.626515987870958,42.42575776753804
0.023294928329213316,0.5098381001498115,1.8935329986522378,0.42586555455191905,5.644616698121548,45.69826946800019
0.3615752159373684,0.6227728394648429,2.165745222760844,0.32497591981659846,5.870833800084126,43.43147759848823
-0.342725311870823,0.49416330895067206,2.487608509957686,0.6676939346541501,5.518056368520961,51.20724969874634
0.05284755398485197,0.5529444622401316,2.1817065003567446,0.3483945795987047,5.638451644223682,44.052967142846164
0.48998743586856897,0.673472911838628,2.1598781647171954,0.19658595659440523,6.03547436868916,41.53188809270862
-0.04420004532536259,0.5137994300557308,1.8436129713599512,0.25057762241656983,5.4264027343674295,42.73316347694352
0.2528092313153484,0.610518690883391,1.6110325586740175,0.24908282276679924,5.572115007636425,41.851148685208955
0.06931504606781996,0.6011683582480438,1.6604975941574316,0.14610483319775638,5.383525635951694,40.71893048618123
0.353945403052773,0.7576489363602108,2.137571806431557,0.2552403682900001,5.775780355353271,41.73447422975517
0.05894605646635287,0.5565805722127958,1.8396307742298894,0.266240131667565,5.502781921629738,42.62745956917949
0.1400468467750594,0.5699286295735282,1.642153598468952,0.3057022808708731,5.4473247377884,43.60798610515716
0.4773206828796175,0.7078377270761328,2.0818059987194424,0.25676766020869174,5.931294852279459,42.214143945381785
0.3563608927870346,0.6510052145413724,1.996909433033287,0.30723610394820333,5.869874493463277,43.16405741524938
0.3563608927870346,0.6510052145413724,1.996909433033287,0.30723610394820333,5.869874493463277,43.16405741524938
0.5120277134054352,0.6524357865601601,1.8453316408176268,0.4017239979844445,6.006528107223124,45.64865527487578
-0.15219113699039177,0.5805202725030333,2.1683542850605697,0.30297598806058046,5.449428329780236,43.75333673986932
0.05452596329455439,0.5458809397246392,2.1990741480282074,0.4439855218307155,5.67479977403302,45.96572104692192
0.17686223902590748,0.6122554161595447,1.7001906024808389,0.40506269800428224,5.517000916463816,45.32693478697593
0.15797795260333902,0.6795398526736116,1.7474652314594008,0.2328385664439932,5.51858828780149,41.763536384747184
0.5088837690847954,0.7216089923440743,1.8737050520614578,0.18601235506450942,5.892954711379028,40.57538286875532
0.398494698465113,0.6346766154357385,1.9447694645564966,0.24211965425708754,5.896621695428463,41.79561794658541
0.25477961406640165,0.5469864807804942,1.9426870879727591,0.20144491307670764,5.785400808505788,40.75370757534559
0.25477961406640165,0.5469864807804942,1.9426870879727591,0.20144491307670764,5.785400808505788,40.75370757534559
0.3276740607704365,0.7050119675308177,1.8338471998935089,0.22312341039988745,5.6376780398963575,41.17371994451561
0.41535176586955774,0.649727536950207,1.839233264928895,0.3553055204387718,5.823425366251773,43.94349745942902
0.42121621942707826,0.5949500940779232,2.1537431950528543,0.4812263214323996,6.054472940668579,47.60331438537728
0.20232521253772534,0.5900887773540091,2.0003434974313072,0.546838706791931,5.693588437039711,47.81547358131563
0.7387983389436088,0.6081688731106542,2.0553807597403426,0.36263924489526733,6.363087378052433,48.04515526269354
0.10354700642195869,0.5717266557642863,2.168738966508052,0.32933229618309795,5.767810886236991,43.704396821393246
-0.0639886181251077,0.545170168981128,1.8188376531488535,0.44540093168647715,5.416596166697918,46.80466367228471
0.19080510374753434,0.5305343977782662,2.0023513786314093,0.41423426557827364,5.843842730512293,45.28791539516846
-0.013253043111859375,0.49060110963624665,2.079148921139687,0.4680903955719352,5.841442297766869,46.767913726227476
0.2619725458146771,0.4734746565772308,1.890473936165864,0.33329659049501337,5.907692638838364,43.88915764083712
0.09208879211531346,0.6032433165349785,1.732777008290161,0.4111762344296438,5.533312927354466,45.41541936892382
0.23931507736536228,0.5802538595573755,2.2049109318311264,0.5439841998531729,5.905659013942077,48.35368117718048
0.10204294405629855,0.5587436619978428,1.8327222674680559,0.41873819538708495,5.576309974953233,45.528436272724015
0.009663598336053458,0.5266045602710142,2.1971718270079186,0.35109395548927114,5.660291358593822,44.06923212229658
0.3312235334354397,0.6127971616196799,2.089394100575122,0.19266090040514675,5.856798982037136,40.715440510241535
0.6010039974704883,0.6617029689803521,1.7234526438442506,0.32539060175088064,6.015287551050772,43.90663166055124
0.04303426750714945,0.568292923288993,1.9473501759372993,0.6648279849204716,5.607199119315573,50.7667122263602
0.1445591543764444,0.6212208659102427,2.0488478769027907,0.330674673282915,5.646092283026953,43.55805405610717
0.5741226617697247,0.7174107203636467,2.065409053960803,0.3114626730014927,6.040330059162834,43.86622525518004
0.3297893741463739,0.6527110559150473,1.8998161927065638,0.24479742699658286,5.80257155070903,41.58456931905668
0.03504743974252422,0.49528375916984474,1.7155704182898426,0.3939923416611039,5.571597285033944,45.0189916288362
0.18293188292181783,0.5294373771686987,1.6146589502103368,0.3520361737207437,5.583061660861737,44.10315160797804
0.39722846937269546,0.6173810470413621,1.6730308327754848,0.2589676576132199,5.783527546052879,41.81781890022102
-0.0046822088998881295,0.6564234567979912,1.4738778186703279,0.2477080495236094,5.186732703745545,44.45143048787136
0.2607837213706187,0.6192793661307139,1.9960042862267113,0.43041462479314246,5.829418146456646,45.710471646058885
0.1668679890246843,0.5508595743779949,1.652794616897137,0.4111464437418369,5.551543996378806,45.418116066534544
0.47455685379985013,0.5349674608078026,1.8641535545610246,0.3556550892295218,5.966720815944875,44.44775528423812
0.295715743419915,0.6085244644812309,1.8876979020535725,0.14525762811313023,5.768029662330594,39.546062392060364
0.2524291962809903,0.6525697705235032,1.9051139726591708,0.46146736534825816,5.721603044998094,46.135639059277814
0.37254933655134564,0.6154024801714189,1.7049573240804365,0.22452351966174877,5.689312960297191,41.024720806297964
0.07071895375693071,0.5381195727345729,2.064103072114002,0.2465622024888026,5.586214600693752,41.946033890327655
0.14730739795502146,0.5335172149082416,2.052110311376232,0.23833640117733795,5.778851511169354,41.64758727536179
-0.056669484058742725,0.6204509900382641,2.2083828386695936,0.31644767614873726,5.600681676045214,43.46708203381103
-0.10023723238111037,0.516739777469406,2.2726436496472453,0.46905134291664236,5.623924146462751,46.66210615705329
0.03569017200214519,0.45655377023448374,1.9022283976650185,0.43449660655930783,5.694961636400408,45.74249972808899
0.1281803872781298,0.5715418143910862,1.7243890084962403,0.6306356633213671,5.534106943933244,49.86365749747384
0.2671882308786226,0.6041388449606176,1.7407833687713146,0.2964594899748488,5.698656393526778,42.60386968601617
0.11196212496318947,0.5208272743215941,1.963629689351313,0.5542825076670307,5.644164649160418,48.20599043434892
0.35653407753882854,0.6029211555000139,1.861955240578426,0.48961664177720204,5.8050264116081784,46.71429518962792
0.3832142156006777,0.6676370937986079,1.9698154769536447,0.31400898982593195,5.888568245985576,43.31681820662759
0.34131853099595705,0.6096831612920319,2.2883379442234215,0.2693464387566366,6.0135072291419585,43.079841479131595
0.2097548173780478,0.6341212688403401,1.6415870122842482,0.3311344494661882,5.544805662077501,43.821904497763
0.24523419801523322,0.5816953246519582,2.0824139511176454,0.3471456850689757,5.829526863512033,43.94076456323674
0.24523419801523322,0.5816953246519582,2.0824139511176454,0.3471456850689757,5.829526863512033,43.94076456323674
-0.04674974117581987,0.48677312460331934,2.322454950958955,0.36680959104122585,5.70442632701854,44.451316364183334
0.1566248576232495,0.5275492029330975,2.1369922104648538,0.35336342114312824,5.807427073943414,44.057130427774155
0.2529234706789427,0.6422459709167904,1.904470596655281,0.23203471624253194,5.625385159202005,41.42808290931423
-0.03986363928234449,0.5596761668258093,1.5932505935599326,0.5111207747583865,5.313175344163469,48.839784632866326
0.06559690303250337,0.5390692647406359,1.706045671821762,0.45586680691093007,5.533411686603412,46.405840131488645
0.08729907885707588,0.5382783976963387,2.171274878258917,0.6954762877384497,5.689812619972261,51.0986862692943
0.1790624998639998,0.6104838836368573,2.1764750005015214,0.49075968988428237,5.815033469883123,46.956247074173476
0.3602895778720112,0.6668941005181409,2.118281293308215,0.42358010988208167,5.859063132653237,45.489275558935674
0.3768166325241529,0.636258536559283,2.6685604691667484,0.3013053080048927,6.291729058898319,46.181883594629795
-0.025394046772725165,0.5838751073664634,1.9267234807741296,0.3387698139447259,5.420910415128013,44.582130067073834
0.30699503711518195,0.6606279448359832,2.1144157678954083,0.21950749663678826,5.791277008153021,41.189915416737286
0.6339161634672377,0.7122827393038945,2.253672256389498,0.4306893057888979,6.149972515872642,47.297785452475374
0.31626890597138624,0.594411255922591,1.843498313775561,0.41359583510097,5.709538487081473,45.015700665236906
0.0970825862165442,0.5259228532442273,2.0925869669941033,0.21021605983482908,5.70187036336365,41.04105391948477
0.3311297364303715,0.5411262364012842,1.9600641766746436,0.24655667602798648,5.883246037103071,41.88957579604676
0.5766154982476532,0.7172388178960428,1.6693011494120242,0.35002137901181546,5.8877500188427785,43.81329675268597
0.0030853214393889994,0.5906738530465866,1.666570131840811,0.4052149170448926,5.306670056174735,46.661472040234635
0.28848700813325945,0.5658877753076833,1.8936027239186612,0.49578562114761004,5.868748380805442,47.07880471480298
0.311979438612876,0.5212137975443812,2.229502458559054,0.4392160808561972,5.955361032369077,46.32423023930782
0.24407799253188123,0.6297852165711505,1.8528729938269186,0.4088646409071626,5.694721196125339,45.084094870093956
0.5997940042281389,0.6407463039202091,1.8210833056883342,0.2711285497413669,6.014826721365954,42.803843447041075
0.676678207219214,0.7832926773660686,1.5623696143937256,0.42866223367679,5.8994399855597015,45.35428037680953
0.4521690545158502,0.4892965805855596,1.8032569259092992,0.328218739018868,5.946396112353456,43.76033715883783
-0.0889435604033858,0.4623720855037551,1.7461816538707804,0.2659908162864387,5.381690416400333,43.40032788027885
0.128861596150894,0.5093738883866347,1.9441259103879562,0.22703992113866736,5.672579999744478,41.35390971483054
-0.08341064535407128,0.6063411316304893,1.7420455934002708,0.1887744718025174,5.263505726920603,42.6398277668277
0.1839604677331378,0.5724625375067278,2.0283339497189337,0.2015240162624946,5.684869666408641,40.73257203767375
0.2376024393350603,0.6808785518098239,1.8924986876426322,0.16265141745746908,5.608552725451188,39.99968364215763
0.2641522666214975,0.6723555349737794,2.137476628514847,0.1612967531724283,5.739058078780253,39.86429249608508
0.10993907051501117,0.5422843993306162,2.01524592944336,0.29482035785303573,5.623967455231326,42.826058712138085
0.5887118415707249,0.7087398457989381,1.7801889741915793,0.1214239283088402,5.9114609533592635,39.179030702849765
0.5887118415707249,0.7087398457989381,1.7801889741915793,0.1214239283088402,5.9114609533592635,39.179030702849765
0.4868811958637507,0.6772655023339935,1.6828420384538672,0.24865048573403073,5.788176564205861,41.542271297641314
0.392263848914415,0.5687103552405754,2.0608183465086993,0.2881213932818901,5.904114010800617,42.81244135445713
0.392263848914415,0.5687103552405754,2.0608183465086993,0.2881213932818901,5.904114010800617,42.81244135445713
0.07296074398612312,0.49478070602069796,1.7661905774068059,0.26729561474673685,5.53241583688609,42.585583973388694
0.601959079523466,0.664277521118891,1.8843706327397265,0.11374378897996011,5.980087784300782,39.30569323611573
0.03051281313987686,0.5692504328485793,2.0256363681100593,0.3682740058147306,5.510755168228825,44.76647091804274
0.20529633719751939,0.5658271650307206,2.2664067303961146,0.3586834302127862,5.89458208765056,44.425022280918064
0.1364339535915492,0.5872176926206,2.3717837116626215,0.337720872244093,5.88731108744208,43.97250669486435
0.04560949734378428,0.4108323860789095,2.3232826088404384,0.5664390156447934,5.914721582726973,48.91677929771804
0.33863433585566977,0.637426994923731,1.9250057704234718,0.2588654569206884,5.706321508751532,41.784605593490724
0.306105017785604,0.526656659802888,1.8375395416171854,0.31785866035992677,5.747317230526268,43.09471763594139
0.3144781646725063,0.5625763477845501,1.9015973155310708,0.32823271143507676,5.878924390230546,43.55350216860204
0.18572919102109664,0.669355463457497,1.8761485956371675,0.32866398454543305,5.553926110878897,43.63395954321739
0.1406283331496238,0.5203596976259455,1.8513316128917086,0.2842463003858711,5.6726233540731315,42.50807371966221
0.21647825200544002,0.51479407394232,1.9792438668795946,0.28734419092854063,5.708115063581617,42.579400361602374
0.2253656321532026,0.6011891111198316,1.7702658783780292,0.08458363766862705,5.567035437425468,38.44245556116513
0.40390114968144164,0.6288320914092544,1.9094013789530588,0.14883615955128,5.839253482692729,39.66505826016581
0.21851777218474244,0.5665316008600758,2.1320762864697684,0.25079048677365506,5.90390012770721,42.15589967192745
0.229517266451024,0.5677456386893384,2.108878925687435,0.3704573376902146,5.855820590975045,44.54477280767302
0.5943235898673445,0.6994580135410924,1.8912628127016324,0.2678652943160172,5.977629164658985,42.57797918797429
0.6886053425418747,0.6989056050294731,2.1838201843312204,0.500790298032396,6.254779781111048,49.7592919232044
0.480266482986455,0.6222636930497815,2.1664743538244053,0.3577981886721534,6.005394726882627,44.6620540182784
0.7362485196098992,0.6636507387993963,2.30050416613513,0.24683786892392084,6.378078149095581,45.79650211014975
0.47087913770167383,0.6551315430418,1.9857641434242799,0.2593683099770647,5.890945236742561,42.1401406447565
0.19313034894210013,0.5345488385072278,2.272211208164608,0.3389877739926772,5.837749259802262,43.85303067204736
0.016791768109899574,0.437676559518823,1.647502415394224,0.4552459281615512,5.623969646511207,46.28795885297233
0.039657071531259636,0.512686639543713,1.9318951427891988,0.4002411809897397,5.572385069345089,45.176154640434284
0.24791448176063058,0.5342705870056015,1.6054561861002097,0.3815636309124448,5.606022080303143,44.47770122332737
0.4988919256049792,0.570372968160197,1.8087873908698497,0.17606089913903972,6.008570782828594,40.90904856268346
0.04797957283785087,0.5071830320851674,1.6904675493477195,0.5615131547889439,5.622433013713373,48.561328512575066
-0.1293119871908569,0.4659341461849907,1.8445688717721418,0.6031310963034491,5.505952815788577,49.76992803495617
0.11654278373998145,0.4515405444748231,1.7726318736671816,0.5617134496823565,5.726022837948628,48.35094320043853
0.192251754716583,0.5887611521711974,1.7405489689037634,0.33173608673437294,5.644085942886118,43.46205608127729
-0.006092979719694691,0.5660322624726719,1.9562209488541855,0.23682725216509054,5.4457094713940775,42.27332265386432
0.2755426997287568,0.5665218814004002,2.1534514219202996,0.35924790568313847,5.824789769254881,44.167550056581085
0.2755426997287568,0.5665218814004002,2.1534514219202996,0.35924790568313847,5.824789769254881,44.167550056581085
-0.07886678291838711,0.5601851751853857,2.1068769299573846,0.332344916336463,5.513677494233865,44.0705967075683
0.05878150466525833,0.5375829447154228,1.777587486094534,0.3110667475498918,5.486981868299717,43.585872084203956
0.27889428860441273,0.5039841725356704,1.9673840435210033,0.42412407153080584,5.883323958953707,45.604262017215405
0.30666041309465314,0.5851869858022338,1.677359127086397,0.24636003027251888,5.735677752397468,41.590917176018685
-0.4634205722951419,0.44938315175067356,2.0433165825142523,0.4882792601281858,5.2495570696259435,49.26726470236518
0.2284104031231552,0.6469623847555005,1.8676572955261483,0.21786557845539195,5.639711302068214,41.090686855132006
0.13589557596358526,0.5094097901056871,1.7361210615837517,0.4019769345147536,5.579859404511857,45.19188743478092
0.42057125944645607,0.5401854153009734,2.0950821990535085,0.30523884832036574,6.071197849081103,44.188575218776855
-0.03380428625406928,0.5449757876761295,1.992020372553102,0.4157661551480867,5.565533466410827,45.661786783842096
0.5864685336146473,0.6816421520853745,1.8291239257113117,0.26166963130204,5.921182374587836,42.08642785335126
0.29492070208954446,0.5935514998681785,1.524930410844454,0.298654569686626,5.6233658354410485,42.737083328638
-0.04363374439423451,0.5792446467420469,2.2837407245601327,0.42530867611734907,5.578319119439449,45.753964014243984
0.10783816999367779,0.5969653202663736,1.9736160725411531,0.22137590011747224,5.561238988316357,41.40804344469478
0.1617933918968663,0.5826595828843673,1.8567686349299275,0.40562404651128364,5.632445761404036,45.24102982551963
0.24712828322566505,0.5912984498409632,1.9990246563870782,0.3753972386827891,5.881166585954335,44.84587739484547
0.29552248164975425,0.5773949952143085,1.9209690127524173,0.31834409073698294,5.774620174900521,43.14459723162373
0.16882984293133896,0.45605203856415594,1.753560559261172,0.23290731620186317,5.7452851685747675,41.47172516179293
0.23042449566068135,0.5046032987283994,1.6728801055754778,0.35075663212141334,5.646810871241835,43.81250757332692
0.2672077458091503,0.6177866450412434,1.861751858940815,0.15658451784202124,5.65541474066085,39.75625160861165
0.3275771543031101,0.5357787896852804,1.8992374734276751,0.239485754792544,5.801122585303011,41.60648820546604
0.22339208399051635,0.5639189257187489,1.9221820647182626,0.20773407741365635,5.676470620816062,40.832165088838636
-0.00734184536260607,0.5862285118556605,1.917994906520977,0.2172704124939673,5.404717739971482,42.08924878851533
0.2573116436418018,0.5518376283944307,1.9097187433003668,0.2448369741712716,5.734619957257456,41.59732223925611
0.2573116436418018,0.5518376283944307,1.9097187433003668,0.2448369741712716,5.734619957257456,41.59732223925611
0.31388448179965667,0.5259107317787587,1.9497771312296774,0.19271318719124864,5.821615428166764,40.62601004063375
0.015014193178337965,0.5633627488543035,1.7771357716399983,0.11744952381619908,5.393274931404195,40.06766102010232
0.3872131554112785,0.6379089080405148,2.037727747496787,0.3105966395112238,5.913835221853146,43.28829102354985
-0.08430822431847562,0.6099477334344463,2.0510525550984764,0.2434244891234687,5.423004084966134,42.64182271941049
0.2780023451557003,0.5669212689254776,2.500760995806627,0.4747197822158969,6.1116339917561655,48.03221539865541
0.3271966287537473,0.6479755411109834,1.6502350172421214,0.3251964443480836,5.664034268735769,43.22985612654584
0.3845962764672127,0.6704274126280755,1.7669448041801141,0.3047530370709898,5.7771287066465815,42.753452652371074
0.4010053359312449,0.6341450769371815,2.1356513107008888,0.4181814906306522,6.00573663856571,46.09902959373801
0.36561276888693484,0.6703818520882416,1.8456952703521754,0.3016140625911825,5.906091021741901,43.11056681650181
0.3804136836476462,0.6356380875381846,1.94465409209983,0.18255936367710257,5.888581850780099,40.60713395727622
0.3263679816058491,0.49436702607310434,2.0377820800113557,0.3863448096789713,5.934593183576415,45.10807569861535
-0.059522137010836196,0.4733102835835571,1.7210030535195004,0.36495932263625186,5.34919305939884,45.599849834844065
0.12356264895000518,0.5039378879134295,1.7466834905568804,0.2540344385330931,5.638002625481863,41.97261912710555
0.4037335286715598,0.5981827762292973,1.7391571073071135,0.11773972360310021,5.7719200335691605,38.87408651597863
0.2856398525274153,0.5159656180133264,2.1981121326109028,0.2879690374225025,5.951983844116766,43.12399525819509
0.48847834518778255,0.6353668475781545,1.700732507984665,0.20673065868949364,5.854149991557976,40.83088388538999
0.3531987053963064,0.55033497444242,2.1211008830750764,0.1986087952022093,5.962223794892803,41.23119066273368
0.4064786550748805,0.5385948709573998,1.9080425409812725,0.4566137240879251,5.955052919093967,46.490998991770276
0.35243406801834043,0.6389503010462064,1.8772351690568623,0.1256539284540367,5.834712354663219,39.2184278090466
-0.04314751488745372,0.4885143206003757,1.8870479204966164,0.43143793643403194,5.560217011220326,45.99947383440421
0.17596505714025834,0.6080573898499547,2.1886795427625794,0.3034315728918558,5.73543580924562,42.94603639310275
0.38590306085059173,0.6135882101408789,1.834397211978214,0.2519248813298615,5.792332649782774,41.766689947138055
0.44119817539615813,0.6915128934539644,1.7607610802965108,0.24414324752831282,5.836316737427401,41.634323770386274
0.30597112159633194,0.6516051269602012,1.8140280269561657,0.31632878804980435,5.7371925899506415,43.02509945864145
0.10083465725944518,0.5065370661901678,2.2942044861773154,0.358264812615374,5.842331933160246,44.2962817751464
0.4808607365028798,0.7639402193655607,2.0101644001436467,0.3397188606208548,5.860593001552303,43.59100128520911
0.6457845327781133,0.6341964383124131,2.224078648552,0.4521444605789395,6.27473028351864,48.902876014038064
0.1766306242360176,0.5569527853378089,1.9897449138845764,0.3505759425437155,5.731149029570917,43.970542010428076
-0.002802616181911799,0.5989139309351499,2.1047394827993315,0.25868279071993294,5.553636471796234,42.40274027436585
0.08631183494189698,0.510984149329933,1.792079251436222,0.27232812009070384,5.58645357376242,42.417552906107495
0.30812077855537234,0.5322189756328347,1.8703953910566586,0.39517383124201955,5.904353481657229,45.14639239087324
0.4408509473354496,0.6591852043615141,1.9726715452457553,0.31565513549217616,5.94538862344577,43.493988375337594
0.49381218975800795,0.6413574980809296,1.9409130365573217,0.2923155316197389,5.994947134810736,43.185164507447986
0.200281106177855,0.6583087224761879,1.92395914992063,0.1440842821364654,5.560341163549001,39.72912611152314
0.13351839484547268,0.569259585698204,2.1443614758020413,0.27934553242623034,5.728399938750458,42.533205946166824
-0.048044816607702545,0.45179710851954646,2.117591520858439,0.41673987467680057,5.6074959682692675,45.57902879161377
0.24746419179931833,0.4702606346101437,2.2002939627594067,0.47049384874078515,5.988160061075617,47.04016405011132
0.3276496087123566,0.6129799614496165,2.0226679782854515,0.38336465436448025,5.805642610115043,44.57159415059617
0.2166737999016013,0.5889548226916552,2.0756796536694506,0.3202613179194064,5.786683230903339,43.323521208156414
0.16013427056032842,0.6773855310531658,1.5479049707755694,0.27816790483512366,5.398985275963858,43.32448402703629
0.5334975904216102,0.7029160184614848,1.995961820764615,0.25320255416309545,5.96742343048557,42.254702742678184
0.29114518030611747,0.576450328408574,2.4197241935812173,0.42096318797698307,6.044636708935948,46.43580059076405
0.24511301520259554,0.5580069334340405,1.9163594642481412,0.347807979060293,5.783873071878562,43.854457659518616
0.060163197543894764,0.6324087412607313,1.542272746446818,0.4871618091009875,5.336776294399422,48.13018500806964
0.22361355832292218,0.5351882494932864,1.7183897086658741,0.3542395970406808,5.687778616086957,43.88482657455947
0.44715928158571616,0.5048531670272192,1.9526444429080432,0.3216235448521778,6.126005611847338,44.85268673127812
0.44715928158571616,0.5048531670272192,1.9526444429080432,0.3216235448521778,6.126005611847338,44.85268673127812
-0.26558783470126235,0.44818825219471303,1.945529310612963,0.5307597990594032,5.300985517614856,49.597433322782784
0.30440955853410306,0.6868346226738059,1.875824544328459,0.2713196854537492,5.683458659016314,42.06088381737554
-0.06497063048485463,0.4972941893784873,1.7840735399106369,0.6147271270468609,5.584923817890968,49.61714205086464
-0.030346501563596417,0.6044239136878147,2.4242079652946833,0.5416253694524166,5.711774474228471,47.98887624923385
-0.05154551184578382,0.6872614088430256,1.7530865622418155,0.1981512100960425,5.237648888314551,43.00531264079541
0.3103436547544539,0.5757938957772122,1.800782159282695,0.14370010635400304,5.69348465058075,39.45379365622826
0.21550297485464842,0.4974455740439836,1.703845383395746,0.4535734993184718,5.723677496320828,46.060583500684295
0.36473051696082237,0.5948438147447602,1.8674949173090414,0.14254244052353868,5.780988816142114,39.43906063724545
0.06813685123177415,0.5284653374061602,1.7983082022281494,0.4520536202028463,5.549059336052238,46.30432261588111
0.4217315945858602,0.6354939794565666,1.7337519944516728,0.3940284929114291,5.8200797878735155,44.76561985091577
0.3206234871597406,0.6023038808665929,1.7885510676196792,0.38167930281146956,5.746205619820688,44.55107195073304
0.14137382057776898,0.622650339948234,1.8076159768780262,0.3110132476803623,5.566133981702045,43.23604728199448
0.09607144894890185,0.6162234833854281,1.8448803474217497,0.2213317735981454,5.487547709297409,41.705265947262816
0.31413712375840114,0.5512039639733509,1.9425787810164017,0.19688412726714136,5.88919436209783,40.97782051108614
0.626918730296488,0.6970534159506422,2.2796773199368365,0.5028827385777318,6.204287856021191,49.17440898063914
-0.00847138040915174,0.6154438506729658,2.038240343354004,0.4437274795318026,5.640998445156804,46.04286192584068
0.20402812498885714,0.5714980486155266,1.7762433346331994,0.5823766828393221,5.673211618802375,48.70242961058025
0.34678302334691474,0.7522459524035737,1.8696172129718653,0.3337478310134945,5.712015430901292,43.3720287580615
0.34678302334691474,0.7522459524035737,1.8696172129718653,0.3337478310134945,5.712015430901292,43.3720287580615
0.2165605334503295,0.5677161538314033,1.7890906103394448,0.400626229711149,5.691092158796155,44.935625875871686
0.38589411847014643,0.6099975466068632,2.1877936293823543,0.4479241028917563,6.034773220285539,46.86527960035235
0.019247358886795185,0.6014148940759155,2.043324376489211,0.19822597683888787,5.499859326603521,41.27339733618979
0.2919372105350823,0.6133352657223426,1.8722938990008469,0.32932138009664863,5.773976222686402,43.348643264433235
0.4058559872107039,0.608425632228347,2.2572682963875,0.24683849880045014,6.011015851162254,42.48139516377312
0.39758594140362596,0.6511638470142711,2.1089716199697652,0.36468027992308294,5.922641437995515,44.55737058266089
0.26770629071029545,0.5917752623863181,1.8910488488759176,0.3722988490668602,5.755225052242611,44.33600790648301
0.11934462109615596,0.4638153775204008,1.719056316989216,0.39414836224908856,5.647939921715661,44.92302269742927
0.0018980357220026445,0.39706702732254934,1.747012172578919,0.5959763932484975,5.577216154562235,49.27512934364367
0.10212349642684526,0.5306386240102878,2.33361322500851,0.4223038364076235,5.795902728296683,45.54485565667186
0.1472684412614348,0.5608468021679199,2.4739646918252873,0.543775112677726,5.933451764714723,48.6014315591119
0.35965433231705346,0.4925308544571125,2.079485458801161,0.6685035551099481,6.044848902937395,51.70238233618099
0.32002749479571463,0.6112346895863874,1.8379535501569606,0.4850737286908002,5.677090448992976,46.430152091423174
0.22159925121268353,0.5908281573402359,1.823344390679786,0.503824924236358,5.610882931404802,46.976404568050945
0.4705002655479668,0.6961379457130952,2.1434202480684923,0.33193391678868406,5.966688370225791,43.94562441784244
0.4596564119776543,0.7269077216143697,2.354344844221516,0.43285048764049083,6.052473523867379,46.68142927829453
0.22033470308488828,0.5660221527722543,2.0372449593328694,0.6662001341748157,5.8238353116868975,50.75724645514922
0.022142500997291203,0.552959316845057,2.0057277034800984,0.18933622191511595,5.551353880124266,40.91217229315321
0.3830892416591327,0.5727638003207906,2.1344943153414793,0.3085976155550535,5.986090575983772,43.63104418504068
-0.1875267129842909,0.4552317070784408,2.383326215354407,0.5162756321227505,5.636399923306326,47.74284980663943
0.04319275920317883,0.5193971158233944,1.58564967345144,0.2856140864254423,5.422999727645677,43.39734838304868
0.33411535141231025,0.5980361961065477,1.8932853146993478,0.30320234585392436,5.787858270700033,42.94282705140292
0.37057499971210617,0.5655710394766437,2.061766878809224,0.511150801918479,5.933686719017111,47.68434974203862
0.39749944391775904,0.5760252504557619,2.0269682003359906,0.3130577947810338,6.026317076430708,44.00366113879632
0.20599766847973938,0.5995933254052973,1.8778161796066826,0.38288469384856816,5.628018214135633,44.57331999948955
0.07136418513110176,0.5552342415832946,2.048738302480042,0.43613207816666727,5.674859615062909,45.682052044847794
0.1285121937094661,0.6286283763580165,1.895645987613641,0.15013496051392042,5.595531385150199,39.893919025873394
0.2271540766775449,0.6265530179115791,1.6703800001922242,0.15766509291819966,5.5645752112101174,39.98862564614822
0.15256522312094323,0.5770233599481022,2.160800203456971,0.32718055385453365,5.755693816774955,43.40286439292102
0.15256522312094323,0.5770233599481022,2.160800203456971,0.32718055385453365,5.755693816774955,43.40286439292102
0.19895682213475485,0.5435056878773877,2.403611836278178,0.4641636079714208,5.916944444855886,46.695488127171316
0.14562171852238415,0.6365677239002796,1.9962722248728377,0.2538079524093946,5.602288714685037,41.96062814044518
0.35613114480671265,0.659949299715427,1.9035139369915954,0.2515798033526226,5.795787698685051,41.74906806550154
0.5620868040426914,0.6899922631169033,1.988463957164328,0.34444762524252115,6.034142331661178,44.49867613162705
0.5519861045788756,0.5593076497020326,2.1113461892899177,0.43710990435022634,6.147115198400686,47.28619233253176
0.18168380155462466,0.45669928971952467,1.7772473570933418,0.4839729751481495,5.780769233565941,46.78726789292383
-0.030374372550275308,0.47267588749575185,1.8412385236895494,0.41848565862536835,5.5993645661564875,45.6673064506592
0.6511121592283671,0.6721165282958408,1.8060066025425605,0.16603750523530383,6.016824108601773,40.542639764896826
0.37658129353923003,0.6730629990174306,1.7794213117943585,0.2922779984362381,5.748433009684304,42.576354834341345
0.212480612340201,0.5435274056277221,1.7954706315463473,0.3423231369495969,5.6707770421331976,43.756431883738244
0.1100037499560429,0.6048471966876537,2.005164563948472,0.2324326752699489,5.6517961323303645,41.52757843686291
0.20396912036362386,0.6046659277790598,2.0160423912832317,0.47784410421321255,5.753664459924352,46.4800390970032
-0.0783949293641823,0.5942159669721679,1.6428139362579448,0.4191003173725501,5.331373621469364,46.917428480696294
0.521840074311694,0.7085718498631051,1.6493364736151512,0.17059340752390897,5.853525415686167,40.00523716943893
0.43209675615606236,0.6544438491976761,1.9385883784240114,0.2407390025209466,5.8252860429773925,41.544966697709
0.16754331953343893,0.5112851274908856,1.8097512534238693,0.6620756211136064,5.629329384289826,50.32297832578191
0.2533940750009599,0.5731790293743659,1.9111334719186683,0.2707331985097688,5.676389795794557,42.09476472188732
0.26066601343867946,0.4871686711765235,1.6366962473165076,0.4768717755606892,5.740875518329221,46.455659730551325
0.1528472623820485,0.5443100448682283,1.8619225399640054,0.4625244472973793,5.622457183453057,46.19018094247881
0.4867824071759629,0.5979654387387503,2.5411813997009642,0.5315300755143608,6.348266670045859,51.63096461249831
0.14068038819466933,0.5646082169406671,1.9487578101296021,0.22531970953733313,5.640076716787849,41.31301772279557
0.4125434035973006,0.7088831873002407,2.5877624691146064,0.32336013790156776,6.170739762776237,45.30423924499591
0.14618536507580693,0.6046692088765104,2.2054784572798365,0.3751701421302104,5.698512961020304,44.471547409642916
0.40270671943979286,0.602368794623107,2.013224958088416,0.30033643087074524,5.873972467877888,42.95830161354634
0.44843054329288423,0.5766585247343167,1.6982686477554145,0.21372453214575396,5.814554636688329,40.932265482319096
0.4922299095762577,0.59220960906365,1.871263664269717,0.17285098648586486,5.902526660063646,40.33497254224007
0.10619414484397427,0.5608945272763208,1.8786375364002565,0.3384085730244213,5.603554495929453,43.82505566070315
0.3555703820147406,0.6287084828742974,1.8532006512431005,0.19527122997016277,5.7877109849752175,40.5625356457507
0.3476551297952399,0.6413184794622865,1.8083967487434318,0.2671655474794642,5.810969194965488,42.09941347689904
0.3584695585126823,0.7041916277709986,1.6029826490064278,0.616532603814498,5.606725957745105,49.37315715464865
0.38259116098303986,0.5345471557241963,2.0423357052109976,0.47842864446897876,6.0161593229092905,47.416797921219256
0.23770374879397488,0.6136554935319335,1.8265761287247906,0.3597733750224571,5.662270819628864,44.0997706960158
0.2719325607284778,0.66061343570848,1.7598071770454229,0.42949257926721307,5.618424231986398,45.594429304652756
0.2751303748461904,0.5561399137593759,2.2504224262344668,0.22719930332150737,5.871035655417364,41.51118515934233
0.7386504787824352,0.7866920274894662,2.0812920396467676,0.27665516374297894,6.148366321862485,43.854291934730554
-0.0339500743467922,0.625951771987222,1.7640891551987616,0.10334814229770826,5.314678835471074,40.383931107449214
0.22713734934052676,0.5910758857246593,1.654407830570311,0.2301343612328057,5.57864690383073,41.401538766654916
0.030092674924195317,0.5407084543455286,2.141472784592838,0.35758399987466616,5.719614004247095,44.21873185903367
-0.07308805229826265,0.5330126352780872,1.941622992509821,0.45612747119280883,5.502135101113362,46.67780527836669
-0.27935864270037636,0.42162111095851307,1.9155071655083868,0.49458275551188613,5.36430764325964,48.464784674500194
0.24738572955592142,0.5486550297810591,2.1025486877756174,0.343304586234969,5.860335548316717,43.969413719982285
0.46050757227938544,0.6348022220591212,1.8038061167535577,0.3049459065094856,5.887603489097187,43.030649325080326
0.21454202969722824,0.6002906824666235,1.9100686093319452,0.41269638807256814,5.676911019488484,45.11531305832139
0.3803993637446614,0.5901610232535259,2.033632613733547,0.2945015742834502,5.88674195325148,42.82947016742474
0.3235342569762603,0.6029466155127721,2.054457251557052,0.13552859178795304,5.880701201135231,39.6106625741065
0.40511223390589113,0.5774140616970171,1.893307987880686,0.28988325324502207,5.840927769248801,42.60866341671479
0.2640044247188889,0.5175366706874812,2.098220208117487,0.3101923359805071,5.8487005987790255,43.13647162881998
0.12304453596320897,0.5747937384111366,2.183394482317189,0.3906769737062912,5.7458762422788165,44.779131223238956
0.12715592960357136,0.5941963579063814,1.9192718383470437,0.2197653274579972,5.629420277048286,41.229778575835994
0.13591782061764823,0.5128001359194693,1.7183403644666018,0.2852462942786149,5.635724116117723,42.65410689208123
0.13591782061764823,0.5128001359194693,1.7183403644666018,0.2852462942786149,5.635724116117723,42.65410689208123
0.21420951160641,0.5863307027442995,1.9367329305613927,0.1912467832683349,5.719010676471144,40.53612903269917
0.3701006361532748,0.5921129148095219,2.337852760347559,0.3175227286867951,6.115561070448164,44.75193317469636
-0.021607818970505788,0.5753199036761224,2.3797788999303364,0.38084810669490043,5.744595572893761,44.68064466053606
0.35373589833702423,0.7252818029297138,1.8722893535810574,0.21159519450248346,5.696357638790879,40.84591319750256
0.29923459679445824,0.608144900454779,1.9137885148042,0.19138870770296768,5.747818887494345,40.46849800662732
0.21055746138005038,0.6355965788900977,1.8912857650659087,0.3305846967333255,5.646235025434325,43.47183384523134
0.3154108261762926,0.6470404903748547,2.06491206914302,0.15600728202863068,5.7551039165872,39.72203920872982
-0.008580934284915909,0.5443923638039523,2.013075999494998,0.9452393631076376,5.5794307682348885,56.47981639024238
-0.13488837355881333,0.5895610983816019,1.955066541126656,0.3235823435220408,5.373718326838923,44.57703870394851
0.31573718454346816,0.5949274394117756,2.0238114013565656,0.6188812853797667,5.917944295220845,50.00468370817704
0.24358801976443833,0.6104492969151171,2.216129686063922,0.27301790521424324,5.78572043002345,42.205949736325245
0.5154670519327746,0.6753777626948374,1.8597687333863036,0.43166890170874556,5.872795906771887,45.507625760259884
0.33903173511981377,0.7463660833980175,1.5899004763100393,0.34917797204256307,5.622054062779312,43.78674298040085
0.469856030417677,0.6894520266995469,1.7119426850082793,0.4662878876469503,5.817337259499716,46.08157374507136
0.4062989616876572,0.4883207451395239,1.8344003356172311,0.27243527205574725,5.982517674430685,42.862080401179306
0.28483337197763436,0.6434253374140103,1.953009306752888,0.3224405952705783,5.87148158562493,43.44986268621177
0.4119102707152742,0.7668949224131344,1.9484684189744401,0.3005501354388749,5.779185526832335,42.7232013063479
0.3270196673853626,0.6993280397184294,1.8665042890589372,0.30083753831226917,5.651294306002262,42.669240105021835
0.2962142538190458,0.6117004098562865,1.5599736492375889,0.40302599731405686,5.571335353395177,45.009601754067845
0.20415073325228505,0.5655863705345938,1.8679994875944952,0.38234556326829405,5.727030054368756,44.50690152615208
0.363897225638732,0.6637756344248034,1.9940852838700833,0.34906716173196145,5.867481179762391,43.99088296544051
0.020778280901872392,0.44381201448737234,2.200976717266614,0.34927636046643634,5.808769067303621,44.10973106344575
-0.049060885059281634,0.43034226983422413,1.9551720487594708,0.26789284957353937,5.627098475920549,42.37143763204626
0.21361009963018823,0.5837276413329089,2.029097836828976,0.15378632672322587,5.744655611156187,39.797523747123265
0.053964784226494755,0.6364550416336705,1.9466602506563835,0.1206096247330887,5.466285932195003,39.730348860217546
0.2212096466577368,0.5583388090739683,2.111159401467602,0.13364655869184286,5.788843314406009,39.404451552558285
0.17510055980196043,0.5198792920721481,1.8769942569604368,0.23525656860081337,5.732686291295493,41.543232673411104
0.30728930204914784,0.5854641899338104,1.798759041139097,0.2603168816596638,5.663241416323009,41.91150845139415
0.39342215632799976,0.5791566729753699,1.8897414446735494,0.46681392438038954,5.859390322836,46.40011110524285
0.09652462975242493,0.5449980513218313,2.18048416425238,0.6763551179796159,5.791329693527652,50.664193846499224
0.13830366639438252,0.542267535148579,1.9598257052630865,0.5169962573910811,5.924197601441874,47.870548349994465
0.738766669740563,0.6364098949694873,2.3170252128325908,0.4431457940633753,6.4296589308470935,50.73198918416537
-0.08878970050766666,0.4457080504180488,2.2038773858390592,0.48997134468318065,5.604187150738619,47.16749987901506
0.32785753124530975,0.6751864959458156,1.6579352941430456,0.20384964717051707,5.606222086112123,40.741772269926365
0.5007999625880772,0.7790062257616809,1.7233423269867978,0.1551844956152493,5.743217041711647,39.51926204343372
0.34826994680902745,0.5963649476249246,1.7969224696561483,0.2828275883348109,5.735966143435977,42.37089959193648
0.5181940119254675,0.6944617254971492,1.7283732405093906,0.16125905388661033,5.8554675119448465,39.88756803320367
0.25667016474080995,0.5735723614011365,2.152142246133442,0.3355435541401009,5.856789262182034,43.72179794990731
0.564458600516558,0.5568772495668844,1.860267729772181,0.31369795967585584,6.0520939254133985,44.015179174740794
0.3974632707917739,0.472110833092031,2.1458512229178615,0.47753853532380813,6.117111423275105,48.15326658769939
0.19611613575038755,0.5446177563922444,2.1891299868399754,0.29650379095892904,5.7998587555419086,42.876594989729966
-0.04877364714104393,0.5048745106327527,2.0236141202015214,0.48941975390603343,5.595292384323901,47.05586384077361
0.2727127637645272,0.484181810701917,2.1101043989040194,0.5515945928269109,5.9824884826068265,48.78152609422394
0.12142721220858943,0.46317504530036596,2.0901199904955914,0.5654193071464688,5.94238964610775,48.98759505518038
0.015011260867048293,0.486758489033328,1.6591268392203808,0.3304836862910787,5.431490123449122,44.30333895603784
0.2836661263896656,0.541033166636703,1.6999964127065739,0.32401623806805424,5.661087795918024,43.28612043877739
0.598327594522446,0.7522311384461884,1.9198967477842157,0.15357342072373315,5.973510420496552,40.14446482196324
0.10076862144214616,0.5250441219308257,2.0580215367191537,0.3201653348218045,5.754570701772526,43.27651443567533
0.1445389656795809,0.5727266275316943,2.0819083323752747,0.3914499537255434,5.804718227252321,44.95250216867429
0.23806702788784584,0.6898251558762651,1.8409991988198704,0.28589272659708015,5.631349120771196,42.50816153372861
0.15196396613871282,0.6859056395070349,1.6822640681096088,0.13547098208123054,5.425275867780414,40.152783935076904
0.3517561675161932,0.6155881934466889,1.9797145395808964,0.30941051134191994,5.883432611091077,43.224209379317244
0.3392326056556,0.716563775754001,1.880123715055412,0.42172969118382186,5.692185239044115,45.21254872677587
0.5040070060539877,0.5884373413374404,2.050352002380429,0.3134556273126252,6.073421747538707,44.188795709424824
0.08123603671396384,0.4478517758100876,1.9933968716849628,0.722138860099928,5.790835429089707,51.76119494933558
-0.22744907240613266,0.42926292936114974,1.948694762179715,0.5868727781083943,5.584438710257999,49.28689613202462
0.22750512820739532,0.49614952459114303,2.374962485531208,0.4415801241172441,5.9993490250803045,46.63164148454031
0.3952930431523216,0.6748154154292779,1.94970230955524,0.2555502033355448,5.782196735616076,41.79147110005969
0.29045362532990054,0.6647075662948806,1.8598814544809068,0.25831804895305743,5.664776196483459,41.7999794345152
0.5279616670810121,0.6916532262012721,1.691698774070644,0.3181441620286554,5.911032162440241,43.29674378255687
-0.03213159074258165,0.46601415025027104,1.8744877042895698,0.3379143179988845,5.658616912598489,43.81897996438062
0.38706258037485947,0.5670587572782012,1.9685826614772095,0.49009448140329254,5.875688460204323,46.899019371090006
0.18196323953925436,0.5936504177628786,1.8461862528834438,0.23293916748484886,5.63389102652534,41.42418013092869
0.058764511503596406,0.5643259223603971,1.9847187486974005,0.2662596826480506,5.542675397035403,42.47944899807782
0.15945677564343497,0.5521888437267153,2.261366071218103,0.21811471816299033,5.8582634454787605,41.3476030472857
-0.26292316082632705,0.41039612615250154,2.2195869681048626,0.574371833934999,5.544851542043285,49.10982578799536
0.2615068380973182,0.5378973600608907,1.9985016207757815,0.31975519292174176,5.753133236516494,43.251922423120924
0.019368846061900924,0.5770279379416016,1.956453766682087,0.2900604314774814,5.441595516143077,43.415824998320815
0.16279375872679536,0.4489762900078051,2.1541260623204224,0.48138103065948024,5.953289949178725,47.15584602383799
0.444505060801337,0.6501966347241774,2.28457348284776,0.34387995843669394,6.032673845044729,44.59949368093902
0.4576138198488188,0.6335815640770361,1.9866897231120624,0.28414153198618436,5.954325431783501,42.822161411249866
0.22342584598073284,0.7308234761643007,1.5698745343505147,0.21892677207630878,5.464617606420511,41.57150370166734
0.6379203706976203,0.7527677553758885,1.7466230718204627,0.30073486498297164,5.937660537922804,42.8951132518705
0.0914884143938578,0.5952301463407516,2.2816204266113727,0.5681041756312633,5.695962879472529,48.502188896780105
0.3420286402990482,0.5817632091960966,2.3383631718578886,0.6234315715588302,6.0650782649831205,50.796995926311425
0.6416343586011287,0.6797434219562614,1.9168636871033686,0.353211132108179,6.012876497812014,44.36964948105449
-0.011591926521609452,0.5879397954174641,2.4476717283360956,0.42100830736698547,5.734938737907473,45.52154610809509
0.4487299533466671,0.6430831269564607,1.9180732801118623,0.22537058484427203,5.892377941475785,41.41920665523358
0.20348391683176986,0.5223380944736068,1.9569157921570666,0.3186354923904822,5.709002773130967,43.20069017646576
0.17464365574446872,0.6701277285982998,2.2376720265659986,0.31413419644190177,5.763020907555994,43.19549054972784
0.4007026545551824,0.5456683532178758,2.1062866987764703,0.249836895092142,5.965219249050036,42.29492151810589
0.2596551848598584,0.5085035339168205,1.6666842529410457,0.4486755517672286,5.69600604777455,45.814846962797134
-0.3839947334762662,0.4668370497045718,2.049104054737624,0.42624317917229776,5.266444302734408,47.744316946146036
0.313205117651257,0.6560952153365746,1.6441584075827393,0.505453225374504,5.582713796238824,47.08326930267908
0.46914894785185746,0.6420828836831188,1.7605781739328459,0.38576581528775983,5.845039172561303,44.66377359113605
0.49233758129819033,0.7004495355063223,2.10428808573607,0.3166196728126851,5.940320663028743,43.44897325909049
0.31851020859234147,0.6123442803850271,1.8749336042662907,0.3635958434490122,5.7662020911763605,44.024749560117904
0.48440996992183455,0.6727892307325427,1.8618220998372879,0.26288559650550664,5.975712067719017,42.55889659096873
0.20770332675512765,0.658783447609642,1.7338432331514195,0.21116322182419817,5.514442237435529,41.259408534569395
-0.19307890396583394,0.6033822736768062,2.1569712939487657,0.5617029287905538,5.486099471615366,49.203922330240964
0.30621691089942,0.5209102551074619,2.0496991481796085,0.2613409063744101,5.92417153261248,42.47245236725889
0.4266219987586284,0.5442549345186769,1.8789516399372224,0.5521480258780374,6.016835338042172,48.74221262330897
0.10451482383891875,0.5821491623946318,1.9791420006133418,0.3987399370957845,5.647046938760574,44.989472129604124
0.3629531788468915,0.6125498919201753,1.8944858763709969,0.22896897444521505,5.856600850366716,41.46307484265225
0.46815901479051236,0.6497992001849631,1.8651753483029778,0.3084319474101956,5.8251694878294344,42.87943160422425
0.3033032749170386,0.5292722129249281,1.6351679418813545,0.3284707617369351,5.719186323965384,43.37570147169336
0.6176932122716848,0.6100512214127128,2.313590845836541,0.41640988362912956,6.271037955492374,48.11007538899085
0.32543281931457463,0.610457656146164,2.083830942536734,0.41081137985528343,5.854442841890013,45.21421812026262
0.07789882236060186,0.44867579132697244,1.9396943372117164,0.3534629465605226,5.664475105426776,44.029803787832414
0.0205804973689776,0.4130455455630123,1.9116769613040385,0.3923953305351455,5.648823944421486,44.90790422292988
0.1589495638051568,0.5912658488953636,1.920634551198036,0.4740515325424234,5.763827163620418,46.529008959102526
0.012851345610910059,0.5670115625961191,2.3340063075536954,0.39508002528639596,5.7636894291469725,44.90144770723573
0.1801835437009507,0.46006843290711474,2.265759111292735,0.7422586775160575,5.96972395654382,52.81032668908232
0.15271767833134692,0.5828388515522693,1.7813662265928518,0.5171649466378417,5.567051997980778,47.689073394196676
0.33977833526180845,0.5862671036620447,1.7234342224446593,0.30780928454207745,5.717412089322087,42.917509526200654
0.28264847927317943,0.5208028160342212,2.092562183110541,0.2657410231910278,5.921601788888366,42.553702348591884
0.05056261060803757,0.5881666567482015,1.9017096671176006,0.3394488919646853,5.569815202700946,43.95808068069809
0.1835220114440161,0.5556179590200672,1.71413225867775,0.3392486879327169,5.622081297074807,43.75883368593512
0.4172866436890956,0.6652540388232188,1.747996428676412,0.25643118585159036,5.785192895133302,41.73187325940934
0.05155570439467727,0.6233398227308532,2.049711439191562,0.23135249220036247,5.5964045218357015,41.638162071870305
0.15387731187731224,0.6533514913814457,1.8954823401637815,0.2844868688006886,5.631342551218754,42.660220320201056
0.46616097482963953,0.6140680845450904,2.0623912700294715,0.47794131129518774,5.967415188290474,46.98658308874882
0.22128431496614215,0.5398242941398446,1.939354971297322,0.42620564607942546,5.749315420233581,45.47154405372134
0.013434880749690348,0.45156476911664034,2.1060980767585535,0.36103529149162095,5.673879017060832,44.308862186935556
0.2229535177126768,0.5264521003046835,2.1722646637263683,0.33560147390733475,5.824002655364706,43.65947360936385
0.009184210612037669,0.44192701604273277,2.3316259297315183,0.420415023247013,5.85521041393553,45.85996327559368
0.36809905216323907,0.4858184903694977,1.9188271933749383,0.22513140270638157,5.9689346143833735,41.84055072987011
0.07614080962068553,0.5272624994445606,1.779145706743122,0.39018364270451467,5.552623280954078,44.938048087106615
0.16149159761992538,0.7270916262953606,2.0002642543527775,0.22310685895931626,5.54132510868875,41.481603479277645
0.04178969276280631,0.6112721623483854,2.004090101536726,0.22155093011387253,5.553953365569265,41.49063743574128
0.2196710140399445,0.5445974552068364,1.7693463508342377,0.366282343666859,5.687395041744731,44.24788362341238
0.45821559491647607,0.7092655036591242,1.6347682536452819,0.17713661383023863,5.735517912612374,39.98926108006312
0.5980860451951766,0.7408596771741208,1.8101283180650596,0.2168626041268619,5.935364578155738,41.28321417055273
0.26619581862844605,0.7676858222397464,1.5821551661497324,0.29135407485848186,5.478155921675881,43.03933230541172
0.3647120194309311,0.6624669589081622,1.9795202679946544,0.20788161555943702,5.8078840744262,40.816041175480024
0.6698076785433805,0.7385984866401929,1.669213627608898,0.42388486630682853,5.963857933498461,45.580447515323414
0.037618115504613026,0.5235145912639668,1.6456961166872848,0.28850163666220896,5.413412995896675,43.5134930555267
0.42762975937968534,0.6011553401654741,1.8716934715755558,0.24081023485598588,5.8699304295047465,41.67091147177861
0.3682890308505621,0.6198055641971661,1.898635622157053,0.36722585648573336,5.795631295123778,44.07667723246308
0.3557653438490592,0.6129661524765954,2.0730375396877543,0.33113243947610227,5.849190197136643,43.521561745441716
0.0485008101212836,0.5434348056916093,2.2702971010980995,0.7218043420761653,5.749108111616768,51.903551457266445
0.2770520635085526,0.6350282126185205,1.8183931038750674,0.1410010524377115,5.667329216069392,39.482607279049795
0.1312519518550671,0.6388856439056623,1.8837247478551267,0.22321183514203477,5.518689092316048,41.5620801743366
0.10294784465070084,0.5236603053731361,2.0419145628667996,0.35350371463457075,5.708148596967205,43.98186404589912
0.13412732871230637,0.5719169447800263,2.171781389759498,0.3990305260728962,5.710835346998036,44.88893845613987
0.06605526572117426,0.5783108819477352,2.221350795561382,0.22122734052618545,5.723770750957669,41.29805494685782
0.29799044799455454,0.6221356243544571,1.8984706358154617,0.1477917207407411,5.798212524507712,39.62503424595608
0.09630273804078587,0.5911787505665772,1.716160676630508,0.3516421088816883,5.576743509365199,44.06122974736337
0.2695432863744978,0.5529374040515174,2.102544854398995,0.3938418934561401,5.87862531689796,45.05852567182911
0.2695432863744978,0.5529374040515174,2.102544854398995,0.3938418934561401,5.87862531689796,45.05852567182911
0.1937048377195414,0.6238435512935693,1.903881663440328,0.2087863728521694,5.627441628720396,40.92261655408045
0.2674723129323481,0.6833083929844739,1.7792755082140665,0.14455634966221853,5.614779408806216,39.56969236535484
0.24954383575717576,0.6520389750315796,2.188153101912298,0.4716953217005074,5.776784540097416,46.42977289133517
0.5372139766715192,0.7211852740494714,2.0566790946221762,0.2359964166982613,6.0268597707972615,42.23594932888988
0.0997159786236983,0.5950580492626146,2.2262914998828363,0.45842415203957293,5.782530748094061,46.22934217714129
0.19847188973396557,0.5939668609358717,1.7503329835184314,0.3636436802685718,5.6523885430623215,44.161026153163185
-0.016504357571349937,0.5647887453903434,1.78042064651413,0.400158081680663,5.428499460416646,45.86899328023869
0.6152508488010562,0.5936146713507396,2.239432583191361,0.38815257509483847,6.364610163384687,48.64487250944516
-0.007149744798941038,0.5380766217649762,1.7361524935981225,0.2305564704906067,5.41215249889216,42.34806238867999
0.4231117021395494,0.5743964886306163,1.888681259077464,0.3380186195263367,5.89908984360536,43.929049353221664
0.3563860778274612,0.61538599850345,1.8233987834308638,0.23114686723034025,5.82308806030571,41.43400379062686
0.013498167508512071,0.5178254864926699,1.9360988925850484,0.3797649856834685,5.612506436784667,44.68970624008359
-0.13755809444437328,0.47726140035173525,2.1486511614152772,0.2960525333366938,5.549039054971364,43.27119688217993
0.39300387896540445,0.6133765147365836,2.1952292074169644,0.17969625249249357,5.977030955608364,40.90575897907853
0.3269865706899612,0.6073181797107023,1.970357583258313,0.3554948725774002,5.804079405507175,43.88388010452637
0.16646136356032437,0.6877516323578692,2.0860072761868897,0.3715640151213213,5.617680648736505,44.47183816999155
0.10939825131618314,0.5602918196669929,1.7655759105231315,0.24345535134927104,5.619333027536749,41.836047458573375
0.4891652658857818,0.7311923916179652,1.6140157419999688,0.2693883163519405,5.808216403771205,42.03055302368322
0.5946835172766409,0.6684134960254773,2.0622520757813625,0.23368426725407926,6.178932188755539,43.328890824194005
0.1831913051901175,0.6514258952243851,2.224347879824646,0.49607390763748394,5.720423653619069,46.92873671374403
0.3645881206820349,0.5648074135275314,1.8508369412080572,0.2631249677807105,5.900895973042564,42.25465209002705
0.22747892722590207,0.5875229005618059,1.729302147304511,0.07566341096504837,5.659749730226785,38.091399687596656
0.26533305901582216,0.5096286423876656,1.9059467182175402,0.36628763807815995,5.794474105349879,44.2884775090524
0.22878610047466924,0.6036587984366042,1.7711358629694307,0.15538252262611674,5.67657698470193,39.75794865534377
0.5941576700356188,0.6290752330219448,2.2074695698523756,0.2780883707417085,6.216644152534607,44.62562834415681
0.09154216984789232,0.5563711654794513,2.110821524778096,0.4441594456879513,5.7098894784746275,46.01422009396125
0.2480085373252523,0.5885968170405909,1.8117172956389336,0.32965727652193827,5.727494457432199,43.45097136045657
0.1244511719759322,0.5133354321204926,1.8011216091285993,0.19816894871599117,5.659091229836855,40.73295266158987
0.3633039597063546,0.5214822736859983,1.7874756225402622,0.17168600419231364,5.803775517191627,40.10839179519448
0.6184293514780281,0.5417855652636,2.0822095383287955,0.17547814406258827,6.202918139531325,42.34399201609688
0.34817127511079826,0.643240891409544,1.9622743869716817,0.255181980213833,5.7409139611666,41.75097468675308
0.2264534472079816,0.5043219813683881,2.0345484438158357,0.3466274257641992,5.794984972897569,43.83409220236389
0.23893190088879623,0.5639889281451517,2.1421453139868327,0.4141324490236168,5.888268223465349,45.47560850777657
0.40573146393198883,0.6518496913903435,2.013633337446615,0.506405443835871,5.877198511949649,47.25583643884465
0.2957178237514565,0.6937620622347214,1.8809433327428984,0.6479986415640667,5.654431520878698,49.829508144121924
0.28530400654904675,0.5128131102890678,2.221104416395618,0.34905423676952874,5.975238646648879,44.45960052394781
0.1684683914877967,0.523584988525359,1.5954845606451658,0.4862591118509439,5.57388403406753,47.03038237870778
0.12470837072703422,0.5114622792524218,2.044579480663736,0.5420526199756417,5.710412026408933,47.910654732536514
0.12470837072703422,0.5114622792524218,2.044579480663736,0.5420526199756417,5.710412026408933,47.910654732536514
0.0820657799423723,0.4215236120037285,1.7098156564436997,0.558096120745039,5.610952995436151,48.34071627377515
0.2721949110138185,0.42190139922354414,1.9747032327576333,0.40426395657261854,5.964322160315637,45.66759250771735
0.29863794460934684,0.5292674543535291,2.1244720083132407,0.3808140054098093,5.884707402733758,44.821615866326766
-0.026858377046386495,0.4622492345117702,2.286587131673358,0.40952368359571334,5.739655322353624,45.351679054217456
-0.04412403796740816,0.5788414490127395,1.9350127176465106,0.22886214549701117,5.404894943376127,42.38747646084231
-0.2587566881575931,0.49697888965854414,1.9505295242809348,0.604311899165166,5.332201322197527,50.95672491919503
0.5980647235081036,0.5643952661702728,2.2801925108611485,0.38150967334359964,6.296956160512252,47.686696425074075
-0.011987174091713348,0.473473263544388,2.0244969685227634,0.36244484559278584,5.590057264322133,44.44359985456274
0.03827469009526652,0.5146367449076127,1.7940606039435452,0.36336277684624974,5.5046737549971585,44.65640764631498
0.20949079216412686,0.49062483603934237,1.8990402568712812,0.5959252043877471,5.870368350770868,49.15661936267765
0.41343379579199974,0.6237171556367821,1.7596209202901798,0.27724779905974467,5.74188704473654,42.098968208540136
0.3610822322659623,0.5863012144890617,2.295279634044769,0.29588714474482597,6.01108643941433,43.587068946556116
0.18335581308097787,0.5250829921543562,1.7891876901533108,0.3554700572369148,5.6169624028309855,44.03988527249895
0.30688396919263816,0.5166896778255123,2.1065503188195436,0.2478203508104067,5.9583687830981305,42.31696659684052
0.19863938302190254,0.545961486386413,2.25177785554976,0.2425684589507958,5.811065046176523,41.70691870678877
-0.017590890850234575,0.6748839021033881,1.9334829326632745,0.36115831154434014,5.370499952860403,45.35182072309367
0.0791152971217789,0.6062381470555129,1.5921629825313668,0.4935676300110127,5.410681434017469,47.82109534032675
0.2063770217813221,0.6472398144463523,1.6751294054882093,0.24122120839328695,5.546872955783899,41.780281430686955
0.4951673149770219,0.6796439321082524,1.8561128364050554,0.45913122025022546,5.896753143692682,46.237454736956444
0.40106006301641717,0.6688967344375258,1.7702940793430009,0.24764190702092098,5.834814384786705,41.71851753786967
0.40343173112982034,0.7361814325738486,1.6698816161894126,0.25230878178159866,5.658237432332626,41.67255727927432
0.5276533332806155,0.703811805371304,1.9512323977168928,0.2414191093145252,5.999801343979982,42.17692121963668
0.2021612040473038,0.582304529697987,1.87048534002599,0.45401797356495044,5.73261700325895,45.95141223926221
0.3874249421565363,0.6574999654605481,1.9364148365071974,0.1871697090244054,5.812299933285938,40.41278101553572
0.20621207673366992,0.4827230681294425,2.2076928341773625,0.3836584270068504,5.868073928770849,44.90701378532253
0.19275254262133074,0.5621464100461824,1.9350813947540568,0.19630714780156,5.72057420879978,40.654962723266806
0.020237887399853438,0.5785617487701425,1.7593788284826513,0.17925574537845002,5.404350979371637,41.27122417296833
0.10272566165957775,0.5410438795334722,1.8954052298262205,0.3139198733781874,5.671446019447517,43.19654423498468
0.06533146665913558,0.5355334698215001,2.0176238909201234,0.4721786196146422,5.626886055658179,46.53386675737199
0.33421003203153676,0.6166688604879393,1.751669394435485,0.32263557683671024,5.788141247789303,43.296290396590564
0.22829051951985768,0.5708259652017759,2.069971793742628,0.30667645391779946,5.813535121696486,43.08649978936484
0.5408711543621185,0.6341265842050149,1.815181622054495,0.1938262526099267,5.929144209245816,40.89743005909367
0.5408711543621185,0.6341265842050149,1.815181622054495,0.1938262526099267,5.929144209245816,40.89743005909367
0.6125809147756285,0.7544685515459933,1.8603640170697873,0.5203063459542411,5.950118309600763,47.6781555286759
0.28097661833806803,0.6638720659647616,2.013302378595445,0.3004973036127375,5.711957481305943,42.74612200254559
0.28097661833806803,0.6638720659647616,2.013302378595445,0.3004973036127375,5.711957481305943,42.74612200254559
0.28601520388449553,0.6123564747562417,1.7291354122245346,0.22830690840458864,5.680849335547675,41.28796756604857
0.37419427009633105,0.7471493388566469,1.941254343941147,0.3134937507214001,5.714097066590645,42.88626031110735
0.5642626879545773,0.6314670548467355,1.9708651415238871,0.41609093734357483,6.0502192539108535,46.23716720949586
0.44604341245129864,0.6602111144822551,1.9845606668355438,0.33285443405311965,5.848917309596748,43.46674156779314
0.1825623362551403,0.6184613213853932,1.928385040581746,0.2802699033071175,5.598738794415852,42.5397909514741
0.2023667276649117,0.7273671517459084,1.7623166263100687,0.25383036413235993,5.505379057204186,42.24064792566976
0.37766818703403937,0.7335280200225723,1.7441728976385102,0.06560958240155974,5.64707598013985,37.77161706443244
0.5409662401561377,0.6431847837066956,2.094337339142299,0.1477517153207803,6.110388680704957,40.98690409390301
0.1566124950241113,0.6274750319709567,1.8952769077944025,0.34113592869015225,5.608371902417635,43.74292161571333
0.13688663520906258,0.5469861562638655,1.8310076749963624,0.41157443547207206,5.582549872452615,45.323263046832636
0.5348627656137808,0.6799152714964103,1.7897817438735035,0.44565286047871355,5.950322602437751,46.254839222059026
0.27135329384575335,0.7136040950821445,1.8267357778951767,0.15169697322063316,5.61150516286745,39.71015598151279
-0.04391137566700609,0.48483854390324255,1.9033847585117862,0.32562469814688033,5.508952065382791,43.92108523363677
0.30278285692244467,0.60688016432091,1.8310473478567295,0.251921128661168,5.727025608925464,41.819318032289274
0.3536635708794811,0.6060938578731223,2.1713268319595755,0.14576410890665617,5.915018770266709,39.93782957378691
0.380991075441129,0.5665801535114098,1.780727392829877,0.3557683852980369,5.819514496816395,43.91668926889252
0.380991075441129,0.5665801535114098,1.780727392829877,0.3557683852980369,5.819514496816395,43.91668926889252
0.3227333053384559,0.6711208683993584,2.081320080484138,0.34500003127074735,5.798148529693675,43.70958970742337
0.4343613516081789,0.6300366503176587,1.9013733179412053,0.26459212645548524,5.9360642419402465,42.4182569400499
0.32891264074084814,0.5918570886449088,1.913882247405413,0.25072641017322167,5.823985778939064,41.83725003657038
0.1811105283125078,0.5772772399554308,1.926161272010051,0.1983922097914624,5.696841158100554,40.709922000353615
0.39520653074169354,0.5425421755968308,1.9461062972331837,0.2457033161729099,5.8836094014034135,41.803694488528805
0.5725798604007732,0.6091861265325421,1.8818848912189168,0.2437709068208814,6.020672890455458,42.33324171329836
0.32736702467555245,0.5698015090788987,2.317678042550697,0.41403588515299905,6.078988303762172,46.6391238222656
0.35667452871309335,0.676765456130861,2.3096909959136815,0.18774426127642188,5.9665177113083665,40.99346515908029
0.22173384731492074,0.6234349546490285,1.9550818815133875,0.19680253329845654,5.640935436449839,40.60942672092759
0.10218933491044291,0.5587155637564687,1.8754188599076234,0.43503901539375317,5.5826327852490545,45.81920166394126
0.43186298793259736,0.6348344110589816,1.8374965849812968,0.4661477937198153,5.921000625652783,46.55610367679941
0.02321995690617884,0.5847691717826007,1.74757462253347,0.2598892345806249,5.44852618796295,42.69109954415821
2.5849726476567803e-05,0.6029867117990997,1.9245417846731796,0.5322922818701277,5.6112411383797856,47.791163299311194
0.18498184189002365,0.623603984996009,1.952185601424598,0.37417207799921104,5.731167491176723,44.35191537588803
0.33861940200127605,0.6179009443187489,1.8986040068521832,0.4359858777254674,5.838150699669565,45.74106345152889
0.061996298840037434,0.604283881815265,1.9317744253533884,0.4321230958808297,5.589146790623375,45.87014001600896
0.4570496243231249,0.5324567231102767,2.0063380661981327,0.28603055089629115,6.025635546076482,43.38846220219459
0.27415296470651357,0.4974733382667607,2.005244861253023,0.527691265123975,5.902516651912965,48.05867959498343
0.42765091206382155,0.7123330533358779,1.7807038044513361,0.4399081291945012,5.763750429227654,45.624213332901626
0.24980981858197354,0.6916760106272042,1.6534164720256932,0.3426453031932504,5.592340369812253,43.83387361064696
0.31752491167848046,0.48641419378867584,2.1814387541660505,0.7220636715214799,6.208191573224537,54.102815757940746
0.20346165871817745,0.6226695103342109,2.166795055713073,0.35463450794543894,5.808302640849087,44.11634279685282
0.06482136968383045,0.4858267497602858,1.9147034126776878,0.3433049026392972,5.637838157427315,43.85145094632146
0.30595727395450917,0.620177210008629,2.0522482490857845,0.2763313032141571,5.834432393879195,42.37268753461371
0.20770979266601713,0.5522775274458195,1.6239786806355005,0.15677238221707462,5.574462271443904,39.99708215908122
0.09634866038405365,0.5406025618620206,1.938175743881661,0.31091452088074667,5.6283258585374405,43.168159709801756
-0.17798422005161796,0.43158782685902436,1.98809766025411,0.748350197387978,5.6975770130551595,52.40300484553007
0.313417019820457,0.5966301097981112,2.3642616583569884,0.37640859511402663,6.1693909307398895,46.64725032856416
0.09067665241715417,0.5553942865991935,2.003400230396004,0.525907939516643,5.662948534479897,47.75305138005337
0.2403768551609775,0.6557534602135542,1.956873553234113,0.2879047312510329,5.64644926443879,42.59772654740417
0.4917041428639609,0.6524106305304026,1.7764524705508407,0.4703728565364698,5.906884685283995,46.59459239957176
0.28255601057019025,0.6636796442950926,1.699713612498541,0.2775379047548185,5.590350299700822,42.36819703804622
-0.1884143799289093,0.5063103628082014,1.9669135913350706,0.5672644838087761,5.54198040675104,49.04768708850792
0.24706756870071334,0.6219450336474461,1.8603226416667331,0.2436049223040665,5.755704461690092,41.63842257039423
0.17273901340762876,0.602470295962254,1.623899646415055,0.2898621502700314,5.528172270586955,42.90709759205144
0.10195937165856639,0.47681794161513186,2.049221790386026,0.3067325804567059,5.706936177723728,43.08286627693034
0.10195937165856639,0.47681794161513186,2.049221790386026,0.3067325804567059,5.706936177723728,43.08286627693034
-0.05658919484652647,0.5003000103310163,1.691670258031355,0.30968545857280094,5.4114373771759245,44.009022720144245
-0.10285080938689772,0.4492518394176327,1.862595155306042,0.5356180997969667,5.619231086316182,48.08408096489271
0.5164922756864411,0.721187644477315,1.6839712981079322,0.34864544911912393,5.804449914079338,43.58173803347494
0.1440443547157666,0.6245661575238017,1.9046832919855785,0.2571579674970558,5.588722785117412,42.05347348371191
0.17257000136586487,0.6255975040038544,1.8347650620447151,0.2125875279669334,5.550227670837453,41.19774871634489
0.46581764160774897,0.5660869545390386,1.8344012703927954,0.1786932617480522,5.944188819739182,40.6385288766938
0.500316526829444,0.7250045995096434,1.8146791015215553,0.2436834836491827,5.834555665275216,41.52602988959889
0.2810875531069339,0.6452015420218614,2.048509156420128,0.43643129807627556,5.763250036447516,45.55507168985164
0.3967443554128161,0.6487522737428192,1.8222028628540456,0.40769315141882806,5.782132664154828,45.002408276999894
0.2520414892206574,0.6584527610891865,1.7214852686915911,0.538451446066889,5.605137903111667,47.746607491194226
0.2520414892206574,0.6584527610891865,1.7214852686915911,0.538451446066889,5.605137903111667,47.746607491194226
0.5005007537726195,0.5840536519322685,1.7542163212230482,0.2564260246380339,5.931052171257948,42.124666030587555
0.1117545852305456,0.5106962521976357,1.9522459600578692,0.4802373727404404,5.613384395038532,46.863898634271926
0.0640793413251014,0.5797341588724698,1.959834443278538,0.3812919059145159,5.566853270927921,44.87221178427268
0.12220867541194735,0.5011555319931205,2.0931321525977196,0.37985041979452483,5.790621414293854,44.622222421412424
0.6905996842386473,0.824151592388408,1.9666615661847717,0.43126525967039026,6.046248626619414,46.196570830958144
-0.11523274553171337,0.5433313482175987,1.915486751438277,0.40187244720259807,5.333470789272157,46.543558289224414
0.3610461439288977,0.4667844780367627,1.8617886538730866,0.33961255439016447,5.920411386283454,44.064689172998804
0.17020850050841485,0.5277850541565394,1.903238733951809,0.4500220849886785,5.768835777674745,46.045913391419965
0.3629099506518894,0.629817020243333,1.8778450839095067,0.35203176109172474,5.778923307287035,43.80351050880321
0.1712905329160227,0.604733132075523,2.0882712422725795,0.2863358848735126,5.728871874695198,42.53439535413603
0.367824646128769,0.638230667239642,2.0052401134388163,0.37826241484577333,5.8828636715703215,44.61192781360445
0.15076999789752,0.5408592644850494,2.0498047015228877,0.5589164341097579,5.670176388905022,48.237208175007495
-0.363113764611784,0.4249264988046998,2.060310789586728,0.5115875722855902,5.382679648001172,48.60266736520789
0.195247454936323,0.6490521282250189,1.9013665312229089,0.1932346966230754,5.593884083039618,40.702285980148815
0.2621296246011702,0.6794959895190658,2.162094282996466,0.41821296621596427,5.746023580827062,45.13466820444533
0.20532377145034542,0.6952595137567711,2.0868248304333084,0.30137794715798116,5.7030286271048745,42.872235899570164
0.12574567786050067,0.6791998880266283,1.7335557076419021,0.5193680250603987,5.4777268478382295,47.943175526779214
0.2542247150948618,0.5759829408025938,1.8976831266384182,0.5465163768923498,5.7182476270734215,47.926950579882565
-0.07257538806977204,0.5096705513814109,1.9811287353211684,0.6241884722513259,5.552866919543544,49.99238657698605
0.3572223443903132,0.6479690513620379,1.8933508426856156,0.39843129792175586,5.7886822127633994,44.794101787044845
0.08528758654500468,0.502590910728403,1.919760959644842,0.715271375550722,5.796736767083042,51.69166959455596
0.24780839864089416,0.6215210323584015,1.7881439355748787,0.3744831567258327,5.651982854751511,44.2692570545136
0.24780839864089416,0.6215210323584015,1.7881439355748787,0.3744831567258327,5.651982854751511,44.2692570545136
0.08129614457960754,0.6053290510182665,2.0506978005595276,0.42545764497256744,5.626415003634124,45.521596271367315
0.15660556726325509,0.5944736777782523,1.833169197983431,0.5216001729143536,5.588081414047437,47.53854411551421
0.6785947957798651,0.7280134412464034,1.8768785637654404,0.4043877716023632,6.110561161784056,46.27784643423734
0.044099650902034604,0.5458793608977272,2.172479459754828,0.22699345054524198,5.691675096947973,41.42471603430968
0.42724362976535707,0.6457616587982091,2.09089195398668,0.17861692373316682,5.933813347211943,40.62436909626172
0.2612905047416787,0.47677082379796276,2.214172952365311,0.7821235821682815,5.973160149495679,53.69875685875481
0.4779130992454277,0.6473712097995522,2.0261190936400273,0.29872652557515106,5.963309248398689,43.202052153839645
0.6335414642455226,0.7282063228288639,1.652019644029966,0.2096983033947073,5.895820419584761,40.850100236832446
0.33357968497127155,0.669890695857112,1.957847747983284,0.41191691909732875,5.800752829359428,45.14700996696855
0.26327344096953986,0.5397272708335257,2.1134438426083633,0.3532939731712972,5.88753595222346,44.208640042368906
0.26327344096953986,0.5397272708335257,2.1134438426083633,0.3532939731712972,5.88753595222346,44.208640042368906
0.19145740499397995,0.6676972737094286,1.681795474988764,0.17564998065780998,5.515405208717711,40.56907738404747
0.1676832034734293,0.6681758788612411,1.6086358881950296,0.23798881533596206,5.426423115259059,42.24841810606585
0.3333396092119254,0.6217622841850172,1.9249419140112771,0.46661682423541306,5.8482034259300795,46.39851053027437
0.40307444399495757,0.6588343534955827,2.21384382847448,0.22170972312788034,5.987298626634921,41.769765960597546
0.3607802069671786,0.5914459796204594,1.8078659579530152,0.24274368541826125,5.74975896029075,41.49590068689159
0.2101562356143723,0.5324909713443654,2.0158218886732406,0.2559781103245834,5.738237705641595,41.99141149506482
0.1858904593929268,0.5677965898709508,1.9393178384485104,0.35518133496244925,5.70213144614981,44.07212855519175
0.21567210294735994,0.6270485978175651,2.2966349445538166,0.43710377167070125,5.812678910177967,45.77620023552255
0.10728947971234809,0.6320323781521839,1.7031803245641208,0.2773014154961752,5.4182985357332125,43.23553445746423
0.18262837912603075,0.5460568473181513,1.730752047810053,0.19214943922634936,5.632599438207305,40.59654259607079
0.28119893108667604,0.5151766100549084,2.5026171733770926,0.308964933540745,6.156974982691083,44.95840860539695
0.09984477910626788,0.5900391098960078,2.106886769895117,0.2666925768237274,5.638406879189606,42.26899865075447
0.6272625896771313,0.6668333302712349,2.165025544692389,0.3790176378953878,6.219491571151531,46.794337055482465
0.44979329212303293,0.6464673766052161,2.19224088134693,0.5226827213354552,6.110293708101104,49.00475732162228
0.06012303622201831,0.5018317957111759,1.920684991308005,0.2741364214475052,5.697719657818258,42.376749212046626
0.16781035698617308,0.5205891198460052,2.163097072014277,0.37099525648227993,5.78802035146504,44.515471431222
0.0026012137428752524,0.5569736830204346,1.628269580620903,0.3601507757983123,5.381304631741038,45.25743337775785
0.0026012137428752524,0.5569736830204346,1.628269580620903,0.3601507757983123,5.381304631741038,45.25743337775785
0.19838279010534998,0.48998989134040855,1.8134456974058453,0.49556992168444286,5.6710421992219375,46.929201178830716
0.4548964453175204,0.5595623437225425,2.287357407627035,0.46808222544949296,6.1779198407096985,48.49643671357179
0.27422703980778523,0.6224958799242344,1.6686922432434406,0.28779169089162315,5.698872410633921,42.43889575459279
0.16067079627489933,0.5252101120537742,1.8417384082503063,0.23741439167352432,5.789251477740733,41.56031792051991
0.0704558749609483,0.4978994416498546,1.8693576405462493,0.3133642046492321,5.586588513468259,43.2194976120447
0.37747654068859915,0.5814639327257084,1.763546366886656,0.23607711059955572,5.885949201917702,41.59031090850702
0.2124936704873026,0.6232130960486796,1.753336964615531,0.4186715384685572,5.5899492149855075,45.30594823922538
0.1824609136896937,0.6421324913238804,1.9651889256689485,0.20905163171673957,5.629022899592039,40.98342806070476
0.3302570749602094,0.6651050414509165,2.1899457526506736,0.24083953287706722,5.855146653008877,41.79611369490512
0.15373631615992522,0.5954425335799838,2.299036072813496,0.43614776601228045,5.8348649292972805,45.94428997914384
-0.07284312913496171,0.4808376415431872,2.133359298581909,0.5515330674225355,5.647461463971123,48.3563949930637
-0.05491038961498784,0.5000652703181758,2.0899426625318993,0.2878829457259798,5.680721495078102,42.76615970022557
-0.09387366943694841,0.5018846817345018,2.1965265636149067,0.22795961083826682,5.601185342085335,41.61204555014269
-0.14495097629197295,0.4201694787227149,2.1372750764131325,0.44961959441522753,5.65663103994566,46.26186119170375
0.20580843813252309,0.5915340794936086,1.8930438119325586,0.39607256579272104,5.763040658770272,44.80766072077
0.1408994539972449,0.550812839386436,1.8769511941682993,0.4235139500584054,5.807336794504463,45.64185677564795
0.21883703282309652,0.6256638827148031,2.34955701077928,0.4226382883983759,5.874143269956513,45.66097849554859
0.3297073557303137,0.5514707245549423,2.2799156710364694,0.5065033627924623,5.99282941416069,47.8439600930054
0.045810415169883045,0.5092098680772491,1.9293469139898607,0.3598406803884084,5.572323861855438,44.32413717151445
0.21184782872398478,0.534314134405054,1.922849673506245,0.2021617434368047,5.685548697781526,40.77033562493213
0.3837579240733781,0.5271702206738945,1.945586258014607,0.2522360608605196,5.892133813229267,42.075759812126805
0.15274067593400326,0.6045980888992866,1.70808361546964,0.3075787253234214,5.532474346293692,43.263585897315664
0.1680899262339942,0.51206152178474,1.9280943492791713,0.22047850992625442,5.647897665022173,41.23356113236515
0.31777084272709744,0.6793294290835975,1.907913154377597,0.17046533699640698,5.713335336352243,40.032642539537946
0.31777084272709744,0.6793294290835975,1.907913154377597,0.17046533699640698,5.713335336352243,40.032642539537946
0.3596761023266404,0.5679098456777653,2.208453529450614,0.29579836836609197,5.980453597787869,43.33057485327386
0.4501998983079477,0.6515441583274779,2.1651485125456444,0.3296404928629265,5.954220337122719,43.79584227632077
0.29681736087762245,0.7036482966050487,2.040145274417794,0.3252585426150302,5.718715151305879,43.30319118737739
0.32324563953547225,0.7095318809758235,1.6264710837415586,0.12392908781788671,5.567350149940171,39.17569111284495
0.4998808069973849,0.6493295844001027,2.076587138930344,0.37506074854621385,6.045221240991389,45.269162902167
0.3858952238851649,0.622505298427726,2.091092351651965,0.22094686147896847,5.8967281529389926,41.37279687009635
0.4639412527751968,0.6808653753776778,2.1307085795358303,0.46551754641279214,5.978797621696604,46.90756237525982
0.4275747803208235,0.6993228740205685,1.7793953636797817,0.3692622682187525,5.718853422369839,43.98221667233712
0.4275747803208235,0.6993228740205685,1.7793953636797817,0.3692622682187525,5.718853422369839,43.98221667233712
0.27605067928960814,0.576121609448596,2.109751756204054,0.47895261776571785,5.798832031751516,46.527598939104244
0.34447737995754657,0.5437319033670058,2.067810824157705,0.407003334305864,6.114821426683511,46.61268124123512
0.22030396983382106,0.5832722373865358,1.8813370310376296,0.29904946960369894,5.75378789332524,42.811592839583724
0.30336824266017326,0.5529687243620565,2.1315291570964146,0.4447482353324668,5.851275430694201,46.015133972678036
0.12867069487293697,0.5360326929319602,1.7484231633762382,0.5126509316329724,5.581076573861807,47.46102839861064
0.1490178613287283,0.5695952897571291,1.8587098793941563,0.2476822154993753,5.669561708702584,41.7731667748234
-0.18958745017936762,0.46860964261579563,1.6992325194488633,0.3880877850133136,5.324731669079409,46.33386095465616
0.20268140905096727,0.5245549359787829,1.8082532012739172,0.24965854623125616,5.650050955652713,41.735795838377
0.09294883913102814,0.5641478151372985,1.8332676774812597,0.3050011315105107,5.472662640442862,43.518743429520875
0.24028142061757118,0.6084942464026825,1.5624144642764684,0.14662402104181582,5.570207232059336,39.71107920704973
0.0504534395927031,0.503967784097312,1.6467950529397621,0.2558487774841377,5.444142791371932,42.67022521331719
0.38831966471504764,0.5734306974190413,1.7428279886727316,0.08442881226446818,5.811532580926635,38.2517138223112
-0.2608619187497463,0.4860575231920665,1.8328332257276423,0.24701570924406197,5.203726338516674,44.506324387820676
0.25288486203131955,0.5292131016409232,2.1861980485740444,0.190630984335165,5.972053123862425,41.26492631988603
-0.1140548317128961,0.4865940057454318,2.1842152769343985,0.26131782637375384,5.593045385125864,42.4153967028108
0.5626747014431819,0.7060499028056332,2.2397038300216603,0.3049175305648105,6.165122348624634,44.82273194349037
0.36633082213990964,0.5600000905049943,2.073458922658498,0.5034040744845493,6.038431420058212,48.30962664630768
-0.036974299784802156,0.5041918152339616,1.6347398443858099,0.4139151981911557,5.4700558676361055,45.94689551734703
0.11129181156798706,0.542086081418295,2.356959940108678,0.31685224306528986,5.868625433060006,43.46744236411423
0.2852661767422755,0.6247731376252155,2.116638658027744,0.17442335360855432,5.851458226429383,40.35681122056491
0.48037813634842724,0.5865794269751273,1.8911277527438555,0.09226393440142201,5.916463207877057,38.69199865490534
0.6032547440122329,0.6601471622636926,1.8739358446537258,0.1347575642160377,6.006064155210343,39.916499514254596
0.5465113535645644,0.5639483816560815,1.9236825681040872,0.5511277105704114,6.130683046103309,49.64118896569682
0.012056663064824225,0.5438337694990331,1.8644579611383914,0.5581569954002709,5.5190444917251344,48.622036585584304
0.3538146729206202,0.6434453346919886,1.9029059127281511,0.23306112292387263,5.715825163707073,41.279301672660594
0.4207765715107945,0.6030043746982381,1.945274558954838,0.15202584771162841,5.9047254433970995,39.972434897997196
0.4927330361769492,0.6785089452330311,1.658626839360712,0.23069648265863596,5.839225635204666,41.29026040912341
0.7379655145641634,0.7226412510461462,1.7931402565275023,0.17190953124658628,6.102791009197365,41.24330885031516
0.34000869157835273,0.6485280879620076,1.8642753082541275,0.21122508121502956,5.743904860211614,40.8989578865094
0.21206872967999518,0.5878018624256801,1.8257782598457537,0.17501643427306326,5.657030298181066,40.19383205635758
0.22338844698024224,0.6423268749942626,1.8589919069760934,0.3602362745271188,5.655638015228925,44.05100622582582
0.14026433248925496,0.5570994965407327,1.9911603565369247,0.23469409370949487,5.635858560945895,41.59741060421215
0.299708430175818,0.5223045920471423,1.6749811730255244,0.4863526082982798,5.769875528257384,46.67801790062244
0.16509608600330594,0.6802464621131132,1.9077286054019902,0.32970029532896045,5.600400381751486,43.56419093716049
0.3000582543400644,0.5776085302713552,1.7453724035170204,0.5485920248211087,5.678124066248875,47.91701248804202
-0.09167954541833512,0.5778206486599108,2.342299883570047,0.349845051778398,5.612399793322203,44.156474397146255
0.2697574324475003,0.5875372341310516,2.2619792846060083,0.19671411086296453,5.92201411056251,41.06220765999579
-0.11911102060065437,0.4654754599169862,1.9167664469646923,0.25655722096920874,5.437845976011234,42.849252090308646
0.03193695355847048,0.49556281618776643,1.9525602485504934,0.3675336724960405,5.5752504742141475,44.535781460744026
0.3539979136441024,0.6247207966677576,2.0653997209582444,0.2643693039020708,5.830298210535743,42.16420431057157
0.09692948410422964,0.49401509189439496,2.253871846329144,0.47065287321466404,5.852966642903146,46.7085284410771
0.14010955491206611,0.539703309290884,2.089329234145825,0.4618416370144119,5.7889140177748395,46.316176854259965
0.15665671604389508,0.471604804083108,2.143279645416443,0.4262369919609196,5.871666340312403,45.75759534744171
0.4819591508442533,0.6730885345244125,1.841515970099883,0.3533494885148844,5.9032340761710955,44.04750553988513
0.4815131940490053,0.5502345113399699,1.9917392542098595,0.3883126994195372,6.021647686836696,45.42209834624006
0.08928952918267352,0.45021762859000397,1.686228409059479,0.45375145504866454,5.699839266562776,46.076891901533386
0.3220099307061011,0.6052290128643062,1.575322332991495,0.377363928502349,5.662708150171699,44.32113493859093
0.41118936493023894,0.6245319088255425,1.650776176363535,0.35776225812111995,5.735709662207066,43.85352189433691
0.48740203234313845,0.5789875179998494,1.9716796686935834,0.23035678167623191,6.003857309996348,42.092762333896424
0.48740203234313845,0.5789875179998494,1.9716796686935834,0.23035678167623191,6.003857309996348,42.092762333896424
-0.1663671076644837,0.4509640973983554,1.749188887364686,0.3485383835971277,5.372388953155831,45.16496737733051
0.47044573734931205,0.7183180812939518,1.8604737536681801,0.18099842260230592,5.828582390287683,40.23754006044747
0.4031538574421966,0.6629914730883374,1.8272442057281018,0.18254814318904092,5.846682627437667,40.39824229813841
0.1080565712551636,0.6640809160570538,1.68727741217041,0.4226184739942723,5.445164770777597,46.1240762107964
0.2704528629887822,0.5820833904126289,2.0962707345826934,0.28694573956467556,5.830891704224854,42.66031403697757
0.09655492029386636,0.5411509017469408,2.091712076727529,0.33975925230851745,5.684684815469482,43.7582855192792
0.17930663320388185,0.4642838287704909,2.0165119362863355,0.38297560896852445,5.965439126832829,45.296977784777255
0.24778069249552503,0.48822530200276315,1.9343406870879813,0.2074035553835171,5.824069732773029,40.993157022643516
0.1493751561598513,0.601833682998845,1.9855818904057303,0.2649480276386822,5.64146751251196,42.134189623430714
0.1493751561598513,0.601833682998845,1.9855818904057303,0.2649480276386822,5.64146751251196,42.134189623430714
0.2213066029099785,0.5558309852756849,2.020582214533763,0.352400554472148,5.848280514138579,44.16027927196262
0.29577093744422445,0.6195291650852425,1.9057837495336107,0.301926362878562,5.786413937986778,42.78903898613049
0.7361927611645029,0.722853434356343,1.9351829820988118,0.28781197533942265,6.212675009268549,44.58987926302401
0.15001689812183683,0.5202716474629133,2.5531479489559903,0.37167545372420846,6.000751193451924,45.28578089741263
-0.13153626782648375,0.49398712738654327,2.1615736771794496,0.41050293904461443,5.6178353077439525,45.507329592888006
0.4059252572788552,0.5964224473486538,2.182947052539366,0.2802811829689775,5.965442368480252,42.967054457213315
0.4215969319399179,0.5317289584033849,1.7909788729466254,0.4109409559428709,5.938397928913163,45.401153326290064
0.37994126031464887,0.5942629800209369,1.9850040470383719,0.6128316151243853,5.922937481670518,49.71149146608861
0.4516207361755011,0.6922992254105707,1.7512463059110779,0.35011870434796816,5.774286773383434,43.67013259914674
0.4588309441490297,0.7069779886527795,2.0618005994603914,0.28846459820432524,5.876116365451461,42.69504835610945
0.32929933718729987,0.6769806405931706,1.8758324065453689,0.3775442808950291,5.670720017754227,44.312916724083344
0.18511318354061834,0.6542593332956625,1.861175585924732,0.3574639314680843,5.552666390414492,44.17185812253866
0.4549406894948467,0.649248627115967,2.060348207470255,0.12052457981691582,6.005838850303233,39.7946127685658
0.3501592092963332,0.6151655949417828,2.0089033017933167,0.3378643311267302,5.909436995437681,43.96729729494778
0.36604973910635646,0.6570115196239049,1.763580066107212,0.38483157511730837,5.735150274689131,44.438082811706906
0.25372202416639994,0.6132721329574394,2.070823339302651,0.31714729452612156,5.752603533738434,43.11690995833154
0.3982656649914931,0.6694203535742905,1.6338224640923458,0.32410474797535266,5.745461142021848,43.19878317694003
0.24880997986692865,0.5483749511861354,1.8113073261671107,0.2984286242789659,5.707117728769868,42.73301258697249
0.46081893018672165,0.6689680985172564,1.8026688692013102,0.21053070916862215,5.836021378999854,40.89373289830272
-0.07198731353787335,0.5596304247806723,1.8748014643134878,0.30127553091834597,5.432060596304885,43.75686647236231
0.12419350268023044,0.4428602483205457,2.366874921528305,0.45378833727812046,5.919829647094597,46.62347560815359
-0.004693713927598209,0.4888502936837962,2.2249375434628362,0.21594428002441618,5.697154958665929,41.21482948798566
0.13373824479883312,0.4652529346623048,1.9817147012075487,0.6273363848144798,5.7695632655348,49.90644681756209
0.20234932155766439,0.5293950170951165,2.027947595287636,0.4274875381906735,5.7545771771549,45.62812716069159
-0.15023049815202116,0.5651493245907995,2.093430545341148,0.4516345979313192,5.526487785255946,46.68591623774996
0.37214054878440433,0.6224208192887939,2.0011618431841725,0.3135411951636647,5.820183652403907,43.084731882033175
0.22305211504576544,0.6346153605787915,1.796148671855446,0.2214294253569869,5.550755735531318,41.39004513188554
0.127635231758486,0.6651253000610529,1.8746400408569217,0.31443597576980514,5.530720486883974,43.453027961625665
0.27075011664808707,0.6630415119549661,1.8158667260815486,0.28137755620418314,5.667924456155664,42.350848193865765
0.3557169613275497,0.6972262225921173,1.9400034795455134,0.21443706147177563,5.768280036876588,40.905214379691294
0.11954935808189004,0.47432169273692715,2.1072324727512775,0.7163695366991294,5.824956193583084,51.665336333286966
-0.011625690417603862,0.5450403903421274,2.2191522736634037,0.43717900208464244,5.633278599224343,45.86650637098978
0.14636511370319405,0.6371134869739603,1.5879276876621913,0.3302573939440634,5.50610653619304,43.84727320361752
0.17479864598166533,0.5655989943924764,1.7916399487244994,0.2520004223172221,5.662341618548175,41.84149874289784
0.17479864598166533,0.5655989943924764,1.7916399487244994,0.2520004223172221,5.662341618548175,41.84149874289784
0.2643325083421178,0.571246502314777,2.096918204828385,0.19619861963891455,5.820730596766021,40.731709425875465
0.039755383418038526,0.49499522898663845,1.5553599778140306,0.33100398101076295,5.426809605349117,44.36224192675898
0.28589890639641036,0.4995488341931165,1.8332332256124113,0.3201106608574451,5.849608363842583,43.401388674227775
0.17910710468557495,0.5480594118036543,1.8086839176720162,0.21082718124949518,5.628792843519854,40.96200444196902
0.21040833431989558,0.6029876901119129,2.1622564879456423,0.25456863609681235,5.757396113920172,41.90103080210096
0.504406524023796,0.5802442577046342,1.8349201642860524,0.36076582327598744,5.9259237000672496,44.27296066943747
0.450381456962013,0.656281830918601,1.814159536886111,0.18836588587742828,5.815718339997581,40.32887949531459
0.2600479457441741,0.664172238612701,1.7259173276577575,0.31200262679319773,5.615778915027179,43.0971664103087
0.28265396314336055,0.5609908755567237,2.2376794003784544,0.6431051213409795,5.924920721584407,50.41430602659857
0.1713900568816114,0.5196072489834408,1.8750851264321464,0.4096822414850512,5.711381041320545,45.12615478220897
-0.057231476935752035,0.49002614208445705,1.8864951974981,0.4453265274845642,5.470128404347322,46.53556729712086
0.2705206478748281,0.6159090942218067,1.856068726397739,0.12390401226029016,5.675889357912318,39.07980845093218
0.24470334609548794,0.6358964798084138,2.46140485308778,0.2678083830656195,5.957519271225117,42.8039772593999
0.2313531612598556,0.4746635241543657,2.1275612718960137,0.4137558033642373,5.925488325895078,45.81219840058794
0.3746161125699489,0.6710261793182181,1.6145651773097986,0.260104146361072,5.667535969117847,41.885467805851384
0.27291736921940396,0.5306922340054239,2.103745268102741,0.4068072753015226,5.863572014220405,45.23249436699409
0.40543159134816287,0.6412314897451871,1.729491635698814,0.21564139627988327,5.779346351567477,40.90229413520881
0.5008093575440035,0.7184716685225534,1.8031698673407435,0.4636741550147238,5.896461360291336,46.19702502869478
-0.057625986661293704,0.4891974109520936,2.018384468714112,0.4291743995357705,5.674633113303747,45.65871574688816
-0.21780523769638838,0.437188212242647,2.2709352591704457,0.43878229371717886,5.6137237726482745,46.10120606109771
0.3389017187147423,0.5558096307646885,2.2477907358584135,0.37791569866484315,6.085323301188681,45.915910919774845
0.1130281867004369,0.5727390993134509,2.096286130436231,0.37885792532988294,5.731625887776446,44.61770466525507
0.45218638798227107,0.650115730147061,1.9137938475201681,0.44835624076545405,5.951832426923024,46.368820395471204
-0.058619608317991845,0.5582709766315475,1.702803551404889,0.21138904656727317,5.423388151496772,41.882906157045745
0.19235727413674186,0.6392900625475199,1.7909024140028669,0.21324295927826703,5.641436060973275,41.071308292420305
0.4148743316521913,0.601154706270043,1.9979528453253184,0.23572631403472835,5.912485624650726,41.73627268228812
0.1814753493977661,0.6558167292731274,1.9172746976871071,0.36888247295941157,5.647927490025086,44.331127410649586
0.19792092447261023,0.5698833963282759,2.2246518690314643,0.2748440099584532,5.80794265024943,42.43029357507989
0.31785195357898866,0.5124876647428284,1.9900626644645163,0.25973016020746986,5.853810378161306,42.16195494018465
0.4007161085448306,0.6041436599424674,1.9599397091294417,0.27295399413759514,5.877270732685231,42.413277769178784
0.4224574270270769,0.5932296046534892,2.1329173513743886,0.5187286073826938,5.986779491349525,47.950476451927635
0.26726568106810505,0.5646111089466145,2.1015781095519883,0.6296044127907237,5.968054576936556,50.333890038379074
0.019494528805443556,0.46635483365700003,2.0014570525720323,0.5164558315749829,5.74815728770158,47.659875973511525
0.20159165039649574,0.5585245448283717,1.8378086301755687,0.29526632519972285,5.710240824904433,42.848782553779124
0.37168074183682565,0.5566248981331056,1.8336550697172493,0.6237722196805959,5.882232524246099,49.93810870127947
0.16438422166736305,0.6736776819480595,1.8394850266805218,0.2197535439093978,5.546538288192395,41.4299865062427
-0.0032581385408065877,0.557775247055983,1.8709590964045628,0.3091455510085816,5.5603832233113595,43.44532132788295
-0.043982647671238495,0.5484643779821735,1.7099010854776597,0.4129993012660237,5.476019957119109,45.768942074525505
0.21926540290793523,0.45668679193656786,1.9689362412445344,0.5152506106288522,5.971893298683366,47.95256466550938
0.1369900063168057,0.49790879080889955,1.9587082334601569,0.32864548112958225,5.816236202683509,43.56483273477696
0.09070434845929376,0.5363323835624367,1.8994544360730705,0.5830325693149366,5.734368058214678,48.776876782911295
-0.05906233291042118,0.5527646570715032,1.6566635890816426,0.3098557720433589,5.40878233572268,44.085200156484895
0.3200207835617064,0.5393978032913822,2.050086381589998,0.18335092382839,5.891988600747905,40.65472776743191
0.2792526274112763,0.5615961077945738,2.0741727747710703,0.1654417302284252,5.860691625600003,40.19515674186511
0.3035158925370882,0.6350735505108603,2.152114792131669,0.1336257192238027,5.819956993962627,39.40238357321829
0.31730129141813895,0.681345779199112,1.889162011180337,0.09464756430770561,5.6859199704475,38.43321123022793
0.27196701420066716,0.6637961258664199,1.8936609232066042,0.333335697212907,5.729682504744088,43.38032627376259
0.4251588013692598,0.707420564502452,1.8009019788054463,0.1992655239389132,5.740934207932125,40.53682673068814
-0.01588448714980606,0.5703291967241353,2.1863503161424687,0.5701349545504674,5.567130734637581,48.71197993765806
0.15643116806682766,0.5876603713218211,2.1289438993701477,0.15310778534434447,5.707312054843066,39.8208478938192
0.11696083449051031,0.4867134435440455,1.829479352147374,0.4514137889958893,5.630727814683031,46.14239799026569
0.14701270539298583,0.5731303397723356,1.6341758903854608,0.2489834833235676,5.568955685163969,41.99335477061601
0.3679494008306612,0.6458943325801908,2.034901512131308,0.45091002082768633,5.992287247411233,46.68628202040018
0.48604174744140827,0.6576689263835775,1.8657007906556242,0.28412563886777215,5.9474127402220445,42.787573137426726
0.5721044787786915,0.6852672996211048,1.7393219799342627,0.2526852683865216,5.9863911639404455,42.39177312801812
0.32698161859596775,0.5517831969217425,1.8589369110329774,0.4198384066292741,5.896714115851904,45.67397577035939
-0.05211499359448213,0.5897648523915725,1.8440858373597866,0.2370077158379174,5.384650166749111,42.68095689663532
-0.011866009774076591,0.5540981278472606,2.075480168548693,0.2573015752116342,5.635104411640998,42.135394932846445
0.01792357682977752,0.5032872075299369,2.2796673072203917,0.4175160489037441,5.768179569271561,45.491594953987125
0.25841761136440744,0.6150327219457591,1.7656333778663202,0.2680878872609522,5.63666175943267,42.13598269701124
0.2973905731497047,0.5634651584087927,1.7492481352117606,0.33333729735247536,5.749650701119221,43.39467447509917
0.16774222711405273,0.441267566048376,2.0679274274216843,0.4390863033981102,5.9573422609334745,46.44092695548469
0.046409270477906106,0.5220080076206373,1.7802264931890566,0.3284010355781867,5.5883873093830845,43.644814236072484
-0.31512670933814724,0.4540162400173677,1.951565887833891,0.6487838218892137,5.369570952955015,51.62901341473701
0.11698106840284311,0.5887076798330271,1.6703898880496506,0.24367886105592837,5.548575335881451,41.97926509788183
0.4183612741170184,0.5737838288331681,1.903418823635456,0.451665514911094,5.942051179711859,46.367418346548305
0.2161112247725761,0.5053462995343021,1.6647037472853956,0.4036150612016796,5.686650024673167,44.9579612349091
0.44238335007757823,0.6343821415568851,1.892901919013987,0.59390691659361,5.897299418933795,48.97526583957872
0.34591422439928465,0.6611575254402148,1.542490740633221,0.4807686087922813,5.635571894956072,46.33991204895707
0.40036991849265346,0.7357079586417397,1.8921007236432121,0.3379841194131264,5.712981146159592,43.405884749991024
0.06409393200034774,0.543457270879382,1.684337658067239,0.2888798618975732,5.432574989761386,43.388448233584654
0.4863734519428681,0.5783523106013384,1.7395385951812483,0.2572739283015321,5.883728766265628,41.985033092036346
0.07556535856520441,0.48093867524598655,2.09789355974183,0.33219656882294774,5.74256724567635,43.594688266487616
0.07556535856520441,0.48093867524598655,2.09789355974183,0.33219656882294774,5.74256724567635,43.594688266487616
0.25674994000806406,0.5782737145924436,1.8886812026416835,0.29443961092480353,5.8420847005384315,42.75260727391096
0.6391842996232168,0.7536970256863691,2.0192164664732526,0.29262535833619663,6.077064836375217,43.639475868690205
0.2774602306062889,0.7057675596773585,1.7665358977186976,0.22127820629357423,5.603412279743208,41.19795222929093
0.41355659369041364,0.7083047789231127,1.69481597803383,0.1635734240046068,5.759791400371485,39.79950436647869
0.1964997421162093,0.5454778436059652,2.0060863273224583,0.18558735970808357,5.707222071107318,40.406620806628496
0.031542186145554374,0.49572893274646646,1.9248336142114426,0.2834100236674031,5.547344282396587,42.80597253776162
0.19093355143222024,0.5174989842949221,2.0518010000011193,0.3024437346050827,5.798059163590612,43.03546900621659
0.30941210996968893,0.5954251346609359,1.9404586700863988,0.16818478529624756,5.769694672208569,40.034915968936104
0.30941210996968893,0.5954251346609359,1.9404586700863988,0.16818478529624756,5.769694672208569,40.034915968936104
0.6638480308831278,0.6664503753438776,1.8348120803875525,0.20268869767515466,6.0360850259877195,41.48022016096551
-0.20577747958155435,0.6106026194771494,2.413339638597244,0.5024796898117142,5.521885431971153,47.648587684499745
0.05595024605883825,0.6302817941555157,2.0746532204179995,0.33690469930414724,5.557411572152841,43.829194623326
0.1372254569907002,0.5910584406848853,2.1038120902634003,0.22882134949407312,5.668334035433533,41.36995691377026
0.24957681319709102,0.5812864370175532,2.450746189785889,0.5754031952498133,5.957625127251195,49.15872672537362
0.3236716925886586,0.6343477177389507,1.5978907656291421,0.19816074611479206,5.576524891065378,40.755908649742366
0.22727628424738383,0.6589577378638503,1.8376740271330068,0.26908544346499347,5.7089138806856194,42.15069087688952
0.3319409876573114,0.5515882888854912,1.9073889441280387,0.2398797875343588,5.8856426217669116,41.76916761122078
0.22891501320576313,0.6743475997336579,2.096338009944788,0.2058253344187617,5.712194238463621,40.81818981410536
0.25880985643870796,0.6350334676231826,1.8849586611061966,0.21707714537919576,5.725528608377644,41.01244453986077
0.27744160687637115,0.54869125768099,1.6470712515074253,0.3629762432050894,5.650112602125004,44.055531413133004
0.4370694874055781,0.6869443364831416,1.9518249017835734,0.1855594954300022,5.893559689137984,40.60752403083777
0.05552244940176776,0.5379894143805072,2.033087465106261,0.6447689614040619,5.66409008237617,50.089613051293306
0.2201982634234867,0.559209232378095,2.2662788409322294,0.5284590168721568,5.896134335309766,48.139737585730494
0.17003658835950497,0.5595506261122787,2.0846103614863463,0.32523811202157654,5.798587806697691,43.55108561143069
0.005441156220958532,0.5000372292066005,1.9345820274207124,0.383846801663642,5.5222953775641255,45.03262288353534
0.1607992512191655,0.5692716676480827,2.0268602490708276,0.5620953194803076,5.83337084462839,48.46805709341064
0.5821295758616879,0.6504688612224035,1.8972494857609905,0.21604944273016222,6.098509531161913,42.31106842867763
0.37515357330166865,0.6414072506424477,2.034488412786466,0.16710665386363655,5.894478768246387,40.29660253184411
0.467351732658965,0.6357735234766888,1.9089769196997806,0.1606343004944991,5.876444794586945,39.97105913024501
0.48025774066683286,0.6803843350715467,2.017514693814867,0.10550494080746399,5.941717716896517,39.076104931304215
0.3590355332307667,0.5393329566229242,1.8243474195322755,0.27251682644916725,5.8580323226140045,42.371339741263434
0.5666199433113569,0.6394649672802908,1.787647262858978,0.278157083555592,5.951404403017495,42.6541580128309
0.5033308943444643,0.6016087647461853,1.81842624092243,0.1910472865929286,5.882600170804556,40.62382598186691
0.48487858207410534,0.5010517086679788,1.8329527564801071,0.3150787915094478,6.031193014150352,43.971381389094056
0.3614851836466033,0.7080947180210896,1.9574860534920853,0.08456956299539062,5.743761149714031,38.15619663873697
0.3614851836466033,0.7080947180210896,1.9574860534920853,0.08456956299539062,5.743761149714031,38.15619663873697
0.2532203384824355,0.6324240973667944,1.9134160119629662,0.29361514373311115,5.705375444756606,42.68201532948058
0.07153970132757448,0.553927261674068,1.9153642385270677,0.1508468227885735,5.57129392319205,39.98565814983306
0.11389239422880204,0.5139120453489079,2.0694153666285366,0.49194491945952973,5.858585786191277,47.09842070841954
0.06252318083248887,0.539223109342487,2.045735964526909,0.2847397769487375,5.685837094491841,42.593786307504985
0.32581387936817013,0.6324005880827603,1.7431453836354465,0.219903124643893,5.680558163449754,40.98285356038177
0.11580963658598875,0.4911534005306478,2.024325223040503,0.27085889243260425,5.819759525821972,42.4715449307442
0.16591029870104557,0.515400110792104,1.963383971133928,0.38896761054167756,5.892536034479558,45.23097508276862
0.03899271891402167,0.5322399535532713,1.7170959158908474,0.22299823903232163,5.510476151525005,41.69586231687104
0.6789933254365812,0.6879862774034035,1.6869370185036412,0.2830677340468909,6.1007518466120185,43.542532067090384
0.241346982820701,0.5820725859458338,1.7397342575859795,0.363807167608026,5.696973205946073,44.10536669184915
0.2780303849266219,0.6573474577636553,1.7446224693845407,0.45678803064170737,5.617829201670359,46.097621125030805
0.7771793207404855,0.697496618349755,2.0296314536557363,0.23976783902737092,6.301715978863609,44.5954044915648
0.14577562152680068,0.5533339622929137,2.00356924551773,0.10669475841454847,5.625790987900627,38.88544376741255
0.4349480243250221,0.6334735316944143,2.0828732224557593,0.32494941837873864,5.937554099705408,43.803875748527624
-0.11195999845846216,0.45859489537338943,1.891250120084217,0.304320877536064,5.475682930582414,43.627539499323674
0.5183942139105375,0.5850055398595122,1.8092751515828205,0.15858741035658952,5.959837799819567,40.25566653438946
0.2865476322850693,0.6718919145635143,2.02614072162578,0.6321605187751146,5.77410936983202,49.69864335875648
0.46881776379950457,0.6664476770741726,2.0449510165928158,0.27549688919185333,5.9281988963813355,42.55688988941916
0.4316724104698721,0.5827150761120371,2.1580577916502697,0.2818473100577769,5.971904904563087,42.93052592702488
0.6522016087015137,0.7040554457728526,1.9523115229006085,0.2665163840036257,6.073263231816238,43.05612471920426
0.4988767808831878,0.6007841262389182,1.8819955836676243,0.24848788190132237,5.952815609841201,42.10313916448234
0.22925405076825323,0.6885106400426876,1.5982644875806198,0.44675454285342964,5.520810150732736,45.99840124683762
0.23193862051045905,0.7076280911428868,1.6224656609761614,0.2949609322960357,5.500199599528985,42.96856064430853
0.25210453334626837,0.619221412572783,2.1597281715998538,0.37553216800036343,5.821208117025842,44.44331805042222
-0.05891701462359922,0.5760457874342751,1.6735049524734427,0.31129458240626656,5.348948883531991,44.459312302020074
0.20908881753475872,0.46242933527838215,1.6787370121845178,0.29177524561504137,5.752991539740789,42.667526500382635
0.22818255791800796,0.49823314277658526,1.7933015432914186,0.2636891521014494,5.732047448276842,42.10183827665805
0.22997788834679778,0.5703928168297449,1.9358111384200687,0.43466850965271564,5.905406484477392,46.11434842919684
-0.018519705424394628,0.4742019318000746,1.78305494501529,0.3969836641359012,5.513813418365288,45.34772814786571
0.1040916800510221,0.5275155899961466,2.0906079987676742,0.18220292514573153,5.681077705438755,40.40114985430424
0.4449851239023891,0.5323097203406265,1.935568573788277,0.38641463662069647,6.05695252619271,45.77692063325081
0.15633860332406146,0.49473117170057485,2.3523213101385005,0.4092280777582681,5.946969398001301,45.78282045523058
-0.028490186411248453,0.45374116887267624,1.9675605501851294,0.44993707361024154,5.646286945247963,46.165620557215576
0.5412692497268803,0.6177959137058217,2.026685680900986,0.3652364618621493,6.081599466195723,45.3377520071163
0.126522382679207,0.5796172822793788,1.8738330601922786,0.2602930773843207,5.590046043377088,42.15669495405333
0.15933619285903722,0.5928213908216808,2.1391546316695855,0.23419135116445072,5.66959680570853,41.480394624116116
0.33432278126301074,0.635647605759985,1.7236199934642713,0.28953061439809946,5.669228461831333,42.42732408544727
0.33432278126301074,0.635647605759985,1.7236199934642713,0.28953061439809946,5.669228461831333,42.42732408544727
0.2775850317566255,0.5548022554571395,1.6052611215823755,0.3445487646339219,5.722594576729894,43.67291308079925
0.2621256654473803,0.6620936233795602,1.5691293201654868,0.2082632845526428,5.563821672854042,41.037133063875515
0.4054749989047677,0.6430680590732928,1.9618013110618364,0.24064302718547273,5.880525753047293,41.62447238112566
0.0010395475754918504,0.5380209494430792,2.0659621463467044,0.22722200498391731,5.527736906352967,41.71234446247767
0.4833137825416789,0.6380401520061206,2.699031821351759,0.29851909201929117,6.307158468871545,46.20225603251498
0.27236604685091736,0.6704203869458326,1.9674762158437462,0.20621955645728254,5.658767454303744,40.819864469418505
0.27236604685091736,0.6704203869458326,1.9674762158437462,0.20621955645728254,5.658767454303744,40.819864469418505
0.5278000499100823,0.6345148772444837,2.103318046412632,0.3866457869577455,6.222163739827256,46.96215692230205
0.14868761781545847,0.5963004551206632,2.278241309175914,0.2794104734479898,5.806844193505084,42.458645934708095
-0.021395439592976073,0.5968138194647895,2.054943892384957,0.37280892256522696,5.482600401837156,45.01399178526103
0.23433021356815992,0.5980844743837406,2.0277742895901847,0.4238818564821326,5.86258888240927,45.78544535197475
-0.15432763993486642,0.5986381282803832,1.7227841061924463,0.415981599248866,5.271678069623241,47.40384521510593
0.09021036625772405,0.5718213417508108,1.8868946017864876,0.22162929312396332,5.5879515387820184,41.433941605251846
-0.08364340992177932,0.5791967982272226,1.8503616617478966,0.13627113120591794,5.341832901198534,40.89109365073266
0.29783355023370306,0.6652671288764315,2.195617486700536,0.4386217732201438,5.849585016483472,45.82072222650782
0.2443218725016233,0.5356413836769125,2.2940715483682155,0.5039410428907772,5.94895061667989,47.65074456937015
0.037466488514045326,0.514787681452925,2.015209992146075,0.30548993160157545,5.645292772528641,43.18509972894741
0.28029873381671716,0.564201229407604,2.108402059979931,0.2984090888454798,5.973708522108922,43.55632483683911
0.26610041367476023,0.5406214522732105,2.2043790517310464,0.22527133891800732,5.930742660729121,41.81705698811583
0.15481093090896486,0.6138015277957032,1.7870192379707268,0.15386862595947565,5.651908898650744,39.812387334869804
0.2754261369444391,0.6313859671119094,1.8263881473774124,0.1093478436604985,5.656464273252401,38.784382798089304
0.26942746928836225,0.6760179227065539,1.8499793172462353,0.3775138791959574,5.673231906957133,44.35330221065438
0.15132252760751863,0.698746025534598,1.835312612893968,0.40919586855250123,5.452163036926101,45.75321386865277
0.46889232190997204,0.6096005939791045,1.6582271947723677,0.23477919685599935,5.846166750868655,41.35501684597733
0.1571369871236728,0.5764861019498949,1.682389868119404,0.35923322791729273,5.593595758711792,44.221037585486705
0.39923197507764424,0.6935179165977927,1.9808848743002498,0.2674356430117841,5.840042422144709,42.11658299240429
0.39923197507764424,0.6935179165977927,1.9808848743002498,0.2674356430117841,5.840042422144709,42.11658299240429
-0.10074576387686107,0.5522341218184639,2.081780928723928,0.28741688319708786,5.533803584038656,43.055678333617486
0.20731553704586103,0.6306958270919039,1.8401679511600837,0.29208057196661735,5.629037201622776,42.65384505984897
0.19366902875961933,0.4602760661957857,1.8103501123103172,0.31422458202169423,5.735953996107119,43.04066641799917
0.3550382371705264,0.686051329334794,1.8817027775396977,0.2248158711099057,5.708481420320824,41.082381541418165
0.4193640471313661,0.5608548461671102,1.7475561859926887,0.17858662053649568,5.817789148299857,40.21578585755539
0.4193640471313661,0.5608548461671102,1.7475561859926887,0.17858662053649568,5.817789148299857,40.21578585755539
0.32351332799808874,0.6150165300360203,2.0700778317303072,0.3133392650224421,5.7728784754961975,43.05975176623756
0.2319908041214095,0.7510348879471311,1.6364638270458136,0.21268731116132752,5.453428437618773,41.51723818955419
0.34747883618128805,0.6137570190914878,1.7741749841308085,0.49757400537619256,5.740435931265522,46.72735259141316
0.2919353745616001,0.5084058625145188,2.0491132550954005,0.39995618241728603,5.937123155395135,45.479872218418116
0.27307635311741724,0.5934842550707567,2.119802013732812,0.1692652214676621,5.857322001444642,40.3077897658138
0.17012976436225513,0.5797251366229093,2.279337188286469,0.47770298612079254,5.79310196756996,46.598710750623574
0.2362902691375966,0.6256790511564002,1.9273034343208253,0.2733979520118524,5.704270498673854,42.3011598125575
0.07347419083610329,0.5147280638217029,1.8252202760009812,0.402551307395929,5.5406696301030545,45.33404213971991
0.024525700067486222,0.4639082437187881,1.8198445852344312,0.44984220122373264,5.544823340938596,46.37926536910998
-0.06379750555087405,0.5352801604917317,1.6353628179104154,0.18278295838378178,5.319020120957219,42.040273342041296
0.47373523497370934,0.5656387187186894,1.9481097352603267,0.20554155771808835,5.980695717216949,41.426239489879485
0.17521018609390626,0.5539100893258286,1.9603560246543406,0.3949061208368482,5.685269390814501,44.85189586471416
0.27908620754283586,0.5384410986117262,1.837009771144414,0.4576925334709183,5.747616577540361,46.060678602592695
0.3691193062456057,0.7406986676772801,1.7753047024531228,0.1548404944638261,5.651637028645379,39.618296448280205
0.1237355569847075,0.5823540023074552,1.845245474810176,0.19084675332686837,5.564757589595323,40.75347412075472
0.4616790053604936,0.7061473960266154,1.9808529868345084,0.17277067956115744,5.851650281638543,40.184605774287675
0.3248172437562145,0.6436382362657582,1.9880728752754948,0.18751762095032842,5.778298288385628,40.39911393242708
0.48151339086977385,0.6430743805358842,1.9030161302216015,0.34750276086942183,5.895595278807748,43.921418960683006
0.46942214087848566,0.7289225347381018,2.152704625795259,0.22985229062282597,5.933991008286838,41.637833780702735
0.3476465354977392,0.605463974111051,2.130594561549097,0.23604026993262867,5.955968437470986,42.00549026602406
0.769458508991571,0.7345119904952285,2.150942973990317,0.29699084262377123,6.297163042716747,45.82073184549664
0.4223791823544934,0.6928954530157821,1.8491668849110523,0.3597208884429055,5.817919200474332,43.903970017746865
0.37014492535850996,0.7245588926871037,1.7368123694662845,0.42388761760410876,5.645567907673211,45.22379284357042
0.08144385062273862,0.6104031095763519,1.7919369150401088,0.23670317531887775,5.51431284665821,41.95731265426431
0.4708618162596882,0.6931477724290781,2.0232915512057907,0.10260285006093095,5.948671653456629,39.06440545462699
0.2210565256811564,0.5538653689078448,2.090777521931764,0.4138479686080293,5.867111544150786,45.467142965097004
0.5891280168130606,0.6613880404986686,1.8700563221624755,0.22315058281421,6.010209393115451,41.775283111910895
0.5514014045585812,0.6332915598154365,1.7623813424094132,0.3100084426402739,5.943589217154703,43.312665411936784
-0.1401130254944415,0.5336565500542247,2.0982343340959524,0.20956663745349816,5.451309685534229,41.8257589034042
0.15838530097054443,0.5585688685410175,1.5114299106246092,0.2323125511783387,5.494844049442121,41.85286906093494
-0.04383390480574778,0.6297507722087866,2.116137773804409,0.2280115625976163,5.507415233269858,41.89181929381216
0.0068635260475568005,0.4408725199411723,1.9486788593805762,0.9761795154396952,5.648861836063901,57.0395232372126
0.21773464006012627,0.6436251118254092,1.51882194916146,0.5530195647757551,5.496732892811757,48.45675806661251
0.5236137886515931,0.6164983189938729,1.9597125073632746,0.4059176178771115,6.009672048678647,45.656245901481114
0.6559390141233462,0.651273111483308,2.082304117588643,0.2358655549386857,6.201019089764765,43.51123958147796
0.1316822099261613,0.5671230791876161,2.437949364147207,0.4367370024893054,5.8731795788652565,46.22894549460113
0.13927941040699932,0.5221763561175481,2.057773434907884,0.5259449891487549,5.674046686393661,47.70316032916274
0.2301272243034863,0.5177701476349522,2.251217416826742,0.4150477814865577,5.957508061567958,45.917187658314774
0.1332566598538144,0.5010515319322333,2.0426503163279226,0.27407971496264194,5.801159553410125,42.48243743905377
0.15224770394300013,0.487198292078154,1.895452154397257,0.46686809419494474,5.780607958487666,46.49700866643233
-0.05243483353286349,0.4390542664839454,2.183242441568386,0.4380912358215709,5.755768591564919,45.988650203894345
-0.2616547675657639,0.46893186482204174,1.9768425187239664,0.3674753761065673,5.402045132406412,45.48502820348073
0.0117079537903364,0.5194852125799909,1.7851091995716697,0.39273680301019953,5.562859101592678,45.07803028943947
0.36800009103945974,0.4630566762730292,2.1871635016406783,0.28710323225454004,6.0634235473771145,43.73660668980958
0.14091679901356657,0.6040885430649611,1.7806075764750018,0.24965104544847821,5.4838365067798645,42.27029558017218
0.5358660172697567,0.7238410913300087,1.8145433807750466,0.2669402816482238,5.875818521792579,42.13743100458324
0.4644644507496165,0.6534883213308272,2.119162215389944,0.0793214377675953,5.954881044975851,38.6421117054276
0.31989981376186605,0.6215802523163646,1.855278282924971,0.02930197461238027,5.71303079516152,37.05069324553019
0.45553176890850045,0.6418583121279143,1.9038570477191326,0.2447189168375711,5.889961537589079,41.8031260704859
0.33299411620973335,0.5117126516682667,1.7231702241283522,0.2664243335467846,5.830713917634515,42.154594667404155
0.34657866551513034,0.5880333634227709,1.9362162499449054,0.399630617079744,5.905101084202525,45.142644052260835
0.3432176571238903,0.606548457350084,1.9695735553742517,0.2105446322520168,5.835948046756507,41.01325519403049
0.24259021921614965,0.6660386408954859,1.7950216764700904,0.29377118247804285,5.598534715256544,42.765828030332145
0.39175689990359186,0.5678155249281087,1.9158824942522905,0.2162120076638003,6.022559921434722,41.91536109909015
0.36427189501742285,0.5096821364604048,2.479143163064555,0.35797510200951554,6.168842973070931,46.076618027925505
-0.0015874323418714198,0.5211442096371655,1.9791146496316991,0.28589497854899687,5.495697875596578,43.090234933918445
0.15346912185326728,0.566045430278349,1.6922790828805112,0.39555223499564673,5.491357493657512,45.24179052729767
0.3431637443271661,0.4582308559625743,1.6628825771178526,0.518165688654434,5.813458145995835,47.33698210504705
0.013142478010521264,0.5315592562938446,1.8702950252745922,0.4393795859220935,5.5159701629457905,46.2331908146319
0.14046954714135507,0.49588081742633877,1.9573063797630286,0.2797507079518467,5.670567510634878,42.425152535035906
0.1905518494746864,0.5723989415872255,2.1436626144870194,0.31220833156823574,5.843328720398194,43.318577221954506
0.13725472569672437,0.6672590544473571,1.9348372333213018,0.1728787253547811,5.57099492294648,40.39218759832134
0.42580730951260604,0.5616506359361246,1.9930735766603103,0.24699554489260056,6.057932287446109,42.78673470491752
0.22461199008779675,0.5598664212256887,1.7507631443726666,0.21164695907473952,5.7511450520215845,40.91778301575144
0.435144261306257,0.633081713745872,2.3171442397286266,0.3937621758599899,6.090878951761997,46.09867480513049
-0.005827578977634862,0.5243126107117203,2.2404587043932107,0.18984694492645765,5.651495977990484,40.712258586132876
0.07452461784639741,0.4398619722671805,2.188440195691781,0.5168178387510199,5.8554819266456795,47.57781017725283
0.12613090533250193,0.6221962580719517,1.9602128480162502,0.3901901307364947,5.606070782596838,44.802156077286334
0.548030100646124,0.6914579929955504,2.029706571599733,0.3904124151026612,6.06115476197367,45.63763034934942
0.7589500633838736,0.7264012977852731,1.8994211034051163,0.35831810934773395,6.11076679732755,45.144888535076895
0.10674219037638033,0.6987015091198324,1.865062467857336,0.5032323171320005,5.481746972282577,47.51798917410593
0.11415259430156333,0.5348389792106029,1.8446456191081975,0.6419763743313862,5.774802446925858,50.00945054702127
-0.1688118676223257,0.4676486491944935,2.0780162198378775,0.3924798704502327,5.453760329837894,45.63430764521383
0.24797137230055832,0.6245552887879656,2.4149080286499545,0.251638448585814,5.942115080156196,42.37935018733141
0.2853195275964078,0.5500940686863208,2.2403128059338746,0.5009602718875427,6.062144421295365,48.25653746653585
0.4392659085820037,0.5799803674962566,2.183200158018071,0.43166360776168894,6.030246599232426,46.425461593361916
-0.1666037842078566,0.4912632429176741,1.7118986235606704,0.2598698415944663,5.3407273563797,43.56547056476739
0.5732670679580665,0.7197045791086163,2.438216391985044,0.3921773177441036,6.242581558277212,47.340090093874394
0.34063312819095315,0.6272991653848269,1.954381425978299,0.4615144303498645,5.806622261366401,46.24346079988554
0.29612145410602964,0.6162565663333739,1.6086472040543884,0.19107722375536848,5.589147292014555,40.52439119411757
0.42452673409649977,0.6956740639371621,2.0948056913503654,0.2808963066785323,5.8958855110128585,42.56278144528678
0.29521811030081724,0.6954191301595175,1.779057050384318,0.475017343409014,5.658025590853321,46.48793608412668
0.4477050605602239,0.6283859563486173,1.7577263722213408,0.7348855116094246,5.9846999446976294,52.723497390978196
0.10943330233374504,0.4635307877034443,1.9479210453542075,0.5089796560218259,5.709297049872179,47.39981962933293
0.4609174664632116,0.6822303129882924,2.072204841795931,0.4250516495029493,5.94551594308245,45.69038681205062
0.31645259495872197,0.5825380124802407,2.046571157563239,0.20904276829988144,5.812686438202766,40.937280526475334
0.2649465331292362,0.6568702353886957,1.6175624116753542,0.10201501892917031,5.506325352854256,38.95723284197924
-0.1974345665311783,0.5906399430811939,1.661298102641693,0.32572559592954137,5.183940479429591,46.316897226169935
0.2567899179059842,0.5972868561144699,2.030151148548681,0.0937321295014565,5.759171874483834,38.48367730627556
0.26098770828979734,0.6634779036032903,2.110894005540688,0.1304015423287856,5.7270751845581565,39.20561556795196
0.27008286882451304,0.5420511829440431,2.16647018390874,0.5255890108345431,5.860736809221869,47.64936780685684
0.2630666930709257,0.689650924258542,1.4582127000994123,0.2805894031017936,5.457154489403791,42.903449716811025
0.28047481140674263,0.5302728924506996,1.742506205509906,0.2605551773114547,5.722685399975624,41.917025296866676
0.10357879804235948,0.5881098252011896,1.988221830495882,0.4327704012721564,5.5952203046809625,45.71203605066178
0.3739266854338589,0.5595213510790346,1.7769485265281997,0.2887384424535354,5.811001967663874,42.54894537036265
0.5929367626980768,0.72147946298318,1.9490684041448616,0.5348718059918217,5.946646273910772,48.04793535602582
0.11590997086233357,0.4504833556751572,2.0890315294970208,0.6816854901564235,5.798085303899835,51.1088032710031
0.21067792541794939,0.47089239348899903,2.186457678754676,0.6578124332809329,5.976669380179596,51.0117210183335
0.2182524143077419,0.6400676389191885,2.2999552046445224,0.5600392872530756,5.811563501515883,48.2961497425071
-0.19356729755226387,0.4964739939234074,2.0524800280216144,0.4808144729286448,5.397527329563281,47.89678798163782
0.2774693442723717,0.48335527296217873,2.010238092035088,0.34963374797713104,5.848485443146423,44.06364480894101
0.057444988167143274,0.42405106803144627,2.3608006343667385,0.5556726561306429,6.034173455089571,49.47447874772435
-0.029100932217741904,0.45653563281024023,2.0305729634583156,0.267033655998716,5.665710482496446,42.30844635051318
0.3019041416528962,0.5547072709216808,2.0940048136256695,0.3495462868622676,5.880098512043157,44.08460038495668
0.07961596963741624,0.5497173936660246,1.9949931559812593,0.16797270737351103,5.548733374655646,40.37641390483946
0.5367729675324671,0.6552566978219752,2.032493162110838,0.1344033751158669,5.990213551499437,39.88386080158094
0.5626677313231498,0.6971045725451822,2.0795258801727945,0.25742223033006345,6.131643257754341,43.54746808515789
-0.11205628572172688,0.5209967970878795,1.7786273585346255,0.4372105189236847,5.302063108230273,47.522460530564466
-0.1780911336798004,0.5387205797821206,1.6043127324610393,0.17393791193798822,5.135965853241411,43.64366180637339
0.5179470610061705,0.6772659676096783,2.092611975155231,0.23085299384694127,6.024457540941601,42.09002898848745
0.23662280349995946,0.578501632265855,2.1322110501897775,0.18355604950231938,5.769258861464672,40.39205322252622
0.3208127469766637,0.5894603289523688,1.9688213007888846,0.27475136152877483,5.754059670256815,42.22277592463476
0.4687067512816109,0.5640439003433299,1.8672746984284372,0.21847061235845053,5.891686110313139,41.24815134643846
0.7004952398020707,0.6897399849490417,1.702526321577995,0.19204894058551888,6.025524620448597,41.174978106607874
0.6952350755041026,0.7042125844741988,1.7951714769241163,0.3067436382531142,6.002069643699185,43.40383077975134
0.3390716048725583,0.6059027481502605,1.8106945584697458,0.34770347055652145,5.695626453459554,43.77176021461367
0.15357545945103257,0.5927524054162816,1.9560599660868208,0.3658128763682805,5.644735447167602,44.27464993390819
0.1665941544845122,0.5347656061438004,2.1566815303832443,0.4976981488470906,5.782857875807579,47.065909938763994
0.22489169643057572,0.593628292653931,1.967875403281388,0.5553976554282092,5.811814484661058,48.313310923617045
0.35310579088155114,0.6680403006404539,1.817372560894873,0.22980832265229065,5.691471839575287,41.23015958566632
0.37027383662877117,0.7291994914408455,2.2788111148496997,0.30937327547502874,5.888785959237772,43.2722253666868
0.2974412638280142,0.6134314569386806,2.057183413709615,0.07953067501319791,5.803009313502033,38.228207395438886
0.2974412638280142,0.6134314569386806,2.057183413709615,0.07953067501319791,5.803009313502033,38.228207395438886
0.12801293551417858,0.5168643797172124,2.303155396786546,0.2517858031694743,5.827278703327173,42.01283648904511
0.31797305356458655,0.5875592554691207,1.7727932632104382,0.2748710074391756,5.758734007180051,42.17204644148392
0.15243457373427238,0.5913919549338402,2.2892090614463516,0.464315415141643,5.877976691781246,46.57882039493184
0.5402695815141481,0.6394064697225782,1.897803810666043,0.49830715914077506,5.9858814279516315,47.501412313590876
0.027372692375415286,0.568060155063617,1.8785071386009549,0.3409488857084027,5.413144597530625,44.6332579753543
0.506011428725607,0.6321476543169658,2.1073965383952133,0.16705914804078886,6.0039270698531295,40.68045428140801
0.46421479000528654,0.5921811674673426,1.8580637795026897,0.20351040865463582,5.980629168287863,41.42228347744725
0.38775980866465226,0.5399646309231274,1.966256483060972,0.33544993378725535,5.979884131522957,44.178693553559974
0.18163162061403382,0.6128834119138539,2.0852923204571567,0.29130165533211233,5.75640759695276,42.83200501524729
0.26808265227975214,0.558250874022078,1.813672826003571,0.25397041922131974,5.714148196600803,41.816052864825366
0.4166657980043879,0.6254635998338397,1.7375007058675023,0.6552302175811835,5.879622693473011,50.39562777640292
0.10750004136225777,0.645820302363664,1.9416070238761458,0.24398996211356855,5.493993171079618,42.17349296485501
0.2290540557915491,0.7749770588028416,1.3967986595320803,0.23664256131842445,5.356084705119238,42.57546019271429
0.373142517243401,0.6645180824052608,1.777016042871291,0.38314015718787875,5.790789266391426,44.4997894013887
0.3425506279844133,0.643598066047711,1.9054991948459832,0.17927983712262605,5.726917858975025,40.14662102014967
0.2262987945923126,0.6214959807498148,1.8335636522221017,0.15067017261604274,5.618327243932303,39.73535164710965
0.399714320170357,0.6845064125768895,1.7371592500511996,0.23743579882865926,5.7667510000173765,41.322282626865245
0.2666074217646783,0.6472222807577295,1.9024461077899095,0.2993244187413591,5.753337700259706,42.77570332437004
0.09541877205276961,0.43306799299586174,2.1429840161623503,0.4931568041622114,5.853250335144358,47.172013148916264
0.1861758546117338,0.5694267204726017,2.0709450395384152,0.369609672049924,5.737442713239581,44.25938330396073
0.2749965593087914,0.5971115706936149,1.7441281259251395,0.19855764153352326,5.61622967053492,40.667149127064455
0.13808157094966078,0.6265504374982203,1.9879496750646952,0.2980578439574135,5.605375652796903,42.90768600254685
-0.2763284112372606,0.5110720518525498,1.92271367671921,0.46637429051362006,5.269620539605197,48.41698241821383
0.3363077254803505,0.6666054494300325,2.271925098261379,0.3101207383364987,6.017210199222328,43.930617859782686
0.1567680417028645,0.6020246838875088,2.0529329069543834,0.4037912082804153,5.73837670494563,45.093362659905154
0.1660310419333545,0.6159180652318295,2.1505162184858433,0.35351379561356766,5.719111410723423,43.93697793150301
-0.10762677015815847,0.4500647582170139,2.5087030056630724,0.41254076847991394,5.808373334062996,45.59779992820134
0.5164922215282289,0.6346951333281141,2.0198718802977966,0.30262836460167036,5.955840804190443,43.23651380085356
0.32028568647228284,0.7062206629412818,2.03212796003557,0.5003720380212318,5.722881470587884,46.859245691111845
0.8359960959033573,0.8472254939569247,1.88261699361442,0.2946704085856581,6.202035107954762,44.601844237944846
0.20867549116242678,0.6198258235271326,1.813048402583039,0.19660478510206708,5.6224754247178295,40.698452020995525
0.6955882300829753,0.6396300004556675,1.822398202219621,0.26648368008531603,6.199413200850902,44.100921540386494
-0.025752055519970174,0.6053729546884539,1.9686346937542438,0.3631110855570696,5.460280957612916,44.896309390866186
0.2541660763866792,0.6027392177024304,2.241377050271472,0.37887662079495643,5.816021448235676,44.545462125622436
0.2874679068880472,0.7037737561638291,1.9558424203473694,0.2713995651674684,5.663861628034817,42.13230778270058
0.1492130947534469,0.5242597662416866,2.0266128546717423,0.3814033651827823,5.701678716968279,44.569991140485136
0.37890520818571083,0.6109680596297891,2.526462572253275,0.41277312494003515,6.095086358815033,46.59475868174657
0.01706967797782233,0.6004635817664193,2.1853822171391384,0.4935239872524587,5.63998563316807,47.015079390706425
0.40330340570404655,0.5599268021442253,1.7813234851551591,0.48085673538189033,5.8025828687323395,46.531034885280235
-0.07564362343037312,0.48325649688601785,1.8844454257459318,0.3438012741036495,5.486248682032359,44.33273036779297
0.3543815963518744,0.6083821763662374,2.077830476694178,0.6052028155413711,6.009348598623734,49.927496609579826
0.10414277383660842,0.5653357950839406,1.9693843978035783,0.3720012178278584,5.694795063314013,44.30364254887008
0.6686569438271099,0.5405114502075394,1.999519123826511,0.2456150877680268,6.284660963964393,44.663553218333675
0.4400950799701609,0.5454792982109611,2.1750537831587664,0.4470711509418446,6.094656004111878,47.2280240350963
0.406585521985355,0.7971468593189985,1.6947128717862612,0.2851611706286696,5.660025771435221,42.27455633751218
0.5880843859593576,0.6701590146853011,1.6453409876842708,0.3394316523987174,5.940949335545037,43.91770055478764
0.44119563405449347,0.680716026088045,2.1553477450871203,0.32684876126976736,5.961803991566111,43.873861294376574
-0.007615165479811781,0.5921525902918567,2.011183584776954,0.3826636247403789,5.512423090110819,45.01447092647804
0.2937055416194123,0.5254234681226277,2.152135055028584,0.48037465201850654,5.891264592869188,46.88207747201002
0.3727037353292182,0.5788955584355657,1.74564648082729,0.23886380754608916,5.805313964397779,41.41050237748847
0.1670916366843067,0.5378351363826481,1.6406941389010081,0.21349805843357092,5.596585089407677,41.183779115338936
-0.06648274762454143,0.46971219679180637,1.9358878625405753,0.39958894246841464,5.559507434179163,45.382991913056024
-0.12374707232519078,0.4891022768340582,1.7219737995984963,0.39020205470578817,5.461155230527455,45.571638442789656
0.46628856763821874,0.6134312711381736,1.8458631492992148,0.32043752532060255,5.884292602574264,43.35583734145698
0.5309973095529859,0.6338653022678564,2.337723959903283,0.480326522772763,6.206330099578057,48.84158937057897
0.3425768696304796,0.7247880194699401,1.864605405055201,0.16686324139049508,5.742971175440281,39.93797982591167
0.24648012086903925,0.5252154849494524,1.6979324758303822,0.6074293839644038,5.835884344414266,49.30652543872656
0.5593262683074796,0.6023927999892088,2.1105474732717515,0.43322313939812146,6.074495659425052,46.72870646310515
0.05083622657467923,0.5410727017208432,2.1667540714997546,0.42855268398826535,5.699988194908266,45.63609581734263
0.37233406922948836,0.4917316930457237,1.9420734908697819,0.3567305588004878,5.9383765574234255,44.45871073087699
0.49635615195619465,0.6712396407055091,1.9337322015809755,0.4536678112108829,5.996981393083861,46.747271384784185
0.36506617330970803,0.595506526292631,2.0907789956957186,0.2004129680461916,5.87010227020958,40.86962492570422
0.36506617330970803,0.595506526292631,2.0907789956957186,0.2004129680461916,5.87010227020958,40.86962492570422
0.1800919995028143,0.5981283208665327,1.9449310964190385,0.17051588543542606,5.629006843879324,40.201896803767276
0.2424766419848618,0.5601744738323083,1.6778338799461443,0.2848943070214848,5.658281884193913,42.481182657688926
0.11669695632722954,0.5110650134635272,1.8066126666240603,0.4526767370164557,5.576740303271469,46.15141763200456
-0.07402963522784389,0.42992913952500544,1.7365461728149638,0.5736956631989557,5.477199059364238,49.20644216781742
0.284604154760024,0.5897427812440735,2.146732851244272,0.35187411365303817,5.91259910416526,44.29201171370717
-0.17618404770181906,0.485113167720475,2.3243018943346363,0.5476347135783957,5.596872481459575,48.50106378582622
-0.12948973712710832,0.5723581549684296,2.289600761254561,0.4647765815036838,5.570020997961644,46.79753824817452
0.4568848382351681,0.7323744042312005,1.7966050466628949,0.3014828429797523,5.751402212350449,42.57245597318532
0.1292316518572746,0.6563683861594558,1.8263031716577967,0.36363238922931207,5.473431080134688,44.65519058424594
0.07414644647980628,0.6276084882794497,1.701444322757364,0.254787714028044,5.438636925723621,42.60464953969523
0.34760670761832657,0.5973692679285698,1.774047499932851,0.22657541725185038,5.751386342931905,41.180005025941824
0.21035723632247866,0.5287556343135095,1.9282434563482826,0.32919206938715423,5.695311384200819,43.385415772384654
-0.2626616633096983,0.3914757223727732,1.8754915889324555,0.7088637454159038,5.4069644036867945,52.55319162070076
0.555911919319992,0.6286662408043683,1.9775809419036925,0.14967993505425478,6.015798800827121,40.315809904950456
0.36317195082805903,0.6487006087745706,1.8558207385528287,0.24469694895732175,5.73706157267737,41.5206705016516
0.355125388444745,0.6926480737011461,1.7962868822089442,0.2547054254523143,5.689856899189657,41.70171017645579
-0.13073516935903717,0.5192599619619813,2.143132713886278,0.5683135073697667,5.583763795060993,48.66359323041501
0.1889678573215559,0.6383894922886041,1.8109973597684625,0.34418250174297776,5.614683236463041,43.7758792512338
0.3082116863607566,0.5933249036274608,1.9268268247065405,0.4590971012764722,5.752032410643725,45.96021864354949
0.24141190488477415,0.5216984849842358,1.79716459341215,0.2737734790109385,5.672963009362994,42.22207300317204
0.37133759181736903,0.5735012367048055,1.688513625428428,0.34885428417803505,5.7767477252759,43.817496870627295
0.14175774646984074,0.5354304171039747,1.9356180896379305,0.35541112840393985,5.670780055494283,44.10622394746038
0.5008474333267576,0.5576190681381279,1.9709515100994184,0.28657028942444523,6.009571293968458,43.186716828788356
0.061147426035638386,0.566014089223853,1.689292935819915,0.3487428132483403,5.468444269911544,44.48529010615451
0.27209451580967103,0.45997174777016187,1.7902169384173932,0.3110157877042009,5.805725663439386,43.07202652341792
0.3679506666697073,0.7104249953983429,1.5687197124671972,0.3291161237822416,5.588301295520652,43.36123130655561
0.6300555221756995,0.7589820825301592,2.0530907673031518,0.4258428119122806,6.034308823998142,46.176230948201464
0.43263805379440917,0.6879593972269532,2.165874555112998,0.2638020827078786,5.915918989236341,42.26755609131239
0.32035708977598587,0.5383954647532571,2.0995706586304608,0.16309011006538573,5.882337781066337,40.17982482289486
0.10945428388765943,0.6203533506247201,1.6772068565000218,0.11751123635815455,5.408437871607951,39.91926211353398
0.4426133393023741,0.6282130338697983,1.85064961965221,0.2396342264906651,5.879811611795588,41.621549596089146
0.10853193626865387,0.5072908657343916,1.7948681560131963,0.14325086962306563,5.591908512406789,39.70003081671947
0.16754353435505392,0.5577073101250406,1.7992454314861481,0.25946364934838234,5.662597339539708,42.04177756370867
-0.06172967260683582,0.4830816795481737,2.011776126493932,0.5810509642602888,5.592041408480744,49.26188000757306
0.21144797248657543,0.5809309579968426,1.8831891025932566,0.4046102658199726,5.704190566706101,45.0727558477324
0.1783053815143456,0.5047344128209741,1.9343081846810117,0.2825861944077942,5.725698133570369,42.468347874946915
0.002584428276325046,0.5221556652902722,1.6504773156094439,0.32825853305686015,5.419846301523555,44.43641170589135
0.0894834938939375,0.5903467361190734,2.216286747674421,0.37427794308554524,5.669818871179683,44.45471012944533
0.8109364375266259,0.5709155945267013,1.8466469582424967,0.5629060470456443,6.390674235867243,52.422535969671046
0.37557657809536715,0.6202351355072151,1.9550711661617493,0.6294593829979505,5.959774461577611,50.09278005965716
0.3092421880575096,0.6018165778074808,1.9343859624136606,0.3035248865151353,5.754051700674295,42.71875598088706
0.25609887839602435,0.5608614028659124,1.609598701396789,0.40655300941433165,5.589618174399534,45.14850272828371
0.0556334628722539,0.5244262552452097,1.8943559519262188,0.18041473373298506,5.517843115166405,40.759069210501146
0.29632384413403035,0.5611764533936795,2.2591544169383173,0.22641745848498032,5.917689798302052,41.65482333762498
0.2610171407543995,0.5196009948367034,2.33674832927911,0.3352843351319337,6.020669139874227,44.50028299262681
0.43844554736332564,0.6435653311887759,2.1733201924928,0.370686409754596,5.992595651751672,44.951469384366106
0.16641026184891894,0.581086250151296,2.2085978360839573,0.19248484819951128,5.767904918679824,40.63873686202917
0.4373849746740671,0.6226387933818458,2.300581313782999,0.3988552184936059,6.126066548726555,46.457390791219744
-0.011719451618530496,0.49642599334215404,2.2847699176998506,0.34823986882209895,5.704709645144626,44.01862926907059
0.2714966108813921,0.5787187367875101,2.0963961728192912,0.27132909473223626,5.85795345391709,42.395580617659306
0.4678403603164981,0.648178701863618,1.740244753751293,0.24049738330471873,5.898142178654375,41.71680752724024
0.4605118788361471,0.6223763696522246,1.8134719319028048,0.39459845473393246,5.867333244432093,44.84767881053438
-0.18164259261715487,0.5301396843727084,1.916502609899558,0.43223043709035636,5.368558400356336,47.04267351536295
0.3632709955626293,0.49467043121835863,1.989034616945017,0.2371072561049961,6.021159437564155,42.346042554116856
0.1189089060722871,0.41346483147443486,2.197298755270909,0.4854548104812093,5.938744775023647,47.30908027646622
0.3355914038792997,0.5841016407535363,2.0203249969282777,0.241152045899973,5.933477063231822,41.97708665496298
0.1402090891092861,0.6153556381190807,1.5059458628634257,0.34423421092777107,5.416826960742098,44.47090824101525
0.3444664498118418,0.6872314147648511,1.8044429849212156,0.1924384644989342,5.684529861826676,40.42123029935499
0.5172993586164727,0.6389719844463432,1.9965642921458238,0.26192141868284047,5.984542620585222,42.60084344730498
0.20234505191061813,0.6079519479621763,1.6651471256924928,0.27665492322822133,5.699786755180458,42.30205681313922
0.23650662671016764,0.6264889140860018,1.7768351737987964,0.3293329518187889,5.6439297924309875,43.406754805124514
0.3168129559834349,0.6094345542753216,1.787735330896151,0.4525142668040928,5.65914374668205,45.83345848683065
0.5234979183838722,0.6487404334027385,2.0942162000838715,0.3803345601020482,6.089080349046767,45.71645782841027
-0.13313638401689853,0.6265793428173395,1.7155051876042857,0.49115726503503904,5.277412649533865,48.87332576090401
-0.22315748292783227,0.5733171191821799,1.5533959549507794,0.531459230058914,5.110235492605319,51.439621876544926
0.4398107138724106,0.637386403615159,1.7334255930138114,0.27640432253288516,5.8528967718807845,42.27587594498799
0.10685723021052007,0.5343166669167627,1.6397943783831248,0.39729986046902055,5.565219620403018,45.2095044058054
0.36744654787934283,0.5760151595534518,1.9312350365274615,0.42973844133147926,5.938511624379393,45.967344556308205
-0.01957186555721313,0.5888179803262076,1.9586712907750572,0.20237874006963874,5.419887454098717,41.75354565356394
0.36775630759990385,0.6667347605513233,1.9588566597411645,0.33691776555092895,5.781942682137064,43.49014823615951
0.20503912796521379,0.5327334125443115,2.0051684664852862,0.28740378572587794,5.824553405940366,42.715569153504674
0.30728382183272956,0.5666248332653145,2.067639029171311,0.27970424009506273,5.9162204933659455,42.822768544436016
0.27771182867826294,0.6160274338673685,2.024144080267302,0.22958993790637783,5.883162274905768,41.619587842594335
0.4959644581385136,0.46520809494429394,1.9859907884466204,0.5255306399686037,6.200811394165408,49.70834266203276
0.05681035292002634,0.5411146344060274,2.217016146642404,0.2792391600726654,5.693223551071455,42.50321401597527
0.39993009526803003,0.6715257660467329,2.0002543490635323,0.18613923564434603,5.832688886406551,40.45680716134873
0.2225376595016214,0.5796587844677292,1.849868631959611,0.6386883531837757,5.707369767158607,49.75507433079417
0.38738272833062326,0.6288957987743774,1.6684873493452406,0.44082233037113067,5.6671870724816475,45.520427074938986
0.3031314533109587,0.5824664795633676,1.9161264260090234,0.46787579261976886,5.769420578824252,46.15414079799973
0.5029526670989306,0.5831278537224399,1.9344042898222535,0.41015223991037425,5.946556614037963,45.39148392750343
0.05260866071490877,0.5454982775167562,2.0673944769571837,0.4510852835664554,5.665393265515179,46.075593490141124
0.15828398072551836,0.5188875244214682,1.9106493598603431,0.2804135597280811,5.765875653797711,42.54663341596477
0.4226474170988562,0.6596201336222113,1.8333142571789258,0.2327137433595832,5.7866277922204645,41.211967645935474
0.14705327650211253,0.5543818955151093,1.7315958056599063,0.35320237571028196,5.502734639684517,44.21967053972055
0.020902598672055017,0.5925556017807132,2.5492370921755056,0.6066723004138239,5.875870791816609,49.66341138598132
-0.12408386999355914,0.5419540833961146,2.1107861914957033,0.28172685772606465,5.4605144724711066,43.31549102268577
0.42605927450782227,0.5522176415014336,2.164123063872787,0.3110923304787835,6.059484121796736,44.19316169119982
0.5211285466368798,0.6995284978650658,1.8820119765145849,0.3463388309375325,5.939540060303093,44.113640933884284
0.36127298759435295,0.6629234397765847,1.6735626994522965,0.24986625891370579,5.722143895721666,41.618676402244354
0.504062192015794,0.663580165501982,1.7775262136568504,0.220010572647375,5.93337834128891,41.39077809268801
0.128649995822275,0.5936034776335585,1.5113102380789605,0.2726658098197396,5.409179205997508,43.07393709288163
0.4005546248289791,0.6548791210115692,2.0540926641573964,0.3105111239584407,5.935157824052929,43.38382966169133
0.3118797537890445,0.7222851412961003,1.8742790561915568,0.2261523702943219,5.6416125210071355,41.223945155940804
0.3118797537890445,0.7222851412961003,1.8742790561915568,0.2261523702943219,5.6416125210071355,41.223945155940804
-0.05641718674210594,0.49964839648636794,2.019654204449705,0.2293114914162716,5.50024639223589,41.976150033883634
0.3845971502774165,0.5816387321134568,2.0459188918033893,0.3210267285518227,5.985797055494427,43.81206087966024
-0.014725702705366772,0.5505818215698592,2.4650977153274938,0.273319530621923,5.756701971132973,42.44726729832683
-0.04099068214871715,0.5834282674871114,1.8464810786619574,0.35092381178665244,5.464637134283573,44.66659989715655
-0.06179011782342303,0.5358488151708202,2.127312247028467,0.4267003911447431,5.601538394645237,45.81479833852143
0.07800613834472547,0.5116941758328807,1.9294808552283205,0.31154580695881323,5.615159812183993,43.235326438112345
0.28158411677457956,0.6031732571047161,2.10319462826812,0.2820613368218742,5.895413112947901,42.75720613208697
0.2668312088582847,0.47223371195501934,1.6602727713840069,0.5411843742590992,5.720405932900365,47.67292903293085
0.04665589994893771,0.4233095900966412,1.7971284391807827,0.6361541842799655,5.676570141351924,49.87231952301953
0.13131967701193253,0.5059849830968831,1.8595194204240952,0.25862081230686707,5.662449689021325,42.0170859090195
0.13131967701193253,0.5059849830968831,1.8595194204240952,0.25862081230686707,5.662449689021325,42.0170859090195
0.34491853995867694,0.595806323522939,1.7903770236965881,0.27417378441313195,5.717671531105976,42.19315093102691
0.2801417944022141,0.5807875528301035,2.2336953196421283,0.2498248130949535,5.884300074270048,42.07218934690699
0.17698020202537035,0.6711115893008679,2.0404029582703616,0.14267863444303167,5.681370958662711,39.57236393288276
0.261384179857698,0.7148800855117216,2.2183686287862754,0.1958691097656721,5.762392637482275,40.66177630459104
0.4694569157371355,0.630849971645066,1.9124738671737933,0.22924116126325358,5.967839519543754,41.72521425569489
0.13781553389138013,0.6251958047069827,1.9139330659500027,0.23011428605497583,5.53703428407251,41.65794656179374
0.6533305203846964,0.5981394793555325,1.8067250156878865,0.3259928908297832,6.1196728456540495,44.648087848267686
0.24988146694767466,0.6245397621511944,1.8450321996954857,0.2234699159633087,5.685013678720802,41.19180816659182
0.1402450701488167,0.6498287703487423,1.9877368535274802,0.25616606221695365,5.600669959023641,42.076035341579704
0.6658717840300706,0.6333311725329139,1.9410158458169895,0.14936875872607475,6.078569983420191,40.67585463732456
-0.1541364383787599,0.48040091534029306,1.8118236951865372,0.45767269753970796,5.373274295246017,47.480687471441804
0.18466593713910834,0.5876616609007663,1.8682367646397502,0.34762081355978125,5.627925751875936,43.837641382160726
0.4586244379213202,0.5505965921878837,1.8339280776338054,0.3843793756736021,5.993601572157392,45.192158673190846
0.03044198426624456,0.45848799929034867,1.9467980691423068,0.3778271316285683,5.646084510520956,44.642254649227354
0.37206155992402984,0.6050339791944417,2.0655249936485345,0.33642508041728575,5.885842060744734,43.79921646328803
-0.017425672365720568,0.5356670284155725,2.0584548282524935,0.2709330036231085,5.599428604398787,42.48092760633327
-0.017425672365720568,0.5356670284155725,2.0584548282524935,0.2709330036231085,5.599428604398787,42.48092760633327
0.26077458562772216,0.6048768896541493,1.92595446317741,0.2683648750832962,5.666055446977641,42.18498957679577
0.5515678426230975,0.6460717163458577,2.0803128557930464,0.380287540094729,6.036678131031926,45.240964588568076
0.19480472852636377,0.5870667765144263,2.2566055179611864,0.27250941837220055,5.781706630790895,42.34011936642866
0.2524727197818306,0.5836085242711245,2.2980064792675345,0.4603458309284346,5.94349815498821,46.72364698751454
0.15162074248903368,0.6345681816273779,1.5602392304578698,0.2792696827584483,5.417983116437387,43.19821633822741
0.12931238774952958,0.6526257894788424,2.1580692927190634,0.3892955039387379,5.666749305423341,44.77915990161306
0.2931029342866247,0.7006190287710409,2.0733561491335375,0.35563064004366063,5.718553573699406,43.90625196032837
0.20869847326535035,0.5811869192290605,1.996368575641917,0.3409718088162363,5.751586991812658,43.66577686819507
0.3117452831764998,0.5949722357145466,1.8258356637865827,0.32584043236251925,5.721966483068727,43.189350395515035
0.1780747247114347,0.5035487594508397,2.1982846401424276,0.3359594281450312,5.905866493398511,44.00727469311686
0.019240053373532073,0.5316372761894745,2.1231164483036062,0.2756055867107282,5.632885620021225,42.47963742542077
0.360067280634061,0.6528306719023698,1.8792926378660382,0.38269630556352613,5.727765360537915,44.300602639037265
0.43604382765294925,0.6924866691748548,2.066888792295698,0.3041187880333332,5.85825784191796,42.83897344052137
-0.023667131669962926,0.5240812252329641,2.1712017797574705,0.3521711868536836,5.597620206151659,44.14820210053102
0.12414794109554395,0.4394956471005713,2.2227191133078317,0.5083397338545548,5.8450750369386,47.4649793572506
-0.013088774751326526,0.4663645605340761,1.884864551827029,0.32474754841331077,5.5633686177195525,43.65124608065212
-0.10707869395994984,0.6063558678794511,1.7379357147986638,0.3762666141942232,5.264813475465415,46.64012524883587
0.1886987591301696,0.4875719166884116,1.8468002043440603,0.3114323443550688,5.780950379673255,43.18928600163047
0.2587233233929638,0.6478633412340861,1.8266316563685847,0.22018433163406226,5.609941622528895,41.147734940449894
0.33210011017127405,0.622581454362274,1.788429762343068,0.3705947674604681,5.683599126295811,44.15359466480841
0.318465956314671,0.5843330758846619,1.8416432938279672,0.3130166767262907,5.709622983816997,42.958387376402705
0.2151784138479489,0.6271652228692863,1.8159036634993964,0.39039607425376704,5.574681695967758,44.89622456440959
0.42449411228993744,0.6370666416646339,1.7762169824918135,0.2720662718118673,5.8134285464778905,42.15832783365259
0.2326519606941998,0.5674776145500429,1.6401085129041535,0.3133305220149895,5.6742926545354075,43.077899062151175
0.2001745062132177,0.5690640871748204,1.9888269862236574,0.4804330427465837,5.819214995820523,46.679411279937646
0.2001745062132177,0.5690640871748204,1.9888269862236574,0.4804330427465837,5.819214995820523,46.679411279937646
-0.11042385313312497,0.390643059135023,2.2247384741935115,0.4701689615629412,5.787423329232897,46.67303616112097
0.26764138266670234,0.6271608660268019,1.6565773144866927,0.12608583328547637,5.567013963162831,39.27423872196165
0.4291534895361249,0.5938700185873863,1.903603960686364,0.2266486530262441,5.909017824517623,41.5361364900798
0.42391928253882144,0.5446023481697407,2.128366809132234,0.2185651545460751,6.095127587136572,42.49526560238333
0.3574876250949535,0.6186862908794102,1.736985830431903,0.3061003885259722,5.848622413211305,43.0425462197983
0.43750373189864233,0.5656336249971077,1.9729521913731425,0.19933036469448973,6.059450713787754,41.78481464939888
-0.09322267049272415,0.4386546046095663,1.9106591214455069,0.5128132451920635,5.468040394208169,48.12021370606232
0.43927898305792507,0.6522385573941362,1.989845339647753,0.3386689498570407,5.86470994905478,43.70056185856327
0.042441683735061964,0.6105137199460244,1.6744356626823562,0.28543697048941824,5.433950278710693,43.282674100419314
0.021870113768235444,0.4048532285597998,1.9400016941872906,0.5853904198671545,5.8022913240611125,48.91370117676995
0.25791446834979015,0.6021108075989612,2.0595168630523286,0.21108078438465475,5.803946805297651,41.04321531565978
0.33835966809703755,0.6341269599479087,1.842457275560835,0.19649970879615475,5.769709313651076,40.56298883674073
0.038388860272266234,0.5570958138172794,1.6036154613231897,0.38717645696643926,5.455172612738476,45.252987157057554
0.24819968904057177,0.6592801182079567,1.745904694562794,0.3447164178465403,5.585733004468496,43.77693446988577
0.001906818067505145,0.4534253272890334,1.6995745050480564,0.4926852121223284,5.553744354527405,47.15737695818699
0.26116249134524927,0.4209082773751039,1.9491559821864055,0.5029363351007189,5.939225003705259,47.573282957294055
0.1769041894823895,0.5765766244603329,1.6855979651078097,0.20014856130903969,5.597258310549423,40.83431396008597
0.11851339269262762,0.47868287896028056,2.058505910465865,0.4507765116572892,5.921471782821114,46.59929852005377
0.28215998163872946,0.5638170839292438,1.97049611025556,0.37838026128334257,5.959707361275973,45.17064086675045
0.4183221648707741,0.5605345505796885,2.3406806894566436,0.3394648124995961,6.177079969409304,45.70503061126476
0.3540148685982731,0.55417579760703,2.1863114744073453,0.4059103036388591,6.055831222290557,46.03313374475493
-0.059523671675605794,0.5598293061824751,2.037030045536607,0.45459972538174176,5.535453391136858,46.559177597053576
0.46933709908745064,0.5620494582709472,2.2577591562476815,0.32317137434909954,6.171271519700666,45.26317172223312
0.16821684001947723,0.49840156759316984,2.2517128119258736,0.38024653271498626,5.890979468417868,44.98177786987814
0.41236762945762345,0.6910841105398812,2.2700932408623054,0.27354069944851606,5.958786400839523,42.7195284910295
0.27355004082633816,0.5670577653871999,2.330315157759982,0.22533939806939135,5.988855457546653,42.07970628848394
0.13666280651580898,0.6938344613256178,2.137073221460901,0.621998661527934,5.617341607027025,49.67706851871001
0.004629593773986973,0.6221064940350534,2.4860989663312836,0.622425588249038,5.7421038278342,49.784740308422464
-0.04912017601229668,0.4625536490387797,1.6866315780800714,0.5909191978316873,5.51235062221897,49.55092964603455
0.19404101088214348,0.4677504580028392,1.963559130088946,0.613843758450375,5.844210644199501,49.77385796340968
0.37467779736936585,0.5888413791791673,1.7100422023751196,0.44719934802719363,5.754507557138342,45.73813414907884
0.3174216385413834,0.49951565686779115,1.916731259373703,0.21013481026015307,5.919608950480817,41.31233201786377
0.3081969067079492,0.5438157380224644,2.08506464080339,0.5336114400166491,5.959402372844587,48.09583228845615
0.39995014802534573,0.5589026241056406,1.9140838861775173,0.333047775126892,5.945414147645261,43.876374244000004
0.21720653869654316,0.6604884671498902,2.1429890893842654,0.3760189321776482,5.758258453340723,44.39005328970863
0.5194613574609719,0.738259739363231,1.9676710408227307,0.2852113457350774,5.919314953811909,42.64842338202413
0.3456602899166364,0.6033339313561122,2.282216607320944,0.2504929952199512,6.007079992827301,42.6334284311636
0.24561318327742698,0.5111216908547838,2.0419138065283993,0.16137390268406837,5.791395279982078,39.9747744450382
0.5299888919491138,0.6623639126347775,1.7404420106534992,0.24873285300869205,5.855234911855579,41.58873507050665
0.19190750296934034,0.6775856513950835,2.026953284508772,0.23604587107122812,5.659205558387395,41.48604853561348
0.09365107803696704,0.5498269942416982,1.9356332499110085,0.21740840070255654,5.539572849185834,41.45544736259245
0.5082711358974717,0.4697883190084074,1.9707644385077219,0.2740092392441175,6.136839992691765,43.927754778539516
-0.0569593269385863,0.5624868028704638,2.1656773219610392,0.6256256573892686,5.56318277041713,50.15633055700819
0.3290702234619139,0.6075522375608438,1.810915630415515,0.28801838534770635,5.7444761197255785,42.52824297659262
0.4576684556851036,0.6006399644270398,1.7630456836026869,0.27005306748496666,5.844289779996762,42.21487630507159
-0.06622702487269516,0.4461652266096776,2.0057631846329835,0.3460521631266508,5.614292883290007,44.08892319663326
0.1947608305037858,0.594469140043705,1.7816772834547128,0.21062291865049557,5.597898207353289,41.04639314707559
0.5748370348256655,0.6308807153153329,2.26226964712247,0.3444687638503641,6.223054047200785,46.18129007299567
0.18903056170228327,0.6235409541274204,1.920862047962586,0.5378138555301328,5.68396417257729,47.74188674374112
0.45417302644414587,0.5831306859948466,2.1589588753298443,0.32711396496767664,6.02421545189635,44.19540769944126
-0.03311151115384725,0.5825071832328143,2.099068114799387,0.4690373353694091,5.523482847171106,46.86761445986752
0.10080488941349275,0.5630983659723269,1.7331061975567865,0.2987435909410693,5.468170498633773,43.31493105300968
0.22334967167700204,0.5165429284253353,2.207043040314727,0.15439443138991496,5.916537181784088,40.23692739430152
0.3645263391125386,0.6352761213661354,1.861760524676932,0.06138892574651751,5.783437385696613,37.757768699988866
0.5559503352313195,0.5939442185801799,2.3023719214160865,0.6270284462709939,6.189731003277286,51.82621275028131
0.21485955540892432,0.567246286652175,2.130539770669528,0.3962694948337196,5.866606606352941,45.01408553708019
-0.002533216504221114,0.6507149018229748,1.8615303011751343,0.4604356176728929,5.3394067932409754,47.63753088230636
0.0886979997910855,0.5055140821470949,2.185584992008529,0.6086998331467541,5.785308612641801,49.29727182616305
0.3407146081782253,0.6978454387369123,1.900566021036211,0.3116757261145654,5.716158673764838,42.88534425857689
0.2566388221067448,0.6235593037476909,2.1585789604565986,0.4229991985985884,5.811998192699862,45.342566977755034
0.21787167388218676,0.6360803493163494,2.023741818343147,0.19132625427679914,5.631939380666367,40.53895215609984
0.3766281650012453,0.6358080635435349,2.2566959044444443,0.23698824812462968,5.912055394958939,41.78215953768259
0.7402278392346346,0.6751195645248597,2.251851670074789,0.45643947960721876,6.3211002662737705,49.40915225603284
0.467449810114453,0.48753817704659064,2.5145923832335937,0.44925928257090153,6.326788889046413,49.70247403022655
-0.07719359198549303,0.5894130709048274,1.9472453960105176,0.32715620552518404,5.405259655855068,44.41510433776934
0.25011072197382545,0.4652732553418749,2.2021014374835666,0.34818278316379975,6.08374843903637,45.24822920374496
-0.02965562031993263,0.44745991588902184,1.900885272331331,0.44147761325429996,5.559630850658914,46.12926806382357
-0.03137830402821484,0.5268834486606466,1.881722696062102,0.3351839858738434,5.461964682124424,44.32007403240619
0.4758423266979775,0.6786925822430315,1.6795477166928636,0.21965192515035023,5.792077442206191,40.936525898670816
0.626097151874798,0.6602232746734863,1.9133017080918902,0.4468223352633315,6.040295611244761,46.66379835157544
0.36061112757409,0.7024544754921163,1.8314404802102957,0.45641192721442214,5.671221150041854,45.8366654480729
0.2402827515227106,0.6433555412971611,1.8882629546622476,0.5267083012458152,5.647649554814139,47.52006172887944
0.21416509979770015,0.5035763138502297,2.0370093684660504,0.283722606249448,5.870880267356901,42.81181789826256
0.36556226343027676,0.6118994418567646,2.0052636170448035,0.36402896994302647,5.8828607618057545,44.390502331152106
0.13216311490240396,0.5932448993306402,2.017746585186107,0.3710614494559963,5.634722560357995,44.39488839995926
0.3573241641155219,0.6095680610840774,1.9120687396042129,0.3188672283014202,5.785539458664985,43.185838550195456
0.4762600603951119,0.7353189205525988,1.5836743889255476,0.15506363501140283,5.726623265062868,39.558299855605135
0.24487247562229442,0.6186440990436876,2.0180271442381805,0.3982647375506836,5.724955264010409,44.81487630854987
0.3514566273835342,0.6414658666098894,1.7671057002571526,0.3949178799061884,5.829521617555411,44.82916872142559
0.15046724574916565,0.4133535920409317,1.6481945430602387,0.775719820036135,5.719919861197436,52.829242236031995
-0.07381567052697557,0.562929583391035,1.4413205763718313,0.27789515052533237,5.1994030493762615,45.098199998949156
0.4366916668937978,0.7394851207544637,1.6526981821288247,0.15902459928699064,5.681184774605205,39.595715290894006
-0.00028424919582614727,0.6414167401733692,2.0621735453824175,0.331395668981872,5.531826736706233,43.861948962677
0.47553009035799265,0.7025704784058882,1.8399796473709857,0.2974030903189843,5.8414245624073144,42.72364266627994
-0.027978846384693834,0.5633445436170862,2.1627266676704613,0.4918099693961226,5.52730285930716,47.22999149956863
0.31860274748766915,0.7188521031315039,1.7180879613321063,0.27562045558867065,5.578000811890915,42.337165382889154
0.1414379585988823,0.5145431819730065,2.0231990762773946,0.3479042924789974,5.64890834086162,43.92374355392544
0.2433362877071547,0.48464250300942957,2.086220867292854,0.16176706595873414,5.878587592470961,40.224268587766765
0.20136152212407932,0.5624456539661373,1.9165402477067062,0.5200367855888771,5.711862238550416,47.336363723538646
0.357739958245061,0.5788274745149439,2.11285805896875,0.3711372862723556,5.908847111710661,44.60114056589474
0.44389373165191626,0.5398061188106705,2.0387631552890624,0.4937269190943514,6.001845167500238,47.53995845616842
0.44389373165191626,0.5398061188106705,2.0387631552890624,0.4937269190943514,6.001845167500238,47.53995845616842
0.24742002176027977,0.552288048586243,1.9820309855999096,0.4527908088673553,5.753111183670901,45.86057223657279
0.4790712386405989,0.5759274541000113,2.1193991375715964,0.4560873066045056,6.13323437756515,47.762146836257244
0.37929843313737377,0.6878242853846143,1.996160061603426,0.11347212157510049,5.769270756668904,38.77042411315219
0.32070726298923585,0.5806226312018455,1.9823215407267964,0.27175929396389154,5.880790872157557,42.39016470147808
0.014733218580053165,0.5475815483384164,1.907831777729574,0.30707205663052883,5.527800053058665,43.43648741960574
0.7367965926047237,0.654103369335451,1.6342534817030276,0.2118877682293399,6.116448803590989,42.20406834602915
0.004866397430554503,0.5526180242315182,1.5736301763395473,0.24564916245477783,5.394617927503057,42.7202385428187
0.16889148720581404,0.5891561234975599,1.588980670562595,0.29191101508517064,5.545893863080787,42.81474217950998
0.05564017142415312,0.4650587563138721,2.0416356968378757,0.39014790893985746,5.679215425948317,44.9370112587949
0.20311565042704416,0.4605024183175319,1.698954111288898,0.5823163048368288,5.739011009157053,48.79365851990998
0.04865079384678339,0.5808099201549936,1.8111178467440394,0.1684340427763465,5.429843750906224,40.91510409469449
0.07839208881055115,0.5442578769456986,2.2739839111647697,0.3870940269356023,5.769211944821635,44.96063780360112
0.04536151502171937,0.46535014657860707,2.454457722950535,0.45841861374584564,5.907092744007647,46.82671231183218
0.3410095929230984,0.7207900781770168,1.6521283769186847,0.2976847818541719,5.669263241604611,42.573712381591626
0.21918929716041669,0.5268099138775547,1.870885118982384,0.3113580347751176,5.77030765675143,43.06153875602316
0.3219815218351419,0.6510165639715397,2.036340768253004,0.24093424413092537,5.8297903009342775,41.571865424156535
0.35868186750352044,0.5904306171938729,1.7923740896229412,0.19719222667447356,5.733677394439038,40.52368590379746
-0.08193718774037206,0.4503601300061209,1.5450031597226461,0.3086298325415573,5.369892279282697,44.275739195802885
0.052722839388912535,0.590800229611936,2.005734724626918,0.23303922962497897,5.593375973192255,41.7059142316456
0.0784337218454485,0.5562726033249945,2.035255859765469,0.18394435516331492,5.574240452665065,40.71348966595992
-0.16268544249442185,0.5153307504036392,2.165099757329295,0.6904912368992075,5.5177436970492435,51.366957461694334
0.4592951060317669,0.7042533424125682,2.0305878333218668,0.38096702476608085,5.925997972856184,44.83792952028227
0.41480495993770183,0.6608107547947168,1.7234850269887543,0.34512498464654645,5.740912488155761,43.50854212998396
0.6606824251653804,0.6748367379953972,2.0142273886702413,0.489516380763464,6.16853572672668,48.49325731896661
0.10588126893442862,0.6421527795111756,1.6428440278384981,0.4250923253555955,5.4874673597753825,45.92359099352398
0.5313481352221949,0.5508464585866641,2.1588389836523065,0.338488256427615,6.115860790195804,45.01072137376799
0.307162733541893,0.47812350534155307,1.8057034643732508,0.4626766104943232,5.823139660760215,46.3049623323051
0.11784799943735835,0.4679715312507008,2.2713544617710886,0.3547290211164614,5.832637384190404,44.249266441496964
0.15351663711174318,0.44487044398378406,1.8484150803768118,0.42331680820309886,5.80712023820383,45.52486986150887
0.463198056602355,0.6226061822356999,2.2670216871114715,0.3456984531050211,6.194860173644942,46.024508967408636
0.21529612658878194,0.5593191755756609,2.1659591444590998,0.5286221544513549,5.857048040668271,47.77147241275404
-0.14891421735822252,0.47927111049557347,1.9295433622728706,0.4445755477769411,5.461269801840603,46.706330702148
0.4709391856839792,0.7019018425712034,1.8366087320422464,0.26638689568982726,5.844576340400628,42.0767663853466
0.4718289899185949,0.7054317820979913,1.7751354698201964,0.2521590274142564,5.880684246995388,41.87956063292032
-0.025116554055167883,0.5472346522798022,2.0693591162978033,0.2792176751011548,5.620860552929828,42.597622893113986
0.3315598136924718,0.6420067847020997,2.0720573870946914,0.17749267905320137,5.85365618564545,40.36951615136012
0.15112776297760722,0.5908728036478151,1.7437560733920714,0.2843177395250228,5.487285063224435,42.95911269978925
0.2926879652169731,0.5226153504920916,1.8083470234407673,0.3616394385827214,5.795155613901269,44.13425484591215
0.2926879652169731,0.5226153504920916,1.8083470234407673,0.3616394385827214,5.795155613901269,44.13425484591215
0.47362305824764356,0.6684141711559912,1.758913354018648,0.3886106370388262,5.879574526844631,44.78819726494484
0.3174604375039691,0.6121196725970313,1.7275284479128423,0.3630291262310791,5.67553100182855,44.075103175825035
0.2495963667367076,0.6010380546901142,1.8193522399841198,0.2910789261752331,5.666029946599578,42.63106272677911
0.3603779709243048,0.7055174726106539,1.9290284005705356,0.5476923156588386,5.747861386123094,47.88028891398169
0.32326542328819524,0.7074715776703426,2.2223967166528027,0.30662832928975586,5.887235935744748,43.22560467068498
-0.09424192342464166,0.4298738257505144,1.9583819607559252,0.5051548267596746,5.523463822102765,47.72261863224267
0.052337130911167096,0.5242373754147388,1.9404857510659101,0.2260839249109452,5.512121556129024,41.726034395376985
-0.022167023375817663,0.4852989615309244,1.9404660481512777,0.541262605766623,5.646101645763882,48.131581000575046
0.13808314378923692,0.5619156901775845,1.9524554841384922,0.42037106387452094,5.685750894983828,45.47244977577935
0.5536565846380982,0.5963407495216528,2.1742025488202725,0.44799469034306044,6.278580432577341,48.885628376349764
0.3271291384810615,0.5740744059450548,1.8842275730189877,0.20804151850420405,5.817385605880348,40.96921422154973
0.4377285270489145,0.5436529070873735,1.7886487506554813,0.255691920584005,5.87171896966304,41.90578829580919
0.3425940205317657,0.5910166814000535,1.9356672239993435,0.2570163924882348,5.7974579084926035,41.843833665418515
-0.0008029936251716663,0.6157313388504453,1.7317267979684225,0.306281692506242,5.414861672602688,43.9533542804256
0.22049078306517256,0.6122080161303456,1.9187244249615318,0.5300472531150299,5.770240148575783,47.653190445508066
0.5300638254451225,0.6107067481369156,2.11775452326054,0.14307902333280612,6.085223037060622,40.739351644164564
0.2624482802661318,0.7191072348862588,1.7582954554480954,0.36343072318157715,5.588967887881562,44.30420569185046
0.3297661208307324,0.5227033401823078,1.900203540412923,0.45839098279549517,5.845358365621125,46.122129151216306
0.39714439666749024,0.550417991028618,1.768686893184126,0.3690662242734901,5.878553927166057,44.47424413535845
0.4141998864338482,0.43692305305177925,1.9174191082540708,0.45552271401560107,6.07649015219156,47.2346002933995
0.06574421562872723,0.5290220177303464,2.1337635710007374,0.5904420168988682,5.746238151467229,49.044866181429896
-0.08508425282295018,0.5067920420220149,1.9718745667837532,0.6139765504587125,5.5108772398661845,49.985323009295314
0.1742204278391108,0.6491226064381596,1.8410463547514233,0.30036242850073686,5.567057221374231,42.94462436267253
0.3936585039292788,0.7021752710113834,1.9722531518247586,0.39000730926132976,5.776510335042784,44.52262882300927
0.5316172294734198,0.6918208405359504,1.8398900274995538,0.3611892421952641,5.9484209558607155,44.379076180522205
0.44837310683042986,0.6927353198044961,2.2778405403340525,0.3719784727445271,6.006179793482677,45.01243566007473
0.10610210099456274,0.5637922120058624,2.132347013888654,0.28397395861574576,5.702245707927917,42.57936099078843
-0.053162063819529704,0.4663593019039429,2.205894406508682,0.38051757578098705,5.6718347750433225,44.75562552960619
0.20096488178478794,0.5178389788132192,1.7224990354335334,0.3299714622522549,5.612221673495375,43.525768147391645
0.23259525340487164,0.5277059092394077,2.271026528845428,0.2490475350111916,6.011346862798284,42.73427210612153
0.058772513399856674,0.5553342433659121,2.066911467543349,0.2125778444903295,5.604079598289447,41.21969342643885
0.3164365332261002,0.6936111275581172,2.008121679659348,0.1711197346183114,5.715622808411311,40.00723631564352
0.0018791034046953259,0.4229535804783293,1.6198029458527112,0.39873124917650726,5.579789887739355,45.14878013460438
0.3141992014790953,0.5824030164803946,1.7832124319994187,0.1301324884573849,5.695520797429751,39.165630095007295
0.4955209272610719,0.6011871439604817,2.0791741184336736,0.254717895168346,6.003908594307381,42.5620793036897
0.19259289069058982,0.5966071119476369,1.882794469772568,0.17011438153221214,5.597364644857096,40.20737235861563
0.05668241780442862,0.45900013751833424,2.1470968175449654,0.3463998251085417,5.7465638871685405,43.92085353818396
0.19411978549329967,0.47867004317398415,2.031286266546021,0.29976149635177896,5.821362384590029,42.96540755795685
0.23339350076202858,0.6499913801863905,2.2378301332409594,0.3208817886520127,5.761390054892524,43.26622994806836
0.14894031306528888,0.5988172162804231,1.6394072606497125,0.2507370470109703,5.519345242684935,42.175479444061864
0.3318114686336165,0.5774625829752643,1.9801529416780745,0.26793488838735163,5.898201597801523,42.363594355020254
0.34851883719177634,0.6173331174556791,2.0285134570170147,0.31053603567433186,5.798989431544815,42.950464897579195
0.29192279077710026,0.6170707329864834,1.7740334635399961,0.3378959104809627,5.632060122215023,43.577474835654435
0.4964851688637595,0.626249754478567,1.8416771721748155,0.09890655708901722,5.898567255373201,38.7034776356648
-0.0507735449127269,0.6242569368229804,1.7246527693737796,0.33325420647188225,5.316431669565538,45.09626419776655
0.03889697104001788,0.5387826914744432,2.3171381440441134,0.33127912161594253,5.758444872798009,43.644117478236325
0.14291879573315558,0.5673311715251025,2.1550813212416924,0.2544961702466864,5.711366356769902,41.93446946146266
0.038750092720895135,0.5404373220420887,2.150664346319555,0.3665902743786009,5.61153315518503,44.428301802803304
0.3059598321920993,0.5202662036896623,2.3916463127622363,0.27955405131716093,6.015594088890135,43.29001109000511
0.08062717533835684,0.5560131768428428,1.8115092261281427,0.21327492292432054,5.491225605294849,41.49883804156572
0.08062717533835684,0.5560131768428428,1.8115092261281427,0.21327492292432054,5.491225605294849,41.49883804156572
0.38728540129271694,0.6455722467050775,2.0865111423430007,0.2023866775180321,5.948026941376746,41.243889816138235
0.4169321530750484,0.5578122098504442,2.2320984811547775,0.31370989716965075,6.059756778005805,44.16980247137686
0.28789297434665384,0.5378026207951472,2.146734630450003,0.35443503590957426,5.936687117162368,44.46580680854041
0.5090334949549099,0.585559592090767,2.2461209753846054,0.40304277798457777,6.203455292192733,47.149408203600146
0.3406735432285705,0.5853558113440833,1.9612973015681403,0.2593669342718641,5.823385429614302,42.051068896835375
0.34527221291365284,0.5194119727890177,1.9806447138207883,0.3248333255486788,5.97621358070017,43.94303445221609
0.3719309551410805,0.4738384265838161,2.131323480668627,0.5334528341971012,6.055708507797089,48.90402176852101
0.12710855465428583,0.5886858728749921,2.1972543682325116,0.41722593515126005,5.740739575200789,45.372150428497726
-0.023741034819987128,0.5603578705658494,2.09676522376236,0.22323688681276072,5.526551893972931,41.74575056599372
0.5010704020199449,0.677393391581775,2.175414213391064,0.1896517841848931,6.052836704966708,41.46402353152225
0.2563725890358045,0.49448495536723064,2.0540304174696473,0.4520228016868878,5.998325011282624,46.76217343884016
0.45114863626353685,0.5428004082222259,2.035939440190316,0.3779378306114715,5.98088919082968,44.97502174747092
0.1288913925998174,0.5595040651129207,1.765375807526381,0.2890004350912927,5.5813498710870775,42.710529155589725
0.30634328916768583,0.5383473604229047,1.8509733607217318,0.3607757922371444,5.841700786495036,44.16423056605577
0.12603733092356817,0.5331156222640998,1.7982150077238788,0.25371042552290846,5.549280680997398,42.13603910742548
0.5640354091053639,0.5915803575106163,1.9078305850700124,0.2932817591024009,6.021202941610307,43.320279444294165
0.45239558832696547,0.5875924992496834,1.906364624858418,0.22481987299322256,6.020108578373245,42.0703380370362
0.35604566113333536,0.6375964676594528,1.8718524611525647,0.20416219145295544,5.741975372914142,40.67060794583368
0.06999364626800952,0.54034063421566,1.834244432562957,0.25223835967776925,5.4982259844073464,42.38469561575749
0.22765006106841357,0.6190858150509907,1.7395594879974907,0.2171244232543077,5.53458606750763,41.33743750954078
0.42160585534900796,0.5938863608099696,1.7602737235995147,0.22540893572854526,5.898503415563806,41.3818840358647
0.3047402236029712,0.532477884425973,1.9900256601694666,0.25457404453503435,5.827619648416337,42.050657581487094
-0.2932821960397628,0.5225949077050905,2.1984553250697743,0.5279631522694507,5.436020718768376,48.634079005398966
0.12835078381311182,0.6242229953024166,2.1303761757267834,0.49445635235585855,5.738690333709125,47.119639642667465
0.15726167716019845,0.6115635296562987,2.2178942800636734,0.4364199981333282,5.743837934644251,45.7394673871035
0.30809917422790073,0.6578062604065181,1.9056193853813141,0.1847044497294414,5.743407468204227,40.27257238653062
0.30809917422790073,0.6578062604065181,1.9056193853813141,0.1847044497294414,5.743407468204227,40.27257238653062
0.20259589668276334,0.5421468032777954,1.937097527523593,0.31449557178045584,5.686667445440044,43.10551827452191
0.4055701784435728,0.6677456605203854,1.8312194694852773,0.19114328702285752,5.809442267750859,40.47885443963032
0.2207830676426712,0.6420985457547271,2.052749489175908,0.17677096488877841,5.7722888972256925,40.331330408122895
0.16774881498234917,0.5662774312680376,1.7591698129655322,0.2987636148390502,5.53270581675879,43.10239706299524
0.22230051193074551,0.6900090200183485,1.8447320014125954,0.27438923684714395,5.5758212813775865,42.45201233161439
0.5499965438697556,0.655194846383599,1.6446510756964605,0.32342278360495863,5.905935605401536,43.45223913471518
0.13808164036139386,0.562735710293792,1.7905733021097805,0.27185814133353386,5.548181153588206,42.546220570425064
0.20862294904672563,0.5804574400189165,1.9062027604727434,0.19621131190306343,5.680615338495997,40.606335705803176
0.27529622697579803,0.618366796610991,2.1495657222617175,0.34415847859600385,5.782939903523724,43.66132297934485
0.3689140945692012,0.7088000077947847,1.927393842715686,0.35509914808293114,5.7167672793231645,43.783164406504085
0.09670888359425495,0.532384770746419,1.759602045976907,0.5988692013251962,5.539440230034245,49.36746597534098
0.25474001192805074,0.5672023694424398,1.8030644515907972,0.350674338615459,5.744217015063692,43.87937151179886
0.1275182872811051,0.5030556530024664,1.8717598538542881,0.2930873788834172,5.639953479777696,42.783489630106196
-0.21265855724060057,0.4757533831750822,1.79021614840784,0.49602727565358096,5.347146155145482,48.52136044836976
0.03758125391479539,0.4822089364671409,2.2373189163073217,0.40819583273699217,5.816537543070574,45.34994888763733
0.04897615635118069,0.5420324776076962,1.9868611335170483,0.37412777558821125,5.688598667769621,44.5073570659345
0.13253366025795388,0.5676297404951502,2.02868520105676,0.3458882302850434,5.737403847800584,43.92610774509754
0.21747034977746849,0.6234380633508242,2.436064757432403,0.7648220427305791,6.152470259395001,54.49601689597793
0.16985215125553332,0.49361633895654977,2.064201547150342,0.39561294352473503,5.828603719243446,44.95422591491519
0.1585128601082787,0.49737212541716136,2.086173922157206,0.28716769330289066,5.768674566482726,42.654159028817645
0.23149263117371166,0.5029878908687981,2.3825503326176367,0.29599138360330135,5.980645559356062,43.498800116645945
0.4733688013902518,0.7115894967761666,1.9176936629052388,0.3798456362071548,5.833407459503446,44.37063585924314
-0.02414421117234522,0.5389315286581844,1.89145424521065,0.4942711426683596,5.525752155243458,47.41910827442525
0.2991987064605514,0.6070152717380561,1.7683955747412994,0.5070588642931834,5.629105702871012,47.149609177485914
-0.011941463671996888,0.48138125972907,2.0303606705300368,0.5339298739123498,5.604398869764969,47.9993096655996
0.2127802979158322,0.6265756564240721,2.3133556096945536,0.18484036891984207,5.812514029965907,40.60018902356331
0.060849486492656424,0.6368700426530732,2.2718733958853425,0.2662131549044602,5.747501632820012,42.31102002650197
0.060849486492656424,0.6368700426530732,2.2718733958853425,0.2662131549044602,5.747501632820012,42.31102002650197
0.4098111559441775,0.6962548472064235,2.0923764816344557,0.29955360827888466,5.870682375848674,42.88910803305848
0.4465577941153921,0.6011641971516362,2.0666134857589857,0.2423776874124039,5.993594302317001,42.283738489679244
0.10571966609181482,0.587804123973539,1.945053273228583,0.4406282478399912,5.589426752990612,46.01584965644072
0.5144324344406481,0.7379410333354596,1.6017620728399935,0.27958390534537075,5.782802722717774,42.23821820964213
0.3005035767233447,0.6191232759352917,1.9622937377047942,0.3683896383370983,5.877030193185263,44.66449386096123
0.7773301360393677,0.7259108320725646,1.9053431847416629,0.5013040525246424,6.16845986716884,48.51153546443844
0.4934583153598283,0.6464881048957771,1.7259160536498521,0.2500219307421744,5.809055746389921,41.62827814882302
0.0013457256812100526,0.5619426747897194,1.8310726586658075,0.45143837486769434,5.4693322690963,46.58001470168935
0.07308158567839773,0.4324148625422366,1.9014099451817053,0.5751969040256051,5.765226324703276,48.77320269929059
-0.05101302227934823,0.5436745478215439,1.9100758669251756,0.3189739793403805,5.501968592229879,43.88150647504829
0.4346225025489022,0.5603897560611076,2.0721145074330276,0.24200001091280574,6.077834688543021,42.803372031645665
0.566603231496987,0.6536008193927402,1.754405244803408,0.32591889438925775,5.99540644147225,43.95425782586905
0.39755138185680544,0.6728127079656387,1.6130020860952183,0.26122843726416994,5.671939024428622,41.84180408408357
0.35243337312291173,0.6952629297676013,1.814584219775493,0.30146758949471336,5.706680368242319,42.652548532192355
0.48860731540029795,0.5538818371935824,2.25614527818164,0.27680581341810273,6.131790682109905,43.97098223082421
0.2670331216994121,0.6053215494155119,2.0066463619335897,0.39761749655939976,5.775755911960546,44.93207215762755
0.5606594337061969,0.7067704409219651,2.023710301618517,0.22406810080402315,5.991816697406821,41.78845365110739
0.4146663706551424,0.6244097235683702,1.8048203706596768,0.2159497941425707,5.866783113598093,41.07383431951458
0.3763933244171615,0.6395059718228386,1.7933887867891978,0.28142932621344036,5.802978656008433,42.352740974468475
0.37155897276590977,0.6904014897591689,1.6305168337808267,0.39057717276587584,5.690911170283883,44.44486487953154
0.45173717566581856,0.6242436665834113,1.8430945341488814,0.3604182477965253,5.929708962943551,44.2509578017299
0.7133960194799055,0.7298400463366118,2.023077615295902,0.2737910216671132,6.1847243391457685,44.10785764091373
0.4528532547822782,0.6346461861241443,2.0442300208239406,0.2403600356314004,6.0205407995970415,42.401813177105446
-0.019265769099633734,0.5437952796005855,1.7560021331609763,0.23885720929488408,5.403201451160241,42.623607770609894
0.4096486040524832,0.5874880487138607,2.4033880484138135,0.2319214846430628,6.178123274230604,43.546447928593444
0.3715675651427574,0.6706557123813576,1.8036987671466738,0.2181029034202792,5.739250786541626,40.97027155474775
-0.053230888554106515,0.5824055629880238,2.0605681217596916,0.32220862344215606,5.446022678475816,44.11162573112984
-0.13089689930704096,0.48078128778808943,2.149667735020185,0.3365798567632952,5.559717220192477,44.03030130341058
-0.0358453935709423,0.5043637020669666,2.2490709890530747,0.6813237338802945,5.760478941696452,51.14307869031064
0.16784508265172238,0.5096962749824432,1.7993410112994535,0.19567243929846076,5.642008344822385,40.705522494641215
0.20538876447062115,0.5680535906410701,1.7515275523348584,0.20601820579475422,5.65919807850811,40.81483084684032
0.5663053924514476,0.6567025274224823,1.7762136819344148,0.21552412961282535,5.989227614059533,41.56633855209156
0.2735594678604431,0.751642616306175,1.5118019234472821,0.5248874657706896,5.488736027038917,47.73038875813158
0.21740788461542376,0.5658527559325746,2.0105388989482416,0.29859616920768794,5.731005345937064,42.798178915502575
0.09862304246862186,0.6006006407417442,2.010546159191408,0.3796666862395238,5.573604847437701,44.73082625879272
0.11261460864958656,0.5409572108844863,1.8124972883505392,0.7425573568386991,5.502403201789354,52.75347107820837
0.15339015270805295,0.6280512404526968,1.7554380877910456,0.41337630491288413,5.475419015845221,45.84469393112607
0.02571076404031969,0.5588693400960593,1.8453969316295915,0.25495363436394314,5.539352759294392,42.321188823216424
0.13246785658505933,0.5856414372752515,2.3311806514423425,0.3592994748729409,5.771884744313569,44.14330878854494
0.21091935539856854,0.5769693624540071,2.333664127185097,0.35165656144057666,5.98038772343073,44.8037765310351
0.2222348361705641,0.571478449546986,1.914857674910936,0.3254392635508009,5.79566119844631,43.431065105164286
0.07652723961110425,0.6122505350784629,1.7573388991709085,0.1641495848785242,5.511937824747427,40.41577777673373
0.03765062311082973,0.6248204123850982,1.567439145399621,0.27145319556632364,5.316758450365994,43.79991447311407
0.10689229170182724,0.48153446528546984,1.850987102576187,0.28851866369091944,5.631673129061178,42.70905528945654
0.1615474374958656,0.5471396857600003,1.8804844697925227,0.24295464527634297,5.6171188456821,41.71049962191469
0.38025551386945194,0.5521084065982409,2.118053382305363,0.4207793333246214,5.914981084539976,45.70894898833774
0.4015086716692632,0.6030685355984033,2.0867153729874444,0.2681865094067838,5.949339318793122,42.62916222462845
0.1975362232061354,0.5491299998347068,2.127993836386109,0.37364673314406893,5.794598053672989,44.419437705486864
0.18218153024620604,0.5163900532542814,1.6792507028899042,0.1610745544362341,5.595195672911283,40.04705131559672
-0.0947921347891475,0.5365858091105763,1.958315494312518,0.5419375932601065,5.568415527803872,48.34480412201903
0.2745888108341553,0.5204255683660556,1.9433922365460474,0.34850852022325596,5.872645862805114,44.064279175793644
-0.08650991215189485,0.5124666640686557,1.7529698213040876,0.23946254408292333,5.3769973419592425,42.85359208766661
0.30904162910526245,0.6306733228275796,1.9065958904852602,0.20141059994872654,5.800223836050693,40.78891764839367
0.33781683943215696,0.6708676080619325,1.7205619563538896,0.12277957114070236,5.647538603191814,39.01661908203696
0.33781683943215696,0.6708676080619325,1.7205619563538896,0.12277957114070236,5.647538603191814,39.01661908203696
0.6570581309801061,0.6854397233127199,1.7184320867839498,0.16612642778788902,6.043240864962767,40.79906301520183
0.31659108134347014,0.679746024008181,1.8974655840916788,0.1744507765780193,5.685689026080306,40.07349892919826
0.15044949250819106,0.5924131103009278,1.946443129527296,0.3332619004948089,5.588531838454226,43.669323934109656
0.5049797836388379,0.7189030399972747,1.6334836003593687,0.4694844139542446,5.813344237536527,46.27424331380014
0.3197701205919785,0.5630370066589373,1.9717140905595827,0.3716352323293375,5.8980467239052095,44.646518412799786
0.3410795992707012,0.6045293438349585,1.7575542991305375,0.2892654469314346,5.790660661281185,42.55006106461425
0.11672320316849921,0.5818933585259368,1.5500010095088528,0.1346027273375557,5.414607633320325,40.20366218839018
0.36940480488693306,0.6202619263316921,1.7872515529404376,0.30844982737510596,5.75387095030857,42.801381168382896
0.2814997976537506,0.5334091449608352,2.083832487030379,0.38151996749078193,5.887584176342125,44.77265255660615
0.11282289188128736,0.5385298036945644,1.968815151462433,0.32826649276967407,5.672047424770046,43.48280766739823
0.2990292370416675,0.5763757256548111,2.1820312400411415,0.3480396161519737,5.948606100541645,44.31560768487874
0.32261630849351314,0.5433079474367065,1.9432518639572505,0.2400899291270534,5.855110382434138,41.69065060207711
0.3772651043800432,0.5823131807721017,1.7398286668623435,0.26386503859208577,5.7447617475722685,41.880439183242444
0.4658388771457148,0.6283991831424888,1.658968769969194,0.45263830107763303,5.75441547887829,45.70761440884932
0.41588509027985293,0.6501258076007431,1.9683334439179883,0.3662190395159538,5.887969938917862,44.28681989686822
0.5292791388876301,0.8448438904970482,1.7317051481369066,0.15494805529533257,5.762212485039393,39.47663278403347
0.21910609956874166,0.6005164324922697,1.887424478914197,0.291126745809836,5.664558048371463,42.75279824069757
0.1394354187463998,0.6378040681274925,1.7287219863802679,0.09978246520004083,5.511780751975315,39.036321945315066
0.34603984342870975,0.5867753524812107,2.546429868842139,0.2864708409841348,6.2072504065303225,45.054881696256444
0.07284099588552517,0.5393918216084871,1.9463352648186354,0.45771607994931274,5.797291118953227,46.40089297515859
0.2627661538861593,0.5786968091622752,1.7485838946352295,0.277474217047622,5.789087588149825,42.337084872364684
-0.07884241622835653,0.45051583048201144,2.0660958206513906,0.3178266408213434,5.6214922856748775,43.52024669880219
0.12270268121721722,0.5761942356380221,1.8626050353523036,0.19781773080740997,5.5120903574234426,41.112351521025175
0.39376182640518237,0.6142288805930382,1.8033904004633214,0.3134789078083636,5.764130557808186,43.00317233476918
-0.2733119126974688,0.4278021806724965,2.1648939266787615,0.44093139878608084,5.465779916410531,46.69828433786661
0.04313786743708464,0.5932656831049163,1.6126091815200003,0.35746005860045477,5.405667252823346,44.92124004226075
0.2205344392987978,0.6371375056298357,1.904386215933218,0.41181712163882517,5.637153004741847,45.154506676842104
0.5213015876785796,0.6349187419233606,1.9735405502393726,0.3158101212095775,5.995722381615549,43.8049740237077
-0.28042424557671614,0.6176171936489069,1.541039884140548,0.27661803372709737,4.994455902824795,47.60093899797641
0.2767214832428534,0.6064324047566011,2.3955176696136147,0.3121486553400233,6.032031654374089,44.061053484678645
0.1887130436558252,0.6490358218880203,2.3214643199031535,0.3822342520641538,5.840083067305478,44.681791641167344
0.16072956105847025,0.6020210030496475,2.4267862740778936,0.40314861126297064,5.91497097283539,45.40009298383971
0.035119575814991144,0.5078801461087217,1.9289687703882048,0.3575193483000096,5.6215421148856475,44.20497615085563
0.2049746844831556,0.5867610616955585,1.9028359215408375,0.12423910214405501,5.665698534645322,39.162830251214864
0.17480451246886386,0.6138798771740047,2.0951125126102395,0.3196389870526628,5.85608353216991,43.560240180837646
0.09973990450285142,0.5510151556552351,1.8423951512422656,0.16142505170130628,5.654725726902683,40.040844283368926
0.20526222153647888,0.5319633700906132,2.053291072135468,0.5336580441888179,5.783984812383917,47.89679484657623
0.0673186884024859,0.5838927045238459,2.013764205957363,0.4448091690499773,5.575916871194178,46.16512416796728
0.4745625359083767,0.6357635715004097,2.1861260493838857,0.22790378022436955,6.000523195049519,41.98120853571738
0.6392552773020387,0.6760271456205019,1.6109326800934014,0.34206525354964384,5.916665198223237,43.75714839585192
0.47161976636857245,0.6507522832851811,1.6647450723002954,0.20932419834607802,5.790065635218613,40.749200268305145
0.3552693806504071,0.7085168536923436,1.8452163565815176,0.35716326359143863,5.794500689303292,43.944305138209195
0.3552693806504071,0.7085168536923436,1.8452163565815176,0.35716326359143863,5.794500689303292,43.944305138209195
0.09236237617311704,0.6053239365554764,2.1889851323314127,0.5481816598548476,5.683801689710692,48.22829588435469
0.4621314805408878,0.722596079569194,1.816238131672658,0.21645775120000385,5.853206583690624,41.07770329353814
0.021770436261159598,0.46534791678509696,2.289111123632946,0.5383748393312325,5.805101048594937,48.12641304358689
0.15426032984635074,0.5067926831315166,1.7062281442087242,0.26848909606328203,5.683975254087109,42.25333920247611
0.26609041053498794,0.5027875122774662,1.8220103241012937,0.38273474874744584,5.768555466340153,44.493189911030285
0.1705227393308384,0.42778804139490384,1.7184397977122676,0.42723625999028164,5.690975770525075,45.48106751874134
0.3085337693069564,0.5269183917005398,1.9883971647879868,0.3079480423984809,5.876470626726887,43.1541828762404
-0.024035941009895034,0.4731859254143389,1.7972189091384965,0.3520899791583819,5.4750371600947,44.57620319856258
-0.026009707708885776,0.47607405075461084,2.444921105860323,0.6024081184062402,5.8228852376819775,49.486040876297494
-0.026009707708885776,0.47607405075461084,2.444921105860323,0.6024081184062402,5.8228852376819775,49.486040876297494
0.19719649669160288,0.5478567887531169,2.115150590731298,0.2934599158253057,5.797960378304746,42.809596038769875
-0.019502142776966602,0.5149599535463759,1.9090880023536327,0.1820606649715332,5.507875486718641,40.89570425716755
0.6599254570231234,0.6724661194986883,1.862534763396479,0.3334057829736853,6.121780568947289,44.887252716281466
0.4385684470192336,0.6965055006841974,2.2319361961426996,0.2726378597443231,5.973888976335675,42.788772514961245
-0.013819795142317515,0.5273844178467756,1.5930895911415817,0.36926487016427334,5.438973024141773,45.00680643465257
0.21995905989444198,0.647448364490934,1.9386019447150677,0.33887441122714246,5.743009314219948,43.58216893048834
0.7858914909278694,0.7268004780496476,2.0623150350126562,0.3557098436206209,6.299371728703881,47.04959799894058
0.11114469645707836,0.6286494763699458,1.8092830572547354,0.34024790659251747,5.49617281532124,44.11946795889744
0.32260931988420233,0.5722814550415986,2.0367297019228223,0.16115490721700254,5.879172416511894,40.15879587136608
0.32260931988420233,0.5722814550415986,2.0367297019228223,0.16115490721700254,5.879172416511894,40.15879587136608
0.5218303878645731,0.5972646255297419,1.8598064158489631,0.3236218654585466,6.0766581200205945,44.39026839449284
0.46723760015264887,0.668094548988911,1.6810140120829398,0.13640105875290595,5.76436320911555,39.16504266285739
0.16825274129880036,0.568234556193849,1.7702462258252254,0.36459088149088575,5.607844345084901,44.25047454507648
0.12841933985026738,0.657165484852167,1.7385672246664203,0.13144027007376835,5.453401281750506,39.9257977101463
0.4968155699348264,0.6782010106726746,1.8156048750115277,0.22163295242942677,5.952433159737579,41.523305619465525
0.3532381572448204,0.6260642762700244,2.0967816674365247,0.3076364008212305,5.905538257513939,43.25484976371443
0.5674966236338064,0.7016645703201377,2.0062348646819874,0.2141903936623511,5.982780168871326,41.41531618985809
0.34622977647132597,0.5399251428260187,1.8840672863463677,0.538450692712964,5.7983697820634745,47.702855159583414
0.31156279949285653,0.6333273230425341,2.007669999599713,0.2583813321583152,5.7477349201618715,41.81727071422343
0.1341496032612478,0.5872293895697738,1.9052304637524504,0.1292309783687341,5.594598179121954,39.414606727069405
-0.0837421466462479,0.5234972717960934,1.9065486438735857,0.34822483506930274,5.473811786615523,44.640189235532716
0.20498542851223156,0.44873433389717415,2.1063755083151765,0.3291218250600463,5.855281386750191,43.71347361245018
0.3392500603497728,0.5248995559906231,2.1341782185796982,0.32352604554159764,5.960678666631246,43.8878186807995
0.35983554218490205,0.5265893506356496,1.8408400908331422,0.3554284923846731,5.844540727957428,44.01612667864853
0.36533882184667144,0.5845709324932522,2.136106092846256,0.1489712586583556,5.91513504898983,39.95281237726901
0.45532675786941484,0.5659427666604943,2.2145921038142666,0.3474918455903366,6.088028621658118,45.11318139105353
0.12762205910212204,0.6982867809645938,1.5689695505370918,0.2722706699955717,5.3745464240621565,43.257648447222095
0.5041642521921055,0.6763979183137705,1.5472724097574586,0.27659432125628053,5.768728133644448,42.07764040731632
0.4086345017827915,0.6995606190507782,1.9025947631478612,0.3622837307033508,5.834777373920449,44.13686748017687
0.1857391373909531,0.594714198419686,1.8342054437096993,0.3975089143834175,5.672471233812447,44.85030135816326
0.2817103785771474,0.6210273571355448,1.8734884022290428,0.33829659194660466,5.670253092577922,43.524461025604374
0.2817103785771474,0.6210273571355448,1.8734884022290428,0.33829659194660466,5.670253092577922,43.524461025604374
0.15450074347363374,0.6212244706670331,2.1995733707176117,0.35918734175241834,5.754170185492728,44.12294070943978
0.18037124314243547,0.49537954437598025,2.296985959030258,0.27781493956067127,5.879892088263554,42.649918513013816
-0.12233322722197959,0.4779491615678427,2.144353133242382,0.4085392279183436,5.493986552740353,45.77463772288986
0.43862794449946485,0.674996142072884,1.866346385599969,0.3863247978399507,5.958155055357436,45.10915454864239
0.1837849913229757,0.6661503979612217,1.681849279129704,0.3655586280915786,5.454973583351199,44.79912397920743
0.4373274948559788,0.6630632836922066,1.7184842995695888,0.14522232250572087,5.747798975334479,39.38677235229881
0.23216320319961242,0.6729245465720626,1.8741782507925246,0.319281125101774,5.699036427266487,43.15413183526429
0.4200638677544386,0.701403222855126,1.9045120264743198,0.2797123519387801,5.798678556839064,42.220264921898945
0.22977591971049688,0.6383488713407179,1.8855161597516223,0.15393489315442757,5.698075905412111,39.75296652191409
0.10942099648458248,0.5586737685964404,1.804415717033134,0.38468564415334133,5.598627442699163,44.78156529792982
0.09186965461350893,0.5193891551244155,2.061808224092108,0.3768108294994846,5.730490600074697,44.53423054976214
0.2937587065741294,0.5491300408794175,1.9627910843911578,0.2971645366505881,5.785236687685597,42.76263573074422
-0.006929958094875954,0.45597176728102673,1.8234343313678056,0.3184539658869726,5.5061177566769,43.819025305920654
0.3687525029428406,0.5445107496134348,1.6604031272576516,0.20504877651541298,5.751148550689974,40.69317057252479
0.4697199941767659,0.6861218074442641,1.7363373905913542,0.1595905725572635,5.777191101110002,39.68087472517608
0.3091689022835139,0.7356234470991768,1.8835411942298692,0.175503225086481,5.7011973743305475,40.14357054547903
0.22216696028254862,0.5872616952654762,1.9409992906350562,0.22722833164144138,5.713841034265422,41.31234490263763
0.7982070650434518,0.8293929832631031,2.0088801103973535,0.2838303703896826,6.167915190515738,44.06263582628495
0.2491651106361592,0.6841846230789356,1.9805936276808576,0.18556937907842772,5.719262362496663,40.42718403540896
0.44601685955140224,0.7792313384685724,2.027814065486789,0.11013492581031657,5.847871224369826,38.82340001897569
0.09696436250029772,0.5597158043740682,2.286014914996373,0.29247495184685895,5.767105271653033,42.78458733601771
0.3151576117692053,0.5304369363063943,2.233849487484777,0.2713805977695788,5.98540939513634,42.96056905705288
0.14391985466937873,0.5519803567501708,2.185842478890492,0.6422036237826286,5.729185250319986,49.948861979709925
0.21648845658284105,0.6309731624071477,1.9590815158242438,0.3489518021974236,5.640986757912245,43.848574288326624
0.5167964502507634,0.615369798388088,1.7337568682807651,0.4932170725113274,5.940636424442674,47.109701731410176
0.31334378194003987,0.5416613503813974,2.018633559020526,0.2868045180872351,5.812965046443996,42.612977175522516
0.31334378194003987,0.5416613503813974,2.018633559020526,0.2868045180872351,5.812965046443996,42.612977175522516
0.22524334979885974,0.4870774434292704,2.1967743510476283,0.287160507278212,5.951203281449039,43.17953343010327
0.26565237309932677,0.4615789994703758,1.9257739165427876,0.452826292671937,6.012657580042385,46.9443285517428
0.1603966820253363,0.5183938675771793,1.9649818781841601,0.40113210316019127,5.725570251583278,45.007324174032625
-0.14733289896248214,0.5419843163338588,2.303041259980164,0.27260785079122796,5.553127377308615,42.72945785154935
0.28265685706560023,0.5609211925295698,2.036309937829948,0.3489983180512248,5.816243766218387,43.94277918435613
0.06840096288800357,0.49720018783255227,2.005862308235351,0.4985849455808903,5.777923370109145,47.04012400277799
0.2121827966943538,0.6065762128372298,2.088078493788251,0.42674537440401505,5.804235868570239,45.49337215604416
0.5701900506730012,0.6372616832395372,1.8424237097083493,0.20789785344095557,5.984834972328123,41.32613553407967
0.3228016617503239,0.6346482405228826,1.7231865854934287,0.46124486294277484,5.734872503972134,46.06941007208221
0.2991098001414122,0.5178542799772035,2.28508336228067,0.3862855612444943,6.056177912235322,45.81609868411155
0.2329618896269957,0.6244796845261005,1.7878582476751972,0.26874911865977813,5.608509268869,42.208549811706305
0.20006002441911086,0.5887708625197744,1.6320929322273712,0.1104587130280528,5.564777856566725,39.01973019233517
0.18600617468149894,0.5267176062767942,2.0918858343068503,0.41525568513844907,5.83762849187338,45.52186383505799
0.4288917167756483,0.5759672753145182,2.1033481518353345,0.7279346862439349,6.016819599003753,52.35904224486302
0.3808226652384587,0.573422159593734,1.6844563086364166,0.4457912892787468,5.815314119083194,45.812854184338065
0.39727168039119726,0.6802091745616332,1.911369400773269,0.37976943857288004,5.814485693256995,44.42306623553903
0.5070106266401021,0.6969521702753179,1.9093117161158313,0.35729831606762663,5.857669110964407,44.05071771717694
0.5453110543925136,0.7645460441459305,1.8949223959580888,0.22526104281781362,5.862949554229004,41.20580504167303
0.5453110543925136,0.7645460441459305,1.8949223959580888,0.22526104281781362,5.862949554229004,41.20580504167303
0.5453110543925136,0.7645460441459305,1.8949223959580888,0.22526104281781362,5.862949554229004,41.20580504167303
0.04583666706141115,0.5719925467302545,1.57436528366352,0.2108729743159987,5.369956295241262,42.16632617892613
0.16447199172151816,0.48306390695625673,2.190326916152923,0.443462567651492,5.952359675507992,46.49506323303591
-0.09430098282858157,0.5026237490997104,2.0562561738063114,0.45448214319619584,5.449108217731593,46.94877365573633
-0.036775290470230204,0.5393782419590596,2.2401658087555263,0.3260004579974105,5.591501764490789,43.72717116825961
0.6789959734491576,0.6072157423204348,1.6910821239674245,0.39013423508899575,6.0892305313364306,45.69210935119231
0.45118928655742807,0.5700225507298526,1.9609579638755776,0.4790594024030454,5.896525880928062,46.5549548795315
0.5039456827244179,0.7150552191747668,1.6785438520444997,0.3300625673602938,5.751634490269389,43.13314982281044
0.5299421459852779,0.5073171128361621,2.401221134331447,0.5204088663364014,6.295129063271562,50.624034583599624
0.47773329528116015,0.6485631751826072,1.8802872802643138,0.12411275305019007,5.863953678567814,39.16240650990022
0.3607131674704781,0.6157141922769876,1.669201911401026,0.20661177558176017,5.660673673182975,40.741341815697645
0.8043988392991568,0.6721562675685779,1.7468512585090121,0.34615745233386114,6.213321584625246,45.780016040552304
0.4385947155830636,0.7689152806947295,1.676792231506389,0.37437863222046563,5.732962930036759,44.096952911163854
0.2333382470389479,0.6036854985462026,2.0135964124226065,0.4346579055834091,5.8218554500093385,45.79667547474911
0.05230090488703354,0.4701754804435985,1.8473088004409148,0.3636345410933252,5.632937056148249,44.39753842113785
0.391960510047063,0.5690858799921527,2.1173221332310237,0.21154668961534623,5.969931903136897,41.53707276371769
0.16963201685219387,0.5706431763916775,1.8618042978937304,0.4085648726931673,5.603506693114717,45.19821258891911
0.6035199511137945,0.6338686908402184,1.7342159522333112,0.321924384244181,6.051935986982553,44.117900915616254
0.4376778830444942,0.6370151930427606,1.8419990612012833,0.4043459630423326,5.910963021493052,45.237165317804134
0.23522708562853767,0.6564155606047846,1.7097830114902126,0.1546147585760283,5.551714973162283,39.93033719145087
0.38145808290539285,0.5664521532348462,2.208649095230401,0.4119988880199469,5.9839232424402065,45.76893980840619
0.502090188299023,0.5809142636906243,2.0891200482030534,0.3157397593952243,6.114616058744995,44.60246489472488
0.3701824660908723,0.6016520942304326,2.115003015773314,0.20688656482491713,5.920306042154468,41.19019254999621
0.13544206623116506,0.6805751934632731,1.8947406677259735,0.33086522879577285,5.482493080290336,43.9597255815075
0.5127139943275711,0.6118109189566651,2.201205229657425,0.09527510038101605,6.056050771871482,39.52586253295486
0.5127139943275711,0.6118109189566651,2.201205229657425,0.09527510038101605,6.056050771871482,39.52586253295486
0.29226981502957217,0.6721383437756391,2.202092342212115,0.27430606157609067,5.791359007019919,42.32948001973042
0.218432214447163,0.5628548845273234,1.959907703052974,0.2825076741159162,5.674801326383588,42.410171981671716
0.46536327186885595,0.6137484649718409,1.8629264035558086,0.2154554550917002,5.926305365502822,41.27992281086095
0.4423122056033073,0.6644037740891637,1.9152105299468507,0.28231702842885875,5.8409148508100035,42.48135680201602
0.26713886059118663,0.5918061939971834,2.3164417941765256,0.36699993162206745,5.882027663409411,44.45668188062978
0.5383007104114638,0.6569652764367201,1.7850549578592056,0.4072378681661626,5.978613514983592,45.599188818070104
0.2810796919013423,0.5449960685452542,2.0251490112442148,0.6264168149117643,5.938809022500195,50.321999114932694
0.14632828866255299,0.6471802946721908,2.046260350672976,0.5320320450240846,5.755903150969767,47.911076631752664
-0.03515607308368496,0.570028713136623,2.133483586011637,0.431283299244161,5.625097098240002,45.8701765543876
0.09443050630923,0.6132789505474784,1.8243038751868728,0.2397907414298,5.475547514307542,42.16174335871848
0.2930759782003491,0.5236820634375712,1.71067738539859,0.2996242728606429,5.762026440489327,42.80006065484107
0.08069863753751094,0.5083113058013947,2.0123394523450626,0.3346833726550129,5.623016860034498,43.685775325390885
-0.01936915088174862,0.5391298352541701,1.9627225385851772,0.3966253242663575,5.528236856361647,45.26301738951381
0.03333591442530892,0.6188056723624684,1.9665382791501542,0.2465794097207736,5.480121525945236,42.30243287228223
0.4650105415579751,0.5732863150530924,1.7330264266466235,0.27278102902484863,5.88411282685422,42.35412120211825
0.5997952507970248,0.7182411341370722,2.1260120719633697,0.17492152500422045,6.074966188640569,41.21641370928244
-0.20247657764711935,0.45498444406971394,1.844751092111289,0.26023565959939204,5.361190555639809,43.47845268192249
0.4528476684901016,0.6203955847947255,1.647524648008341,0.3330354222789613,5.773580570840181,43.231811572615136
0.5497281735822671,0.6116824464388433,2.074359740969496,0.19881740417984184,6.039488951498766,41.50160406007808
0.3589074818125952,0.6218559731298634,2.2931170945839083,0.4398442856682393,5.952639696181328,46.189601025562716
0.22045681894812463,0.5601975264100122,1.8070412937678615,0.15818384084591688,5.635212000742658,39.89414207056385
0.22045681894812463,0.5601975264100122,1.8070412937678615,0.15818384084591688,5.635212000742658,39.89414207056385
0.22045681894812463,0.5601975264100122,1.8070412937678615,0.15818384084591688,5.635212000742658,39.89414207056385
0.1269581011663341,0.48429533875426917,1.5083816533003849,0.6117586916849238,5.48229158603376,49.897099368069014
0.17593149619185838,0.4543793671053751,1.5868687299345128,0.4523941167165821,5.673588709494191,46.06240631848391
0.2704602873826123,0.45504799657687056,2.169962532304492,0.5249282626094111,6.07293308258589,48.85286388402633
0.1829849496922633,0.5749236605039799,2.0119220777572044,0.3576411087689819,5.82748823049153,44.244939908978345
0.4693636394149387,0.6471313965486587,2.2568534617533125,0.1510288559005594,6.056547628208734,40.74934675973582
0.12714132348675,0.4649398751540651,2.131702976572267,0.38409660329105827,5.8780910911379705,45.00448687347423
-0.16576807338953337,0.5369749795560453,1.9402117675375408,0.3459822613574178,5.387454214415545,45.00904520941826
0.17651453393835786,0.4131458071030549,1.8266485553482554,0.36488584301984217,5.859234375118284,44.442041031081594
0.11584782347030576,0.4962473707586014,1.777337374251653,0.6001958045895873,5.6954783614401014,49.12192678889364
0.3132481124395608,0.5501037944265219,1.7557141285057662,0.28856352579503286,5.780614275304677,42.5569796921485
0.0860249813225269,0.704834675883245,1.873760797915663,0.27227373487855333,5.457600331895964,42.896824789805365
0.22716607771133035,0.6103379251334315,1.8388349245000248,0.2381587896504697,5.572100624208016,41.70789236420247
0.47952219179923755,0.640782525727173,1.6294194504950232,0.3820137227236036,5.836012738652031,44.576756893448
0.01026953844591072,0.672969387262243,1.6367212787571215,0.172656012104838,5.301603470790069,41.90003042314713
0.12314922902745873,0.6470787520300485,1.8889422945436065,0.26940299082775887,5.561519054003869,42.4743806193699
0.2796713304468027,0.49188915753759027,2.11848716661903,0.442274378730995,5.903614890359835,46.17869292071272
0.28002456136342524,0.7216855188335194,2.2281085256996516,0.32555864129364787,5.770698188875687,43.28388467886654
0.07286397759245067,0.5326280242540731,1.9537333155651195,0.24715424979820128,5.533920471777863,42.08442897955204
0.19349951612710264,0.5817635671817968,1.6855899807312824,0.33925434079003186,5.599532736812861,43.79412071743368
0.4123802060451969,0.6137819397566068,1.8198565586542885,0.32211290538736276,5.945694810352415,43.64649769346066
0.2051356564615347,0.5941891939550599,1.9033451101350332,0.4803888752040283,5.684680636068386,46.609631711866584
0.4898004506282131,0.7066109999390059,2.02652272450298,0.4926354170270263,5.980395932458754,47.495206507238194
0.3563370810176747,0.5340229445511171,2.1888868476103633,0.2943676941920498,5.940771278976069,43.15676366474947
0.13187219532576344,0.5806147343606047,2.0263291949329343,0.2241991520855225,5.6331662234707895,41.32672109545002
0.353338877548911,0.6082952577877468,1.8515381343428101,0.5479318845936362,5.868737892892577,48.130733085929045
0.45321025279317456,0.6302973436940322,2.0793621373549476,0.30353091989100706,6.0016804122841725,43.58284998561986
0.28368711584029443,0.5656510135616409,1.6564368336814332,0.30734919999137156,5.688148595680461,42.94642218256388
0.46580369873947974,0.6242702130439934,2.0584630421473746,0.21314356954148564,5.91186461378661,41.21196090105308
0.3477969529701289,0.5951482652083585,1.7356754052236996,0.20517307609004973,5.711199763897973,40.71764169932457
0.47915815092483927,0.7033144310444351,1.937869735621136,0.14061172372989608,5.886180096209118,39.58298389243687
0.4689851192487058,0.5605330505876686,2.1949797287330406,0.2551563093235007,6.051722310577183,42.87217633805034
0.2826145159447184,0.7329798842444126,1.9378542759533377,0.26917920327492906,5.64780954496246,42.129706618862684
0.5697676344578267,0.7733774896779704,2.033052968841395,0.1977429196544377,6.011708621254113,41.30240969902855
0.24167216341177183,0.6018794367294056,1.8484821679973678,0.2938341273886952,5.631206521928236,42.68413991781116
0.07185881682885031,0.5523743259539874,1.8805858117530638,0.46893505699115007,5.701599397235561,46.48146414605367
0.2654218834965369,0.5675293632264236,1.913543291772064,0.4983471414005127,5.8193310013168515,47.02581790483948
0.5593544036459923,0.6962460681640567,2.168757839697144,0.38636685815659866,6.203678543340997,46.750370268670665
0.2869893784335997,0.6057129045653753,2.05365607180251,0.4279126855433009,5.7512933819159535,45.47259891767474
-0.16456390888252637,0.5130504927526994,1.7605112116109585,0.2876311567035067,5.321841975223533,44.34976040060569
0.2417301227857398,0.6162481657374969,2.0212263901620524,0.4079770078848913,5.753653628705402,45.10925975562309
0.08132701817462107,0.5513256569664733,2.081235629940708,0.4253462743389009,5.633464741868215,45.62436788525301
0.371623885570934,0.5497017840208449,1.8349447054252574,0.3724958373473391,5.804451391556295,44.36744869478251
0.07163911128871692,0.4722500571328917,1.8933604676190399,0.37176617189376965,5.567554745598846,44.61346140943295
-0.00765940039434343,0.4682113907993961,2.3731865641443655,0.44384333728809494,5.82392247437779,46.07791379950696
-0.2756057597228212,0.5121111721053518,2.4097290627121755,0.48569573112414205,5.599793089583353,47.16325704204395
0.025034006693868904,0.5953136009993679,2.5931636927659705,0.546865193274974,5.981260413772204,48.98884318189138
0.2512552704939619,0.5901720685532231,1.6677402481989683,0.23329220603594775,5.6367680642315925,41.3910512076072
0.2076437859530194,0.5904186131139019,1.7393550933629003,0.14230775053572345,5.590996194982703,39.660593918325524
0.2906734662090227,0.4706553702201669,1.7584462592182657,0.39915957062215635,5.908302597228555,45.239546571855016
0.1284387283766112,0.53656675731013,2.1745807375568837,0.3776871949817707,5.829334229103907,44.74172777453702
0.5019920972874703,0.5193423036604465,1.9651560878378587,0.14405471266751785,6.091272284590559,40.8292928106079
0.2944985915268763,0.637175222789808,2.2185801016805664,0.2082877636828939,5.82174337358922,40.9389389102242
0.32698776416537,0.570132566418634,1.8207502995595077,0.2668033742044817,5.7831553439944745,42.1210690952514
0.24473491525668406,0.6015896234926874,2.027672640679946,0.22573076494077382,5.718501468791043,41.29069158005527
0.17266461694092206,0.5753654261346804,2.0295623421445668,0.1662053767679817,5.650139981591679,40.08232533260322
0.17266461694092206,0.5753654261346804,2.0295623421445668,0.1662053767679817,5.650139981591679,40.08232533260322
-0.06699413605110816,0.46636320937890696,1.9135349846196705,0.41171903667359705,5.608940338845799,45.38087059919025
0.40800233776735173,0.5688216430582386,2.0075172937922208,0.3000486278364144,6.03791767711283,43.84558938866054
0.3675427799989214,0.6028536901913306,2.406032491567931,0.2885707467693511,6.101932182678094,43.94402542307638
0.3767421440484639,0.6027388776142499,2.010446331476441,0.41489027949692797,5.873090358412776,45.3375226087385
0.13435604948538205,0.5750754016927772,2.2735889261364597,0.5301876860609746,5.87326343421066,47.9192765122923
0.45448330914047846,0.6428212548327438,1.7341580791370612,0.41665179951344206,5.874906666799875,45.29896511525933
0.3899899525744141,0.6878031025769619,1.8861981075604217,0.4137252022178313,5.812528173215363,45.156994231829536
0.44867166009232096,0.6669134038159206,1.7058428154307101,0.1981234300054181,5.736827480839848,40.48063908619764
0.35129613942820254,0.6079444471084738,1.660473141272309,0.2872404364693685,5.721924615501971,42.419534032848
0.5161904073189749,0.7717706313012292,1.622759708935428,0.3348838571043503,5.728885684986278,43.21233504449275
0.17622609429120006,0.5461624254652737,2.343919938377307,0.6049258698969263,5.8811185457038295,49.54274649024989
0.5237866104700513,0.5789918598064763,1.697214881212105,0.3196330027871112,5.983205817040449,43.67558893683256
-0.06282536168237463,0.452221381149448,1.7524890447632377,0.2605242411651313,5.447422682757039,42.85739910494664
0.30886782424000714,0.5523666205329527,1.9816409116082834,0.20264407050375902,5.939550916877458,41.2723853454146
0.3083674483356995,0.6173673982896822,2.077709451988627,0.2609752760331818,5.788384764967347,42.02322498974229
0.3174988560757207,0.6552975808049828,1.6874543993500581,0.2051277008845686,5.615011478942158,40.87147130942751
0.28834748365731866,0.668853954112491,1.863574328039699,0.28206194680620117,5.762836615558247,42.4178350582278
0.28545224060765245,0.5645875482332334,2.0242466266175656,0.521208351949866,5.917738896579003,47.68859076996961
0.21601807157599584,0.5666087149031774,2.043919129232318,0.31484950692886104,5.78734932293904,43.16788602118492
0.20821394310053543,0.5627377000073762,2.064583076068988,0.33368711359421943,5.873937855785592,43.90036846079514
0.0035951613303616403,0.45632513957960574,2.114107867009674,0.47051660591379646,5.807495184158665,46.61460767735821
-0.01231950729986786,0.4348904403265217,2.3719418571798285,0.5044315282607924,5.784325027596063,47.401736431073466
-0.01231950729986786,0.4348904403265217,2.3719418571798285,0.5044315282607924,5.784325027596063,47.401736431073466
-0.10641290459232489,0.4141449072242302,2.267958716362316,0.7226999143796423,5.760555223158146,52.233819424103324
0.3347773971838805,0.7455445831160126,1.7062645272476218,0.1669386080598709,5.622643028704591,39.95743309113813
0.36383554560875064,0.6447453622448287,1.8554411920389937,0.43747537737555964,5.9104926752462355,45.99034075844158
0.11501168548166751,0.6805804696999171,1.518204177561777,0.30198618709577857,5.372892837446531,43.971024475547196
0.30687677267410024,0.6921650225367849,1.8752167314972252,0.37249058081907915,5.705017364748252,44.162167965657865
0.21919759307969078,0.5493497497388651,2.0037003450032618,0.39396326767770656,5.735967126112441,44.83647801440766
0.2999471130014302,0.6136109795775665,2.0304524541726323,0.3884664118709321,5.827352418841844,44.70019672996875
0.5002719891314786,0.6747254871741625,2.2970823586338995,0.3513159481499987,6.122457805648229,45.42231861115882
0.1155248208514078,0.6312940268261108,1.977270738171607,0.2200923229626011,5.563389779134873,41.3716392867348
0.2278774136022762,0.5212457949260263,2.274464825781582,0.3837803305054959,5.930036470786548,45.09519727346258
0.2278774136022762,0.5212457949260263,2.274464825781582,0.3837803305054959,5.930036470786548,45.09519727346258
0.04748832323512464,0.5326682601359755,1.9089603005761608,0.6853180420488413,5.577624162366002,51.0415799611999
0.2824075031342928,0.5803306613047692,1.6448655109512336,0.4642449985104631,5.609282711726154,46.157826155395625
0.23925294751292414,0.6107686728093329,1.669107823824837,0.2597079376783057,5.56368392923147,42.07311978178517
0.5582556168258259,0.6548537385253355,2.0542904979813534,0.21697456158562778,6.019029602884363,41.76599670472332
0.09010092595979247,0.5280984337548014,2.131722465830676,0.4999902718329973,5.728994216971116,47.23010919986103
0.30270151956783864,0.5258656130451153,1.9926604908629588,0.209715878111632,5.85904684589647,41.06055376336465
0.019618004512264142,0.5260003645206396,1.7627473844668786,0.2669756605267478,5.519772374031653,42.60203591074456
0.11906574462799802,0.5682252890168965,1.8802908706382115,0.4301340000296196,5.71237544808569,45.52703306743521
0.11906574462799802,0.5682252890168965,1.8802908706382115,0.4301340000296196,5.71237544808569,45.52703306743521
0.195069613291581,0.6096890370168135,1.7944148144909062,0.18575749883587578,5.587604360908271,40.51548613633632
0.39982776934339914,0.6988934856755037,1.5562268289903562,0.37819327994094565,5.68119973471978,44.245229124034225
0.41714936385710477,0.5636707062501943,1.8868705944624011,0.25395422729500194,5.920446337902133,42.171191602708554
0.006143468427704968,0.5168673278098469,1.8767433025253413,0.2965203540883457,5.514737539012504,43.20649652477578
0.4407313036350851,0.5853979886106956,1.9185991828653624,0.2852975028858788,5.963596025873734,42.99176180496804
0.11411763051564239,0.4824860765728355,1.825806498701643,0.26407087312175265,5.6135768096069825,42.1719651238244
0.592071560917472,0.663456227576603,1.85795018457081,0.30896364335960097,6.053222086579554,43.91450666160281
0.5711432756310224,0.6737595665600339,1.915235944314058,0.3265733549271961,6.017139358816449,44.03294111113996
0.3168485783110716,0.6556613969501774,1.7269167726589343,0.49653610573759693,5.669565303411655,46.791961035004114
0.3426442421311148,0.5087602388489703,2.099546675910739,0.1711421118691884,5.947955091983177,40.58680832169577
0.09769712528621721,0.5074194988843838,2.374813323898336,0.3767888151770277,5.831687318588805,44.599393060167145
0.09889960774113471,0.46902017218563224,2.3105607106614867,0.29157982041297065,5.853865979748195,43.02498356648662
0.5947737012278256,0.708173184522858,2.05415052661817,0.3309599972120162,6.0645302307519655,44.43327553354557
0.25706081397851044,0.531938603543653,2.0633871193451943,0.25368645536267326,5.818916676198439,42.02162667298846
0.3651502212684959,0.6297674297241347,2.094774682007293,0.28256624836869293,5.9447327525892355,42.89382176749169
0.6096036062647405,0.64846141778547,2.1280592557762867,0.11636239125371652,6.121662778128656,40.36595987829073
0.2806376261260227,0.5961911839536316,2.4761779384057583,0.38120325412444994,6.0368609924137555,45.51976395593293
0.2235262401229089,0.6560289911287915,1.7773888666480013,0.49055692603324036,5.51934299476939,47.083493564041895
0.15092427354832494,0.6698102648287607,1.929343317802011,0.2760082389035801,5.543244733100805,42.60543369815543
0.4894130032571239,0.6638617075414751,1.8578646720164795,0.3864156020177956,5.966227181217781,45.01618470929751
0.424562573026081,0.713118393551568,1.9143179815485774,0.3664943292853914,5.777443253319511,44.056821908287745
0.4194560986676257,0.7020207694063163,2.008689159311711,0.24863418224214934,5.849732531962952,41.83423531108949
0.27302419311443793,0.5298972115748078,2.1357811291665953,0.2152971542566089,5.8724230746423345,41.31038442433001
0.3837716961274221,0.5551697041514395,2.00644921840554,0.22895342871235075,5.890065110014901,41.58296155130766
0.017110444433655392,0.5021406983921762,1.8919837063098683,0.44316780047845233,5.519073234940695,46.22889040365588
0.06325132304438486,0.45703060094908504,2.120583340407768,0.33696285353905925,5.801269974326049,43.814718431781394
0.06726345776292897,0.4314525760425975,1.885404485284927,0.4465113342551244,5.706680512437061,46.005366253983375
-0.21530856414422617,0.4725112111622573,2.0223674573982047,0.21272049000394516,5.373571713071332,42.40035493831959
0.03813216642317918,0.5187369321410477,1.8990928497462902,0.24390236525811446,5.543939626857145,42.02133223521445
0.17430099137251676,0.6078239004713173,2.177652896672363,0.1720223525646378,5.776972203050665,40.26014424543998
0.12935855804395657,0.5919464991163658,2.2532023326846637,0.253518792385598,5.745645830502273,41.95085465440301
0.11294975127533713,0.4586051003338808,1.8100396525372693,0.4032495581425505,5.678111211494017,45.13897241019763
0.2356810991712281,0.5839843816537965,1.9827998697726166,0.3156354465270362,5.76394546974845,43.25166326256317
-0.03136117805079153,0.5546053445262674,1.7239509204381502,0.29797275152493347,5.390926682697017,43.88608396275785
0.3378888645245355,0.6112059948763086,2.31345043072993,0.23684158892958013,6.072009497093288,42.79865443878756
0.2620729733806687,0.5708170001430053,1.9624232324097335,0.41940297078264754,5.978552150879793,46.04477697161892
-0.1616440387295348,0.548140558312192,2.0938701284305488,0.4273570382441927,5.476560651057731,46.135832555575185
0.1841075306425069,0.5756689486224855,1.8239234126068455,0.23240836471043694,5.694233244569348,41.3947997407529
0.3697070148190553,0.6099055671740605,1.9428766165633715,0.27016705890547227,5.940284968815543,42.64275976269127
0.14352326463587672,0.4619913378007091,2.0316983206482027,0.5168773381569068,5.906389530739635,47.76108320348895
0.14352326463587672,0.4619913378007091,2.0316983206482027,0.5168773381569068,5.906389530739635,47.76108320348895
0.3601710159968394,0.48922700616154896,1.911755534609093,0.6225972143766192,5.992339342600127,50.15530912630632
0.2284486634744658,0.49335981394180956,2.2002212330857067,0.49333250675313833,5.909658156698939,47.26214818872735
0.28896924572482363,0.5366836108288339,1.7748173190926968,0.2968206499156948,5.710534670920916,42.65560009426001
0.6257748597140642,0.5857306266845257,1.8176665843057913,0.23874161606456545,6.050755212411522,42.33641710334588
0.2605230986983977,0.6795476558876764,1.7803963567512278,0.40337729288381385,5.560765425639959,45.054992856686376
0.1278056881816929,0.6243526803146797,1.5293020331640812,0.19633639367600308,5.3942700997230455,41.645174007001444
0.1950542800770929,0.5455849095919166,2.3024104180922276,0.39369207318376653,5.8990965813828025,45.098472006513234
0.09044399383063662,0.5229948660351437,1.9676458604111047,0.27318319537202096,5.586695191013545,42.47956446331804
0.2450615572416301,0.5317219837531036,1.901388588053096,0.17388662972758825,5.73946108177118,40.18153531251965
0.24061444134457893,0.6107508180891598,1.7299347681912127,0.22301442883666064,5.6856205993006,41.200292142262164
0.5133306576159458,0.5928470217867058,2.0706488668689977,0.19319426648322177,6.0496576524985715,41.54533151474237
0.3138445267265319,0.5604390571197181,1.818741108206483,0.3943421197845357,5.904600376113841,45.070827565918805
-0.09164929496380692,0.5508802547575355,1.9143390842611152,0.27127873371431666,5.4078015340906145,43.282555771633554
0.04014711371267021,0.4876434430702025,1.9218661122381098,0.45509346960458624,5.673773328377457,46.164619488068084
0.4153825232446445,0.6159251956871065,1.9131067513749906,0.24270269566152852,5.8914868095667465,41.79945282587398
0.4153825232446445,0.6159251956871065,1.9131067513749906,0.24270269566152852,5.8914868095667465,41.79945282587398
0.15661073272044707,0.6674853113972562,1.6546115217946007,0.20517751751540425,5.42180380096848,41.60419154699224
0.3316986433408087,0.6287654215355805,2.1552361067793298,0.2708020804537926,5.848364928186433,42.40893666571096
0.40177653428767907,0.6253825356679255,1.9213789679076698,0.24712487435877986,5.83315837732174,41.74468759170658
0.41094245280422326,0.6635067858795896,1.6310604447221277,0.36111850970309567,5.804001151084043,43.97806081300115
0.10236134004412412,0.47284769676146443,2.070319256971864,0.49359125418531974,5.7320338786316345,46.92916629155386
0.00615368442176234,0.5571055824477337,1.8988716012247946,0.2615814953755257,5.433085089807328,42.85765981127372
0.3782648790659215,0.6494472750423039,1.8452021092502506,0.08147709915174561,5.781655962183692,38.13902389648116
-0.013639376155108796,0.503742221012823,1.8043019971335281,0.29160046050067207,5.463463403414977,43.417934817119445
0.26010816735508535,0.49353504830592754,1.9373054601096402,0.47580400307798626,5.89005242808182,46.937255459526476
0.16833308328160734,0.5995548027587363,1.7235794703246565,0.3043967251142741,5.561889809438112,43.10630304437491
0.37381499111666994,0.676608424417445,2.109918623522242,0.27153901089433125,5.862723082208246,42.44648695729663
0.6386070901146932,0.6539260016131003,2.1357136585731995,0.24376153009346652,6.142233583088507,43.19417955529055
0.009658076302743845,0.5032475263520201,1.9636813731532654,0.2038846405864996,5.54330638514809,41.25041360972257
-0.0027924374954069187,0.4437759868931547,2.2153110319879734,0.29551845493263207,5.750277744602897,42.9332876796121
0.400800596727591,0.5601965214743013,1.8072280462886279,0.16527118050042983,5.91173867292523,40.2356456664638
0.0871323344527335,0.47159306011453056,1.9890429115188653,0.2420019576890613,5.781484179540024,41.792975463727494
0.24856907924890942,0.6035721845817109,1.8098763147310488,0.2636202457616796,5.613249181284638,42.07932869041989
0.24856907924890942,0.6035721845817109,1.8098763147310488,0.2636202457616796,5.613249181284638,42.07932869041989
0.9677240045524536,0.8134406297644173,2.0815124884951453,0.23918393656074907,6.4186897810999834,45.965415631811126
0.22035015158210647,0.5461900370387986,2.1754966175439123,0.39215980582491977,5.8441928200973905,44.952516446038686
0.3692379021755995,0.5799030915364709,2.417995460890938,0.24358461228896647,6.12836509811911,43.36955309027332
-0.15454863564646293,0.48110159565083005,2.4833730410536017,0.4835124628679043,5.7107293023052925,46.98545528845782
-0.0320052148276363,0.49334312437221006,2.0864003163515497,0.46032174259164327,5.572708974712034,46.58179549174857
-0.013793060343437413,0.48048039309119706,2.111071636065091,0.4722193510623996,5.684093214625591,46.79198921454843
0.0559763934991071,0.46675374898278016,2.139085504994834,0.6849807343757507,5.8541918780216555,51.12958027877316
0.3004664178905894,0.5776602882377498,1.9232213824156474,0.3822943647615317,5.743126073172419,44.50525031339468
0.24400385761154553,0.518613861734096,1.8220091284397117,0.2510972127828282,5.754128985388432,41.772991395823134
0.036530797653436586,0.5783572187923347,1.63787200480721,0.35027585095433234,5.495215392141234,44.37507566989879
0.10809413536320922,0.6342555655460709,1.9321559618401951,0.1844202125167751,5.5771647177489285,40.64457933586287
0.018035279707786955,0.5593158070568699,1.8759154619453315,0.37377901814523923,5.5465818919261505,44.695588497228634
-0.050956588134827396,0.510976210414984,1.922886094617537,0.5629237139339962,5.529350872457131,48.76409381580797
-0.033013331693239056,0.5066405251717333,2.254022360594206,0.7051364995047567,5.6516560505047675,51.439261783957306
0.6023508758911109,0.7434573331730331,2.1840243725256387,0.2526515178878492,6.127041762411606,43.251277967110695
0.29317523746139945,0.6962937744886941,2.0049581141827013,0.32711162682848627,5.741410045091538,43.35503570085852
0.009694543429950242,0.48501300428797645,2.086319710762338,0.43362357548114117,5.698375381739429,45.75981865487086
0.08295224406620483,0.5789872715895233,1.9054829870292445,0.32711493254703383,5.530819746496268,43.742062054004
0.49709847245215527,0.5880394780575183,1.7217879138899885,0.2633175576159133,5.9131008058263825,42.18200053168294
0.4143133583377984,0.5579889570074829,1.8366480067164843,0.4193211928855506,5.928503128899379,45.520117936735865
0.4634995226565202,0.6181662908231426,1.9030280996272642,0.15004976688301058,5.8719864606547105,39.796959088911656
0.13362174300727625,0.5166874520177244,1.9206857479165431,0.3857375464250405,5.626546567040993,44.78856056366233
0.4380678017973671,0.49503426523149646,1.9383236783217264,0.37783060869921326,6.038875571524661,45.398647921800716
0.3638312031042783,0.5028306229073634,2.2133815892525517,0.25382686013748185,6.1140525568390505,43.513374787355325
0.3330821971193785,0.6055771277773246,1.896104907395838,0.2927015656252207,5.758798246106894,42.55029544381531
0.26461458253326053,0.6250413590738589,1.8128332138100895,0.2630098929972323,5.633717097595819,42.00585608205886
0.18193816987835554,0.6901972467014558,1.7177552474626832,0.16661470033745396,5.4783440061872595,40.50831316710026
0.17917159635076996,0.5757439236131473,1.9222974074842734,0.4544586382228505,5.634834048582365,46.210847273406735
0.48307332466828284,0.7163246372681724,2.238137168014037,0.22632662526872718,6.047891865487898,42.239917558813254
0.3242798607393925,0.6150824454310774,2.228496867771254,0.27237097276873656,6.01888011461571,43.15011663466178
0.40729920670623754,0.5740681169743173,1.9000968118839505,0.19588278355300776,5.928704906783949,41.006517010694076
0.30453865441740613,0.6563309250888122,1.7939211988665056,0.20630263567426574,5.674589405054959,40.7373504449223
0.30453865441740613,0.6563309250888122,1.7939211988665056,0.20630263567426574,5.674589405054959,40.7373504449223
0.14263424062397967,0.501607629232164,2.2302181406279544,0.3574483941847762,5.802703358836069,44.21458959473824
0.2541125370916625,0.47743674699283084,2.222577322703554,0.4323560470912737,5.911954470154008,46.050352899594394
0.10537330572299963,0.45079917417063997,2.404053097222895,0.6436769990494663,5.9155965006347815,50.41900613976112
0.18456493132123242,0.4684164494146385,2.330742133261764,0.3371455206922532,5.970008919392997,44.35603173649345
0.00021056015544640427,0.47710130436295567,2.1187517753861957,0.2668025991613034,5.6470370360768705,42.38489607097686
-0.006754355827848113,0.43752113605125165,2.1154955954176122,0.35956388111061516,5.757679218239416,44.30539790860267
0.05625705541347986,0.6233257731537736,1.7374671574213545,0.31959800653580894,5.495809148156747,43.715113903059276
0.15047572018515254,0.515597935740333,2.142400334794348,0.366129463732937,5.767268084917598,44.23759288124573
0.34623952790463086,0.6085663895065484,1.8591452584256454,0.19860906711108767,5.72169365046774,40.574941746194575
0.20892232031848496,0.6293119343548094,1.8739033951577406,0.20956750369160398,5.650597866793007,40.96175415354808
0.44650480279306415,0.7290061808329075,1.7558632705217143,0.2155184800358922,5.735532941041246,40.777514117275345
0.2916576925069526,0.6966950704223351,2.0104884215620475,0.46194031435315003,5.7471425010865875,46.088059641558196
0.4712530890095149,0.6383939126145357,1.9506761946299913,0.3239292459108728,5.957893630474043,43.671370936550815
0.4712530890095149,0.6383939126145357,1.9506761946299913,0.3239292459108728,5.957893630474043,43.671370936550815
0.3820700292616314,0.6296284547807777,1.9489655809208832,0.2114858169481222,5.799086696737608,40.90790389180697
0.3820700292616314,0.6296284547807777,1.9489655809208832,0.2114858169481222,5.799086696737608,40.90790389180697
0.25839560971245823,0.6140375060168365,2.175674768825364,0.3015366132684463,5.8206958344202135,42.88840037622502
-0.017854304710860136,0.5397043077617355,1.8672735836699674,0.37960810150895374,5.4168141060360835,45.581637409617514
-0.24967838252178087,0.4636219907744159,2.1906115024668913,0.4929886830397331,5.499106449344742,47.627409890235626
0.06479931871378952,0.506964551384636,2.3904739320604667,0.6094747757298975,5.817770697919907,49.54463140050705
0.08150322649073971,0.5060921280133033,2.125407466791209,0.5802415492597603,5.718748309097752,48.72602955292797
0.2021024513979287,0.5211881758845331,1.674580760591052,0.22391806914237325,5.575276241483119,41.404532747731224
0.3882956304175452,0.6938752607538876,1.86975053573441,0.20213065296203286,5.740908718081668,40.6643628243189
0.2485111175814282,0.5681941030568278,1.9249780184947423,0.24940254605528492,5.813176786977278,41.826755884829275
0.10561401843989549,0.6014022565430842,1.7570401683661263,0.42643453179866003,5.557733518568554,45.73739526746114
0.005132433382195711,0.5709090860426378,1.8703724910154411,0.3390863559280255,5.56452046390215,43.9972789489474
0.40842480259652,0.612241102602401,1.9315423268779643,0.21048119791266384,5.946980672941873,41.38183065791944
0.39428210312937884,0.6161810766566287,1.920859060103705,0.21210569036583066,5.871558458443151,41.139023807905325
0.44989926098816474,0.6041519038381121,2.1126178072605715,0.2203175785546897,5.963550015153615,41.58248103112949
0.35183041842889107,0.5626239138739175,2.2145060587756626,0.44124864648398676,6.006884836296269,46.49119433026739
0.24960149033339057,0.5522489156517865,1.8840728358820473,0.43424728730554424,5.699023107292794,45.57904820055312
0.059566221220470394,0.582739251635004,1.8501405873144119,0.355478700347214,5.49594368333247,44.437985333959865
-0.11179517886421231,0.5482438766841691,2.3622816615457913,0.44887604224986005,5.612363173091144,46.16364890715832
0.11478410761341906,0.4581900372971274,2.3497895179387545,0.5529321835275127,5.926736747456939,48.615134709181554
0.5337133264141344,0.5231635516399137,1.8508726357180176,0.5536419771786121,6.03717493524038,48.954690857134565
0.4075418258355581,0.6461228408679319,2.1518765279111056,0.2902828906692356,5.9662084217239295,43.12786898490944
0.2845283242161572,0.6197263898345564,1.8128571054073093,0.1860422205641472,5.672492293695218,40.3640711387671
0.37609996879836033,0.5849630368015062,2.3375682581704282,0.4631676115534715,6.059334266841134,47.40808350637494
0.19218628426032913,0.5663136323064881,1.9640486220829412,0.2964078913235599,5.781506564303705,42.84716802549163
0.19188237733892372,0.5592477087850831,1.9681742258532395,0.26748952044358226,5.734130107980265,42.098122285758905
0.3466557047945666,0.6379517602957753,2.143284080297545,0.5913658663269833,5.927709002272402,49.178652275187545
0.14330656258934105,0.5767756186735943,1.8789780264315419,0.4658962303978613,5.741882180538408,46.277657139658
0.17401828842427847,0.46892852177226463,2.027075732757967,0.423753622531132,5.85282677325475,45.59878807553857
0.361003750587063,0.5754342232059082,1.8535710161633392,0.24689990364631206,5.833066188402236,41.75544654182771
0.5192740612600297,0.6704925101888422,1.8396770801487745,0.28354829039344187,5.963018411137144,42.894297500284004
0.5948604382619382,0.6198640796311397,2.0392635950925353,0.2553067462921845,6.154049938727706,43.57951242486938
0.24668222653698502,0.4712404749870012,2.264384717429561,0.49748654910799484,6.008353910856768,47.748854310279675
0.35619210403131235,0.6908709282891562,2.0056045317727422,0.2189297331372241,5.795798471584082,41.10023875001526
