logdet,lmin,lmax,d2_bar,tr,Phi
-0.009225537454045973,0.5123224382461194,2.282643722987396,0.3654081703434674,5.703925246091356,44.33139886203282
0.3507776373198224,0.6059578802960376,2.1266059549375864,0.2530001347028195,5.8921999604289645,42.02925131927751
0.32509273102077124,0.6700020961632747,1.9700849666422804,0.3093368578451168,5.761029968830357,42.978784433544746
0.4142172397087157,0.6393339420180894,2.2499175759557413,0.26689867231785264,6.036235726218504,43.09681351476344
0.22192931850010267,0.5756641894330843,2.08032768662261,0.3116202046736611,5.731780936813978,43.084435382431295
0.22192931850010267,0.5756641894330843,2.08032768662261,0.3116202046736611,5.731780936813978,43.084435382431295
0.22192931850010267,0.5756641894330843,2.08032768662261,0.3116202046736611,5.731780936813978,43.084435382431295
0.1362540680635419,0.5761476905887853,2.002133585317065,0.3713759854494822,5.643987160000883,44.55358942146139
-0.14928810984663365,0.5220690137021178,1.6188370760028783,0.35501251910296183,5.226881771388911,46.51349727405189
0.2059426271584346,0.5252590769002168,2.309385208113492,0.4647870976610456,5.972737562273647,47.01044915807775
0.33756985927172134,0.7027540881650165,2.203417820568013,0.30912779458191764,5.897113068668169,43.24496485610589
-0.00502201869552199,0.5791968472287778,2.344531494056271,0.404631769406455,5.765140960596759,45.200719614665665
0.1343449016791317,0.5840082924710543,2.144782644485599,0.27559252970209913,5.667958184608554,42.37422367386435
0.28129494351539774,0.6009374541145281,2.126864776029369,0.24351471462954324,5.807869286825532,41.67886399452367
0.4111433460053509,0.6336622783698898,2.282707570823241,0.39125713774439447,6.030319959817713,45.57056249818251
0.22681196263030767,0.5958770080756475,1.9892738737527043,0.2484180531064254,5.722583786565899,41.734754060026134
0.020877706776453953,0.5537737567271437,1.8032790928171645,0.48042492750238047,5.522574978202934,47.1752666281573
0.04595493834787184,0.5818613010094584,1.6726282073276209,0.5103528491948388,5.429663602493822,47.95083812166785
0.12674411700435317,0.6036263755147501,1.9836605416354463,0.31113539655054984,5.56609382848183,43.30671574769292
0.16750209254041004,0.574997022062539,2.0399054512452475,0.3363955308703632,5.685005743880078,43.52458734652979
0.3138888193893403,0.5919300504643381,2.3308172564668674,0.3119039828415663,5.967778715007471,43.62398782980086
0.19927703231756266,0.6084024359023862,2.576896312753826,0.4626120761870947,5.954668701319635,46.886545632224426
0.19533580989797988,0.4372518529476297,1.8293147246986243,0.48380414081390244,5.83267869071752,46.866015567657094
0.27562240455495235,0.5087788430181531,1.698434908808395,0.4378106005320837,5.7159607786585225,45.62164248634982
0.20957216032342352,0.4680675341656725,2.4282604789960844,0.5170085659434037,6.071085954388531,48.750498098055274
0.1708148209972314,0.5100285903613757,1.8782813024633487,0.459460636212347,5.693158261946968,46.171766289303434
0.1860212746031682,0.5888357928531328,1.9702130650276943,0.3026188921840997,5.755460343192349,42.91949013496011
0.1860212746031682,0.5888357928531328,1.9702130650276943,0.3026188921840997,5.755460343192349,42.91949013496011
-0.07411265658469013,0.5559976662279162,2.6035830379527853,0.5503090242308601,5.847076486282469,48.47408126847459
-0.022282446813700174,0.5637225582080332,2.7468398727975343,0.6121491989489916,5.892817872027646,49.88351191594817
0.12043913491236824,0.5706708487541977,1.8344769706207313,0.32973019030593215,5.56813064362725,43.65675981916347
0.1470802700140687,0.4893989918653327,1.8361341434001544,0.3634159013009563,5.683325244212304,44.20124442298534
0.10599959381822954,0.5348144874256233,2.030231191258505,0.43598462798430904,5.684249035340204,45.74662041093121
0.5573023117462899,0.6275599347448152,1.9488209291770893,0.33805596675036775,5.993474098516447,44.217888251278346
0.5477957714147714,0.6770581505342923,2.116547998289217,0.23054554208971167,6.071361120080724,42.43362838731164
0.15042474904216152,0.6188320212616907,2.4387557533207445,0.36282137700526346,5.858136684285725,44.37453439188272
0.10126080355870992,0.42730016936593185,1.8379221214772437,0.355645634615745,5.738724417279488,44.13145424177534
0.45328687929590555,0.44168275042432326,1.9121629802265274,0.5191175392894044,6.109469111364923,48.87089492026563
0.5242056047625987,0.8030125115723202,1.9329284026061049,0.2136770782509449,5.840133072473491,40.90339640421534
0.034059535965413,0.5664615887896257,2.0250176655604717,0.47207342113641454,5.634972602550653,46.67360096689867
0.10107585983882039,0.5809884699091761,2.116539663033855,0.5015472858035354,5.733294710881172,47.22007208104351
0.2463456539857718,0.6038639937704939,1.6901233959447413,0.3127326631957047,5.567511954751469,43.173363644952595
0.26846858363762804,0.5549408190349433,1.8663837413898385,0.20095695189037646,5.769767687103312,40.72534082576192
0.14009645723142716,0.49691889723775134,2.222414622479531,0.4649872974943356,5.914067696324873,46.80646185144737
0.523507445160756,0.6475446365191302,2.5205571956588892,0.2154496787415176,6.2399715185814815,43.66846149557602
0.2867450234436991,0.686144008191829,1.87172682973674,0.13082976451581838,5.683937456248932,39.185286187879285
0.3785217584739321,0.6385653919664672,1.7527205874853327,0.28849859748547885,5.749664119991101,42.34327481188704
0.4278167498216854,0.7973798609097819,1.8659005993864246,0.2409362213535235,5.786518020112478,41.448559549211446
0.39406493014800026,0.6941966838436865,2.1012523606493922,0.34547663410972734,5.845511923929154,43.773732663581754
0.03310996071715966,0.6002884485418762,1.9451080944661923,0.2253624571608825,5.5725767294116775,41.59612056952947
-0.015140220821302841,0.5227900887534566,2.1732530728249975,0.5295189165797031,5.64406425435036,47.99871516755555
0.07023160320953559,0.5206005798561184,2.1692404307846687,0.3696706073051442,5.734499667005339,44.548343745112945
0.07023160320953559,0.5206005798561184,2.1692404307846687,0.3696706073051442,5.734499667005339,44.548343745112945
0.15667187706592545,0.6009755592351215,2.263080231006229,0.40002179648817315,5.877798913697871,45.319419102618156
0.21921409259216018,0.57201153012713,1.7430370178627559,0.24633405546832932,5.602856821240515,41.78161798687072
0.3472392015579027,0.6296574023212044,1.9643100696423388,0.15787823832229175,5.839686332334398,39.89322153500673
0.3472392015579027,0.6296574023212044,1.9643100696423388,0.15787823832229175,5.839686332334398,39.89322153500673
0.3472392015579027,0.6296574023212044,1.9643100696423388,0.15787823832229175,5.839686332334398,39.89322153500673
-0.0988491457293722,0.5038627122029593,2.0113215548004417,0.2836324351295673,5.514912191238022,43.036238883220925
0.2818560298022415,0.5800773012881913,2.1575336652243733,0.2523080829203614,5.911476185092954,42.210249740962965
0.1937880935556352,0.4715966902031428,2.245736614501584,0.3512670030555456,5.917076275419005,44.354920567643376
0.09838185848787201,0.5581561279372408,1.7629984027393784,0.35972267283385867,5.46013292843765,44.736296420079334
0.07697027629462105,0.5062592715060807,2.178314033614515,0.35956023511551755,5.6881914129551046,44.15759480982772
0.48803386264826054,0.6230361348976784,1.892156358380353,0.11874412932098638,5.949961995375011,39.387494403795884
0.26899838427576195,0.5677910863142944,1.9081490674647905,0.4849691950910067,5.749291046856433,46.714549031719656
0.31342991790093677,0.5835400661984227,1.734805350813998,0.3044846611569064,5.6953044766761325,42.831868669114
0.22325656606976058,0.4741457555814966,1.7207688284899048,0.3488922318905395,5.768520734715489,43.85997815799751
0.18052985220534945,0.521025243502346,1.8904275014086314,0.2974482469635618,5.66354756657173,42.862521971299934
0.4952946317294814,0.6886243500293148,1.8571593158905535,0.23895064185059894,5.819031686722856,41.36630439539996
0.21211650225527928,0.5664542378693389,1.8010197621933934,0.3531196819546038,5.671775315273531,43.98246075164352
0.587747412195152,0.726281369594353,1.754250828121381,0.4209098563736182,5.936227631857276,45.61991803089437
0.1334010501803049,0.5880812974329667,1.889491756958196,0.1809720328732149,5.567979816312378,40.580836477659076
0.14334333145323352,0.5153506809668215,1.6948191128982488,0.23178031681203748,5.590236369789309,41.60080397178447
0.5206073453159908,0.6529343979704757,1.756230691190741,0.12051012128175122,5.879784602764866,39.07116351012534
0.5206073453159908,0.6529343979704757,1.756230691190741,0.12051012128175122,5.879784602764866,39.07116351012534
0.5206073453159908,0.6529343979704757,1.756230691190741,0.12051012128175122,5.879784602764866,39.07116351012534
0.2488530436837439,0.5840628792340591,1.9550231333284243,0.3112686190737774,5.785756060894203,43.05661473079928
-0.019398106043774455,0.5836532037845159,2.1316295462563497,0.3323826917618328,5.570063171802849,43.87655090520608
0.015170425817280675,0.5780273135387695,2.2971459823083897,0.2997608904381798,5.658941411434212,42.96041350402443
0.14896831914811504,0.7093264227830992,1.8307385425732474,0.4053084294886597,5.530758827655163,45.229626726587895
0.32283248028472544,0.5085852775652632,2.076828715870471,0.4677113938583502,5.969398145592915,46.90662729207443
0.41656623670762577,0.6804012978844453,1.9437873542362014,0.21665576634045075,5.87176064811757,41.13193744593191
0.05527011551164751,0.5420050951008758,1.9238435321146934,0.3343139286156168,5.608012521771001,43.692921452163965
0.39423195871932915,0.5428819199784982,1.825042251444405,0.29129615243570156,5.842102667098296,42.66707412420445
-0.1969386568362813,0.38109362005847724,1.8140790156587114,0.40340853119898556,5.3974748836025706,46.22720282715917
-0.33583966982435987,0.416394414396187,1.7483132557793226,0.26746670786862703,5.190597466863794,45.12476491941551
0.5768984855412309,0.6691908097666494,1.9506847457807766,0.20535539375337053,6.058880857290087,41.793264211664535
0.2149647620257641,0.45682070143560444,2.1434482302817552,0.4111172986190732,5.886274143907172,45.4252758111985
-0.010895128808819932,0.589114227419148,1.9115814521058136,0.4711792993887108,5.474014244311409,47.130951159145226
0.46943096671085704,0.6218017731820338,2.100164478266783,0.3324801080185644,5.987506500827401,44.057440182823065
0.49101480806427406,0.7152950862454903,1.9680602659315682,0.32487843237910713,5.908075120224216,43.536052538370456
0.5786772687416675,0.6863662648204262,1.6254483378997036,0.340246800751082,5.883268592223636,43.62904677572946
0.2124723278574172,0.6538960803771722,1.8126890441823311,0.4433214218471785,5.616341340309363,45.73768743836726
0.22233447588430372,0.6441850856420288,1.6692667350739807,0.43457849725338327,5.550479101411259,45.778368688911286
0.1326866001779422,0.5282003765526482,2.0541765123559843,0.31348274391854203,5.795358250362993,43.3113917676733
0.4054120420818364,0.6387750172152623,1.7183038498348686,0.24569578182665158,5.721667552834349,41.505430353869194
0.46402730053130664,0.6087490854907304,1.769444422854714,0.2603568419155833,5.84765009883496,42.01621849248068
0.5995953100615148,0.7065966656206902,2.185281122542376,0.19089685982771817,6.134002406820431,42.062317469620645
0.06422685758964786,0.5093794760229858,1.88886585583814,0.33433747779076034,5.589539395478424,43.78030114831844
0.366223046871046,0.7530155742715676,1.8543627295319935,0.15053881542670372,5.7396615753278075,39.5326842641001
0.24751092945115272,0.6970702990474932,2.018340537764195,0.2031835273454948,5.688594096738757,40.75348162875371
0.3355439481944697,0.6356999012117954,1.7756215703777647,0.2629840022884589,5.7640391209225585,41.995091441399346
0.36176435223393055,0.660071949581859,2.0485125156420945,0.2333829460515492,5.792328270893087,41.402533461526325
-0.12605377207258983,0.5202055014111034,1.8491346753567361,0.2891409268456267,5.324104657490994,44.30316984815726
-0.02508017963836129,0.5327716482969701,1.9339519573646964,0.16568938602586838,5.452410096351744,40.83316340696945
0.25550663527825485,0.4828020294615846,1.7582006358607203,0.22956168581844677,5.785377792547414,41.372466451652805
0.17847851928688174,0.48783516826294593,2.1816298699548033,0.3737931533156086,5.82972835113274,44.54534340095538
0.4137503343474359,0.6010414360612011,1.8434726164845834,0.27411426511840387,5.895193581566827,42.42762104760563
0.5350959411426002,0.6334965790624424,1.9599775287403387,0.30114560118196687,6.01034780959734,43.47950555827815
0.3136344102294816,0.5865829929711419,2.040063351774223,0.33621999953312914,5.931267334758818,44.01422817584559
0.4071489338980053,0.5706823998588267,1.983858318147556,0.24865232131027162,5.9456243128952755,42.266613660136564
0.2060849624285006,0.6174959791996292,2.1734182637708805,0.3869155740332239,5.733445559218579,44.70973193999234
0.16397923652895596,0.6568936579084602,2.2954911681075956,0.25487933950743097,5.789573682798424,41.9807682745428
0.7283480213961839,0.6532793875393951,2.418653097464408,0.26930655811364923,6.386060334607749,46.40995110204483
0.12050154748526642,0.5779559672378999,1.8092395661164309,0.36044960289544237,5.489503846178064,44.503165329605906
0.3645499840090624,0.5789377216457641,1.8461580109881353,0.274084220568628,5.8578579553829275,42.32576987181578
0.6917871945365011,0.7414482560147736,2.056595102586305,0.30614907693825766,6.183582290676561,44.86116194186984
0.5932099760512467,0.641623370955179,1.8489744655374354,0.29519970767159165,6.008010162940528,43.30786656937506
0.3608627100724564,0.5604235477641059,2.2498243657294426,0.46368258366767096,6.0565477642976795,47.27370863535156
0.010336044547556877,0.5800221774526738,2.272456176443456,0.38434829373180274,5.683721576290596,44.65561945399914
-0.3008053204452179,0.45323007667299847,1.965573316980441,0.3372840323085443,5.314153743856869,45.473836752041784
0.48023730476638543,0.6291732931315599,1.747040549659806,0.4771270637038316,5.835208270993372,46.34483566058908
0.26975122962267306,0.6532447850731077,1.7885171351850704,0.4747672271219705,5.58593874452587,46.51914352819309
0.35231092589891944,0.6299458237921677,1.5967602016399984,0.32714107006753007,5.739978387613753,43.181477157082945
0.3754169924365269,0.6278109511042537,1.7040904805619665,0.21971992075176378,5.707109632162403,40.94249933159752
0.3168653782141061,0.4971746898334637,1.8403809414063184,0.2803634484866745,5.838666969017536,42.503139771447536
0.1138179017329628,0.48855836350618964,2.1464215682504335,0.2578162733656677,5.726269252081385,42.01358414196154
0.20767809029952244,0.5823675415678645,1.8874464644267264,0.1849055986699725,5.62050470492682,40.43096659160766
0.05395192198438581,0.3525041375014648,2.0949276777168135,0.5491518993374433,5.908754579658508,48.62315887194946
0.05870016076519158,0.5481110160801425,2.386907189719384,0.3559872956835564,5.768496442133738,44.18368639433003
0.2689945994850352,0.5530261385929123,1.9473531490613272,0.23370800051792695,5.859267911605091,41.66711863366131
0.1268908374177452,0.6448701796515374,2.082943249649526,0.24764817906378414,5.7016204557721775,41.87513141201246
0.2580962511011405,0.5461268968631359,1.5774684166655875,0.4772781594011357,5.617853342214457,46.469904784566644
0.3186968984364359,0.5490012958963474,1.8253528687630993,0.3930908907517857,5.906130643981848,45.14528497621713
0.3137395311535965,0.62563715823291,1.7997155855741358,0.4917084881746429,5.7530616652737,46.868507108412786
0.15274273623132995,0.5061610092215607,1.988840335444428,0.7322750357530355,5.8222231880547834,51.86610515938207
0.1571206278951307,0.6896724670446105,1.8963672082933638,0.40718891722732364,5.517725576032527,45.33456322778968
0.023772215791326934,0.5012255710883865,1.8109889972871875,0.3253306518347811,5.466735378973909,44.10556601562095
0.19623786527837028,0.49227467050867907,2.030325279186373,0.20344146425096166,5.7713503342120545,40.8687154687419
0.5014341880740638,0.5692853031054865,1.7708494106511912,0.3033967215144559,5.96170884188669,43.27383354101826
0.19896952743090213,0.5378817851372873,2.030994310753636,0.340478399854724,5.811395478990951,43.84716305517721
0.34879763537976277,0.6411013157764882,2.008161485948088,0.2220040121272921,5.874517396821087,41.31776765156276
0.11250735473438023,0.5566891032375704,2.2523378994721712,0.6027680283109931,5.84207377382033,49.23851842843818
0.37122359279192224,0.6128912247228836,1.8623184423967964,0.39881482747591646,5.80456492034647,44.814345875237414
0.3417552563777204,0.5793295381643101,2.096110885261923,0.3493304851420481,5.887920292290047,44.01036467234011
0.35149366618877276,0.5808611917845378,2.2705244228079,0.3763977588721432,6.126995137732247,46.08801514965954
0.1005773458638845,0.6057337072316543,1.6711401367496956,0.2171301740395879,5.443602139524442,41.858233924605614
0.2206718716413637,0.42997531611121476,2.085692010413659,0.3603666077877653,5.978258812583492,44.81893910911091
0.2646889708846589,0.4380919766913999,2.203536385890952,0.26364101093807957,6.0630002693224485,43.326624803984956
0.0383466874113606,0.5345496295471798,1.740865833616538,0.14948700095398723,5.491184946032248,40.237917276479465
0.22300161792701179,0.5103181083947723,2.000734109541622,0.3825989818230249,5.767167441420792,44.517894602555785
0.21262142393593247,0.5193202348813428,1.77958198835758,0.18624706267991226,5.6660380440272595,40.45043924613018
0.36930316206649416,0.5691629808010994,1.9251201400844977,0.16169121497417657,5.861766510834999,40.06381469766049
0.29253394630995244,0.5213209335027867,2.1065440688138377,0.357479251846781,5.901727864516539,44.41713757184911
0.17091866799717015,0.5271972201363269,2.087686053002286,0.2506766324244948,5.727398534998928,41.85454476614102
0.3931838061244075,0.6477171099512595,1.8129334396938348,0.2793131672749759,5.763653217757335,42.263718664090646
0.6329494999902194,0.7521172212396077,1.8826218133381993,0.13211562895552548,5.9704085536378315,39.61338447570946
0.1868882214180701,0.4453144259738409,1.7955229685955667,0.2907800181340468,5.742920699862827,42.66738757481687
0.12686258168939252,0.4870588496540914,1.8287281331408272,0.16333144103574823,5.602184936914023,40.130849869098384
0.4385651304396307,0.5310646750691561,2.10854288257774,0.2124671193337219,6.018515696508247,41.76799815255951
-0.42697430574935713,0.39924638908604804,1.9044877619576046,0.6184502533997421,5.277987880820107,51.66305267635402
-0.14235828923685068,0.4633344543038262,1.7517370761642383,0.3809453568279405,5.406764835904037,45.69669733544863
0.09377620931337893,0.5143447835639303,1.7418141427452312,0.21371891233109155,5.521243457017784,41.41163725960301
0.24909762306293737,0.5508216678836634,2.1072687012800833,0.30797813646594285,5.898270941618946,43.37016954565129
0.3821377927907066,0.586425193275924,2.243055278767609,0.2641800743446467,6.036206960330981,43.065708558022706
0.48764981475702635,0.6655072343159243,1.842828743286033,0.2825492928328709,5.89699621396365,42.566438815558605
0.3363468768454789,0.6804401268009487,2.132762197878875,0.5735359245426287,5.815655543759999,48.53300733677895
0.38894276211574585,0.6551129959006684,2.162051308729124,0.400767767191166,5.875154661740459,45.05621457467945
0.2908962942655384,0.630599458118652,1.8526167074329538,0.18795434446518616,5.657136711717389,40.38247669886392
0.29592787409641863,0.5456137885534446,1.992100387135446,0.46858760276830747,5.866068455144529,46.59409387311296
0.20709644520871967,0.5009917191594668,1.7631652633496864,0.3790275275486118,5.673933658543184,44.46123725034142
0.3129145051186668,0.6619808608691493,2.1529872353521795,0.4535087813579846,5.800715351245351,46.08163122292878
0.6639455475861356,0.7228819465701563,2.0900149333883435,0.4235335676166603,6.155646282971816,46.93152852154646
0.04370197617933125,0.5534860975044753,1.8813926458674148,0.30749908249811186,5.521900691686225,43.38918205668023
-0.06834678999248156,0.6072958798201925,2.1378119949032954,0.4688066176544521,5.505120519386937,46.90335412310511
0.14443390107872833,0.591197813380671,2.015501373535614,0.20990059129051417,5.647104041557331,41.01301699928014
0.3736457163147509,0.5975691213325646,1.9960570411731369,0.2729286372352998,5.862117275181021,42.3642677049214
0.06169787326458853,0.4683936185865386,1.7639444308036911,0.44132596873576185,5.682581505762355,45.943619832142794
0.34670829739764364,0.5529499923477922,1.623515416756499,0.35121918709026206,5.731996125919002,43.703925688061354
0.5174359642950211,0.7384608574542957,1.745530499144579,0.38510820831234155,5.8257047942997495,44.4907958115286
0.057034431968184585,0.47537423725205663,2.368529644162988,0.38808729740073283,5.799009149899272,44.98794516159103
0.5147880375900075,0.617473373384573,2.1355818535651796,0.35608700009407623,6.027599843422488,44.7406221322487
0.26012287348681,0.6333240935940184,2.0035576208450663,0.3170720722861074,5.702685475523273,43.16531597592996
-0.07662297703210508,0.4920827478225789,1.9377053303683722,0.5187802792203837,5.622921549183749,47.66391414115784
0.17255989374557434,0.48377798952139833,1.9040304243778858,0.4488630754022501,5.834259566264333,46.08520543627926
0.7876125215451808,0.6489245017543501,1.6382776488817807,0.26488498650878567,6.150153938800252,43.53874917767046
0.07528031453266104,0.6050556832299373,1.5097534161158979,0.25585237075582357,5.397875445921272,42.91441762705501
0.44166292656624206,0.6503073352667752,1.9462992447465506,0.33745944473841943,6.010338816883779,44.28082656368712
0.39103241732534527,0.799167276017137,1.694953443453406,0.2317092826129716,5.636335456059166,41.20447123685506
0.36116458458241,0.6629901915301206,1.7818562771197208,0.14204756523126288,5.775463639962899,39.404357892489024
0.36116458458241,0.6629901915301206,1.7818562771197208,0.14204756523126288,5.775463639962899,39.404357892489024
0.27017540505922755,0.6218138108520409,1.779320700665452,0.20634986203890632,5.654904912923307,40.86472564903229
0.034973532267886465,0.5460002973834771,1.8362474022285995,0.31339079959145844,5.508915183174991,43.60132485529443
0.4755123532669835,0.7219197234491254,1.7022989776532107,0.20638928818718727,5.753324472585131,40.58619745107139
0.39507605649725813,0.544631136477393,1.6713373106583906,0.2706471388772449,5.8059221837796295,42.15869103593359
0.39507605649725813,0.544631136477393,1.6713373106583906,0.2706471388772449,5.8059221837796295,42.15869103593359
0.27088412217906765,0.536611329013703,1.8293318958113514,0.24404450668998612,5.71994131723706,41.575548747179006
0.20926888050370263,0.5276941063611098,2.040691682755198,0.234567135723632,5.818525066833345,41.570609877900935
0.18553636955491826,0.6134470301848068,1.664868405455616,0.26941933013886515,5.575789027959669,42.23895078191958
0.27106831447172963,0.6535060814096207,2.169022356835979,0.4076027433653438,5.889651817292222,45.3480710690875
0.367393787402168,0.6063483647973793,2.2527711240922574,0.20160585469654646,5.9889781535641085,41.41278675838341
0.15606500166524395,0.4995370556971949,1.7964668068460063,0.5284102088874022,5.764252061957791,47.66664062689718
0.4117972186816756,0.5238231910791339,1.6786608491375463,0.48791793584154375,5.865801016528798,46.73191793417558
0.3739617671430156,0.5702107139295587,1.9187209646428542,0.28217041676569843,5.885058490518453,42.6240971719748
0.17354864375180745,0.624340046769394,1.9708735926587049,0.3042756969372034,5.693505522254246,42.944695215275345
0.04764066615426499,0.49731215051362965,2.1050488886306367,0.38922095814501667,5.692461501717526,44.844150043816114
0.14864062722716231,0.4674645708979702,1.9629091220709605,0.3658928233897618,5.769068400626239,44.318980287413254
0.2785344945631061,0.5098890598336249,1.9011144358945504,0.2795785770054213,5.835198517752687,42.52622441358449
0.3809336022485394,0.6172783322595449,1.9096422152207853,0.3577215411852965,5.793939114565335,44.00989100032836
0.5373212653082386,0.6675943518484183,1.9147648295144744,0.12365382108965722,5.950499284965398,39.45075018365251
0.5373212653082386,0.6675943518484183,1.9147648295144744,0.12365382108965722,5.950499284965398,39.45075018365251
0.22648304731367408,0.573980623818008,2.270120160854067,0.24249599306734312,5.85919777467625,41.81266254258754
0.265627744976622,0.668266644958628,2.020160493503149,0.40140950951390486,5.692921078463012,44.736325334577685
0.20815556755665726,0.5791805661807735,1.8489472092736932,0.2009820381733085,5.684852344695275,40.731863423709896
0.20815556755665726,0.5791805661807735,1.8489472092736932,0.2009820381733085,5.684852344695275,40.731863423709896
-0.10020911456147286,0.4484350398642519,1.9003496189759324,0.2715865215947278,5.507302090713571,42.81702659689357
0.4527055114657781,0.5298455121243466,2.041000923320847,0.15533925093533543,6.042602500803908,40.731371901057535
0.2424057303433016,0.46956818953442203,1.9705092189821185,0.40174834974811613,5.915697959246217,45.373338356037124
-0.08054237552685939,0.4217571446862478,2.148554298483757,0.5025250797850542,5.705583696330062,47.38048658196783
0.19662853235523114,0.520828282939386,2.034645153937683,0.4049521025523213,5.725590716080906,45.18624374635811
0.1796600690436827,0.5847009724310257,2.2748263376153752,0.37855014943262055,5.8187379328465285,44.70634608213448
0.5895187113548241,0.7932000277525051,1.7145961292674636,0.24496456895269755,5.885237473826507,41.5776694426412
0.5725579731770005,0.7351442198456438,1.6393023669721059,0.19681870013615285,5.7943635714558654,40.36724778596465
0.247493912091665,0.573523989756608,1.8190779352227824,0.3948453434199062,5.655751025584724,44.75873216381064
0.15600729486051967,0.6483617132425525,1.7472132866773875,0.3197436873799726,5.532486655378645,43.629135279879634
0.12795874829781817,0.6236984639945272,1.9410818783075217,0.39549808252580837,5.51851395710491,45.228032161163135
0.10519002640825231,0.5099103299453699,1.7696312417227777,0.26249106685949536,5.584180091934963,42.242970776956405
0.4838368691546988,0.5928663492953921,1.8276704638046541,0.30648279027526626,5.87383235307086,43.010472789203114
0.48305712684994173,0.623733016629509,1.7605168482179239,0.406732843978434,5.906314118654944,45.276209532212874
0.3532908650517907,0.6531316871006666,1.5783734477945728,0.2867462207284998,5.636759754370534,42.41375807222304
0.07401956018429723,0.5433984264769709,1.720411119778804,0.20183769797902656,5.466024010429688,41.38231666417539
-0.07103518198438918,0.4691913119370557,1.9326421886967284,0.3440707102336746,5.561968804861422,44.081767272487205
0.19521967094755543,0.5184029374076113,1.8721688668258827,0.5391093968379411,5.827989146608036,48.02439431748096
0.0824576596481682,0.5417589353190689,2.1670149975698734,0.383284896530922,5.718951009329664,44.68220433458306
0.33216332378304775,0.6272306926593723,1.801385771983123,0.19623399880758316,5.729452086722246,40.5341569993582
0.2804310440475426,0.5903184430262142,1.9728681974497166,0.22268384972602856,5.730005932578443,41.15555576831483
0.2804310440475426,0.5903184430262142,1.9728681974497166,0.22268384972602856,5.730005932578443,41.15555576831483
0.15018935439200853,0.6242357561184572,1.6380282153669898,0.34296688283268917,5.46700805550936,44.21917502108145
0.11737865654884572,0.5396514038308061,1.8701556211152521,0.44542829681355506,5.675124532743302,45.93793932042988
0.05267460900310694,0.5773368810462582,1.993099279177919,0.28103827578457674,5.600872628840684,42.647001096979494
0.07184653426557441,0.40617235011418523,2.1317457205690786,0.5173855833335966,5.84550522371636,47.7089153491324
0.3053831580688613,0.585674699012171,1.9277413793197866,0.3414983292872245,5.763612548419749,43.60542070074325
0.15583740868124962,0.6103179512252072,2.199289758494035,0.5017363110391129,5.77691535335245,47.09097154307627
0.23039200627869322,0.5630275524355121,1.9933319509624825,0.6319215820170623,5.764605465062999,49.717848647597876
0.5359887019220908,0.7655261104605843,1.7923929011696396,0.4847405567787621,5.8392420353401935,46.59129895184063
0.28909327240542637,0.6603749834741489,2.108565955314867,0.2815304587413833,5.784618482508419,42.514148878585154
0.0680426583975613,0.5852196583102853,2.0632223400069583,0.36676023649623246,5.553067135221859,44.606485877872814
0.21170001636067848,0.5828721772225477,2.049746792383032,0.4269685456240019,5.7418575218869945,45.48002722942912
0.03229317774065821,0.4338259783356863,2.4717460158946434,0.572323048463056,5.942937343000079,49.19540111326865
0.12579257713896297,0.5257261879577618,1.8936807896388437,0.3533169382236502,5.6619136754799335,44.02411861232226
0.3222747331626766,0.7065375752357799,1.703555807251812,0.11772312761600523,5.6431876483785315,38.93401392355304
0.2322468983190255,0.5152933938306109,1.816289189039311,0.3306456506500216,5.76924333168221,43.58002171178899
0.3573968579128416,0.5808314395783708,1.945351594178757,0.4337863885316542,5.901711748804008,45.8019039511494
0.2774504332335508,0.5393753818988615,1.7848173733799717,0.18442312341360617,5.818151854534078,40.52336087281556
0.13640926544040544,0.5522209521888094,1.7183027617551991,0.2713720389356562,5.580740701179219,42.41428260315698
0.17051177806704299,0.644208848536481,1.8239540080559409,0.36482786498712383,5.559165461927212,44.412563738301245
0.5868938238405015,0.5682893906303974,2.047863393811243,0.3745221061698147,6.246796379416143,46.94628708259161
0.4818127769975076,0.5803595427161202,2.0269982217233404,0.3537788875694514,6.0427281138234905,44.88914298073058
0.4139999917358018,0.6903604258950339,1.920094846383899,0.3103942438332828,5.8878451341705995,43.227037554974444
-0.0727006275678781,0.545388445226127,2.044392847763468,0.5163707931425922,5.553654077695368,47.8329221767284
0.07679667662774048,0.4756094819660231,2.1118414487206354,0.3213036881596312,5.7493374714896195,43.514116426264366
0.48228138150420113,0.5873323772915414,2.00724231749958,0.4828436232216914,5.979572808129749,47.061031945582286
0.3636199803408256,0.6330272175036324,1.9543711504691408,0.34153922649883683,5.81505015562658,43.57230624811657
0.15385112909912113,0.5194594354792843,1.8516727074854398,0.19780651794855544,5.624976777627731,40.75925167643982
0.4362748862203026,0.5700091114109751,2.0156179195400417,0.2883236859079577,6.001185487620017,43.33228727412073
0.1872869173056243,0.6839298178409287,1.7803823858645538,0.2237022926485684,5.51136064645073,41.534561328251876
0.08030342731635598,0.41143173832823643,2.003924140026351,0.67289197923646,5.815435656836725,50.758922347254355
0.10772955418528679,0.6017427595399962,1.7859978170949704,0.4610200521201454,5.503385055675136,46.63537309265341
0.30325067390865357,0.5921324502572733,1.9530051296865916,0.29645613089641865,5.79556817525147,42.726231474937364
-0.08108101274907697,0.58676581701301,2.26284995326973,0.7219357477495871,5.68371397510895,51.80403386252201
0.016674666478402878,0.541629790576439,2.1019240824332597,0.46478122468730126,5.548902547805899,46.63346398097311
0.6659438807553709,0.7551932171532999,1.6254001101335513,0.35008532956761274,5.89788556009275,43.80271783564864
0.35573478205729087,0.5939962348103184,1.6646694460053217,0.4788485978122525,5.743877879464147,46.403813343108204
0.4063038921744694,0.7262261751992013,1.5418171210906706,0.4921743872381786,5.625032062673276,46.6507914015389
0.29180682283323806,0.6781181016103218,1.4550324632551443,0.2969392063726343,5.5297706572493865,42.94815294689241
0.3689422135892222,0.6835882858793663,1.659530293590915,0.20419549787424737,5.643312505019161,40.65747998976293
0.011644140656443036,0.4798320489117468,2.2819108352321407,0.5249506848121114,5.8179619447610165,47.83263766263125
-0.16443755418450967,0.5671613766727599,1.7095435894304212,0.30685963013358153,5.308665772903677,44.82388665086846
0.06765009880880701,0.5352859597461194,2.315290981396934,0.4099358331126341,5.74631394298076,45.210995326324
-0.0933727247162417,0.5216320135597357,1.960866593821713,0.28468961205647975,5.491590528953157,43.19590710116682
0.2836698385197369,0.5791667819313774,2.1872238510804305,0.34425185635108657,5.829412122337417,43.89332383625145
0.4740002979715168,0.7048189113175507,1.9224148916774582,0.21418519358738333,5.926943682755215,41.22495569701809
0.41998926144051074,0.6353358507247062,2.025806107868076,0.2753308155111619,5.913017285577319,42.530063577227025
0.5804458247784023,0.5808383602473279,1.9541075509504582,0.3123619955803774,6.057741326818327,43.98232427278576
0.2404745783701705,0.6485702412701103,1.9016601231732313,0.31163945196636444,5.635424969417284,43.0334491497743
0.2295908955680136,0.6023528066005371,2.4119539205091707,0.33884501301675374,5.97966724751395,44.443905639537704
0.04550386200556111,0.6139785576518518,1.8477087518717243,0.24985187124310154,5.465328835019298,42.388108364926815
0.2836712101534708,0.5414269533696937,2.160934869014663,0.19293088981270523,5.895837313149481,40.902135389762385
0.431305343799769,0.560857289893771,1.7194772641404166,0.34045242802393905,5.868500316038388,43.70796513705126
0.431305343799769,0.560857289893771,1.7194772641404166,0.34045242802393905,5.868500316038388,43.70796513705126
0.4300852269927262,0.6570734319240092,1.944065610971047,0.3399176995130606,5.892328339941071,43.82151309733711
0.505823547338164,0.7709581510313728,1.881122619341547,0.4351596969663301,5.8621363690414565,45.511452330840065
0.211578893755063,0.5772402922563634,1.9906836736948867,0.4282437829918547,5.72963644659672,45.45262581244968
0.31889769812362956,0.6051061199835349,2.152086710400421,0.4418166772277129,5.862922509267831,45.94197678736535
0.19041562805559276,0.5417949912695544,2.182772016843491,0.5656857086292766,5.868789102909302,48.58920325631093
0.28536395380267,0.4986002982101063,2.0371467638167253,0.3177478389724034,5.873113604709343,43.359838772515005
0.40545656265691693,0.5333221577787793,2.337437876306746,0.25927094709653253,6.102526338937321,43.50759483694492
0.019447809516508763,0.5006222240920173,1.564620134504698,0.3063071450691864,5.408305526896833,43.8927352726776
0.26313416626254216,0.5187220381155802,1.740605758153106,0.20344686613035784,5.712173140985118,40.74609187848679
0.2932566199843886,0.606952855873258,1.8177262568393928,0.27341398264370526,5.653714364666321,42.171522691693994
0.19402189673681125,0.6402538158880029,1.6549037944576444,0.3551032594790407,5.56226548656832,44.1129490049982
0.105735784623329,0.5855750177263248,1.8845233300666904,0.16886873365076088,5.531753892969906,40.40505792078598
-0.0031016306229818547,0.6070553867336944,2.2229322175284594,0.22998334110994498,5.561764931114459,41.6981136438823
0.6144734276472377,0.7497472717679696,1.9274601169856527,0.24077721894338228,5.945999777483056,41.77974004770304
0.6144734276472377,0.7497472717679696,1.9274601169856527,0.24077721894338228,5.945999777483056,41.77974004770304
-0.06877269283413012,0.5706806241917831,1.737650505275253,0.3284451764086474,5.364374697455013,44.75448531265555
-0.04404696299246369,0.5187274857715066,1.6516675745149056,0.3269006275521438,5.43593452961397,44.246743325588994
0.056765663554653956,0.4639729213255133,2.1822885302309167,0.3366552052800624,5.77924147643683,43.772874602890134
0.10640060210255275,0.5199166239947522,2.004681068160627,0.16535764010242818,5.696581628379621,40.11063972060342
0.4927724727880118,0.658042496526188,1.93101065307859,0.20559344025306012,5.9414048748925286,41.186589624524366
0.36581401908677297,0.6861757058801802,1.771729888664267,0.24267590940487105,5.691873352789628,41.45832931205083
0.08028204261430638,0.5524603607632722,2.423137154252838,0.39536107360671113,5.865157109868299,45.35876618065583
0.4073608359361857,0.7114955946647693,2.1858164826651687,0.4681520014630931,5.928168480790736,46.59417921918253
0.45902939208080856,0.6288997667509995,1.7817375186639974,0.20800033301242057,5.826944738311948,40.828282645017104
-0.08291606692270381,0.5084692652783336,2.016135263847649,0.3017474083497933,5.538290668635554,43.284707672019124
0.12761528224461471,0.6344529671428231,2.2842975215612378,0.4184179944343496,5.753988935180169,45.38751251118417
-0.09496550228063205,0.5240574270473993,2.1025420499838603,0.29753140042510434,5.467136672500221,43.61540713800765
0.2409369572680955,0.5306509920201941,2.233143874540156,0.29492547253451573,5.868505980088854,42.99560356538458
0.41136425310164937,0.6533300247840943,1.9038034526847314,0.18378132436160466,5.830060161079036,40.385139246236605
0.32360788499412374,0.634842395402536,2.1531015912703033,0.26665283114940536,5.815857165836413,42.22054204581711
0.07330527523265018,0.5482487568592548,2.0632178508994823,0.46616995818179635,5.624265666640107,46.36308665469559
0.06589844494035046,0.4978986124445497,1.8313724880779643,0.38225693343435313,5.563919476589736,44.803912388276785
0.06589230361833698,0.5553016727480111,1.9506268177242247,0.31596468451430465,5.581361114268366,43.32325904682884
0.3246157509232662,0.540420752140678,1.8620217904367629,0.16354193254115043,5.755227953897699,39.90513217723052
0.24743619160414587,0.47023668936004337,2.080094118613667,0.39584181274684416,5.861810144591061,44.99482837186544
0.04774152291523992,0.46947933785482693,1.9432660311540748,0.36830615372422,5.607354818903584,44.42950446687019
0.19855390222363295,0.6954748144047672,1.970393474417096,0.5116494941236575,5.626519461372675,47.283577162186866
0.6364651226155902,0.7784066097760818,1.8409059641853787,0.22232858428784433,5.995817567452013,41.67601412605053
0.3655541716066211,0.5496342216990756,1.9363339596929974,0.33114216687503667,5.916058193981696,43.78694726050345
0.32135238175979863,0.6448790483183157,2.1007658381498064,0.3326508951996026,5.829824956349702,43.60040074998383
0.1936268729499266,0.543290197384407,1.9908615067852837,0.26447594422522136,5.736399509022792,42.106547418382505
0.4754534883633243,0.6539097537897358,1.9983063748758016,0.21708494778301599,5.940806953567025,41.415507821348506
-0.006313887425553166,0.5402157540380051,1.7383512898448275,0.3345934517301338,5.446972224707475,44.301653047099215
0.3078328651056225,0.6165016765980326,1.797012547735399,0.394529161318625,5.726970837928719,44.56604794036967
-0.20864736391666838,0.45910920688590917,1.8430267321977805,0.664540275502332,5.480666210616542,51.26224449862959
0.1744282076889898,0.4160893572065712,2.220152667071673,0.44664259916935173,5.99853001152106,46.86987569676989
0.22564397523975122,0.48065391319303447,2.180090034198521,0.41463327559988117,6.043057155727165,46.51113833698651
0.05776792148727661,0.6205096896271057,2.0106216401097123,0.10404135330294603,5.564236171600333,39.025662257306514
0.1811282725690575,0.5605332151315867,1.7786212789504288,0.22925029393932117,5.690243973838194,41.47750365337242
0.06865393124250863,0.6053784736274976,1.9143546484322262,0.18678189047618676,5.6313400194506436,40.65355940019707
0.3241640679384509,0.6481096366626924,1.9724820961370668,0.21084727665563766,5.7704264858964205,40.926028494885486
0.3241640679384509,0.6481096366626924,1.9724820961370668,0.21084727665563766,5.7704264858964205,40.926028494885486
0.6766747803521824,0.6679968543707538,1.900766298135193,0.37516196757231435,6.108132577758367,45.546116110927294
0.12381507869389718,0.5368284287698537,1.7311348815933156,0.31837177430445934,5.613166765314115,43.33751068143385
0.09694415369341147,0.46301583438026045,2.0309822937021806,0.5439557183162184,5.731317032634712,47.97658293251469
0.12326014431892174,0.47793444349342173,1.8980583826712798,0.5556341940237399,5.6632165750491845,48.061363619720005
0.42011026334078994,0.592463376535741,1.9020601017154781,0.3221680601924076,5.961150647400087,43.77947928693357
0.3584008893116759,0.5794245510820788,2.11371930133616,0.414068659202246,5.892445363948261,45.440756504124636
0.5792981734933942,0.7234383415630321,1.8367566781980407,0.1587003085219784,5.945451079027486,40.096447474086084
0.24305325756667895,0.551367984758434,1.9435697217246397,0.44316864334761596,5.701737637916396,45.72656587363287
0.38895378217509863,0.6288088570078499,2.2886004205210866,0.3933059177529421,6.010024339132985,45.56323145603505
0.3142152726820074,0.6216554209031218,1.9476722603142431,0.41784612555086187,5.777535773640861,45.18789874025669
0.537078847960468,0.6675585458331177,2.0134609492995827,0.5100590405166392,6.007058494385626,47.71666526650095
0.26972826414000056,0.7164279346826625,1.7993209820739196,0.4304727543906251,5.592396737509533,45.59262331671737
0.32396893570236895,0.5411197904102377,1.9668029487346657,0.5387608344640232,5.8500378860723075,47.93199275207871
-0.030945899494297213,0.5064420592348113,1.6454034079192073,0.2550221270231056,5.430041313860614,42.85365646821858
-0.018358478691666624,0.49726108245804146,1.8921926570314354,0.3562581383534285,5.524201895070301,44.46194852494881
-0.02175166387785621,0.5146674089335793,1.9925593778470003,0.5311511702146612,5.567152209882336,47.98237560948418
0.17306066674666554,0.5679914915793577,2.2170746091299876,0.4579904158466956,5.80484340773369,46.13152361273298
0.5311173021786944,0.7009948064756631,1.83132847477147,0.13526830891829783,5.8896552238446285,39.45410942842747
0.39494577062310054,0.5790328347213847,1.9320066643851364,0.25651235198960526,6.014711109557267,42.80244666037571
0.11187500807615025,0.5928132556958843,1.981871629570448,0.20748598519599362,5.617365999616877,41.07897128499534
0.09389990140143989,0.6000081964845707,2.255662950128301,0.20564458796955026,5.675705960193399,40.95044342174618
-0.00560466802957682,0.6212190701943958,1.8865830211136065,0.16161030434799767,5.408550507734343,40.94457256176299
0.5025930125642515,0.6758010675856182,2.378258986104696,0.3240598074383865,6.18587050139252,45.438444159656434
0.03836602054244109,0.4822766660023659,2.1186517141161665,0.16564255441611583,5.66557347162367,40.14282665296543
0.2754398324918355,0.6024541010630095,2.057776977769188,0.3011553971657928,5.7627705905772055,42.886608469764745
0.19610371161927576,0.5366686144573406,1.8869097548578326,0.1580200375513697,5.7132703614385445,39.83976955980771
0.24911175862413693,0.6591835813541022,1.5401218365401759,0.32265017985497946,5.494249178353394,43.61073946113653
0.5303908381983824,0.6614772253569967,1.7727652640877682,0.28420382019605045,5.944851001833114,42.78278997740991
0.2683653757945177,0.46185742014292425,2.0675255642058157,0.360364082202808,5.867528089067561,44.35983072085557
0.2683653757945177,0.46185742014292425,2.0675255642058157,0.360364082202808,5.867528089067561,44.35983072085557
-0.05579963824480838,0.5992670083365145,1.6882252991900708,0.21562998582015966,5.275093362523776,43.06682761336186
0.19704380672099475,0.559078893257662,1.9591956365127747,0.2753028383786797,5.709486135628689,42.29384489395225
0.05516274952462297,0.6582364506383236,2.134684019949164,0.2284874675187831,5.5585697354303445,41.67607073253172
0.20868069213806262,0.7140960037562496,2.054191454678774,0.3332835217089427,5.641350190951744,43.545821921168496
0.22377088580916354,0.5641357389302964,2.044265450394133,0.33637534176406636,5.795271966654054,43.62151864124487
0.15466752473617928,0.5493084366074277,1.9028664094855736,0.2853026355725375,5.597815884811706,42.68102334567202
0.25024264159004084,0.6170216736570681,1.886920858702192,0.31467077047020586,5.721270461531502,43.049936003464346
0.25024264159004084,0.6170216736570681,1.886920858702192,0.31467077047020586,5.721270461531502,43.049936003464346
0.07235756887675604,0.5314202033738396,2.432093022808367,0.5067961160590846,5.845540905161041,47.45609615902282
0.35305710370210824,0.5515877440026445,2.27842146052214,0.18764083396185824,6.031354479735618,41.500403062922445
0.4558333311944395,0.5932529405686197,1.956852791734088,0.25531274080196115,5.925007123833657,42.140811748241696
0.04193089900058922,0.43883047803979464,2.154615122383665,0.8916811390768378,5.734874610368525,55.33420652216695
0.23215245550337538,0.5927521267091833,2.1774256954176914,0.6094647101512808,5.828390792001487,49.51237951594707
0.44011333498982846,0.7058674718630009,1.9929616326171837,0.4459479908748437,5.917736028532261,46.16420168216302
0.19420142315367495,0.649679677411849,1.6286504563432855,0.27976341317360054,5.471120260176583,42.90206993284623
0.4355568649062461,0.7812418634352253,2.0960705055085933,0.24515801807510076,5.835790119003221,41.6322271392855
0.06686032454974344,0.4886797301023778,1.8253654773815307,0.3191510146670077,5.561934239568691,43.510749854764946
0.061586447693232516,0.48991273900028887,2.3193396341121515,0.4624171202052494,5.793155519683504,46.4022990741404
0.3797286202149744,0.6343255989936091,1.9423022717164118,0.40177994522645005,5.887802496276109,45.05838825178305
0.20997022317750302,0.6485528493714005,1.826724210310226,0.26642693058349654,5.561617630926275,42.354818952834606
0.5946222538306654,0.5840256390957527,2.1268541578457265,0.2701336256266693,6.239955741974009,44.79451824145294
0.5128698023951552,0.5974599668238478,1.6586628111372566,0.3419939187913145,5.919081545343,43.86815252151342
0.23176616308965342,0.6782820712103543,1.7791390083826357,0.3390259464912802,5.6312605457268265,43.806198271210064
-0.005241572849424947,0.5440459880964001,1.7902432873592908,0.2836292147209075,5.407450632544131,43.48640790593059
0.4840981846635872,0.5228637697003706,1.78890728863144,0.3451423913527859,5.9624475009194375,44.15598473932649
0.10131727605644575,0.5823910092355022,1.7148791850418674,0.27216365497216616,5.454393793940817,42.926737237182046
0.2179921394429883,0.6323299746496936,1.8668033485298117,0.3502096040869696,5.690408647029952,43.77339032151858
0.15289385607983352,0.5188640493301401,2.0644503076101857,0.2510896160517966,5.717043596636609,41.862950053233234
0.01084059313268737,0.5771861795632535,2.1188138110476498,0.34727333673753574,5.603981284478384,44.02105394681101
0.3095756875998546,0.7317902185015482,2.149893664610127,0.3783930931788463,5.773663614028733,44.45121345036587
0.3095756875998546,0.7317902185015482,2.149893664610127,0.3783930931788463,5.773663614028733,44.45121345036587
0.3364265247477856,0.6333071575032854,2.0180975038884883,0.27594807012245726,5.894892244135022,42.663346070327655
0.12697253189755497,0.5202160187754201,1.9764748304171642,0.25267245838329533,5.751814666739256,41.89654193556464
0.15198503803275565,0.5588063816414659,1.7967267957178443,0.3565890738688405,5.5830084427235,44.19105500265218
0.2907970772351325,0.5143876280789482,2.463823051372442,0.47013101932515866,6.1354066653334804,48.03432275909647
-0.11299991110962293,0.597649992835806,1.8924685698030768,0.27990588125122795,5.34807077456494,43.85276150223369
0.17180772644327336,0.5935940929634794,2.0492174612505245,0.27757134513433485,5.640231529216174,42.37454541827098
0.6203876134896535,0.6349987042668284,2.1191302530394878,0.2001226756486967,6.145180516730251,42.338355449431205
0.39648963946955995,0.5454054727795694,1.852808294769205,0.1633061317838019,5.875228794147285,40.09985575211312
0.406042977331818,0.5904448545310352,1.9550266590430263,0.4918318747146884,5.849237988476732,46.84499190784804
0.2819717802897212,0.5397409030256147,1.756141453970557,0.24405767026461878,5.715640010818235,41.59732139919175
0.24644361359852285,0.6098506431378251,2.0093284982492463,0.30641136498682386,5.717156463670111,42.80489772068655
0.3682262454307622,0.5937041721158732,1.5385217417033739,0.43718420090776405,5.680156576008697,45.50396504808215
0.5445491508155627,0.7414415579275936,1.761863930937596,0.3513883848248389,5.86705249027323,43.79426993247805
0.5714045206659137,0.6895161818411597,1.7596369014826196,0.16089861511454523,5.95907895582808,40.22708560901487
0.38424198360986006,0.6610862821503479,1.9377332356201729,0.2869004270120725,5.803496656867494,42.479376383091946
0.0964375435421721,0.521966170256745,1.7339814880754136,0.24396868047648085,5.599437826464422,41.84862257406323
-0.06295130720019576,0.6189220024193984,1.5948763794744092,0.3590243604048397,5.280228196054205,45.994675000487554
0.14896625153576454,0.6899775604738716,1.6198550081049927,0.3016706483840681,5.419969024811509,43.63405535985438
0.43508297172345856,0.6223067473841893,1.9392093617783186,0.2288136685766464,5.932247353550139,41.61671861619811
0.42040625100049467,0.5715640074716022,2.0132598001414443,0.35306605805982355,6.05004630433308,44.97933155484785
0.42040625100049467,0.5715640074716022,2.0132598001414443,0.35306605805982355,6.05004630433308,44.97933155484785
-0.030382482666230337,0.6379594263600364,2.0762312331526136,0.4365062719626633,5.4657469867189485,46.467265141559
0.01936092245184229,0.5983002413939007,1.9880935287716341,0.18998086913022616,5.537635649263827,40.94525518912203
0.3548729426442294,0.6711337478225318,1.8845921737173055,0.20125582580666582,5.745103087476136,40.65674049009044
0.3548729426442294,0.6711337478225318,1.8845921737173055,0.20125582580666582,5.745103087476136,40.65674049009044
0.10374432248025461,0.5002489212087783,1.681760399128267,0.46332688485621387,5.5550527884047955,46.475932151325836
0.13723326511154432,0.5351608821627337,2.0404406257489605,0.5027293356558693,5.818476520338053,47.30667053875974
0.33325080830595133,0.5755325382386737,1.9401900113353008,0.41581728514297095,6.033588749942332,46.213266881673945
0.37797793940621865,0.6850934637187737,1.9784262793333238,0.22028504763663825,5.8356051625716905,41.16123704329074
-0.019049079003654268,0.5340100490670014,1.9533995521689005,0.35369568908624754,5.501741111745145,44.42793441648458
0.2371120366953896,0.5730493514579473,1.8834816900318696,0.2715636297651435,5.704885196570865,42.10681173863422
0.14109563934156766,0.5592681089035688,1.7545739444873285,0.18564638751353205,5.531664579577997,40.72890407691304
0.16041703994876527,0.5198319124195484,1.9155419000473182,0.24188311424661801,5.625087014995924,41.74578900718724
-0.04247166856785989,0.5781545660532644,2.2648583637470376,0.32920771861011244,5.651514317449501,43.61028457524831
0.3526291089886815,0.6386475128941439,2.402443530972125,0.3194160892954976,6.038112180968989,44.179620563243056
0.09668361659203784,0.6016328594975361,2.0506520077842563,0.2671743765234131,5.62722106249823,42.21686815999042
0.1513709684948008,0.5735279101617716,2.065211856567121,0.22968675479069028,5.7371007901887365,41.43497458499561
0.5298698110334041,0.6101701404418058,2.090757795055459,0.43986114089995626,6.073437534132541,46.80123341506497
0.5562462697253203,0.7629336572541632,1.6584755057345326,0.38842873607618084,5.801821111188582,44.27277956796407
0.4497804263877536,0.6081959302970489,1.970132524117584,0.4658124351760843,5.898187207866009,46.36072121986476
0.21169437250877993,0.7219276854531388,1.5774780101892545,0.2700634401816099,5.457069862870792,42.74333086620255
0.30391710194310745,0.6704825631225307,1.9340752307504239,0.4550843148888504,5.730261103665923,45.97782328459087
0.23647295347038455,0.4352561762502482,2.2354838852915657,0.43692166015132017,6.087984974984202,47.20488217234478
0.3078712576756446,0.5650096560168478,1.8916809725410715,0.2823554562051523,5.807710367234575,42.47123822809371
0.20131423126286735,0.5915869004891186,1.9978165793137328,0.20202909571816302,5.7581645505144055,40.83232247140942
0.20233431288232895,0.5125859132794812,2.425772026370895,0.5491676203522187,5.964407727871521,48.71953905690512
0.20233431288232895,0.5125859132794812,2.425772026370895,0.5491676203522187,5.964407727871521,48.71953905690512
0.44610158171580955,0.6212598460169778,2.091102567171456,0.26838051851066375,6.010417642712702,42.88631929529544
0.12608073240730933,0.5544883252123901,2.1019639713851372,0.33452778106427306,5.7702638689527745,43.61021616794177
0.4890158374500741,0.6710817905155284,1.9504001160695068,0.18833605590834815,5.9223861693141995,40.69973467334397
0.22438103857377534,0.5426219731230689,2.1088332506224683,0.1332041047869855,5.81426662526385,39.42405178713957
-0.14204481520171752,0.43981232587637703,2.141325101927565,0.33742518433532726,5.656153936164994,43.86738116193292
-0.10869749172890075,0.39002758361781115,2.1713042851381763,0.4554842328802753,5.721299158775911,46.35196234503666
0.17544343972355964,0.5491956236635339,1.8196674213925477,0.2626111511490417,5.662505271020209,42.05863434465789
0.041479814920874714,0.630329052896123,1.879332110290294,0.2578467009466029,5.494755811553085,42.45684302699928
0.2902252938569029,0.5858239613735976,2.1501196506035,0.16421959799030633,5.832715261972322,40.07952925836767
0.7714455956910473,0.6060708295253591,1.8431375822023395,0.28889200115411084,6.241121277630645,44.94872872104625
0.5733235811660253,0.6440777206530233,1.7800258299454574,0.3265967261824737,5.9300346777108555,43.47708064389597
0.28161175874314687,0.5086019537395774,2.000216704163178,0.23391088431521428,5.869623435813341,41.687211018548155
0.2922737459279281,0.5305178545861174,1.6908958098093694,0.31833089389785935,5.717103059452625,43.04311314005016
0.24467206140193448,0.5066875915849045,1.9849546197708547,0.20570595773252814,5.822243758147683,40.979802374328806
0.2573211996172232,0.46610538734354723,2.033777096584915,0.39785438585784244,5.931595043343712,45.3093899569779
0.20999923545484284,0.5964955854815309,1.957083539780701,0.378097825589199,5.7711714781261065,44.432312411767654
0.19339659916722307,0.5368554424346177,2.16389052137335,0.3130256376314359,5.879325719568465,43.42917270050334
0.2273036708696009,0.5115828462662831,2.1269419476654727,0.4392398966875424,5.9492678835504265,46.344394842474834
0.18074507426478226,0.624091920621051,2.043469941314878,0.29458259738120957,5.662221629677004,42.72220868384058
0.0670474767559639,0.6677236589223527,1.8661889199637924,0.28904098179485443,5.529755632222463,42.94834053660483
0.16787955136695937,0.5650149373902765,1.9294271283031295,0.39645153500112223,5.640184594033633,44.88950978938549
0.23717167691456087,0.5033107339342281,1.9539993901932933,0.3510602360905699,5.751794058931087,43.90401876666039
0.5222903785617534,0.533456093107672,2.063421701501988,0.41819214327683135,6.131686005778793,46.87789069020147
0.348211797344611,0.6731965732981675,1.7688820392772948,0.08019188039806084,5.6861219210457685,38.06637760500272
0.32657146405474047,0.6732413176688701,1.5295510489711341,0.3735427127457272,5.550131435907438,44.36664879620821
0.32783489685546036,0.5771923544053883,1.7902417249615612,0.2554519048291068,5.794917769758913,41.81256427193846
0.26552121015958674,0.5673946271171668,1.6732126841961514,0.26402665167906947,5.75413283780275,42.005086251669695
0.1634790653040008,0.4307760708230417,1.7469453920672102,0.48738546564825175,5.822851052377068,46.85691890001676
0.291358073188402,0.6974674566005411,1.9538448460028874,0.0625404799790965,5.685707760856207,37.77168900095822
-0.21799224034898457,0.513162994155391,2.4618238207402463,0.5081585659411998,5.7162880832029686,47.41199644494795
-0.23319094459890044,0.42800975720552614,2.6273153650127705,0.8180676644943422,5.907491768445322,54.20966828940422
0.16846127859050064,0.4910075218130196,2.064119264230615,0.41651107300493245,5.801166082196108,45.34151401959727
0.07372303909258437,0.5322993673104253,1.8353479415599658,0.35321742785488036,5.562769561550325,44.15544309543932
0.2710913122240326,0.5140568920966003,1.9696984920222917,0.5374318122603067,5.849800960994896,47.815162782694564
0.17208303688241555,0.6016782435065962,1.7725957046404945,0.3942496897455054,5.545681353182146,44.97710192836029
0.4712861690872403,0.6668418044581585,1.8950633162983406,0.2679158424637264,5.882455265889484,42.18714009853896
0.33685027643886,0.5756852925118254,1.879401849761433,0.3685116743633651,5.918996128166574,44.70985669577957
0.5751582480381693,0.7412243865576368,2.0618406170060073,0.3621860719694996,6.090353407624181,45.30093793068082
0.31355131501819516,0.5481074793660633,1.4746576124664266,0.28257827917427725,5.617885802496857,42.38982580141537
0.0636159244121498,0.4507418990826428,1.9521038698483664,0.36388952470379343,5.666938879947456,44.286074062385254
-0.1150329510010466,0.5486067124971761,2.077936983868162,0.3265379758440239,5.46637856519371,44.13645354076975
0.22577321093384967,0.5319459330466016,2.0371345903051545,0.2879114823692034,5.823651428184499,42.68812118076456
0.29099922166667685,0.6909690017793708,1.695455558682149,0.42553656746518775,5.610257650280963,45.37166213393532
0.3950018703271486,0.5482953461879485,1.617051856718068,0.1490527518328559,5.818548841944219,39.60525476624757
0.5185636841487753,0.6044472037943941,2.062564456680694,0.3940241311177103,6.120354184647387,46.226819373581286
-0.29831900806423206,0.505522739286871,1.9065713954640209,0.2749155757249471,5.266845046509774,44.59182168869952
-0.04671817190655536,0.5053372830445199,2.2299186981611356,0.3288713480281019,5.598910984462847,43.79065598639174
0.3495983666979396,0.5696481739790482,2.137129916166212,0.22142091042180337,5.91530643874018,41.599523058732885
0.030894808599545853,0.5019146386125738,2.0743746355535744,0.4789808576266507,5.668775002210154,46.76185224885817
0.03595543812062618,0.5492213155847625,2.16163873884516,0.27305175512356683,5.7108234643291755,42.42965184111806
-0.05807964444893421,0.5985253132531109,1.804537556017704,0.4734301210155856,5.372958993364774,47.66934919565851
0.4519127720205459,0.7169296135330553,1.8268289338349002,0.2741751587852488,5.824300157454756,42.18400708451394
0.37271567517038245,0.5252888219371881,2.173005578426749,0.4348457558159563,6.07457928513438,46.85619467889125
0.39622662533257635,0.5600341404829131,2.1969790965405633,0.2032711031894325,6.043984270474079,41.82532696814165
0.2835546874158209,0.5566438879776645,2.0556724240975766,0.602731520772823,5.832467415265923,49.103499359589186
0.16844318464622576,0.5858003066283267,2.0992632590999802,0.6953648178632694,5.757875379415012,51.1272280808434
0.3645008236539639,0.62019721738085,1.9538806349574638,0.473046403866596,5.915331132626447,46.69293839844284
0.06980188890965439,0.5930212475391949,1.767400544432529,0.36747174614905637,5.410454076724958,45.12565072411067
0.28119843392898813,0.7404835674124335,1.9333209975427037,0.37808139377864136,5.634561669322376,44.37430178206571
0.2263865650886926,0.5901435181824833,1.8650421086003832,0.28548567496749494,5.595695788579766,42.6270659436323
0.4279018627407064,0.6536944332709125,1.7709482828093002,0.4714213991903963,5.773711620108829,46.15509330502668
0.1345051002450588,0.576044755368421,2.6028370550202418,0.5814054996774225,5.9487332000860365,49.47572613503183
0.23337066510764104,0.5763884908131329,1.9613352853123216,0.3565336552435416,5.763537937223302,43.9472203594799
0.2318608091304638,0.6303469347149581,1.6971654468025201,0.29519389491031767,5.523557608790324,42.95980042547626
-0.12552942233680509,0.5928550085516621,1.9444532146186981,0.47772655939701136,5.406057327916468,47.7057257625642
0.5153739614476234,0.49821643232157076,2.3364824435021054,0.27070849012397064,6.2758569294878885,45.26206361433976
0.2291518981221803,0.4267440817806246,1.7823690120906381,0.5734797578077517,5.887006615330098,48.71294077206432
0.2853277880416337,0.6354706728424752,1.8372042074352517,0.1969973332714272,5.728445054479878,40.542857398527055
0.28002446988395513,0.6705036430046459,1.82889874433126,0.3418368248236262,5.741064581941008,43.681663186660984
0.3909866660146232,0.71949152380721,1.6913140512993805,0.24786954374408393,5.723369436146327,41.566777921017696
0.8172521731068204,0.8089569668225227,1.7012762310052558,0.27371439398937925,6.115184838341712,43.31408713668818
0.4281945555533949,0.670394364036664,1.9200716653303234,0.2688398727088822,5.879880075446462,42.18792090426413
0.41009925822679905,0.7259208743669515,1.9737003430551454,0.4460070830369703,5.771398106088128,45.60844288073434
0.2697828452619716,0.5908700439408349,1.8985293798225378,0.33882333839817347,5.666248431046025,43.582560750007445
0.04231352586537318,0.4968831479481934,1.8235352347897238,0.28432225022641333,5.629828720437296,42.71907574999847
0.4347569862978423,0.6858167058769008,1.9528048729762748,0.19172733391364713,5.990794895233967,41.255877034167725
0.09930985910238899,0.4881272954360707,1.8716427729821037,0.5789324783400537,5.647008026384983,48.81668714188271
0.5494740748017839,0.6258468117125944,1.9408611559124767,0.22571518261773754,6.022438883794576,41.922474419731046
0.18212176436254507,0.5608753077758375,1.9101572010072154,0.2775469731952995,5.643893777341301,42.417743812942696
0.42069202721880117,0.6671226664824972,1.616802054237836,0.17663205117360045,5.7134654535361395,40.02264222217495
0.36153095948644765,0.6571761427255007,1.8892737749787134,0.10925250823312892,5.74690344498971,38.72144469616185
-0.11283383272373027,0.5363775543005693,1.7198844034625222,0.4826614451171341,5.461486519577029,47.3436766647541
0.12030931489993435,0.5480254949343351,2.0442626818142435,0.23844508516205895,5.70151641134173,41.5774447005612
0.02466400995742879,0.46250692168593316,1.7987474479359795,0.42756280090997956,5.5585481607539675,45.71982864957392
0.43100478519924845,0.5264952806103843,2.326212656291626,0.3313021993965434,6.208604787664229,45.89165271628417
-0.12523181502912673,0.3792380332899136,1.942960552476488,0.42966200170283864,5.5612220294800965,45.94480141684569
0.32757744320867854,0.5555526161797346,2.133325831646915,0.18076010647793292,5.915178738148347,40.628786999031426
0.1663100813846915,0.5826969661235828,2.1726029655332573,0.30607875034245974,5.778993983615493,43.00821714581966
0.1366315300998442,0.6248095603931824,2.064943472013165,0.2562367090242353,5.608861916398897,41.96557653002063
-0.06756665989643673,0.5475624479312794,1.696293831889853,0.22400394600695672,5.355536187722971,42.57577272897383
0.5776757786814811,0.6382134697803382,1.9073350835363962,0.18719787307255126,6.0099539651351,41.08066390412409
0.33009004550266086,0.5747389074670349,1.7951505033805355,0.5617960426971325,5.812990069633212,48.316536507378636
0.09356554586540106,0.5250137519214652,1.7153658245338756,0.378244162000439,5.5437123529962715,44.71998635454979
0.07107630139821619,0.5434860320514908,2.287955614934331,0.39627350061051037,5.773058389348405,45.01264750664676
0.20862015456546856,0.5777255607199757,1.8166093562532526,0.27846127937242743,5.626608432692704,42.385065059370234
0.3467585853712095,0.5785398633025935,2.0768853181987477,0.3043011875629885,5.972166673801679,43.55955906126913
0.22559788809480952,0.638028937350856,1.7254508012485563,0.3799694743664836,5.649010405848329,44.53920005142836
0.10653399068872937,0.600025848764104,1.985374240293479,0.22193018046958982,5.600441044784285,41.36687290128779
0.5143422761073682,0.6545622500277476,1.8057409277484742,0.34206800810709975,5.868782259937061,43.658586257892146
0.7008415934141468,0.6320686076348829,2.0492828804426715,0.20034041933533553,6.201327161933804,42.76959984615834
-0.013086362258408313,0.5268032280037568,1.914748718511452,0.21761438942549813,5.434864258979648,41.97595599960692
0.08760343133154735,0.6086314984270353,2.4086947105561594,0.5285308374046749,5.825524901543014,47.79511377276129
0.06744279122345853,0.5433611785380217,1.8999514950887466,0.28784757696524,5.596401543377997,42.799521689142146
0.3902719282944751,0.5771651212112705,2.095919462118959,0.34131036155172506,5.930533901394222,44.11847120082349
0.04985973508008412,0.5119844175659872,2.117084930290753,0.2168524863429425,5.669671666832487,41.2117860514149
0.2977140113482459,0.5800264531205576,1.9133640859239647,0.34982438566041685,5.860028687449596,44.04261510548105
0.12123650523159385,0.5685933065986362,1.7699050303844865,0.36918927583927197,5.562478570165806,44.542549199809294
0.24194628230977427,0.5996206278672244,1.826794216369573,0.1732069287266921,5.64615354508574,40.150387115358136
0.27035242046422225,0.7306863164690995,1.8850842754838688,0.31497066394307904,5.602858909346429,43.13870193320408
0.3857106014170104,0.6153628791307443,1.9325243460790293,0.31421465645212854,5.779853690176861,42.99654107415625
0.5234859700533014,0.711020377844655,1.7522125225105338,0.30666719053437,5.882485467872132,43.02144442469391
0.4897059884926809,0.5922241507698343,1.958839810920653,0.21260663740839228,5.98508225464993,41.52355290303744
0.2380320369970454,0.5695841620658117,1.9274673091485,0.35363030594046263,5.7933268101909,44.04533545497729
-0.2424477756712511,0.48678161398524905,2.240605566312568,0.47020644331165573,5.609347298349743,46.7184237465695
-0.0021737759934854495,0.5505292428936218,2.058209745169544,0.3751930818946776,5.5881752157103595,44.61664253357306
0.4579398175380567,0.6464781090512379,2.0601797103405093,0.23378273829798624,5.941957838463384,41.84953298905821
0.6379226797317992,0.6482281030998747,2.0464051096611895,0.12438746217145362,6.116733871623877,40.44306572164628
0.3048686538484725,0.7035592193345883,1.6402508369603372,0.18724530940103717,5.547599096061707,40.59520827714087
0.1769903839535194,0.6543651917864706,2.0927440868681293,0.22793111106201597,5.697803509710659,41.29619728698966
0.14215429717777378,0.656691906400833,1.8279118436505681,0.2553336266298719,5.521062040797285,42.24189500167594
0.04973654874377276,0.47391564408782016,2.2287637140121834,0.41540258824707926,5.834763968073303,45.50151247982823
0.2211173884467249,0.55266343869883,2.1718146778072422,0.3126782131178521,5.896230589624528,43.39411066267731
0.30713896336096536,0.5474266954923721,2.0810716491359944,0.17369539512596022,5.86775725208803,40.39588523382874
-0.17571938465410697,0.4402738648289767,1.9927994416830987,0.5646805468453044,5.47013080849581,49.18350366799291
0.2763067184397779,0.5632733052226627,1.7556772890674126,0.3667726563478325,5.683307577674669,44.07013435127994
0.3606478658401703,0.7217517599233897,1.653940399180917,0.14674517112655772,5.707101573222477,39.463203343998075
0.417279691361484,0.6902080066915428,1.9164438756322164,0.34580339124551474,5.799209221315829,43.6403162792743
0.455849418420224,0.5625186354081809,1.7373084876410787,0.5057810634227061,5.968291948313611,47.51499690902235
0.7140336663570153,0.6001056880976124,2.1012481949230297,0.28992745191901426,6.282544926536537,45.58522578860327
0.22041128223926076,0.6275210223671566,1.8446253924083313,0.28050001363835164,5.640021451066788,42.458783344524704
0.1215161220130136,0.6379542081740954,1.6353176959954767,0.3340410544398766,5.4674827436042746,44.12528744283296
0.47580173744855164,0.7257769934428397,2.0237063086189537,0.1538345980693845,5.912906967109589,39.94180077528743
0.3594246884390935,0.6479133846918144,1.8280469860470907,0.2446136385637602,5.754920490192003,41.592006794692544
0.5421757023207954,0.623519096654236,2.0591887214062012,0.3325206205830079,6.140001091431559,45.22454436555862
0.24014300844600645,0.715162008937925,1.6611626660962084,0.1390049200639335,5.503239523021576,39.778152404043205
0.2378392158687087,0.5961000799479302,1.6123307741274266,0.7595663979227629,5.565836132852153,52.3938923822162
0.37707425478886586,0.5341439050802573,1.7777779843622512,0.4120143885418498,5.873252179252149,45.30345641451587
0.06995060617657944,0.5872905092770813,1.7930524376563524,0.21872067281811333,5.479017619651916,41.680984110584646
0.3616926613086985,0.5911668275294812,1.916047070261567,0.22412470465160483,5.838768342106292,41.27694386897403
0.4488601039367977,0.6124026351404425,2.057383095457798,0.23448984391129507,5.96069967685994,41.87722617275098
0.47701251867141914,0.6918668763902125,1.9241611464869763,0.26489235562054536,5.886712034072681,42.181648069296195
0.3072591259311332,0.6255847720293126,1.9005632508292771,0.1336567492020334,5.719142760007642,39.25844308184503
0.38425054349726884,0.6867066346384351,2.055078744445798,0.29018796190834534,5.800853718402759,42.56761936747313
0.009811912063558026,0.5967859365742709,2.0787368280353142,0.22506179727624598,5.529153862565938,41.680487211226506
0.1841041928171202,0.5724664183710884,1.9908646536014392,0.35337037776237273,5.664684424483156,43.96035499121714
0.030322577667224238,0.5202379634202287,2.118325277801492,0.5554118026410956,5.89182211016309,48.623895350564126
0.1518710475594357,0.60373296408552,2.138394584507393,0.4508815996904796,5.731536270965971,46.02884146387626
-0.022406765368015336,0.6295485929664832,2.0057708595151618,0.1913104325793382,5.4560012546089265,41.322687188750685
0.37036880990765836,0.6153827133937314,1.9656772690946145,0.321465919980507,5.817980041643442,43.190128269490664
0.4016808999915766,0.6099065520747089,2.0816449079790047,0.29878073108167963,5.961720358419499,43.42371924362776
0.33367656102698373,0.5972924021727287,2.1044427796420817,0.24745775893941938,5.844206807159729,41.79999469440398
0.22496227397822904,0.7039896629717957,1.899992237920132,0.2237624576601963,5.572470567799694,41.36917098983446
0.3764433435175765,0.5964874551198375,2.161028432063046,0.5238240809323989,5.938633453817063,47.80125808421501
0.11224910299359181,0.5795274151509228,1.7485453216404785,0.5138390502838608,5.55790155681309,47.56553376567626
0.29439325746882966,0.6348569024851185,1.698750338789203,0.3515000635630883,5.64276272673979,43.787249985744445
0.24234915049595707,0.563890265021369,1.8419652630785255,0.3557287412357005,5.8328115009564065,44.11428909075787
-0.004373095903648427,0.5335728476160895,1.829245346493335,0.5595729705706722,5.4409406084036505,48.93076867122722
0.24499481062829492,0.6299574358720786,1.8582713911001059,0.2638643887037825,5.718299922709509,42.009471632884846
0.43502231851783213,0.6393779938773876,1.6770438255031679,0.24246589711477948,5.766021235656163,41.434723532077555
0.24376782559878624,0.636677746065558,1.9674583114175797,0.1999875776858263,5.742365728844289,40.73460059415879
0.10840190939514704,0.5759389146020994,2.0500679116830853,0.24067466007179225,5.684651775573619,41.70771121477484
0.3078993371510896,0.5737048232027226,2.1198645175006146,0.3651133858059263,5.927802407425726,44.52803877028847
0.04501411336873906,0.5484037233352204,1.8266498090855063,0.25511440032763033,5.457470241371009,42.58303974369514
0.18401228423230975,0.5104209221075965,2.1780361300963214,0.26433432596728706,5.862919213166798,42.323270040433606
0.09727804693796627,0.5059956508192539,1.6866455399774993,0.39526849453293617,5.516693086551304,45.21136739780166
0.06133105467081401,0.569312734966098,1.958846049893375,0.2408874214134214,5.501686402926861,42.06959920881136
0.19523919928979144,0.580585363686401,1.7682353525573289,0.22753898800555508,5.567973036479148,41.492903422050034
0.21763778795066074,0.4843316987843012,1.6147038528915518,0.3357808428530918,5.674732645969106,43.530228411325965
0.42628695847719594,0.5958945551691719,1.8167136690298347,0.22384762358888824,5.841376929522672,41.199089077189704
0.13697146111564662,0.6251608891739033,2.369189520729093,0.3553347358363987,5.8790481031116535,44.445911826179334
0.5364800840601611,0.6674812172820278,1.7581934785976014,0.19075723236381917,5.9158747478321425,40.73422074711834
0.014446188800330939,0.5136135353808907,1.5426856279841423,0.37205211273349387,5.353510102932743,45.63959077187562
0.18348890097792236,0.6071119237275749,2.5719523245244305,0.5407082574304214,6.012808546305428,49.03039715982508
0.33539891757049,0.6491466789645507,2.1097920060388766,0.3048026589724859,5.813518634004436,42.95129843190449
0.4330656755898028,0.6288849736297286,1.9437803161938485,0.2917650187787337,5.878326785022947,42.77823456359884
-0.18808602140768682,0.5230772857546885,2.0272568389061467,0.4067996337691417,5.492848324932105,45.72908091441781
0.33377942149981704,0.6301450678084966,1.7959792949095916,0.3519784309784882,5.69473051633594,43.82886954128585
0.1434500858459824,0.46682192454893134,1.8871945440570075,0.48418982396522486,5.667587132157138,46.63321543911303
0.15794497540763242,0.4910908130384487,2.018558120568751,0.38576766608483193,5.697811148675442,44.66817983697566
0.2115485664218545,0.5262526223400046,2.1718984308731137,0.21104715836337457,5.832816161547651,41.135509802983094
0.40988946365227175,0.5309833907262447,1.6489376912352305,0.2674939958117013,5.853708301544579,42.163922942651226
0.188158679296887,0.4961759207932153,1.547775850655375,0.36505827798228313,5.551181937715108,44.378659888414774
0.20922242730540042,0.5879511968594724,2.00859082978089,0.11157881086241021,5.6966543380740085,38.86507993936801
0.20922242730540042,0.5879511968594724,2.00859082978089,0.11157881086241021,5.6966543380740085,38.86507993936801
0.21058163598070162,0.6832107548468285,1.6921508915080004,0.24444595413209566,5.5273374756581735,41.91664871426672
0.5387050503480324,0.5983460096053498,2.3043545380083894,0.2833466332909135,6.206300064664482,44.80336218751223
0.32531940715334307,0.7024466803243783,1.797070352130285,0.2975240054636996,5.643875219933265,42.60081066241027
0.4221252305456594,0.630215550132626,1.827880189379641,0.3820655863871524,5.972833612374113,45.17782155506775
0.3451517429685957,0.549102224303449,1.6529181267780502,0.40449524983379587,5.686813490981223,44.77889347133299
0.32498513137115864,0.5211527502131248,2.1285592675247984,0.316069240578107,5.960427298117626,43.704752703332005
0.22073760399364006,0.5002812020997185,2.5024524477615655,0.5904577837404665,6.069463202488813,50.02962320662959
0.035076691648432856,0.5761912506219297,2.083703484513996,0.624956170567237,5.555987430673741,49.89728439902447
0.02198549441759401,0.5535689442736651,2.230116122857438,0.48575580951696457,5.70949162689454,46.83187711896768
-0.03519265191406107,0.5423046029853498,1.9288598103032915,0.4350402330576591,5.509042476161458,46.14798530942958
0.11130040648929296,0.5231914034022783,2.1525185416524564,0.5585727720836579,5.768104070326869,48.22623114890908
0.5000268122898867,0.6324486521476589,2.344233604052614,0.16943871726938914,6.112045259911541,41.499898763252176
0.41118421678762207,0.7517450446816327,1.7918947559869371,0.38071774150998305,5.704694743439653,44.2791203425237
0.13396088817517726,0.6419083182839966,1.9400540714213594,0.3085949938780017,5.534776426395876,43.37916250640836
0.09374734768466297,0.5098618702330848,1.9000034350284896,0.4628728236557296,5.565921935116084,46.46651436010526
0.2620728140675495,0.5667113121554317,2.1300231989220157,0.21761978400200352,5.794278792304065,41.15063614878775
-0.013087912386734568,0.5374560982548775,1.7298898945100107,0.5833548151111191,5.461490172133166,49.40738090109997
0.020309194252521312,0.47922916824795964,2.048604887117892,0.7200972990744275,5.636330429814588,51.78791065512532
-0.27654629746479,0.5579509201576699,1.6147116242209398,0.5629161099927944,5.211468523745227,51.060974661240394
0.16017726357075013,0.5688673274653196,2.12693337232424,0.4072653044765469,5.7188693504189665,45.15078490245527
0.2889870721483426,0.5793682067513617,2.3731924684894605,0.5818891875011145,5.97346476233263,49.45327598149238
0.41609263465647545,0.5978840877342337,1.8301024492907532,0.3573255375403699,5.861953391337467,44.01809617794146
0.34177488740798756,0.5225626317538261,1.842761257678529,0.2545093421658698,5.788228144668125,41.82777235492533
0.34177488740798756,0.5225626317538261,1.842761257678529,0.2545093421658698,5.788228144668125,41.82777235492533
0.27457198702748237,0.5144107228546677,1.8656771417516278,0.3293089645919277,5.781339608620469,43.371433815645155
0.41458458602283,0.542430127529775,1.7224651633368864,0.394149214391149,5.877592445925557,44.80649847485169
0.37801428105098656,0.5066030210325067,1.9492300699740848,0.5235232914141735,5.951107608756942,47.88030365111996
0.40234955350131746,0.5520266765334377,1.7368734893581639,0.19520108702243463,5.795500859068724,40.526318116651936
0.5377604422908727,0.5476969658662182,1.8216089732621272,0.4527657786283969,6.047697738464598,46.99287612997317
0.24503763450576,0.5806225988163439,2.0065954486033952,0.186410694263262,5.717859296999638,40.39596844735188
0.24503763450576,0.5806225988163439,2.0065954486033952,0.186410694263262,5.717859296999638,40.39596844735188
0.2642062643320149,0.5006056195552239,2.2076687296951047,0.3872786266875471,6.03726885299358,45.84775475951658
-0.1569831713226556,0.4024731183024433,2.179745998379405,0.4776335854643742,5.697158551147677,46.981169281473626
0.37420513460910826,0.5988906485880627,2.0804211010582128,0.30044429411043094,5.941046815339514,43.24803111316088
0.22049490887810197,0.498510297194227,1.7748077715571025,0.3590078295727157,5.690820795023235,44.11698740196063
0.19859163049404227,0.7230281276903147,1.6152635722618165,0.3460869307542326,5.448238716054776,44.45111566471621
0.00367230387407802,0.5352482697609641,1.9594434667715817,0.345748539760717,5.641226290415451,43.944056184543605
0.21878284407357856,0.5239007498929467,1.8107719163930869,0.4564415629310317,5.743266498848451,46.16027478014218
0.21878284407357856,0.5239007498929467,1.8107719163930869,0.4564415629310317,5.743266498848451,46.16027478014218
0.4334255871655419,0.5372568355784975,1.8994246492495948,0.40638617522013964,6.069693500571624,46.186498203021294
0.2861159653663509,0.5499666546238958,1.6965470171034935,0.17154494788285546,5.773049963596537,40.08257314708843
0.18142617200453187,0.49350121924880636,1.9320026378553838,0.3548780452950594,5.732351866301766,44.00005064673497
0.4182025057517261,0.6516918612621605,1.967066372673711,0.3285873731414151,5.865161913531835,43.46994525299856
0.3682778709872601,0.6622848873333894,1.8972660343858472,0.2582227392434168,5.863038857973382,42.04368971976284
0.024072171733673486,0.5577116514031163,2.2553660179566264,0.4884807855693752,5.67580379740999,47.03415366101383
0.258799378690976,0.5829931009510879,2.3027479917307385,0.3229116076974499,5.880559570570648,43.67579055394646
-0.0026628390926656254,0.47819812603728945,2.449953715829172,0.6227967576728727,5.880736520016814,49.951427370015196
0.09191849335449465,0.47458672364119014,1.997776705699716,0.3064923955467007,5.6527689887246755,43.100679639397185
-0.018507076764193164,0.5629979805864271,1.8836697124458104,0.4570422721143333,5.433121828091151,47.02800474044276
0.29981495492078597,0.5472382855219097,2.086796247662568,0.3900605364702288,5.939175231970383,45.20456504286388
0.2277855074050818,0.7092794446575076,1.6068784451468017,0.1458358045032267,5.495890416452805,39.95800253175414
0.09821594382127441,0.4709197800819118,2.35699336083159,0.5126708416435082,5.89281702694023,47.657372539359706
0.03377840308803459,0.49260538436068524,1.9406918813451735,0.25847774996432693,5.600613403062269,42.234365743210326
0.04230778147196079,0.5795705395169521,2.252472992760116,0.19729134180918834,5.651126697908566,40.841067775665984
0.3601146194811509,0.653905711266452,1.6483895696974071,0.11461959578806093,5.6874882942330345,38.76470941372839
0.09929486938606913,0.5769072459169963,1.668952209047639,0.08807041483835427,5.462387209882522,39.0227763565104
0.06590589078821485,0.5547596491816796,1.9050102169921508,0.23692627471244204,5.564237480248742,41.75661945331762
0.12014763993854649,0.6100742208850036,2.0121971353270274,0.45028969915181477,5.729722180187734,46.13176744238192
0.29571138808425423,0.5905482548803981,1.7958342403078091,0.36101097973963464,5.764485944564787,43.993678042322486
0.5237320838275671,0.6346675805865332,2.1613010174400196,0.1885258869209757,6.131682490971644,42.01739419303027
0.3419094403882166,0.6569736739328029,1.882459623895376,0.168801120581626,5.795909964935683,40.015795413026154
0.2427244115057488,0.5701865045428496,1.8663955779152626,0.2718977068980245,5.714182611702777,42.24349355390242
-0.12673753910028762,0.4236378713103999,1.9321769262124893,0.5327338768295055,5.664911759864687,48.16703742878449
0.0478663951601217,0.5480250537413075,1.8141639499437274,0.13757753828794145,5.510590534604679,39.89963256840554
0.10409620835952343,0.6383082227201391,1.7243171727999533,0.38352430902471146,5.532146090708771,44.87330828155491
0.2510870779115882,0.5723846983641553,1.7480722565269373,0.5588909698064322,5.663968711665869,48.216215565061695
0.5284828125162706,0.606754833105086,1.921536361107724,0.3939155161638457,5.962821917643261,45.19773518425683
0.40794899740378615,0.6760460589013589,2.134273227822506,0.10459001220810081,5.929635529233302,39.1044531594381
-0.09257262055785198,0.5468493798654839,2.317954001925001,0.37240819828121824,5.663991976348441,44.56697012199851
0.3933227072944367,0.5347754287988455,2.3157761948031936,0.3468517261866979,6.094982513091124,45.218932678214344
0.013515292798161216,0.5151920123225814,1.9548181276089038,0.3166767747284751,5.553895195974672,43.52874273356097
0.34717516027309625,0.6966709539097835,1.6945596406489036,0.2159326939807452,5.62827412761386,40.92500633016668
0.34717516027309625,0.6966709539097835,1.6945596406489036,0.2159326939807452,5.62827412761386,40.92500633016668
0.343418228141951,0.671320227555756,1.9039742543815041,0.3465354996687213,5.731377353367767,43.613325932480954
0.28349559601242486,0.6925627098396775,1.9986017576752968,0.3453351395149959,5.710464904191445,43.61488100457188
0.2826377918183954,0.7211216825420477,1.7580284105225086,0.28196755092210996,5.552425694761054,42.5495325833055
0.4083503876076218,0.6134837050135246,1.852588920909355,0.39423820506407087,5.7668438363376815,44.59402060853499
0.40588703836448115,0.5210981649395754,1.7683179937945006,0.2381200426571301,5.849940971834657,41.55705521289244
0.20529768735827658,0.6645564009764134,1.861133780513028,0.24749414496765465,5.557445830129993,41.86430549546369
0.48742039832736467,0.6214842230456634,1.9736760796264308,0.2917694800005259,6.031872852414767,43.49246683256892
0.5382514434536204,0.6778488326392573,2.125448209234823,0.2063204289655886,6.052411976852584,41.78833411392327
-0.15618440201088046,0.5842255705525544,1.7532301395951735,0.3371871962006626,5.238329389206523,45.977458801681266
0.18610808040088944,0.5593202213525392,1.8778024682853,0.4247521109158067,5.647971087501367,45.56916018412252
0.2727576090213384,0.5663862448770609,1.802202579788875,0.49230152586888337,5.679265509813828,46.8311046490585
0.4577407770403955,0.5473429098015006,1.7912942953852322,0.28533620511723246,5.933202582302378,42.84028296344567
0.34422560469759605,0.6052456053642469,1.7091114105610252,0.10995036350027883,5.665016840946349,38.68517424728744
0.05271056681591546,0.5024329995059921,1.9212200030059001,0.18327089061828383,5.639213580675483,40.52757426941942
0.16780299494437367,0.6987949286782427,1.945824708072195,0.24990618315614135,5.5441516610309485,42.03470654453102
0.18324775407396954,0.6752290983537191,1.7997420030915274,0.18622141053856398,5.532533661943544,40.70545893657275
0.20640840006540784,0.5334339361471808,1.8359440413063963,0.3754183743053264,5.6783400859433675,44.35986835489796
0.18649604547379256,0.5079502336016939,1.9016810854720718,0.34215340381652415,5.792536527077543,43.74403890112482
0.24891300496669155,0.5444741431301653,2.238020676489336,0.5011428840663447,5.911599751242659,47.5051474393484
0.22548327310676897,0.42918299036165697,1.8186178632719991,0.4906785815093473,5.832971518981422,46.9181199505405
0.16023690528264678,0.5183371815222315,2.0807357023686954,0.544292303539675,5.7963061660940545,48.09937038039742
0.2139537530272796,0.505740081741604,2.1094041516306903,0.4127922990691001,5.983806973848794,45.99631366667403
-0.01969943051314893,0.5338200170789053,1.7474578005694212,0.1838439895809191,5.44764206240961,41.207831910549984
-0.09854715660505498,0.4945435729366212,1.7486618566768664,0.3836355035432546,5.427123064609103,45.5454420932649
0.47862864038847364,0.6152854720377292,1.8289262258847048,0.37510287426839145,5.9718318441748535,45.021536604273685
-0.19499439999004264,0.4604711901049142,1.907845773449273,0.7941354356113334,5.423373759498383,54.140031815957144
0.06620268837893772,0.49764954117643995,2.173435816360464,0.5917600025380326,5.756801317777139,49.02294561006551
-0.012405018471688622,0.4385364043404909,2.0782687066915955,0.4470874130011003,5.708060651716123,46.16047856648572
0.4647877408913361,0.7097332210079904,2.427272755422041,0.43364410501955897,6.121043776072657,47.11095678115615
0.4713305435539047,0.5619073112356513,1.8000782828084292,0.8187428405892052,5.947978804781637,53.94901434014607
-0.03145885351436284,0.5438657038677498,2.0963622315497115,0.41058038385965584,5.605787398127852,45.3708498805435
0.2884029721933854,0.6060501352378481,1.8386598513735453,0.3469854598307186,5.669114077776969,43.70404079638029
0.25284651279715953,0.6551025210473946,1.9467947169762305,0.2924725771983012,5.646714451211898,42.63238299804477
0.4396622554480996,0.7035797054169669,2.059336304576121,0.232277476874983,5.8630830290965985,41.43497281541144
0.049734827259248715,0.6212647893995397,2.1454115761548676,0.5096018763463361,5.653570188027914,47.36499600832735
0.23040159018985684,0.6103277578003788,1.784658095113159,0.396874259084073,5.590779737306469,44.8858354786025
0.6046124065887344,0.6605962034303368,2.107535509095727,0.17205472979367192,6.140768183086686,41.68143188832184
0.427918471178817,0.5961511839519912,1.8927609231348939,0.31279933909097657,5.856960226392246,43.06064826212646
0.1377228048814444,0.4805792124781713,2.0781766773934285,0.43182728800945563,5.752326534183448,45.755604644972
0.5451829281583969,0.7025241987444868,1.9310598569121966,0.27957581098954254,5.923828798310007,42.57990283961668
0.2867244644886657,0.6789898628816344,1.8078452112653827,0.25214953258992634,5.662328324435048,41.76200599213256
0.0778976432614562,0.5475961875601424,2.1752157402973418,0.28948418009660526,5.67582412915851,42.73816835066555
0.4647892803903407,0.6755346582130877,2.083162823000301,0.21813231820058582,5.921885290410162,41.40720969064473
0.3135390308060551,0.6430736937446796,1.8550303081082247,0.20994769291900853,5.679606723297989,40.854039186613655
0.6068525565081185,0.7725101752461587,1.935029077049065,0.27704662661713075,5.946642730843979,42.62812656963033
0.6633056332347416,0.7226983017430256,1.8454820508318637,0.23515719328686502,6.010878617931816,42.01590214601431
0.6633056332347416,0.7226983017430256,1.8454820508318637,0.23515719328686502,6.010878617931816,42.01590214601431
0.3487578132214579,0.7697171687665949,1.6434986982013324,0.35357555665693824,5.559625555380739,43.97295528455429
0.5300753188859688,0.7037599288587422,2.207374157613186,0.34745964077168967,6.061046132626548,44.86965975091224
0.2129197766068074,0.5927010387639254,2.2316750082338106,0.18643967475996737,5.796423618243552,40.56228633359988
0.5387179788620646,0.6462974250687815,2.1152967283504798,0.24301996090069142,6.081740652444845,42.8219863859135
0.5639103443449457,0.5724295898706424,1.9769780583093364,0.1922591345678426,6.143128808712183,42.20499819960379
0.15917104583773833,0.5869722541974501,1.6796178276981601,0.2916448073457573,5.521487542473025,43.02854798534272
0.41522697140224596,0.5533559728243219,1.6472448435125115,0.5443486008112581,5.809387807079235,47.98744201420243
0.008774446542319403,0.5067704439415524,1.6802563165886397,0.38327399168061904,5.432418824421161,45.4333253889633
-0.4162356984855703,0.4865440850512271,2.3576465439019243,0.5212979575096178,5.4545800172333205,48.53681299460835
0.02124928086772493,0.5774520556152495,2.166976681022168,0.32829659596696953,5.669996486204418,43.56821935684547
0.0020140245960895697,0.5741030261337003,2.252401394281605,0.31396144464122233,5.6916752412877,43.26253397798274
0.07550838556595696,0.45414761119363956,2.03168579742159,0.5448216083142574,5.782521490890753,48.01450503576337
0.24728873726181777,0.4919296068515597,2.160556456397031,0.4122617908753015,5.931738016642278,45.68774360470835
0.33764451810967777,0.5607604040172296,1.868214483623958,0.5311007638175043,5.874699677071895,47.78629340135595
-0.029909813566685095,0.5956599562305728,2.144976433787596,0.3784514860456172,5.5483108677702955,44.86683098797706
0.361939514761901,0.5098755989343078,2.448389516796833,0.3638471542321227,6.197744887846836,46.64693633911609
0.2978402829130156,0.7078852107578184,1.8992963004320151,0.2603424291394627,5.665677925926376,41.895808749396025
0.2978402829130156,0.7078852107578184,1.8992963004320151,0.2603424291394627,5.665677925926376,41.895808749396025
0.2804978714654481,0.5300971621407392,1.9153493494489124,0.3217258356083873,5.755261831292712,43.238815449501594
0.2812247162045861,0.5808584237464449,1.8440044950435153,0.32318003268543827,5.8155919883849405,43.30962416288227
0.5114431891763684,0.695208690401196,1.9613637417979417,0.4568158834752649,5.921790921951563,46.2680896466247
0.6391906416235209,0.712863444835412,1.81636007869701,0.22456807984738172,6.114945258843926,42.56357013166271
-0.007934623260920537,0.43255228056265077,2.0919869670396447,0.4927756207542037,5.787096049643442,47.032503112916984
0.26265982720196623,0.4959617533013516,1.94038720096007,0.4487120517016353,5.940280791732528,46.36724054912176
0.14523343046101445,0.458059520289182,2.2656715718597678,0.6094965488364152,5.925740840545545,49.93527209421175
0.05816117360947659,0.5261771214445616,2.1734028103777847,0.28843450532650955,5.665645445692615,42.69636886264439
0.17180698121890536,0.5076020283692435,2.2113833528112723,0.2801468881616537,5.856114945269211,42.691229900094356
0.32220300929693757,0.6219386525685431,1.7874303386052222,0.16231425128579324,5.673717363861742,39.85280031498292
0.32220300929693757,0.6219386525685431,1.7874303386052222,0.16231425128579324,5.673717363861742,39.85280031498292
0.08621297326671862,0.5413124731316085,1.7375678324828474,0.456253093857976,5.649326467480399,46.193739689678964
0.24625632220143728,0.5058250193996752,2.0738051644047704,0.2624038249941162,5.804574495882224,42.07066415663277
0.6308988762999347,0.7211173175729567,1.9851798437758754,0.2756370401034494,6.033577899999559,42.995155952801724
0.4672029983249951,0.6666255005430075,1.8424599094081446,0.16715976328264062,5.862503242640605,40.07814792672716
0.18609996332844236,0.6238011352747629,2.094078174816002,0.19956239066911954,5.733839023622979,40.795423692991
0.26640553307029113,0.6255350841442626,2.191453613616156,0.2400658873756225,5.817439896188839,41.60586112404933
0.2136906200279478,0.6057976461357409,2.1098902078718287,0.27004772144444883,5.83326884989058,42.329139108241925
0.04281010822228992,0.5280980062997634,2.093165763933387,0.2883500255578822,5.6349265331205345,42.737863652348054
0.37476921097975474,0.5989742633769444,2.2131777757083992,0.2918431158509591,5.957578089527974,43.115738154193835
-0.10525912741581922,0.4551556466688619,2.305147672090131,0.6604555668702755,5.756367427896186,50.58228981213146
0.06533462040595128,0.5543815873354756,2.535380857852423,0.7156197216004444,5.971089245145035,52.51570615009127
0.16730743136677517,0.5893687094513967,2.2712067288944118,0.34530569198276795,5.7962399024575895,43.93325588600766
0.30716962770985345,0.6376346459508094,2.010362687820754,0.08907766477660213,5.7376475457322496,38.319529514166156
0.09723056210697667,0.48548078907211306,2.0029857336488694,0.3390712382967875,5.810744017531032,43.86353786540392
0.27843770286641545,0.5866027200844522,2.0857733617927035,0.2363457308442523,5.840202126119315,41.60862508563808
0.4684410399798269,0.6844404624732828,1.7196639899248414,0.21667610414950483,5.735047133959867,40.828721002649374
0.23757311487293897,0.5810305989513852,1.7927982422808766,0.4085581975489419,5.772980035017685,44.96461108739478
0.020918192246580092,0.5668088826051919,2.554569062210323,0.4291979335480703,5.843096607310904,45.815583804616466
0.04551092215692287,0.574613833593357,2.3225933072872587,0.30824503785521834,5.752315212047492,43.143962385622906
-0.052390912607681805,0.5861076244701979,1.940666646428447,0.144171332123529,5.443033062787578,40.44170220068826
-0.049580635907955695,0.5269172722543793,2.131215417211118,0.3947927671621376,5.651186774348052,45.0597680755938
0.1556770172152483,0.5119405657615227,2.142319484556867,0.2007402491163245,5.776015205844041,40.83595064609805
0.30213408955701204,0.5023370049106106,1.9021729351917025,0.2717976033258087,5.841595100764961,42.35013642520243
0.09986805962758072,0.5789717744447691,1.8981121808451547,0.211330429805309,5.51764027152379,41.37832009980232
0.4949858633124345,0.5915510265873882,1.8492076819502645,0.1662268516722842,5.897698026447917,40.140284786146225
0.5380579592649037,0.561442891646166,1.7852339148365306,0.6273824913102704,6.109623055700456,50.99124952018209
0.3645077527174806,0.6961830799446553,1.9222130794945729,0.25797286240833134,5.735067573286324,41.7619786909861
0.099706465622518,0.6769596487033736,1.579493776269651,0.4289778515277875,5.365981369499069,46.69671282824973
0.2918802076392214,0.6341626370551178,1.7553751620260014,0.23430032171971427,5.6525811415621865,41.3530213299155
0.34580839557089155,0.7004503250415591,1.5875127820532857,0.2970406715104973,5.630741769381638,42.6060429636927
0.45558337563634876,0.6508659802082678,1.9237426896314804,0.119142833142424,5.859709714228826,39.036773374042866
0.6070333018854408,0.6160648330744054,2.2745769531206905,0.4025121278949083,6.207500625510118,47.185240472803386
0.6442396205684333,0.7061707604189654,1.9814269512829232,0.20376206523802412,6.052291731467561,41.62188133170644
0.52112398822003,0.5574602195695729,1.7434616386999322,0.7240226761939893,5.947910980714201,51.96199431143813
0.23492755361434264,0.48270307892011516,1.693407124526408,0.5723606205619194,5.705214027452538,48.55427864113255
0.5784589550194928,0.6019240292343366,1.6423975121986438,0.35183531211349955,6.006770253312354,44.44244090038939
-0.16542023695330227,0.47882797708681446,1.5507780369410802,0.4169974726683734,5.245513703312115,47.62850914298925
0.18809833524380015,0.4692601373710017,1.7237521225790045,0.35229721901593963,5.724419674104945,44.001115926038004
0.4331017416319849,0.5946102467096801,1.9997961084472786,0.43791992938535357,5.948506077364191,46.14097280246341
-0.08802677640809675,0.5352016477471638,1.7921404442162456,0.2504728000540221,5.362112200161356,43.12945510066153
0.27231824871722793,0.5272556809008876,1.8828607348281734,0.49510641358345814,5.849534119382115,47.00818486903098
0.45253965404628216,0.6032513829176448,1.9141662285550811,0.3725253129505519,6.002355446936657,44.9781901615264
0.10985832054288758,0.5207032807980547,1.8783432902667185,0.21724612188918177,5.676399292135365,41.19552273238801
0.3666923796580229,0.6486811061187949,1.9273860490481995,0.17351954106831383,5.778692218179817,40.08013237128595
0.42371066964896564,0.721611327089055,1.9827894161107646,0.22458506958475716,5.85828208550383,41.29288974977432
0.4143555672253004,0.7226727115175035,1.9293493443595031,0.36710705244156017,5.808443257271602,44.153723885908306
0.31045817998715597,0.6102856613111529,1.9806453585158537,0.42971955161247655,5.782427178998017,45.42236792795034
0.4144937768809197,0.537726630452389,1.9919771426884674,0.35417881576860777,5.95329111628218,44.44052447777331
0.16574733778372497,0.5935213062931262,2.0825980120908727,0.3927437648012106,5.816445268963493,44.904766033100266
0.6065885356788484,0.5966725951972078,1.8154352150265751,0.32846014640506144,6.034765234054593,44.13105308286813
-0.15506059847690767,0.6122504731903342,2.095045967070376,0.33866531599771,5.437814577308982,44.48911265980363
0.4831997244840503,0.6466765257441497,2.289830572891074,0.39178592324013306,6.106055597858525,46.19005560099606
0.3463437465331509,0.6181724014876883,1.7312023878565355,0.40359384177401725,5.674947636863193,44.75020751543453
0.3697864666924746,0.5946100716726155,1.751879579001379,0.14628700071083808,5.8236712059792755,39.612132936718346
0.13663238248291082,0.5428737077333298,1.8408382618073669,0.29238273599550707,5.600617682597324,42.83040278776627
0.12712084351758618,0.5114374578016647,1.794848751907634,0.44586792029757916,5.6185911544059035,45.95498134702047
0.1483792406542852,0.5694348852089715,1.7829745876354024,0.2936471893128672,5.625499926236224,42.8760656295462
0.07585253688925431,0.5192262450550322,2.074868701823469,0.3587539054051774,5.733167728565292,44.15174408621043
0.030135331065497928,0.6191783057689795,1.9968699952089877,0.21496249764605474,5.51063919654419,41.515418983189484
0.12749761909336343,0.45474889319747375,2.1379539427057366,0.3932246681913549,5.829171567456853,45.00375392665653
0.286648492649376,0.5991467884150063,2.3084873098381937,0.3234693646761597,5.871524790958764,43.471064427813786
0.33378044400231455,0.6104671798949515,2.032942348178895,0.39407320277932495,5.8605670629207465,44.94696362648233
0.2223001567923225,0.5373534568282581,1.884471927310742,0.1700457194822621,5.686664750908115,40.145077911502106
0.2223001567923225,0.5373534568282581,1.884471927310742,0.1700457194822621,5.686664750908115,40.145077911502106
0.04841424340241429,0.5711676327247333,1.8696518836194476,0.4309426474744972,5.631697692322416,45.82376834856836
-0.253493729626564,0.49477694022335056,1.8361360902963377,0.32578210998048446,5.289313696238809,45.37820032496831
0.24444525337291828,0.5606889420148616,1.7492296828941063,0.41255266728967727,5.7008746116178015,45.09065196333664
0.6605149103083481,0.5460668571084214,1.9664096603916736,0.342841594092034,6.183282467426931,45.67273177419606
0.3942959168548221,0.6004282914631219,1.7668310638472833,0.2696973423949153,5.778507681758459,42.10129239642408
0.3502061967778504,0.5402702499860512,1.7992202193049234,0.17775807620794976,5.772751938460658,40.164055072164814
0.015090442989170394,0.537257628493792,1.97528203329044,0.3191333323999944,5.579753435769177,43.557974333381566
0.3208797460031421,0.588632960562123,1.8989395308402102,0.2250702556446247,5.754308873038092,41.09511772807604
0.1833316196930333,0.6392186535363301,1.9358856444322956,0.266163895849897,5.567143496194938,42.34778965061428
0.3720308638249871,0.6345554705196804,1.78675829011256,0.18183883650768817,5.799492823785801,40.29550081522967
0.12671256263550545,0.5911197777298206,1.8934564510195282,0.19880087243918299,5.712108932083096,40.80811145616716
0.2781793561511417,0.6313539884850378,2.0430858906536598,0.2188196286441986,5.814005140330931,41.13157414783029
0.2781793561511417,0.6313539884850378,2.0430858906536598,0.2188196286441986,5.814005140330931,41.13157414783029
0.20271688629023044,0.5115489968234042,1.7642653472895329,0.24261190685661255,5.635050303285629,41.595504922942936
0.26283152821084327,0.5162212596199057,1.8493304229881056,0.4723785253492153,5.8040611597798275,46.446551451772415
0.3291813738260178,0.5580345957808234,2.097320961239756,0.23214791964236758,5.94081745785391,41.884377641197126
0.14141357233807872,0.5730786752611134,1.9032593867667422,0.2240185206531211,5.615516726946428,41.38488225595913
0.14259944875235264,0.44957635043892213,2.1283751035906073,0.5457494398989201,5.8210019669450705,48.19006529490524
0.32650743397122506,0.597881440852546,2.0876986250459595,0.28225731746438565,5.814222147431907,42.448252654225186
0.5231714528595288,0.6963982869792819,1.9833854168283263,0.15524376045143215,5.921026693757447,39.98416366311375
0.2039446926939089,0.6356658133506815,1.7721613197784831,0.19347203285297324,5.533791562635919,40.8203237874284
0.46173070599880106,0.5810058943575592,1.6424996893726396,0.245666671412867,5.833014399972552,41.591005771182395
0.25220472074532196,0.5413640379066169,1.7584703324409579,0.31425482745907185,5.708850570192856,43.15098137994
0.3632699740903532,0.62738216497132,1.8882485658290709,0.32509026648383316,5.785790895162083,43.21868020742141
0.5512732027349345,0.5575454296235565,2.2951324559800605,0.5012345478064087,6.251990601446485,49.73205350875099
-0.039651864281354254,0.4112141450190365,2.0798115974660747,0.6197154514673555,5.689709308983319,49.69441241473209
0.394483273146603,0.5239003126089523,1.949314287971864,0.3777672452501183,5.960054821371278,44.88805116884916
0.08785065944863613,0.5744784676129477,2.1813853078671195,0.47113631460743766,5.712179981301722,46.50982195993968
-0.016122594359576192,0.5095983711390464,1.9339429116038227,0.21848582916440126,5.469558946569063,41.807504948989916
0.056589679490410716,0.508334585034029,1.886974068514675,0.293841106864065,5.547552384927106,43.1387220451814
0.2689911987762213,0.5088336607736863,1.9656165441572018,0.31971587945829605,5.787688636276378,43.245937138637046
-0.0012909559972936746,0.565961211176851,1.9754703624218517,0.5858463186180164,5.530045374290641,49.282610402752596
0.25768142493844753,0.6810787273492994,1.8129824722019103,0.24255128587097532,5.624865467406872,41.59404129115333
0.6608268186299422,0.6712379094309792,1.6629731825480454,0.5781833768837016,6.066661002352663,49.51746661450933
0.16502951430365587,0.6063096133824609,1.5537408581165786,0.20177144164789262,5.456508885304249,41.308606143239466
0.09389722735556039,0.5741642291300709,1.620993817584822,0.47495202208441956,5.387233237587726,47.60942905693172
0.1878947846514184,0.6064631029817513,1.9471844293602807,0.24484514935890514,5.63199474371803,41.68863709833053
0.22939445842707384,0.5139144060265602,2.0303139431584363,0.6822487830723589,5.973553685642486,51.49229092277558
0.39670234462188275,0.7750916172247126,1.8380158369041042,0.20400237345756703,5.718926190252966,40.64797790853992
0.5332677336127123,0.6636368861418698,2.1750207957375416,0.24582267251946266,6.074362504658393,42.77139938372976
0.201904478958488,0.5380109836817198,1.8663916451936786,0.2125245519360704,5.772950450136505,41.02676799075079
0.44055053299424723,0.7501283743621417,2.1035572723802787,0.5252249345671611,5.901174153838795,47.66388952801836
0.5264493961752272,0.775867658329671,1.6469715284026418,0.20711586048255562,5.758185627395153,40.520818696368636
0.4334827978229203,0.6213224066370273,1.6149785458008874,0.42601769392754124,5.75600916980115,45.1353830812422
0.34716763467379397,0.5497879920381474,1.8869044295823354,0.3434555969415072,5.785636227176961,43.64203002891227
-0.25809735415552737,0.5885487786610221,1.8322372551094994,0.3708922263929535,5.270151318124104,46.47137888823678
0.27005026867971776,0.5846153453657154,2.0019469119920794,0.3430892194266162,5.777341611463408,43.774954779369786
0.2234792769790962,0.5234137599240354,2.1746547761411477,0.6567518739572964,6.062986651075308,51.71588867517331
0.3586173253894623,0.5685814511665425,1.8441839520830425,0.5120691464328159,5.786899652333208,47.23203550927029
0.37958063275494064,0.5601992158063077,2.028432479837354,0.12583140592075495,5.926463715372044,39.518972101792784
0.2992599262652767,0.536652051658649,2.0519677000690777,0.34250826681287344,5.963393445151857,44.28971129058527
-0.22422868499392012,0.45926542714666907,1.9525889780055055,0.44483948889664077,5.457147361990148,46.71908975687664
0.08354954173297224,0.5329324812305027,2.2188354714544753,0.48456248530552093,5.823224053394593,46.95245946487028
0.2527929699400349,0.6748588539480074,1.6947134643918498,0.26557396796119276,5.607753469547311,42.103855774099245
0.1879588803702718,0.5848074465399529,1.9018482512382389,0.2896549572610142,5.635377572558756,42.670133252924906
0.23997918600503326,0.5973563466361455,1.8390810064524616,0.4742432031515029,5.706909894947646,46.30994175975135
0.4026926628515053,0.5575076825343107,1.9711578286128821,0.4693504116534515,6.0406483292310975,47.35478748696252
0.49064492637950635,0.6666446919497,1.789164285007462,0.3126010623813731,5.804995817451448,42.978487892818656
0.44696802022447196,0.5150489064059562,2.034378980109722,0.29169862506870325,6.05720160171881,43.75408764592399
0.41491441454466177,0.6389315394519617,1.9054671772106588,0.2939749704579283,5.879625848609859,42.84869755305939
0.11217612891420414,0.606327096894315,2.2612458881715405,0.20709138188471504,5.727477167569285,40.99796959161913
0.11217612891420414,0.606327096894315,2.2612458881715405,0.20709138188471504,5.727477167569285,40.99796959161913
0.16278053825400185,0.5606611732967455,2.15569859477036,0.2382055408708186,5.730218762125716,41.598578269381804
0.24839918711782805,0.5805408268127745,1.9059773496229215,0.21037525039770433,5.777795279123734,41.04979188275252
0.28254821152380305,0.6261669798965748,1.9823022143310634,0.3429740022171732,5.794637908406971,43.78754294395109
0.27822947666553866,0.6257128113949498,2.38219259972591,0.35053646863923293,5.909006114281302,44.2295948085298
0.6243761062302715,0.6963511041105712,1.9023934507787819,0.1718671505546053,5.981559073253245,40.526109573859316
0.6243761062302715,0.6963511041105712,1.9023934507787819,0.1718671505546053,5.981559073253245,40.526109573859316
0.4818050412875929,0.5610588981077684,1.719502250252409,0.22019158215360662,5.900553611630777,41.28104672417981
0.4818050412875929,0.5610588981077684,1.719502250252409,0.22019158215360662,5.900553611630777,41.28104672417981
0.47455843168833867,0.6005577360547356,1.8979000691109902,0.2611553580023698,6.032900681276382,42.868325105491756
0.3778315878152212,0.5850485325857064,2.3253926284338564,0.21784819430083213,6.044995534292033,42.1395185091668
0.20776161938867443,0.5647793796598233,2.054233903205758,0.29195143898081366,5.7647213022351,42.67451522905314
0.42703942479063717,0.5724567951885943,1.9916798645506217,0.4217877258521027,5.918319520862931,45.654125334042114
0.17503913226096735,0.4861650397581108,1.502307544741342,0.4079831733270485,5.560225723842167,45.32189393434374
0.25846486187621553,0.43844547181967786,1.8321090660217725,0.35068103095568126,5.8834552766867,44.1914623987615
0.432764110172966,0.5898402325394291,2.117521603661945,0.13767196969441686,5.96093908111435,39.93581641920463
0.432764110172966,0.5898402325394291,2.117521603661945,0.13767196969441686,5.96093908111435,39.93581641920463
0.3930730400163675,0.5565162882132403,2.2168346721172423,0.3629085966498827,6.06362265745906,45.27289437763749
0.3922559273013464,0.5845896504441124,2.1050718593157907,0.3109370307468446,5.946190908099027,43.49477601550422
0.08190978480752997,0.5628519906219891,1.9190841835111172,0.24996217661018272,5.5385154089676485,42.118850601384985
0.029502632036387366,0.5813560377557514,2.131477619122627,0.4528187444600578,5.71436708732416,46.13609695297694
-0.02263960863816461,0.6262784886590036,1.8265283336238267,0.14701109130036988,5.3484698176818855,41.0161957874349
-0.04970757096176193,0.4837497143084442,2.240715038180032,0.3782469736240648,5.679331985348927,44.63675496286301
0.10036058187490238,0.5327131097493938,2.139838977493962,0.5500870592079888,5.6890560334803935,48.15245102034401
0.18615874188496784,0.6354816165820889,2.037301203318704,0.39838569519258804,5.66506255897469,44.792226609638554
0.40954448423532414,0.6770005802948068,2.136665227382321,0.27462920601802704,5.911851672702905,42.511619430340204
0.40954448423532414,0.6770005802948068,2.136665227382321,0.27462920601802704,5.911851672702905,42.511619430340204
0.5072687283381084,0.6128284734974575,2.128356900821482,0.2732413093445264,6.052525503691742,43.2075635000431
0.2355071926813232,0.546802757453907,1.9042600599789559,0.29294907074883303,5.709178482834381,42.68829978340021
-0.21473820395691656,0.5225784217571358,1.643487087856571,0.37420389533045006,5.2683411207831465,46.54174792654048
0.08505045537851796,0.5556701450249393,1.8625607093442513,0.21435078320809461,5.6261622495114105,41.17709748492582
0.43442865022300736,0.5924570190865422,2.1192622733431206,0.314976524325439,5.970748158670544,43.60479377324758
0.13904727480415235,0.6489615726520975,2.024776240068353,0.2286898943919864,5.595822810973542,41.425358491950405
0.4042617777519122,0.6673815661944184,1.648753047025411,0.18768121335068583,5.726727901478882,40.317018753253684
0.2015161363393972,0.6186949755986461,1.6301617083183193,0.30483135315277526,5.526877495880242,43.33776272418114
0.13172621560960224,0.6433032603836156,1.837290802052825,0.1478171446608248,5.505117369498884,40.08879044047986
0.29297300953909433,0.7060805952889508,1.8542411251109518,0.23761346120365942,5.672595151260353,41.39264913999586
0.38869971852587093,0.6477308210473695,1.7885932763978052,0.12990582620534574,5.739687200363516,39.086317757451724
0.38869971852587093,0.6477308210473695,1.7885932763978052,0.12990582620534574,5.739687200363516,39.086317757451724
0.5656780508284491,0.5656389321879594,2.0515985491286157,0.17179432807844638,6.150873123584345,41.82806266101949
0.423045136948224,0.5572069774824744,2.031258881187793,0.40582137079028685,5.961783532177392,45.62117035152074
0.27254291134165015,0.5453630274585828,2.1566714296613183,0.33443128243545883,5.8991778157829655,43.8327226341666
0.31942131626548476,0.7095891876687205,2.085251657054825,0.3633104144060848,5.754933907538035,44.01675142489772
-0.018819461627657907,0.5398875463428092,1.8689252822490956,0.38885266216709913,5.482540149717101,45.29782791132192
0.3063405805708025,0.6771891208654789,1.8881865809257417,0.25094772662876647,5.673105960440372,41.632577033497874
0.5012457928936591,0.7297865006528308,1.8184698540765145,0.5170293915520072,5.81891582466392,47.02182422629623
-0.18231530384324224,0.5415165458788551,1.9993546209467326,0.38215369338067806,5.381890014198516,45.96436566766976
0.2665606720166549,0.6446387752651724,2.3461759989498727,0.4634192661871477,5.858818092420911,46.37874508572607
0.3363752250203331,0.7300726351190807,1.746638822629392,0.29247120233013274,5.591520094170149,42.55174476652223
0.40818435175583784,0.6698064653540531,2.3674043379206293,0.6700192068253992,6.082514536628155,51.72048079803254
0.2318067712278168,0.6043343990276603,1.8665899765705056,0.34783193146590635,5.707164868532728,43.80279494336267
0.28859800503630306,0.52197234389997,2.0602727466645687,0.2567822097645444,5.923658611299132,42.35802542314368
0.28859800503630306,0.52197234389997,2.0602727466645687,0.2567822097645444,5.923658611299132,42.35802542314368
0.28859800503630306,0.52197234389997,2.0602727466645687,0.2567822097645444,5.923658611299132,42.35802542314368
0.41982019442875795,0.5354249951979873,1.909383214329988,0.35862080562238635,6.001009481169599,44.751637712066675
0.48790739391549953,0.5376156203174872,1.817633548268808,0.2299690989472518,5.9899957757084925,41.90974895775016
0.11224496378612503,0.5786788484373298,1.9645410364725062,0.2651279244250002,5.641601518619144,42.23068717973708
-0.0007240828353559658,0.5576603142227896,1.813216994265194,0.29255840015811513,5.497891929964771,43.266758018498294
0.06317876136814427,0.4974328928336474,1.8915748590650292,0.284526690059238,5.679657773962949,42.71297103082371
0.03824030792589739,0.44403479565633885,1.9603054986028943,0.3264391096378964,5.766968751213232,43.57382831918511
0.33697879559369415,0.5932220126816419,2.1587292470456814,0.15543916578842668,5.908305166511388,40.10338124210575
0.33697879559369415,0.5932220126816419,2.1587292470456814,0.15543916578842668,5.908305166511388,40.10338124210575
-0.19504174674786712,0.439575370815504,1.7689833189113178,0.4651166070422557,5.320290804693866,48.0609684883156
0.18981199390832754,0.48973774325297287,1.9493969424388569,0.39401296608140574,5.732244957330779,44.88225393868562
0.09050310457025401,0.52662304683855,2.094364588914739,0.19011279830933608,5.638999975561952,40.668949206796725
0.43226362931673745,0.5671623606423264,1.9348074665172135,0.21933887473258187,5.892913358348199,41.2928307560709
0.562772596364209,0.5780071185618388,2.0263210095015176,0.5215663124220029,6.098915866348497,48.64343789291605
0.23847783150418717,0.5571017712502438,1.8252551422751826,0.3351844824430697,5.699887745000785,43.56303411355114
0.5604837981431868,0.7205420175956073,1.8230306761088175,0.271961601145103,5.9559086867526725,42.51626790403381
0.4025084259817752,0.7663776318330003,1.7267811448102837,0.15686040901978238,5.678809416934595,39.59808890415425
0.5700630335889891,0.6727969116660426,1.7137646143491918,0.21560375720019104,5.8938688699190305,41.08512479246868
0.41333333196393807,0.6949148221751101,1.875563743361804,0.2855803674779522,5.81828205073896,42.51064685109377
0.1475708030932169,0.5186022950804259,2.222064194606695,0.6765682160872666,5.893138082139581,51.16007427971969
0.13916092193384105,0.6451020463229201,1.8124975665459093,0.4701077821214723,5.583698427134251,46.62768749784056
-0.013226863995480342,0.45195992554850156,2.444920431410102,0.5174233980620604,5.919440065181196,48.185149732068005
0.33988260349209665,0.614461443186253,2.1845122953097187,0.16435473072882906,5.900780619442669,40.27750502379359
0.2961267130426761,0.576332960602918,2.2478543722170277,0.19086786463175515,5.951606361003425,41.13045964523092
0.15223347493487627,0.6470458386440334,1.943335573224417,0.19138305967472147,5.542600417087636,40.870173457101465
0.4525950265541614,0.6131110858285175,2.109221471960441,0.28816194587624866,6.006348608498444,43.240225331469794
0.30942702346734297,0.5321858123470055,1.841305715811809,0.25599859616071696,5.788616531554425,41.81166846387934
0.016010456455851085,0.573131900472163,1.9951607823899455,0.3256225202607512,5.542246415617197,43.772404439723815
0.4537778870826724,0.6702762698580859,1.702477422545852,0.15433394063367492,5.785361087259073,39.60673049996117
0.32818872652217734,0.712471017332654,1.8038816605587458,0.2803041687001144,5.686840353013065,42.313083811075465
0.5552942002910535,0.6767252923884035,2.1526619629025165,0.2117929374972114,6.089557139749398,42.178822019768354
0.2595301740577894,0.653807121665371,1.9378775354175426,0.16604103254227928,5.647080870098424,39.951966612391814
-0.06742136380488772,0.44622890860091935,1.8673920273865767,0.3908342176334707,5.496422162316195,45.383912612057905
0.41978975490792336,0.7519983449242036,1.7480981801607178,0.17488789232939947,5.701638140620499,39.95282172148709
0.4559701709202566,0.6202500116641851,1.7947925227412653,0.33257281372284664,5.8962735882987864,43.65172148965828
0.48091395958558464,0.7247492932684844,1.7563205818627283,0.4208037644293585,5.79660562319609,45.20008887075002
0.18756647306898377,0.5743238877732193,2.150331017297815,0.20793347093838013,5.770443310787957,40.982939811899854
0.3412728468567454,0.6171293109856784,1.966031410915343,0.3286567520595977,5.8070292892567315,43.42210360593974
0.08464538487879103,0.5011077784957011,1.9348919167353498,0.5242850697512542,5.626873250847682,47.69498573824771
0.523320211739222,0.6402580229070013,2.0412761862192212,0.37371004224066856,6.010142589849938,44.975350064610026
0.3609122090378541,0.5663374860303549,1.9933798551998592,0.33927723215466804,5.947160248668939,44.181967344526484
0.2962138149145316,0.512187181409216,1.8551538576859739,0.3979992804385586,5.825643920777366,45.027525410453684
0.11525863854602059,0.5860337774857084,1.9129542414654381,0.3611510746571853,5.58286406996386,44.193848948046366
0.1853448969009453,0.6721996748041498,1.7511918767542298,0.2874526375351198,5.525273567358601,42.81155551277563
0.22979485850114573,0.5960942857878332,1.9840365466263044,0.17465054756636691,5.7123859053929396,40.12642116490667
0.28921348563921107,0.5389078391663554,1.7324191008069023,0.2598806265219927,5.714486732448356,41.87104934262845
0.20811630231210565,0.4889923176275538,2.0371684916532597,0.5661857966680265,5.767036437716216,48.62635868226121
0.07098637526177365,0.5187640679436749,1.900341279931078,0.3638238963797384,5.560801047013721,44.56589760788619
0.1069797042037628,0.5112451829172239,2.1131887383117514,0.693073389498276,5.820870723110526,51.23501313831319
0.46142978736294166,0.672082026128651,1.9443950213127532,0.2262961439324156,5.928110726264356,41.54963772182232
0.2435008783126365,0.6045511006418001,1.9327522972159965,0.22823772619702032,5.73848711947096,41.28931370558815
0.5763557414174987,0.6662091631389241,1.912425149022067,0.265790458800869,6.038679404617602,42.893663506232855
0.5083838433958192,0.6885830507805603,1.9682156810172422,0.230580189018098,5.953985965906499,41.71657484146969
0.2869786322087891,0.6657498539476042,1.8947206110837098,0.15205059224847942,5.711037025492093,39.663768824907585
0.35649783069435903,0.6927027025994399,1.8303477874460883,0.10578473217926268,5.683629894092197,38.585742747169235
0.3436329519176111,0.5396284377997236,2.357260741937114,0.25035549357190073,6.045941855731355,42.900854204782874
-0.07353147988926989,0.5228047690839335,2.2122080170634404,0.29984138730760546,5.644187351673627,43.01989498306336
0.2516126756362077,0.5237568505667987,2.4947394385173194,0.25072740577820873,6.033678686621469,42.84718434132151
0.44477492620675635,0.6096403032304647,1.794616621034184,0.3345469272961705,5.849510244062536,43.511638977166776
0.37195351728254333,0.6336869664793999,1.8169388796135648,0.44085508314040595,5.799434923473159,45.69451246484193
-0.010596838906734796,0.6030913377195793,2.4775338194934724,0.4077297594252244,5.769778714271435,45.29312420767593
0.06418655569316967,0.6364099063487245,1.5002261283587421,0.3510463447629872,5.347177827519579,45.22911483657019
0.2168394181099143,0.6842572745466428,1.6258199016014008,0.2778285591612245,5.545203198175121,42.53465187401188
0.4103471205786767,0.658480817613407,1.9149003495039205,0.27464383684981514,5.830254283794979,42.25098971641424
0.02979930976225298,0.6177175294892152,1.6833898756004402,0.16229143478256886,5.376367888981367,41.125970094176786
0.43263564361980145,0.6668671822254582,1.8297960769776143,0.2934537478231265,5.804273706452837,42.62366701800286
0.025426876736004078,0.5450944917133685,2.127614588232299,0.31100309631048134,5.6707214632686815,43.22608351114578
0.03316736273781684,0.4818742629471858,2.079704595157543,0.41346128669959603,5.662659603307739,45.3664419213935
0.27338646388577376,0.631610784573066,2.0540787543211896,0.2320499656249826,5.829634445600609,41.486601728475655
-0.08772318787647415,0.4494753286699706,2.0922698012457337,0.6035603955166564,5.63420737934135,49.401688018400485
0.3426030042937221,0.6284133217080881,2.1026672987033272,0.25373274959223596,5.864213835073294,42.00577365917194
0.3022243301331954,0.6212265670173397,2.028356907153505,0.48515683545558813,5.828069259841585,46.822760982666274
0.06685881407180383,0.5362787198876903,2.0170471263353082,0.2829681230595268,5.679640253887464,42.57714222453477
0.41091059343170594,0.6403530357392289,2.1011996165314115,0.36347758186277973,5.890404449516303,44.261818554083945
0.39325440394501066,0.6534780551445568,2.025498399634597,0.2902198135413464,5.853249039345714,42.605727869633185
0.03489571681986259,0.5202440809251091,2.094016436475613,0.6308535766832597,5.688656972510131,49.854857319707094
-0.19578272892330395,0.5026115286640229,2.0552990912188607,0.4043120793719372,5.39395974582837,46.267020522230084
0.041631109438021174,0.4413869197953236,2.5733870519032034,0.6389666227839419,6.151632164621496,52.04006562534424
0.26658639927991845,0.5208963650171876,2.0103097653383517,0.3764825190349061,5.849129863599452,44.63008411954062
0.381875014196749,0.6283731107387405,1.7847764570379405,0.2760529594127032,5.7191576304350935,42.13042283018295
0.13509123001852397,0.5721780561377453,1.870977699270025,0.2358410733414476,5.563145263922492,41.78474063232923
0.6508708836330229,0.7049055505980442,1.6534775919851104,0.26344592566698466,5.924158418576657,42.13831864194397
0.5119773359998927,0.5711661475344982,1.7539175533763873,0.42227622609586635,6.013543353869297,46.056274450091074
0.3115877172887053,0.5390868118139873,1.7897820848128991,0.20866774009007721,5.738386689696208,40.77914576466474
0.2787077574559001,0.6049717411576279,1.8217329256356962,0.14634118883200722,5.7120622921596205,39.52009206342415
0.3233148458029463,0.6714162472362531,1.7556336212982104,0.20351970098143377,5.695525710538427,40.70806236366781
0.2802526100759504,0.5707400217969987,1.8002344194249194,0.4340559769246521,5.720584376628165,45.64782577597681
0.24689291224886656,0.5763995250707714,1.7914429659307174,0.7431252813632927,5.690218221545972,52.07589568384103
0.3821326434413894,0.5901788201035281,1.814404973714006,0.3830805374440214,5.805758927730331,44.517025988211515
0.2729568813650526,0.5983712014102648,1.8849599879675645,0.5363342928885182,5.802383898137951,47.87476311731481
0.2681971276347296,0.6049123828585784,1.7309745970384514,0.13674637000836998,5.583186037485875,39.442013019923586
0.012132232261657494,0.6228088077414141,2.3326675746955643,0.722123467787399,5.697884998029708,51.94337410611312
0.38531197915257354,0.6052085173269343,1.7954039614533748,0.6740361308282634,5.838241224639043,50.4921548970447
0.3552889929236074,0.628293629027826,1.6842693425242756,0.24243763780975466,5.672912574558914,41.442470182120275
0.645511860325368,0.5840736775774286,1.6781489941977248,0.4011762717188085,6.018245911930668,45.579612121397865
-0.2717325985298572,0.5030473554784881,1.5261934843200518,0.39241609560594976,5.125920037442118,48.34101183403087
0.11439668969294825,0.5003846866358329,2.2573685333421163,0.6735220899729095,5.9762730978204335,51.41292768787567
0.06273661478972248,0.45391298042551276,2.179408957965271,0.45019959249267105,5.813226371842738,46.18410966273858
0.10400397597032152,0.5432919433900537,2.189745592375064,0.24909120762638534,5.688902197225561,41.838336953507486
0.4376810944001114,0.6770055144159657,1.8180711085240953,0.27234362793910155,5.856973515945021,42.27555489842015
0.08137964698114036,0.5766655470694779,1.686241077891793,0.3297283405562231,5.514452673863995,43.946087094964184
0.19731180474520682,0.5541466984292388,1.74571389470147,0.5412737033673729,5.654092299250487,47.98514105760464
0.3516928146523393,0.7038108786724528,1.996121454915448,0.39875278117578905,5.772667959408185,44.8365735342792
0.5444261108637396,0.7818625315173465,1.9000484376833793,0.24804624140827877,5.904437428683987,41.78748729924594
0.4918898208879166,0.8046790635125921,1.7399306711181106,0.20959054941358254,5.740682304104597,40.64889837978651
0.47099791410779357,0.5838550230953263,2.261762353824132,0.40323368764884077,6.083560920867148,46.30491574665399
0.6459641064116013,0.6927942699308459,2.0379786518830727,0.33417526495768823,6.061345302874081,44.398566551320265
0.2661444444233869,0.6050383170159749,1.9480552451455257,0.2959019763936941,5.755036572892669,42.645071711086835
0.13554055939564935,0.5214462162197838,1.99990381045963,0.30024439701954153,5.759065098664566,42.947042929717874
0.5071771582035086,0.5843213130030963,2.4408530446637533,0.1801221264019605,6.24058218210083,43.03316160082087
0.25831633386653574,0.4093792887010698,2.4995167084143413,0.5257297234046873,6.162264373036512,49.61120364021778
-0.20481346356268348,0.4512362037790777,1.9512116253533984,0.3216606549698018,5.372559341959564,44.665060827802435
0.2953729322627926,0.5467833054158273,2.0627932027961964,0.22030546809893164,5.81386317421733,41.15331601400913
0.3585199536983812,0.5984184287954669,1.9076483302287264,0.14139789304633166,5.855616213209858,39.572837744628735
0.1056420786831373,0.5396736877390786,1.7375608963863258,0.13638801509185783,5.537956009440182,39.727029253813924
0.1545499721257746,0.5637830540998786,2.1659911333717154,0.26402366713638215,5.823586963899336,42.346265038243914
0.11339127142813032,0.5923622846634016,2.215646321320185,0.23568122583398365,5.668526053152066,41.527770360094046
0.11339127142813032,0.5923622846634016,2.215646321320185,0.23568122583398365,5.668526053152066,41.527770360094046
0.07642919511865243,0.49441532509832264,1.9532882545671357,0.5151906059946931,5.7012572208637025,47.44455099591434
0.2429413910734204,0.5180295626856309,2.2941996804200246,0.2968637018705508,5.908696818836855,43.12612197027705
-0.014532030559545328,0.5372087131026801,1.900545703923132,0.5158445745263064,5.5799901838884125,47.70258924322853
0.3939977988903982,0.5826424189090665,1.687049015865484,0.3459221068939188,5.767896748470159,43.574045512828015
0.34684601262256837,0.5551200024994395,1.7320430931724098,0.35155929749988085,5.742207228979785,43.7812055419067
0.1985753255902537,0.6730080849952316,1.9484210019901012,0.32235965562133034,5.598452637035486,43.34401600562698
0.41498624026084563,0.7303698174832867,2.1561001342069948,0.17792532774024666,5.873710713870554,40.414038239360714
0.3645208469364565,0.6071394127926649,1.921871780509579,0.22582074951554554,5.771775165550756,41.18486351093681
0.011467765945493369,0.5039791764307947,2.058205891058409,0.39811836071061624,5.739300814052663,45.05303476015543
0.33596969567082147,0.7087758687101515,2.3617221466302487,0.32968592097202676,5.938793708144178,43.882479830227986
0.5720797686549393,0.6964714573389332,2.251955861157424,0.3046206430893021,6.113802185589226,44.25501701367085
0.08078836032309744,0.4322320924802426,2.0295144383245254,0.6197219454243796,5.731152650874151,49.600955257620996
0.24613500091313412,0.6550968611714464,1.8687009930374336,0.13424481113847422,5.621810632426611,39.37404611048163
0.10363721262091846,0.6392471569773832,1.6323964607704862,0.11830913373864557,5.39568780716188,39.99969221299073
-0.04258818775900097,0.4525468628682044,2.042433427401668,0.4687235257703685,5.735535923315343,46.50752497354487
0.0610274701250928,0.4454433632842124,1.8302492135521666,0.3469085517898902,5.656121751572739,43.95440652220211
0.23543915527294945,0.4928033351508501,1.973769338490194,0.46481265873490113,5.825250381497867,46.30001409312451
0.2274044362770009,0.5809157920057878,1.8389507709006854,0.40593098837370806,5.670794167804816,45.000402346166304
0.4341272799809968,0.657144529939415,1.9044724989829442,0.30511623978787883,5.911687406898335,43.14459981057226
0.4471915844251701,0.6179345606573852,2.1614657352565594,0.48017710061445357,6.101823147099596,47.966894510866084
-0.021767652934693182,0.5581627996214087,1.7162538680280774,0.23520173684617038,5.37090686019358,42.68268776095893
0.07943570250290877,0.5393362257990144,1.7892603996558532,0.443015057545992,5.61992319293483,45.93245489034873
0.021779455620382415,0.49130642427074095,1.9467579400912098,0.32415249611048946,5.640139263179485,43.490520812396646
0.2127729179548823,0.4870028956290768,1.8555701948377492,0.2505116786201622,5.7244889489717,41.811878734972254
0.5070699896321067,0.6471043380088773,1.7330593320828676,0.13184426732121624,5.805930278649808,39.12718830643902
0.2994583930172246,0.6708994633416047,1.7778293693459097,0.21783297342595895,5.6246947809368155,41.02681439192998
0.3850156906307707,0.6499695459241642,1.8135860072123389,0.27449139501411896,5.8232310981248325,42.31120614652858
0.29785166162791044,0.651476762669369,1.8958731010540715,0.16708619338094322,5.713683049708965,39.93639530109748
0.3147937481680815,0.6434692939568736,1.7441244482928353,0.1657558973873569,5.748341532482031,39.9320924204935
0.43713377513851576,0.6405518371406828,1.7823551923946546,0.34669291074083936,5.860968231302938,43.764916091125244
0.5062172680704982,0.6994236335879932,1.767642436209106,0.26290107488541303,5.85681067218537,41.973393781888184
0.5524073015179615,0.761711906179671,1.8742293976208206,0.2933637653614813,5.8784308189844126,42.58401791039216
0.39313016228075104,0.620211651385923,1.787105063921877,0.23949464532094247,5.776362994906471,41.41841891544858
0.028449341091811964,0.47725731028671486,1.71685621224493,0.3116585861505926,5.474188693637496,43.80503134934434
-0.04518342966024402,0.5501856031101913,1.8043983089779931,0.4756638414213293,5.379917207860345,47.706106162461126
0.21477537244803652,0.5559380749892006,1.746304324908559,0.5139119390118287,5.678905548952981,47.230868629922306
0.6281077073644787,0.5906625626672567,1.6141475039390523,0.4763576359578817,5.99656819540851,47.00835333193613
0.3996048848626568,0.6665901878201733,1.709505821586386,0.20037155899716258,5.729803023470801,40.53036213989716
0.007345481675224197,0.5589010934975772,2.0628070137347514,0.3840970667533972,5.646063404221619,44.71257476408373
0.30725023485370356,0.587196278963206,1.8792954990850208,0.13927465890408136,5.736350405928849,39.36996593463755
0.5801536422594371,0.5687925383888113,1.6866550646653933,0.3736791939552305,6.016141097055751,45.03993044131544
0.1587455749189718,0.546919140203046,1.6543295560403979,0.23723351023454442,5.529667311373995,41.856700655019814
0.321444661829803,0.5877883424602305,1.6190652226031244,0.3615534874226442,5.634834596477944,44.01056676564483
0.44030179117580714,0.563913431109928,1.8699827163508174,0.29035399061205075,6.0414855355286186,43.53095101532971
0.4413502347525295,0.722025473858425,1.7445612443597118,0.3484618764170685,5.816879100549878,43.74222093341011
0.33480596307151644,0.5853768953297853,2.262385305115319,0.1909038534119633,5.977449278727676,41.18772800612221
-0.27529867885242265,0.44750295467397966,2.17439840842602,0.49385782624239305,5.559524096184395,47.454630063451845
0.15610490977485925,0.5665638417688853,1.7555809158766116,0.13796055253326237,5.505147593453247,39.85903436412645
0.524004953188522,0.7106180411830564,1.9051393530185936,0.36552458565086315,5.933640706491438,44.424366750267964
0.18513157344494657,0.5846247033762219,1.8220931775356335,0.3270689027091001,5.633368753835349,43.38485068497879
0.21525290350183546,0.4993393853977857,2.02162557140202,0.391811105026059,5.8570437037874985,45.018333886380546
0.25660108644984514,0.5072224480683828,2.386012429623044,0.3600604017415561,6.021465570639622,45.03866994143083
0.4647075763525048,0.7068883536195335,2.271655877970442,0.21645943041483204,6.067789628435337,42.16338998326441
0.1743796760441949,0.5399622976221626,2.1577747190655505,0.22857506755539617,5.803499264775038,41.43605919865221
0.30468612644080023,0.5767774065278091,2.140264667755837,0.26835511281122354,5.897495953098352,42.40317099624053
0.30468612644080023,0.5767774065278091,2.140264667755837,0.26835511281122354,5.897495953098352,42.40317099624053
0.23568906778972115,0.5073100302136487,2.005695598673097,0.34186510058091335,5.895743502536176,44.012290520752494
0.17454048198151706,0.6211366917789625,1.5948691416219503,0.44636179846735075,5.544337951804312,46.07311412492928
0.17268296382529807,0.523259553847986,1.8160269894577779,0.538824021395524,5.70925336483114,47.80209858208722
0.20893368287242742,0.6015073775339114,2.1001734551316886,0.3837946198618954,5.796817763663156,44.619695980279495
0.3877159771493609,0.5779867673383726,1.7890307226644295,0.20205772313440717,5.841096928226665,40.77825428917711
0.45943933044832086,0.730031772484711,1.6971095983606612,0.3299760952251632,5.792221894151686,43.26409161281703
0.3354756641542052,0.6883404448036461,1.5251745693993237,0.2570458158150231,5.560115034495855,42.05499232313967
0.4405678760058964,0.5803739375405583,1.8507525040879713,0.2474904759036476,5.953955784203298,42.12271335968147
0.5305302322991494,0.6611505417721527,1.91327015733411,0.3158373847324712,5.9574755594044255,43.52968438903425
0.3474824589049257,0.5366963319971431,2.095417974315241,0.4395009385209716,5.963900601028623,46.2451648091399
0.48001717265075405,0.7082511117513719,1.8242203089827218,0.2911434290664954,5.830870247292966,42.55278447762322
0.09541365608256669,0.5889531506529133,2.280000632560866,0.4341871193837324,5.729729944611668,45.72174645112988
0.30365707615147436,0.6832276061479686,1.9407787768843345,0.24871480365515886,5.696580813246804,41.67343905419808
0.5773414296031568,0.6761573209500464,1.9124788948191855,0.2561544203648786,5.947506170428124,42.2228339855798
0.5928084052691005,0.6548914979930888,2.086912038780003,0.3279822683163887,6.150445745034986,44.99489274982523
0.44358860153243795,0.5609691901980524,1.9884381321885496,0.3814167005489404,6.007285507241852,45.247152528764715
0.6036821913263501,0.5303642978621033,1.797034693584884,0.40160569082015124,6.147563097708934,46.57875361725531
0.233554922178685,0.5088268651091159,2.036027686309347,0.5039632805529578,5.826332170741491,47.11894910549012
0.18161711936603614,0.5513508049644924,1.9042959747202133,0.23439491633158854,5.72916532704801,41.44949065447201
0.3836094871624173,0.6022160065082464,1.8659321496714247,0.37720891403223195,5.857900839966287,44.47303173030395
0.6071408710429168,0.6079483107376639,2.0514969931113223,0.25842154212563434,6.153914656102091,43.66295054363602
0.7150745682111701,0.7835247243567902,1.6395355589240486,0.3593082641331933,5.968654688358431,44.21860832872876
0.250813055945842,0.5258144863763009,1.856875506659192,0.32677335892929205,5.833255630224606,43.572830787562054
-0.21764825322854764,0.4956627416861058,1.7033246163788776,0.6321282278452156,5.266760816603231,51.872040914979486
0.4746044849288581,0.5536561043870231,1.8382949066141967,0.46233666979269006,5.9569802684692466,46.6078730283397
0.30866508424554556,0.6668201842974513,1.6423193749682532,0.3017595844525318,5.650198626628555,42.73296442325413
0.35084568577916825,0.6070073093630859,1.768908289401253,0.2863976957717667,5.782910782008424,42.386416404159064
0.23528352820139714,0.7020207272802504,1.6741966765539518,0.39098311683808507,5.500566089497908,45.084314694485386
0.5560001675462495,0.7637521730137895,1.9792899238983184,0.2089241552826795,5.903565229730675,41.025456618447926
0.36411284619338186,0.6330931335489776,2.033755415604612,0.30691404838852776,5.878307536345292,43.091238794316666
0.14291700081060354,0.6093414933163993,1.781886896123238,0.29994510324416923,5.665207591929911,42.97390280689233
0.15286215461315633,0.5566317244518665,2.0136398250596512,0.3266208580055594,5.675274649344823,43.36884845103435
0.41602332224452193,0.5417006610857906,1.9768720336056416,0.40596780788690706,5.911069195982312,45.29503206275459
-0.05134899506478929,0.45617264205901426,2.2915424920668928,0.4754652934724629,5.70937177527262,46.661121359418445
0.33237371730230897,0.5522639925583166,1.8669349324207218,0.21984526869588084,5.847157473940707,41.31022073392783
0.13336733266534428,0.6346527488259455,2.1010085483029903,0.30195691759246635,5.6381537974623726,42.99127175693844
-0.08877957040790807,0.5220537045239507,2.130564905987936,0.29040479402747665,5.512358483697838,43.15030763012459
-0.17795493512813465,0.437705607103028,2.547967840073457,0.5965355709862866,5.768665788630182,49.2305381808068
0.0033947309993747066,0.552881985938692,1.9364579075580108,0.18572532945461387,5.568548936576114,40.77883839684019
0.4581757612532961,0.5762039654605544,2.0504218193397135,0.1340293600384884,5.999062490948755,40.02878584078516
0.4581757612532961,0.5762039654605544,2.0504218193397135,0.1340293600384884,5.999062490948755,40.02878584078516
0.09956038774164533,0.5175103343302802,1.7155344266004129,0.3365812580488985,5.544650575871488,43.908256510654596
0.22683280534295286,0.5438553432556361,1.9098324958536474,0.559013508556942,5.786892556398532,48.31843173937714
0.11065093443361695,0.5920057146175164,1.6595335070254733,0.4667446497587716,5.51948736533198,46.735636027111674
0.5569878868496829,0.706253748920059,1.7153547659283521,0.43911444585945647,5.862027934955529,45.66208828394938
0.3500342306462828,0.5803023115933043,2.01978318041164,0.14426969518490027,5.814389677914489,39.571259885775945
0.3500342306462828,0.5803023115933043,2.01978318041164,0.14426969518490027,5.814389677914489,39.571259885775945
0.243946959927212,0.6120249722877326,2.0759861038906573,0.38418630547416455,5.802230790474245,44.52059842668565
0.0768951526235292,0.5714616342387413,1.7041623306125426,0.21710860882380573,5.5472926918351755,41.36687621015695
0.1588417019638939,0.6605634443929109,1.5605142286217104,0.2926536211788457,5.417405084031433,43.41696127662119
0.09703993666940858,0.46974718839940094,1.9816520774238247,0.49877956377552424,5.783268896940167,47.15731813745395
0.36319273885548464,0.4885784259908755,2.315343224361419,0.31518078078802064,6.17887843737085,45.223639886512345
0.40002865512939306,0.6164240651496848,2.062920986854606,0.34355593131193557,5.952365793539707,44.18642863222953
0.32753556127253713,0.5701425106383134,2.0437402685549664,0.2392538450500016,5.836053590798311,41.61625714036418
0.28523565314475896,0.592135594520659,1.9693899790034515,0.36871472972781516,5.844273383984408,44.36197034046556
0.5460321633221453,0.5499871875619177,2.3052423883250204,0.40239014576168136,6.290787932921307,48.10780257169557
0.4153885179739575,0.7117684877682843,1.7141398209696581,0.16123198379271592,5.6908516412903625,39.668448609125804
0.27597221617020695,0.5871210710420666,1.8160351376062627,0.3504957048507565,5.712882349298035,43.71601779677355
0.3073456113991937,0.5918193589797475,1.8957584981994113,0.5787364818126036,5.712905839348011,48.63723853566233
0.2519765999110163,0.5835755420217668,2.0832169632160724,0.30777116919395586,5.895191502251816,43.32004338867683
0.09380228463360296,0.6296267243033242,1.8275758998339497,0.46026473790440314,5.597591041610767,46.210062226366716
-0.07499569064463041,0.4997626980967648,2.025265667854417,0.3477476756138654,5.530224118195352,44.33545490892897
0.11959101905249458,0.5676721595824779,2.3621935322941807,0.2062774291209535,5.816174391387252,41.11032496566588
0.1699641482715637,0.6085405819927558,2.2656837542863126,0.2998542582481202,5.836531734237188,43.04079897369237
0.12364708125671142,0.5365609955330751,2.2112280944130775,0.2949972675431669,5.813461280696011,42.9665648047428
-0.0016242602934062322,0.5249636574398214,1.9946453884781676,0.5304123297118704,5.628094470100018,47.77556274707784
-0.07415236406886072,0.4468486669612174,1.6706130482017563,0.4307887804214217,5.380348556677841,46.8235614186202
0.6515767335653196,0.7521962415115437,1.774301514520237,0.25762268558777357,5.9963946348430985,42.40975848070683
0.3104690552923075,0.6527562466376463,1.7147544152672212,0.3988613099392506,5.646249544260745,44.82447613634838
0.7374880242339137,0.7937196029721286,1.8226429699960962,0.2940565730776019,6.041024805390128,43.34363086466033
0.38526143949302605,0.6148349289367532,1.7874325300031197,0.21227686259968295,5.811144067557947,40.8935520412572
0.1347634172266855,0.5372274698687873,1.8753094935761259,0.5519008386499354,5.6460289183559675,48.18525076419516
0.22849666119173856,0.5692519637230512,1.8927227479079787,0.2419252990564361,5.6752279070156035,41.57742579928079
0.23431406955343692,0.5519700687708269,2.149724966558072,0.22396331084052798,5.8201311962295845,41.34327447956114
0.3957223797686822,0.5562385265752358,1.9697132396360977,0.5374936149545577,6.042479304558646,48.73036919056012
0.45796132677535384,0.537964439402736,1.9197470662911797,0.5378646311753088,5.966887202820022,48.16998066064236
0.28024811172041175,0.5352296982224017,1.7895885452373412,0.21013128725968458,5.781212592187481,40.90714317012772
0.4534637352721474,0.6972416136812122,1.7720008729007526,0.12469845159982686,5.807523029197235,39.016151651131366
0.25856120453809445,0.48865084502753114,1.746009179328605,0.34902408274783864,5.764632683601048,43.818646390507624
0.10294493035712293,0.49020282799026027,2.058081312140489,0.40007325059269394,5.877047345281888,45.25533004075618
-0.26266559767511755,0.4880794035909011,2.3576535389555486,0.42846353475737486,5.564059820783439,46.03764654375617
0.09237577811774844,0.5939132628054968,2.0733063049517413,0.427251846677588,5.63410852749349,45.60329908975528
0.0896192604052587,0.5514853986858115,1.9169312364408575,0.3408157482082088,5.678346724125236,43.723812611015326
0.007841587814978124,0.5200073471324498,1.7452061948833484,0.26579423114931167,5.493655557509452,42.7089239000992
-0.17323794198348408,0.47129273135502275,1.84159001881239,0.3448968055512022,5.4294953200958425,44.75488365513908
0.11107004084225824,0.5131811109554746,1.8991504637483883,0.4449319768387428,5.59646721999677,46.06991905161491
-0.0028592618673951575,0.4799118394078107,1.7229843768201805,0.4268894486431779,5.595183798995264,45.80196783234913
0.21973386833959918,0.5696276140419093,2.0707141823658075,0.2194050217366265,5.766700521537868,41.15307508110281
0.4236876488468596,0.5859919544230285,2.2397758058871897,0.21653835621663395,6.071328750145641,42.27989827977629
0.28514457469834964,0.607102806563454,1.826541169220296,0.35439566028813874,5.649670787845855,43.869616302035176
0.06686537260454606,0.6119028562409466,1.7811635255804024,0.32148315526954074,5.432609092977015,44.076100467827445
0.2645528857971233,0.5410460287476516,1.9551358471250517,0.3255446990852771,5.8073643894637295,43.49743877856434
0.4538770869734654,0.5709363224894171,2.037645652926802,0.41204748881247605,5.994011857390572,45.87971459443229
0.36310296364420536,0.575986226456712,1.8473265091930005,0.35372929019602617,5.7923771194069875,43.862742680450125
0.4433431718589148,0.6348830062881478,1.7991076786296443,0.5143273402669432,5.82737989948875,47.18644357511668
0.6174775079523935,0.7005082025989038,2.236835150468223,0.630586237743696,6.160757074574806,51.28814691530839
0.5730160475090467,0.6417981470970396,1.8055090566187915,0.17252361729322055,6.026368229969886,40.87910301644598
0.3947051068468546,0.6953522255561373,1.5634819336467718,0.5988148131552552,5.671414320461072,48.961291428922685
0.19454207656995637,0.6533141728122807,1.8209983297979624,0.245648579230967,5.513430348568017,41.98717733642799
0.05208039499503769,0.670428828667195,1.7573806511347028,0.30017755898968035,5.391895646876443,43.87373965034456
0.25828008343578746,0.6821083296843014,1.6539324525771708,0.2624969167339404,5.514507080514352,42.23665777165376
0.4158290641901046,0.7460016840854388,1.741858440944399,0.424751108077645,5.659497768442803,45.13638136006404
0.4737871817640039,0.6844199553925273,1.8258893734622321,0.1780166098366065,5.815417323592425,40.120358780233595
0.17649307549616067,0.5803513589056152,2.146775323248521,0.3899419939477535,5.700773111446243,44.852017302619394
0.1108091380157763,0.5141340893823736,2.2398900939064705,0.5726426570890017,5.8416295716959095,48.834317926826095
0.042183534464811046,0.5777746178445214,1.983836310674045,0.24610654881436134,5.5096197964856835,42.15653993087858
0.40069931978864914,0.6493048651709483,1.699613069994711,0.22541161695253759,5.815266528158875,41.25580039194465
0.2780494141786967,0.6816526529854823,1.7094133709701518,0.1363015147599087,5.649790724814987,39.37121850696281
0.30733547493728336,0.6940974124070988,1.9897450796421412,0.08200497643789065,5.71433192024164,38.18051916328886
0.34646216217790554,0.59647232717724,2.2133468180405593,0.2254627738478455,5.980491446199649,41.92018224105185
0.3047281202292726,0.6520599794752411,2.1667621413188387,0.22263872779500693,5.8612695337466505,41.30254559275877
0.39987742087037015,0.5679170366507323,2.0981793492297216,0.1736670916791862,5.912161181021856,40.458879241554136
0.0772299357118672,0.5160790671019129,1.9006139399875686,0.17684578117039937,5.608873463196583,40.41438444904844
0.2782088430679075,0.5629665150770942,1.7456246093756245,0.10225067123006244,5.687952788624385,38.6119298201248
0.29185028478766895,0.5666175656512726,2.188665430775666,0.2064662388816994,5.887896310067106,41.13883798445399
0.21588871142237753,0.4690572631292765,2.1704456502605436,0.3327683282888657,5.900746784222482,43.913034781613135
0.330048980418373,0.6155353858351629,1.6940442719997673,0.1701248973453625,5.667627474885847,39.97305132774928
0.2871499602948422,0.5565265083605265,2.033385310080309,0.1540295722322369,5.820882690131432,39.83129906740191
0.2871499602948422,0.5565265083605265,2.033385310080309,0.1540295722322369,5.820882690131432,39.83129906740191
0.4294158031952236,0.6788996012927051,1.7717196790949692,0.08242868164362291,5.80949202316892,38.161914865267036
0.4860740993027628,0.70627376438981,1.6642180041789292,0.3973710346919361,5.820249341206323,44.72676102899309
0.3378553305506114,0.6101575080747664,2.063355288870512,0.48936082436516887,5.912960526506742,47.10917851212127
0.22261075567658029,0.5824078634497057,2.1851493206420853,0.4183848639071705,5.828707296042249,45.38976822835988
-0.2945372899070344,0.4078774477848353,1.7047731249259743,0.6875038422827935,5.391186876183813,52.28216188876929
0.4805675045468551,0.5895708781997104,2.072192643734576,0.30426787552357465,6.043881015987401,43.78644246212209
-0.1141405761108949,0.5959615146512186,1.8146410314014552,0.3340202079198292,5.257071927958767,45.742579762670005
0.45442449043780714,0.6207097986096438,1.8820018020717562,0.3737234298349478,5.938926840429119,44.74314026353708
0.1779633472590459,0.6370315853254807,1.9161269211248337,0.4974562476083671,5.660936497037232,47.1481180531799
0.2902387343640494,0.6689367610055973,1.7514433247037722,0.40079264153840255,5.633794257553844,44.910340409661394
0.2347683411437111,0.6455182553536704,1.7597459878077184,0.23984932005168508,5.609238448408096,41.61608419373581
0.31478391883691414,0.5581814613637175,1.6103995721582418,0.23218331372268078,5.6994976487445985,41.29103607925117
0.45594766297310935,0.5509729940433293,2.1353663950328707,0.18094052083243195,6.049036562243993,41.39046693096396
0.5361962501424086,0.6466212429638688,1.8921067969079013,0.1414305065896697,5.927106358599392,39.67688462930755
0.4032894284043521,0.6559176610386881,2.0449117974940982,0.1304488383758159,5.855898711702196,39.338879738831935
0.35053082730097007,0.7064261553541908,1.9309584525081323,0.35145358127922877,5.732281609728513,43.759501421501355
-0.045553716833254265,0.5030698036111783,2.022985189748443,0.5205927656942103,5.564405532143392,47.855910104264815
0.2700642804477821,0.535713515749897,1.96911425065742,0.1575799250017022,5.80212447915946,39.89789314761071
0.28471889696465696,0.5620961096129835,1.8666590381230848,0.34038562742601886,5.819075752004288,43.693882780337574
0.71300123083575,0.7448710784757557,1.8050586643633593,0.39775426320031104,6.14947393552324,46.34222413024509
0.3828951197124379,0.6525959339742988,1.830619128867239,0.6987216217780413,5.804188613704267,50.971049265780835
0.19830128067395686,0.6149898023174404,1.7759345896787604,0.48682179176726553,5.642264120507777,46.684000289839844
0.21763396159971915,0.5739751780630437,1.8323560182691225,0.31299584365787625,5.637075822283987,43.14005231300569
0.3726545150951134,0.6687077982559994,1.9324755222714116,0.3514261182099724,5.772423704345667,43.76326285042582
0.43784947585254475,0.5582026383233022,2.1316661443987774,0.16240642328453092,6.050030886380059,40.929540333876346
0.094039093113923,0.5312012788883314,2.13499957296916,0.21340304729668338,5.693822628756624,41.062316610612655
0.4149965678200205,0.6867440518175801,1.7651164061761873,0.2637510608248482,5.757003387096275,41.865493267914204
0.36053356336766046,0.6393302854277801,1.8455176589512117,0.24473420446166147,5.802592516357066,41.57595147247679
0.3422592354900314,0.6441628863840518,1.8539299740762247,0.22888362171256144,5.745860398885627,41.207188385209705
0.3422592354900314,0.6441628863840518,1.8539299740762247,0.22888362171256144,5.745860398885627,41.207188385209705
0.3181448908573868,0.5844376750166257,1.5591077299041418,0.23219079488587308,5.652621469282421,41.24183753686338
0.5337615816943828,0.661357290344319,1.6366690093574836,0.33375171115837665,5.89764171734426,43.59107296073477
0.49347764330500576,0.5979761886572721,1.874681580417353,0.3772482874827382,5.917329722371216,44.62252790781968
0.0058350882587540065,0.5227932732767134,1.8995658706114005,0.23294020934584572,5.522023044715412,41.85716368521328
0.5207635690238679,0.6514927475496096,1.7160461104195526,0.3152970994594873,5.91043605643277,43.22476531655696
0.5921795420574463,0.6369762652777626,1.9340286669622326,0.2993506525362399,6.034340575486995,43.56444988574278
0.16592671072772575,0.52436304746702,1.7373486916270253,0.37932964219217463,5.738577756527896,44.486848608086
0.2335849387059341,0.4729451164683415,2.0366250155063423,0.32854515940635287,5.904223680213489,43.83775996065033
0.3934164201250475,0.5544160800192661,2.1631325248180255,0.20027843312685967,6.041320384600999,41.73527850871446
0.05448487271863711,0.5315272404464572,2.249147610410356,0.4786490225036612,5.8127045262396235,46.81654872736072
0.20427264240593201,0.5621699939871719,2.451149874766986,0.29004060500978973,5.960253539975342,43.279780094002476
-0.07649280499707256,0.464739486756405,2.394694182823292,0.4422590088425363,5.735854315546987,46.02069076661551
0.1287858974260303,0.585089477693861,2.3170143352767427,0.30685156847685946,5.768011911732055,43.07384161610505
0.362223702192351,0.6571748002501069,1.8192057407296551,0.6022652111819713,5.90080117727932,49.370409270532036
-0.0525045180127387,0.47939277452845064,1.9636356756444187,0.30409744853076587,5.565209135748293,43.29980658848478
0.34376907963229575,0.5786615465294919,1.772392921174411,0.3087670943020712,5.777262654178022,42.981343427141816
0.035088036207214346,0.5697258349491474,2.045173912891265,0.47486620676610847,5.61297917361883,46.65452609293641
0.24007657459110898,0.6128898910460722,1.8097811443987895,0.25388170517194847,5.653165673819809,41.86075166709318
0.12888002652720248,0.6480856384440948,1.855589820461889,0.2348511300597335,5.597851022211325,41.65762248508692
0.09030398964961384,0.520743268738311,2.0924523293999884,0.2300367233620127,5.656944203363291,41.519642655203484
0.4928203079585318,0.6238257639279954,1.8850985962053675,0.17952199064760915,5.886099806052593,40.364596157517184
0.39569403696061234,0.6482805174900492,1.8545538217404678,0.5847860124456616,5.776242498740723,48.55919935961681
-0.09230201538361205,0.6244492679728187,1.9076990212627467,0.1825518670270759,5.36450949244588,41.702034034199706
0.25575771806249925,0.6335900881049711,1.8038002985545498,0.6263263266175403,5.6383580155956645,49.55952967827781
0.35658500200200743,0.657733236156862,1.7948969243094561,0.3995482074801308,5.748592553892436,44.67915505962703
0.6853021592551224,0.6368841426413684,1.9115999618763597,0.35349437309079235,6.1530140545893754,45.49275837951318
0.3803017901008475,0.7112068188136573,1.7503189249425626,0.19140590131063898,5.6731319470152455,40.37931336511212
0.08829041853709663,0.46087832452849004,2.3871417707212728,0.5102938148979891,5.973184810203893,48.05187698149601
-0.012358415274164702,0.4606776224588867,2.4040226910982985,0.5176421868600725,5.880351602400973,47.8984848070654
0.28774751297914125,0.6471009337274753,1.8543262697233436,0.24378046120892305,5.775771325432738,41.552442151011405
0.47806231410169625,0.6160330076430447,1.8584008389594429,0.2602839018596093,5.920613678665542,42.18205718442301
0.22526671452580638,0.6776021480498181,1.7341953617971457,0.28154098910385306,5.49398166541706,42.81625528216249
0.33741093338114514,0.6336285889746418,1.6067160154152744,0.2955462174172716,5.59526765184789,42.672263700231525
0.27887582445409353,0.6872538048823901,1.6369410111460005,0.189530492311681,5.511125222918222,40.75830347424485
0.38953886874895954,0.6984179725448226,2.1783422376644093,0.22320044204854805,5.914080018748949,41.48367095894719
0.22523473612467737,0.674054125864729,1.9378989879791182,0.1216439636848824,5.623049041783589,39.11038263580523
0.28194876507549316,0.5268411544516151,1.975499819200864,0.3994338664517217,5.77086944355387,44.967581569156174
0.07188354549457676,0.5764353680797502,1.934513592902051,0.283678741974731,5.502913705484062,42.97511243516478
0.5670511366600272,0.492459191451097,2.082784189998181,0.4356843235069453,6.217766118777392,48.06230334659277
-0.15270327367957437,0.41724392470966476,2.101087056729852,0.49252421044414374,5.525332380842782,47.39694677084085
0.25915642442983833,0.5573548232787361,1.7669177758107606,0.15268404689491602,5.7030468885924375,39.67608120558905
0.07258212459519997,0.5379556454538741,1.9847217918362572,0.3255381854772271,5.586444335724387,43.60074206267081
0.14508313954063812,0.6781734615074685,1.994498147191825,0.41344225257493,5.562717919140059,45.48570105204435
0.33849386813465293,0.6921306236997448,1.6308526743120968,0.296914369308651,5.603730055241384,42.69592534827595
0.11441731534804256,0.6395620552667312,1.709549435189077,0.34542620830287707,5.4509493090279655,44.5159715073825
0.24835953478397454,0.5805422014117526,1.8017011716344102,0.31028529664630183,5.642491213935134,43.02470480007284
0.0013616947590668893,0.5354263893220962,2.0085863216676265,0.24472661261129477,5.561222554811017,42.037588732730335
0.23362738192640148,0.5388760052209434,1.8333118035842761,0.48240198767787534,5.734176847074868,46.68921897540953
0.5873685202249304,0.6558232129891971,2.0015379307263723,0.23156595289867354,6.0460816046927865,42.2267865358652
0.15800882273207428,0.5790671696112146,2.060176683117736,0.36182695175090585,5.664522030192309,44.170686200849396
0.29447731870488614,0.5831111004770204,1.7857952377026651,0.4214165907648305,5.733991286351525,45.24890042908736
0.21365882412393616,0.49452639721749564,1.81024562468751,0.5071578491475409,5.7277024401808765,46.973252126783564
0.3274409556617829,0.4361418458601307,1.9126406163616654,0.5758026824041933,6.040878043117299,49.63749617532278
0.3758952279200467,0.5298959058418308,1.921939469980101,0.2674575984741872,5.866281120516348,42.29417942306297
0.26175673371732056,0.5274595206477319,2.0271876068646373,0.5016067512897057,5.867981953157782,47.19262724321118
0.44402234742284047,0.5548867038820104,1.9795950642582196,0.24604711102133045,6.00080208383226,42.38261650340995
0.2810430016733473,0.5836562075281371,1.87929355989811,0.216352723591927,5.683294863397731,41.012237668547385
0.22396238548612862,0.5097752520151853,1.89221414902831,0.28494656651552397,5.743036534609349,42.52220144683946
0.6501501688736393,0.6584165302988833,1.9805497808841535,0.20069958675783933,6.11912261673905,42.06196896630403
0.1650916979956465,0.5418450346505882,2.1004252413998366,0.2885248876303106,5.770837944024182,42.704484850229996
0.07598743206689051,0.5392063660753658,1.9954888653496665,0.581233543218306,5.671723080200549,48.87509378070304
0.2336281585422137,0.6790480394554407,1.6182261583059214,0.23966685810720187,5.562392357643983,41.71442835161227
0.29641660039797596,0.5850700078693988,1.834075218056002,0.277575921009267,5.807584587149998,42.47501561009222
0.3488019190451369,0.6111110835266127,1.6865109132399252,0.5527590829161437,5.735015908420549,48.04518403084614
0.2967017704230621,0.6503370836481979,1.8792154475165666,0.29046867721244485,5.726981444060229,42.58789247098213
0.4812617325724143,0.657611910730442,1.783757139503262,0.4237716026212507,5.895254842144498,45.43838078932114
0.2542968458765307,0.5811380855248055,1.8097806491260466,0.20955933928829196,5.694150049770332,40.882683585674464
0.0660547715397698,0.48774196895648303,1.943157841527279,0.5089354118383994,5.676352076796483,47.17831546505701
0.1827979623073,0.5744976518234466,1.7079590347529012,0.41700198674686373,5.596772879026071,45.30008155892498
0.6887285032575888,0.6978275574664664,1.8220034504947198,0.39004374023436444,6.109202642414703,45.80730248654755
0.6734416378787781,0.6696439003041914,2.0606568704655586,0.26421587328691365,6.138065095855357,43.52027122990981
0.3658876600549278,0.6088738616044207,1.950056710361294,0.5410357450183045,5.867387346211308,48.01119444201525
0.1683203956625372,0.5168615614661918,1.8023983860620403,0.5749364641269789,5.697750782959808,48.70096101966337
0.05878679382500873,0.49940739602916134,2.155882304666079,0.3305325370323497,5.733190312722716,43.51051825709843
0.46331488156477263,0.5898719110980182,2.0296921423105236,0.17130840376712128,5.968635895885169,40.62224150395674
0.46331488156477263,0.5898719110980182,2.0296921423105236,0.17130840376712128,5.968635895885169,40.62224150395674
0.41628634444949486,0.593963918619076,1.8853628090693473,0.2611354907900833,5.846097328468311,42.04509718508734
0.07616996322094349,0.5193923940302673,2.105107675340669,0.29272171715715145,5.643488187546675,42.788398440313856
0.5308991364272457,0.546603367039207,2.1477682032883343,0.30509712371021547,6.21623898803638,45.30539228593206
0.0475964597352726,0.5330361192757797,1.9180160428020827,0.3719614754173502,5.583817109734005,44.63904788557713
-0.023774245102100355,0.5160474266722395,1.7040486860352133,0.35751733795496105,5.477802394003016,44.64783750215741
0.2068396441034746,0.5698870400153776,1.8381154241955275,0.5449276058112236,5.620326392941038,47.91790765217944
0.555143374135932,0.6354102235528751,1.961333036225987,0.28806571341977355,6.063006473649487,43.515754756479325
0.29357360682621425,0.6418551247978014,2.3819606901236026,0.5408413422527223,5.934156920334006,48.41320484939591
0.5094255249300215,0.5528384458857534,2.058514252493393,0.25958243972772804,6.138149627841012,43.58141905932155
0.5802670971825099,0.6765453304245995,1.7481725010480815,0.16413813938795607,5.918156920158808,40.07388944272782
0.32423537591580653,0.6630098847303816,1.841097609185634,0.18081122302022332,5.7585106995830575,40.23252944048498
0.14931038974594135,0.5005359402092955,1.9747070643103128,0.421888149618501,5.806712315722267,45.63060267035158
0.16615567704680256,0.4416588190320353,2.561277676953222,0.6185549888991937,6.11598484583663,51.421347536326685
0.09433189624747473,0.5402109384428726,1.9789018899421231,0.28293529598879397,5.610707261316577,42.660973147338886
0.19248868572797706,0.6169419265125569,2.179464287185989,0.40076753271927523,5.781349715896506,44.99267587441373
0.2925304042568349,0.5759729448013499,2.0335532893273474,0.35336137176766635,5.831651118976515,43.959593486805794
-0.1696621977974322,0.48745992919865827,2.2030972396351105,0.6514956919410347,5.638761166392905,50.51033689853787
0.16609223243133253,0.556261894309301,1.7870874961696928,0.2594566115341019,5.612810441120497,42.018500124004255
0.5382387264657718,0.7244224426818587,1.8971824780491524,0.5337023927400982,5.9554954703184375,48.082132716744354
-0.03850718900688088,0.4931349459067784,1.8770895312418865,0.4791594850277224,5.474379056754164,47.25105015181782
0.4173324974930863,0.6916318944532571,2.2555931241283615,0.29715670503530306,5.995781388878555,43.45720941490871
0.3667098299892361,0.6192509412391589,2.1105948018709095,0.2392101884640038,5.924988604275349,41.881081124530205
0.3875497936919214,0.573034842741519,1.7631305123202299,0.18987438157078393,5.81869492281402,40.50680859016633
0.3531302634238458,0.585421156191738,2.030132708974016,0.2680075805664377,5.8392507969126175,42.184632538817176
0.15018484188623848,0.5370682406018573,2.5015808425803288,0.3297952170565724,5.914341154197158,44.087684418547354
0.2095011837584254,0.5218604651726104,2.2765616856083923,0.5360903437289715,6.101120334643731,49.24917840436918
0.3483458386398931,0.5136268598955008,1.8781701189319615,0.440941941931279,5.87965025562227,45.90741135602071
-0.13605038216668075,0.5122065482563518,2.030892096738044,0.4860266694406885,5.526745921878344,47.22282623009688
0.32064403057590946,0.6690960619017413,1.933409163256069,0.329475016573948,5.748594576617734,43.31027362662351
0.1977541707259754,0.507807690672173,1.8694440514645687,0.39989044201256235,5.6894599810648,45.01483899978168
-0.08313021402713539,0.47533473140967647,1.9263064552367561,0.4798017703645009,5.453125887153558,47.447084764098754
0.5601548540899897,0.6430252023997923,2.069637719932127,0.37183309205258624,6.096375383374211,45.502629235460994
0.4427139805502149,0.5978078779505103,1.59618702130187,0.34366956549757005,5.778630366064711,43.49330419591966
0.1828784049516184,0.4845880577599903,1.7824514795705313,0.2671391629053746,5.645589591487825,42.19202368220655
0.20508588111636789,0.499578872965906,1.59530595589337,0.6304347344186687,5.6206182991841125,49.75534566133396
0.3580409113820539,0.6680683416714254,1.7682062462889583,0.28781160748000634,5.687482529738703,42.378190914195294
0.021803907170767856,0.6089581829277271,1.9591322150304769,0.1949154902051393,5.497125203657426,41.14587140503473
0.36214743133716615,0.6181271933759148,2.2535157491872733,0.2553189853809128,6.013353644371458,42.65982914523324
0.1451359231391826,0.5941988220592898,1.7206239395172869,0.22821215896604335,5.550495143479176,41.636521113643084
0.6152473002456647,0.6791534542630198,1.8624658400786482,0.48815879285012226,6.006845464560442,47.28797469681469
0.14499049258498986,0.6556150217029088,1.7538920977987977,0.21708249266074228,5.4633834069105065,41.73463679373502
0.006840406270187671,0.5816938541774239,2.1197766320444043,0.21089520852348553,5.58317548171254,41.30733711538868
0.17199954773726567,0.5597701176402485,2.081744145198198,0.2250824755294875,5.741379467826464,41.35770220918589
0.36581812226774885,0.5702679128676267,2.214742684643417,0.3841387183031839,6.03366652817456,45.59800579564593
0.12512850319160107,0.5694386739391285,2.0987877390813767,0.4234684364062477,5.654321499273373,45.45377118261292
-0.050131134493414775,0.5498783204010271,2.079177807827341,0.4288294847409078,5.5623109715019154,45.96606277001855
0.2583273022317333,0.6669154749631918,1.9256256917308499,0.376017711091899,5.693913961749539,44.33464582280227
0.21096486761846944,0.5267069781370662,2.230181818019367,0.2231703150636299,5.836640791551418,41.41354220113171
0.21460495908888033,0.5830494992135076,1.576751295592274,0.2477655485567638,5.509293298588099,42.042130846443996
0.683279846705755,0.6575906155701094,1.8372013025203575,0.2410493335644617,6.052579203927456,42.38330314745599
0.46635400865446325,0.5533691241528523,1.8137270515234243,0.48494949739971455,5.993798915324201,47.370100240499376
0.1926532393395204,0.6300302191926579,1.72674691011291,0.3025342441784771,5.580383305256088,43.04562581256002
0.5049935846664662,0.5792853410215097,1.9818593075519817,0.37970752603805763,6.088752665712079,45.7449126217259
-0.10294957812698635,0.5096277423801128,1.9462700102600377,0.6150460725471232,5.67273401367772,49.535278139678226
0.09308995468409254,0.5809898441008298,2.0846470403023947,0.31825335793617,5.745381497055875,43.30408799706778
0.281720885176329,0.5674100231723496,1.89052479123492,0.5196164181728727,5.703080917987142,47.34156375562591
0.18180501997709514,0.5565981017918453,1.9321862685635143,0.27397831915039694,5.618468958652347,42.32458606499154
0.3130243755509212,0.5804625904530525,2.304410562233146,0.29919026825492273,5.958918584783744,43.34250909881121
0.2345544006457908,0.6301326664786805,2.1908194175503417,0.1348693619960587,5.797235752172743,39.42818297977065
0.13018572827648583,0.48967038665696344,1.71242448796047,0.42098729217522846,5.642888968794361,45.36084504845047
0.08228211347781222,0.6486851071368369,1.7229155118941262,0.12529082707853398,5.477802981446802,39.7554565288893
0.4156732580912542,0.5816433382013015,1.9474368436228888,0.19276350023907018,5.938026557878528,40.92594869330633
0.4156732580912542,0.5816433382013015,1.9474368436228888,0.19276350023907018,5.938026557878528,40.92594869330633
0.004737774511926918,0.4051983931315256,2.0592037535401304,0.5375346769390101,5.711862186675448,48.02122552796594
-0.013167491935799691,0.4862476264493605,1.9455569434160567,0.2817818413734934,5.549314794348923,42.80936920768647
0.14714294088752222,0.5609476223204528,1.9558027553131017,0.36234152445148826,5.656108992844407,44.118540788295554
0.25465341985494483,0.5650717902654915,1.8853668025030519,0.1709941689712169,5.718721119425324,40.06465034475366
0.02084241964891842,0.5523666379705382,1.8716534575867207,0.2322725228514327,5.573435525597518,41.74538893934179
0.3948811719457532,0.6352308993187106,2.01882260901976,0.19320083007851385,5.85615128544347,40.70751908898835
0.35111871834417535,0.6086645404748526,1.8561450199393692,0.35550219591154336,5.831981434088192,44.02201047443911
0.25215207324555633,0.587649276673308,1.976079238395812,0.2165496551857123,5.6970754250306985,41.01550330170088
0.2942514611950113,0.5955582565966764,1.9537430985069615,0.21820061702059582,5.70279565119617,40.99713104605021
0.2942514611950113,0.5955582565966764,1.9537430985069615,0.21820061702059582,5.70279565119617,40.99713104605021
0.2942514611950113,0.5955582565966764,1.9537430985069615,0.21820061702059582,5.70279565119617,40.99713104605021
0.3947975174171002,0.5911528577982816,2.0164629657902364,0.16308135907605595,5.9215979554137315,40.30319406481388
0.21165137188674443,0.578339156754842,1.7976276766036607,0.2095731972807342,5.574401719040994,41.04539146687581
0.28952482989853157,0.6555098196006952,1.889544660072939,0.17761341979237003,5.714900874161316,40.19618587487619
-0.24399702858508,0.4803743531234996,2.3450941100582647,0.46290072757243433,5.604482755221731,46.64884675036488
-0.034559836667150345,0.4908486005563996,2.1416685652583674,0.29212859444340317,5.670442016864595,42.81234826553533
0.24281933111055504,0.5707430140870894,2.0631454473926416,0.17250689403059355,5.826785681889608,40.289229665484704
0.3388480846675839,0.5636591795491814,1.7293450308716511,0.1306307785641619,5.779369562955052,39.20653159143921
0.15499749423969789,0.49100044684132604,1.8897482653594941,0.56825601006175,5.772758028857663,48.49735794664255
0.4697424530727257,0.6280181708993173,2.009379347409899,0.33416903084779925,5.958862222658286,43.955215511485804
0.2835496697039016,0.6334806625599276,1.8868231302774698,0.15976306885759783,5.728282667019656,39.80038738327291
0.23712942186018882,0.5152285719207601,1.8211536622291544,0.34668457850468504,5.700786363329036,43.724916257372655
-0.16491500709330875,0.4069194432569865,2.227643170062794,0.45499506768934916,5.648003582950026,46.32777084632909
0.18416577976938198,0.47487743844257635,2.123310483763064,0.3847324003179856,5.867050748428822,44.87469656739359
0.3365787450076091,0.5492641995377996,1.7406101972754773,0.281584982216154,5.856369564190349,42.52979137060919
0.2115725170427616,0.5422680312183353,1.8296641440525114,0.2178316426372499,5.623599430882545,41.18712715233596
0.05210170136378123,0.4759633913074122,2.010271842319235,0.3979542976371963,5.62642668532147,45.04102896005969
-0.02666364131314003,0.39836209383745697,1.8914205887166111,0.4744570270306187,5.669923156569344,46.71158566331556
0.10085159133350496,0.5515449097946784,2.034041836911418,0.16785068188124352,5.650193924350808,40.192368174527154
0.5285948252801849,0.7083478397675217,1.75848980730189,0.2643705676277247,5.897493809665612,42.09110253590569
0.4482128933204457,0.6459952579920964,1.6834353790422323,0.21332363767301937,5.782491699624794,40.8253866732923
0.26468964875707335,0.514322764841522,2.1053191293314155,0.3507452186438485,5.938806451563987,44.436696780699286
0.27194737582283646,0.6029006393925642,2.270872233245292,0.3483056235176777,5.924565408039964,44.28315782382352
0.1738868681724426,0.5476728397861729,1.9993294164850248,0.27282952446481845,5.695712366062633,42.260413178137576
0.27260982965957037,0.6852171382041006,2.0969547297163342,0.32467784094578594,5.744793908018183,43.23958500020362
0.2557524620918237,0.6267560644290734,2.1771235945877763,0.24858303152067232,5.7856973618989365,41.84358372929175
0.14111266002709666,0.6366150432482415,1.9792761976954876,0.44632588019644226,5.639941493850998,45.94881264352385
0.5720143429441811,0.6434340867030633,1.8024268412161553,0.13937919693790063,5.954914382000464,39.76259748656318
0.36608772907972303,0.7308013492446529,1.8262762913972486,0.16300482918434397,5.686327206509715,39.747493033043284
0.36608772907972303,0.7308013492446529,1.8262762913972486,0.16300482918434397,5.686327206509715,39.747493033043284
0.33011540908148734,0.6141589876604542,2.124466036307271,0.20502151928181447,5.8980164557827255,41.10781086022001
0.32083721078041094,0.5072470255851345,2.0347995787990256,0.5534874495861541,6.163421374078667,50.027581598095054
0.1791103005870911,0.5811499956771804,1.770091220798562,0.39060341798206366,5.637633860135717,44.72899607049401
0.41817172681602766,0.5939371637300599,1.6801941852594982,0.26493648598524566,5.851564545579435,42.075390965080494
0.014259984939867021,0.5135111940792588,1.958292214180898,0.5242279178129848,5.555943367702888,47.902149173739026
0.43659623124059216,0.5311472720639511,1.9172286570555617,0.3582768992433404,5.967303605324973,44.54097369618579
-0.12493869053486423,0.5462323375996586,1.607991248370698,0.2696919800773202,5.33055665928961,43.783622706185454
0.2979711551801264,0.6485498815593023,1.7580041455160584,0.2963944661413148,5.72400267410576,42.574133806962806
0.2979711551801264,0.6485498815593023,1.7580041455160584,0.2963944661413148,5.72400267410576,42.574133806962806
0.4856783051158735,0.6626433749407067,1.9861915471136453,0.2757947954448096,6.058616264921339,43.3335980787014
0.09425009390742656,0.578202119299321,1.9515991583329235,0.221060115945383,5.623317156291193,41.34324474590576
0.4393219455391518,0.6089158985470373,2.3188121015622274,0.25685963483928986,6.152658633271841,43.66055565071443
0.3482171704591781,0.5708143166627715,2.0851635578458496,0.37369377765753287,5.90636433206029,44.77810062593822
-0.04561687591625074,0.5436959270287306,1.9409830275282212,0.2961782177473622,5.49428970112712,43.364320798302785
0.09349243816652508,0.5205490512321516,2.016292336420208,0.48418217384792694,5.679248963388703,46.676684827873146
0.47658101732366737,0.5363972505948428,1.8392702753823702,0.4219950070172924,5.9561306150831985,45.782385489415894
0.30812235042491515,0.639350126996718,1.6731394910988653,0.47869358085382685,5.62949859654944,46.44188326695885
0.2429404096870963,0.6525697977202275,1.9235938588174901,0.52486067406888,5.666859475234368,47.44095350560779
0.39530383524423246,0.6851941354849957,1.8155275278934697,0.30039003756694826,5.733359544776838,42.658619763470064
0.007006582973898334,0.42922159249758834,1.8442635740464692,0.40046546395179733,5.636043407816475,45.147518656093595
-0.047215880398643106,0.41376686379045224,2.0590452111656017,0.3021837277194455,5.6315335012561905,43.185450313654954
0.3333895114241264,0.5788703750261999,1.9951939674855057,0.21278975611862844,5.859322609212364,41.1280297745502
0.27156380710515643,0.5741696833889425,1.8471518195971899,0.34111276197747714,5.734077263840204,43.614948338819865
0.3161591867411,0.6493675843211185,2.175144873916109,0.3000128332233686,5.829611668223835,42.81352973069173
0.056977535570505,0.5161677326766928,2.699098725099984,0.47375920291980134,6.014807597672717,47.485809453647484
-0.15130584874775221,0.5261062569163307,2.4534281132603537,0.4266579455408481,5.671008788315867,45.80794932300703
0.09773106545327093,0.4881532150091877,2.1409212057565545,0.21766982108532976,5.731034184992261,41.21518668839596
0.10453267287387236,0.5261768126267219,1.8903668014977444,0.2221579402585664,5.582486171043255,41.40689120695071
0.29444079871537476,0.5089592113036203,2.0418769047961653,0.2528717242699886,5.934992228634477,42.23480554117891
0.26135486026379395,0.6083113560190789,2.1404926377945763,0.09455433081426333,5.775553348271551,38.517251148592756
0.18952746320825054,0.5981271323250953,2.0813768526320446,0.14643510996536777,5.742196902248742,39.64488079735328
0.05661707427764617,0.5032483451138262,1.7179540765279229,0.3548987581454771,5.6204642028590355,44.22010322294392
0.39116924422864097,0.5272994494259392,1.7278818865001937,0.423350210698248,5.848817076819961,45.389292308115486
0.5228114657139633,0.6741822739805705,1.945765181317897,0.19533053291571395,5.933682056468764,40.873383542756706
0.13703458095309184,0.500903541992759,2.154704998814864,0.30174598963069604,5.846631579881548,43.16349166066493
0.32672357645844724,0.5476029912706685,2.0995706582927944,0.3427884507647774,5.955101945640472,44.224834650435135
0.1095096849653221,0.43682229629494856,2.151025739777838,0.4673573463917722,5.879286453693554,46.72368169578163
0.15364524126428136,0.5007108326174058,1.7861090935401573,0.3187911634604325,5.6147716212332135,43.385088526467435
-0.1330151042588834,0.6039662213375702,2.066991523036185,0.28891320447277746,5.455014899935361,43.51687995072011
0.4685025155402748,0.6318217343326916,1.8657963823861357,0.25265680041264715,5.943420928794373,42.172816508485965
0.1025940857714574,0.5165240002906778,1.7744022293376598,0.20855793597568695,5.525707197765292,41.254309737503775
0.35853632992546136,0.5317105690186407,1.8679527018524285,0.2734730248664427,5.873130342339258,42.4131670395621
0.13817360521769112,0.5828049726369786,1.7220743017570157,0.32790416053381044,5.505379989783862,43.92025525730646
0.4485517168452978,0.6332778285850108,2.0683897708994694,0.4788414371511704,6.030536887996797,47.415697841815124
0.2720027007851513,0.6058899826605387,2.2278977674332987,0.34853554387583086,5.8319376611526135,43.94338604195847
0.6104189940463365,0.5994008166533658,2.520288154880876,0.31273574192036374,6.444161605408478,48.28632269024588
0.2550229315219342,0.7227616180037019,1.974015506663683,0.22678734696625197,5.680263612643898,41.23145093976928
-0.07178486283702534,0.5905527452382809,1.7990593627657483,0.12462267191341563,5.343911839393372,40.63125910822258
0.25702571694528886,0.6310375260643868,1.847866977717458,0.26340363989287585,5.664583580023444,42.05182623920392
-0.13159984497579857,0.5290023506364311,2.0400363283747636,0.32848296501096697,5.441191314175511,44.353957751028425
0.3373124714992425,0.5491249964102153,2.1741627944419117,0.4208955453084333,6.0663844650222085,46.553813050871454
0.36561669127571006,0.5714228735685755,1.7163580811235999,0.15508421623662738,5.74772379073782,39.655478871677175
0.38450465008297263,0.614790671973426,2.1245004379461765,0.3581546596700027,5.926610368361633,44.38934054122466
0.44635985542771484,0.7482382779578309,1.6817447599239428,0.3421777229519135,5.738026041017315,43.49878412354779
0.09519222181627418,0.6310238565423204,1.930356978195909,0.33724025112338324,5.523357739787266,43.964554842728504
0.5494218006376115,0.7268251456023868,1.9526318871706232,0.4167905927084393,5.962216034381237,45.545194564027604
0.2553649120309069,0.5894284802706545,1.8277733558967904,0.5911403949206823,5.651556966998427,48.95001622427534
-0.1530924450562524,0.5018482494632076,1.76351005956464,0.3018712182777332,5.395789836415357,44.03966010656524
0.5038033169178469,0.6756801945540969,1.9428793319061786,0.17885205409739177,5.925805880881702,40.46748503908896
0.13627342598648706,0.6251119805311935,1.837911152564247,0.20165262720150542,5.55245095502005,41.01569498032253
0.4889664532750477,0.8178861306370895,1.587068793865149,0.3197979898905546,5.704468160871592,42.9405151918275
0.056787127512754276,0.5813707109889478,2.17708335112773,0.33216546749629466,5.656374453825724,43.58406518521662
0.056787127512754276,0.5813707109889478,2.17708335112773,0.33216546749629466,5.656374453825724,43.58406518521662
0.056787127512754276,0.5813707109889478,2.17708335112773,0.33216546749629466,5.656374453825724,43.58406518521662
0.00044509222414401695,0.45869796036750893,2.4146840118366852,0.5447303155892474,5.794785148820788,48.23223238460534
0.2985181649468943,0.47045166100704694,2.3861507078211366,0.3189977566776423,6.106308573380495,44.78177609775542
-0.11929718737678896,0.5223868962092356,2.1269125902437658,0.22926494493798005,5.554649767801198,41.83384871368425
0.3319035469168857,0.5735371780998577,2.272615891172094,0.2530983881475603,6.051674464345648,42.989180718346745
0.5520912732545529,0.6731491350947769,1.8898092129229138,0.18174504222707333,5.941385003870941,40.62571667037348
-0.00951254034217175,0.6349851860371676,1.684589601392202,0.21360364117734748,5.277426670578551,42.961871763480126
0.4365208183768189,0.7337715910542502,2.1386495600678592,0.14886585432858335,5.932677655355202,39.997835044615
0.2391017582369378,0.5405874835394704,1.6484860703848627,0.3277097768183776,5.649016189479843,43.3589323088619
0.422254429710997,0.5759419910701313,1.9420082012778135,0.6104726976815026,5.887507953394213,49.37081798135872
0.5961819360294854,0.7742527446328883,1.6110919171324272,0.5914446580595354,5.862539033495227,48.82047304436484
0.21400288163838366,0.6217092574354376,1.8361290952276734,0.5535642415970576,5.568712115924703,48.17616481899971
0.24023921320723873,0.6533444749165224,1.9768719911816153,0.1258531208531187,5.642039461469707,39.1397111975752
0.28448617735293036,0.6377952325773436,2.208615607985984,0.10702682900128141,5.850414143691132,38.935317535379234
0.05924273841439798,0.6389752689061943,2.18225600344655,0.21753325115841293,5.604870639639898,41.24954707264066
0.29321938762506433,0.5915995693076298,2.0672439721955413,0.23430614851113457,5.8770900001561515,41.722000330164484
0.17845794344323485,0.5324843079189389,2.1961822126268618,0.19267953379747327,5.883147806957551,40.909636253690415
0.21341633404406174,0.5888297570010066,1.9484784583085517,0.20846757685311404,5.7094536805778855,40.911780666644006
0.21341633404406174,0.5888297570010066,1.9484784583085517,0.20846757685311404,5.7094536805778855,40.911780666644006
-0.09736784045723612,0.5207677497176059,1.6796059862143269,0.17431573342079643,5.358718884853747,41.567703231523424
0.47426418487415783,0.7210033326008668,1.8364091678280654,0.2677914172125695,5.907988528990606,42.36274477941326
0.38416961793422744,0.7262564200989313,1.7126346002300452,0.28170413665904487,5.65317819969209,42.279513267680215
0.23038243624728383,0.5390468054732255,2.1562796345982482,0.3074929890084262,5.811661000005816,43.06573441741491
-0.008852588546594653,0.46927055525875144,1.9078396497858614,0.3441104650848328,5.566071261580141,44.046563967522495
0.2800129844640723,0.5145424725077002,2.1399847428643444,0.4988200693809661,5.975016463935341,47.73301282371309
0.13080890237846077,0.6069683290570993,1.6232701252412973,0.7754314735302859,5.4303588915101235,53.35241930400006
0.40896025584470913,0.6606892787247836,1.799959741256768,0.18227072356794657,5.810744557302275,40.25783280227476
0.3174932129735507,0.721278694772451,1.7785713051042986,0.17855251914164208,5.599671288653525,40.22724755492085
0.5013971456791707,0.6747317050595162,2.1178251513709543,0.43250265171535607,6.000115540539074,46.312483195105436
-0.07440218824212563,0.5659506252125971,2.246127333658499,0.5704153565592295,5.5378728376350885,48.97422091795769
0.18041638718026332,0.5575471152366632,2.2360003980130942,0.34089862641922586,5.813450211890345,43.82605296956125
0.4329693844262521,0.6093230408982445,2.0312733868964807,0.15992048666210004,5.903771420441219,40.102823560347964
0.0666074966088267,0.5135071907692915,2.0811493237864824,0.5492524569130617,5.851469415037306,48.417249214415875
0.12476287952705079,0.48815157239348245,1.784647532710757,0.3287888502115345,5.58508456020937,43.671894436020445
0.3201776017475511,0.5284310714833402,1.953771431617076,0.2436169211247399,5.881666890422086,41.851942652611896
0.1948878335371929,0.6959583787024042,1.8734977127357413,0.48549346075425787,5.578911739453144,46.89666691578807
0.23962422385152188,0.5370851037164822,1.886488233398179,0.2059956118791932,5.806668212124985,40.92134524831912
0.04427956270678135,0.6104787982654779,1.988455563616122,0.12779808950467048,5.514112612918868,39.684457182433846
0.48570553483606776,0.6772113327650136,1.6596078885873804,0.22606557039906233,5.783307440047736,41.072369860575364
0.1685784501782011,0.4589438270135589,1.7940281112378493,0.4949132899655036,5.737860214116921,46.882518658492344
0.33940919801072134,0.5940620992354391,1.6997086818587908,0.3003745513152646,5.7254687781345215,42.63513398528613
0.2030241218770194,0.5264866790177383,1.9060150801826112,0.37659230616622963,5.789762453204647,44.59287084251628
-0.05605353822817871,0.5346918513659977,1.7694014181942206,0.42011740411849025,5.50739130408999,45.965782515368815
0.13314009859201725,0.5530882015989935,1.940160794214561,0.3532191713988413,5.820209454737748,44.18092292784676
0.15842427618495614,0.6643540664100583,1.8785988662428164,0.1613541650813441,5.530449813703765,40.23767155765301
0.4918007353164509,0.7590690939897897,1.9654522478398273,0.21749120926576052,5.9094490852532795,41.25311559064605
0.5742380571590069,0.6495169557948216,2.0093920802456053,0.38996524041294783,6.063933898373248,45.627950391058405
0.27166124895282506,0.6764003735181113,2.1696595359276456,0.4164950070216965,5.79319158740417,45.25499191866874
-0.0002414429191113232,0.5706137048349808,2.0422841121032227,0.3236865666403401,5.495993855353142,43.787829127820565
0.27041230101623603,0.5519162722132883,2.19436287626865,0.26890927646995605,5.860203930203316,42.3799773830256
0.11678414284306238,0.5001572469434888,1.9196277770729915,0.237846917075238,5.634398689862409,41.68731430495667
0.271514476866268,0.4842909172946847,1.8787512724452435,0.47267556589209375,5.938974641168657,46.94172865393575
0.29876468981196447,0.6147372932614094,1.6038350476216323,0.5759226444306245,5.56588341298905,48.64813161364663
0.17544023389689728,0.5495286266978041,1.931760675120509,0.4917969321584277,5.725541957130866,46.89064517941041
0.23907883537075825,0.5818243775136441,1.8232664650221062,0.19025208309848035,5.640056866471203,40.51152625572046
0.23907883537075825,0.5818243775136441,1.8232664650221062,0.19025208309848035,5.640056866471203,40.51152625572046
0.3967268588122404,0.5189921247478432,2.143112442285261,0.3025385466131686,6.061624511235507,44.059131476060294
0.5238217376131373,0.5217504944382444,1.9701512806361627,0.3029906068334249,6.104905752152031,44.27886265450447
-0.1670433707447092,0.5072728940947477,2.2607063057686174,0.4007911305989329,5.5416162587816125,45.449521763459614
0.2955862377811824,0.5945090671898925,1.8622619809197196,0.3294703359801802,5.712278317689825,43.34715477037894
-0.050067412085277874,0.4798515828006449,1.661501408142097,0.3424085928252592,5.442634047737097,44.63870978274612
0.1922891056259362,0.5393479149140309,1.8857786509364542,0.19346934951541683,5.671160291705997,40.65698432347881
-0.08694428271291532,0.5217513540801039,1.9204491779258097,0.3479113951722616,5.411438312041649,44.77753390138837
0.06025089718873461,0.5156945803663788,1.5870443029205714,0.26681232337335725,5.455763123036032,42.76979254288238
0.17417556676342577,0.509089629416199,1.769777471377474,0.3067867215934763,5.613980371122317,43.042316410278154
0.41842540407418305,0.622025328888792,1.800126035577166,0.38288528926983584,5.864296193574418,44.60163747194268
0.05658473321085966,0.504732944082776,1.871874259027625,0.38451446526932137,5.674021260672473,44.69734698264173
-0.15041033329202758,0.4736015010130074,1.8126567510297484,0.2825818613387642,5.41190294687139,43.52883312232955
0.5375725765535695,0.5779024553666765,2.271408986734039,0.11700439920061173,6.201621632072521,41.205823729464406
0.2967448990098992,0.5972890224115821,2.2812850531854925,0.2074194730447891,5.944881300559539,41.389178346236974
0.22310295974308858,0.6708568894313318,2.108882224644263,0.33470022662612675,5.725975605380695,43.54005725736769
0.12441276732853257,0.6291008022816484,2.350284655129964,0.5293417519532436,5.805914858073322,47.800581143992694
0.3721882969942444,0.7427833644431071,1.6212239114506672,0.32249518354510404,5.633661881021238,43.21654201213666
0.6577157085754732,0.8021781820653243,1.9182573098432052,0.3071587086454669,5.992743009206644,43.36294420512235
0.34171093955141996,0.7989595881096438,1.661175467052933,0.4124961354919499,5.552439797204273,45.15081994804159
0.40372257738346756,0.6618644665953473,1.6137016128376986,0.4362864136702742,5.7103423431251406,45.575185352703265
0.22325407357699284,0.48735201461317074,1.6530188384062512,0.48889198037166814,5.668527152167327,46.83530758160946
0.5364923246529487,0.6124967542399377,1.8491942411725395,0.3819171152607256,5.975810691439691,44.856495030814145
0.07525369191394415,0.5292411737441188,2.189058312266415,0.5691004090855979,5.857931080668765,48.84305667966171
-0.11782772536597252,0.49476864682162813,1.809265403536575,0.4567513253491794,5.439343436703554,47.00435249930104
0.05882582257925595,0.4778448275383742,2.0102507816082245,0.2501072347566391,5.698194752832234,41.911948965323866
0.33182943045394875,0.5099049823196947,2.24930308350915,0.33023469265595967,6.135175570436423,45.26155565974872
0.23459554337138222,0.563820491799216,1.8897722223923263,0.36470962488251557,5.810435705027761,44.175729057656284
0.2725787989090025,0.5417692133649131,2.1547377671492836,0.38474080165548413,5.972567882118945,45.29097756096519
0.33856788065705107,0.6772914716353496,1.9285980522064397,0.1392957278958452,5.706668206284732,39.35346216548789
0.3765181298404313,0.7522507003191702,1.9049119231884921,0.20875173818728068,5.719025258586269,40.768030536952736
0.25863078829084574,0.6076214105067449,2.0231019718955126,0.24675546872940507,5.744039204324377,41.665785175607574
0.08451632901594508,0.43171894112682785,2.028427890889884,0.5066143498624676,5.774872721520193,47.34238378660997
0.24796422395299517,0.5124573401750109,1.7957688818785575,0.4988869588117948,5.689766336955351,46.92022475719835
0.27536836363401945,0.5193437971186962,1.6563401274762404,0.36010055424401005,5.755259064967941,44.10835229020052
0.23189574415928416,0.5025182180333212,2.159319055637234,0.5046204028674771,5.979614803170368,47.87976837247523
-0.03142196686580967,0.4911951903637228,2.006883448838092,0.31386529440367017,5.568403288087035,43.43087942973824
0.03895429539544104,0.6010210261232349,1.9546453111481978,0.31822776371952627,5.492535187896182,43.725106385257
0.1611613834690544,0.6956941441022257,1.8019401164131783,0.14149839245747356,5.475899320951589,39.981623033169726
0.24140189455173733,0.5965549234258896,2.293658862281331,0.4530186186005962,5.922442339357685,46.386058504957816
0.0023966131072077346,0.5615959591583988,1.7708433666677594,0.2961635734786824,5.406679289986284,43.804127344263115
0.2556115557885884,0.5350962255057745,2.090936475113198,0.40197481253884676,5.840993371848643,45.1256461957393
0.46961328746583203,0.6012676963474904,2.0621324041313516,0.19876374388907678,6.065461886947947,41.84155558397642
0.25230729644378613,0.5437434755352968,2.1765662966126365,0.27352897517614455,5.939133444140391,42.82143906727931
0.29733898444645923,0.6111279106534909,2.279722992119259,0.42843928531047126,5.970787969311118,46.17825863606684
-0.01351038401145277,0.4871452512623971,2.1521914925257453,0.4066516588326889,5.607176712670489,45.359758510589685
-0.10094037287036117,0.4355365915224939,1.7849906175431163,0.46848832473492763,5.43164281389258,47.33869633677082
0.12350787311490141,0.4586801426773578,2.2233027027650083,0.48973046535807785,5.949024914134758,47.454265894859276
0.019094385665605285,0.5772176810129568,2.132884618612275,0.503601652721613,5.604570004721249,47.3736823516876
0.23757728834518266,0.5972778269316569,2.126678260440445,0.5223550003206474,5.7859086892088385,47.46193847220477
0.23757728834518266,0.5972778269316569,2.126678260440445,0.5223550003206474,5.7859086892088385,47.46193847220477
0.08292342319407509,0.513939452701881,2.0675995107496723,0.3955822113062839,5.785351805804484,44.946009057801604
0.06617315675594793,0.5163565480094887,2.2568473547822725,0.35922099177845507,5.8357452077845435,44.38449546466646
-0.01579178776470691,0.5670615925980207,2.343284611984396,0.45557911331444023,5.734822273691952,46.21300003970893
-0.11461604235957645,0.6007523792780479,2.257491855615185,0.380101737570701,5.569247836854388,44.90946509306673
0.15915996231314766,0.6630819368546933,2.143076028177059,0.47515032788826334,5.706017400638583,46.4677464682673
0.3841150418610375,0.6257946314767757,1.6880026281250062,0.25126479785671546,5.752953841775147,41.615977920479864
0.16968827373948403,0.4641270536073781,1.609663706436967,0.33416122371092905,5.60939275908157,43.5951247400221
0.1865889087412715,0.5849695715613547,1.6929347756428725,0.48292045478733087,5.55955484912235,46.77605447187145
0.20744497872603618,0.6817152733189143,1.8138770988262027,0.2532483217544095,5.591013967874588,41.90585095837587
0.09711390415749022,0.4838655479539648,1.890377874746475,0.23893929512499482,5.691548965710326,41.69450750123352
0.18848384277422303,0.4707173273673727,2.173999474181997,0.24455988476844007,5.894657567914513,42.05357709375514
0.5765099661322438,0.6108599226721693,2.0772697783745646,0.46473128788530454,6.19384190327385,48.21533010830808
0.6791942523718588,0.6176956957834965,2.331154833842795,0.4078447259507843,6.414570373344943,49.88566548113339
0.11997119078607377,0.6862275982157855,2.0080562556432895,0.45234861924030323,5.557117096124989,46.357918294694976
0.05570535420470346,0.6025045865488959,2.1408463375637026,0.2996869346157547,5.727759405642379,42.956688711944274
0.3110193850400258,0.5516100350931773,2.2377500304332516,0.19602272230677478,6.0131799023611165,41.57219279499324
-0.13851171498688253,0.5019771401550388,2.1478286178947688,0.32942115205434486,5.526532885143428,43.99731587133433
0.1390556337773472,0.6177919436163247,2.2706292689684475,0.2581764856896027,5.740526207297498,41.98842369581391
0.08887506272909129,0.42734314202687074,2.145689788393763,0.33827230169535877,5.841806130821231,43.91982215002217
-0.014639238747569339,0.44880852129740006,2.2273456259915925,0.4087717123532386,5.828441648365207,45.54540087414383
-0.09880311967460231,0.5557582550701791,1.6981548772084922,0.2398359776142685,5.284755043095737,43.55830258219059
0.32072478072317473,0.5577649918952682,2.0415767462172156,0.3304528416336596,5.894746388845221,43.69256878466069
0.07338879981935131,0.5004427754273019,2.1817546709210283,0.39557300133502016,5.780305359673031,45.02780018974156
0.4904176691480456,0.5508578302054168,2.2211919431212905,0.39303738800889815,6.14107605675745,46.53471082133329
0.22226067270350702,0.5140013018105036,1.942338424604132,0.4496211571292139,5.791423515977446,45.86929634474397
0.03523871011585267,0.47849275935448876,1.8967146247976485,0.16991031905104947,5.545653936520331,40.47238128055404
0.27331483770540044,0.5007926528474219,2.1925627947397146,0.17784959192745792,5.969831922587087,40.89099245973331
-0.05066121834917403,0.5401955815234194,2.092760256950553,0.5906129830852925,5.5456513073541736,49.43628119444664
0.4977020684321828,0.5275293761784323,2.2302968138625348,0.5010172573424821,6.146538748216638,48.73129599159699
0.022728953859100787,0.6523824574861238,1.5598068921574721,0.34623048499279463,5.3053657081478365,45.43667704283701
0.3156664779011462,0.6641562602385098,1.8581363432062812,0.19523762207295645,5.727770007792685,40.47266020747984
0.3156664779011462,0.6641562602385098,1.8581363432062812,0.19523762207295645,5.727770007792685,40.47266020747984
-0.2760245967842272,0.6083538971018111,1.81745987655749,0.4585960361819889,5.141823068937438,49.5751731907932
0.4118239134706967,0.553840852624856,2.205891917351288,0.41244208090276324,6.158996913238775,47.08171429992359
0.18976888283390286,0.5832791147549726,1.7448806973419446,0.4467706699056033,5.662073421808356,45.839039384891244
0.253889371477763,0.5258708698867391,2.0709948464044157,0.4815478576872933,5.8570120530632686,46.834720586234916
-0.025143278602661856,0.4970140481054017,1.91388587536144,0.29666681709524606,5.5104130901612685,43.24994960059321
0.4994521846827538,0.4647445262560354,2.1788271078381993,0.4522192695667286,6.274913166779864,49.00971776456148
-0.03968703255543882,0.47365416250321407,2.454905673587624,0.3525430487543065,5.760933796467294,44.1831297806747
0.24519700915392445,0.5467332941437069,2.0626485091911,0.3166182893070851,5.883555791215592,43.46823020355069
0.09223315420815181,0.5388022419132891,2.0635831701664076,0.35692607028469625,5.658983653728079,44.15269876553555
0.12568026726666448,0.5604174935432564,1.9806764457086488,0.2953948261395525,5.666686614375992,42.92128922197474
0.09777399948778953,0.6506495628135733,1.7124736068347908,0.14578157080600748,5.392100379097878,40.62058089704703
0.04750871009382884,0.5966042072407168,1.9435223297188262,0.28606424165991035,5.5088138418564006,43.04294624964797
0.08298702211732534,0.6722516128284564,2.2482764399041777,0.3171306781248382,5.646496579820037,43.381709224744746
0.34640272072375955,0.6268283071605836,2.0663954725860885,0.4742336928449561,5.833637234676177,46.42938049754089
0.28165566421904625,0.5383219634604725,1.8338615392286883,0.3075329280932535,5.761362249208325,42.963853527727565
0.28165566421904625,0.5383219634604725,1.8338615392286883,0.3075329280932535,5.761362249208325,42.963853527727565
0.022940890781136924,0.5025348752458942,2.0392962417061056,0.26644045305155917,5.590524865121379,42.45152292936418
0.3677218545800971,0.5914328001673047,2.2708126075822777,0.3104877983773949,5.9765749473125656,43.694425818094615
0.11435005758678374,0.5347652770809376,1.8911907706284863,0.22590549048774528,5.572157041716406,41.51733691538079
0.12457561329222322,0.6986703274710987,1.858032735808155,0.31424899724016137,5.459100721103726,43.70642796952198
0.041336074342318674,0.5011308708837754,1.7336113307093264,0.44068772432473846,5.521030014775061,46.2469913117187
0.45080041192280823,0.5966366656360098,1.9905099300004188,0.24630792176881053,5.927901231879865,41.96368467056163
-0.024708942151965285,0.48466643691873385,2.028591220919922,0.48886254344608365,5.608969884913036,47.01338245019052
0.4431655828938516,0.5970645630203008,2.0869179835782,0.15283547898816935,6.006809543692378,40.46116288292881
0.20064616303579558,0.49914455870255003,1.7908984957632446,0.22267607474723394,5.7532763002709615,41.195482946028385
0.43599808563546666,0.5874630383487797,1.7807280628159239,0.2129946849073522,5.902969375781659,41.270857287452074
0.4952756103648284,0.6558011206797605,1.664624307559523,0.37317166699223075,5.815699216410698,44.25026739122737
0.24823383488912332,0.6530090797455038,2.198963457519684,0.41131387101292877,5.81134003319342,45.131891998854734
0.7759905536903335,0.7632209323235276,1.9804694395869689,0.3098183666009572,6.177829988691536,44.71662106377516
0.4237735335673885,0.6718342188102763,1.7263279334390094,0.308041852255364,5.781612601482955,42.757589566127265
0.3093397250721754,0.5448701223121423,1.8651183935275206,0.5907499701106494,5.751730042380535,48.85717280794583
0.5804061226647408,0.5649985190996594,1.9825925172430914,0.30365752974114774,6.145891794393897,44.58992981103229
0.43254502653051613,0.703696503192981,2.0265640323332956,0.4567983561037114,5.868917305496682,46.08413694972782
0.4356027502965951,0.5028644361119246,2.0690797330021744,0.34416900377777215,6.105222211847812,45.21535634896414
0.4474604766040797,0.6465627745927898,1.848278193057166,0.41013109799787933,6.000670432679888,45.730999092996925
0.2189618505975383,0.44913666064882546,2.005276164108917,0.5773115507159575,5.9415684759112315,49.16184000603365
0.572495960028385,0.6525614723286254,2.0297179051546994,0.27613495854923237,6.07405718843419,43.30730269187153
0.2056854875905006,0.45505226049635633,1.9789805503720097,0.36522555624675046,5.832492359273461,44.396007296344116
0.2928466064942337,0.5537078946787676,1.967101845642492,0.13652676394950236,5.846370127148881,39.51921656525916
0.06953952526148177,0.47765319393798555,1.8134759698432625,0.2590665686218163,5.559830909354871,42.271878359100114
0.19366707309148945,0.4733307129516044,2.0080180196265305,0.4846354581539998,5.913028694863893,47.192101813964996
0.42024854019394275,0.582683205761448,1.8928955410865749,0.17375376073146437,5.8668025568428455,40.191894643558385
0.4433338781558638,0.7211301169644323,2.1406900785629572,0.27430782469310694,5.907117846694856,42.495247615233495
0.029938611205199084,0.6636748004524362,1.6259430480598969,0.3639147976186589,5.305807580491321,45.765177377287195
-0.030998782029346583,0.5705331376079377,2.0505669459896487,0.27222633216360015,5.4537103265984745,43.073818724939734
0.2535309078236242,0.5610535605297771,2.287165510903494,0.2937511985956911,5.913905503790747,43.11915474652094
0.35779223133932414,0.5826397045952201,2.0140732569772815,0.4335049656154105,5.8097490598977455,45.567075293723505
0.21746392849180984,0.5411245023636502,1.8180193181827535,0.31287233964280714,5.6574197220566935,43.06977715996484
0.005523195161821093,0.6169808706984856,1.877720656916078,0.34854293374087925,5.450793277342235,44.58636228523699
0.32467096459428385,0.6042216939869577,1.9383063056325787,0.5560671013029429,5.752653561844226,48.058456855578726
-0.05374000026827569,0.6335967491729271,1.4085137339974885,0.23208972627744326,5.159507857352433,44.46366022959674
-0.031740876569632315,0.5984242312316814,1.4529855890138579,0.5049380452585109,5.292602333535822,48.873390059697
0.18902846685961122,0.6526534052717234,1.6785327753827486,0.16932597802735228,5.476938878095738,40.63372170939324
-0.19494019377630534,0.5897614550171879,1.8763300170890354,0.33137907418706014,5.266841168278606,45.69399398036113
0.2686726360641203,0.6125733291580577,1.8509210893212542,0.3142355619742424,5.810299616075875,43.208907006982464
0.2702937392933607,0.6833982447533783,1.9844457362311199,0.19719862207677885,5.791273251686477,40.72398856811658
0.5570804913649324,0.7537295439003653,1.7591028200151713,0.24278256110884927,5.81630366458603,41.3528795960032
0.3955644821825164,0.6182110576614371,2.2665391503519556,0.372079625753513,5.988284402147819,44.911177188949814
0.29550829558429353,0.682363858596635,2.03911293128407,0.18829370533715037,5.8297161838036,40.59747496745475
0.06168523795132852,0.5773006098118705,2.282571987383684,0.1597757885883741,5.6871397717634755,39.98935060023319
0.03358465434448943,0.4906583820553978,2.1292473314131515,0.21067085950225783,5.712300239206759,41.07789113710051
0.2501234688685379,0.5544644076866191,1.7952473241641118,0.19793241938165135,5.699006534535581,40.618309201015684
0.6227283679156754,0.5532498234598208,2.101348854503369,0.18824482598334769,6.223821371520199,42.839636573874195
0.24680984345695622,0.6116072911389657,2.1383088636412073,0.1629323775436001,5.754235632779379,39.99294209582288
0.20619315914469433,0.5995395636149996,1.6490425477192878,0.29986884503012473,5.579070463112149,42.9414858194015
0.08806820815533589,0.5246137870668146,2.2877161821108114,0.32728662267096026,5.738372550725578,43.50227302536508
0.36292879407909184,0.6666336863238737,2.1712975817813915,0.3100265553024818,5.887555031352646,43.285891532944184
0.015239532067984118,0.6348461691704999,2.019461523588729,0.1797117612027635,5.4547231356098065,41.12025544228084
0.14994504428844058,0.5580173037800193,2.4893376022381455,0.3789399231883221,5.935808987099059,45.12113653584842
0.28858397558566595,0.46656938698714095,1.995275962769881,0.4479002573424341,5.872043455184318,46.12706637528838
0.3719791274181949,0.5863920785315644,2.1228397316776366,0.21384704529231607,5.9646267331872105,41.60280265485754
0.08823794997365819,0.6213626082324564,1.9313228851568716,0.30343813095862776,5.529629427075774,43.285847087990646
0.15828978938404237,0.5872676568786751,1.9991695659732622,0.29130705279489705,5.729105639236049,42.592302642765326
0.2281806852151883,0.5421852471866939,1.9559833609576385,0.23250199209836908,5.77984250043824,41.48721644827275
0.35765363998236516,0.5653584704776323,1.9683257626199406,0.19118586061037898,5.8613575584218545,40.6501130187659
0.5029189217183682,0.6269052316345463,2.3778345526902864,0.16286881846064538,6.1350672905072035,41.59035520527726
0.18887461807579575,0.433843114421467,1.906257366781377,0.3973899969388959,5.901881410485975,45.19904575157713
0.677253796601607,0.646067459845112,1.8940839190648813,0.19418799637432385,6.127284291043672,41.96032394907567
0.37503533003664996,0.6146527234728228,1.5848691566060662,0.10545269642725011,5.706774745282537,38.57768573075249
0.48446039939044117,0.5767297444277573,1.7777171330889865,0.19040363475932787,5.921671296704335,40.77524156998387
0.2212254262882915,0.5619922476450007,1.690106743694181,0.1419463174309026,5.618521023008824,39.577752586554794
0.1735478425517356,0.6036278443156121,1.6949939098051545,0.23816153648350047,5.524625007250618,41.81965922444626
0.4806971491833073,0.4980097930975718,1.8361333149011387,0.36852677077433754,6.018966881306012,45.05640716881324
0.6092807213934972,0.7612792223279763,1.8891001714574802,0.16425909051543403,5.923076442789496,40.09257953071132
0.42659322797679927,0.6522506831241711,1.8717777671449811,0.24454138735895176,5.824359022875678,41.59965793032908
0.43909111026818465,0.6875597825978925,1.8396178400427354,0.2814097598745455,5.81918696053153,42.29569119121838
0.3519682040557846,0.5876812115387104,2.182050049936494,0.18941351603619191,5.92522047508065,40.871534686511986
0.18803784448205718,0.5187154326330922,2.1211900284500875,0.1636708990474755,5.809543779257167,40.124528719772144
0.18803784448205718,0.5187154326330922,2.1211900284500875,0.1636708990474755,5.809543779257167,40.124528719772144
0.027822051810512005,0.6167726211721309,2.2725795245140517,0.3339406850838397,5.644911064300326,43.64933420847611
0.24089891752553105,0.7003224202337051,1.9014355447709659,0.2676635761736726,5.621316822163014,42.10602440850793
0.26507761812432357,0.6215740066925601,1.9054038315635768,0.3616348053455015,5.731749441550761,44.07681462056043
0.4923134998926441,0.6691229139987538,1.864446249677697,0.3387553679249179,5.961282830983777,44.11223129451261
0.3144850557083672,0.6964324963307023,1.809095480191282,0.3483286714283597,5.720698195596253,43.70565131032406
0.3325384046433145,0.8031338963756346,1.5854973028670538,0.38928486770037724,5.520708276036497,44.864908046734975
0.3672943952955759,0.5927551850049156,2.1378878788318136,0.44935490858655736,5.924458776731203,46.24342643657213
-0.2061885447345898,0.5905561562761663,2.385847898637539,0.4201248379478946,5.499130902177973,46.0667521613006
0.19637281600367718,0.44644581052053717,2.152960061356251,0.42270698746880475,5.929742571886586,45.880690833406504
0.07477252726446959,0.396820749397801,2.182862116121299,0.5858773330859572,5.933195489038728,49.421269249802556
0.20715077080654642,0.5919057609024566,2.007260797479289,0.20533493749926063,5.736463241615004,40.835837822964066
0.5232099718411264,0.6584016181677779,1.8636659676213607,0.2387751843023766,5.884103691565819,41.57188783962637
0.318720675963668,0.5433458995235373,1.8363548855212837,0.14249143054581956,5.782359378502136,39.46799332728843
0.3880245256797477,0.614319052221621,2.2916818648384685,0.32087703268851153,6.018541950448464,44.115415554646724
0.453585120179564,0.6305962208929735,1.8195035931003884,0.32810587885540465,5.873291815141352,43.50511106003245
0.453585120179564,0.6305962208929735,1.8195035931003884,0.32810587885540465,5.873291815141352,43.50511106003245
0.3177423582890135,0.6967032399598355,1.6088959219313255,0.30676111426123537,5.655281164686544,42.90030053538579
0.2683772861366691,0.5160410532545318,1.8872590752257747,0.2643615393781954,5.760553184108396,42.062858387532295
0.43234298400975985,0.6426088498570925,1.6222604530954263,0.24539907277938636,5.6943334757387785,41.45198920166026
0.2793924113633137,0.6332698998242038,1.5820320720921186,0.3852236762924012,5.518303575205426,44.830032287740345
0.373985234593787,0.6068581022275397,2.3346047528597187,0.2887629513832381,5.974483291613328,43.23421102551093
0.23482446782857497,0.604858751661589,1.8903917452406573,0.4089848053398145,5.775096758420204,45.04187115700475
0.32171340793278647,0.7458624909700252,1.880148750936491,0.29032633009015174,5.659041763406988,42.506051469348044
0.27108290317605277,0.5746260073926044,1.7579392543761023,0.310005205546084,5.648750938205317,42.954803932331245
0.01630753278055075,0.5401965233256892,2.2381357207235446,0.49125551600624995,5.676277074581877,46.84655680928642
0.0615563292667215,0.5190133749003966,1.8858011644460924,0.359815762747326,5.714794472998202,44.08133785070637
-0.032116967206913594,0.5141724437961813,2.0013826944597275,0.33138246557661816,5.6233431026683665,43.688120056022555
0.16799430189376996,0.5925032961135427,1.8993577229720995,0.30725071981868424,5.669743779381594,42.96736559828208
0.2940629218723493,0.6031303879100701,1.8629275989248428,0.474293521751767,5.8965142440132645,46.80115768572124
0.6254578309333936,0.6770149459138386,2.0048284478115623,0.4887620751140798,6.17072941135922,48.551124701823525
0.3766091793484673,0.6087940082257217,1.5637953788330858,0.3585926383170189,5.686191880874097,43.80016482522025
0.24861379962354685,0.5939083679391045,1.9249668367524744,0.2826471409608466,5.708690173153608,42.49009610395455
0.042650348818518924,0.4389047737181575,2.099746999321573,0.4021111494145429,5.685705059037391,45.1839810469812
0.08412426781707927,0.45012013998150685,1.658285208570827,0.4111526656984135,5.547009264024878,45.35197870688992
0.3698372420748429,0.5537687885652511,2.0707016671112046,0.36523182414056415,5.898139557026541,44.34356771858148
0.41086220648575245,0.5947068334784635,1.6656478866016917,0.21167778004540183,5.805975288796873,40.9092196537256
0.3025129691119511,0.6115015211911682,1.7768679632431659,0.2624100128313895,5.713897002132585,42.05991860995137
0.3025129691119511,0.6115015211911682,1.7768679632431659,0.2624100128313895,5.713897002132585,42.05991860995137
0.13546848155005875,0.5454647540762054,2.050178921940554,0.34190912313442356,5.7789878969154875,43.819323923159395
0.20031641200613515,0.5519725464508505,2.231565743952453,0.18764262602647697,5.811380062539375,40.60963233341101
0.46746600259541315,0.7138054177847247,1.6753231601175207,0.19378649358818087,5.711050704893609,40.33898769675536
0.5992026608859815,0.7155381295171486,2.0926896749128368,0.5417188771977571,6.055736633806505,48.73621752916588
0.4237547873635625,0.6796533205026223,2.0275085891190905,0.3671915980374406,5.970383850421567,44.80237532329611
0.11421315847739655,0.5143346358663528,1.9783807309170347,0.4227283161612648,5.801425853133168,45.63564813160819
-0.05201983361036011,0.5736145070951105,1.9950348184250886,0.17885255806294176,5.454069741962787,41.06528461031094
-0.18235280984255187,0.4984407610325614,2.1456663322490934,0.4564716098207683,5.533907572339732,46.625965254244484
0.1134553929812605,0.5633587309662479,2.430544466330568,0.4305082817747268,5.88876075473784,45.95831817979012
0.41181394230064333,0.558597382355328,2.2952781859309974,0.606761886153574,6.150289099735588,51.042820502150846
-0.020535178319866954,0.4627501218969792,2.3095276728516843,0.3897481761596601,5.741864953947464,44.923970902727746
0.2710901565878151,0.5986026903368185,2.185976007856227,0.19138921388296282,5.8300856288989955,40.723803084238114
0.24209681041229597,0.6089555732678146,2.067788945869689,0.41222794456563344,5.790026206238119,45.2775310289173
0.3536598313144189,0.5101992201865939,1.9389525506936751,0.5488542012907781,6.006036804052137,48.784895185380314
0.1735631474940592,0.5955352681753657,1.6181846711787373,0.3806681066256049,5.553361155110489,44.70484065073872
0.2928326399760222,0.630561367197717,1.63415694531074,0.39291680998864037,5.679463799153998,44.691924141251654
0.12714788120822307,0.6293146183492537,1.7643933115764554,0.22051371124722507,5.491705143363036,41.6313469765106
-0.028808936181588418,0.505383231401277,1.7968597396994876,0.2907281757114888,5.394036272074562,43.7666518381185
0.2993452255381533,0.5994995524697728,2.0498665765862465,0.3642492111000439,5.895485611170152,44.40090148883022
0.3916739471283905,0.6817529259923727,1.9296089328295232,0.3714396737359312,5.918042849937146,44.54773773897856
0.07919018816633527,0.3961005482257692,1.9728164742244834,0.5655797580692119,5.864940024458471,48.85737676524739
0.22076033695263564,0.5205930481983035,1.8034212239625316,0.6568461688980218,5.698717481854306,50.30694637626607
0.44546832806826797,0.6292071855989638,1.9901922746741372,0.546616086361668,5.899778504944808,48.19304795371496
0.41673225113818446,0.5716629499182883,2.0599674198503726,0.22358209814938518,5.9853415546898345,41.89581786059108
0.25859626816947573,0.5559417444564437,1.8159578953204272,0.3186705120219754,5.731959538857212,43.14023593396008
-0.21214375630528126,0.3838331610293021,2.390136357767446,0.7754568003084014,5.701562535552741,53.25865189263564
0.8346553188826025,0.7340048062013073,1.9051105443319343,0.3862061588586229,6.269121866477191,47.18342827744688
0.12975189921513075,0.6083771056096495,2.0660709564642725,0.2933024835039102,5.672216979359238,42.747851535386495
-0.1354186186072882,0.5283872825836136,2.2683586661774755,0.3568001902693908,5.616436268084275,44.376775070077414
-0.1581925503741899,0.44464358495585277,2.295383214511199,0.5218630314245727,5.7150809479373095,47.82047862841842
0.36568599696909904,0.5911822805436995,1.915416628996053,0.43633755020320497,5.917616967099392,46.106719216086134
0.25898135202371103,0.5883541320779708,1.7306072701890811,0.4269816582219631,5.7161715523811525,45.488443842759814
0.39806967902385515,0.6466298065205708,1.9411602022332306,0.27132032413201185,5.8850895099148115,42.454460694632544
0.2657747894026713,0.6830978322716066,1.737502443142489,0.5620544991126413,5.606360469341929,48.1718306502603
-0.01353827228784854,0.5418852748921467,1.8502555281355217,0.41815207238962265,5.421078736082941,46.27057003067596
0.3190777197937207,0.5784886208648826,1.9971257949463137,0.2127447785020853,5.94559269023134,41.4930593869612
0.12673752441130015,0.4530997777728132,2.204856239152764,0.5728932189452156,5.856379642665322,48.808065634212284
0.20791454629373868,0.47138075043669503,1.9580946927965988,0.19437900727436416,5.796049043763267,40.69592149171246
0.21466682735797993,0.5305361736045857,1.8704124177040393,0.3137829185543838,5.6829088706276565,43.1005187766343
0.22396281272660823,0.5213792558790861,1.7350620344519911,0.4423433763687924,5.639609095674501,45.81551229018684
0.12709952178747747,0.5185968640464939,1.8405419232215865,0.3242590628963139,5.62987482704343,43.46043897367132
0.40685316461112747,0.6262907130023847,2.1062503920825093,0.15699241536171432,5.957534491348269,40.31835021441103
0.04462577089774,0.5494748740988613,1.85108609700618,0.3487483916884031,5.552356835140571,44.34188267608961
0.5493695267498202,0.7108759331704678,1.9782608891969113,0.31047327190686314,5.978955136607335,43.51116180475182
0.19863950587271384,0.5418483243538589,1.865993001449691,0.38455430242116184,5.643060434368221,44.57500871726693
0.278576744940551,0.5491545108807117,1.7675280194960488,0.48072933021708814,5.739817235444584,46.38779765842377
0.29190317958046125,0.6167591771986257,1.9889631778197767,0.3847733374557731,5.833987057126818,44.632505270641246
0.3754594295856736,0.6313532283275551,2.0746783221637632,0.29614317589381806,5.915289267159176,43.028031745059295
0.21864644209558126,0.6813284982084243,1.854906663354811,0.3061587661624785,5.615114999035388,42.95911865279435
0.2857860042164788,0.6730803959748731,1.9560745428765278,0.18361454121564225,5.702706900251556,40.33469335242588
0.15392493420645004,0.49114064500294546,2.174627861741502,0.28948986415087774,5.845603880527936,42.88242089996944
0.37620190709150547,0.7255669457643049,2.2919119198486877,0.33809099631740064,5.923757513407384,43.91418215926077
0.27721695809930397,0.5605165970280781,1.9224424485930305,0.3839424183821425,5.757431892530775,44.45812263260905
0.1259098361978857,0.5330619406083696,1.750311082166403,0.6129616075474548,5.649020880450575,49.33559174123165
0.137792374916198,0.5115250284693302,1.92598566580503,0.2129632975631651,5.631820451480849,41.10815876980114
0.13621121681703818,0.5520647381366472,2.01622476833398,0.2562214442266917,5.6307052699795515,42.028238266028595
0.14085165860329685,0.5868128372549388,2.2572409317198456,0.37654580065370963,5.806030598775277,44.534821979800924
0.1830858672745539,0.7066341794135694,2.0000352027076933,0.30721141835160076,5.594188602442435,43.06703806327512
0.4207716205745594,0.5870207336608955,2.0542576696566535,0.2592220061730201,5.973548772436763,42.4958629848062
0.18908055630359,0.5760940839782471,2.083263709065417,0.3090479969201761,5.72999357420966,43.03694563673481
-0.056951590722781886,0.5173178785016498,2.1814475798382165,0.5553554225875251,5.731737279858535,48.38381702299091
0.2256716264464682,0.5590808248065274,1.9478192251940447,0.46266057848654146,5.816789450742015,46.271917598723896
0.5672370983232176,0.6559240219228746,1.8048069927050037,0.4560140529974286,5.9420570699987785,46.357378942223114
0.5253589382228832,0.5544258210261199,2.006795142322658,0.16154142312477016,6.033470960784403,40.77339118500742
-0.2333410196863347,0.41301598010325324,1.9884422302878475,0.44957359008393166,5.427003212310307,47.02403093393904
0.1865176799497814,0.500369789984766,2.0377821159950296,0.2819344783984926,5.756660213215859,42.5190324772187
0.4177208327744473,0.6721108696164814,1.702848599472633,0.17295018218957672,5.793226356044109,40.03338156407035
0.49183426317431134,0.6462034226762966,1.9719029089258764,0.601359500699574,5.977049359349798,49.69269454059493
-0.0640039540659838,0.5763848529501694,1.6068409905074716,0.4816063618881444,5.313606847845561,48.4145399928391
0.10438153677842987,0.6499733584181168,1.634931070406389,0.3458063777066611,5.387858560795177,44.810667124931825
0.09091096545009503,0.6695785809838275,2.1550331003051086,0.3276801937492694,5.617710444308382,43.5501527172772
0.04154188153330263,0.5476624672210697,2.1384188853651747,0.40701612432437945,5.7104249248854595,45.11431454765239
0.13829248390065985,0.5812985258755413,2.0965028168922863,0.30690217661083674,5.69243870043946,42.94520059383794
0.5938177551499305,0.6783723638078153,1.8310059774370182,0.5511048607185052,6.013279715580515,48.547158255498054
0.14416864105369093,0.5557916494367138,1.8354306898268327,0.1896353155772131,5.573200988575066,40.69369542868597
0.25089098578132063,0.54507388559316,2.0086884606831266,0.23184654966872303,5.740803824614054,41.371426821920444
-0.09163142695212068,0.5759690363840898,1.6995271685168603,0.28886029676560315,5.261342876748023,44.7336991170679
0.36287734134855915,0.5747344630744143,1.8567696981330404,0.28745452908535296,5.8151390296507515,42.652889123274996
0.4195594815487565,0.5143803587788491,2.0799038967919588,0.339992968519384,6.031726108968856,44.64392119239339
0.15998657236492492,0.5640741364457639,1.8396549492365748,0.1550649803216208,5.6367614924660545,39.85659187647875
0.15998657236492492,0.5640741364457639,1.8396549492365748,0.1550649803216208,5.6367614924660545,39.85659187647875
0.5018860796100457,0.626257929984723,2.0161723909286873,0.2665970358372683,5.989134921467566,42.71791052979526
0.008790241686161493,0.5107524271432882,1.8054219233139193,0.31529064257569744,5.520185720156941,43.62550443899468
0.3258081881407015,0.5641615045955831,2.0024505367136793,0.19640575806427008,5.874085253165206,40.871342267442245
0.18134275699452418,0.6447653512366068,1.6389322921588767,0.40032166036262445,5.542360792742536,45.050213369648176
0.26611686160986775,0.5812382413039355,2.0568531960270025,0.29534565300236054,5.774824813700688,42.69855398222967
0.3466449952871818,0.7514440917169493,1.8370569958946077,0.19459737426784698,5.676627717769826,40.47206834153283
0.17447304870463615,0.621249918862001,1.7456071354292069,0.1979511418071284,5.531072361946425,40.926882755997575
0.6103202011086404,0.749540603299429,1.9973922588211663,0.22078455266253472,6.04334741345027,41.963311913577094
0.010781133679985455,0.6749807436916024,1.9636537137285268,0.4684106691900708,5.457131668662602,47.22960563145163
0.24108278431674546,0.7043814153176282,1.5868187283323039,0.6936212310808706,5.456528166068961,51.56142381869642
0.4191977958604008,0.6267789471946396,2.10154158377497,0.43912210486896597,5.948107995222018,46.16016031241737
0.07097104472524829,0.6383466816445783,1.650110600344952,0.26217765300310125,5.3636895792087484,43.27283637930563
0.5641464537026502,0.7410449841371266,1.908489451271943,0.19080465963215543,5.940752319539541,40.73604482984429
0.046087292392498536,0.49180200048135836,1.7305911967474121,0.6342946847739307,5.479414305431897,50.57025242884779
0.3787004651331184,0.537071627415471,2.030885110718772,0.23257132376517622,6.027525387229655,42.35522411992289
-0.11821767223442459,0.4024078645333619,1.981779099960693,0.5204356143783597,5.700508944434693,47.824007611695464
0.007945657253621896,0.5833284596019507,1.5354952085770797,0.1384817970772456,5.272576070305502,41.368276731730134
0.41697956171081274,0.5847562937477281,1.7832947728216368,0.46321642532146495,5.924023229681657,46.53015900547608
0.39131559406257443,0.6545339363707401,1.8327170262590033,0.24480739331932724,5.786358020301682,41.511467315497235
0.2798323903610895,0.5498372276608025,2.144389397164291,0.3916595553651426,5.975909325702469,45.446087022845546
0.21074699786724804,0.6380874995951089,2.277682947789039,0.39307319919686584,5.812104355149131,44.86568195152022
0.5495630945225359,0.6180952346766688,1.8668989342620503,0.2446532899366675,6.013989897149079,42.32601305813659
0.3166695685315332,0.6731691608678367,1.5639382718875636,0.23122012601997352,5.583637119981737,41.32707174069501
0.5582775143344879,0.7223256389054876,1.8383895438641664,0.1350687907437018,5.9558806795673975,39.6762353306424
0.6879270166249545,0.703867477388461,2.107980926312581,0.20403629435230253,6.20136046887359,42.87673477483033
0.19046593602593748,0.4905053145925433,1.7524613931928368,0.2743125435203967,5.707471241219465,42.316950991012426
0.2999552145773891,0.6436951126163628,2.2072008304133326,0.25989190183283983,5.8975668072738845,42.38239075757124
0.17486666659779931,0.6027787838496489,1.8071915497511508,0.23778457072191544,5.5897055254246775,41.653103904176646
0.33977439959059214,0.5923017586933071,2.0283598332111517,0.34837719147489693,5.961322240603877,44.238217315349736
0.26474920078283604,0.5030360902199166,2.125205294109209,0.42894631786147447,5.954973611044217,46.107836062800274
-0.08301499640042942,0.5278940634006126,1.9930689750474468,0.17258693308810916,5.412163774042691,41.22646226076654
0.3823080429442863,0.5901156524674248,2.1642088048759374,0.25582392298706536,5.934714878943431,42.29736340087638
0.43076502065935945,0.5643432257503903,1.8683666834898864,0.34553455396960975,5.896981804046297,44.02804612852215
0.22341618281410008,0.596840733095059,1.8749346136054603,0.3912464305331303,5.715218337348772,44.78666002330722
0.32814202104941453,0.6425277316061418,1.82648711370393,0.2397070163888013,5.670719701682998,41.44085407954966
0.4053949143922416,0.45541575598169287,1.883055698015896,0.5153135223811118,6.1277159466758375,48.895173802159064
-0.023505385349792296,0.5861223504785927,2.028542045113618,0.16243369346892406,5.496671054758009,40.5207532025328
0.3182894092927824,0.5577020750317322,1.9081324001524416,0.16638363515878762,5.859701532952653,40.187872050014334
-0.007904721759525557,0.5772935530243967,1.62443839682927,0.23368603223095197,5.357118436746968,42.77477073236032
-0.10029916501766889,0.48827759250471214,1.8653935227913288,0.36266186366359443,5.3787677329346355,45.419085225298275
-0.037766928144307155,0.4802524804717907,1.8869643785676873,0.497171644701887,5.546525973102955,47.41393683243448
0.2999808219540244,0.5625534202362446,2.192415834072175,0.42486058384589737,5.919344983660079,45.77904773701182
0.21307038633786862,0.5882128909545562,1.7277235726798008,0.5675083984936061,5.632197698189961,48.45293448561738
0.37512096011985196,0.5788311003696709,1.8770115645894598,0.2696929021678894,5.835411887396992,42.18810042627988
0.07946635029883509,0.5376207856458237,1.7866775438457632,0.394939828226062,5.543143606274316,45.09074604564017
0.0026351658897572072,0.5639007969776875,2.1096902692577597,0.5020712288191413,5.575379950516197,47.260656613228704
0.38599189841284565,0.6518987913008197,2.0638783347857528,0.39909955490622673,5.896815191861906,45.15384015208824
0.289605068701079,0.6305525995462462,1.8186384425875102,0.40126080052479973,5.734173148752221,44.96973366362175
0.26125234311050827,0.707285684936957,1.9795112370017844,0.38336424961132987,5.685698991738628,44.433335410477625
0.22826692290413453,0.6241759096283123,1.759577558131397,0.4452064148556442,5.590473936960423,45.955019255411884
0.006420122662235683,0.5853904955879756,2.123983415159008,0.28197635010054717,5.580504093296028,42.73601712417086
0.12862720184809173,0.5345774006370599,1.9576616394822592,0.404836923556888,5.694040281460738,45.13358476791196
0.3941287882613005,0.6713929245487466,1.7566541114480339,0.315337679091757,5.704826905322202,42.942878379355804
0.26242839261704815,0.5887531306837098,1.8390773304371506,0.3469661270666811,5.823791511543042,43.84116295355319
0.1855862334786999,0.5794894811444332,1.5578730371522638,0.43173493001249463,5.557728353469844,45.774791366702466
0.12303045461637296,0.4751502269313256,2.074159184128243,0.4415126699333348,5.854098807004991,46.02574732951519
0.32425982455568036,0.5695716189435667,2.1399283558010764,0.3747907906374058,5.904050580988286,44.705751151224284
0.23199473377074875,0.6221698250868697,2.167960879787848,0.22541887229693414,5.787139732549573,41.27576509903705
0.23199473377074875,0.6221698250868697,2.167960879787848,0.22541887229693414,5.787139732549573,41.27576509903705
0.0533039311001422,0.4765400541833424,1.9960786816217724,0.5163624518710009,5.703662950042913,47.37021380352942
0.08912595814351632,0.5619368320152186,1.8476472611273524,0.28175526128991496,5.588241441465318,42.602494884184104
0.2906433686313838,0.5780138246550673,1.9539856023384885,0.28439058458147437,5.840708165819594,42.566876565436566
0.05858346752513022,0.5420644438735176,2.1870776118971995,0.52589031587432,5.804110989784528,47.75522201121027
0.14179543241124742,0.4876495083287749,1.899784668490364,0.49664233966632776,5.675630410505255,47.0380357622943
0.26755316631305026,0.5986246829947599,1.7756429312108435,0.3841432697860444,5.663584724345372,44.540330981083535
0.5629050214092148,0.6586059754138979,1.8528850147735407,0.42251466679894456,5.9716613168833295,45.649582310553555
0.13091530728420764,0.640983779013237,1.735937673976185,0.2305330791754477,5.4732990505576975,41.88175503422321
0.016872908951108934,0.6224524455285337,1.8174655288971489,0.5050341452217618,5.4135084940721905,47.990503168322945
0.35493630471671167,0.5396957481292595,2.094457140473934,0.4494671853151358,5.98736099931493,46.54838822311077
0.3204452245661393,0.6801834785635036,2.0286996255689913,0.10548599795673613,5.747091361261421,38.65672610029102
0.3845163265974709,0.7118966701848986,2.06834203201041,0.22920797741026194,5.847780839200936,41.42848874409838
0.08928372369187965,0.5627554643467849,2.0350640757263783,0.26760550786954085,5.585817642793712,42.368386640677535
0.34662862791289684,0.548368973564491,2.0250409945875743,0.5661282726680695,5.8710561745295955,48.39586134001429
0.3465711397059116,0.585327688774723,1.9666703998654507,0.578028077317634,5.8745073014346625,48.608219901167125
-0.15691964498353062,0.5309140185941947,1.4807409077504858,0.2780682196878233,5.110894807954298,46.07008468289547
0.25968736162612893,0.4844876156527069,1.9633057100264502,0.29615108250054467,5.8263065568209775,42.78501200404625
0.41194215660665057,0.525397461221945,1.8475505687176046,0.270557998018109,5.985042699641177,42.82287722209479
0.22213686065909521,0.5574262477176303,2.0009413328420464,0.2707919022264124,5.740498725920325,42.27564618873022
0.3501509677425605,0.6698994471985097,1.9479189181785286,0.33303821700264474,5.731372587215217,43.31957965432023
0.021960225529061406,0.5061956639101894,2.2405270120720675,0.2935094926617686,5.667908977336616,42.87242612758105
0.47157128351324795,0.6364744820939742,2.0485273016847523,0.28885697299963575,6.068928648952289,43.77910554401379
0.20601221805854708,0.5192561645422537,2.297056391329637,0.4172517292674289,5.907635466894259,45.69717143540885
0.11242932358019408,0.5616551638596287,1.9143007341459701,0.3848242416887891,5.6713971055645755,44.597708745849985
0.5885467172391569,0.6614222566161991,2.5094760496773083,0.4075213999778822,6.337082855635003,48.6529590363306
-0.12040326922582867,0.5747768381279317,1.7212470569516816,0.3110517352116965,5.343724539247687,44.56752063966157
0.5501376369499318,0.6968970585601283,2.153567527602714,0.2912869011355334,6.120715383851078,44.144272830757885
0.4018974284080764,0.6162963684120971,2.2642853464080375,0.28028665985953705,6.136430625810822,44.162580254183304
0.40819955456489176,0.6080505069222429,2.053109621003947,0.35397353019155803,5.976436782082212,44.52768123995799
0.07209905195036415,0.4460034841552217,2.104002852863158,0.6075949557710656,5.769851435913372,49.50705103954923
0.04586715937134145,0.5470446727575177,1.7822651507085783,0.18621138517799626,5.455052130799913,41.204163872096004
0.6627278639803476,0.6708793243042757,1.9981728936985585,0.2793350441234245,6.143030507832273,43.90036450104546
0.005292374906581743,0.5743821221087894,1.8152052002208563,0.31773751739924366,5.425835335472552,44.10455655663607
0.43631084169152423,0.5619457423917538,1.7912002464047838,0.30290536969754356,5.9690551705137995,43.29400977729451
0.15331178974124154,0.573347352348898,1.8285684915594178,0.2712025899172861,5.634999921831068,42.28328238571694
-0.021465451861080287,0.5749544466732877,1.9388422971616894,0.3048944000879053,5.490272309453467,43.505240963844905
0.49447881995719595,0.6222517571786268,2.1073180801548306,0.27152265159229566,6.045757004482816,43.17247416149023
0.5949414046420689,0.6407738518885191,1.8023531181846313,0.26480300516541,6.049736115177252,42.99248009472767
0.5848701960608778,0.7285989133161607,1.7916473830342352,0.23552948378899047,5.8843037167010825,41.409583908256565
0.3207675336697334,0.6933247475769507,1.6224851450603701,0.26245125685780557,5.5783158126542265,42.00176442072429
-0.0037437832301489005,0.5165814969480041,1.8641589226805442,0.6458161568615793,5.504246674799676,50.688908563999505
0.6125143516884659,0.617785319293102,1.6752527507529786,0.6439577157556428,6.032149599196204,50.717561861986376
0.31386012507187355,0.5013686101616797,1.6319169853950015,0.4140114643469999,5.781862992699368,45.141518956198006
0.39881041967565506,0.5511615513890199,2.105316210238815,0.5965303412161062,6.1065495785769475,50.42226550072304
-0.3347466390774977,0.49122260108993276,1.9687947586411874,0.7621002785170574,5.417553763798133,53.9119499165898
0.31485101610263383,0.6859475242559797,1.8906073675649864,0.2439398236471642,5.7382500522759985,41.561118562986984
0.01988423817765883,0.4660915445085687,1.82091210330208,0.4071503541845883,5.597822099965612,45.30279465042278
0.22880868547237238,0.5951211206655116,1.877140300588462,0.2596995975399953,5.640755598628943,41.96299061163825
0.03713279023704219,0.5793684195308447,1.9490816135050162,0.1791547654199699,5.497195113568042,40.87416380010559
0.36631961007891256,0.5252398024302509,1.8133768095756508,0.1543044996670193,5.8764047155718835,39.93871267482422
0.36631961007891256,0.5252398024302509,1.8133768095756508,0.1543044996670193,5.8764047155718835,39.93871267482422
0.36631961007891256,0.5252398024302509,1.8133768095756508,0.1543044996670193,5.8764047155718835,39.93871267482422
0.0162986532441749,0.5203405967848548,2.0543218689556837,0.40799983840206827,5.569877047222297,45.38650949808723
-0.05684689826401568,0.5973505844688722,1.9639756122683973,0.30546751715296533,5.482054420830372,43.58377356280595
0.2979180677021195,0.49295657956717676,2.379650274181368,0.40932135362044103,6.224759599316961,47.77199676118906
0.24929935624817606,0.6692802526354759,1.8280870185788851,0.3267899568801206,5.622183202238448,43.41031712975483
0.26527939909758375,0.5595219372166319,1.9489399530474931,0.19668104399118894,5.71801782587822,40.62175819902811
0.4123347679948492,0.6453012303652808,2.07156221975024,0.17787032230489422,5.881033710759669,40.41290254723914
0.20350151509571524,0.6710157549375293,1.9271426920323478,0.24053989980499008,5.580974754664223,41.696446527912684
0.3194045480806103,0.5664897712507023,1.9649945273425344,0.30853617823611124,5.882406350591543,43.17030318660226
0.16395962291413113,0.5314839781434767,1.8776950875232394,0.2903695653991058,5.7124058721905815,42.586616635232986
0.14719457132976876,0.5239326917067763,2.2078710486917847,0.3251922162570445,5.900707121665607,43.7477259009309
0.16355041749810745,0.5484056497452304,1.9348294314521597,0.20859739950113582,5.6233073989561575,40.99791904462272
0.33610836347930956,0.5347277082946087,1.9641935449555414,0.16167692552033916,5.863288308012603,40.05896756769728
0.25975841964617286,0.5847138326869115,2.1796647817206836,0.20252056288688658,5.867946993857007,41.04001337985707
-0.14171145369560267,0.5224545537591333,2.0561527025256727,0.23204170552969436,5.432617560059565,42.361797892453765
0.42354433821865256,0.7011913532828691,1.7498991251437694,0.3251209519796571,5.693067107817443,43.16066499988508
0.11339805513635715,0.5729503059349089,1.8488623696992839,0.49111920286721433,5.683894863995774,46.90747770031752
0.12652201399193563,0.5269568238854662,1.9290963433405086,0.4000436407139901,5.815140790454273,45.0135765277003
0.058879923687056746,0.5362062241597519,1.9079474847447568,0.34841977960937104,5.6160001213297255,44.03153858692374
0.2665752586671679,0.5885522392639758,1.9245452065971234,0.26997767196184425,5.803645365278966,42.25174457256841
0.35277358944322845,0.5686039579564947,1.8188323626479672,0.46642693828776466,5.799914660786917,46.259986680680036
-0.09554791201520718,0.5001229999233429,1.7237467901241692,0.38457941531621836,5.347095430729428,46.04139786871539
0.3293548412180861,0.556810379487045,1.9496630956353993,0.44103078047863337,5.778626412326188,45.55992065961867
0.13763195595798117,0.416324832386346,1.9849339387115585,0.49796693212666643,5.8226602042913616,47.18106855683894
0.24506097800269422,0.5480655514762189,2.0089516386988246,0.37499665888939426,5.900174317900175,44.791314292362735
-0.015236279824697219,0.4871533557043853,2.1194688258729237,0.7120392464065441,5.718091063035619,51.677877768242446
0.2408315522871688,0.5938026299920305,1.8241120804942454,0.25907509013340635,5.600864261927983,42.0588963673736
0.2504978839201254,0.6450032632711676,1.7688801064313004,0.18566857072436654,5.588479406586906,40.49279524474249
0.5516611557058622,0.6992593984156361,1.9556151453929678,0.16772256141290143,5.960307420742875,40.44858281706864
0.31526546852155757,0.6754578406903362,1.6927116428893383,0.3687059944421353,5.590532633577407,44.25058537858119
-0.12075058468853284,0.4693499791380708,1.6044516986241804,0.29151686095660706,5.300746785258542,44.4769051373011
0.046060849199651255,0.5699042803158599,1.7748453688998354,0.3414905271035151,5.522858869419226,44.09050986934993
0.01698875898960417,0.4935837306645811,2.0257319545818717,0.4057107357450925,5.642942490438074,45.30233540521211
0.31967203491454005,0.5974777715951625,1.6068129442886818,0.2528860771634544,5.656072514855829,41.727754295355005
0.50944962742695,0.5805787071222609,2.0318171206360787,0.26949271200710145,5.9936565524126415,42.73783263165541
0.50944962742695,0.5805787071222609,2.0318171206360787,0.26949271200710145,5.9936565524126415,42.73783263165541
0.13322425724893627,0.5489104681247094,1.9956456038731436,0.31933634310197934,5.63776185985836,43.27963394323698
0.015444165750002292,0.6021091909935788,2.504006062622493,0.6028848133302649,5.885935363575583,49.600303394481195
-0.06528061780585204,0.6235495017957307,1.8328309624389223,0.37045207099223687,5.3691651275478876,45.611685329945544
0.1475054051351138,0.4606292943317791,1.9313104407957458,0.38125912246582067,5.9334479983179715,45.074186008823055
0.1989637416221518,0.4373443843179381,1.9337377441612231,0.31337818867817513,5.912240770251711,43.59468214866823
0.06811979467470053,0.634819519378159,1.7690581830267305,0.3030418490311497,5.465461155126561,43.49608879315602
0.32108349747941034,0.6480307868719238,2.32958445580005,0.2640352250368476,5.910602159201311,42.463246526224076
0.3102048628822809,0.7277756127196592,2.090025688408824,0.27942961393395616,5.764121055146125,42.334485707284415
0.3200755890702777,0.6373978606956943,1.8036994748292976,0.23018488720841102,5.695560622229871,41.28624717949424
0.39960767091205784,0.6471631298547263,2.0220921846375397,0.2249780689237944,5.83140374131554,41.23414904800366
0.4319750518762269,0.5398239399853506,2.2247599291026625,0.3544542564423283,6.043866314299648,44.96621985395481
0.34199105375645955,0.7336147077768385,1.810214818805081,0.5428443071996474,5.6472437147728,47.59902853688826
0.11707197925341761,0.5347656785306237,2.1193633920285753,0.36397107372254567,5.726421538465594,44.170125193234995
0.19027145894868103,0.5717760637471451,1.7321578466854282,0.18793388141918865,5.582331371386591,40.62982371209622
0.26537938847779285,0.5570829088548387,1.7025790351722505,0.48135296369457653,5.7583808762015165,46.59646405429414
0.274235095500894,0.5327055347186623,2.044042735261793,0.2851280889457242,5.901418374827388,42.9548115935496
0.39485719014566295,0.5188337501868379,1.728438551853292,0.2716403807534638,5.885413017814994,42.33944634526994
0.4385740320452378,0.6784044854526644,1.7343079282921905,0.20180919857535706,5.732437221453529,40.524044181720576
0.6319487240450081,0.6701645245465092,1.8436789934587232,0.4133702541680781,6.022953459978487,45.73989849108769
0.49382279633599424,0.7343226617146882,1.5906962938203588,0.1990370267727291,5.749643792182815,40.410204938681446
0.24903250874480148,0.6553761263813308,2.0400082376836606,0.2685004365508055,5.678576377528804,42.111785131207384
0.31169840090254064,0.7280170357978192,1.7878024882583703,0.1333398936376435,5.679448860098445,39.23347109900536
0.31169840090254064,0.7280170357978192,1.7878024882583703,0.1333398936376435,5.679448860098445,39.23347109900536
-0.020952122643855042,0.5137053052008567,2.2274479089510275,0.36850094002472134,5.664523301821669,44.42571286328221
-0.08332342081326194,0.44993675035501934,2.2220892911558914,0.28153517394483174,5.627654796038602,42.74073091937163
-0.08332342081326194,0.44993675035501934,2.2220892911558914,0.28153517394483174,5.627654796038602,42.74073091937163
-0.15795989537172794,0.4826684588087819,1.94165771334192,0.48678469953007797,5.4084405835205205,47.867563221334606
-0.0008529455347026094,0.5925001528631315,2.258744255530165,0.48012599526121175,5.639727570364546,46.82333219357829
0.1632417965446218,0.6210328254963928,2.3130754028271645,0.2565438477982434,5.840959503472064,42.20885576550115
0.17208359138857643,0.5621955225139721,1.9476492234825658,0.23185018587824432,5.702572370069077,41.49639261423483
0.37408973294894005,0.5099862478215469,1.8150099524046874,0.3721132065904457,5.872216019643101,44.426105090570644
0.6363099181476024,0.5681512536094757,1.9581816528168536,0.3823826908688517,6.138622300129006,46.00389438620225
0.07872278002344213,0.4939005668313634,1.7236463875331915,0.22297451055038847,5.600756847434511,41.38543084557766
0.13476792739374555,0.593669301338122,1.938296231200637,0.2401375676214728,5.751203740009963,41.68090785605909
0.28820099509565156,0.6032952779988388,1.7751828928692501,0.2123146336527388,5.851088892197648,41.190703047236795
0.22925315188319667,0.6521433586575901,1.4936946620111453,0.20838900681682282,5.451035428758826,41.42256927681616
0.21026459891401544,0.607329757575743,1.8287074741506308,0.33886575133547453,5.624031796644166,43.605672895475806
0.12704252938834104,0.7153711684407871,2.13104270678295,0.3122639926044195,5.607926770153023,43.16464675290698
0.6898037225748312,0.6467292219619264,1.6962535893668291,0.2536370409191965,6.068624225653049,42.71585568440939
0.4489423347037624,0.6189933490850779,2.357010544098391,0.33245436302175835,6.086632388802915,44.714472434450045
0.4008807296664514,0.5977768517144466,1.7901740837717697,0.21936540030032936,5.76693575726514,41.00977102209703
0.4008807296664514,0.5977768517144466,1.7901740837717697,0.21936540030032936,5.76693575726514,41.00977102209703
0.2280076624761055,0.5925908979796584,1.716269983495909,0.20710921575724753,5.563558608840188,40.98391454910324
-0.4387912764361305,0.43529074415443353,2.317968650182774,0.48988545171478814,5.397428180964106,48.21731364660068
0.19694329545332834,0.5792157185502234,1.9541863342247607,0.31581860058727085,5.685725593671881,43.154666795449565
0.2728188317085682,0.5677118931500876,1.7784559191220468,0.22641744732900282,5.710160906182095,41.22834772704843
-0.03458369200445088,0.5694540928727801,1.5616735268288364,0.2883261767596822,5.30611638431102,44.40454703579056
0.25921452780567833,0.6604741601995702,1.8390415827006823,0.47880033753596846,5.659256216752907,46.50229403161055
0.6153115019817446,0.6172488008309985,1.8445306399833639,0.3172307679350444,6.092569299227494,44.373984849244444
0.07767973731755196,0.5070270780218064,1.9270268658235186,0.4129689616796889,5.630780312234113,45.28678793034717
0.3273555828655805,0.554252793545438,1.922308820525223,0.4139962130395046,5.832446275140864,45.15538821299622
0.27621213387497173,0.6211695844729606,2.1621011753812645,0.35454601805090324,5.889754243502295,44.24296368857491
-0.027480429651563054,0.6240280084229833,1.983255251112872,0.5435371883273367,5.49894501247317,48.56553898404078
0.11361376911987076,0.5254890717327382,1.7677022016385537,0.20833853844580894,5.547411437667671,41.19548368126775
0.5040922448058087,0.6639907150142349,2.0304662282071217,0.3885410034793591,5.997148522875641,45.21440880153165
0.30516434584397145,0.618296186493546,2.140997942776118,0.3006820005093753,5.83872836276309,42.88525564499885
0.428651885968877,0.6600815407978645,2.2125128187908945,0.3226335606101675,6.01316988117911,44.032386088830194
0.428651885968877,0.6600815407978645,2.2125128187908945,0.3226335606101675,6.01316988117911,44.032386088830194
-0.060209835443416515,0.5242887722912009,2.015330797692396,0.2626560199854084,5.460026433010366,42.800676821687695
0.16656394098917804,0.5276497840605243,2.389481279924761,0.3691598942305757,5.920279477170084,44.82762577976388
0.1779975316389789,0.7076834800352161,2.0448643623146063,0.14379563425935776,5.61980927465614,39.63521848323741
0.4814176077391228,0.6416193348133742,2.0119472443350315,0.24221180614975488,6.037547441469491,42.51500095830159
0.3814976982878558,0.6310095274923838,1.9240373082215276,0.3275971521231899,5.837215583697824,43.39531615458764
0.26980373070718106,0.6026132807512031,1.9464458902154467,0.3876826340011747,5.743024564544811,44.55038181445887
0.3447788167927479,0.5794006272284967,1.7477658732764403,0.18769609695388076,5.689352303743484,40.30879713035345
0.17788895988904152,0.5616909978498416,1.8347145156652247,0.3107388800325062,5.678253473956577,43.06746452879924
0.41552313026755355,0.7525705141327264,1.4996382416757617,0.2225645183328924,5.649803743660381,41.06394288566361
0.5349929929469344,0.625356603681212,1.7456838372591836,0.3471937373122016,5.9468438191318365,44.10539363754004
0.5349929929469344,0.625356603681212,1.7456838372591836,0.3471937373122016,5.9468438191318365,44.10539363754004
0.5749166355459072,0.6880532555443943,1.8976403081120632,0.2928901144970818,5.949856191821256,42.95995835680924
0.16291514732316426,0.5391424775475442,1.8379758499283827,0.24210120507785965,5.688910100124436,41.628584763237235
0.08552092981303361,0.5503334958317974,2.1405747843063856,0.26770165454362865,5.684874066905206,42.25982728341675
0.08552092981303361,0.5503334958317974,2.1405747843063856,0.26770165454362865,5.684874066905206,42.25982728341675
0.23129910328965103,0.6413821055161082,1.7758787885112153,0.15810932190833832,5.624489255574733,39.87530537585492
0.23129910328965103,0.6413821055161082,1.7758787885112153,0.15810932190833832,5.624489255574733,39.87530537585492
0.20264466359215738,0.5686294460078191,1.8542636745675591,0.313253090979658,5.61094596561999,43.17470385255548
0.3647246603620019,0.6702392382944298,1.908879893766243,0.2804924642711079,5.776210213375423,42.32398482455861
0.06327728973455182,0.58571381830787,2.1960673627847296,0.23832560045621887,5.6312313134939025,41.695236165900006
0.2299081314127735,0.5262548222433823,1.935289934234405,0.2390855580509974,5.825678819199753,41.69105506653626
0.37559139820089804,0.4587543484048758,2.0122628373101765,0.3837403791897236,6.015991181100946,45.426520253503845
0.39826200204070406,0.5869685130564318,1.9508622628730112,0.09458431402940773,5.8771584238933565,38.66584969493925
0.33480207612696405,0.6718657368365447,1.7008936437885214,0.4602358262479693,5.6342039245377515,46.04784878170185
0.2167189823618596,0.5286587431719332,1.976260698264637,0.22195253120186972,5.866249443365765,41.45890816680693
0.18311322433073163,0.5880441630518584,2.027492851542785,0.2050194516297357,5.781683562482499,40.896037800861514
0.18311322433073163,0.5880441630518584,2.027492851542785,0.2050194516297357,5.781683562482499,40.896037800861514
0.40994971392172724,0.6811716851107413,2.0416275686496252,0.27686941857094777,5.904055317832802,42.51329319326646
0.5101933973035933,0.6556547915940495,1.798728920579102,0.3062394375797968,5.973612596555047,43.3829511876636
0.1192195508171357,0.5300426535503139,1.7126029650451589,0.24362077525544945,5.524788651472186,42.039707137299956
0.22260793483267394,0.5493100170844364,2.329660529363067,0.41417931115161105,5.880932075172037,45.52572183290676
0.42074685580705884,0.6144849855585257,1.8045827081368926,0.3580159165654713,5.847397293366257,43.97191045858808
0.11108134124667379,0.5709676798569379,1.881723835140296,0.42223484374978054,5.536208588363503,45.68005516667644
0.531167347537015,0.7168450693018023,1.6475655295574327,0.32279058553773743,5.7831397902473896,42.9526220573229
0.3583765955405495,0.5878853398850971,1.8938003470839408,0.4054120386977613,5.809313183549847,44.953096048843186
0.4153000466463323,0.660048718669288,1.8418569440245731,0.2818643941656113,5.893141746715317,42.58192111742299
0.4313480312642119,0.6651709311675738,2.012395798336602,0.22478974985254668,5.8789095210390085,41.35759572551041
0.4378785986099363,0.7576097587587832,1.765355747785748,0.1458146732788776,5.708918966776233,39.3371372452379
0.4002756238952883,0.6687008707401156,1.8001612355142482,0.3005675613660057,5.750073800469293,42.595410530753085
0.47399893537039994,0.622597650017006,1.9379571764921402,0.27981427740324283,5.883636800098584,42.422795917284276
0.30501555164490557,0.5201057244186282,2.202152844105732,0.48374747600409906,5.929002172992709,47.116870408699825
0.4291617558671409,0.5105898876043846,1.9618916255920293,0.1862488686289942,5.990233057627892,41.080589424851745
0.18564241467519182,0.5103329011374867,1.730906758121889,0.20644731016459855,5.736997700025915,40.906388632265816
0.18564241467519182,0.5103329011374867,1.730906758121889,0.20644731016459855,5.736997700025915,40.906388632265816
0.41805415474043206,0.6488544581432601,2.049854733875088,0.19232838019118506,5.942918701538824,40.95636219475342
0.2412670252117497,0.5663783967295711,1.9734682671552577,0.3568345733778005,5.902406979700863,44.45315403828339
-0.11304073054522046,0.5093547915288436,1.8235825446627658,0.42551152507471435,5.443615505739591,46.230947669746065
0.24160263146283278,0.5297863206412007,1.6135117135892074,0.2265677328563387,5.627101510811565,41.30154674413402
0.10231101192344727,0.5715055180169542,1.9926352415451996,0.29732562995271344,5.600421441419077,42.93245129503645
0.20627957905732386,0.5862823933737569,2.3410306294347536,0.2588029762161818,5.942635958798219,42.53349476024941
0.2954269187199383,0.6465852105563499,1.984978509666151,0.34290328455239716,5.763696183016564,43.74032729572256
0.5527387727502489,0.5926143160346822,1.793349237818311,0.23654053644974993,6.056843307286687,42.368551732092264
0.1363140050323448,0.5982615104831506,1.7357575934258132,0.4880653513154323,5.659862462096637,46.7812278773689
0.38978037766911716,0.6370325560311059,1.8166310573591953,0.15070456848815614,5.814346965719277,39.641078640546446
0.38978037766911716,0.6370325560311059,1.8166310573591953,0.15070456848815614,5.814346965719277,39.641078640546446
0.38978037766911716,0.6370325560311059,1.8166310573591953,0.15070456848815614,5.814346965719277,39.641078640546446
0.12328455962171647,0.5756003584306235,2.313290662130458,0.4834731886682491,5.809642087720643,46.797809203158714
0.24562574722819575,0.60947060154897,2.3061926699467152,0.25308194672764645,5.847843271019568,42.00960643387449
0.10945117688641559,0.5262342672311349,2.1519307397020286,0.2666058155508504,5.709903690491237,42.22147595756788
0.4846997334621146,0.6706992286769103,1.8698509291556866,0.41798898418219216,5.874992050267114,45.30524142611461
0.218236039111962,0.6267386969965014,1.9715811649982622,0.42600790715636094,5.678694450908909,45.50532919241508
0.5459256670449106,0.5239833476780708,2.115418854836536,0.7290975104206232,6.225787079671643,54.415165987748175
0.38703289409575026,0.5939620940388396,2.002681790252662,0.34671175178960323,5.897804818774912,44.03553434009459
0.19001598146266369,0.622108728867388,1.81756053696077,0.3709385339230598,5.657472196992634,44.35725515426651
0.3099886254340062,0.6079300475171452,1.9350935851675652,0.27832013085850227,5.8187919925501195,42.44849228820864
0.11884586867525981,0.6180448668327675,1.832827537640967,0.1454927201001212,5.56025319131731,39.86225530953434
0.5181154008041046,0.6643303039911561,1.9996242235177872,0.3003207146942558,5.936968242064177,43.07012774011252
0.1943568318871205,0.5742669509815926,1.69389966015609,0.26761557680023246,5.557969090745852,42.382548231587776
0.11548553806209966,0.6448673676682347,1.7863423488148888,0.17495230176421198,5.477708902591924,40.77582439945928
0.39359930077585303,0.597273627023968,1.8904709994331814,0.19007781133735582,5.8525016884307615,40.554491433756
0.5044790895161766,0.5741439278531951,1.8518169035294179,0.27083263989890194,6.002208366667118,42.82810964939354
0.41934114075102075,0.552183689169218,2.231897607382315,0.4237990324685185,6.07746985086774,46.675574944162044
0.236701287479269,0.5656096642916667,1.905903490239769,0.549414298368551,5.718611861283596,48.000293825367145
0.39401909675309565,0.6169648249197637,2.3152864342762203,0.2613319481369212,6.037571814013799,42.94224373613868
-0.1395651078223662,0.42659362696055153,1.835781645979821,0.38997262159454466,5.438483194029168,45.67799742845516
-0.09883384480927215,0.4601555211215172,1.905555732277547,0.3664280269407912,5.484846728780931,44.93027237510478
0.25525428613005485,0.5329390178360104,1.9771713630579388,0.38753117478203114,5.819787224558516,44.84072980981493
0.0031242893694390927,0.44407504747808496,1.6468834592402404,0.6694126664967206,5.639477015636628,50.78325373703295
0.22868888120277953,0.5261587563892611,2.0365436590205506,0.47638589224000344,5.786421984088868,46.578391569010336
0.5519464739560763,0.6810239032760181,1.7228488533560156,0.2617448322258417,5.929611430925936,42.15568388571152
0.5256688172617086,0.7790368436209413,1.6789005479697905,0.20530723259317066,5.759110444707187,40.495675421464036
0.31543625942856524,0.6148570615366107,1.7751909543306477,0.18004124320549028,5.642131772336064,40.21667121028854
0.30489721757644284,0.4810086718226967,1.8737988231333995,0.3569724794588573,5.847039557046664,44.12581148806632
0.08293903469470065,0.530141286314519,1.7775023608759752,0.4022682054057773,5.47612410236252,45.55042869470251
0.4176932294206267,0.724991106689332,2.014962211090058,0.3888414872687616,5.8251680407199355,44.61033629569672
0.25949656321766656,0.5440614855185485,1.7435603570574285,0.2880139120871493,5.697014456174951,42.49790886736513
0.4353942815853827,0.5894644743360299,1.8704700943974832,0.5115602872516284,5.9017273681029225,47.5307592771041
0.17557436680214444,0.5394474824993802,1.9147994577844998,0.2627400438914509,5.6944605361064795,42.05655301801045
0.5793450879160914,0.6013393606094274,2.146221129593982,0.2152268696137085,6.1901160674603375,43.115368846271295
0.259083725676689,0.6289910056448341,1.923283130108853,0.2536312316758443,5.6618443517347785,41.74383013734831
0.6204526241710779,0.795602111500187,1.6992082160660813,0.3222091091381733,5.910118249078235,43.31051483039317
0.3821717133215212,0.6384734641925267,1.5999461949394698,0.21089592590133382,5.67689695393476,40.72257364048682
0.4663280209056933,0.6158535917798269,1.7535011139731491,0.18268660373619244,5.842831724182163,40.31438864400978
0.45658337759503625,0.5683470507818619,2.227330190860785,0.40440421845921726,6.16215229091373,46.89918256094679
0.388954690967644,0.5876197259906196,1.8641622092130243,0.3360660051026281,5.890324760627527,43.682653419647394
0.3493867619044331,0.5749548351162135,2.2200233431079393,0.25332571538542453,5.978432112861968,42.461163265369294
0.216940264867864,0.5203910457335569,1.981619555015771,0.2341783260508198,5.722356796438968,41.45702006793107
0.49303505648517154,0.5511952972335994,1.839509706233726,0.2984948913772376,6.014536404169199,43.46827453285348
-0.018196584726444587,0.5077926546062761,2.094773369372439,0.4433089248388359,5.686638125425544,46.021580453832975
0.19611700750939232,0.5166002502668865,2.1177402044742215,0.5103831339212698,5.914359131855512,47.58577963713515
-0.05957503693266397,0.516078369953108,1.9733424874972423,0.5300031781843719,5.500064422673185,48.14823788500651
0.32054096393416015,0.472805774157104,1.8304739146226783,0.29425053969580856,5.877371667406342,42.90287400866105
0.15058830280611013,0.5341179320556283,1.6216583132187201,0.38734772393501665,5.6050581977588525,44.702986289623595
-0.02725041456782662,0.5004962416550099,1.912110627893671,0.651120632820323,5.60505143231199,50.48066098493043
0.044654112893815046,0.5041255580698543,1.9915609209681233,0.49095106108260694,5.642894045356606,46.96130542019223
0.2929890990660955,0.48812633947826045,1.7904923465832892,0.4871438447809175,5.828450103996729,46.731386134075954
0.32042610879684624,0.5130820576320946,1.813778131902152,0.35363014207618315,5.803275108303163,43.979875825841326
0.32042610879684624,0.5130820576320946,1.813778131902152,0.35363014207618315,5.803275108303163,43.979875825841326
0.22129736304866654,0.4395040791099776,1.6774446071951379,0.4245783518962822,5.749408824472283,45.39089233861791
0.10893994011953978,0.5148894023701744,1.8568473109537669,0.5006178698118396,5.652626146450548,46.98836422882801
0.024881287273607056,0.5342346652654792,1.7716750938286832,0.16419764120345196,5.443752412623724,40.756345155329115
0.23486681477305515,0.6917624170273895,2.0786344773956427,0.3753934990020687,5.705290678139683,44.2101903701598
0.3413728093690387,0.6033298852096334,1.8310577386468037,0.43449665940305027,5.932115331960507,45.93508216461046
0.48397256574073494,0.6172596804950922,1.966955332398159,0.24838345050707028,6.011244815614356,42.43926826243515
0.011108923571058082,0.5784223960581433,2.064212972626452,0.21163591027470102,5.565374743373423,41.31342250436062
0.3068333220251629,0.5908897334768163,2.062684392286407,0.17052392324646154,5.827925853056413,40.145838144272666
0.33869647062649355,0.5851605662850826,1.8365005609877245,0.2981230222380522,5.8970623165969265,42.98169212572919
0.3417811460249679,0.6935529980302663,1.860077406940413,0.34428334990258275,5.71104103432024,43.59151641619505
0.08416970358306763,0.5404057731367673,1.857925385105485,0.204385379347253,5.518545908149168,41.19970742057002
0.205951486805807,0.6628910169649508,2.0923033000519107,0.28745831495372454,5.684959533553605,42.603342818604
0.443167438069879,0.6594619421130862,2.215639615450539,0.28093336437029487,6.002579961190776,43.14659670472664
0.21108883873223894,0.664027735477136,1.7036659399281013,0.2302797977692628,5.482052536649331,41.83925823300268
0.19880044551558784,0.6497024307177711,2.093161364016607,0.29371560924688606,5.7309400795273655,42.600806387949625
0.149115441257072,0.6199329210392335,2.0987583338472144,0.48536454596899414,5.732782767201776,46.73541440681195
0.41080348143841666,0.6400846950594915,1.6826212209356708,0.16630911176264074,5.771023649126622,39.90687862865703
0.34096413159452077,0.5620828871022968,1.8915405851300526,0.1965249910582135,5.913524973461275,40.99283030072691
0.1720053521186936,0.4750278896103185,2.0459363697893544,0.2871690571679784,5.9120660229115,42.95721864099917
0.04586125639989047,0.41948162866856864,2.073277027415299,0.533844349625367,5.96286569477369,48.61154237987893
-0.032142773032085126,0.4441165474330937,2.1168567728464125,0.5944136265078006,5.70979931894855,49.25426513195098
0.08912264898889799,0.6183447883174622,2.2795337138528944,0.22257653659999496,5.710265147805402,41.270575629054086
0.07744810014200088,0.5897814250382956,2.2755787855199023,0.28841170049296955,5.744123372680027,42.66729366126268
0.09406541461143036,0.5215557206802492,2.0432971350013673,0.23325942272715977,5.67391312157074,41.57377708425558
0.14416534935527925,0.6680830918065255,1.89132261570094,0.1287892694186381,5.520295780675166,39.564673183539014
-0.047473233612032706,0.4613851111459778,2.1221596602933746,0.47753066983795206,5.588154046270259,46.894813946765105
0.4370817036563804,0.5491880310415975,1.930741517939271,0.38127666044017905,5.9813100993119335,45.033273772207515
0.28891392694649576,0.5783990124644927,1.9245660564427196,0.3837471084504502,5.889809425716275,44.77695378754429
0.27979303490828933,0.631762399332329,1.9587096206479822,0.5257863255455018,5.809125907715803,47.40945902652663
0.06192165505740388,0.556117540616392,2.1865611903701048,0.21220356526289416,5.656881033895805,41.17441802790611
0.20793086566012087,0.5402872430150597,2.4331314297369895,0.6006441394374308,6.016012352366236,50.16361958206852
0.2413885854310388,0.6163996759520713,2.0364407174936625,0.4939466396568657,5.836387009797887,47.00166848443119
0.11281656759930447,0.6587153075659192,2.1042704301251685,0.3716284879605098,5.72322514097242,44.391909512034786
0.3037100033526128,0.6446479614480387,1.8700953987762285,0.31517512250380925,5.718099426884394,43.02229300589086
0.47811592861316404,0.7363038964454229,1.9145781497778045,0.38936018559222313,5.794508478803595,44.51794037202633
0.1654655077054344,0.5870380828213362,1.5845207173157079,0.4293846047890794,5.481838304055225,45.99513416557362
0.26996536807016946,0.697957629432093,1.6299652516841057,0.2924077497290388,5.615782510576651,42.663995458286834
0.009998728203595264,0.5826573412773477,2.040406800233455,0.2938402629020567,5.554334822511319,43.10824432912166
0.1817574852237263,0.583582184566416,1.8908554379078422,0.07761690269769382,5.598826971680649,38.30617687620083
0.27688354882297733,0.5656183840555415,1.74398065653234,0.2604101488299926,5.6589959101800895,41.940386519254986
0.2676501524125266,0.6370049843538599,1.5255804113958913,0.29953875995937734,5.509348942720931,43.1249508639995
0.5977257846983101,0.8229646110589888,1.6697177228179114,0.2820280021367788,5.842394513779453,42.26611671906223
0.3342158795193563,0.5653071245959096,1.7676862605766728,0.2224201445557454,5.706397292064874,41.05216232786491
0.30409302608104005,0.6053040168400502,1.4562653206575102,0.3280234292769908,5.5601197185270355,43.470040005929846
0.6662438476261066,0.6793103128523548,2.0227126616731996,0.3342935696548441,6.192343318888362,45.61700729539532
0.3366030926966972,0.673815101600779,1.760112903569893,0.5094646631366371,5.6815994930966776,47.00564199450247
0.4106550224661387,0.7752550474204106,1.617199004119085,0.21199111639647986,5.6235826746382,40.794619513503484
0.38145887983245874,0.71044755623775,1.8726942731323362,0.3050795471352751,5.752377462437564,42.80496310451771
0.6346343452819928,0.5899888355722014,1.8565762345280246,0.31683829639413785,6.123712024728373,44.55988018032035
0.3889991976227918,0.5447635209246595,2.162888640907466,0.5012341372631989,6.1154432731456225,48.51950285061501
0.5410631106905842,0.5431572729222405,2.1340913271519972,0.2349742623601606,6.133737744469205,43.066538750079346
0.2901742077936223,0.6166230755942144,1.9712062470577023,0.13311307637372566,5.71433143275798,39.25234647994853
0.006595076363671293,0.6033699847389895,1.9089457466451658,0.39436483411435375,5.560173340351247,45.14531110163751
0.22297172493558148,0.4736899512106402,1.896443547432475,0.43059601312470164,5.854247815515176,45.70022718322636
0.14825388811625018,0.552002604164889,2.1296904756343324,0.35125204060576354,5.768878958376938,43.9007115611785
0.20695581535827307,0.5789853844430481,1.7318026259602537,0.2617990573495299,5.566473439313418,42.26122107650707
0.46653436273659254,0.5594856355930183,2.3094680474559084,0.4728384127716866,6.1570801120300604,48.373626935055064
0.4985501058462145,0.6714162325211958,1.675849183231004,0.45410095532050243,5.822680285405017,45.91469099714876
-0.04256304419173762,0.572139590144803,1.7083543143450526,0.5760929564197641,5.363434952429662,49.95554203205653
0.12108229857674213,0.4767000652831439,2.2209563988564414,0.5639410527722363,5.801301878388167,48.53977451994448
0.09365564561385098,0.517270105747039,2.1853141752653156,0.383768474246838,5.801029030864214,44.749984066092196
0.28788548559844584,0.45036456479661274,2.1250902591818956,0.5266368772776253,6.157264980349377,49.523160501993985
0.37768938438355204,0.6701946135994008,1.9282172781634235,0.23954692739367245,5.770191182976477,41.455887273193255
-0.02727706674675201,0.4972470834510331,1.8721621987701131,0.21647910084801184,5.468340997585278,41.80136894108559
-0.0037005076730929343,0.5675372729851345,1.9567286624834228,0.14169326876789562,5.47318170106807,40.18600586672959
0.12561364286200205,0.5464921764210613,1.8193183405225222,0.4786969579703671,5.579671361453593,46.80305470783032
0.47136305416890456,0.597651899354815,1.8735647973538874,0.5855452147209751,5.899472434659023,48.94679678496146
0.4252743426928609,0.603179835493877,1.83445998940876,0.41191743814784326,5.871701960796235,45.255573523619454
0.17765401923038127,0.6361523303911256,1.79491695816718,0.6975144000191059,5.622407064774618,51.1833278386275
0.18302981002834628,0.5625863468351784,1.8767896673262576,0.2572256482282568,5.591573527804773,42.04099828014651
0.575025780656412,0.641464640231419,2.1789263503342333,0.333736683280543,6.1085584043220065,44.825200109311446
0.6335852190120822,0.7980011820590831,1.8730932647521166,0.17096449181392995,5.960588218974357,40.39724575385479
0.19055908146982042,0.6416219342063707,1.8341678023846113,0.20809917866736025,5.587778782813792,41.065483956435145
0.018697273126690228,0.5097071515554606,1.6413464348167328,0.22371484838886366,5.503901959325489,41.73376650126266
0.2886290180950599,0.583185838818659,1.9483980227718884,0.3574509930467938,5.783278847143675,44.05673139089493
0.35300330613739384,0.67168889261293,2.1627833724925103,0.260440046567503,5.9802002854923515,42.6791312339744
0.2535691334326534,0.5910698466040253,2.2413784487713264,0.30291336299256505,6.0323098377709945,44.04316017022799
-0.0956378162448811,0.4430596874254093,1.8345546471486514,0.5667113492916644,5.498724888199242,48.984653073105285
0.14109040322852417,0.5523839979680677,1.8357633050690396,0.20799244470343214,5.556732160037873,41.11854168732018
0.2342412213863328,0.5670190176703834,1.8013145932061576,0.2766005090507661,5.659412139710727,42.3265758367287
0.4201250520260954,0.5814591792607974,1.9505772001737882,0.48808661375427814,5.932687399468176,46.99108609446425
0.4983320900473407,0.6743887998371575,1.9872112129086563,0.3072516961284895,5.976493118248226,43.443497086952505
0.3589345859483426,0.6660264855118435,1.9144956298745563,0.26346339617291564,5.800247553037492,41.983530120886215
0.04429761506677998,0.5892817348933752,1.7245158973808854,0.4200916121730018,5.501518460523787,45.938364415545
0.4816918296852008,0.6165693893128177,2.056382831632153,0.29158591393349187,5.970620966738064,43.03406120090548
0.5278527956075707,0.6685830044182327,1.8704375587370752,0.18902429897755724,5.945098957406778,40.75437818731441
0.5164456589706072,0.7942587162359496,1.7648542921439063,0.27118583454590317,5.793589280766706,41.95592800911762
0.4189275137930456,0.5887702159938485,1.7516239057599243,0.7389740780628969,5.822060595355257,51.928485819362635
0.20577177871325636,0.4863678480097411,1.677581838484562,0.4225989324450278,5.696997305067215,45.35256131643977
0.2631821054104809,0.4868386886658671,1.9805702663930798,0.3200274255506531,5.799644966010847,43.24691884649403
0.6730814910036292,0.6652626319165167,2.034870999719357,0.29919859240471236,6.115073416657808,44.07563671598004
0.38888580882957874,0.5836666559438211,1.796530019905545,0.20588507477899118,5.836635401075581,40.83116299764231
0.4681716522086454,0.6577165239722019,1.9718307849318768,0.5442258314506541,5.947191283491419,48.27057923433735
0.15262499759243375,0.6052664747372023,1.6273198990271314,0.1196487819331404,5.4273623412068,39.80886075440688
0.07932684985934813,0.45892701982680867,1.9040604260662504,0.3609368511857338,5.725376135291818,44.196842337349096
0.21286719510048296,0.6100077342809966,1.9550019709226072,0.2241531327623094,5.642127290969448,41.256959856134856
0.2856072437525392,0.6569454272628971,1.8836890585988617,0.19371880354928764,5.674223681864634,40.471143051329456
0.3207916363390354,0.5718796903856943,1.903870967117169,0.22710951206000288,5.789490582014116,41.237408267947735
0.1224790608766343,0.6844558862995408,1.851923421590481,0.4421395851168195,5.528328948858434,46.18147568561917
0.18253687960956733,0.4613985514812362,2.0765911114263558,0.28468144671119966,5.804061844475267,42.6033150456908
0.6400693723200538,0.7363686539145271,1.6547574950465485,0.46138583177691594,5.978759238012759,46.51395021964508
0.15697090329880836,0.5374370031503479,1.9700615801462602,0.36838078566144977,5.675084790982655,44.28297627962746
0.5248915908649767,0.5792433848003747,2.01252093273081,0.2396279564885362,6.098650291498074,42.89100904696717
0.28293025374610126,0.4591023476656176,1.9209951426582101,0.28000332700915,5.861677073982866,42.591261813653574
0.19023499098444996,0.5277266625070853,1.9740453967444185,0.3475595820583657,5.739665690799017,43.90352515743307
0.24572618607078167,0.49851625221953844,2.1321969596839825,0.22033274740855613,5.950106273135498,41.74054774218257
-0.1930116060049092,0.46993856309554266,1.9269963991834484,0.3443085842402093,5.448355729010634,44.70628732842879
-0.00913182222854858,0.513242539899365,2.1516909977916563,0.4609911562710899,5.609717159623739,46.53218071132459
-0.023254369711598777,0.5863842548807383,2.2657947839964723,0.3537994314445123,5.583768821572939,44.284597781491534
0.12597496106282435,0.46602955860511097,1.9036295821679596,0.41741115099274406,5.69476948426794,45.32555135421539
0.20219250222702845,0.5697148280620369,2.630212290596782,0.2804347275509563,6.072275043829693,43.786090253469304
-0.2266006436403435,0.5301619533070362,2.267824306301536,0.5316555039121333,5.540706910379277,48.282059720395715
-0.024911534693881854,0.6216159837766224,2.1045142085921,0.19786371499320868,5.474372889809608,41.381744067578076
-0.15586318080297568,0.517901163150654,2.1265589434814625,0.37565577817098633,5.481998997580746,45.199768317335966
0.16320860194951164,0.5398961974583498,1.8646956269633868,0.1842947003107792,5.674624160440286,40.43704417189194
-0.11155881887573749,0.5815020531305106,1.8371910173590984,0.18491107043847513,5.31044109686338,42.173454410104185
0.3362801890913938,0.5213781428896795,1.748660734066549,0.4677321108313602,5.794478362396597,46.18353300725958
0.22466614142586383,0.7306542573781648,1.6947874526295499,0.3844506208823896,5.449541648850897,45.09837314028688
0.05072533679605773,0.6251241028431281,1.5711957954230469,0.24523677451111078,5.349904836698596,42.95283120342886
0.28130066766255457,0.6123401999057422,1.6778246789022573,0.4369689018249792,5.576242442174004,45.65180730778167
0.12868009617413678,0.6670136709933924,1.6229611139498452,0.40526213113790965,5.441870261971418,45.60565476743793
0.23831694967103,0.5424990325958211,1.9923932603749372,0.3950130034189584,5.804975892606918,44.880006537971965
0.5982785054515389,0.5927859919625746,2.054645554372736,0.29688744718238497,6.118165472070954,44.115238762138596
0.36465285404759035,0.6626886843221915,1.957369676518412,0.18892786193717281,5.760947233589231,40.34725706430487
0.39938595875854693,0.5835645126771791,1.9039418086675295,0.22667843515241445,5.836084751402904,41.237158851531156
-0.05859761944475961,0.4240559302056977,1.86691037653996,0.5869907534844748,5.538382295246704,49.3054054667865
0.18837397959995694,0.631216001587328,1.720458502364591,0.4810974567296809,5.677611247519037,46.61211648674571
0.2165826776455444,0.5994792337091344,2.1744099107137527,0.3363091291945508,5.8352119936546085,43.75723885086212
0.5552914350054803,0.7009568185517983,1.8710572740453149,0.29456217315518307,5.909764908000033,42.75436134878964
0.45665396169558226,0.7565860515092447,1.7891982457876736,0.21388375038184337,5.73009546948751,40.799078267718436
0.45665396169558226,0.7565860515092447,1.7891982457876736,0.21388375038184337,5.73009546948751,40.799078267718436
0.4594651087713664,0.6923833221576671,1.6513696184096478,0.27065175236884925,5.731317658909484,41.980508554097256
0.4574263565251014,0.7207241316839087,2.1090010339431857,0.1850033320869575,5.951158025641176,40.80406628569209
-0.06640382871319656,0.6345442217469315,1.4880291765921236,0.16051484096897978,5.148514447148828,43.11600952411709
0.26394097027334384,0.6724494425834356,2.002960597171512,0.30750704047149896,5.662765051507348,42.89376123106036
0.37395661366099536,0.6761264164477507,1.6845739323057562,0.24052550543925055,5.6604381169632045,41.46463988771133
0.37395661366099536,0.6761264164477507,1.6845739323057562,0.24052550543925055,5.6604381169632045,41.46463988771133
0.37395661366099536,0.6761264164477507,1.6845739323057562,0.24052550543925055,5.6604381169632045,41.46463988771133
0.50424494009453,0.6245098852992216,1.785625182701052,0.4690276628317646,5.908805502909093,46.60864638342701
0.3484380613678908,0.7321241307873255,1.9264007235048977,0.3074065892337286,5.723829129501821,42.83960383421076
0.2736349539457636,0.5167347782798747,2.0725841708099138,0.4232216061786003,5.884977659692338,45.666627049627685
0.2719665159738227,0.5111551127193138,2.024755514005125,0.34338713710986934,5.861982894021594,43.95358552214288
0.5644365137733669,0.6909802709411575,1.7486276426936418,0.19911479561322964,5.933732209803286,40.935546879309804
0.5951629436690429,0.695898758997451,2.082401925634416,0.15652753154492094,6.078359601370265,40.8913824374891
0.2550250788533571,0.6787187656477842,1.8284023731390395,0.35852286916599063,5.636206389987543,44.025657554348086
0.47117877582039946,0.6316454926356833,2.0275545745189207,0.25388881841873234,5.949970484258456,42.306251467085104
0.7402592031169085,0.8828856464611003,2.0062902034666394,0.22054476402779088,6.079503636834948,42.06383349718269
0.27986802010353945,0.5658342088702956,1.9544853501017103,0.13036032350665647,5.845766862022794,39.429416867185154
0.14664027058485174,0.5893084229386438,2.0788313166557013,0.334035762028946,5.7504247616255695,43.67145814533575
0.6947733787412109,0.5736311934060695,1.9914813018238569,0.2586315496868563,6.310272612740121,45.24009376243908
0.16078715730055904,0.4967592523356402,1.7518344072293224,0.172910699552351,5.599123615245129,40.28795621001537
0.2850258807918418,0.640415115604073,1.9988982293728799,0.1708845487110466,5.759633544092392,40.04388197446435
0.2527955804860237,0.5897340044729599,2.127588913835941,0.20054306741176,5.792084148514501,40.77508568451181
0.3473044958420647,0.611882740644847,2.1631239580634065,0.37958648485952184,5.927432274557261,44.90066306875454
0.08032797017456628,0.624568327025483,2.080530189169979,0.19981597691538228,5.5515839500430495,41.01786028139543
0.46479597793296273,0.6234585609027418,2.1232754997883116,0.30920602102241684,6.0196502858416405,43.71946686301962
0.5101840306466479,0.5957414146188916,1.8151111339904746,0.4206245267612604,5.888374455143349,45.34830259893756
0.014156690052320897,0.5165749502480573,1.7855211433894769,0.23625250385147378,5.469524811500065,42.1553632182992
0.093877861309836,0.5637332515977302,1.955883344827994,0.3419805189875037,5.693344720245792,43.69253682397598
0.6028162252022129,0.6045492135812432,1.918552568209582,0.1594173822385423,6.0455693420985845,40.72222295836818
0.3397033837770711,0.6245349104827094,1.594601537982061,0.2831224735304071,5.611686384644585,42.421219119391154
0.23400968850618303,0.6788913002256185,1.8229835746708587,0.3533830618371653,5.632608597645389,43.89981168503373
0.019212250435618694,0.5070609268384092,2.320368344085489,0.4611165368779156,5.950105099370237,46.97334233370453
0.204394756440351,0.6028198464572687,1.6649491980104414,0.20647190561805878,5.499122855737659,41.25612362887511
0.17398154864436483,0.48499317233508055,1.7996427873177556,0.3466301757152649,5.703241447645365,43.804190185272994
0.31324870063036736,0.5140715791688378,2.1095507577432797,0.23311694699814242,5.928813723997993,41.844106048690776
0.31866699054838493,0.543827725821239,1.9236796200145019,0.22672373049539432,5.8107446688388515,41.30685021425455
0.31866699054838493,0.543827725821239,1.9236796200145019,0.22672373049539432,5.8107446688388515,41.30685021425455
0.18635183872576594,0.6157267031710473,1.8961095401216372,0.23893625727263795,5.650993653222631,41.6020478935807
0.17735233236707193,0.5073222685712366,2.078505149591992,0.4112799978984981,5.837408365175675,45.24858762893042
0.45888863575582517,0.7502915575646621,1.6561373947338383,0.1926397389325193,5.678790492065417,40.310684277010836
0.3322640678478591,0.6269282636954832,1.6896774649547806,0.2263145610698541,5.663063067906826,41.180408928846624
0.4375693101164499,0.5589005416432621,1.9277573000231476,0.4008008669436928,5.8968249696703445,45.122740178019725
0.18801414302051161,0.6059524185416175,1.8939323814395586,0.22033649790540752,5.682002552856808,41.19641246300401
0.18032923033668613,0.5657243475524564,1.8029157981318074,0.15977527751931817,5.566345167575486,40.071845803301684
0.1635769703723633,0.4956671074964235,2.317712202592205,0.42869876792017314,5.88454550053056,45.822198068281494
0.06225607942099376,0.5963478915729326,2.0393477499830586,0.23348220219523033,5.543936433772003,41.78045002918332
0.5149350164483065,0.6307281432955476,2.031485721671963,0.26156496162282,6.043288755874704,42.868354477452904
0.19334073072261637,0.5450544886190382,1.7863004787544028,0.30280751834163,5.748862661981282,42.851133944578315
0.3801648326890741,0.7061022947753546,2.2605341146032756,0.46161611892892895,5.908029026612936,46.47256949814926
0.33098917625184077,0.7020018211069934,2.0098292502715602,0.33587675290143504,5.744467928678717,43.461852801220545
0.5941182152386224,0.6852528496810939,2.354097746356511,0.31974280774252706,6.179124562760797,45.16362267905323
0.34496572118032975,0.6703726222564713,2.0363771928906695,0.25699229579606586,5.774017044713473,41.805210334162346
0.5824132843462866,0.753016286403485,1.9182555550736045,0.6223215883386944,5.948592165931005,49.71761574823518
-0.0684349256530935,0.5586466970713466,1.98147868505949,0.5242871610276864,5.586959444609005,47.8861359135592
-0.09692474236345905,0.5058167843501284,1.8844994433484448,0.4413937294256256,5.402195429015098,46.97082817307735
0.46711987665109095,0.5442208294337342,2.181809234020154,0.3620807692951088,6.174818417811742,46.13576171312892
0.4990635385924595,0.5922210373202705,2.2028387726981764,0.3864682550871088,6.090157630465275,45.95946693341866
0.12646407594331355,0.5472022416642012,1.9610305420161853,0.5061432747629033,5.639366870078172,47.21018493575578
0.10695108484767413,0.5446811486693514,2.0783736536132706,0.6581554308522379,5.866943276372617,50.57505496572121
-0.12049744716554933,0.4208903377073574,2.34562657868053,0.464806436502657,5.772134308424586,46.573974869519375
0.10848109414730356,0.5346182800002564,1.8878937250108905,0.535124848896621,5.792760527858115,47.73535948531287
-0.04716128616561177,0.6199546652606381,1.9022525296885142,0.2712941199123767,5.338361743970604,43.69643827000759
0.30727188742827055,0.5663601865121333,1.7610126137653594,0.3601559131399505,5.715109449139535,43.93076450963725
0.41265692916481594,0.5940510427279374,1.8424490108680862,0.42194278901138016,5.917283815645804,45.74391800836407
0.4769098929143202,0.7687623062186473,1.7262036034804222,0.2723034292740012,5.744232935004022,41.990044773509595
0.6302714888920502,0.644166726412464,1.7185367591115637,0.287119353945738,5.986187736274459,42.925073425544916
0.3388700868386898,0.7075691292745778,1.8440095823215656,0.2793424572009543,5.689411211515875,42.348526215326544
0.11974045649427295,0.4187543438421107,1.7427907919184986,0.4952251487117516,5.740344716139931,47.08467659292458
0.0949721574362854,0.620076457691578,1.9807551369292113,0.4017759495665287,5.603703193072286,45.17767095800826
0.19409545391743677,0.5328724463820494,1.9150243226811305,0.5517585650262355,5.690317647688207,48.159182973150656
0.2583925209808417,0.5218783400454443,2.110141284872081,0.4817934570928329,5.831500618486544,46.828091401864235
0.24546668346090372,0.4564909341396735,1.737128986994653,0.5697973943236436,5.75115522239262,48.54934322043409
0.10906085151650402,0.5802821274423932,1.56953580523006,0.25279865956963404,5.396382823527438,42.78960788593747
0.30605500877060077,0.5951369981092711,1.9508317755883176,0.49302318789656285,5.736669215795847,46.709057617682404
0.4391778957333174,0.6132368852439185,1.778721729484154,0.45834508768080884,5.831423607763805,46.02434221042638
-0.0019211984294417173,0.4672549368441069,1.7762256741515972,0.5266787834677861,5.606854852187511,47.7741839368482
0.29799400474015364,0.5225155164442196,2.1866147060213117,0.3540095733900084,6.005504408432655,44.74245981748769
0.1885017462105768,0.5260394201312816,2.2812622579926938,0.36898805733945694,5.946210136854778,44.87697011274666
0.2751236370136977,0.5173405922953099,2.2106966547028852,0.5242471529837708,6.044194647747385,48.5909058862514
0.2567751669249831,0.6399141082827382,2.0735476274770517,0.2339027719371961,5.751469020971024,41.399422914711515
0.38473818747386207,0.6677977538501607,2.1484545804690502,0.2174880350896973,5.958974863278387,41.63370001126679
0.38473818747386207,0.6677977538501607,2.1484545804690502,0.2174880350896973,5.958974863278387,41.63370001126679
0.2420322523089244,0.610816608542725,1.6313295577347775,0.16415298042789342,5.618716006633387,39.970669328126014
0.3998460374413974,0.7028520110034522,1.8516909311989727,0.31375902964222324,5.861201826515423,43.11065844780836
0.22725918993030525,0.646393745367745,1.991833546105922,0.47159682337342695,5.8606666454552325,46.58661744736947
