logdet,lmin,lmax,d2_bar,tr,Phi
0.5941332056359476,0.7170265655162735,2.162557653767829,0.32633133854030827,6.110320089636946,44.6831785240481
0.6309772647739325,0.6847553677278795,2.2006347980895065,0.3022772581289957,6.1847653195128665,44.827652829663535
0.44872409774304534,0.5864322187391146,2.232695012342452,0.26734893323822284,6.108647416651655,43.57892792242192
0.41314338119599886,0.5907115564848919,2.1674421195733764,0.2504473075151302,6.043505530772136,42.75477779289878
0.11566587205224999,0.5018874194913189,2.132940351985051,0.36139632434020447,5.845654323281217,44.3625686251791
-0.1612021961359985,0.43233311694057647,2.148389112275098,0.4567150793016381,5.699087039323077,46.37318533556273
0.1851259480383446,0.4887850820753911,2.1921595042731146,0.5248887043733572,6.008731559718355,48.59476889696594
0.38131761586570784,0.6147599835530071,2.0046807553692045,0.28990880566315436,5.904061851168185,42.89891660919863
0.27381119184609415,0.5594435407228575,1.8996591171286932,0.22388354714341163,5.806456034788203,41.28644822689272
0.14953537314445153,0.5345991179003883,1.985766424009337,0.3147246832547581,5.741205548702185,43.18291447349712
0.0712950430690753,0.5474993856868078,2.0240300479299895,0.47173749501052087,5.700580290310434,46.500327074677834
-0.014318641747517735,0.5970189426313894,1.8853106026294597,0.3021501896633251,5.469755864874811,43.61097011556351
-0.004570332085813589,0.6306868653802576,1.8671239223943177,0.21780277128352082,5.471975799170645,41.794511758467536
-0.038288213576406105,0.6035743035745139,1.770622662525834,0.19794316694367964,5.367426914981532,42.03202306895852
0.29507987944253883,0.6002076177287745,1.9173199050137426,0.14843044517378048,5.7926466129270455,39.69045044345306
0.2696064086960941,0.7203625810032037,1.7596616432190542,0.14506934328509796,5.606426499518152,39.625148088935944
0.17469443887977992,0.6448659791049957,1.6218819851798116,0.38334657005193845,5.440033261920428,45.26935613540775
0.11370110347624957,0.6556997658723414,1.6150400431352088,0.22206529560647936,5.401156482393555,42.16762038845725
0.009790463764748791,0.6241384431415081,1.5288877810693955,0.23366489826647363,5.354205547429534,42.733423703950464
-0.02889596944492967,0.5702017262942525,1.5730149267191917,0.3105050107174264,5.333792378848355,44.55452228127271
0.08425499339409798,0.6632255033744849,1.6682309961830422,0.2660187582022279,5.418529839922845,42.992360115517656
-0.17019052521676092,0.5679269162644429,1.7328619249961523,0.37532170934798476,5.300026084871698,46.281009447533684
0.02280630500036862,0.5509560464787172,1.9290791509511274,0.29050131960278547,5.590525374925775,42.859368832408826
0.14768850668146194,0.5830069657871464,2.0184578063448977,0.1865872869161163,5.739167678320152,40.50106798707852
-0.0767503450413678,0.47409164884881155,2.115189562584458,0.3214955258883135,5.677765291264327,43.44653714423287
0.3528281523535914,0.619184924272478,2.0891818646305396,0.2176484975085161,5.991791536990264,41.789319963806115
0.420778256227255,0.5830281600931513,2.0461112433281072,0.15663893971805604,6.041200947235785,40.78924215690067
0.15288778961343086,0.42630464514918875,1.963259184036592,0.4192141345145963,5.880688268181677,45.664786263693316
0.23666603220800625,0.5156343609987698,2.0027139275782337,0.24153850698196044,5.85450437372748,41.7989609768328
0.3557686863839962,0.5982634336953072,1.988288215971773,0.20489427425640638,5.908629444559926,41.14095156851172
0.3786266926868961,0.6068502628010418,2.030196334929422,0.2151607411077382,5.972162710506103,41.598550785618066
0.6060641676557823,0.723674708852109,1.9589204947340544,0.17123878643200025,6.053687690876824,40.98415964692196
0.3767527927635253,0.639119123289103,1.9057454923509012,0.27324942040266686,5.8786044332766645,42.35986604409156
0.08949500852852699,0.5925880874100741,1.9972513415977953,0.3652247479145165,5.703772153889519,44.200232196062245
0.21190815248341333,0.5797096508218404,2.0074599459194817,0.31339206914483314,5.76889732515534,43.137079026460235
0.3170012715748758,0.5732375947091425,2.041494764622112,0.2787336570506522,5.889947970579579,42.67335274636727
0.30841825400730133,0.4814632112245614,2.175048410831091,0.5055939137810217,6.001493549969207,47.99721947748815
0.18947122919334936,0.5103810972732434,2.1084237348780226,0.5051990725466655,5.849356520770042,47.36005208995124
0.21763117017048794,0.5004586442254964,2.0985140049746196,0.44532808603320095,5.863166741141115,46.143723178731086
0.22382465891605208,0.47925332091296735,2.181589635139735,0.440059078593944,5.9639610103243035,46.48112932062829
0.5757340254076249,0.5492952750265949,2.099691879910245,0.30915399094576873,6.184169445041965,45.0399669334996
0.5392867328964073,0.512083395690732,2.0801043231146066,0.3929987502588033,6.18698173553089,46.891819984492074
0.6947052821779025,0.5343704099032566,1.9063157543725429,0.399363295723096,6.213205747290701,47.1104917203172
0.7768512863567907,0.5499360620062694,1.8850411031141352,0.4353330355516632,6.291190972065557,48.658677661468666
0.5254570245776482,0.5573902491126874,1.794904482814107,0.3682583297951544,5.959120616078927,44.6448960185087
0.6762545129845933,0.6003924248696023,1.7104163712640612,0.42994738308480285,6.063205485731141,46.45491050700058
0.8880659278445644,0.6316336858047338,1.761642010371891,0.40608385124076407,6.326380447389371,48.3373371736056
0.6393234536062349,0.6128489545102854,1.990950301144613,0.552494328834933,6.135020824561475,49.69799137825829
0.5094586581353056,0.5630058983247708,1.881714295626991,0.5581136622258207,5.999194625460779,48.85645125823413
0.24338465819525168,0.5338384827001773,1.726466600135491,0.5232409250881542,5.6685615172742025,47.42800473847633
0.06301687165451658,0.46942861213687037,1.5981431281715843,0.5327600096242974,5.5257737093903145,48.13842133445907
0.1266285363254786,0.42783309483858656,1.61099059110427,0.602310829290307,5.636499699027895,49.24121940356107
0.48610459362964425,0.5998014224559955,1.5939163649063395,0.27963709580318136,5.855686248686539,42.363237927432564
0.41490130393689567,0.5872652667963378,1.6871681357047528,0.4008664780984999,5.881853040849419,45.08264598914298
0.38936307705591455,0.5094169737324925,1.7591875525178133,0.38733079158258304,5.868320292439413,44.79504948008721
0.20922154596492104,0.4139694921786778,1.6599647796566774,0.43265307842265976,5.765277608946652,45.64867548733243
0.24689360972370988,0.4051674571603914,1.6762546329461399,0.5149640514643561,5.831436503420167,47.5184040382939
0.25527403764557566,0.48446102586349843,1.711394757120079,0.26227140518932435,5.701823309451606,41.993249084780075
0.1697300962605155,0.4665199242280443,1.8261533639098628,0.23948832404037856,5.72474374439971,41.57337222150259
0.3863947209991223,0.599233147644902,1.9004640686100818,0.21318236050187664,5.928924114743379,41.359646960471586
0.23635437511508445,0.535204276861494,1.857464668963474,0.18164404561680153,5.783742279630658,40.423754585588156
0.6654093544340642,0.6760714632918288,1.8956962959899664,0.19945904270789452,6.125705607451036,42.13060004688131
0.31052355278075155,0.6821340329499401,1.845136230374812,0.27656082103113194,5.752230441037051,42.27657534137332
0.48049433737952707,0.6793429762749532,1.7727846187608665,0.20093609608891508,5.832202540459777,40.67816968004602
0.26172183251402814,0.584392184213716,1.9400328006741883,0.2283037413766649,5.728460074628787,41.267864898949654
0.3324494904523912,0.5249946433316017,2.041153625854869,0.38849848945334037,5.909598486055798,45.062040050106
0.15720554578430268,0.5069605357081773,1.930510935246317,0.4462838966568714,5.644564967845677,45.99961349981771
0.06675470810232609,0.5206871190760479,1.9243871773907082,0.48552846368379093,5.5815344846447505,47.01528660699906
0.08392375505462035,0.542139775081292,1.8083283731447173,0.30258169961306147,5.563662670767468,43.18782827511606
0.28602804572359797,0.6400391692741522,1.8416927563203227,0.26797950691216227,5.741191800413366,42.14446682766197
0.13030684551235167,0.6390512930162291,1.8054216034600523,0.2715408426747383,5.599099207969165,42.4538470807159
0.05813639784869984,0.5688359483216322,1.7825190530493331,0.2830460019888517,5.564293520252334,42.761774743221665
0.20099083011638402,0.6575383993890713,1.702416774273934,0.20179545215720365,5.604176683676243,40.89141610811381
0.2552944962556205,0.6489515237830994,1.7441839637232,0.24566353874764463,5.697407729153605,41.70801710590105
-0.03613153817183701,0.550688307675393,1.8450481766687215,0.5280678648253143,5.510244674638761,48.24796814531929
0.2388612113137547,0.6189424784986355,2.1204774699052966,0.4567776911654407,5.893666789072576,46.56945880108037
0.32158845178751627,0.6191887041610609,2.2145490187170656,0.5601963077023304,5.998302828394157,49.18521762826062
0.08194807044680297,0.5361544903814549,2.1534311836524145,0.5409613436506536,5.792109991651818,48.09559161568977
0.02386373516025342,0.5849413493306774,2.0395969484624357,0.43795580363387127,5.666160484591619,45.945229499982226
0.13880700262321943,0.5819872109371474,2.0089362820721064,0.3756783888521624,5.728702285085744,44.55064195605645
0.44701908475573093,0.5813138655618553,2.027414819755664,0.30048805847687765,6.026926601129743,43.72355966488032
0.3456129677585567,0.5958992894156077,1.9603998013240527,0.32361893968791033,5.875325450083134,43.525630452476435
0.4460966751731179,0.571345748510425,2.0515864436469484,0.37952979859230207,6.027637675301904,45.33745376959762
0.12710010618246814,0.5297900906780866,1.9276254863384998,0.49691358011048203,5.638832579583461,47.025496835691946
0.23469156601705776,0.5488268870233464,2.038798827811101,0.5210458138620195,5.833342155665424,47.64359165467324
0.15886827146269988,0.5386431204286382,1.9063012717534222,0.4473487011819044,5.690857388910274,45.952860017553256
0.31341297594537865,0.5793750511007886,1.8315565975968462,0.4290421673548212,5.784603520791191,45.49701755997412
0.4848907071948,0.6554882105973319,1.838875567585017,0.3529468575446767,5.900195181682874,44.09559847016643
0.21862975954770691,0.5611841470244343,1.8976069651961571,0.5729959984757003,5.694093720855945,48.55719964376164
0.48399865073628745,0.6261302302482148,1.903326377505187,0.4366509342423798,5.956559832967589,46.16543337232654
0.34442054075233364,0.628699526779988,1.8459131016612174,0.4415346770693075,5.77915896936315,45.803335314055246
0.6192905481651988,0.6520020250393888,1.7996692744272944,0.28311512344755285,6.047465642535815,43.30663929890493
0.46835627622731874,0.5503408790200253,1.7198857898515258,0.36864133668295207,5.955778920277323,44.70590355243962
0.28914283624877907,0.4745127351468916,1.8034320910404036,0.42874959770420135,5.8603421398520545,45.759134355309016
0.42436853506877226,0.5192828790778473,1.7951688033458142,0.261218694640048,5.888478921490039,42.14947051598843
0.5743334564613158,0.6185623354325506,1.9187666364153122,0.3304706821701853,6.039446667108231,44.224330310727595
0.2734868837325028,0.581720093128652,1.9541366664091835,0.3140233865763591,5.776129318154539,43.08362148944214
0.16867378749017914,0.5900102212006593,1.9206933895470146,0.49433981105155816,5.664540295554758,46.85868027846408
-0.036179472897396536,0.5610008959633643,1.6722664186049412,0.5248644756131755,5.368625393307763,48.774879320865615
0.03719958032848619,0.5851746686359782,1.5773837549289318,0.4991935947808128,5.388991335457854,48.04542770877689
0.14164829918011657,0.5436807460293895,1.7474210901487384,0.4026926836394423,5.574995915095529,45.12342725458279
0.2577737409443116,0.6348981998785475,1.7684238153929857,0.43859912354427744,5.647681526625355,45.60405523325449
0.2620350753681136,0.6439542989451993,1.6379878240685013,0.3440222268427891,5.598805427898988,43.72387501386107
0.13423977039054819,0.5393092739442078,1.6753970504298812,0.35840283303321846,5.554746098107398,44.31723565141375
0.2609607682343133,0.5850821662761021,1.805613898981469,0.197835086869812,5.71090544579785,40.607346357242065
0.3217423686344356,0.6032750445837467,1.7476743277759605,0.1508375251947709,5.6813536105228835,39.585037704239454
0.38250582870812616,0.5346543067270587,1.8064150101438683,0.2280796379569892,5.840549643006589,41.38351089811277
0.4245611850044081,0.4713663613436769,1.7960100791669285,0.301111247168195,5.939758886323275,43.233489603121356
0.6682398260574657,0.5486133188620117,1.8967705604685243,0.3043764059447453,6.176438343546679,44.73778510464535
0.2608085493841121,0.4772212647022285,1.8078413347520197,0.38828763201358424,5.754112946289447,44.68313716112224
0.06209742767171933,0.5749442074324083,1.7589467507043544,0.31739160752445855,5.439844055547043,44.029825362835986
0.07018733756163043,0.6237842455790074,1.7046568678973206,0.3085492390127587,5.36950726321167,44.23020210601733
0.4520967064922291,0.7652528004348266,1.738678017183735,0.290824349540466,5.685858374398029,42.37899927934548
0.5721094635127673,0.7870073615910071,1.8664293230642564,0.45246933094355046,5.8727866633711,45.959289398443495
0.7974643004062656,0.8498493395876018,1.9092060289910426,0.48865394335522705,6.1452999134653945,48.13192949164957
0.4579842280446203,0.771096381431409,1.858219094505505,0.45711376385489383,5.788703149565011,45.9118187467118
0.3107128427062451,0.7514358131837434,1.9105578863528452,0.3700719377998358,5.640273079561366,44.20730333472691
0.2480860792892245,0.7152987758256228,1.9717054115011816,0.38881111310177907,5.667997867452051,44.64610851233972
-0.1662594167719923,0.5235269250294687,1.9819893759813314,0.6027685165996054,5.431792602803101,50.27024466349967
0.23313786417065752,0.6378942450867755,2.021952498488099,0.4662134680005931,5.742512362409799,46.334861228176905
-0.07225395899616827,0.4367983613229337,1.9895451314675847,0.5054806179817568,5.585765193296893,47.47550957230462
0.017568530901958423,0.5097311273187691,1.9354840833293179,0.397307508761792,5.594829509459001,45.22892382340027
-0.047818553683585896,0.48447243902917553,1.8967320771849019,0.43895298317528353,5.545819623223836,46.26120674330842
0.23899126031672507,0.5518589131924762,1.9545203317382651,0.28047357369496007,5.799378244686128,42.58524432390412
0.17942761135231533,0.5181661058441761,1.9171041381681877,0.3457150324443437,5.734722016962268,43.95530683563446
0.034641671923972384,0.49297197932837516,1.9910581859532104,0.38261648993239333,5.6637544440092515,44.82351072215851
-0.13746857052617534,0.48754419730661097,1.9739302846181426,0.38234917252607603,5.486733695873333,45.322757451816734
-0.12097084703517247,0.4394326229980334,1.9495611132811899,0.3708509973945786,5.575939363051193,44.7217356740903
0.13504033348762656,0.5686745514637827,2.0498521694922953,0.3018550253442613,5.763187282063467,42.96658365721701
0.20931534348012798,0.536800826781165,1.9140796613981368,0.24315407917410997,5.748743448457525,41.639296368788536
0.29429673011161905,0.4939675092839,1.8800016353332665,0.35343007753780586,5.862189458513736,44.110671085240796
0.27555305815681497,0.4917302128441462,1.892535462584252,0.32064677777891043,5.871886434778518,43.49249106408084
0.0996450615575859,0.6022032744427961,1.829765323533578,0.20814695338043393,5.542386658978595,41.25123555836356
0.2946818838389161,0.6112344934372115,1.7311768971265373,0.1848790719713641,5.721893944461001,40.34576430154175
0.04248637631512542,0.5824930781849214,1.7284597554650563,0.1532549835169247,5.49289130135873,40.32455210040083
0.09031118588347314,0.563604450160179,1.7514423735313356,0.19334533166034004,5.619540569627974,40.7690438674735
0.2691088911519586,0.4973794252194444,1.8082158372619372,0.2860615574057403,5.8517431884732565,42.70696647845386
0.0614769052463392,0.4529172843736963,1.9920110152030128,0.3403304310247675,5.771931625299234,43.876709338217054
0.16092120043192648,0.47414877321094384,2.0617284394687614,0.28517614868801244,5.86360035750921,42.841146955792496
0.27685785790607154,0.5978745588885457,2.082005225800337,0.27821534668207926,5.870960791509835,42.579327586451214
0.4276353879603961,0.6181829659769119,2.0695307591721828,0.24808824155990636,6.000328147652977,42.43424710120587
0.06806737454620015,0.5554314985433306,2.012286262470992,0.2983871617169961,5.6742824571232235,42.9317588932685
0.09226849848367702,0.5137047765368082,2.0520030321087175,0.32395848924074677,5.741588408526138,43.41351508041307
0.31472850710638156,0.5239817090653632,1.887076820154773,0.15084907087720978,5.8858780885317525,39.952855283175055
0.21129434015234305,0.5664663392165714,1.8666056872397556,0.15077309939333663,5.774644334268283,39.76812912995604
0.20011261539215341,0.5465044797637754,2.0662182720884337,0.24358130389513605,5.89594110391506,42.02766157859123
-0.01916713199209108,0.49312962546783784,2.024411174357639,0.3426246200933943,5.74375951293615,43.945447340662874
-0.06700638580591967,0.5633178754113717,1.9824147346742444,0.334083638260216,5.533707956107364,44.07204889865558
0.23541080512061374,0.648339310377561,2.0143187833133918,0.3312133537277097,5.797571805117628,43.58432428976276
-0.20019127955509308,0.5229051160178981,2.051948300777846,0.6146802597349655,5.433658592288072,50.42265359680537
0.24539103432169534,0.6214950122295027,2.0327064551791163,0.39543233248309995,5.828703936777546,44.970133429430305
0.10251895371580466,0.6292298208705893,2.0093584231928387,0.4620189932193919,5.67157448546598,46.37233097846517
-0.07252398968073137,0.5607148786343095,1.9512141751193204,0.3581866824934831,5.522559164905805,44.62119863350043
0.07276091413472041,0.5614565690068678,1.9287452003260337,0.32194693168633065,5.686875421684309,43.46168335126371
0.3995705918555709,0.6285037057095555,1.9439921184846394,0.2423407405314767,5.939401374752318,42.09296142998779
0.414579338610269,0.6212691597562121,1.8114067865241705,0.352729586004468,5.886650030075545,44.12169498782389
0.3964567221373265,0.6245415904233517,1.8201270892547154,0.3334516193854998,5.876666806306675,43.68469381307009
0.3539538979448177,0.5980883819635943,1.960667806566991,0.32079144495698375,5.880261028061441,43.561776812188754
0.09387145367675465,0.5581739620227789,1.8564379987538944,0.320095326121301,5.593811312861647,43.531283225233814
0.4441662202726112,0.6431015486278865,1.885992888722741,0.2656316014446322,5.9373812329105045,42.50371821571173
0.30266670428371456,0.6002803756378409,1.9641544709190937,0.3334145076693525,5.873004599575121,43.75512037294958
0.33910308245003257,0.5347723712265742,1.9303453410291667,0.2948394312709671,5.942844293519734,43.19478757767889
0.3056429393049686,0.6042371014581834,2.03204623152399,0.3740734812168329,5.91820205955304,44.72807396472374
0.33658398306009696,0.5393637014685858,2.0720618905282326,0.40568072580973014,6.022729691437759,45.96653726992909
0.5705815934341439,0.6476329853239077,2.0208451664703984,0.291897493235055,6.120520507501479,44.05621583399839
0.36364284429599086,0.5360802142603963,2.106137942430706,0.32700563786077436,6.062468825118228,44.597390260659786
0.39049487850756215,0.5119627765164045,2.0064266857804043,0.3100564964926229,6.03050542979291,43.99055012800974
0.6015454073956564,0.6015092202467769,1.81381339800247,0.29377491735676897,6.073002617881654,43.69351138721724
0.3071963313448457,0.5053329115153734,1.8288993999940646,0.2928581780635458,5.959943085161862,43.220573007233206
0.33516509433545416,0.523015621283139,1.8243878607910615,0.2517235314252601,5.946744490982242,42.27480924837199
0.06817034475494432,0.4589797094420606,1.9459374911155956,0.49598788589439347,5.8389937034885495,47.18304612542445
0.3137392188384861,0.5607442809945733,1.9246519365218926,0.38254194096414823,5.956752345741036,44.96695589651858
0.2236309449612992,0.4969546446863435,2.0422700648673855,0.3923312486465218,5.883550710504059,45.03921279489501
0.25437591139329846,0.5296253998380421,1.9400045522861888,0.38443941140743193,5.811493410391454,44.63773211786801
0.07145430001068642,0.5111252508574112,1.8662536168702641,0.29648877591914213,5.649485829720307,42.858308977149015
0.293356224210176,0.5895790731155122,1.9138013469408186,0.34661725064048876,5.834149530764809,43.89845263041244
0.16253721078982253,0.6307056342286611,1.9087241242542123,0.413875305703083,5.689451503936533,45.157157509267066
0.1462245111811044,0.48151886367990987,1.8651126692208888,0.3601277404730288,5.748799061880863,44.09526282740484
0.04643626468896378,0.4997543847915162,1.8639047000873745,0.45452572700988964,5.744357371803048,46.19899948528938
0.05457439560795807,0.55963389513472,1.8816677093900813,0.49635022467669415,5.793199203381654,47.08405121874573
0.37156677232117197,0.6454083158712695,1.8615648713636004,0.2880206436235074,5.91197478343683,42.8144437051594
0.4376323560272182,0.7151828422464238,1.780248037183339,0.2593051857044085,5.884135459131933,42.0871038311367
0.14842685118369575,0.555288834838261,1.7143587832507463,0.21426314804196916,5.599464028893746,41.121991757645205
0.16844258643559307,0.6154786532003989,1.6443401304659235,0.17392833657891502,5.574997910306649,40.413304733627406
0.23929904567662952,0.5689154199969032,1.785367439287909,0.41404370058969914,5.710024879753444,45.30696885969767
0.29293604981976407,0.6367645732823622,1.6581889482428034,0.4687611754204082,5.710096002921962,46.308995336287346
0.30604930007236936,0.6498500904265906,1.720279406612367,0.408175994931492,5.7162844308811005,44.996723979843836
0.35138298881600555,0.6496078225446252,1.69230221667348,0.18138141687857548,5.7375451454142485,40.20341255557729
0.28835295341124195,0.5495962972348077,1.7620108739229567,0.254982118359979,5.73298166021296,41.78658160197475
0.35604631010702065,0.5588000735190524,1.7170925559426893,0.30065615135710166,5.771867224765802,42.71868125619601
0.321879054252824,0.5809634347991149,1.8474788902292707,0.21249883485049817,5.777587853556565,40.937659514076266
0.48035374441614725,0.6612552314620188,1.8617552624570517,0.2789937832109722,5.871137529852321,42.36745237339727
0.34297452752893165,0.5990248275655821,1.8585719246209438,0.2816351056769041,5.834198784638046,42.43553863150009
0.09743113692546168,0.5285675304255361,2.028549175427851,0.43124784896241,5.743156202416474,45.62515346675985
0.07041368062649112,0.5663428030877303,2.003791734020175,0.3505034921105196,5.681926912137769,43.896774722556145
0.33920264210230944,0.7003838131441434,1.8842711100897156,0.37598574414403524,5.746547334057501,44.1386036032256
0.2956178688209113,0.5510324432638419,1.872755836204024,0.5143767752656713,5.796836508656775,47.22217033019262
0.5558508412165581,0.6938042400313297,1.8971662155144118,0.3744008292704471,6.000599035510179,44.85456864804505
0.4264997649154564,0.7326547977373553,1.892977836474345,0.3176587417581893,5.858415432891479,43.1486879337969
0.4253027997436517,0.7032915007874553,1.8633849798676423,0.20028042712350544,5.812574355144493,40.566309193018704
0.4526492663950224,0.6096590649633923,1.792952974375047,0.2760524621228101,5.884564890069758,42.36131639007563
0.21111249576642882,0.5623479739983157,1.7223121445159881,0.2525624842459744,5.6168413261613175,41.844231325184786
0.2747206234060945,0.535553690519803,1.598742776419925,0.18693110119049114,5.651998427168223,40.38145472872974
0.3954121104217372,0.5422201564607759,1.5431453986714436,0.25010056324031105,5.741278619032466,41.595251744352396
0.1391291803617123,0.5001302286321444,1.4823029430768795,0.3537685851043228,5.48431777076642,44.40809657194372
0.18397392862018896,0.49539170713476544,1.5066628582875277,0.48923422908821257,5.536843389801167,47.04385262349154
0.10862666704646928,0.49918038161176886,1.577402251962937,0.37036734586685305,5.47909770773945,44.86856860563535
0.2403404008558917,0.5316098207016264,1.6093600822251564,0.26064329362836103,5.596514545728491,42.06181848368769
0.3677437946991021,0.5784064591402085,1.5237519764492404,0.33093702369445066,5.686570459933165,43.28277831451464
0.22272973550892716,0.6278945117681299,1.5342697580255902,0.3449787070619469,5.476747492313776,44.2009428073581
0.5371649979018269,0.7222949166718745,1.5396208374754794,0.2995055324632235,5.751542998040309,42.47105523631544
0.5085974257584203,0.7538726073945773,1.586647112917769,0.284766550369489,5.713289318425298,42.16710551062567
0.34945109633318827,0.5226776738462016,1.6958544478455326,0.2686644806122451,5.734399479896649,42.10209480831834
0.16523820268317463,0.5001672888203754,1.65389471661735,0.29253148586337296,5.567338871030785,42.88865710022771
0.3852619490650631,0.5980219575320885,1.613205877774068,0.1492773571307773,5.69129627692257,39.50842776978509
-0.01236530766531363,0.45375202578479945,1.6819958272159927,0.35141795870750153,5.477411471407092,44.58561508516695
0.16054323295655842,0.44176423976051177,1.7102280666826442,0.395935602711755,5.677468130594765,44.93626143490783
0.13975313057922983,0.571242171750208,1.6790696281819062,0.27349943379724195,5.564354179676198,42.48465913101268
0.20592661092975884,0.5707910577626815,1.6720135568951877,0.2331087071707584,5.570833080715861,41.52751439878516
0.5332983386487313,0.6769159423859121,1.6491523862892887,0.2131642580557278,5.864583837915041,40.95866429105304
0.4060156215455933,0.5588985203680362,1.7610434372343655,0.4452684589997832,5.813377054735694,45.799733861953456
0.382617959345012,0.5802936230713897,1.5938875158658585,0.41127182350641006,5.717948573915039,44.92966583474475
0.3822910251811479,0.6570761663108172,1.5589997222166558,0.3955976440927747,5.638328929660746,44.640122432998645
0.2686648157761126,0.7048417209688683,1.6968444515009948,0.3324114502287342,5.543633098944558,43.6327837590928
0.4439827483805292,0.7372237110154025,1.6377980334691846,0.24301035509559807,5.678021066571114,41.39330869731627
0.16272297134884595,0.6622619629421703,1.6900783382839553,0.2757986965499743,5.494260290406759,42.75838078845741
0.12128996691880711,0.6233754014613112,1.7772704659251626,0.167582757896178,5.547163584917367,40.338953499726394
0.3411151975719473,0.5750582176279384,1.760568446129215,0.29958007393703073,5.796029815984869,42.756612156845
0.11665401273884246,0.5174475049112957,1.7111459370348245,0.3724801366298802,5.562058196281515,44.56639981605798
0.11895042856166771,0.5381214612265326,1.796734400181827,0.35451247777446465,5.617748075930053,44.071038063160586
0.36564795859033844,0.6167531643945106,1.7862821832954998,0.22400154965421323,5.81377209282375,41.20639515934981
0.26123842778140266,0.5619584516341932,1.6111914895702202,0.19457184881185013,5.6271160824115345,40.59250954609555
0.29560819976510977,0.5555869489041012,1.692697513579615,0.264317103658729,5.748384276433395,41.9953701283921
0.16153951674536682,0.6123860184111318,1.616837962423077,0.13287064933486759,5.468894122604892,39.87686569846619
-0.04455320986818995,0.5707422566159982,1.606253593475824,0.27883806895380414,5.272454066653257,44.43173164098635
0.06177596514292977,0.6829312533780317,1.5563827230035483,0.26136257864226237,5.323505220040239,43.51179193757021
0.028877293107864466,0.5748724082898529,1.6413323125066772,0.4226513531584868,5.4319016799256605,46.19196650612821
-0.019459622338077298,0.5874681940094347,1.6314175005822256,0.41775309970777463,5.319650891388995,46.886721763821484
-0.05838958695684682,0.5744781651914099,1.7062488851230626,0.28882559563901616,5.369678961485005,43.87420649891147
0.03397793671944893,0.49918053794529366,1.813594582426787,0.26441163457122296,5.5512614071551205,42.42238971939608
0.21775323904671806,0.6225448356886278,1.7815558187602327,0.303704221577857,5.614915243316604,42.93720024094697
0.30516463212394357,0.5911257425319136,1.8301387272423457,0.1960729909809169,5.742459437764156,40.60522470824466
0.37601531286643897,0.5981583231425037,1.8438862489085475,0.15935156808062134,5.808454799835475,39.85221611872872
0.046360107550613594,0.5328315622738562,1.8414532591330293,0.2307005188167006,5.544921199757473,41.76542802175571
0.17682921408102592,0.5589000904555207,1.9775516626546112,0.22092748317143718,5.69183833865903,41.17149067888898
0.1602704017850914,0.5775779801266161,1.8410235027968327,0.12543934968535625,5.594842883373357,39.30596618013255
0.13037424848445028,0.5330742441174616,1.7506120750045042,0.1621333609725508,5.5477553142506615,40.223913756519686
0.28782583226194997,0.6323489247201538,1.7865966871489216,0.13922242584437108,5.647594144538358,39.40076307823763
0.4700937608132426,0.601236881142588,1.749840380028377,0.25539288863661164,5.858785149397165,41.8600532732713
0.5112246382850993,0.5809707837547436,1.9070040123991263,0.26546470419057194,5.998352049766832,42.69979364018224
0.6735136661881425,0.5561047561373054,1.8825607521872174,0.2732714103905225,6.183874767120941,44.14193739746427
0.3340187172343671,0.5492352763520554,1.8556341568521544,0.2412682041000393,5.835756460934325,41.580845840278
0.24572918338296895,0.533555690471484,1.7556536741509619,0.27221290263338455,5.774390189678101,42.16394371479324
0.3146601131183407,0.5597550315099056,1.7236753700562277,0.22281922332050982,5.717838873292614,41.06656048085375
0.865189240463116,0.6734751431635825,1.9243931351973949,0.2455967043025013,6.314617113791006,44.77766021540216
0.4150286055150047,0.5475190660107948,1.9201672326334651,0.17054030283073918,5.883884222438537,40.2360492972501
0.6621163461465944,0.684734914000556,2.06674336484979,0.16730749458467492,6.116773979482722,41.28821872696619
-0.039687578427465176,0.5215213182298924,1.9171038857207374,0.24396922209326646,5.477836170396845,42.28066252314264
0.13706637579067815,0.5872858834669574,2.031248541272857,0.33688468499895935,5.691580819414949,43.575183677801114
0.0577106264596049,0.5659768957908802,2.059952173992365,0.26811313114189234,5.6261638785276595,42.30678211771238
0.09765625962595759,0.5561093606531784,2.017494511854348,0.3011028590198752,5.693784842415296,42.8652353827474
0.19513616633162179,0.5359163758079053,1.909554988623738,0.2605166702668815,5.756679525386229,41.982134538368
0.168411312047843,0.5203521363674017,2.0269146567548573,0.35086587222470705,5.783575077298459,43.92544297103682
0.09962511416677755,0.5121245320103642,2.0163194139826106,0.23943587248084938,5.66815715950865,41.63650494494299
-0.050183444341858174,0.4838186253643851,2.034852260872343,0.27569629998038503,5.583955020150927,42.654813701450145
-0.11924017520814367,0.5382292613166512,1.9508486970137628,0.273173315705173,5.393755447125045,43.50087175543628
-0.013426376874247525,0.5598879609378403,2.0743456162133613,0.3511163883305735,5.574258276416584,44.34399076637248
0.16852433707127157,0.6171645618396436,2.0635944609066774,0.283046881291782,5.6572322986193715,42.58290279670765
-0.000343876482374994,0.5555113170256522,2.0351908862446284,0.33297662349767077,5.557113329386764,43.96545936164635
-0.08301064435149919,0.5479782818924912,2.03798028867175,0.34667241808747223,5.527522227693149,44.404131561069924
-0.01625661490528485,0.5369851297930399,1.8711354632761954,0.35041226353214366,5.5227588393074045,44.46599137251165
0.15826684725291507,0.5300347701334626,2.0128524668486865,0.22446158329713067,5.765092672131461,41.39271235174122
0.17085759070152373,0.47959746173702694,1.971661408788622,0.3307104845625552,5.822299659060736,43.722641880219925
-0.027034766612259453,0.49211230554242935,1.8415051989208604,0.46349978611919507,5.5911596568869575,46.62874249302439
0.21205316405948976,0.5430093014147032,1.7358852511363985,0.30925263021743676,5.673365090031126,43.07345625457727
0.3457525740441253,0.5761393277089067,1.9358149525068968,0.2423564511220666,5.840197338195093,41.707001525393515
0.12904867476433923,0.5485977351809225,2.0301751308850857,0.2563527630681646,5.642669997476099,42.000942530945785
0.17546759892125308,0.5883796667370093,2.0201389814341235,0.1819772195557896,5.669586268853157,40.38302079306013
0.03835507892517276,0.5185964805133448,1.9782844514438578,0.2593721022260861,5.590804780203085,42.217667092313334
0.044063207451754516,0.49457796063007164,2.02885872010436,0.23180953177047167,5.62727629571876,41.60244927419814
-0.04456310216814585,0.5017904129915008,2.029032392825868,0.41371670443478525,5.532582636831325,45.68357974761943
0.16369720509105867,0.6044269377677653,2.080121553782231,0.3733380725290012,5.673764533263094,44.38435585134701
0.16735216593079033,0.6080109060553477,1.9104170049739377,0.3328821430258625,5.572395919413581,43.60831818468367
0.18945850819015103,0.56136494075905,1.8093649976286854,0.32908267279107317,5.608274008859699,43.46510280229321
0.3513003424737463,0.6431938201454199,1.8278019015469051,0.4387969042517002,5.705176726082162,45.46450103720637
0.5204042252339436,0.6435194412060473,1.787264390846494,0.4376352993403345,5.874755407828324,45.64760577941848
0.47309762993123394,0.6108838714744654,1.6912453786407458,0.44722487640833536,5.814292677717765,45.76286725610699
0.5195300684051853,0.5960361339039998,1.782371500592641,0.46418382768428385,5.944951705511844,46.547778078368175
0.6399328475151542,0.7506760723433799,1.6626072977613708,0.3741221521256636,5.936811662617032,44.465459570445596
0.3881012542568768,0.6937859204143446,1.6440174717962044,0.27044660774079793,5.664974598898799,42.01822967477732
0.5059470304948528,0.7057234336325335,1.7589691029247727,0.23333907835516277,5.808272568418131,41.26418440242321
0.10583842264661097,0.6624531670223521,1.5834605304403968,0.29392234932572875,5.366283096953607,43.823557599965355
0.15761814561844734,0.6190409735413227,1.7416173676260638,0.25744232832003006,5.478805766002616,42.39876662593509
0.2740795038543764,0.7108038647888246,1.6677637767005362,0.24110066714301423,5.518463076034973,41.79961360439015
0.5064998153873981,0.7704722069566493,1.6422525981707783,0.23037813831654944,5.718955388162303,41.08321889705703
0.6188822863077863,0.78751881541893,1.6956422377460019,0.19514076615325174,5.879619386119348,40.58031161853334
0.5334172720092962,0.7452209172017118,1.661997538294167,0.19495435514775977,5.797867114055653,40.413567471549534
0.4938695226714701,0.6019215719484662,1.6633218842069597,0.18163437884099135,5.869294394566481,40.32006950462916
0.46917590956514915,0.6392095250513335,1.7599813371777406,0.22359822955919978,5.833874437301188,41.08775241250598
0.29364272577200073,0.6653152952858193,1.6914737794892396,0.18754004111231454,5.579318669658404,40.50763047704524
0.0693917282040814,0.48945076395355724,1.683424604787849,0.35007585652097634,5.515966444830484,44.32945004971546
0.2199516520051885,0.5352021369255786,1.8051049050977486,0.3245139005393048,5.679195276541006,43.32171299462977
0.2678293157469608,0.4717041711099934,1.8726954715613218,0.5550021641366094,5.826284537098434,48.278422716930244
0.4602657668606801,0.4829073826417799,1.897707790452613,0.5896573213712116,6.021310852818356,49.721251068388085
0.17274725131814406,0.47296952480879895,1.774486659283144,0.5235577346279948,5.653260728931373,47.55363343476456
0.24142053520578155,0.508257518693516,1.8100788279314621,0.33437758418366403,5.7052990812168005,43.48715749353729
0.565248035602014,0.6785508653914637,1.9283826146443652,0.2812182021545703,5.967297924843351,42.805446045063505
0.7104391487371138,0.7071469942295452,1.941211398702465,0.3502000831866258,6.157625512841946,45.53415057322594
0.3521218576255945,0.617968087134101,1.9375524692070234,0.352488844273769,5.8588061180371245,44.08710568199519
0.1413696240663721,0.5360392911934252,2.0002800117140405,0.5942516529312449,5.80702778793715,49.200948407407175
0.27007091643833525,0.4984953495114876,1.9687175431069948,0.49828561055088716,5.941135488270893,47.500290136396444
0.5354858850387743,0.6258337820311508,1.9157403505822888,0.33258038220640945,6.0468006179084055,44.37020729975561
0.30090104331596434,0.5853825817451331,1.7656126467547741,0.413954175540143,5.806193746074963,45.12840500755032
0.25033081979093924,0.5520837835675866,1.730035596999743,0.37891484357390043,5.72971090976682,44.34171916345024
0.10188112181357833,0.48829504850451755,1.6994429970159843,0.37459899468857893,5.6358153857662225,44.42662975846944
0.6643674801938719,0.6524881236553456,1.8688225724820782,0.31494096694389606,6.115304077143337,44.34941061465982
0.4539716754325231,0.5375274040843777,1.883937577339553,0.3358056877797681,5.997735516728852,44.180610824347696
0.4728004096475997,0.5593973706765534,1.7833119584379915,0.290275796110612,5.921196461480741,42.806030629592875
0.25704284864502974,0.5529834438836415,1.720076684052318,0.3075113275501609,5.698166080830016,42.86887123684657
0.5656233843353571,0.6151185929799813,1.8844838003773088,0.24827952338353187,6.029013118138128,42.41206431646354
0.4645956146004768,0.6753580048153478,1.7413394426750983,0.1838241518341367,5.814248104474378,40.30445361887417
0.5462626995045399,0.6934444110672533,1.6654703967136657,0.25708403312372563,5.878104997492015,41.936223855268004
0.6015415180530679,0.7406809757687588,1.5860870151766386,0.18586283435051554,5.872659141536567,40.33991540498025
0.7122273959278913,0.7770190025496637,1.574919773848235,0.1705776710823553,5.949276909733813,40.20698129388936
0.6856680970721192,0.6937777474678304,1.6399370108371012,0.2911927941775874,6.042348988229177,43.320626345149805
0.5353696364608524,0.6418382195192535,1.6154128275368633,0.3225908801611369,5.931680147583355,43.47699396926242
0.26289354316561087,0.6168916434129715,1.5954340968473304,0.5571922696255396,5.6907663763751755,48.0640285598863
0.2744189963112096,0.5799565391825245,1.6714390637536258,0.47096230326886906,5.712745263578196,46.206467367696504
0.38169802663473107,0.6270506551427885,1.5959448329341293,0.4774866229712429,5.756468080096642,46.281599071607445
0.42215359923488593,0.5901228209791319,1.6993379336861776,0.39456353089204865,5.803241768198111,44.616427656485335
0.3419156366668449,0.5922405233328182,1.615644336776369,0.408445706839869,5.657434231943881,44.917925099513184
0.44179588350831794,0.6636071833413829,1.5639918080515802,0.269493084584701,5.715086947388707,41.87686089696604
0.27217756349253847,0.5554017978615949,1.5644156540548024,0.39686770767390667,5.611566179909114,44.743838211506755
0.6385806775813831,0.6812106395314288,1.6137774626044257,0.3249140961066609,5.911496478096861,43.26174697552243
0.09871464025190013,0.5518390551184951,1.5957937925914638,0.37420226988596944,5.433884695131681,45.05760590939093
0.23982882440434,0.5924287962283151,1.5855909979390908,0.3190923369761212,5.555507435932951,43.34609605514266
0.22120041395538953,0.5638139605854965,1.5755836868252762,0.5161269890322102,5.53003337092795,47.536159628308326
0.44616161028195256,0.6549858165318839,1.638060390671627,0.46024866672609394,5.767151180682158,45.972358106876726
0.24697392780018668,0.6465246679023235,1.5907304671303741,0.27728530033396864,5.5333988210560054,42.53958167891634
0.34074823228734913,0.7333973047495624,1.5917366498030634,0.32838167021278647,5.603551114889037,43.32116931481527
0.1390029034524986,0.6063170489577532,1.5316475646753598,0.15768716358189722,5.426849014353453,40.6051016034662
0.355187301632775,0.5572162886079883,1.7760442413953426,0.2857254844647715,5.794089081649704,42.43748090998932
0.3632061612070699,0.6055505792518064,1.700467059042765,0.2603020148923536,5.715512023155499,41.84486661562702
0.26431314491968544,0.5707075285402945,1.733375392705228,0.35302781688574003,5.633691075871947,43.93391003756936
-0.02339238725668985,0.49115320445449784,1.6442545011451652,0.4282884404504832,5.400874156733213,46.557515662767855
0.12632186581869687,0.5569975565555296,1.475530419639251,0.30104241359858536,5.431650838045371,43.61866014796633
0.31847638619403384,0.5658355208663014,1.7236625484625079,0.23509873464458653,5.691088929767541,41.349318633899436
0.3819786158969318,0.5583266609545068,1.696956101528519,0.31884015846571256,5.767632528185818,43.067149393941506
0.43244230633193675,0.5357639431835823,1.7554998992213215,0.2967719228029423,5.877852985940414,42.82199409419489
0.17328752875099201,0.514604445645306,1.8437039377163305,0.43775556558002915,5.720930131161064,45.659152371909954
0.3328024896646499,0.5945842075895639,1.904154001390894,0.2877301921005195,5.777414690209347,42.42131614753185
0.4164489768495942,0.5875598627515172,1.7906561226400903,0.34534342223888714,5.837268508898402,43.66313632154187
0.07278159387459282,0.553016787175608,1.7811866048195908,0.2680699111839943,5.495503130924057,42.57577562309261
0.10170139012987017,0.6105455555035313,1.8177108891033493,0.2580403902454782,5.496538019168112,42.39917972265263
0.24087369329625574,0.672311191432927,1.6805555070672487,0.4885619598549546,5.550390796722634,46.84691809242736
0.1150957073156228,0.6629062119203963,1.7460984928076098,0.5263940798669144,5.449513805962459,48.23466769132725
0.3680858805349046,0.7686734378867287,1.762443894724437,0.38434244566895054,5.647711451048701,44.406998732193905
0.2640696494080334,0.6350332358227552,1.7448821390704348,0.31647989274852945,5.639996372667851,43.13573027556781
0.7679081664551011,0.8707884169154227,1.9566314036321129,0.31787780523954423,6.162058981086193,44.72082189214963
0.7387732702494139,0.745340126307856,2.0067585995152495,0.31502312364972573,6.171047793416135,44.77622726534554
0.6968288047732341,0.7459732622710918,1.9454967825836391,0.40450515645053103,6.063341241669142,45.79493905539906
0.18531475344671222,0.5313776488829521,2.1277879410204785,0.7142998389258784,5.761999951999716,51.50080058210681
0.43367784656180225,0.6021262566008602,2.2050026659263033,0.5884285476512883,5.987836321507359,49.50798186391113
0.22059570261282058,0.5522452368263285,1.9972741161160306,0.461274612625343,5.702685216693357,46.233435278290656
0.2386768288665188,0.5638468578409851,1.982933864474476,0.49460893878306167,5.692087669393079,46.98606361259113
0.0638640801496917,0.5824011207550951,1.9933109017432797,0.38922057504153307,5.503582970512561,45.223788112924055
0.11512597584127426,0.6423484109329379,2.0069127073377406,0.2961923124597197,5.555529970858089,42.98585069214787
0.0704469219334457,0.7066615373581877,1.9080957055865848,0.26244184450109626,5.418621067121401,42.867034375170334
-0.08011944991360798,0.6280578110097794,1.9343307192332928,0.5415241009030933,5.342903412217371,49.28057283854142
0.1385353122984222,0.6885881593644955,2.0257781291027204,0.4528409962126346,5.6072874336907566,46.06828427592179
0.11353122571054453,0.5397022229388108,2.1379871474346794,0.5563025089014753,5.72366820934639,48.168246104153376
0.13624639535850236,0.6301470711381307,2.2478458938594064,0.5887098807037829,5.781578902696772,48.92411343580446
0.05550209660924199,0.5826247645812147,2.0854851451379597,0.44772729222179003,5.5886111483110765,46.11127454122121
0.13118336960984267,0.6585547057681997,2.021925779360366,0.32817900745165424,5.596857793989832,43.520008340455576
0.18818737181595252,0.5756021076381073,1.8804879816044129,0.258915807495419,5.642660923485586,41.95574766364079
0.36905594994638785,0.5893506865341434,1.8306374171231412,0.12640131403183077,5.769694425322255,39.066168191789174
0.45932057657497355,0.7414622641166474,1.847230716150913,0.16511674927156175,5.789135624839556,39.792711525161145
0.39568021359525307,0.7509595433141324,1.7486480219964422,0.12213151373931781,5.656528303022386,38.919360827831966
0.2829249916398137,0.6578162115048231,1.8006869939478136,0.13971834934688365,5.629576673667446,39.47665915883432
0.05324443656318356,0.641493712089963,1.7837128340124173,0.18194353193370608,5.397130920719096,41.40288729346376
0.09969296827383828,0.6475683850753648,1.811692961482871,0.25237048182985106,5.4415510908228,42.567351122312125
0.41649096821566056,0.7394573312543955,1.844549082259555,0.26921341650327046,5.714063786258311,42.007364097894666
0.27589707741050523,0.6357335394702388,1.9080427906760384,0.30687469179226096,5.652258403389208,42.89878554554672
0.23208986296201695,0.5756793407089688,1.970565326309561,0.39920403260092097,5.6905119782432845,44.882357132325026
-0.054455321341369545,0.5134067401738736,2.000733919093779,0.43222717270912453,5.561890637278436,45.98221178892766
-0.05750289554852073,0.5932554330097701,2.0437070371161608,0.53210150175685,5.537419675101296,48.2276452079368
0.35373532486641557,0.5583636398365945,2.0322222617680117,0.6576342441031268,5.901909710995066,50.65214935351673
0.3450517858247777,0.5539360424195562,2.0435540681841227,0.565764327727777,5.908117242460856,48.772454109267436
0.1719969370275225,0.5126552434218814,2.1467405692242507,0.5115265593282836,5.881160579417679,47.6529274437011
0.10129155518879773,0.4697033464533725,2.2190625456699933,0.47373324688544305,5.8996809266669885,46.967128893746555
0.06964588232277147,0.49473466769079155,2.255319774920815,0.5349211238144547,5.920784488444333,48.332812305408744
0.266159725888768,0.49226530301510213,2.3155252850241332,0.3677856886486587,6.096550241592968,45.80947764602923
0.4231493507092917,0.4884423394689468,2.4896956258881175,0.34361606631606195,6.254991106554863,46.71264804480158
-0.024397204069358636,0.4778297390916055,2.487317846533374,0.4909793206329882,5.890003029525128,47.446408521562525
0.06126146205922678,0.498077306526476,2.561439817825219,0.40370663863511297,5.958859300274606,45.801412340790144
0.27046612503272505,0.5748032271926659,2.564581127365246,0.23555059894210395,6.072485712486091,42.81714090839889
0.10114953380459923,0.4790702154272479,2.53731777456309,0.27942814468092775,5.952557407548354,43.07935267201594
0.21853337521335625,0.5295876644988963,2.4591145239792893,0.24943932101577115,5.988205671967674,42.52988194674598
0.1249613146786468,0.5519984168762874,2.3694618420021865,0.30129185774362366,5.869034765233064,43.20595395699018
0.13255665045499632,0.5982289682872374,2.3044779935053508,0.31421604716741386,5.786032415451698,43.22533789275508
0.004500001417421018,0.5639484023920459,2.1912829891269037,0.1930203565256085,5.604973365596,40.82305826458048
0.12590735572384115,0.5187462422472277,2.0458854919466916,0.16542644082938468,5.661891107808001,40.076264102809255
0.17725161454254668,0.5821798850254328,2.038151033373283,0.1739175120259341,5.681905819166792,40.16047913801034
0.06091745548409544,0.5414247669932236,2.0290360439208857,0.23467367415550405,5.601700964189486,41.64898581809706
0.2287343167443523,0.5670248651749215,1.9187812834170783,0.24981746609312983,5.727612539387245,41.75686375842674
0.22504408743655313,0.5874871907655358,1.9323684730804012,0.45536108869728975,5.763072956831834,46.11102438304309
0.356482347170488,0.6786063461749288,2.0554897662683738,0.36807026618826116,5.880812206216168,44.47556999522525
0.40504979728114354,0.6039330642398519,2.1954656622639726,0.36202581584672744,6.052084238434295,45.26851994475127
0.39303215482951587,0.6533840629812284,2.169542859355287,0.41280204709759394,5.992126652788674,46.00966116231608
0.30594018262689476,0.6537777306902739,2.146001757456288,0.3093410205681352,5.928366080062005,43.55877785741476
0.2878780996729977,0.6468656858859669,2.101293147769791,0.38253014006175073,5.898340904064892,44.99882163753581
-0.05063138489853802,0.6038235680005419,2.03416563231762,0.3808140418120906,5.541980110686802,44.99692894458239
0.10218343918199557,0.5775068394261051,2.041094167467834,0.2941900163406189,5.694955228558066,42.74813703921599
-0.09013158740839433,0.5580292727398314,2.026747822515118,0.36844096529246034,5.575850938857269,44.62427914147451
0.16187556339077946,0.5663281592806385,2.1532147303031604,0.3171162825053805,5.836571804566525,43.37751091742749
0.2215571823824789,0.6358487763670744,2.1162704830394246,0.32613547663311915,5.858370914127294,43.56164361189743
0.1137749990583854,0.6413632886867952,2.184851482789893,0.32804479457851926,5.805846332566681,43.53319297100744
0.11085903211633008,0.5969786521197555,2.0044391853104644,0.3360481294908467,5.707816447810402,43.575521380299485
0.08549065371819009,0.5657475313376373,2.020857596181231,0.3732657531480816,5.7114089316429215,44.454772946705724
-0.06283272106004456,0.5041284801395745,2.070559563595189,0.46094005896256995,5.6634760679615415,46.48762168093966
0.2668933850264421,0.5878827226912101,2.1655459819879646,0.30739670330651236,5.957940947818208,43.683518502817485
-0.046338307227291264,0.5526327786319112,2.1480853640397513,0.38912091422508416,5.806907590280805,45.050081996750485
-0.29525921605407723,0.44439163876790594,2.169983583219731,0.5964044480022905,5.7088035914083815,49.45534400741197
-0.10209479007071387,0.4740461390865847,1.961480381488159,0.4221179545188709,5.720014949938614,45.63057328404659
0.32004077699098255,0.6203981292357714,1.8108358147896566,0.24575154094145407,5.866143379600537,41.871074106950445
0.29279078933398206,0.5633130344230945,1.943545315082507,0.3120441738866584,5.940760479770569,43.593788081466954
0.7070086555570794,0.643902087311226,2.025677316997103,0.29398569339179637,6.307776861009069,45.92998323733636
0.4205939364803532,0.5807778929250494,2.0829714716135155,0.2151944627491319,6.053063429949513,42.11733976692806
0.49669000929327745,0.5895831569214759,2.0379496052201587,0.26103720011429365,6.1659526328091365,43.916669404623164
0.3932399202987056,0.5650672671968526,1.919356461848513,0.3594210431176828,6.024131284514331,44.94228000499071
0.4063431991836587,0.5568753180025989,2.066825207637081,0.5450277870769948,6.148121068145487,49.81335213153593
0.42454949623621574,0.6124864379877778,2.0340664909017114,0.4433637388598036,6.063152641821151,46.94170797455585
0.4690952213903777,0.6940391497904681,1.9791246164798286,0.32401961963171927,5.993182881481939,43.92997055305817
0.18837925712262438,0.5901218495459674,1.9285518066048246,0.48660078789933353,5.801060834489316,46.824895279831765
0.023499822927005698,0.5734287007170219,1.916304913312285,0.5744944215959896,5.68771957992209,48.69814771083216
0.043080754035173974,0.5769368155874856,1.860436207675247,0.6316234822968385,5.615020646662657,49.93197204693412
0.30501180871559247,0.6626448702033874,1.7645568997052417,0.4451377335707306,5.754896677815871,45.72292198743617
0.36798949615072213,0.7131026827386923,1.6809766864306583,0.4178542956602972,5.663207372895956,45.077318833467636
0.036673746312535394,0.6995255714727984,1.660550166344474,0.43508824146126196,5.321128072976944,47.15610915143056
0.25982697805607347,0.7396977445895877,1.671647738481712,0.38273074556585346,5.5069091883188594,44.82764793774972
0.40694482083198397,0.7298835402867849,1.6074717758076449,0.3459012804491984,5.636948712879004,43.56885811895655
0.4350354238591271,0.6735342939711655,1.750633951634121,0.3782384985724972,5.744129864951523,44.250021129971145
0.42841256497610275,0.7372698028052608,1.8897142338280692,0.4517085329025415,5.782864708360786,45.888707669063514
0.638369196276528,0.6844773910345614,1.9833742103554117,0.4640459153122852,6.081994363217535,47.358825091046846
0.4542855702163118,0.5647106984666054,1.81528026853709,0.4267343683956406,5.904861346265008,45.760400902068255
0.128813249325899,0.4955868878458824,1.9061866291563367,0.5139013932816048,5.660695880293238,47.533307828873944
0.05110934948425827,0.6020296036119892,1.784793721831556,0.5135239183520014,5.504919194385783,47.95292633679344
0.10721351498662757,0.5991684622436866,1.819524779171126,0.34262368827596873,5.5556551152339,44.093925746667864
0.26030622939442005,0.5277960020965502,1.7795452633475644,0.3085612556018117,5.735532810235752,43.000591514612914
0.5467315774909991,0.6118111284415714,1.9504983574091734,0.32535790385902197,6.002886345373537,43.947760419868686
0.40075134154054204,0.566304026779296,1.8670128194010205,0.3068938364509133,5.861523884905539,43.03160000704209
0.15417399640301915,0.56994786082826,1.6958791911948774,0.241097519113959,5.544662764268002,41.83520717296429
0.2803759101282467,0.673812065870359,1.8562816757742333,0.3164510303907543,5.691419129875936,43.07020276687486
0.18136128769406212,0.6362418988927833,1.9066530463850317,0.46721693242785406,5.6483539114384484,46.33965842791673
0.2539753162583991,0.6309931949031966,1.950232558051057,0.2573104384804085,5.735998775619012,41.86764765084306
0.16327795901304937,0.6681478892052806,1.8413754524253336,0.3554281574877463,5.554708054060033,44.15533862390837
0.2315718321045659,0.6516925244717618,1.8281477383947702,0.2620072495999064,5.65016765692445,42.00770800146783
0.0459895119294107,0.5962863043265747,1.7446314312671778,0.33313800202890764,5.493873934304958,44.04554635731837
-0.2404525871294334,0.47938971073771225,1.8206533285802138,0.41362728726522197,5.310487035869795,47.09181049834695
-0.07211813332943606,0.4989573778478668,1.9387948322504915,0.41885110201077547,5.529709876598973,45.7329996973128
0.2238895703831401,0.5637512622639189,1.9396389363554662,0.2157894248944906,5.723640900887599,40.9835903949306
0.3856266280789199,0.6021220680347384,1.8283201746660227,0.20758063340948718,5.830298510687596,40.85428446939265
0.028521919280817043,0.4882477007625543,1.852620213342702,0.30068861229128185,5.619133031485484,42.989400058579186
0.23334325778490828,0.5690670263623193,1.737587157734195,0.20606639058095885,5.706811598697069,40.80893802107888
0.39433263080740855,0.6925681425183413,1.8494656193543038,0.2955023591498135,5.884702343035723,42.829139973190166
0.39273516676928877,0.5651244391370066,1.8849606280031526,0.530437604789734,5.917392396816686,47.95895809783601
0.2992009866760344,0.5766860520014508,1.9530115723285113,0.397063211148033,5.8918409383625505,45.1676884022685
0.2742363737409889,0.5649502425627134,1.892373988536149,0.3724881757249287,5.812352625741726,44.444776129589904
0.2429246676266647,0.6241726248256222,1.8931296800695876,0.22244680188257465,5.67441547835074,41.16588325252133
0.43316969865584937,0.6977420795383276,1.995935162931344,0.2734758622923175,5.827706426761141,42.18642361709615
0.16454518420669884,0.6304247406292407,1.9299951998712948,0.290330724150057,5.565822975753505,42.785466774823405
0.06937819813350077,0.5406220921656218,1.9873178738917237,0.36012061697561487,5.559790360617775,44.34005264726738
0.21420425488016737,0.5151660026389165,2.083515013553545,0.527980172728461,5.8301359102286225,47.709827975334015
0.46263822394486714,0.6415021450351814,2.002813127648649,0.45909860561472016,5.959290961706176,46.51554277028574
0.5398364705906373,0.6368777475224405,1.9914049080997365,0.5840571056107385,6.049633926914499,49.57929263936905
0.27217362871701223,0.5803771256695517,1.9425222027652203,0.5951976794305728,5.714874006709396,48.89223512232394
0.25531990958249484,0.5544036677355269,1.9608848982343234,0.6337798178770472,5.735150235425543,49.75899397455032
0.5110412385756811,0.6558317408678904,1.9200181084360455,0.4994235037762888,5.902445529827468,47.13349323203752
0.08204884066557583,0.5883454631522277,1.7448296653407642,0.584024547943817,5.436537442163262,49.611197052368254
0.2710834244814048,0.7159543330179056,1.556257009448519,0.6124268732442415,5.47388711893114,49.69694014936173
0.46417453508948575,0.7579418470884033,1.6966140158925422,0.4018636332095491,5.707378770666206,44.63246950822664
0.41957679092420597,0.6425054513364997,1.7023246395422564,0.36163095960680564,5.715266695291148,43.903882957521155
0.37089178323043337,0.5032951925640399,1.6896251117412233,0.46361372875663914,5.795348215492497,46.162259878211756
0.4076551223862761,0.5579441332598654,1.6297498039637697,0.30143479338068097,5.780620361291564,42.7424371186002
0.5540230643933174,0.6619985006540466,1.7129733155753604,0.19720556490590646,5.8747859035172585,40.64181788240464
0.40471841647950973,0.7242367077319108,1.5971774371504974,0.18902045153294794,5.622431439944959,40.332245887958614
0.6449660707237472,0.7915117100982066,1.7232767734396,0.23466937767393548,5.884610092384904,41.3535762975775
0.448143413027377,0.646207149604186,1.7341232736503671,0.1993330240274108,5.75381541532426,40.50110808016708
0.6659068617859543,0.7026984581003396,1.7226329620372165,0.2092878879088278,5.968227518997879,41.201596179148034
0.697176690998341,0.6492411418685735,1.6960072057914937,0.20627909559586488,6.064638766190821,41.708290439012664
0.5444339808254819,0.605291427707424,1.5732435946969356,0.3264714823342202,5.899360021513309,43.446920526909466
0.3339958634163809,0.5981375314012292,1.5318635838533414,0.31745189128744206,5.669437269509519,43.03241209149642
0.8482537951281579,0.6947523376621443,1.6154256707268813,0.3322780938753233,6.184215490303563,45.14225193751237
0.6352364383768934,0.5935293113954173,1.6805688611775405,0.21111764067927152,6.008721213111095,41.473396194811194
0.6621380119738106,0.604509745843466,1.7395336962860286,0.2538597944197108,6.0384218725937195,42.514319796866204
0.4430448644412314,0.5568383230007665,1.697083083095932,0.2700520175456821,5.818975277209102,42.078570548373705
0.4207266391656437,0.57653195534368,1.79061874569865,0.2218757759466477,5.840473300335111,41.15920992091445
0.3334465841099658,0.5448294724231747,1.8764043603266474,0.2770276343987074,5.8815346628620935,42.48798312588485
-0.03700688273335351,0.4120354398110777,1.8799029528351539,0.515100425065911,5.660424034177371,47.47446820803195
0.4404663183813574,0.6204468312531222,1.8523616110289969,0.25660251252429367,5.908527469343561,42.089190557285626
0.4662429670459592,0.6173371168599658,1.887548934789549,0.2702681927882579,5.906401913130594,42.320319892606605
0.16808235345323086,0.5876952191883106,1.7934797908764906,0.16464471925443447,5.585606614324947,40.111968001253224
0.2697781402154149,0.6766120700887129,1.6943378856177724,0.20644335592673055,5.600117051461012,40.93936376718765
0.055742551532420914,0.6016182047304685,1.6868941508472406,0.14714817759869467,5.399288433785262,40.64458717787955
0.03955012351312448,0.6318785254755805,1.7098825685833368,0.14095999543368049,5.334137003642029,40.93852776432483
0.2935158194362916,0.6766476554447269,1.6890584311065204,0.0891675585607979,5.547957308891629,38.546852731297825
0.41869264779854864,0.7742341075239032,1.716494223398399,0.17381100599037994,5.670451381962161,39.94001825021274
0.315493734716677,0.7176686587421579,1.85203669320239,0.13705005808355764,5.670519735757084,39.273416756187885
0.10540981379700598,0.67299341552141,1.7506560152261517,0.15495913721534435,5.416482184281477,40.61501244296925
0.37390556717851636,0.7846460646061649,1.8719049776844288,0.14781479097124559,5.69476832565838,39.45766784258982
0.5633887254408751,0.7820521135547606,1.972259848740054,0.21124924617688365,5.910139664871071,41.07768301695583
0.43380781104966354,0.6783027180140313,2.1208967341678027,0.20692452127927097,5.878328449816816,40.98156220841278
0.22229689771338806,0.7012858221924801,1.9665141027877726,0.18697536498260375,5.588055924066105,40.552643137474746
0.17560101016770008,0.671739243641477,1.8739503045987147,0.25191793947389035,5.512537248738966,42.191457059707915
-0.11731150562883308,0.6353776869863286,1.7604024778837148,0.2074443127365289,5.190939430847589,43.736379288703276
-0.019359811512781322,0.5341534615721176,1.8393905238441792,0.23122820986604228,5.441965029164991,42.25813498687088
0.02344896349850556,0.5889284085933778,1.8474602626359309,0.25125404838056536,5.4698240826857125,42.436194746672406
0.0011874808786205837,0.5720927429962712,1.6163568881480734,0.2857511154105399,5.3699094601720345,43.7363081365693
0.3825871892270775,0.6279351421316449,1.7175641345594115,0.24185060285406182,5.735272338006729,41.508461173754576
0.0696969533089396,0.5666262143835833,1.6085328825328116,0.4096125486956748,5.430187167990477,46.068515760327216
-0.012728341769222329,0.46163018751964036,1.8260696372705754,0.776693782436203,5.560899818500342,53.21851914994123
0.3866785415729357,0.5543433635011135,2.0041916762445853,0.42750067597369257,5.970645951265465,46.11535183185772
0.4168951072532962,0.6428203166684476,1.974063037954389,0.43826296986484475,5.911533746392665,46.00814881668419
0.29483288036656313,0.5959973931240464,1.9496614308905618,0.40387976610059534,5.769055457653383,45.0592300840472
0.35813831447830113,0.5531169501724998,1.9127211064180472,0.33715805785784136,5.889324432697312,43.86521646113867
0.3714604240951936,0.6385576609880621,1.935849933838369,0.29022864712643,5.838568866525071,42.70084765474052
0.21676503303483813,0.5787605662281732,2.036652169148632,0.2016572356944211,5.7196623511530476,40.798048807086936
0.42106397407400653,0.609122122567258,2.125779506229078,0.12459569288277075,5.9181554488596335,39.46118643861977
0.3814589811264842,0.5380458137651215,2.0607665248137015,0.3071212640416935,5.965008183815709,43.559541447998235
0.40104888005528033,0.5971767488341799,1.9089785653320446,0.1497913115657908,5.843183629333135,39.72759746756023
0.08329075186408741,0.5259922351845389,2.0322142152372424,0.2108967670535737,5.644893414415353,41.064145662744764
0.19058945615769773,0.5515833117194405,2.0274579961490913,0.2217052734459104,5.743442987520999,41.216260849426135
0.22028491938874706,0.5953042285240681,2.0757300892607704,0.27198039629254706,5.795156603577164,42.296737180784106
0.2599717427611392,0.5088120316748361,2.0992389154391042,0.44724890876671913,5.9730472546567785,46.667013836699795
0.1304494693124102,0.49276058971933956,2.0464755537330506,0.44931917711647196,5.859358942470247,46.32089844941139
0.6072598993228426,0.5996353580177646,2.009116103795834,0.2701810912203182,6.158393264490532,43.936060943511194
0.25393840126591244,0.5542943041213704,1.9591150872272,0.3957341221682344,5.797586708062479,44.8541385484267
0.26589643347365033,0.6064049746705725,1.9495197624759468,0.34746886187006565,5.760828920772749,43.870166310869294
0.3614637040471946,0.6501753918384773,2.0203659407531607,0.3325178904095578,5.8926787855938425,43.805155250502004
0.13705860483637644,0.6141518020271997,1.8215679554220854,0.3072827351999265,5.617982830882392,43.08218342632907
0.1221950297145451,0.5265592303130541,1.786203152997665,0.4208760348290337,5.6140763654240615,45.524410063914196
0.37888375458556417,0.557636757440191,1.9948572971459424,0.2333975989835604,5.925617829880504,41.84297428830074
0.244856690212988,0.5149070853225969,2.057209790731167,0.2834549928229228,5.888178567670854,42.8708014824955
0.09124628838863569,0.5150547608076534,1.9940973792434824,0.24503448794347923,5.705519930267,41.809415152110525
0.23764064529756485,0.6337012850407979,1.9337494871135323,0.2199854592616979,5.728134891177774,41.07309501109671
0.12202372929080374,0.5437726565270764,1.983852710064024,0.2845553704814835,5.701079062139569,42.531577192237044
-0.05962644332222611,0.4867987960997604,1.8965427209301795,0.334892129937263,5.540372124002019,44.00771086592783
0.05309018900541507,0.5643270385818043,1.9356144290907074,0.29798446189075684,5.586577542018408,42.99807077049114
0.1056114246547406,0.5519938745250637,1.9983804533067473,0.3381018085051143,5.662137157322773,43.69364046624693
-0.2977918105478323,0.42834724357124954,1.897202016472214,0.4080658339131774,5.291737825228597,47.16269197825828
0.05377167666455662,0.5967099423365915,1.897445694474689,0.21515994055771953,5.4949642183787795,41.556417454777524
0.1484204076131158,0.5791030965041435,1.940133406842209,0.2367037296401135,5.631583701687761,41.57658655283359
0.32933757830801863,0.6161344237714806,2.0403230508490697,0.24849790015851086,5.838250797721832,41.8043310114151
0.4151378931808002,0.6299011221958075,2.2778369097436304,0.23430346820718168,6.070091600072414,42.62383037167617
0.20859894957323044,0.5954041141703084,2.2996410634865674,0.4032958706392541,5.935703191821773,45.48824433951864
0.4180437782312345,0.6377222935520531,2.263467807074952,0.3321248627725463,6.047165334311771,44.43734976978471
0.07131899171893474,0.5649227278556481,2.09607391104493,0.5158282596033572,5.638282978381248,47.40633846311693
0.03026457242094127,0.5940339168852756,2.1525212371743434,0.5932805555513315,5.628820214119889,49.089130007491654
0.097240410642909,0.5855386667100839,2.1904833787451623,0.5869339697285364,5.694313959387961,48.8499231478984
0.25884115092750526,0.6565653613770638,2.158168618029105,0.4366641958926376,5.80587146037541,45.687668201836445
0.42148105761147986,0.5935468407374901,2.198905750845081,0.442768766123119,6.0529507811195975,46.830499600150205
0.5262380782440009,0.5776952740210801,2.153757093272363,0.3767077445948937,6.160305607666357,46.227912489093455
0.26878139700515413,0.5418669754646677,2.033822380838119,0.3505535747261404,5.825749903076255,43.92183370746837
0.2902985378646449,0.5425952481360659,2.018653926837013,0.3098928946962786,5.837519295729471,43.072379980297896
0.030954142569380783,0.5208648751219102,2.0529260705053973,0.32739951695050934,5.609310886097863,43.60055049537824
0.3129500447831254,0.6380034974298525,1.9695969029812845,0.20935308208237458,5.740554747902066,40.80373657172182
0.18401534615597365,0.525686511109368,1.910294727238118,0.372949554474315,5.689714846262254,44.33255194162117
0.16181054885534074,0.5956632914222509,1.8282021413813219,0.4869894002183511,5.58918580099918,46.7461817447484
0.4224739905443234,0.7552446596760217,1.7831808587483766,0.26794166349345827,5.743669667492718,41.88344592066806
0.4428898375501592,0.6781111628688887,2.0035707429947633,0.3044761323640195,5.9244194081866,43.142019882614235
0.38762037131077076,0.7353950432745592,1.9853457034943105,0.19473177740366418,5.786225316759545,40.48504730113853
0.39266077314353365,0.6532721552672328,1.8089293651590694,0.22070919208030956,5.7338950512010545,40.959651927096346
0.3296085461873031,0.6839632693386775,1.7584970257472619,0.3391635339290992,5.653194578707907,43.486256153156454
0.37101896106181204,0.645000376314824,1.8870558611731338,0.41892423890941877,5.789485349499764,45.17364440771764
0.22881570433927034,0.5847538218553616,1.9253562808813394,0.4135731792637268,5.733066452883918,45.153696828382195
0.38645468214478745,0.7030438485851459,1.965873229333286,0.3653314105224881,5.79362660381881,44.057110452933
0.5917693515785623,0.8042659532660545,1.9840587207114773,0.2616517936520741,5.966245528259817,42.315731557387515
0.6044301668207386,0.6894997389540478,2.1816016603995063,0.2801808497433636,6.147310342699766,44.030328344788956
0.40967929190241414,0.6472523596284367,2.1778454456294254,0.2449341404838814,5.974419665613002,42.23662816919823
0.26059045457218083,0.6799071521050378,2.0640073480722783,0.2297064282100715,5.750801779007985,41.334202795200945
0.05143734177694914,0.6149700854604154,2.0222964992465533,0.28318598127768246,5.563033718626493,42.766035593159685
0.2432649322088805,0.5985066859559053,1.9750026624768802,0.1691612588274267,5.7107458210305335,40.07189557101063
0.2121026196160054,0.6266804918850464,1.8457889307310114,0.217563017303351,5.58876584971887,41.23364021421235
0.4151904666900328,0.6958982641495874,1.9016932261045643,0.22216026067561978,5.782462159401522,41.07402264645394
0.19158926514866625,0.6131716414183573,1.9608637090568664,0.1769576393909034,5.6157999441177715,40.337829193402
-0.007796140198167878,0.5791449710949054,1.9183245293973916,0.189920520723197,5.400620346195878,41.571183479116684
0.049118912225952216,0.5307892925065866,1.766510540300771,0.2262280481616336,5.4505378755093705,41.96775763299114
0.2717588508817941,0.5451788645861898,1.8221273396678765,0.27844185100190444,5.689195836070677,42.27354439835368
0.29828258161231047,0.6059485952650743,1.8510567597537246,0.22076543428176645,5.682488790454041,41.03199770848154
0.36693667838934896,0.6329400790515826,1.736822876830011,0.2516543771826444,5.686380585303215,41.644623151784515
0.48040860947345804,0.6985069343990006,1.746085777560728,0.27336615867339453,5.775041368561275,42.07713238122535
0.32834186170942004,0.6069352336474598,1.8643967769505392,0.38589100648119984,5.766757484776852,44.52786968580452
0.33636154291399506,0.5911086321481007,1.864749360245351,0.4802463700013447,5.815992841703763,46.59252241958658
0.4299068399426816,0.6503029147301843,1.7824797094287885,0.3951163164895193,5.82278390241966,44.760975984768415
0.18984504042942418,0.4852085671527407,1.8696345262580403,0.5474492312366607,5.8083691257162915,48.07743611250216
0.16782342897929658,0.5073898318018856,1.8605682361392144,0.46582464638309945,5.766862611614302,46.2942939000408
0.30310821080868894,0.6544913612822244,1.780674738642344,0.28115249823217536,5.67282246526834,42.321170551841504
0.11771096848991125,0.5208692968062696,1.822647848501723,0.4902737387396004,5.589155550952172,46.98182873336385
0.3751636022646362,0.6043006128383216,1.7789324332476237,0.433934711632505,5.785910584969532,45.48519206758692
0.36240667210486166,0.6335337004231868,1.84021350442268,0.45132175510329725,5.849160047614025,45.93455402435598
0.32547866901841355,0.6500551158224017,2.0654435225700163,0.4516129054061627,5.863337779057998,46.06369798020782
0.45296843852956015,0.7329557485128297,1.9752307415826778,0.2677126303217678,5.820907893595643,42.03048538277145
0.3680060791594516,0.6690083711557564,2.003257406662537,0.2349589196331407,5.795121539370265,41.39182350442573
0.3682110859826387,0.6456937294322669,1.9113602670052223,0.22938599624385195,5.812430148737902,41.3102023706773
0.27744344110487035,0.5453899699896567,2.1031474659664813,0.33294424306382214,5.889046243616042,43.80101007223882
0.1157139449534692,0.6154526921244033,2.0028513810875466,0.21919729541647925,5.671448602987939,41.179944564457024
0.3721611395760644,0.620551359349364,2.007530382121959,0.16636554034377168,5.851036450179608,40.091130617604826
0.13519189551432143,0.5667476515456159,1.9736396593316683,0.35900131618330033,5.654386182408375,44.163345867846395
0.00022142861132323777,0.5887898994804452,1.9806584101396918,0.42426132330622096,5.486428134276592,46.05807021054456
0.06188421852819814,0.6071727991272776,1.8694256269417373,0.3041398088406307,5.463805504948255,43.60483270388156
-0.08940698257904,0.6307970119085302,1.876422666572493,0.25681317872711895,5.364013382511587,43.28266968011161
0.04587260156994655,0.6502697691406919,1.9037883298372333,0.34521930795477546,5.454995785361053,44.442982294723954
0.13125292023033186,0.641504507403666,1.9537956876981974,0.2921002215643976,5.589067988874386,42.815123053720704
0.19971383750824667,0.619872893803131,2.003367435271913,0.49390785291779954,5.703434406829747,46.84265778159413
0.3500361382273854,0.6730979493983256,2.0236961184197577,0.47737410000032576,5.758128417857969,46.414764089988246
0.4560100589232027,0.7368539857186533,2.003150706687978,0.35996079811993537,5.851740278578431,44.080576973129325
0.31259385126487554,0.6910058798213924,1.9251083217138634,0.25897583023954107,5.718682248495981,41.86374513002596
0.17167810159019947,0.6616557828344183,1.7933023506148396,0.23965435277786945,5.586479377152573,41.69513737378582
0.12255964361617477,0.6864506935820756,1.825846132624108,0.15337382884012052,5.514885078431221,40.1746033763446
0.2472097946174327,0.6578790442607831,1.7009962364438034,0.19456461262233873,5.601910672095865,40.68492482305096
0.33476022675198847,0.6699972504288227,1.8310952182078633,0.188402408617282,5.737859986535077,40.40192714686552
0.4610023661678576,0.7271003694777186,1.9496286580099629,0.17091014300047408,5.8987502568881105,40.326134885252785
0.3073319384004913,0.6222804921979352,1.862320716653654,0.2344344097355685,5.7791391617423065,41.43415903891103
0.25531732174749794,0.5457369880756527,1.9212512436549523,0.28983746511927116,5.832352705528598,42.72848550452036
0.36929739703486325,0.4959484998892322,1.9063198006624988,0.33398495947000195,5.973363051457863,44.067894034518496
0.12154553112471778,0.4789584654996918,1.9490302253025842,0.39345537661081253,5.7799834767821405,44.898630637389175
-0.1956957782510138,0.4238578870429663,1.849017316798871,0.4264677911065189,5.432007676618644,46.45451947287863
0.06407904102887418,0.4813689321146456,1.8970289040425439,0.36886952251910754,5.622778138171523,44.40695522979424
0.3900169062513309,0.5702896149233454,1.8970064038183394,0.35965876281151266,5.864084836810519,44.08161358252514
0.2876408961339035,0.570177050282187,1.852266624704474,0.3425396357672111,5.747498699812275,43.5417257828254
-0.05074701883290189,0.5019893987732542,1.8886191557603784,0.43956347631633536,5.481787423587367,46.326002218086686
0.1204061318680768,0.5821597426281498,2.0189614530337856,0.5581822289581274,5.684864975479592,48.29221378466052
0.039249690192465825,0.5755149318830758,2.02870957999491,0.6430663889418708,5.6493358524188775,50.200787488891095
0.1297498789388405,0.5614742093623384,2.0277096107138957,0.4170649718280784,5.685504534510287,45.38136351682748
0.19379376483985322,0.5719572791766013,2.046147568223247,0.30167714643732546,5.839421027501585,43.10356979035876
-0.07926847274434745,0.47872440285065215,2.171005190415582,0.5453853566429699,5.719702614700134,48.26269759152264
0.1599813412316573,0.5063545150107829,1.994207614275475,0.27693847873112365,5.778285682129288,42.44627655778499
0.36295498320687325,0.6180926424053631,1.9379803229121224,0.1528714601690577,5.8760974155458845,39.88380664844657
0.38416198872698615,0.6162439901281884,1.951070461219591,0.18283028720974218,5.887900782751493,40.54956290203913
0.285620872486541,0.557106776093331,2.0177744212993933,0.2100797116839317,5.914602133522465,41.29331915155552
0.28873850640560844,0.6031547617179908,1.8963895640912103,0.19128974802968757,5.794833458972923,40.53234999917269
0.20724453090023387,0.5334675862722993,1.892543828256621,0.4027224478055783,5.8031918934260585,44.99421924170026
0.2763733535663145,0.5687299847653463,1.883358799071278,0.365093812948456,5.834205122528046,44.310645077920064
0.32227867803559246,0.48665912276403867,1.8543112675431574,0.42124406089454813,5.85502720340486,45.46493941042378
0.2721088921637904,0.5125835763077579,1.8878791776023591,0.4392750517728414,5.78714092590774,45.70853185238287
0.37863413156398135,0.6154366330395158,1.825920008877937,0.29997809460911107,5.806070931778156,42.78431970511075
0.4295493378878162,0.6647942621338361,1.8872803078718887,0.3357639037384344,5.8096263677111555,43.452503625769666
0.3038434150645158,0.689493864573665,1.7934617869374103,0.29401459645511513,5.603582950489493,42.65432072272094
0.2391765095427999,0.7283345329903286,1.829052167121331,0.2687066302534873,5.542017393804613,42.350095838201476
0.4097583247496227,0.6899542939443225,1.8417028797515886,0.3303738335622859,5.741051605684354,43.232906174401435
0.3017515964241091,0.6916891484755563,1.8803973385386765,0.3179442666275773,5.677890701616683,43.08928927542233
0.08344785480590322,0.5447491049171292,1.7990096793306747,0.38740516891548316,5.610285066557326,44.848041217840795
0.1482489845743915,0.490677853392709,1.921346419994403,0.34952092662606493,5.7729276529302815,43.985051804298315
0.5335607878480058,0.6187471383659968,1.9692251510572347,0.21585547525121518,6.053742000973127,42.05077992885491
0.5199127213335786,0.6941669270079422,1.933359347336904,0.24946834028981352,6.019824393947284,42.53707362391202
0.49066243971715606,0.5879836521995766,1.885038528852521,0.1878923551954802,6.048614281062438,41.42808552721494
0.3236411220098261,0.5435986395828656,2.0359218367189698,0.33328241732400943,6.04931559102941,44.65034948929942
0.16736952114826953,0.5389799940534156,1.9862050955789035,0.2847075367293605,5.818202287208999,42.664246157021516
0.34388526317139984,0.5603366470327421,2.1055512147650317,0.33056989870607795,5.990769700890137,44.223680836272344
0.668935460960346,0.7396877700983865,1.9688921337998904,0.1581988117541044,6.146827283222557,41.41610630696405
0.5706185523286689,0.6916025814971551,1.9827359610835833,0.19573735413693732,6.028452482357746,41.39108559268425
0.42737572983940936,0.5533518835957901,1.8908626040495968,0.38650338234490633,5.8854640939901,44.72578611014662
0.26533710837858676,0.5662880408556167,1.883445966081698,0.3273218874827369,5.70829613015502,43.29673231117643
0.20916917327296713,0.5377327419850966,1.8910258921079097,0.25494931753440075,5.671344522869186,41.906793400856195
0.2934421998699799,0.5453439207397474,1.8682073934932903,0.2989275028118309,5.732453149778955,42.73111205856246
0.24065334112819836,0.5305399689121214,2.026202554186609,0.3239628347087229,5.7789810938969035,43.3755548472932
0.26228137856287337,0.5016749910669915,2.1219050759367253,0.30106996786262197,5.879047782626893,43.0906912181749
0.33770175673556885,0.6260064983287894,2.1461204915452554,0.17913729918004134,5.87259108317876,40.49902903635355
0.4297822781050369,0.593957958234558,2.3444932084398573,0.36198759300858663,6.069540268224337,45.28326127062367
0.19129140688441704,0.5375843179095792,2.1654255021757773,0.427902326169849,5.815243289503557,45.63721533328806
0.658876295711178,0.61726120228779,2.058769122404738,0.21027332698925066,6.178130235097153,42.79162142095057
0.5729486116816513,0.6345421830995334,1.964138151597329,0.1816307750770539,6.009809864662683,40.93794263926817
0.48977008555748636,0.67825829053614,2.0323316977590142,0.31577339364331447,5.947448598393066,43.464847585802715
0.5480937133434531,0.6735939312807219,2.109636773602864,0.23335167277313873,6.021053738919607,42.14993986861672
0.48021016177974607,0.6951401091302946,2.039688663348724,0.27979059074293916,5.950380017584601,42.770966751284256
0.4626931391336099,0.7221103910996269,1.976549056994105,0.3790114579394897,5.8774719036115854,44.57305048498431
0.3057114366634158,0.6798754168203115,2.055953579093409,0.3696333335934549,5.772887262554108,44.26684228914205
0.34368942416263587,0.6454570841188726,2.117466242903638,0.36396633208415896,5.8387503061070865,44.2886302902956
0.5048409340695176,0.7507918157218927,2.1400375964578187,0.4425099064543279,5.960419555791958,46.22829627187902
0.3627302021201728,0.6510334664870276,2.165744283002124,0.33549922788572356,5.858567580230268,43.71601468154164
0.5118620610634801,0.772614725473635,2.0945831706570166,0.36887484484948135,5.917534808857033,44.457739524222355
0.19318373664963717,0.6863269868420439,2.029911866693803,0.2872932647664459,5.6311905453336895,42.615219838333374
0.10975069823517003,0.5947436476126539,1.9148877312553414,0.3867324376328705,5.564343688660288,44.871563900336945
0.23791842080587994,0.6501900891186664,2.086695593574662,0.33467591278559705,5.75413073784605,43.497714729008216
0.2516857392131492,0.5794982870540271,2.001757776167195,0.4794306735802121,5.787607549649212,46.563856700844376
0.1130732858308654,0.5380040580806059,1.9580230194001735,0.36310541956175335,5.651514858283422,44.2223202138934
0.01875895531098626,0.5512872872352776,1.906524257135288,0.25881739798550857,5.525800222867773,42.41381340651668
0.2571531583400511,0.6136724345361598,1.9184552545262392,0.18835712058641788,5.694183423327612,40.454563453138036
0.35447743832959167,0.5674783775855463,2.0523718534263855,0.318486335233486,5.883182821416725,43.43291402561939
0.3927173837286171,0.5343988094156384,2.161789226864718,0.37825350687716247,6.0355441041945825,45.41819265601271
0.2630566446413113,0.561133789867981,2.2063847682415614,0.3704324037382048,5.898928297552372,44.684020078696655
0.0489151247720091,0.4966828639896327,2.1848622420708956,0.5588422677456213,5.785440177857872,48.398732384127875
-0.008024659869526496,0.45707934870657113,2.1844388162888833,0.43703840267286165,5.736112753025409,45.88304740407266
0.11557209123875511,0.6140380181645703,2.2602055667983594,0.24851156518142195,5.7404727298501665,41.824964877618626
-0.18029796827339128,0.6053613663709377,2.1028472746066247,0.3430216937424302,5.424446815611853,44.76628038165432
0.0223361256151422,0.6130325161796825,2.012294891426121,0.20417617468601304,5.5416039979485845,41.20160102997181
0.1188193561156402,0.5772155940138409,2.0417681560528838,0.19641863704371823,5.696712689661779,40.717246020202
-0.07891405531532936,0.5013422253246065,2.1931553723788184,0.35312900502982003,5.5858163653602295,44.28314400207028
0.0896487868517507,0.6223778140147855,2.1594970041716373,0.19385680800878957,5.682153749173424,40.69019436425213
-0.0344546026967546,0.6127294723651574,2.1682026912192813,0.2155291904671418,5.5594726432505945,41.4380600504381
0.4718794188991496,0.7345089491588263,1.901581353186507,0.12991668172629178,5.865226613461887,39.27904938319382
0.3590257224034388,0.640148646713334,1.93193499621499,0.18065812064940395,5.791027950156507,40.24375820116377
0.26814641615848245,0.6261238902694483,1.87216238436058,0.29064159699183056,5.679664723524611,42.54148102924316
0.06998253727521109,0.6243370492580398,1.9386121144027864,0.1994078534489081,5.506518514879561,41.18867158410822
0.02013338147100463,0.5982278408146101,1.8040028019876133,0.3603032954457659,5.476884323127155,44.72201861170425
0.006072658812027454,0.6085884576654702,1.8115705025489528,0.2628066739356022,5.429279285949184,42.935881701346595
0.2476820214022073,0.6543582442391906,1.8317192987525253,0.17747233081486508,5.629396256833872,40.260067837105936
0.06901127994155143,0.6754762768796231,1.7823773561387575,0.21819274324233862,5.384108189912043,42.188691384772525
0.3369902706476617,0.6325131931354985,1.8065897784097125,0.2281685142411109,5.660338176721753,41.19782204974773
0.3563455565081214,0.6645306989219553,1.6528448645687372,0.16311086654426102,5.62654931632769,39.86335017755151
0.27085921411528086,0.6846201900063136,1.6458368113246638,0.28945488458642304,5.555101956331706,42.65208218749408
0.21828433472325015,0.6111987983721954,1.648813872546209,0.21744893228910672,5.555190437449243,41.20455601272416
0.19526671135462664,0.6668738150173267,1.7496321017879342,0.24955223825989023,5.504393818609609,42.10386098459214
0.40756068413407365,0.7027734403169743,1.8096957416325645,0.33198743674110076,5.72654455996663,43.24400148525019
0.3307192804004977,0.7165791976138597,1.7174892432697462,0.3647731636999739,5.590077197979214,44.11042889078591
0.4440662083117788,0.6617379729339247,1.7753786465678605,0.40412935441594455,5.755777324172441,44.735313739326784
0.34446897622384803,0.6187186415531706,1.814723190103275,0.4409608126977794,5.736848262452563,45.5844359276076
0.5691484374787008,0.6494731234078198,1.935133263660391,0.47160944038292074,6.0095180282220975,46.969039324535835
0.25195853918940575,0.5811674436656491,2.044652441143218,0.33230385400161905,5.793767051363739,43.4983893249712
0.300735354739473,0.5527856253343499,2.1034592966202363,0.4015418909314127,5.927785231831679,45.347072070170505
0.4194541206118908,0.5637260042797038,2.2522224556187966,0.3872518699431771,6.082998957777374,45.93499183844528
0.26726520277903165,0.5831076101633661,2.2944293446567565,0.2560245979211897,5.898619833368569,42.22291515294019
0.29370909966686487,0.5362761108621267,2.336169478839092,0.2909809242260537,5.9729244242998085,43.26135792889024
0.13774964636301934,0.4798686845571404,2.376620051477872,0.35762907663822247,5.936624797805777,44.70053267765907
0.508626407873479,0.6647990068172879,2.3336198293480797,0.23986008401849787,6.157749831425258,43.41079683023159
0.5209792606075074,0.5893957908894181,2.321668914576633,0.2769673887886695,6.173255811999859,44.28293460316735
0.2348013707983687,0.5143045421876883,2.1992621484022714,0.2952209447490221,5.955946995158388,43.28442625270817
0.03669601347561624,0.47020905007593605,2.260261237631687,0.3297939165027058,5.852083629410547,43.72508789136681
0.2298629107503204,0.5126729769776386,2.101127674989848,0.26073734637940577,5.915955634506167,42.41014987024766
0.20742935719640443,0.43426844525148534,2.2337075393596217,0.4607184817800182,6.032907219997492,47.28171702331548
0.4611002894560184,0.5372905091111911,2.2229501785904846,0.2986050336165985,6.134625867316995,44.50106027645576
0.3888097014245364,0.6154950799578344,2.136307825728279,0.14780442748253103,5.931356205963951,40.01792413198351
0.27501240535416227,0.5481928922847803,2.06174893351642,0.15909369063269402,5.819134110155397,39.95084556028853
0.3538476381803317,0.6425046597406682,1.9939629680699393,0.1717384080346491,5.793226191224972,40.068935930573986
0.6404594013367416,0.6620488252220182,2.0969450406229306,0.17042977646821217,6.139796467066273,41.64852574397765
0.4815022945615625,0.6036757925971489,1.990470742025921,0.1610248577837373,5.970977803651597,40.37843806628171
0.13064446973835753,0.555790154676979,1.9657718426534296,0.27163822860955966,5.596933493400686,42.37954200398095
0.11384496331430849,0.602024783040648,2.0174339713910796,0.3216122790834743,5.56979901591902,43.48565649418207
0.17968744691423855,0.5506165719187658,2.0850745215099633,0.2395728731427947,5.727892034587175,41.536215845707126
-0.06067386267083208,0.5481107770599644,1.9967258644528136,0.2835620209081668,5.462007621143167,43.24136228133551
0.08717960676816383,0.5135765792628026,2.1538053998200115,0.33229613755227017,5.738986853567085,43.58665043432402
0.43266466448090457,0.5865611219994413,1.9885382039164745,0.26968086378549,5.883261157644723,42.2981501659957
0.5010658854828278,0.5484199799021768,1.9960695065267628,0.3400493001920821,6.007686847603551,44.33878999173361
0.6261124289383428,0.6532417824025467,1.917966993870479,0.22280461251501654,6.022602379969589,41.821300282160344
0.17603546778754153,0.5388992663200385,1.977747982799058,0.2775203197086916,5.697706325470402,42.33603184328643
0.15707846727947472,0.5318855655338333,2.021132187322652,0.30469699515713095,5.704485286381851,42.92868808739158
0.4743158496921459,0.6167492657743732,2.1131118508565683,0.3745066012264413,5.987988976808252,44.91848886117801
0.3532892427118153,0.6142300305667939,2.0800900268631834,0.3073876018186928,5.836692775619464,42.961241093665784
0.19900443406428447,0.5703196069998356,1.960629851807463,0.3633840977795702,5.6638180870206165,44.09642583876794
0.3871677140243711,0.6638053870064328,2.0559551804965874,0.3816580530820552,5.852269539672181,44.544108755219916
0.3000337619424524,0.6573017653545115,2.0591379991325103,0.3509546035845603,5.759769118819057,43.8212881727284
0.2787047789191486,0.5818583879838222,2.0889071258544583,0.362106319587603,5.855881245220582,44.282566454495466
0.12850294120433825,0.5189174599468345,2.087257221160132,0.3959997188017961,5.75129673732104,44.92304994628473
0.15474387335016437,0.5610020061518608,2.2077203903455693,0.3113192180710352,5.770825614882317,43.189677096098855
0.013935227284722185,0.5639728486587967,2.225677066931472,0.39969400747781264,5.639861182589016,45.07948724911386
-0.08784290591254817,0.5649783166721765,2.138934665170358,0.4477017050864308,5.55613239597995,46.31731215579725
0.049055453144372985,0.599832049524663,2.046722461064258,0.4073263751694094,5.602453508297437,45.209165899368045
-0.02239742176526871,0.5264226638486961,2.132053517208886,0.428208695221881,5.699466627569738,45.58826169953506
0.14353584844897183,0.5554987697709733,1.9169768972225665,0.29192994613381495,5.679473184763189,42.6460110606909
0.030621768138485272,0.5891529861735366,1.9073107116664454,0.27874981176762287,5.522304584512936,42.76543676262991
0.14581170992496328,0.5952623246819204,1.996472735596277,0.24524371598628333,5.637233421104398,41.74196511418931
-0.10528633161284306,0.5288764126569803,2.113334773216441,0.22517921311017436,5.50492804998613,41.8738195153786
-0.23578252813781142,0.4147964406665983,2.1925148029566466,0.4026440610851609,5.530245342865193,45.59997308657094
0.20697791245655528,0.5259909477189948,2.229900151116836,0.2581873762010634,5.86469067561237,42.25183409453764
0.32122843697708503,0.622808527893426,2.253756240394042,0.26457384491114083,5.914111896917031,42.45434488046113
-0.09666077700307385,0.47775068950829147,2.1383102152472246,0.2755527691195164,5.5383506336558534,42.81212794831697
0.0768911297587912,0.5826903206499597,2.166206642002894,0.303347369425895,5.618667567273144,43.02516270198379
-0.08184307209913266,0.5509817867422697,2.1116035699736138,0.3436584529095004,5.4601717537379315,44.49065090607757
0.34274668545784165,0.6769449859412711,2.1267850349828135,0.27252021090293255,5.804265948813697,42.200159064863534
0.35135579590316807,0.6408942116764257,2.1978509292238284,0.33467924515947056,5.904621582144609,43.77334365943601
0.18155674820362377,0.6442629026367812,2.1969375194626717,0.3387367347271155,5.741638998110445,43.59639600497955
-0.0334421938422641,0.5243732494930239,2.2168833979301397,0.6895188545181637,5.6248492623323445,51.086500103422786
0.2671161558699978,0.5179063312963824,2.251946244864258,0.7950680440860346,5.950120721373466,53.519694478457474
0.08184572930884515,0.5572232225724282,2.297981463397803,0.5422279930992001,5.733728986553903,47.90379033804749
0.25974758573687873,0.6654290459930949,2.2551228455793972,0.3347157615577439,5.81785041013317,43.585238543234674
0.4279414568886141,0.7478533111688863,2.1414659504822637,0.21865107040096166,5.867531596337096,41.20034561761388
0.18763080806200094,0.6524600477324719,2.061673096551452,0.36448733118840754,5.655647052348487,44.198879645206226
0.1024254651755182,0.6402380982999802,1.964198152330776,0.19730786750381693,5.506730345317877,41.14056432500819
0.05579140197077903,0.5264687334783301,1.8674776685449253,0.31591783492723274,5.5140304898729005,43.62882557245058
-0.12423058964023725,0.4394241958290864,1.9424293658077205,0.45267342677493555,5.473661651092098,46.74581277577814
0.012407435789942967,0.5314479507550246,1.8701723514016149,0.48892350002975515,5.477538062343971,47.39111654681564
0.41605669059112194,0.6464269833469879,1.8114950195964532,0.2701402820202166,5.766775901804648,42.01783886625404
0.3296210460000043,0.6616824479622752,1.7629845609365589,0.3054251890723938,5.618176259362221,42.862937199852986
0.5598759772497623,0.7908448582354491,1.784277136666027,0.32714167076134737,5.825450216919068,43.176047440618156
0.41084760827765016,0.7380767430235224,1.7358687919535454,0.2412600462913229,5.687159094539374,41.410585987448826
0.33156395981255127,0.7659627500361554,1.78021668793047,0.22288786742145586,5.581337587861443,41.20545944955984
0.13656907380778127,0.6770881445043405,1.812436098242363,0.26579735980206803,5.488432881057085,42.557782611008214
0.09430750458998427,0.656232978674306,1.8630833869312045,0.2557806504270186,5.465462666826593,42.487304182214594
0.19760161490891737,0.6368147933986784,1.9224338710067024,0.2564251920306638,5.59820642980306,41.9729157269403
0.2712098016131651,0.6956015806347354,1.870127248086841,0.31720838984437055,5.681265817152186,43.01256098267973
0.43788996014301956,0.6944926629868089,1.8883170149675228,0.25063026240161157,5.857468910761827,41.73777428376991
0.563567597830619,0.7188340165435976,1.7972221504231043,0.1436858845204717,5.933496863756413,39.7282106925847
0.41186096698806574,0.575751128314302,1.778932050211649,0.18208156058291675,5.840760232971373,40.39125325196345
0.06727448368271904,0.5970147256206554,1.6055823407642107,0.11973527348953367,5.375799331884066,40.21138793399175
0.16522040124966164,0.6711485449037848,1.6126325223121127,0.18395998365422117,5.397304479454627,41.30441827357229
0.07960811247036714,0.5319825275029093,1.6602529317072796,0.23185248148800006,5.440078337612073,42.17259367262858
-0.03303753801694531,0.5452318845523038,1.7255653405674205,0.24887624989127016,5.364955389231968,43.063273449772254
0.18093646901703847,0.7390189337752635,1.7391558592851852,0.17906408811973984,5.485608031485807,40.73149937615795
0.21458831486939556,0.6557425260605682,1.7870855572409443,0.15542634769841118,5.611792142807094,39.86077916643561
0.10903749603107638,0.593657349578784,1.8506967543274337,0.14142902961312998,5.554666708177692,39.77330928203027
0.21088763348505812,0.6206490641845435,1.975803677895533,0.29837168231395717,5.702288248000974,42.79547655958854
0.09507413900279649,0.6258029472381036,1.871168359817421,0.22830904477939218,5.521423045721739,41.758190536736365
0.30889234413083094,0.6229510309983166,2.0360802733844743,0.14012857169225923,5.830533251594195,39.554823365459875
0.2571925665386122,0.5975865654219547,1.9016155495348266,0.18481957544938124,5.739113988096944,40.36974582708664
0.09046678513231543,0.613926372942076,1.758584851708598,0.21736114079067564,5.508132830609882,41.5132259580875
0.3607775676651949,0.7249353136039173,1.7712325195213026,0.13154885901925578,5.706718798316821,39.12765029481795
-0.1327279115703338,0.5342494994580863,1.837196906852566,0.41018777892176245,5.372266902675614,46.45828071059531
0.11453301196307447,0.6871780771986553,1.6601139455829446,0.1793643040019632,5.441344562761703,40.99689493621565
0.1409636630139005,0.6659130626490554,1.6933640618547323,0.21793792446235163,5.507856389992377,41.4839635880569
0.13138931551517202,0.5712921678726213,1.751508215391318,0.318524795738666,5.547556249058381,43.484655973761754
-0.0889798430544585,0.4827605148498082,1.6874672019509864,0.3505758326642217,5.371415011188929,45.211528805344976
0.07899827730437464,0.5298055820192086,1.7407250060765418,0.22145463313511918,5.500037751158268,41.69498882724111
0.11877383728096141,0.5092245087688,1.7892766904001651,0.22073734468196426,5.593056714171701,41.34802274397941
0.02093154419670762,0.542183793467848,1.7057391842706309,0.21837906617411668,5.441613082265135,41.899066143598404
0.2501327814652135,0.5612610894168466,1.7965877304280249,0.23514356271244313,5.67344631654155,41.456747333874226
0.4413047351250943,0.6757599599588309,2.0180296282974557,0.14642745626787387,5.8618346350058586,39.68074918468815
0.1311055240518838,0.6047239115835102,2.1100806328993915,0.23002347624626596,5.6881898704905876,41.35050501116054
0.254611693601427,0.5644048664518984,2.1698842210495943,0.20491452605803756,5.8211695104588745,40.91483061309957
0.30001079253146623,0.6381447284968049,2.12642939747263,0.20786868466060535,5.775604331413877,40.8266147368011
0.2973098158637827,0.6389176377120124,2.0829580958638676,0.24353010804516262,5.746095713565518,41.51127162928006
0.3137966965665785,0.7106867253784661,1.957027992586937,0.25194171620111117,5.672460784710942,41.724187781119795
0.079865317588251,0.6124124182818056,1.974636965492564,0.35469701676249954,5.563488307960388,44.19209675463573
0.2883297953616255,0.5711693036790968,1.9956084351703354,0.43890074963624137,5.827591644956624,45.729462308149856
0.48938298747555903,0.6525336129102853,1.959687501323422,0.3331321063167783,5.928591943471982,43.69902238801969
0.5657765230669071,0.7287899106959334,1.9922513477275507,0.3566496954035548,6.007910969266772,44.573551776322724
0.7622986605341419,0.7374016951676511,1.9285212454353817,0.3233406413166166,6.153436554761265,44.80315008679633
0.278598587323628,0.5878580762528036,1.9018065730925928,0.3169308650589251,5.714123066295635,43.080742318148424
0.1543480965502435,0.5820982989877781,2.052011397637271,0.3984454879103544,5.672507395924994,44.921755825178046
0.27433781287142117,0.5830776057537219,2.0193805417044572,0.34415949381462163,5.79571207482485,43.739638560874084
0.4268124020147824,0.7425258648088439,2.0661222135476494,0.3205308188677722,5.870534983228354,43.296178129036825
0.24877584934519376,0.6678744067765402,2.0183815527493096,0.4089933438531163,5.762680502295317,44.987342687769555
0.17475525720058305,0.6452064470819777,1.9219144068452474,0.44984336549203263,5.639212929459115,45.90353201898202
0.1332837581984747,0.615960757726366,1.955687395526823,0.4960860325368472,5.6171925502318985,46.967932668339095
0.4471293878212992,0.6399152547862209,2.133076132224779,0.4785933201380249,5.966230363077801,46.93656847716079
0.3726925897018665,0.6527173975036429,2.0692368093037556,0.29226738094853244,5.849279813759488,42.698864096983336
0.33163476406832093,0.7076692859419906,2.1251187034395533,0.17424985430432147,5.811362561916088,40.18524762142714
0.1622763775310465,0.638450502135934,2.121733376079099,0.27000068779748676,5.66623619150589,42.25703525426296
0.3600942871155798,0.6621394121431189,2.0355160548740567,0.1893054443304174,5.814396352625775,40.468216928903445
0.291350168200294,0.6852052779261872,1.9433029348965372,0.16660233930438212,5.664162721018055,39.958698213131356
0.2553308033663941,0.6680264231910019,1.9758867960559234,0.37504024228158583,5.636611575827584,44.394762378847034
0.236494851901898,0.6709804972917667,2.130419777687666,0.19931240756508353,5.719149961266533,40.673360037987734
0.1759533536470983,0.5751528052022248,2.212234065827661,0.23298493583019997,5.800781714883834,41.51674590504287
0.2185767269633886,0.5567700176998045,2.1197273004256405,0.2692235565399272,5.830807431697898,42.35837645803438
0.0030368784143725014,0.48052357865293305,2.0104541172755517,0.37840053667423984,5.6715001901253554,44.596976141656945
-0.04306187808553452,0.48459974812602336,2.0144658550108416,0.5253802634020752,5.67536817586746,47.708553476877995
0.26519538477939375,0.5509099088035472,1.9544281151173135,0.29189088532292284,5.834035276921986,42.77802357712506
0.3508213203090747,0.5500922315793543,1.844279164681838,0.3845128332278016,5.911868368529124,44.97721470566685
0.4113646924857342,0.6282412101364557,1.8368987985580858,0.23712670972718122,5.877312881800519,41.66493038175726
0.33432343298138,0.5869003569289917,1.9318385530532867,0.30324520774381414,5.930670270531321,43.25278152149431
0.43780184293564045,0.5782927925320125,2.014351390494352,0.2728076623843189,6.068502018320837,43.37213701553236
0.4608038165430801,0.5859104083661436,2.050289194054762,0.3302479395973084,6.135822192886652,45.11331836252742
0.49063180366963477,0.5834972666133603,2.0872978923516254,0.3139323425577647,6.129547138564107,44.714304473511035
-0.01839385691857054,0.5500877915229784,1.9896140329231682,0.35467107023470257,5.541211733493388,44.40329123454151
0.2567718248756533,0.6413551024373109,2.039879904859622,0.1738524921473338,5.78649713514388,40.237060611655224
0.42956859136644027,0.5936716295182308,1.9893809701452996,0.1795268813386554,5.946495872092655,40.69355534589016
0.45275075969054074,0.6124848576966909,2.128791757385984,0.20541777585187354,5.992633256011452,41.426702104755655
0.3298781107763312,0.6241691703942991,2.22712930449867,0.2673161015827972,5.92479317419167,42.48511672534001
0.17966661285338692,0.5118028920830396,2.1249052242953703,0.2704493459883067,5.808448452638823,42.29202193277716
0.24898601768118644,0.4594785788183751,2.174474349718124,0.336332622583292,5.968183740498066,44.20866640025974
0.07184619771754941,0.4549774615781136,2.042263652931881,0.36100961483891214,5.725946985118797,44.182612633411146
0.16679944778920608,0.5542940086422277,2.0782304033788095,0.29094674966109485,5.801859299912948,42.743832409420584
0.09887267572227432,0.5857105597063488,2.0991078680576205,0.36090527903415476,5.739285800198721,44.17735647037578
0.09782262987825441,0.5321260097329417,2.0821807636665945,0.3521331204620222,5.771259858457076,44.0522301581619
0.12256236633426754,0.5680961413758573,2.0433566084137214,0.3608957955703416,5.739831580642813,44.264721320791885
0.12114924574443409,0.5196044603810364,1.9178872163126708,0.3641730287503357,5.723848600728399,44.254106526196864
0.047343329536905676,0.46906279597044215,1.8322291439599785,0.28985841030644544,5.579221601067881,42.86047646231667
0.12543041878161293,0.5113787401011077,1.7725596261322587,0.20106876401731819,5.5683037812710925,40.9620821911841
0.23321130201064466,0.5961941745260929,1.8134854788279209,0.19480469861547386,5.582844602158448,40.6876961513188
0.03448633407952273,0.5055232601376668,1.834783701845418,0.3249865406191627,5.468963885884033,43.9812591000722
0.1782274199211129,0.5637547778250799,1.8964540928328828,0.33713902504289867,5.62332797916431,43.623050784686534
0.05401932769013118,0.631313154492248,1.8311648996535999,0.44188568027418246,5.391785842467169,46.797265634189124
0.3080482429387276,0.787718450630085,1.73169915455981,0.4928282449664922,5.535631594695053,46.91075025384461
0.2535470754124659,0.713379449150609,1.8483160291876226,0.38738798942315916,5.568315020008887,44.70983386000311
0.4723322957243052,0.6548553123620405,1.8043426346049822,0.35371979640450696,5.822200316699691,43.80683498485041
0.16513042211983947,0.5715188013086677,1.6863078741994466,0.4433866542602835,5.539332677425763,46.103715518311716
-0.0678701935293955,0.49734094911551074,1.5971316429404605,0.5853946320068519,5.3723532113273,50.05322029483874
0.04366824955779408,0.46976430129760527,1.511411086695369,0.4431505842723117,5.434817798325468,46.63967799872707
0.19670323988454935,0.5250064943945868,1.620934068220064,0.2894626598715071,5.566682114086357,42.823564181540654
0.3870291706291056,0.6515509009453395,1.7214195611585366,0.15840439492973352,5.690461007705092,39.6711908738692
0.02151049064038124,0.543651250204605,1.745662969576684,0.14835665416563093,5.406836240852424,40.65755993328123
0.07209782420576538,0.5800378616106004,1.7428066293280022,0.2781016940235454,5.449936852097595,43.126859599632404
0.21953991044555388,0.5763350339104997,1.8589939174717083,0.404965962347706,5.686055658459585,45.107485994683
0.46788854468784485,0.588814943972727,2.0563325958510976,0.3614739028776206,5.9971599770952,44.77273512013302
0.3635721419106004,0.49806650131183516,2.1221858920727446,0.4270444630090018,6.009144202261058,46.346215175421534
0.0707705916872442,0.5315941907476937,1.9535379487306759,0.3311036758099679,5.6024602996320585,43.72863538248977
0.24396003124669702,0.5959995186404026,1.883511125765018,0.2291153726121718,5.743641007869091,41.30314216529562
0.2796107156449309,0.6977724525318719,1.8627425268669475,0.2169746104439902,5.630388646332363,41.04455629909347
0.05113328000762063,0.6279032026984019,1.7549257811856682,0.28507787777564997,5.382168821068879,43.6380742967098
0.32655312653432267,0.6607718094257181,1.8212127975084824,0.2824478632102823,5.6788581968219365,42.346586930113475
0.24796112241300738,0.6218801533089036,1.7192131697448698,0.16682639953858358,5.611597086059607,40.07993891920328
0.4316889049231217,0.6021280017000991,1.8186679409419049,0.16289308200306182,5.839078693542939,39.95596918015882
0.26405666317519866,0.6693014537854872,1.7862968987464602,0.20592888653931532,5.594268359439254,40.889931461475975
0.3221428133516274,0.7503911484308116,1.6839708753038236,0.23467971979746022,5.596304719310043,41.40753972833571
0.32855272621464043,0.7075573541270131,1.66490114461449,0.28403685369027576,5.645762561580041,42.35479467860966
0.5083354420395241,0.7323983483478554,1.783186424109363,0.25957829523903286,5.873900449952461,41.99333728580677
0.3286074101957188,0.620787848524478,1.7014050098235334,0.26995529384788947,5.710666997705304,42.09444429078605
0.37443810993289406,0.6916147459058924,1.7432679269540652,0.30689416040056605,5.717896389080263,42.78204141356169
0.33173498464553336,0.6682682208161023,1.6383870592932186,0.2392255069155966,5.648718277169989,41.45363175348779
0.42762654890943824,0.7142249748439274,1.6916982876090556,0.2759176056873499,5.7266984900714775,42.061602512136744
0.35931556124091013,0.7712567782357639,1.6479477454825646,0.24275748696228872,5.614454520683308,41.50079628834665
0.16423215146875136,0.6509684433894812,1.7518027297615395,0.2015806962685421,5.480075756382411,41.25969627346214
0.22424963449984292,0.7389867092287926,1.902724729272383,0.25085604504757747,5.556922302997323,41.94433388227746
0.39490800155769235,0.6965046374287224,1.8486855783756069,0.26455062198821033,5.750114002627541,41.90653016346718
0.3431238594278926,0.5552407767663283,1.7479907203985046,0.4479355460266443,5.810321750201003,45.85853794929973
0.40586544460428314,0.6039415236964075,1.713771541648769,0.3954493808801733,5.8432709947238415,44.80394869654298
0.6185023039459745,0.6223810096990565,1.7479219883509431,0.3785642763481515,6.07271228762542,45.44317619300374
0.3891021868293083,0.56551658767219,1.818594420294773,0.30604250683817663,5.915279860838966,43.2692358602301
0.3846730234591701,0.6287727919649535,1.764581809706035,0.31560751801452497,5.84871070997065,43.24833657839614
0.15690038288926483,0.5224877095069038,1.7328031662285583,0.3360706358709387,5.6579803353634865,43.71101147026627
0.4245233348153623,0.6531797825175263,1.8418274511736146,0.42276034138679086,5.853864456907711,45.58293586452742
0.4483128268965901,0.6041385709633436,1.9728697819451004,0.349315563320702,5.961002709157093,44.4603308263068
0.21960022713898286,0.5247573694838349,2.120937684421223,0.4167947641837037,5.883841101027009,45.77179722467292
0.2830470890000615,0.566142420408621,2.130992717503154,0.3760579107913988,5.877783162237273,44.802985160237945
0.36192259020965634,0.6644105153707137,2.110943219733038,0.4428376529596303,5.865189374200967,46.00333901107955
0.4852909011658589,0.651155064087095,2.065828351771833,0.36922216197366453,5.991913681458724,44.957286046709605
0.34365787823596766,0.5792249705902928,2.036371969716236,0.27754183883267997,5.863846837608875,42.54077088047568
0.1621018658927318,0.5534128626250271,2.0132685835274104,0.33843564400223475,5.695258556631897,43.74811446102035
0.14640303575130986,0.6100894890753734,2.021087801678342,0.34515015586674436,5.62660287573642,43.9500139388567
0.19994855226004316,0.6795731215399169,2.0175715204351046,0.22895711037375713,5.628490459712255,41.35661457467135
-0.09948479933274335,0.49757775560491657,2.038194233767292,0.563616824662044,5.524021965718006,48.84229643757119
0.10465201133596946,0.5764295269893238,1.9722221222492737,0.5230455679627216,5.663255585568757,47.51117446428698
0.4139814867070014,0.6744010437857246,1.986130149974625,0.35858926179371986,5.854086920969936,44.05659012040681
0.5169527506636702,0.6705700882978335,2.0574648361551664,0.4499027958577043,5.9850600509873875,46.48594652188154
0.6971032932331475,0.7765360459181929,2.029234661203664,0.32749325141924096,6.107404935188171,44.57029728743532
0.4554558629168143,0.6716457935911673,2.0059014004798827,0.40305787034172447,5.918465803031109,45.183966820994314
0.5035053808529264,0.710995228306611,1.8910445724238105,0.25092436344686975,5.896622037739111,41.90832861107816
0.11180695063499868,0.6176078092726117,1.9476551892332137,0.35260976750933654,5.583910870358967,44.09842160569493
0.45032918021068524,0.6527875923354315,1.9971184532328583,0.2235968568465453,5.861465107333272,41.227924065355026
0.23078498857022878,0.5894736105265024,1.9830262952901445,0.32229226096282554,5.667659000855487,43.21300038993573
0.366904461613698,0.6465910829656502,2.051251591866338,0.3412011323709646,5.824682622712819,43.57994925846921
0.28495579269799903,0.5639721116790932,2.0242564491975386,0.3671966743225355,5.801179692597895,44.1670273425338
0.3351870812178464,0.585260569667714,1.9961432100626069,0.3704333113374859,5.854373423048779,44.34579780440555
0.10571286137226754,0.6227703593228214,1.9977254145228471,0.30398835803861324,5.622952109146685,42.9773586615899
0.08039752220688823,0.6048810954564025,1.8197402381181087,0.2986551364797365,5.536622135108251,43.115987578499166
0.3384770997484387,0.6661235317019248,1.8186424872599964,0.2888268599794036,5.7126722492830595,42.39688452856218
0.33098797360844895,0.6384306356306984,1.85792500583445,0.287437030453083,5.741805682296654,42.439766055993815
0.32694221098299964,0.6058593595627675,1.9535939392530088,0.32414002411479426,5.8333879197550695,43.3435022268987
0.23870525799184783,0.5441051786865047,1.963465592127279,0.42253208017268373,5.766759905937375,45.34400853649056
0.05464857915729815,0.5985941532938475,2.05285611870748,0.4267676712605325,5.601575583372024,45.63306340276798
0.21498356858736367,0.6458105477125728,1.9967960062994887,0.36787523178178533,5.698034530656898,44.18480724566515
0.05407991349788566,0.5445515552096306,2.09953396788382,0.5534143657825771,5.698294908560335,48.13365557639566
0.10336315499235038,0.5735489476287644,2.169455919460075,0.5505657972238038,5.736020776925001,48.099344929375675
-0.07786613333847658,0.5866093401018658,2.12958992156522,0.5394661832901119,5.563434317889939,48.179212678804475
-0.008136844031847446,0.520946899080867,1.9138045171142277,0.4983474616719188,5.571431834613606,47.28508838646716
-0.003980643947920748,0.512634782024106,2.0922138314772436,0.5334492530902306,5.690218237940854,47.877978856436165
0.13814214765747346,0.49265022663572533,2.1151787704283764,0.41179570235357993,5.812275199236612,45.260098305574544
-0.2923963357614444,0.514151103247665,1.9738918395596994,0.6007750082050892,5.356031328159558,50.678779996932796
-0.04263785444179047,0.6074792453975957,1.9435861164144117,0.3675928759836914,5.4577155817048535,45.01418096244967
0.18540988328848418,0.5744000599926357,2.014823656605326,0.41824445438590263,5.7568527155191775,45.33374495415616
-0.042243114739146104,0.5215850643836754,1.9258703778519355,0.5911456939999084,5.65811767345766,49.02601125412605
0.013568834952421227,0.5615123765457566,1.891256108790375,0.29387324767127443,5.553353097260966,42.99438319018678
0.10454983403869444,0.5891429281221037,1.792504799632217,0.19266486890925058,5.553798697594429,40.85758040630187
0.3780733531511558,0.6585802711513986,1.8596923360897963,0.2849559834365318,5.822731606446889,42.48567077906105
0.4549810478184529,0.656189666209586,1.8904821519355102,0.26953020259135085,5.93491792064483,42.518353903346416
0.22577378734022213,0.5956504008618426,1.8307179162158356,0.30711816600409075,5.707371571693662,42.98274032537295
0.12661265855608483,0.5978439795094663,1.9098200963807799,0.3430258037608932,5.672752694972663,43.75794883902582
0.17596526724564876,0.6132052606990996,1.9917844977074157,0.35068741847921864,5.787939404250405,44.010298459981854
-0.0146773343651464,0.4677031191987116,1.9036987992047913,0.4892835152860904,5.670326831348196,47.09184176558903
-0.02895979026383766,0.444570623743729,1.9950317705141398,0.5249299982483765,5.69732734064701,47.840105298490755
0.16119009982877497,0.5632195086089399,1.8974687106425412,0.33379063431824485,5.691904275496289,43.565589767284095
0.16569159101133318,0.6299913224295661,1.7493607207554245,0.3865112712123583,5.565421125473296,44.83688959299365
-0.21418939050729657,0.5275867016064191,1.7594233344037369,0.6067390902651834,5.342996645739527,50.930022512706785
0.03080179659612603,0.5448023553174831,1.8150867103374877,0.5287048032408798,5.583302340582599,47.933294768397346
0.15815905875412906,0.6124480101351565,1.7616709525913334,0.46584499391435125,5.611590072449321,46.39227816463921
0.25054636724831103,0.5266437523576639,1.9162678472933339,0.3346884102711362,5.792001542584211,43.59558160834555
0.27023029010252286,0.49803677411311265,1.9567751141032095,0.3311864052040675,5.86030336786124,43.687721252597946
0.18092673263070153,0.6056783660898761,1.834032393371362,0.17321265295056973,5.650949042977728,40.224334201556296
-0.21433927751573367,0.4886472014322275,1.796187775893785,0.4195362839947162,5.360482075347043,46.84320228097952
-0.07902944922899013,0.5829084725192525,1.7895675394916808,0.40442892834085076,5.403292410935181,46.1628925463602
0.26617422789297795,0.5660596159190734,1.8869009590565047,0.457631301224797,5.918964437720743,46.609276637592686
0.3320590407941274,0.5554405834890537,1.9005864352083417,0.45823934871982164,5.9650839080272355,46.700906119486845
0.2552363504545052,0.5830934321312272,1.8061065885903063,0.4209383742863903,5.7999849623521715,45.39946982279916
0.2587812787546341,0.6060565306419224,1.8475570258973357,0.3970266999770156,5.7822518967258105,44.92470404835433
0.014998201584418558,0.5496585613989187,1.9644386230733615,0.43997864220808497,5.573898791770373,46.071510281257574
0.258276706691678,0.6190709330664373,1.8929481214690393,0.462910268767698,5.7416595079655375,46.160415890813226
0.20933929617740976,0.6279787605568002,1.7845253301171995,0.6427630260639132,5.643528088110028,49.87041926429316
0.5718956019812163,0.7071092662224243,1.8316896134301466,0.41770569180056316,5.988681205298704,45.66941375265493
0.6763528832513204,0.705131893235116,1.8951345755536932,0.39094272031155824,6.122038375173275,45.96255140786108
0.4897138116768819,0.6219948961484209,1.9071443496347686,0.517314632014767,6.0797065202835014,48.426801447902456
0.7434199792200992,0.6610161168493622,2.0351559563665385,0.4520716809858621,6.330377904256683,49.377751465806796
0.29871830246846676,0.520809882255369,2.0741010688818524,0.4377338657411253,6.026225705798166,46.70304469745207
0.478188752070443,0.6123997627497817,2.1964088981620034,0.5927788341336665,6.210628006798654,51.31645561872273
0.5712339073379973,0.6450393400352189,2.2035812148479397,0.37606855997784644,6.186146498388106,46.4201441648359
0.5015281738744857,0.5688333975620676,2.144847792814419,0.4317643690337116,6.172747353029456,47.531800345132986
0.4967628638323115,0.6100908890862449,2.0014734473149955,0.36502293855939866,6.10941455418854,45.60848635632152
0.3280851365072009,0.6041854885629746,1.9319495608046604,0.42132240015880584,5.831833445144992,45.35235116046818
0.20582395975506923,0.6449245181132782,1.8824390377539233,0.3542333188569901,5.663566974250757,43.896263276744456
0.5636408339814367,0.6955013081764105,1.9620996843050602,0.3814263644774191,6.092496349922808,45.706036837105515
0.30307150557084844,0.5829206659988262,1.8507912065383232,0.4897041071895476,5.836213075403102,46.83592248689089
0.06461587337173547,0.4699123567712018,1.9221900591625771,0.4989168095104975,5.7475064739259025,47.1351642756539
0.21069350380342067,0.5532353095839928,1.9171189862305462,0.28047435851823643,5.750886927911288,42.413358692228414
0.5145256382453066,0.6713743918047741,1.903779737173677,0.236636703247325,5.934715442094159,41.70618790320406
0.5636348566550947,0.7425559823486405,1.9249171969020804,0.3323995355331592,5.994278259190515,43.97611682813775
0.42929081021409493,0.6726047422476403,1.9187819090774283,0.3706715476133718,5.9124128180423305,44.47313350262388
0.44689996207337995,0.6261203070541942,1.9554134489113901,0.5042851317524841,5.939362569443809,47.297318872995206
0.37602523069194005,0.5758325764342082,1.8523316336781692,0.5832792256699167,5.881850348025201,48.84159145622194
0.5378464182674814,0.6858945685833119,1.7770015540282547,0.4198939524357992,5.917503610686726,45.415550587966436
0.4138219909623839,0.6202087418759055,1.7449942381739836,0.4605738443776793,5.859481487953887,46.19477384194188
0.395132684292155,0.721951892155894,1.7189075250394745,0.4860045587375915,5.763371192286035,46.53957463826109
0.647872455988589,0.7125590386474139,1.754677221176185,0.32687486613341443,5.969685302470051,43.711244327120404
0.594031162032177,0.7238530543998158,1.8823502329401869,0.27973971032022416,5.934340603314468,42.594979499049224
0.4359356519676001,0.7265323001498022,1.8339785759943656,0.2582508840507955,5.7499461375953995,41.79258450405781
0.6516410423840483,0.7009494666373389,1.873421111743025,0.33763545053018107,6.016653856720211,44.15527032996415
0.5990639042128092,0.7147799779233385,1.9695172145744457,0.12934064904106884,6.032998611275466,40.00735647648407
0.4723399436435484,0.7060475932948309,1.9314658245878782,0.1173787379864182,5.88031103282778,39.06996623252653
0.4040779774574961,0.6367571531554983,1.7497717605921628,0.08567513758969467,5.753689390747585,38.17806008511533
0.25307714257214475,0.6085167065070802,1.7449565962960465,0.1565657684114809,5.668580343535831,39.76579880915088
0.4365755940827354,0.728257593726804,1.800864302820214,0.20393393674977411,5.822708093182233,40.72401356432346
0.29454759121518653,0.6200035653686042,1.753207967147126,0.17773371201497654,5.737743135953797,40.15194073767121
0.2584072119390927,0.6118174594641089,1.759473700810211,0.16453040847602163,5.706044048235368,39.91459861111637
0.19417952052723947,0.5394184783186726,1.8460669409476411,0.2785417939351169,5.733403513100834,42.368646951353405
0.21209716088718344,0.6481863938841342,1.8761928962615508,0.29689885171671165,5.713914326402403,42.753494879388725
0.4431885361068047,0.7070912722196585,1.8564006789887928,0.36469139268656114,5.913314891847785,44.3778328232037
0.35247345473862585,0.6275969824581231,1.753842140403156,0.3835118790728009,5.79703005553956,44.479059735475865
0.4327739803842645,0.6373289396964879,1.7805155160063828,0.2317473292723029,5.884851262036137,41.52557843357826
0.4700457225049945,0.6623937827001447,1.7773529433536206,0.2654616795869313,5.875201403504677,42.165027124118716
0.4200506772919347,0.7121551773593819,1.8274630938137313,0.2749509699286396,5.8370520982592655,42.24576582901663
0.08421224763788177,0.5645114605175449,1.7931408621063833,0.35186125748798774,5.5640623286484185,44.258762636504294
0.42862335536953927,0.5941917107772587,1.8493262714986693,0.15077206738663618,5.87444276427164,39.83245752331295
0.45473038709151065,0.555440248009497,1.753420237489536,0.24517856132127716,5.943163508316555,42.06362003633425
0.6882863685753933,0.6612835923943765,1.7933484817022676,0.21902896312398779,6.152294581595167,42.72864688361534
0.49541141185136983,0.6073625045334899,1.799798651459003,0.18204509157662915,5.972312960711507,40.82271326259864
0.5727440497414866,0.6397915200889907,1.8451246908832049,0.16294590063999306,6.025900574064256,40.68211727556174
0.5440142089639519,0.6646418061524625,1.7835452725984404,0.10387986628790727,5.905922822881823,38.82404105157887
0.5952250893755676,0.6645121365054978,1.8386627849730917,0.20943989038216207,6.031159867070564,41.65666769231511
0.03203479594144332,0.525785366188463,1.842092844385481,0.19200022294009797,5.564608379620089,40.89970743851334
0.096301018190451,0.5157356943394884,1.7932911340382556,0.15563385422009213,5.602980560359724,40.049951308916086
0.2967657657221003,0.5472932666248822,1.7442485929030833,0.12982060144411792,5.746065172445982,39.202632747375176
0.7252309744717209,0.5653538678760706,1.862995332452774,0.2143280702248112,6.2717847509406415,43.75710423442637
0.6182314383167553,0.508118257746746,1.8808617336091928,0.3732196123728475,6.195958376084297,46.352277367752514
0.47175037211630083,0.5969827112775611,1.8089913016292796,0.24897297181927655,5.927322571779192,42.00436271852433
0.45684826698439635,0.6687259129011256,1.8654805753647088,0.2254574825045263,5.909672335943619,41.43440727609845
0.2878904184106083,0.6041465775472848,1.7484983283094058,0.21248973533100363,5.76056912340929,40.9102957108294
0.24839447576896984,0.5811489743226759,1.712520516611471,0.2148185210459258,5.67911628509113,40.941596508019
0.24001427870442144,0.557587630925755,1.7546574136122253,0.18765390821193853,5.744213116078696,40.42036121947286
0.2199068212334055,0.5563400414037476,1.6903733610948162,0.15399801534347163,5.659946856525197,39.74828883837137
0.4878332758728498,0.6667018246376288,1.7168013877533121,0.20576087181922453,5.904828536959962,40.95311679594171
0.48917506172486136,0.6709765791888446,1.8915844465108256,0.1856137795773107,5.943339420682423,40.78150883686158
0.4843530936893265,0.6860402074285558,2.0069563713026115,0.15087787657349147,5.9860904438561935,40.28179636871274
0.29272149867039565,0.5775755361489249,2.0609247361983623,0.3172889133081171,5.993814462222252,44.00391667847969
0.12560326979869596,0.508324314935796,2.092428133826672,0.44612444714566535,5.964500189156034,46.68013769134626
0.22360605458934713,0.5610071099922302,2.101094370764751,0.4346808087561406,6.0907873364919,47.19859584443586
0.010105892991886245,0.4696682035205742,2.1631758857674632,0.5307150130853355,5.973970400346986,48.653082261115195
-0.042534807707223954,0.4705042770162781,2.0342490992021234,0.5444103554538317,5.894954305265751,48.58985178580977
-0.026395979853160667,0.4744276377474484,1.9822205082715656,0.37241876383410466,5.804164530620357,44.64716187947276
0.12390190960393277,0.551238405882077,2.0071294306909415,0.27961496497840843,5.852064589395287,42.731389102851985
0.015634853082500788,0.4921950589442836,1.9789404683571932,0.41286380294873853,5.766452583692367,45.35520733181945
0.006341262816198956,0.48872682222910685,1.9500470734836202,0.2995643242351729,5.612048427589507,43.032320738042074
0.1913244484186764,0.5199483838042659,1.9231779597960053,0.16272375825717916,5.7352807572668,39.928638161007704
0.3541098934133839,0.5584242233022556,1.9626471746881053,0.12261233064541072,5.881534971506336,39.267338913686146
0.5197135497277084,0.6141935788380638,1.838717351685008,0.12824482306832224,5.921733522620056,39.388752798421244
0.4602403359709789,0.5206771941956115,1.7730313958511161,0.2274750261665771,5.946306795057998,41.648619858602
0.5036166701252682,0.6273072158325508,1.713418553909308,0.16602158242987358,5.889229319208642,40.065203289033164
0.5817643997747359,0.6707847695607168,1.8946492539383921,0.3203897586637102,5.994879005372591,43.6716092958827
0.4428001465447931,0.6320548558502764,1.6733924709976096,0.32784459265011723,5.794679900752055,43.241062694625086
0.6125977327889248,0.7258437540668228,1.7175004010998292,0.3078507534082389,5.944323190501246,43.15552730563513
0.4121025188476959,0.6556073205028244,1.7632757192935757,0.5221881160405527,5.789979092031686,47.316885120825276
0.5314238684298517,0.6379641025049778,1.643568174551204,0.3891336466101439,5.887795333212781,44.67246461739329
0.46025600821302765,0.5873580935140031,1.6735226985832825,0.4394986271272031,5.828342752794468,45.656450136269676
0.09259720754157863,0.4998509936057179,1.7311323367017393,0.6329414125767444,5.508934766986201,50.22712962936086
0.5095368216232532,0.6160250021074902,1.7361300785485974,0.4383324712538819,5.857734526810081,45.65289350946996
0.7051708061023558,0.6346438229599751,1.8572238084285497,0.5337037048294593,6.116512199379873,48.93197477830746
0.555881736573003,0.7036250912024812,1.7210585800787555,0.3989248331081266,5.823379745066957,44.62624718603564
0.3946917938184189,0.7231440544829377,1.792706129566857,0.45716492132624514,5.671606240451547,45.807964364941846
0.3532304211673544,0.6709256240610023,1.8766681483507477,0.34627523437682917,5.713411181351306,43.54147972756708
0.3893094926433497,0.6661293391909053,1.985902762402537,0.37546468189685217,5.828367084737474,44.32507150688343
0.25117431113340616,0.550006344498647,1.8593523734896245,0.39291766051096616,5.712457535274386,44.66975056607445
0.4206116924739215,0.5733168052569861,1.7386038191830153,0.24472673026660485,5.8305882067026396,41.61405109576466
0.5451859081163204,0.6708396565216295,1.7050922673630293,0.2258578017199421,5.917644971139333,41.41042274376329
0.19879789580315904,0.5105820109975645,1.774762162047932,0.3031351087675531,5.673602892040618,42.85493047561643
0.2031984062753599,0.547395261772345,1.838674139987367,0.2703247242458834,5.706910726269084,42.21842157290054
0.1782571945685208,0.5071334300296989,1.8002704219041954,0.3654716420861332,5.697186791268108,44.242225852846936
0.4207474125836296,0.587687944722502,1.7095623516495713,0.33297630860243504,5.867334671046256,43.57248993827228
0.13664043587054225,0.473201318401726,1.7363753605789591,0.3715312647268067,5.660008530788917,44.40819915047077
0.8002597735750514,0.5870665576499018,1.8039504621296523,0.2650851018705457,6.321253667746184,45.346910638745605
0.473727369172135,0.5063727212665466,1.7697472722316425,0.218004563172874,5.99651829657292,41.712270650163724
0.2251799002109044,0.4711990623127441,1.8233005248716274,0.3749378512804745,5.913644569379761,44.818080723905965
0.1815935717730004,0.46419794353430777,1.9544957495827227,0.37905951053585496,5.923912831728707,45.02987758608509
0.30853227767555363,0.5427345820586024,1.985723706193155,0.25965642792927024,5.9358062599690165,42.46273342270671
0.4294209648751186,0.5800617488510811,2.002622318869917,0.23704534839217656,6.070182240112235,42.71269679407947
0.32051432509715194,0.5685864327963264,2.0528887315297313,0.2927753292865206,6.003713799445492,43.59514364722912
0.13252802770229777,0.5070176968533481,2.10648553331041,0.20845282606252288,5.809080080494016,41.16043902973128
0.46151881590269456,0.694781433395391,2.0854225755693987,0.27200967481509636,6.0406418207549475,43.22631436992385
0.3417442424250713,0.6327367462030153,2.0652121300837867,0.1926231991126152,5.892510820587262,40.81805815361035
0.4901256194567084,0.6508915521931483,2.1254714033062783,0.16052097974738153,6.020102997292511,40.64603609898005
0.38350764085089806,0.47297084381355303,2.0670955839398673,0.34533327067149044,6.066115625518843,44.89799340014368
0.3209028176000183,0.5145731528733111,1.9575854886500754,0.31595490908960244,5.899580079776875,43.423967054957956
0.35558580665632844,0.5993057750557758,1.9880779745404271,0.3396992498518288,5.852172078085248,43.778131908148985
0.33571636271177474,0.5596416474920723,2.0306871149808945,0.4012411231571985,5.926902214573199,45.33967123579719
0.23218382016572314,0.5050683486989004,1.9805447504012639,0.3333156828610664,5.785078298759211,43.594106009543566
0.3469427513008143,0.5031884546735126,2.050038653891597,0.30578533500742455,5.934821973026006,43.37420004247
0.4722552752045506,0.5843747691492395,2.070374273806913,0.29123235073883896,5.996079225936812,43.2763839289598
0.3506526884742485,0.6265328851268958,2.0617611216171454,0.2978753940080919,5.820496982427832,42.80519597194053
0.22459011527944717,0.7386757782397163,2.018524115056321,0.29237918120171275,5.623546518811443,42.720634351992274
0.38129159073754054,0.6675745443810579,2.1328983447601186,0.2785909788628303,5.890958307644757,42.56372235301496
0.2849084658123245,0.6185548277666317,2.1391278473998234,0.31317156796020085,5.812148608829503,43.169809440749475
0.024963904786928004,0.6235800895683205,2.062098956869854,0.40413929321245606,5.523029885332548,45.471415040700975
-0.023053369490569353,0.6736485267346415,1.948526255378631,0.43130942498291014,5.378090622958884,46.77135728801885
-0.27108640402256856,0.5940465898282689,2.0221990865226513,0.3398726802285191,5.252933091569653,45.96064427957273
-0.17262517122670518,0.583820920920046,2.138921962142994,0.42104401246662804,5.447578172721946,46.18794550831883
-0.24911811981805432,0.4604252368532831,2.116655554837946,0.5281794916225397,5.434862442089387,48.58161903021658
-0.1375160299508994,0.5191878377484408,2.062123957814287,0.4523909326773209,5.478478160876988,46.731324866675735
0.09143527972634291,0.5831240232685257,2.001100714480725,0.3122399571404995,5.615646297013255,43.20970464419533
0.1315366771649008,0.5322134265500887,1.9953903024179236,0.2970739846959722,5.661306638385977,42.83420518764787
0.07967205946576117,0.47690154273112373,2.0870626806219192,0.47050590464488923,5.741872646272336,46.52829019088918
0.16448331819237005,0.49338735751763013,2.061695116618653,0.31403889175424776,5.741971645703911,43.1658903223888
0.5868565583546781,0.6557375766924334,2.008664894231072,0.1903856655911986,6.058729661226883,41.48071524760822
0.6030472275664442,0.6645482730027865,1.909550575583201,0.17011780680536126,5.99185003890477,40.59741605924844
0.3125181322935326,0.5104952209305404,1.9214695587060073,0.25665925731902034,5.878844673003473,42.11529260677496
0.5043771617322179,0.5955200964620173,1.8274645084346393,0.26454767119868755,6.020837472483615,42.83641621540077
0.7337604974696189,0.6936225739080758,1.8052277172284121,0.2911193487546359,6.1629989903192515,44.24234597214476
0.3636747565420525,0.6000751745730523,1.7054857510422607,0.28201415404515523,5.7687645570153965,42.3218142334133
0.5498418938452291,0.6721140244636031,1.7607433955829692,0.22176638311218666,5.942740966691472,41.413770817128764
0.15775154173337974,0.5040242774007184,1.7083059421912024,0.33219485797749737,5.644286244001692,43.49731803087015
0.3135881887448024,0.5939458866245666,1.682659696065663,0.21493037388918515,5.725402560233825,40.94251808090278
0.5143529032980103,0.6628132517279512,1.8354775712564564,0.25746003484789903,5.9805596212478145,42.46995680962259
0.4068789762347225,0.6754130859538529,1.7447344374206515,0.2604863657373817,5.787258807569357,41.950208244772966
0.22163971579193242,0.6227730980652101,1.8865214443678422,0.17341849085631728,5.683781852374407,40.179387411650744
0.3891039785772309,0.6364952661116033,1.9719148832496693,0.1649773027923104,5.892227563965096,40.22685320210632
-0.151484513265426,0.42987398892809264,1.8665113423849824,0.3173977167615017,5.505723512428545,43.83297605163054
0.18683730989438962,0.506212964694509,1.9612175824969056,0.11764164503225745,5.758234635916885,39.04727206708413
0.14137421562697805,0.5667811088703545,1.9145125049946699,0.12237403957589575,5.651977730268326,39.168001285175606
0.07457009861064001,0.6326951783822174,1.8268857732093218,0.12568934386170885,5.522533889392394,39.60259529711865
0.21213593631673117,0.637149379415318,1.9209736927237486,0.1617599692137185,5.719101497185479,39.92621239426854
0.3499130393574505,0.6457274402974074,1.9079773181133497,0.1038829635216359,5.849444701097928,38.82866306355013
0.34748970299264464,0.6058140287003438,1.9304953725083325,0.1909210864954284,5.841989046226941,40.621200113382194
0.028381131929426373,0.5071018060847603,2.061807221754687,0.30884847615972816,5.613907025994205,43.253344979704494
0.0997384911709609,0.5605194395361276,2.1021330256699815,0.22769216564265263,5.668995131600667,41.41408960422749
0.28006677396267343,0.5291823359379286,2.0927946807435505,0.3224996172701396,5.863347382259486,43.47032202716808
0.1727039774582435,0.49536624200330615,2.137442484041471,0.4175150233692135,5.802423373030127,45.35758771270592
0.04064335744025038,0.5638502449719355,2.0318698505797093,0.3440652518063956,5.568289526783861,44.06049567785377
0.10839829020730019,0.6165426635617002,1.9165136536263692,0.31706028752943965,5.530839945412079,43.56515105621412
0.2273344482655522,0.6961290888427132,1.9502575379739846,0.27608142452846096,5.5989683254030815,42.42105378983602
0.23243172172976884,0.6763198952896646,1.9982977387119543,0.3928630644800382,5.619296943883779,44.79539202967221
0.3752438493497739,0.7076143709693214,1.8925925316268846,0.38829753900217107,5.7214575321456245,44.508756138870396
0.4158032122915642,0.7212133443287465,1.909308831295612,0.30292384763859587,5.742009602000197,42.67335071753027
0.3444209938776186,0.7061218029123001,1.8656938307413113,0.39481806687223603,5.685997778578043,44.620457714895274
0.5753850877682802,0.7497052705785494,1.9047536072127769,0.37665182106042894,5.9200566600579645,44.55692839393928
0.36451889772863794,0.7738056858969373,1.9088724500331697,0.32413079201777883,5.689271817592009,43.11756320335749
0.4403812651062786,0.7367853771514027,1.894077438367935,0.3407613083250062,5.80261945546221,43.548439048475004
0.3701580373868751,0.6507469747261236,1.922461529278533,0.18772506428256583,5.780437145300345,40.384501085564786
0.1334018476023358,0.6051901059802453,1.8302061216091068,0.1527617593560815,5.53290248235739,40.08444129519269
0.1321422988757327,0.5894585049596311,1.9073155878966808,0.15776305044647068,5.58885643851876,40.0046227700875
0.34641352759285066,0.5674465197593028,2.00799294929766,0.14862881753301585,5.8861444656566535,39.857834743040534
0.11537796247907783,0.4699894112643968,2.1595139307528366,0.3097919063085235,5.813818051868865,43.187758689017095
0.2302818633403379,0.5049176096057574,2.0580334286347677,0.3392696398797129,5.882905955545488,43.95401080120507
0.042633063119981274,0.4838992405705783,2.019186539030993,0.3822958786307744,5.66189875372976,44.733788823170954
-0.07238515821723834,0.5110348541727415,1.991413102733177,0.313178329799126,5.51882446759094,43.71217079361776
0.41961559547742294,0.595993477358968,2.0935778397406897,0.22239415872421575,5.954624416290902,41.703159552462985
0.30190993784786424,0.6390034007801563,2.0823260376747954,0.2557155367217578,5.797264392441085,41.941230219322314
0.4899302668700794,0.623574643991484,2.040760395659783,0.3632020669575811,5.966089740324965,44.61385272821426
0.5930315566665716,0.7017168835857612,2.0170296172056457,0.24109719654589348,6.0602391005431135,42.47532650841002
0.39506671078592237,0.5572503487386985,1.951371785625616,0.39899252957620546,5.923076602578316,45.150561824744806
0.1412576937710086,0.5455731791893993,1.870790148378454,0.4146105303464162,5.6344158013048915,45.2797534857309
0.211273438860216,0.6698503162893176,1.9051387508219144,0.2502035816694737,5.62228200807327,41.81668157473869
0.30107356602035984,0.6129038381335032,1.8720941674248235,0.22893091040518396,5.725283203402978,41.26545767835121
0.324371458197666,0.6546581367708759,1.9449380948236206,0.20147880722425435,5.772247448877006,40.700491456341204
-0.12783269715286583,0.46640975649204675,1.7855779047990408,0.29795961296427137,5.420911153703874,43.79383253366449
0.06309391085949878,0.49932194509486727,1.8233983724646068,0.23488282732513802,5.574754228318909,41.712319161979735
0.2883208018124654,0.48494699409165815,1.926299569884273,0.3907749387164615,5.89931197779197,45.03303861968223
0.421578932595062,0.5618047605361675,1.8884291007585576,0.1925868106832263,5.895742732980031,40.729948121248576
0.2705784414840934,0.5529936264404554,1.7634220089434332,0.24942378250289038,5.708248161225049,41.651148041895595
0.23117930195699432,0.6411930155234243,1.8906454540021995,0.32511861956127974,5.673999057130796,43.32659345076079
0.36432365197153577,0.567227580026109,1.9521499421184432,0.1664242884544908,5.842705153292792,40.112050371805694
0.4355918836013207,0.6230512789685956,1.9356420736924553,0.16753385809729154,5.874203918416099,40.14729958824082
0.48778678975401396,0.633975920433534,1.9809066449358923,0.1843065852323464,5.949696701704577,40.74572970089462
0.2587027565476238,0.6413128093958871,2.082184680938994,0.23552948148496294,5.737786522896433,41.418773752823704
0.20431450767009773,0.5638236845352115,1.9929511358717216,0.23879627173574375,5.685664083084344,41.520822156997674
-0.061670214771160414,0.4925453118289346,1.9287486210589622,0.4348122148587139,5.436092432239148,46.51408843226519
0.23613223433384456,0.5816829416243995,1.9416850406354493,0.27483030017275545,5.663690773786199,42.2348424562652
0.14637742093816175,0.6144494750122,1.964182705522124,0.2650268642718803,5.565629917997012,42.27105250905785
0.05237173753520541,0.5041394393468166,2.017916358691437,0.33406728951378,5.610495529663014,43.74698630186328
0.15930407964809645,0.49738943627677557,2.0288794417191216,0.28500558026375683,5.736149246862008,42.555047535015994
0.22764205693071338,0.4959203198266549,2.0392393218902884,0.329648712976391,5.807237416157168,43.5226894282911
0.25046194722482895,0.6308288930418688,1.966237851369903,0.190629797196615,5.68010979847276,40.488980990082844
0.3076218383225441,0.7333128394606653,1.967420068470085,0.22093402458629194,5.764838821131682,41.06766257317129
0.08089036715932085,0.5540449383304824,2.114426316430194,0.3199022174124486,5.7632314286188056,43.30126889536004
-0.03480607485382847,0.4634078353057263,2.173898591545039,0.42756847000774956,5.750308636060577,45.62173036500637
0.11931689390436062,0.5215577411112993,2.12998798670799,0.48458574371413105,5.843720937429209,46.932349362783306
0.5389760169513633,0.6151409229731323,2.347778868738626,0.5594809752447218,6.336057518992837,51.939468818756644
0.3942818560526269,0.530758514509907,2.370640100157052,0.6560320903185067,6.285139297404267,53.52038150882692
0.2566687347402806,0.48564402778531823,2.2428852434929034,0.5462658918454627,6.138234361453213,49.88553042876872
0.5198564417670501,0.5816394395566277,2.2123332978097023,0.45968679719741246,6.339355414436452,50.00323757215772
0.595151947759356,0.5837279101758216,2.223251581347643,0.5604562928179094,6.428158349042359,53.26047613367856
0.3527314812303169,0.6147873440293414,2.0677158569895924,0.4350540050195915,6.00972772017834,46.48480172345715
0.27375803130360704,0.5060531374213761,2.104377348787748,0.45378844947808705,5.999156147529241,47.004629282526174
0.5008124533465608,0.49811430551527786,2.1836398419726897,0.3316067025579503,6.228103036967131,46.02934803801527
0.6403790086377097,0.5440911321023643,2.2176686873138536,0.2534003670826769,6.329397070820575,45.39182265228874
0.6004657206841679,0.6840720295141268,2.257069053189895,0.2573479617108601,6.240783361986862,44.435854019199375
0.10139928546545274,0.5653934243376705,2.15711199681926,0.48447905291326177,5.822533364578556,46.83084355211466
0.0922089856797993,0.5169607600183074,2.0427597829685245,0.35943498819508274,5.7565229339082,44.11759813603068
0.4249613524745024,0.6107402611579239,2.0654342648622763,0.33978884594676023,5.9906943749993165,44.2195288710291
0.18585823201692442,0.5208601616181047,2.071959913942868,0.46580456943865184,5.7906569003187025,46.492632071259166
0.28444704026403556,0.5586683729810297,2.1000580514749596,0.5144006845083043,5.888468678106433,47.68884287226099
0.14869386922080996,0.5812738284069913,2.09332714865618,0.4950563275085357,5.742278390935236,47.02812601322672
0.26663400930510417,0.5708174105570966,2.039771331139442,0.29830775893458594,5.808706746022467,42.872906389193204
0.3817488989417754,0.5102559034854739,2.087120127012636,0.22076523364469328,6.049699467739115,42.25225788429498
-0.015282322738968568,0.44653046633856947,2.005566858895827,0.35027260677829186,5.6862964141566446,44.06256112028787
0.1319804235688098,0.493808619157193,2.1097330143352426,0.31143818966996,5.830767522081667,43.30454349348296
-0.2979095153070397,0.457109163009049,1.916616247796247,0.595593286584524,5.378724682239575,50.45887134551283
-0.10354264965609727,0.48611988516017196,1.9263177565362561,0.34564121867480185,5.495915732999931,44.43129805298268
-0.29387630808779064,0.39894027620410616,1.826648947383946,0.4606517780348834,5.376757384483188,47.575464418657944
0.07076311441733019,0.5920840639056075,1.813107880295335,0.20858098255500238,5.497382645748214,41.38248730317948
0.04296298704689905,0.5991696503205423,1.721208987105492,0.25155332206322917,5.383537011241796,42.91590020478786
0.2655155258752097,0.6481771861319785,1.7075956504609757,0.14666054140196036,5.567750836692825,39.71360846282938
0.4002380155075969,0.6946193413627092,1.7236968356730886,0.18631065486514317,5.695983805439224,40.25966305093964
0.21533051402054249,0.6332276247764025,1.8164510287403457,0.3431043662727553,5.591089679493379,43.83663641468296
0.3844346264772933,0.6537413137733651,1.833934080967983,0.22112761703033698,5.762364804201057,41.012940029926604
0.3057737726073875,0.5200508339975455,1.7486044849366504,0.3590631347113981,5.724327876949147,43.99274111073999
0.19507810357270827,0.5642066030213871,1.7232946092840242,0.3062571234636677,5.558182787567334,43.10508794057706
0.4499684073964548,0.596637940306253,1.7288298293226558,0.2697980584045407,5.865340519510028,42.17919321484181
0.47324188569342596,0.565959363765416,1.781058452419608,0.3954700188611532,5.937790334487401,45.07498595120561
0.6116684490791999,0.5669245421340673,1.8239102685363282,0.34271093823468535,6.120590058323032,45.08177885020641
0.27039773296918646,0.5076859297838248,1.8477399715295526,0.4018065117287698,5.802859796210917,44.97822218056591
0.4071772987813377,0.6216986504097061,1.7397265144135872,0.22127139035279092,5.877798000155233,41.24114492741915
-0.17959001436521127,0.5267423865542156,1.7425760005098527,0.3417215882177446,5.365480121013107,45.06133303083669
-0.06248702534793771,0.5079429798534842,1.8321489013288472,0.39022293398282604,5.489548027934699,45.26782961682156
-0.06967876000684448,0.49591568251684076,1.8064054419376647,0.3608638882948976,5.487900128491966,44.69099915826964
0.22587723687652084,0.580214703200187,1.9061095019895222,0.3418991506663256,5.7244043454949,43.60276183309232
0.016948723792946208,0.4612016078654611,1.9716196624144928,0.5289826434732292,5.681960345098559,47.798345396763075
-0.08342384307305273,0.4841032744892715,1.9060981738368175,0.4884178100618469,5.586013387982235,47.16644804976084
-0.30692666198411767,0.5075085539385277,1.9266000779814925,0.6702828774837873,5.365224780593362,52.14257363130837
0.013960266655616671,0.5210624582527084,1.9600894485163312,0.522973223717426,5.649117479310791,47.78089945854242
0.18099020926010206,0.5601467984256683,1.8449564666293272,0.34167163691050734,5.7126062845073875,43.79170390960773
0.34425775076929377,0.5910455073797146,1.8274734588910846,0.3587672265945819,5.8241503547130415,44.08272522889761
0.7159316710829078,0.7333415593653602,1.8545426338434838,0.49425979551919696,6.177230451431714,48.56286984183078
0.6214619386730617,0.6259611984495295,1.8799973598023674,0.6081606511639882,6.094291142882028,50.25686437751544
0.7806191893984551,0.7760805937826383,1.807962607149782,0.4066516029289042,6.124938243457308,46.18373308626963
0.5704050371297245,0.6838994112450975,1.647374898487854,0.278243439049749,5.867849966902892,42.23137889101811
0.39675994899541805,0.5448363337022623,1.5706747615576415,0.38936600896691703,5.747725432280168,44.50318934822187
0.47350772385143697,0.608071521082036,1.6008479326991876,0.27574149752956356,5.77794948571376,42.075108660894244
0.06318870027814194,0.4841619499717833,1.7190803341211554,0.5298213490868131,5.5459656885545074,47.94184280003299
0.14226858825806232,0.5242973131043189,1.7526758335702026,0.24578191510200673,5.562884221195342,41.919082002050686
0.551442720298243,0.6884237713211357,1.683988322948975,0.1472222466961514,5.8711288028413025,39.570518891364905
0.6107387975940766,0.6559053235318696,1.6929937644285369,0.21124362010343314,5.954383410620353,41.21228367691887
0.6193852842151578,0.6668791776847925,1.7671813226728539,0.2504995142544174,5.982461217919039,42.18800268810426
0.6029150087605584,0.7083607173837627,1.8111145181176875,0.27390769131556597,5.975199537576468,42.62273312847685
0.3449732960290561,0.5870763944607862,1.8149076490400764,0.21467771150887358,5.776067519801829,40.947494786218435
0.12466063120417153,0.5808454300610354,1.7854508836840601,0.2053414380443125,5.517538979967362,41.21915264238475
0.14815132844909407,0.6289984140925309,1.7751627477170548,0.20013965153746174,5.549615245911842,41.0081406333134
0.3061263288728124,0.700188569429965,1.7617679567875004,0.24537547540568705,5.646603898464302,41.58988525287358
0.5269908401413723,0.6864784716608601,1.8224213525827393,0.23086600896469037,5.87230600439593,41.32924241526906
0.23312513318950223,0.6196659930061451,1.9239759531010656,0.3576165160646788,5.652679443496735,43.97570849345835
0.3073563530769855,0.6732801491090749,1.9247834819657723,0.2640418633385588,5.690513493593719,41.95730152212778
0.5425065927794516,0.7275498553053804,1.8081018701334979,0.17969266287348906,5.851198488548778,40.15972180837767
0.24894988434711007,0.7627249486863493,1.8011333561647214,0.24201396970178862,5.5155391953520825,41.84589622153799
0.3672728037128957,0.7004533528636855,1.7736197437598489,0.2755552852371466,5.671492611138024,42.062077791374996
0.23428260120156164,0.6407308142985613,1.8446852555597062,0.1854820151542261,5.605332239692702,40.41679248925361
0.2024278242370346,0.5783409527002195,1.8917035419505162,0.19195668990181128,5.661653813264359,40.549712416525885
0.0030369772451810384,0.5825259889805274,1.8192716648063307,0.1757840883363879,5.40039183865146,41.23888623891482
0.2809318678367864,0.645206151216038,1.8483307526837471,0.1568653138207154,5.66942168357266,39.75832238724203
0.3135124060650769,0.6452641442605022,1.8235003996920538,0.2238808164283668,5.706148677650324,41.10737485942272
0.2831379948984555,0.6568752239187484,1.8025861378628458,0.14226647004609097,5.659934593708665,39.43469067424424
0.206661576355109,0.5701694955151327,1.7300409989818917,0.20621372183317532,5.6322429565915755,40.891775758208695
0.24041341982610598,0.5551859782110413,1.902975755487998,0.28848743591628623,5.800018668630974,42.635572614184035
0.11134813310891367,0.5410857537828956,1.9301222819566473,0.2853878426842249,5.705051321485703,42.55285449683094
0.2680578613820409,0.5448309941518573,1.987001705380633,0.2592694415655822,5.825941716867816,42.01407658339489
0.21485728188705544,0.5907647467692347,1.973453681740396,0.371513872321225,5.766821196649573,44.31643026005289
0.19320792777900858,0.6501862481297987,1.9600410960551828,0.35318690010662324,5.716879992988216,43.93037416717603
0.1684493153730593,0.5943507900503346,1.9485436635628226,0.31310251435950315,5.704998793185375,43.10688423670536
0.29028266680716125,0.5990204958167683,1.8845334726662077,0.21089579533270664,5.803271723477486,40.957277942283774
0.2620374095458364,0.6689649136907077,1.8286268056291985,0.12715902460162362,5.683065785878444,39.14654574814106
0.14459575287456228,0.5255463390646461,1.8536886357840832,0.1552480229291796,5.642362655662451,39.86620890929898
0.47187598666044483,0.5220864827851547,1.8378856961475254,0.20883863343851528,6.003812729960824,41.56596526527866
0.3803041381682824,0.4966706666532145,1.977239735966212,0.25839884188085066,5.976407390631074,42.567532032103884
0.0451790324822563,0.407882823649356,1.9372426774190274,0.3867764134231446,5.755605784939979,44.78094664729025
0.34722573391148165,0.6166093610889535,1.9823044111268346,0.19782593685092736,5.915920640608409,40.96761624174007
-0.132735342266471,0.4375605528347901,2.011868200131646,0.4032980779639239,5.603038640463046,45.26608737054755
-0.21583768044168983,0.5068826672727993,1.975586746836449,0.3543990800209359,5.435249799807261,44.92772377952408
0.38762240400503034,0.5316107875368978,2.0082851597459803,0.15684449513579604,5.974214257339237,40.41670763668629
0.24653105578299972,0.5344493146947068,2.0025286628167382,0.3143729096741834,5.867559160815391,43.33781143331479
0.28121596645263347,0.5435406592069655,2.1119579131946655,0.4383461376346728,6.010931979057182,46.60146996467728
0.6428989948681094,0.6615201774143435,2.282721548152399,0.37804343690713754,6.350206404385652,48.22712447878238
0.20026722323027635,0.5397673820147979,2.2408538167398966,0.4359558249510843,5.99634996827972,46.49142570386124
0.010552869159635936,0.5304816552093314,2.2703122746231164,0.45198974719988044,5.80919716254944,46.32587715735357
-0.1151595844331369,0.510843357122882,2.1548469345666974,0.3987409765657113,5.65100361827574,45.2119324118737
0.2654801786035681,0.6296797457939849,2.160907884895558,0.33491611567911544,5.915610217055523,43.98350341723508
0.08449437257820536,0.5337322741603332,2.14535757505718,0.43142632093196287,5.826539810031764,45.851598866357946
0.14621176725655294,0.5714543395407794,1.984505429100911,0.39877813228459547,5.701156074929688,44.94815374977279
0.41410036253170557,0.6682960287833508,1.9187889291310503,0.3798971589791709,5.871305616262598,44.64229934614861
0.30186522512070646,0.6117601122879274,1.9361332319178883,0.2898018300118691,5.78709596967858,42.607173755528734
0.244556146885058,0.5734233774689802,2.008407724333271,0.3485254342118705,5.748602576647171,43.80216302330867
0.05758349488928316,0.5155771763669643,2.144163723526728,0.330543034327629,5.706181600966607,43.59223994403548
0.3271439670541805,0.6136137703763853,2.0512996773993137,0.20199241085359884,5.813764235487437,40.79545858652357
0.2732704011355585,0.6574383537499255,2.027664728303904,0.35505821152900313,5.754501995889006,43.88322276821957
0.07926966448608763,0.6397779382653934,2.0275900319465747,0.37970953914715505,5.561958400284083,44.73600399118309
0.2383046143197231,0.6261347239462246,2.0349910709017736,0.2053510614094931,5.694027095368093,40.79596650511705
0.08907360648210383,0.6099199670095976,2.0308445304196105,0.283963555870853,5.594030783025698,42.679717595539046
0.0861891129517317,0.590894411019138,2.0446394282582014,0.3743565323152902,5.580647774768042,44.60799257844728
0.1463252850284018,0.6299594440540837,2.036070385874112,0.32978609937180153,5.579769316771131,43.621427795412174
0.07067411683893465,0.591438077734238,2.1229390646210584,0.369485790931337,5.587374911651546,44.50696844667217
0.04794600655935788,0.6177487104811721,2.1371547309050287,0.4056776609503337,5.605082841396426,45.270451079831666
-0.029539802641326163,0.5402584286552136,2.1776379445528695,0.47835403970489754,5.617281486775559,46.86828779603262
0.13810693136864227,0.5238982366182877,2.175060417810163,0.39810174617284966,5.779507661051802,45.03379236779972
0.2445741475805614,0.49462443080571783,2.1946818547502733,0.4524848606781846,5.897112614532784,46.419029262980025
0.15702523537122204,0.5507592585143629,2.2349760270133405,0.41183554946589673,5.773137888046369,45.319281032405776
0.2913208808624548,0.5425471608059534,2.1743699448180323,0.37324821392826907,5.8987114618691034,44.730081943933186
0.5088886218996858,0.6316970447480196,2.169329709782931,0.33540497191249596,6.031548224904496,44.412005681959684
0.4241155472606579,0.5692875307817098,2.0037613354797346,0.23177042942911796,5.922039334077541,41.691713911033375
0.2654949265414085,0.5974321713959968,1.9882355196671453,0.1641568634818642,5.767146754038924,39.95884924591082
0.1479215331657956,0.5786807069280923,1.973351904953925,0.22590486788002395,5.626755275225813,41.37198033418846
0.30954434993022734,0.6180935574590386,1.9978700239864682,0.26637370266308,5.787991994947809,42.093610516612216
0.4647827126495213,0.6287094714739156,2.0676718822626343,0.26380532140956936,5.97978139477409,42.604942315113846
0.1517203558629151,0.5331996507147816,2.060052779768567,0.38398092962675645,5.703252982517695,44.63614864173307
0.35119443795647615,0.6277720168658504,1.8524831875644958,0.2794800039509714,5.736642910112659,42.25430571830438
0.012411708637321106,0.4827176041896764,1.8194730146631346,0.4063798277277087,5.486620679610066,45.578553172142165
0.47545104662658166,0.6407489140249577,1.9168146331703422,0.3508587894075498,5.975003752325915,44.305601665331885
0.38948057926999946,0.5986009758289168,1.892674465709545,0.38565714647877486,5.889181262074507,44.68218411426983
0.25510300606242176,0.5202977522518093,1.924685899940566,0.54087611957793,5.828355440078929,47.762727020524814
0.45699828648852364,0.6013021739966596,1.8760810885989172,0.4037225378305909,5.947910730165602,45.229907895230454
0.2953901092663714,0.6291514057482849,1.8076090907197349,0.3678174154329434,5.719561952130568,44.06262561487447
0.39002535593393306,0.6961718379258384,1.7751371511687783,0.41889822164303436,5.782935966309326,45.19741685153805
0.3705325811240532,0.6080754201098327,1.9208987737418075,0.4957617081967592,5.877086891447748,47.05806142892542
0.4544860422634671,0.6299177432924066,1.9944155560841543,0.6393452547055548,6.082235939236851,51.0657340572325
0.27687076633678764,0.5368248670620211,2.1150948847140616,0.7059224248183706,6.031686597009473,52.21516462877877
0.15670799762062737,0.5032850293034938,2.045254482818071,0.6340811684003553,5.921787297119297,50.24782135958323
0.1457756729692471,0.5806505035295474,2.0612312939847635,0.45703512626562004,5.834448183308931,46.2304408840832
-0.13764376524033684,0.5377968247416349,2.0310611223901334,0.5226860293332198,5.59404154117615,47.734391709979285
-0.10260314619250743,0.5207316994164907,2.0246929279103685,0.48334228308960453,5.605744254146748,46.943040634687236
0.053835414618043864,0.5518175848805332,2.0573804257656176,0.39522203471598577,5.685255854221678,44.880103392397515
0.08289099209210604,0.5843352452960192,2.214851404733622,0.43392128573532107,5.727451806806835,45.64697718512082
-0.05920812599108216,0.491397575751736,2.173506458452206,0.5046645194055592,5.6430818978843105,47.24935372314282
0.11236107021425445,0.4912019383876428,2.2642398677478943,0.5369201415873677,5.842793291086512,48.026530889954195
0.22979682003043467,0.6019435616015056,2.271160585172545,0.5000238895350024,5.944969443018091,47.57728068615021
0.33533188710438644,0.5538262691328586,2.1490824558694483,0.3709334848924821,6.0092488721493105,45.201484188496245
0.358746923454664,0.5829942279160268,2.2172746554224725,0.4466710272958231,5.995134096218514,46.660812339021994
0.3044239991274546,0.5649991902382142,2.1471488729533057,0.4966132395229264,5.922197260029432,47.42297553563144
0.2908520169957678,0.6092918937575307,2.2275906229241538,0.49809159661629215,5.918149475613719,47.43720724787207
0.23868563382029762,0.5853100189589096,2.3054109545137784,0.5716334076237757,5.873916325479483,48.86199629749903
0.1459307584577194,0.5734470320598123,2.2808113547661004,0.5810044466285236,5.795755302779518,48.81232356458276
0.04791791692932301,0.5673252072915284,2.201626255116155,0.6048864273797517,5.690107067704995,49.34875175960192
0.18179865857473199,0.6200333648980279,2.139453124195371,0.4841143282403205,5.744572768056635,46.68679845501261
-0.04791938664311124,0.4886317906656351,2.1647465012492026,0.5057639088717925,5.6619865398067075,47.398255586040364
0.04979754169884987,0.4755495674213575,2.3156171748732617,0.54138708110774,5.8583957578499115,48.28242831803875
0.2649260120687379,0.5657618373814166,2.4924361425842902,0.5227610946405609,6.077714636962366,48.89928757041845
0.2530343819394981,0.5147951452012449,2.230295336052807,0.4277091399289253,5.945946417162504,46.022614699327804
0.41985269066988473,0.5871162848723749,2.311916605434481,0.3796340214195497,6.118657612459014,46.05002301820164
0.27158204633610805,0.6372417752036613,2.1539273330471027,0.2769105975374039,5.831371800834244,42.46817129529276
0.2837627660785908,0.6706933375605348,2.1160112383068954,0.275423254267955,5.848415846554415,42.47013329558165
0.3779228096562787,0.7334271455916554,2.1805397070682275,0.2742640848487933,5.8905663559577315,42.49311702157515
0.27366561681996365,0.7370651045732856,2.082832321112817,0.3337336705975188,5.727577095769478,43.43362059926854
0.27263145785184817,0.736607552961694,2.0213949422832522,0.34628524934184773,5.690436897754827,43.67702814942961
0.2579772708502399,0.6020132087492989,1.9450226526546481,0.302416997147364,5.760773228370756,42.86984936075662
0.3308257663742251,0.6618828006942226,1.9045602810283138,0.3416289917719578,5.760500883013794,43.57285380727313
-0.03387865180039562,0.5754544316530502,1.8718711793632665,0.4574652896779101,5.432072228728914,46.96137723078242
0.3107788501190865,0.6643299424343589,1.9506966509860102,0.36569385608123783,5.791386986531341,44.19759906576435
0.236707430615614,0.616213500107022,1.8385786789253185,0.17798601390088656,5.673938429923153,40.255767934306206
0.17601817441027273,0.5344855969640843,1.6995089361589497,0.2591003778854334,5.635852928859191,42.02781266921984
0.39807725504352687,0.6606516191104889,1.7301327982060115,0.13308783577216168,5.804358246118703,39.25404288519158
0.47361189720647573,0.6637333483801898,1.8338419443231024,0.14988939646590177,5.925139188198147,39.940747846449064
0.4525773870948919,0.5357237925730206,1.9090529157022829,0.1376514485989888,5.986824436038111,40.014772942829026
0.5576918845736132,0.581933284724567,1.8017773463505342,0.16526830444723198,6.04045480030649,40.81055024516678
0.590371613375415,0.6812599309166112,1.8693060632540062,0.14067418097489098,6.045852879622274,40.312130061970414
0.37039523961409226,0.633361896362429,1.8858843475848528,0.20744166892740035,5.920310352311296,41.229842049650586
0.37122751587791997,0.6157677646524881,1.839622890225786,0.16457867649839358,5.834343665693621,40.007508230804
0.27850542158531133,0.629829858199725,2.040890475039866,0.25869764228334746,5.801418541795029,41.9558713952001
0.18258070260104375,0.6004479340045742,2.0846218828993006,0.24420661762467327,5.74677218562474,41.69098419381789
0.1772063306769659,0.5905868007592482,2.2559003894087173,0.3300483218991134,5.847879080341226,43.66817554683919
0.18308194648472031,0.6076741933717599,2.1330556241689855,0.17721321899604905,5.753736813389902,40.26270083758308
0.49619614242064686,0.6568010870287218,2.1992859682700665,0.29668932226127703,6.077402267383168,43.872312697017236
0.40719967054821504,0.6918289105823577,2.14907922009793,0.33562658587021343,5.9742569174585505,44.07250050509899
0.5683403669789027,0.6746000442660207,2.0903826604490905,0.4292927132038199,6.048546596547574,46.348586854096766
0.38873651004458754,0.678364017362084,2.0756600638812777,0.2874497860108107,5.874424897692714,42.66628946012299
0.46375846706648105,0.64222047728262,2.0901527153737867,0.39106388121547536,5.95107772372259,45.12333695300813
0.5008071539763366,0.6545819100986279,2.149427877945948,0.4442539887894628,6.01140661819092,46.56305500187895
0.3639706923546645,0.6782383586612077,2.0627472613645352,0.4020375139456212,5.847510120717567,44.99869533854196
0.3262277527348858,0.6942481401836061,1.9421716666852624,0.15183082590240937,5.713451574888936,39.58773660917052
-0.10743951472640523,0.5689010278957067,2.053247282059795,0.17581580946463168,5.4094867483196305,41.30308221874163
0.05837611811951293,0.5411961893697113,1.9447493158800957,0.16370967336871334,5.53586020577213,40.35273998623013
-0.07118807731450594,0.5625872789920059,2.119992432261108,0.2767389115080355,5.5136490646428085,42.90327333397383
-0.11087615185518396,0.5270022355892643,2.0096364366552995,0.4696542794370661,5.490465212398323,47.07471712924217
-0.07828598139891918,0.5597097922622097,1.7827350700071434,0.3944496064950927,5.353880084480909,46.231288769116034
0.16060832035181938,0.6205873432503283,1.6379562421867795,0.30482493136954963,5.493568606579554,43.29441564760252
0.248472941832733,0.6151521428386215,1.7594500143937484,0.3066091106205731,5.6347017565300765,42.886454666570025
0.07218835988453443,0.652547583342861,1.750656841562714,0.3219457188056022,5.4010790738468835,44.219688531986336
0.2601056347270273,0.6689670483748271,1.838735375006046,0.3730629842065436,5.632381655616826,44.27412099326278
0.10697548308831684,0.6156819821025947,1.892512652290764,0.5245677107585915,5.53635734823937,47.75644895905644
-0.11098647290381458,0.4745097340696724,1.8918135921591133,0.6418532149663658,5.469409654012058,50.620096522994956
0.05037930150349201,0.555148709761586,2.0069942085914207,0.6716749748661486,5.615008724943688,50.652404755413116
0.011507153622884014,0.5574964148284096,1.990109057142416,0.5265967738047872,5.539990033894701,47.86878236466094
-0.10944580762887046,0.5649912963986142,1.9236762969594468,0.4633138205145858,5.418129983144916,47.178127620374354
0.023233115965094364,0.4833605366049912,1.944780630039065,0.5747841020419776,5.642835003398792,48.66486976206607
0.18725803129181018,0.45566121443931434,2.065496225393366,0.6411582937738262,5.913780230635632,50.389122717691585
0.18889553614872168,0.5149649385210847,1.9367195767345695,0.5163231900516988,5.744187733326181,47.31264933043952
0.3902918806450744,0.6125734617275619,1.9751665474966449,0.4702919595422164,5.899809671381584,46.540725513569036
0.5414201112801293,0.6579708903429418,2.012363748305427,0.45544935330671454,6.107031951225748,47.340029873947856
0.38470595653586537,0.5912085180224622,1.810290551186155,0.37575161779740107,5.838855452656855,44.33170688229347
0.4171825064951194,0.6154209817510754,1.7773470290929596,0.3712832402955528,5.86175270370818,44.24598271416536
0.4271963743517917,0.5139486408454768,1.7773475968077377,0.4636336786252812,5.954144774859384,46.58265110955363
0.15908537064386769,0.5246830063871365,1.6035365078874033,0.3958406646456152,5.543800295577475,45.0309652836009
0.49907801987315253,0.6597058129686643,1.7156826951553188,0.22551979523603155,5.810022620640952,41.04715552693598
0.7356059363088391,0.8081588567653869,1.7688002459569225,0.40485176212173524,6.006246603085688,45.31916854529097
0.5336847541476213,0.6568790727643606,1.7986079429549975,0.2959859083172987,5.894136193764386,42.791644927127074
0.41298068820338796,0.6242692902173673,1.7773006958013593,0.21273801715157922,5.771839245718088,40.8313707168782
0.03148967743897502,0.5405872001545378,1.7357306094252385,0.25321860575183824,5.39417668336494,42.87183840682533
0.24337139372254096,0.634052433234832,1.6234822609912025,0.3186441310373379,5.489958639535152,43.507756382629275
-0.0777155500399731,0.4791686304895647,1.4935340398415422,0.3973787090622495,5.255965540566694,47.03812432400793
-0.06984262699166477,0.5408061194133171,1.441484230357436,0.36683750189421654,5.193097821135421,46.99226782938615
-0.013457671681008587,0.5520282535175596,1.5093035415390712,0.38845466670092016,5.244152258684309,46.93278565595358
-0.03298581617621532,0.5315744209250306,1.6571320040962707,0.4265943557065727,5.327631158659545,47.116520404237704
0.12292311567522024,0.6774669276930453,1.613281699696631,0.3955406468060953,5.373843125860326,45.9203190357246
0.16074270206114155,0.6314018377044274,1.5646582742667579,0.3730648191768451,5.428695814893612,45.15585767157369
0.29943066731426526,0.6162761313761171,1.6490689287674836,0.2782482154816674,5.619516787058111,42.386192405145856
0.10510714694920842,0.6028424437707125,1.728385187706195,0.29742973768391734,5.4714816351016475,43.39616447800892
0.0035526609368263795,0.5559206470469048,1.7912951116141769,0.30654755872380696,5.445411451503641,43.822996129658435
-0.053671163553000056,0.5331640915823758,1.8357013993102864,0.25183546712231736,5.417933034992396,42.814602037125525
-0.19212231506081345,0.5207173846455322,1.806527401422724,0.3756937409722748,5.24108269262898,46.78751721934887
0.15723841762350366,0.630279686641725,1.882267018741316,0.23426011926277568,5.552301265164672,41.653842586393075
0.5691968014947087,0.6621507593826658,2.092068154296414,0.2575390289128627,6.011350164946662,42.51712101404999
0.24424810866737057,0.6171251060881684,2.107294386070227,0.36072400955673334,5.71775903040394,44.02723841681296
0.037331184056329736,0.5786431255794686,2.1277466020313422,0.4048985453328866,5.6146652299077475,45.17602758523943
0.14600175879977573,0.487563952696413,2.2139783032422558,0.37046891684520045,5.8467183365302136,44.5599108610452
0.15153918812108125,0.5728106630189272,2.209591379312209,0.2837846295893752,5.782803708444774,42.631337639865706
0.2663437285840975,0.580636236386277,2.2344527109556434,0.17237295094691082,5.869540325882899,40.36495831651577
0.08892406998432922,0.4989285499224402,2.1879465156832034,0.31159375569780273,5.695189446755425,43.1027563911142
0.1328564001961845,0.4496362903208963,2.2003253216679406,0.2832845384295553,5.827832736385424,42.69009295171192
0.2405156823260456,0.599852276368423,2.3137898850018415,0.24420290229336972,5.845051614611754,41.824616035494834
0.3151451814212961,0.554580699291364,2.2523155383059454,0.36116232857741365,5.965620225033201,44.6994723056889
0.25402655405770436,0.5230434030093145,2.172886813820747,0.2811795789226455,5.871333554283028,42.70113810255153
0.4276792611224594,0.7028153719633312,2.2498770909738868,0.2702919026465644,5.991758331370933,42.853034789281345
0.44577353712322176,0.7098688778323194,2.146178702354633,0.2510317421828362,5.9621685335033066,42.288429097883636
0.13027529114812575,0.5729911139422977,2.130284810405478,0.41393816793652716,5.739209776334749,45.341272243195796
-0.0069298139628061195,0.4174678359844659,1.9958926271033164,0.4911337203010774,5.67688192673467,47.01885682139005
0.19846806080381202,0.5898210206330782,1.822585162501022,0.16162748506479352,5.61255297346794,40.01342997241155
0.2863088292525541,0.5987433525199363,1.8847734647518442,0.18780995946265383,5.717778701847749,40.425513503091786
0.2609660289378258,0.5065978786632981,1.7465237460664471,0.24917044930907642,5.701280642012719,41.757985997556254
0.021576158920177058,0.48156019911516007,1.8951243682235985,0.23801082390941453,5.534083205984354,41.972132405500304
0.45648295043216386,0.5596416107118353,2.022244301991879,0.15367599641172416,5.981357233243381,40.319846261607246
0.38789757690756166,0.6016947665882386,1.86355225022937,0.1343395269534634,5.792965178630664,39.29010027989147
0.40589501817130363,0.5566755370508937,2.0063803169987273,0.3162078186885908,5.921067507740141,43.484150761516446
0.5168420124117769,0.6461632562734699,1.833454627324103,0.29322934412674134,5.910711373388817,42.83838274798606
0.5606808969274568,0.590878918268257,1.7444538515180081,0.29309046920017934,5.978094222861314,43.049180754355845
0.2609775359512925,0.5337445570273508,1.7411739667906303,0.5128041404387647,5.705184855592972,47.17485289014996
0.44999891702446265,0.5980102747474321,1.6223468514237083,0.3857465413506498,5.787609313590792,44.45421035130389
0.6256793608745888,0.6971179400531479,1.6483030252984852,0.47895936047632237,5.899308111476166,46.5539445482696
0.34739116433794803,0.5978984784456545,1.7174333011687453,0.5235166081151434,5.678861956879471,47.40080080075452
0.23607106626516783,0.5615006505671423,1.711898878973967,0.3704748260717733,5.5878915504967015,44.39245687123076
0.07729883772859436,0.5833573261897607,1.6157781439588377,0.3582818220073001,5.383132170479453,45.11895565206225
-0.10951319069844334,0.5026942650670921,1.613160893883952,0.4780321849372727,5.233554689142195,48.97563040425728
0.241094375329161,0.5309399217711219,1.62153802661666,0.33315197914818995,5.598184849778434,43.60940433712659
-0.025332570523658837,0.4911738904693015,1.6222683395772808,0.39950652784674573,5.4228241702717455,45.95433041319079
0.13348864134017502,0.5098506779022659,1.669974344040524,0.3675169179246331,5.580952366182334,44.50669918417301
0.40001733320758065,0.6281621336127949,1.7718940690226708,0.31933977698185295,5.772088859342965,43.14121048949626
0.30181645376025684,0.6312451228652224,1.7554893396298379,0.26964541452085783,5.643048404443173,42.12344852694526
0.03782186359421624,0.6337278977967025,1.728967686693724,0.31923731703513125,5.376336484918056,44.408436272857266
0.30469761394270234,0.6456362719933287,1.8631439516520198,0.2929864305335655,5.72636711908171,42.59662978809565
0.3220699202781773,0.652858828370211,1.7762975725095296,0.264568148853781,5.644337507447796,41.96672599416609
0.30466532399220886,0.5395666812685431,1.814829845468663,0.4017554304746246,5.727008711832834,44.88764331346529
0.20839803243180033,0.5790722321268597,1.8648090907645698,0.4434218853402233,5.611099766311664,45.88622022332333
0.25796758773671763,0.6788279514057899,1.7921814948161454,0.25716796468119946,5.580575554313224,41.98866445216662
0.1977878421144148,0.6809738065177318,1.652803900839479,0.3248619288657384,5.451712844231825,43.90536601973676
0.3762719259081292,0.56975048415067,1.7491787831318046,0.3772727287957782,5.7632219512239615,44.34036369600564
0.6039660223949413,0.7075904790360052,1.6775283724615107,0.24079688989355305,5.863623580561436,41.4408772648327
0.5665036020300183,0.7090268073604752,1.7529157553800871,0.22666470231254843,5.8393043188687335,41.09728603344411
0.7427178450792491,0.7693993089818189,1.82737359236741,0.25055416757534194,6.051186075628329,42.49835798538322
0.6626775272970082,0.7886746590407056,1.7667096866672671,0.3372032848519435,5.94539569982915,43.745877382408054
0.6862481018603726,0.7996375615751102,1.8379624754000283,0.418853656877489,6.03471928609308,45.94817893710873
0.5167704007239744,0.7006343943820047,1.7270963171115603,0.434583558297836,5.853378970584479,45.57482336018437
0.4037643092912723,0.6502385136261054,1.5972126568007092,0.4254451851188928,5.668161197101274,45.269462100443675
0.2467883476395058,0.6650621892040399,1.6668904854914954,0.31349584887718007,5.502476418707259,43.451701913716605
0.4483508300001752,0.8220860301628664,1.8158805342810849,0.18290122285152755,5.713639801186657,40.15525565202361
0.48893237581382054,0.7160660718082578,1.9615984825066546,0.23648626342670273,5.871946099144739,41.582307608373505
0.1798189966874788,0.6099164914754358,1.8984317267502022,0.11956550378347156,5.564681272199375,39.254997622774354
0.2400798630587634,0.5876990684420385,1.9531660324370246,0.208514068258663,5.670603860317973,40.86433505687269
0.27409582927687254,0.5818106703412346,2.0373867486414827,0.3264965829615797,5.749130551873629,43.40869382958934
0.344999030191062,0.6026626079229863,2.02509259970159,0.30877969735277916,5.797855345307591,43.06035498277972
0.37533135927127803,0.6676333003114477,2.030076022121598,0.20059076433000314,5.78726104081916,40.65441276916955
0.04649282472992966,0.5844124216943705,2.0876314215059737,0.3507799731020371,5.565300267146974,44.17376746765889
-0.12124454188445477,0.5233240186552819,2.1238206136778115,0.29644000592428865,5.502789639423631,43.33704926770384
-0.0972763386679325,0.5899945238077918,2.126892448568283,0.3028485066000362,5.4899856933178794,43.524898530783695
0.057733651908325356,0.5715329143327494,2.1768436590872158,0.27360516649279637,5.697785327376906,42.37754596423281
0.2474680143172191,0.5738223414085805,2.3119464001984644,0.3216196811994963,6.002743420355952,44.13528740099818
0.3086818056365558,0.5401484788659323,2.1601349623061026,0.37016373714215944,5.982457132271932,44.967009285543696
0.27190195220819846,0.5943533524057334,2.1765574368300626,0.26124333084200135,5.927371787581025,42.43986886404852
0.44133283538975754,0.6530406236865806,2.1522917742650844,0.13996046188747216,6.0035375978155825,40.174972508381536
0.35540495943837225,0.6179795519899762,2.039547359678426,0.20385220124048573,5.898528235781466,41.081732852428495
0.493277840014751,0.6196467963894006,1.9633422533161897,0.15140865195997627,5.974970704064283,40.209481948476494
0.4473948732352849,0.6334537121394488,1.8674939814816434,0.1174773622143179,5.858776618234525,39.02727171726125
0.16626907831429316,0.6328072947849314,1.714684220459863,0.2412604903087161,5.564931710362366,41.783724486513506
0.24745003365769036,0.5700979725434416,1.8264582908896068,0.19104079967179324,5.725143329903945,40.493788018825384
0.06180420516386498,0.42511400506399527,1.8648392094563322,0.29919394141876066,5.6596838505086815,42.92305194477112
0.18701926313564232,0.6044670125548361,1.7490179353177293,0.11180007641044834,5.564777781197604,39.038455642074865
0.36942066099272947,0.563750533077005,1.6941635924651632,0.17073579409753906,5.773035536255323,39.963932603692534
0.4879403054712682,0.6144298943439298,1.8824923486215113,0.14761617149357095,5.9444631045353855,39.93052832679756
0.07918160322570689,0.4910907879385651,1.8519718130116707,0.3391466220491443,5.641324778104631,43.72214373897071
0.32744295139099455,0.6169576280202506,2.0557535269529144,0.3815860350600881,5.948267555098294,45.01076982197956
0.060816720168955896,0.4713989619269161,2.037554184173825,0.4602257146680683,5.780844171982231,46.35304316986426
0.08101038377925895,0.5896888612119023,2.039208854885495,0.4082284310655568,5.735351455674483,45.23560175767586
-0.01459287533419662,0.49169578606440273,2.1020258480316762,0.2676179027326262,5.6954922814255315,42.337216602257676
0.2622747832990952,0.5360710450821174,2.039840010480529,0.1518349150074228,5.850849157579623,39.90578367504132
0.5119894662684331,0.6145234352643599,2.0508431733392394,0.3093414337135906,6.095074364734488,44.303163841693035
0.4531275536325817,0.6499118411131636,1.8537246929050095,0.2105703152347996,5.89202022105077,41.09521653442195
0.13836380703751494,0.5072935932269926,1.8258428235288822,0.365252955948404,5.721048457898658,44.266267966167874
0.30836264672134805,0.6456017226158516,1.8520039235996375,0.28378406081159474,5.822788840316826,42.51021126349319
0.1754897771277379,0.6387773057181515,1.9134478556771324,0.36002457766286594,5.7198585277239244,44.072838119977646
0.24230166377924905,0.5804344737771955,1.9404976603753312,0.4212427059055573,5.790673530758623,45.398036299402406
0.14298841569474974,0.5375869801281422,1.8197215377957292,0.5626206870732979,5.683388242609748,48.389169573428475
0.3168342774947695,0.617845702492294,1.8360592658240227,0.3051596150282125,5.75714764985822,42.85766349821097
0.20975745025100573,0.6685750947532165,1.8309979328034636,0.2511663468478971,5.585715779173542,41.956685122256445
-0.025580470015807544,0.5530508013369333,1.9410481676891422,0.3103716847668085,5.439433389518454,43.91477683647957
0.1308904731815561,0.5360492643268373,1.8391796254182857,0.27264827432284255,5.555782894192774,42.55366584645782
0.057423443265931184,0.5399263208864118,1.7936338179063296,0.2860315602486989,5.451896364759217,43.31854268803477
0.2749552262749462,0.6118102062013734,1.7192300268209249,0.24851397059193686,5.62468529159981,41.72006543705778
0.17710495242496205,0.5533662881639886,1.7571831026979534,0.30583046733645164,5.637497086421349,42.95423345721697
0.3452864759645228,0.5492607705883777,1.7965340024996506,0.31225154795675364,5.819232342494124,43.060039229274594
0.3030017819590276,0.6267236895388234,1.7857499731231636,0.3773202242166119,5.712177311134776,44.29332192199263
0.4381520090842418,0.6760095918277093,1.704000370709851,0.32088375904711997,5.719209826385038,42.978578839301036
0.22974531584106878,0.5032429025525339,1.5729168162161515,0.4489766988345763,5.587256535564297,45.984994964117874
0.30801819951690923,0.5727252439189763,1.705258187519938,0.4435892940714111,5.660844154446768,45.715486405515406
0.37160475518733577,0.5574432523690549,1.846716729158128,0.570553470760052,5.810038343078919,48.40844773136815
0.5931044789446012,0.7156597788031926,1.8284020985939509,0.331333497925729,5.910380851741547,43.55578923815499
0.5849320398413722,0.6312114214817202,1.8719103412706546,0.2882927651232059,5.965212951040913,42.88292743924013
0.32997986354190456,0.5178772094456029,1.8177492422430723,0.36509437353781815,5.779120308428048,44.08140831419523
0.3072729772951751,0.5388214593314576,1.8003361010000503,0.31593346961427704,5.785505329538819,43.100514285247044
0.23956197899766718,0.5840236107172068,1.9028593787263421,0.16455030681736643,5.726870965889187,39.964890813269214
0.17243978616888728,0.6013866929020929,1.8438895578556138,0.2260569652120602,5.602175571839947,41.39257144603642
0.36995038499442984,0.612394963688981,1.9030986005170523,0.27466851250179247,5.825478578682503,42.26377219115805
0.2787214887420097,0.7199190959795811,1.900532624316999,0.2532785113722075,5.730321412627104,41.766660534885744
0.29505338576540163,0.6315554196376579,1.9242479518166435,0.2084942583307584,5.775529629339731,40.828175094632186
0.10264002680602968,0.593732563834813,1.8982995446971578,0.2010269261195611,5.526318176392629,41.108260311607765
0.24408493744028043,0.5912757329341587,1.9435953883544401,0.28074511566715604,5.691004337820892,42.35700895238588
0.3165461454684831,0.49380271398954284,1.9521580096433508,0.38280869198510237,5.863441806546572,44.734217210522154
0.4742429612813733,0.6349906029263251,1.9843926738379436,0.19459943044744,5.9425553374569535,40.99319860042625
0.5175085736448963,0.6162510966640761,2.0957486424837324,0.28414516853767485,6.019256352179,43.25633031226785
0.18082293289166773,0.5666339828657455,1.9872651856150914,0.19563893848962471,5.657819538420035,40.67603096652685
0.027515536698814902,0.5744263841634282,1.8986833922424255,0.22889931916873227,5.49897270825175,41.90785634736109
0.10588931432241905,0.6573560104063202,1.8186883890805503,0.2253007771369478,5.49346648471768,41.700295595216765
0.289082600257226,0.6671063522944073,1.6925098460184247,0.17618164608436498,5.696095690448966,40.09563914517005
0.42127024249984485,0.5891618915622553,1.7755969875985227,0.15665997338400867,5.9106331646884,40.04025715514248
0.3898522530065948,0.5871815422265898,1.7721615388441485,0.1926840699356506,5.879284573406904,40.73376310511587
0.156865411714602,0.517390520265531,1.871113753652212,0.2758068974838334,5.716965848123433,42.42401210207027
0.13382863666518852,0.5514769441495806,1.9113136389912961,0.26877876621781577,5.726121690262181,42.28600679636982
0.3542612773308496,0.6760408862477643,1.916676825807242,0.2678902300767875,5.789242473623535,42.10378464619673
0.3979693441218521,0.6763788909877584,1.894025412545309,0.251769965438671,5.80584134218217,41.709688006543765
0.4266451990999887,0.6398016106323021,1.8732450177275073,0.3091764051770657,5.885266240487089,43.09959690838838
0.5212161417579372,0.642626344140978,1.9068506602219841,0.3267596357853061,5.979215376642742,43.843018026854814
0.4703644027834511,0.5210850370592855,1.91725141461192,0.35240268277751496,6.037328731657253,44.84588110505018
0.24021558643513097,0.38716884499408555,2.058118008850456,0.7155509720529037,6.0543801017501835,52.8557819664008
0.7590621210235264,0.5798909783018984,2.0521723352762598,0.34971897294673415,6.356219601132979,47.63147320413102
0.661982482646527,0.6005704388926761,2.1148087804684255,0.22668272531981853,6.235462565734867,43.73005982227405
0.4555530396438605,0.5848080821389601,2.026519587351269,0.32678637259421406,5.994044560670425,43.96888439985874
0.08814185369660432,0.5134676204996353,2.1699614100561253,0.49421308268446235,5.797952150445825,47.05079470064878
0.14643712024819167,0.5103669711618323,2.167141484669655,0.63296708767564,5.842885079398949,49.95202021283276
0.34644442328210173,0.5823371985333758,2.079893944858269,0.45789459821353595,5.914834602745691,46.41547015055555
0.2684768612961963,0.49237433212925674,2.0053459779839122,0.3975923489540523,5.830787393493798,45.00945383200554
0.37135929300941084,0.5740587244170159,1.8586739625717266,0.3318823767981687,5.784308155618406,43.42957363319258
0.6091599729038378,0.6618770390545086,1.9313230828064203,0.3035760552362743,6.013716080109073,43.47072243258714
0.5237297947834001,0.534532481462834,1.9081295544063854,0.32711086702142206,6.03478529451165,44.233265236293846
0.5359593384862491,0.5478921494743002,1.7736789751307684,0.4523781660251384,5.98820257144753,46.475088138546575
0.11589496997484267,0.4477085228345585,1.7423660579207871,0.47762468210707376,5.644999499035306,46.62857170788315
0.5894623734802746,0.5962252836487941,1.83108225147559,0.4514279406835075,6.021976263636446,46.61485663172652
0.5243059737572043,0.6044291750472663,1.864691663081969,0.39016432107304094,5.942248957907358,44.98597329285784
0.7474956687511163,0.6944125014956765,2.005854373892903,0.4099512891372878,6.1828378487392905,46.92655757509762
0.48354685474592374,0.5712374861388733,1.9908871090241562,0.5713694743536754,6.002845724448235,49.21080616350956
0.27424368977295505,0.5924421950548928,1.79645261968237,0.43715498760798677,5.662079811355447,45.60956268517869
0.28795808210756896,0.6348052096121175,1.778474533922235,0.29311778864590016,5.615993121040578,42.638966721753725
0.2606824655037003,0.6323327308147515,1.7786603269838626,0.2565727340686573,5.619505301511766,41.88577124171641
0.454516254624605,0.6651440234244332,1.7026456039308664,0.26199384887007243,5.814499675629,41.883019412859696
0.20191766881253098,0.5575244937790798,1.6262916188658338,0.17915766054682758,5.563565443121952,40.47876308045009
0.23175301911235258,0.5099149107755742,1.752024652886579,0.22605900849174143,5.685477313704174,41.246073844587556
0.4443931770309348,0.5473709764471245,1.971425687679607,0.18660318343660193,5.982850632329566,41.020277270099086
0.2854287452825313,0.5169959941989769,1.9406150864746885,0.17881410239959927,5.818369631157128,40.364287660562624
0.1798894999300129,0.5504421843737886,1.9891025078419804,0.22484450373134238,5.68462499797792,41.286589383566834
0.3779313807546803,0.5055752309920712,2.0037972982207326,0.2812720463180916,5.951812952298861,42.93130958743318
0.3248325556029568,0.5522164269831757,1.9020000361145057,0.2552490081272531,5.826526748096207,41.8938837817229
0.6109970912803465,0.6003300117055171,1.927337188762557,0.25439360002294586,6.135321958728092,43.33986727122891
0.4546961210353761,0.6525055645508684,1.7549728374522138,0.19841782294294605,5.889233867857556,40.77161034645494
0.27560441564831706,0.5613797463624052,1.6835585328592442,0.26114004408061575,5.702017182491215,41.888811158997996
0.19287144279291552,0.5753168573471541,1.7387455224285704,0.41500593449757506,5.717048344668555,45.1254761994371
0.142159106244858,0.5666847660839417,1.8212997298747475,0.28122486416353587,5.683343346177143,42.39312159994105
0.27943277039215997,0.6330177084001571,1.8408363729087895,0.38280573937295004,5.7733125210690925,44.43976342824998
0.1743029231171188,0.5038356393240171,1.8679696622814719,0.47767094334480314,5.768548051949446,46.46117820562868
0.3719275351516969,0.6073771348341078,1.839766730036086,0.47317226606442936,5.878045934635002,46.515299402606445
0.3628760442703362,0.6812188395618156,1.909082243740712,0.26530816370227106,5.828679320488243,42.06506076295497
0.47227851141930693,0.7174802168990119,1.9736539382662965,0.27807312600392514,5.9719195858376395,42.81483689432028
0.41087923688492123,0.6008182718689076,1.8903651768692789,0.2858717943839476,5.926307608094513,42.80228674547564
0.683198058622743,0.6568232077116506,1.8576081565201346,0.4345125788351553,6.117999364199169,46.910167917081615
0.37026502388923016,0.5869495927035091,1.9789939410881765,0.4366510622219912,5.83536758970957,45.7082684174026
0.0334534083549578,0.6264581298573154,1.9108616374894325,0.28896700591281954,5.4474669829083915,43.320696297275006
0.15492333793998136,0.5435385888240992,1.9894521212850025,0.3540465762556777,5.676923429382603,43.96074013641494
0.2562809656463715,0.6626122297824613,1.9668781301210276,0.2985404868331566,5.761005722095557,42.78400740429934
0.3084562159632265,0.7030071195939562,1.8777848205456458,0.3605284993859587,5.699631099096783,43.99962973565865
0.33606821249462326,0.7529627790598706,1.839117285349925,0.36757213768030916,5.706478668918618,44.118449527360205
0.3361191972473147,0.6465236686081672,1.920071971141681,0.430253234286324,5.783181034144882,45.652743379413366
0.22076841834593103,0.6312549479591077,1.8798812172068493,0.3951018130915572,5.682552073504379,44.87691285662504
0.11739471563390208,0.5931491065893864,1.8066411169529388,0.41392312777326,5.508239828764329,45.69046515909484
0.14820857586885994,0.6260190690869291,1.7945754296721503,0.5128019576831571,5.469189030425205,47.82837511556841
0.16581499852175052,0.6699683582134481,1.9353790115684666,0.5367890511582557,5.548942568095601,48.00746848750163
0.2055931104241694,0.653882615209388,1.9643697476497126,0.5895433849929681,5.6209022127645305,48.923615886361624
0.3837690450654584,0.6009456509757234,2.1275477455105762,0.7431169592659402,5.911738284544471,52.379148587613415
0.4996894586307534,0.643806071594844,2.1581962195516127,0.7916695434493147,5.9975891098922,53.6254413372943
0.4078238143352506,0.6628793059461404,2.141038802901164,0.6529377584786044,5.876070191748977,50.21724701192895
0.39888244260712724,0.64735917118119,2.217800179762743,0.7543687133202936,5.978656285267886,52.80808650753836
0.2116825691785793,0.629998968619758,2.13291919201672,0.6405083146132907,5.76617151290812,49.873687893625245
0.44683392389224774,0.6617141757780246,2.094382207209091,0.5523089473112013,5.922869633950514,48.28871210468921
0.6611374810383877,0.6368777209917367,2.027783628537292,0.47375092349490167,6.175822042091822,48.22431577594359
0.4885599667440836,0.5918826426656778,1.9555828412944614,0.43424544559666145,6.025741941781652,46.38011145427663
0.4651506757470289,0.5043970464555299,2.1257302362277515,0.5101341540918546,6.162895967383403,49.0857388497305
0.5134544678312183,0.46825617792381424,2.140757148092133,0.5467669756828344,6.252231514796978,50.763502620201436
0.28873190662358206,0.46440612943734544,2.233038885606527,0.6220834077529245,6.096223156399792,51.09018958166069
0.37921990535335,0.575217636948262,2.025625157997306,0.5408023244245064,5.99169330913067,48.55486276686693
0.332903726472494,0.5100210170117082,1.974858687052688,0.7258244835117851,6.014106340364307,52.57184231782545
0.41605295038753964,0.5836590765283466,1.9507650256816005,0.7424110221200967,6.091902065081692,53.36814798850934
0.30487711571973997,0.539611702601865,2.0300884125896297,0.809879869628577,6.011009231430441,54.28717722450074
0.35213282082009756,0.6136669979568988,1.9373271070575278,0.7085051209546025,5.943527843100378,51.730585141378974
0.013772373989161424,0.5614937923018885,1.8359686514665994,0.6652145525314506,5.644737491185937,50.642525958484775
0.14467196469952648,0.5747987303457667,1.8851722445520749,0.5131702862760466,5.743594020218056,47.34485843611958
0.4377909187989819,0.6202359680166095,1.8631405807361086,0.509241649355125,5.9350390359699325,47.46080324695547
0.5334206139795913,0.6422841903210517,1.9091612965493,0.4562405860917002,6.054469401059581,46.94267490802781
0.37102187193456904,0.5411044725074122,1.9351003294814315,0.41166347726847874,5.971477924161688,45.72218703370546
0.15553701960158306,0.5242544112023345,1.8861315356531974,0.34500833621851584,5.7533643970964174,43.85357167439052
0.21911658131463846,0.5306350778330227,1.8985687770534225,0.4065339915701906,5.773258502833256,45.049509990995325
0.3294608498265376,0.6064492958310588,1.9651595860598503,0.3851747061381965,5.83347970142132,44.63176633272326
0.32039700003053095,0.6239336297456293,1.867253540812394,0.3110056437743103,5.7507629283003485,42.938431094181105
0.5738030562135725,0.6693615069364751,1.8319282957244012,0.2481786937380588,6.022124927529806,42.41527488512195
0.2810907917372112,0.5347993381371196,1.7855793746531239,0.42270440699843,5.82333983175169,45.45892399560322
0.17234162728604102,0.5827370963968338,1.7395020774936243,0.37200606947549547,5.593809684334637,44.421770521127115
0.3469725756950652,0.5783473462081299,1.8978969298475798,0.5401549711388464,5.8819627414836635,47.95373162953181
0.7381709676976431,0.6414847271001852,1.9359552195132428,0.505692397366249,6.233510595003963,49.313712118123554
0.553064589324649,0.6372752583116397,1.9756027804670448,0.32970555135013674,6.068149327366145,44.402191008404124
0.54094414051714,0.6211623562319296,1.9530371461750846,0.24186532469332597,6.043893100706414,42.43380128869929
0.19649109796677722,0.5854616898473886,2.002530747485767,0.18636042668572725,5.734894034176756,40.470052231528385
-0.09925879532361548,0.5404425259315835,1.8719790835707946,0.2716939206112212,5.420755629314355,43.21991514925507
0.1623457144133984,0.506273675009967,1.934444852858055,0.2521928738712679,5.749807515635931,41.852638999347555
0.18087984673139162,0.5052845592055745,1.9116756715325045,0.18687929825289026,5.716944573369778,40.461557458024416
0.26358202953770166,0.531267132599627,1.9335391089922749,0.20474480125498046,5.810260389075847,40.86775102544903
0.4231847040105036,0.45714364870250185,1.9697035269521712,0.3907448286021773,6.055074601206615,45.696574199885916
0.14183025928430437,0.39843677869554134,1.8844367509731152,0.5202709541722972,5.818037499177462,47.570113906757136
-0.02955525454794261,0.39730692157714215,1.8654881846617708,0.5337524760899327,5.648714939806387,47.905969989472595
0.26903335037614373,0.5503918327432807,1.9336413666635905,0.4167172829015522,5.766191654134847,45.24014958363679
0.3450018179547495,0.5460655242434599,1.9598174919495432,0.36724608255337293,5.835176189460725,44.30029976247948
0.3856171801697503,0.5823378292109083,1.9791263841654887,0.45731662764001024,5.93101694000013,46.53855476586787
0.1579977617907044,0.6409207893834643,1.737391723643983,0.500137400348134,5.600061674801422,47.16605735797767
0.2953673545341925,0.6753646423245437,1.8850576885698278,0.392159285954777,5.70249640049002,44.7601904544101
0.1266607065401596,0.6305736135912509,1.7132363942864313,0.2483000696174851,5.486298521053455,42.29227859385111
0.4596664170845352,0.7305002005770647,1.8112831915073442,0.2747399777067492,5.770996586004807,42.04808882139197
0.16419839468006253,0.5894796821620424,1.737536579537307,0.3361361019021074,5.512212280336669,43.92295812735646
0.28755693091530415,0.6327168223623391,1.6832287466638551,0.232326381776066,5.573412783482771,41.43300160910502
0.19289685608010132,0.6305625507577087,1.6940491362367767,0.30406536566272546,5.502520699418879,43.25923938068233
0.45387794890429317,0.6063975147261348,1.9088748156252342,0.4344505843654266,5.9025065620488935,45.868892888415246
0.21353805697596862,0.5067824295045611,1.8616183880152335,0.6149941017372789,5.791449685626109,49.577277108419665
0.39318023227196774,0.5731363081251938,1.8409229886651612,0.3043052258817553,5.854031542642348,42.95728061729278
0.2344975271789459,0.4801382830243508,1.72347243298735,0.4147844059439403,5.7116636708207205,45.218643500944616
0.15767326561756162,0.4285860055209764,1.7603841681216101,0.47426961385835836,5.70869177144742,46.51082313799913
0.2697172172039192,0.4992658433517202,1.898544475082381,0.4151340172950375,5.7887019092203325,45.280412294068604
0.2866616200134155,0.5432293601214659,1.9249410626347965,0.3003209368026518,5.786141644988657,42.83169302423306
0.12673307429896097,0.5318054613924017,1.960636676168578,0.47902570400356803,5.754553058364866,46.69125901837147
0.30769181570204146,0.6453847824370859,1.7797816609428234,0.378538527264137,5.698663481541335,44.365278819988724
0.19162493250235368,0.6289419659990316,1.6521458490353207,0.3313373534888078,5.53161310866065,43.68471170040463
0.40543002463518124,0.6132750398094552,1.7301643987122546,0.23896478406773888,5.780651247471299,41.345847119086436
0.3603931206494079,0.619360134615097,1.8253784194479192,0.1208750054398471,5.729612444896697,38.892223523656426
0.615822355435693,0.7275426783161548,1.7920914927567793,0.11532093365801373,5.929369400145726,39.060356328291576
0.42350474962465073,0.7206920341624592,1.8259505133271572,0.09378093560818258,5.736763931044879,38.27885486174416
0.6280268700420879,0.6794674269930494,1.8672040990531908,0.1180828308831127,6.02582915681416,39.67946083948412
0.38036175308354725,0.65505713598445,1.9044844987275527,0.1926055608190759,5.7654356700914615,40.45018449715564
0.2440234395909993,0.6628986706295271,1.8481708896406437,0.21802761777581547,5.586748564136788,41.20429978435708
-0.11862455655126114,0.5455839290948556,1.8577559346877903,0.43616068885940634,5.346167022492416,47.20830077524788
0.029717614962149974,0.6413662477043325,1.8985329700890796,0.4043555480697439,5.491874675880165,45.59934943162778
0.27858814333236154,0.6735115703348391,1.9412035347293932,0.32689550786922456,5.707773365347991,43.285754428744326
0.3133020457524728,0.7235909925623915,1.9900118377666316,0.4077416579173963,5.731589032524822,44.90932586433244
0.13345999460549662,0.5397413937402187,1.9677922060606114,0.500552225922326,5.701017991941862,47.048712404280586
0.16724156578285498,0.420044988386886,2.0561886992888656,0.787748657389164,5.92670323777665,53.656515256987085
0.26275516610414207,0.44659026946344627,2.0684341738891923,0.6313663821082334,5.968094662234288,50.45568980872746
0.3599104735852638,0.5815537041140968,1.996274406767166,0.4322078113139581,5.873917691159873,45.628112532758436
0.24167999823184244,0.5305010560537539,1.9383267183589723,0.31635710487207325,5.74486885809298,43.08708463905642
0.234794063446161,0.595442530728701,1.9074690458348509,0.2970383907143247,5.682343735400011,42.67463012622176
0.5143775303014465,0.6726897554892614,1.917370152236044,0.2818824663327543,5.901341997057251,42.517238147069264
0.6840508026007686,0.6208884638470314,2.0344831270759487,0.22476681657983683,6.170388743182555,43.008483490323464
0.5422419956387965,0.6602984776922519,2.036184637391254,0.3395305031419546,5.978017448225815,44.1509319908515
0.4905466221970637,0.6640515867860689,1.9196521091069978,0.24124372166029068,5.888945982616079,41.72877420288063
0.6943266927944639,0.7107675015345625,1.969810831467064,0.20557483305244886,6.107086967651281,42.02520871665726
0.2929120905107597,0.5766293070386499,1.9625872274595015,0.284556917450446,5.759888196995078,42.444214707677126
0.07881675210447547,0.6100985498884852,1.8228880832451266,0.30142765728050214,5.455936175580964,43.49532229663289
-0.1935045839431272,0.43872660956140713,1.737459871307331,0.4240307036717796,5.295311338403751,47.36120788281618
0.2392412584515512,0.611723194448838,1.7349410160007626,0.1909567495528056,5.5570104825811715,40.707077767256195
0.23881365656512088,0.5908698690840211,1.7492359095440198,0.21713182644584744,5.586413516057321,41.13227046174389
0.2874114343204819,0.5818768025813044,1.903474611192277,0.18931731149342046,5.726393023215728,40.376604090664806
0.38671462946499124,0.6952981474014673,1.7809094058365185,0.20604041521360061,5.7350909840211415,40.64155159267924
0.51135809312755,0.6835983949474497,1.8750707399379334,0.10366604348004466,5.949240041196747,39.05063297380802
0.24655417978665506,0.5327485916912189,1.7594446088125613,0.12304891177913849,5.697709275151718,39.08732091398293
0.24208200122603823,0.5827491947326912,1.7703712369265985,0.19004370120817252,5.679318075916331,40.46536836326679
-0.015160883781923484,0.5454181891518464,1.7138063052273986,0.32064915851559705,5.442291136086139,44.05633297457651
-0.06588562946937437,0.4557172443592467,1.7516770178920242,0.3327412794740157,5.495084499451944,44.12331880385826
0.29344181446176415,0.7123265904181538,1.7328938599883927,0.05849711428346871,5.618070533399045,37.74096429503336
0.5645566546043201,0.8372303158671913,1.7037072219079152,0.16807236715457127,5.81627300754817,39.815398612827586
0.5043617095252859,0.7490538725141542,1.6977726425860236,0.2164808725173564,5.7657616687266735,40.76148837546807
0.28465092200805064,0.7056435350239978,1.691718710432386,0.23878885357770796,5.555378413194706,41.604641569062046
-0.06541955261362498,0.5167753203405033,1.5825768992795308,0.36827271580250126,5.299514996899458,46.02648245314238
0.029164230306276795,0.5067288143253884,1.6323552691555108,0.20803817978056666,5.4214374351509775,41.82510325311432
0.3061694207832985,0.5858941189401901,1.6557652049666571,0.09295857521032459,5.653465127913521,38.398169963098944
-0.03758145527824719,0.5150776704494048,1.6734829191254037,0.19723747475548667,5.393705774431467,41.81288464703693
0.02657803334589587,0.5650444402101865,1.6197029283152238,0.25511187122234763,5.3758081399308555,43.035419951392704
0.2642480280729338,0.610674273151955,1.8568232004762715,0.2882530491713168,5.679081137262503,42.53158695242089
0.1441030738737945,0.5507050461067352,1.9274209863210625,0.3362910315952829,5.675918525962025,43.57308140453668
0.06534191039479476,0.5646124818522041,1.9432876037724156,0.39607163245856175,5.623728765084559,44.95298991900755
-0.04795560814427058,0.520736031541803,1.960059891469668,0.39374895941654864,5.539724796053649,45.23092313673649
-0.11937704744202304,0.5091187213921086,1.925144130732978,0.3644424144296146,5.464563814942781,44.98068705474817
0.30552154152723476,0.5937443453671698,1.832171259995401,0.20249313208766945,5.7608112230193225,40.67519408878587
0.01701121238554759,0.5387267379244429,1.801087544474912,0.26389354233859014,5.541983677538061,42.477109195137594
0.1689230239742825,0.7062335778647558,1.906027616062155,0.24309528372448508,5.556559422155976,41.83789861903099
0.027249007516064516,0.6063366017993075,1.9201217511258584,0.4662554364264134,5.462948405850262,46.9158400597904
0.2256618046855532,0.6914385460218521,1.936424249669055,0.38955910119395115,5.641662447882412,44.651234822393306
0.2566139852447995,0.5479337476937804,1.901614324893366,0.451721278408211,5.73181996619288,45.89803246787704
0.1919039303035882,0.4926745716844712,1.9251549409733868,0.6247622165356623,5.70702628925028,49.528737390813035
0.4457774725974845,0.5473963939728463,1.9023533300891127,0.3149380699552749,5.915821953969858,43.36232964446051
0.4778427654751984,0.6680984563770163,1.843429202514759,0.31796897256245266,5.88408330949029,43.2570288155882
0.26310998812117337,0.5771105345562106,1.9327497004518062,0.29841322602975995,5.766567832521347,42.78035123974011
0.27132279848496993,0.6448999697143142,1.9026157749259114,0.3502130189061868,5.732276770529202,43.79447534514721
0.19016354714660672,0.5910447055987433,1.8980320842656802,0.46461842850898993,5.619953177978568,46.32384196794908
0.3205735723581119,0.637672150129684,1.8628303222342315,0.34743030185214435,5.71330597239214,43.678318246477374
0.21668653574011798,0.5934914807798742,1.87275346303719,0.3364248146176477,5.665231725830754,43.63963959380431
0.34899932766904873,0.6904806333286301,1.9120876037435321,0.2966830607157685,5.73940666918391,42.64226354343615
0.080015972568936,0.6057065876695331,1.8490258701889,0.43429604290345875,5.492382105393929,46.07109642638882
0.04668633865491867,0.6128621996436961,1.8306931248378362,0.44024243751124154,5.47082238289288,46.393058187136866
0.08936151863462433,0.5689610467753333,1.7864635808416782,0.4740973354038649,5.511376863359022,46.75230969408288
0.12286426512881288,0.6036979017133837,1.994468863061206,0.5764209842650823,5.608804015118607,48.639534157410175
0.3162921032955536,0.6490954590989692,1.9215974695408635,0.36939180248862885,5.711816348386951,44.10325587397616
0.29625912607216937,0.6571959718777864,1.7864981183850124,0.36197922862773696,5.611250223934164,44.05501774541809
0.11496240717485001,0.5254449473097088,1.8405993587083826,0.38606713460367476,5.544186669573811,44.87049363363482
0.2901222572654559,0.6211449717919929,1.8067184553594802,0.2817439131175174,5.656202372912414,42.309344170815564
0.2424705148180249,0.617435039824325,1.8563291981428642,0.3728649675090828,5.663666595936677,44.26368426797747
0.38288917227226155,0.7179751260722386,1.8565791997526118,0.34849565627043616,5.702330018918146,43.62740455475401
0.5177008250531319,0.7352916305003133,1.8846243955903974,0.33604904258347523,5.836260886855133,43.41340358733589
0.27147769994515897,0.6724473602785056,1.8695237917737468,0.37939739122856814,5.599042337131495,44.432350093801574
0.08151829355561313,0.5666652354614305,1.8452318437014623,0.49976922879389035,5.4784050470082875,47.49377174474588
-0.00490746980390544,0.5309085255081397,1.8188503272424623,0.44511035137927796,5.474604487561462,46.45206062594188
0.2501428182868856,0.638253076789097,1.8275068274717572,0.3128510315534749,5.646267761027843,42.99920212115377
0.45673754935320793,0.7045586244108111,1.8529965983104701,0.3410889131105621,5.793117152316615,43.42352989219974
0.11462745844581745,0.6209390818526092,1.9199798959058785,0.36949105715201136,5.576405759648761,44.35704201281373
0.29089248404340334,0.6962885254421042,1.902077093039033,0.2996205191137904,5.680354766359706,42.641708554018315
0.058157143548272394,0.6122733349470998,1.9675390622823161,0.461513168384818,5.560619058662093,46.313283325019285
0.15082184560477918,0.6113804858856803,1.8884964756717526,0.3798237806065954,5.562843763041017,44.58669514369445
0.14732895849954641,0.5721052756508138,1.8557549444226025,0.2610236162707088,5.576029243716399,42.185878575180226
-0.10726194899701014,0.475891309545854,1.8701148565496206,0.4439495096880752,5.414661895977346,46.91556768193749
-0.027411042389688056,0.5179416742849179,1.9810508281064012,0.3152814977401186,5.4971285761324,43.73010079965672
0.2337778376081231,0.5932435385532521,2.0077335033917594,0.337730856104167,5.7176746207135425,43.54893016554796
0.30721937233793434,0.5232970752582823,2.008141878028789,0.42868603298482066,5.859751038467905,45.622241146124765
0.4172044392823838,0.6211175327279032,1.9099524334149645,0.28098151887874173,5.882378862723255,42.53151109476301
0.25354120106213995,0.5156337346752319,1.9750483623108925,0.29031384141747457,5.855687838587077,42.79514529949537
0.201559076600053,0.45980395074831315,1.9822775590829427,0.28197485593023297,5.8449343218578225,42.61362716689272
0.1460820371935856,0.4893965745315112,1.956590739306993,0.19357618462111592,5.6894812313518885,40.64015695879893
0.5203076086948346,0.6055993740015274,1.891024158758893,0.13692272244959652,5.9583282005716,39.778096243587875
0.4832160610947011,0.673676894802652,1.7903410282026602,0.18638090484595288,5.821267059036259,40.34089252309823
0.25606490704020624,0.6875527590940612,1.7425763563916168,0.2265917395986578,5.517132668461,41.539221976480995
0.18571533421466402,0.6627145411192201,1.6892753223388892,0.40679556962486674,5.454276597512242,45.637509893754626
0.16577597211238743,0.6197301590414527,1.746041253498206,0.18764625449044517,5.470878078019845,41.00443950424061
0.38371560350294576,0.6882008934275364,1.781029490993931,0.20168044759473694,5.680422885516952,40.579858847772606
0.2993283635925756,0.7361899497766609,1.7993573490408263,0.3131712740847388,5.596027551217786,43.15655089429365
0.283518407122306,0.6995783966915692,1.806014788634955,0.2636405125208944,5.567138616248988,42.150567761103865
0.3599103012086535,0.6947279314580691,1.9238716393539712,0.30246592191865046,5.7102199918626635,42.73141453234624
0.6552055011464448,0.8226094307048795,2.0594739651812044,0.3210183912523547,6.039159725087463,44.014303005488586
0.5369684172043474,0.792267860685587,2.0368561404773335,0.32222911115604447,5.937174088632489,43.59607263837938
0.3354833510317842,0.5764501440017481,1.942407590904573,0.4273833232532758,5.786267652947689,45.54008031422465
0.4546072271906443,0.6913896878049546,1.9218942392128024,0.40148186251400036,5.839113068162636,44.98921082169787
0.4961941435533192,0.6979924138608541,1.8084305224610242,0.4410659006221275,5.8085451721756085,45.708163798068526
0.29539134378575216,0.7072581636331777,1.769146224107852,0.3558460134610982,5.5932502291082375,44.07816779098374
0.5133000930978383,0.6925765465997789,1.772536828205407,0.33441212434942325,5.852190634694148,43.51704883300125
0.4936102325780564,0.6533142884843517,1.8661842977892233,0.4802709029004677,5.889314621178563,46.76649376274833
0.7572899365714172,0.7154531365339984,1.8970827675193518,0.5558028601948667,6.168806160930542,49.938041079419534
0.6146305752611141,0.7238547037286936,1.848772227383043,0.2900066626525407,5.941749086968768,42.82442705877388
0.5208375884949099,0.5743210165193954,1.9221081677342897,0.31350047705650846,5.974750215051269,43.59166389262709
0.4668249502192175,0.6678304180894804,1.8653747758566133,0.315791705750268,5.824450862251121,43.14875845409589
0.6480535385160209,0.6813548766061959,1.9991942738965172,0.3084380817116148,6.101122187813216,44.21650897669596
0.42434729789836656,0.6761198148595924,1.9597037661974788,0.38087351064494435,5.899244586420018,44.76618152975953
-0.14345616427198515,0.575361835282203,1.9332735768288236,0.6383277917203126,5.407009605255151,51.133524465579875
0.17349201448311646,0.6766172669992273,2.029791918805525,0.4667357020078624,5.662281429889156,46.30469734409147
0.317757380738931,0.6208771211124906,2.135240236395518,0.33314224353006583,5.82865202422742,43.524065233664224
0.4879808085077293,0.6326256847256646,2.2967288167996385,0.37743412211998734,6.077151941560407,45.532983328111605
0.1126749801543605,0.5678830554227984,2.2426572748111115,0.4101927393243826,5.749685515922129,45.183947891289755
0.10212001876814514,0.6425027946218863,2.169892437487905,0.2992004190247745,5.641541430850388,42.921602941985775
0.43273315811027596,0.6719186524429157,2.115590284139632,0.20197109384296863,5.935517513215887,41.08282959344273
0.38590381753576974,0.5689562057023292,2.1473380780018037,0.3504601430545899,5.997649623117207,44.49740283543027
0.46644533412828276,0.5777948992102937,2.1571554960305312,0.25353843552743055,6.092056963873604,43.056287794230194
0.1434081025052517,0.5004413200982577,2.1452058707051176,0.4183185861683274,5.833950341067476,45.42466517066186
0.021064347957963414,0.40330525739305956,2.0289722597048367,0.5470665971230585,5.743565005770064,48.08607553391821
0.2716318698249775,0.4342689933953889,2.050561193801077,0.5184725068347633,5.95406535013107,48.00184177002397
0.2145313608818965,0.47136987880406284,2.058555110438827,0.3956476219608596,5.858846085228214,45.07928181675463
-0.03542457778968944,0.40828303928170384,1.9239331632086627,0.6314555444836739,5.632458872669002,49.995780845094224
0.3129881113948052,0.5723474672259031,1.9267862774329383,0.4506489265772639,5.8805913393703895,46.263288975195735
0.27972975022402163,0.4910526639529001,1.95980821967177,0.5884380517934816,5.94588916123497,49.4158579175749
0.46992647454948094,0.543755480682397,2.0086777699369502,0.5589568639776251,6.129067154499685,49.812855385138704
0.6469264789213083,0.6278087326638722,1.9426967557072463,0.3712892597426722,6.166035728637765,46.02197596825747
0.5420657667872844,0.5321937532900326,1.8439332586322932,0.26982589756904574,6.070074606879231,43.216278137252104
0.7288199496169062,0.6580034959127373,1.8684054767805627,0.16913322106574327,6.147292521216984,41.55821290124119
0.43873926585103706,0.5952330869465762,1.923381644007111,0.16180587375135755,5.874608494575918,40.02905891995274
0.03868522034424804,0.6231724961272052,1.9357686663752556,0.3162216485381717,5.529876156625035,43.494512686432714
0.29532030399715425,0.6510135917893021,1.9822735330369685,0.30232406091294906,5.751945004906383,42.71707610474766
0.4217924795522198,0.6323488475766557,1.9775461729369908,0.3010068607517592,5.89540375025308,42.974534058627036
0.1629133014728147,0.5488171044327288,1.9576183107447938,0.46759738994368905,5.714709338794336,46.32475843399342
0.09705859760401025,0.5895542344881392,2.0512704754981774,0.37256891892437927,5.647665075402159,44.43123085032117
-0.057958500140346314,0.6367699791238147,2.025758244939656,0.3478379333462205,5.464472127217638,44.569927081183465
-0.09249819668001424,0.5116513621211941,1.84842518218002,0.2820278978178673,5.457415509893136,43.34426588803853
-0.1296661996225894,0.4571142786152499,1.9488417357756687,0.37175164923233894,5.541768809072763,44.972767904189936
-0.09367387605207256,0.4332183753248039,1.9531639161316727,0.29434514555775726,5.557436163490416,43.2169516134479
0.0618620114370827,0.4578198495859425,2.060373652158599,0.3042977300392563,5.75562462371442,43.163798662865354
0.07522993392178201,0.5113645247125892,2.1618326183777743,0.27472489146632684,5.7211964094805845,42.39793857382677
0.0196353345992355,0.4964226196081957,2.1963711778986656,0.3693268510282983,5.732853089350257,44.42105440775014
0.14126236037314321,0.5338069171986463,2.009736971903965,0.3058892713788645,5.730691348992153,42.96356398364411
0.1926789681442675,0.5662549902548488,1.8391276843271287,0.2575162103438739,5.651517046474451,41.94649589688914
0.1478629842150907,0.603353171444683,1.9273363727661112,0.1786798565350322,5.647888390039319,40.371179645830956
-0.009852378080334678,0.6024005053806296,1.992743651884511,0.2531268344166603,5.51638623136127,42.3631263316413
0.08218464726279806,0.5955357374951432,1.87745108321793,0.20957514444835879,5.500187437040173,41.44313862599814
-0.030430930645006904,0.5178243045077232,1.8972297948638333,0.3367443158468311,5.422218253698546,44.60024121230972
0.09860861829023249,0.506921115975923,1.910681630355342,0.41814508725206007,5.635550597063365,45.478929694264224
-0.08979899940209257,0.6020152777957908,1.8346034796502486,0.36511322864150264,5.380750232542198,45.44285928803416
-0.007841177704404068,0.575064992755746,1.6511710942886886,0.3436748411615731,5.3422952268223955,45.21998053413071
0.13697613867156655,0.5803230868841986,1.6959000208492836,0.3129573274970764,5.501641354320134,43.582829671931506
0.2964270456492768,0.6885977935563347,1.6899186678879459,0.37596358296572696,5.5936623859407835,44.49063885617116
0.2426983340085197,0.6848184846759255,1.718159640006428,0.28841529492433027,5.555515770502898,42.761108013850546
-0.00539162925269554,0.5084446087852215,1.7642141765896704,0.4320617999415731,5.45808386727805,46.39245615100718
0.1060849583771622,0.5536888726212381,1.788495277605384,0.2645482764361456,5.50941884160763,42.49814025168881
0.120020863884301,0.610071255780987,1.7691158685085397,0.2976768788265281,5.47709836972812,43.25152502247851
0.15345902488149987,0.6042310834968324,1.9031103521146004,0.38367394862683646,5.5953534894315125,44.755728238535276
0.07055758919572164,0.6002053481206714,1.8240069407280461,0.2975326942813353,5.476326227545908,43.39029152820396
0.0011054103547540883,0.5770496678060185,1.6974892573244225,0.17275031100105664,5.342726257811981,41.573755396600326
0.0064716794339376715,0.5324620561903379,1.7173523063601488,0.20938534709503787,5.421746179893864,41.81829133987131
-0.05586936087123551,0.47887734783161334,1.7209983843963672,0.2905486358757618,5.4816524812902685,43.282806683886605
-0.012098583784326822,0.5723745128559488,1.6357883529412713,0.317346873554237,5.458060723670208,43.917879087199246
0.06763726130486475,0.5880915787326716,1.7306949143449875,0.39270506197100724,5.59591394911113,44.91708375753878
0.2843538679957448,0.611899037150027,1.7636422123938433,0.23076881747695455,5.762664253403091,41.32269712548806
0.2668749733908727,0.59845437392651,1.838621040352605,0.35866211092326505,5.815105048970642,44.132743422478406
0.22206098867524787,0.515032628157662,1.7766062813989605,0.3048446982956566,5.724416226414672,42.849791768841506
0.2946547127877295,0.5877271244581188,1.7502755362552054,0.41339713656095045,5.7960713268397885,45.245977924151
0.4920350490153922,0.5665789884782214,1.8350885323224884,0.34297000100071884,6.057993771262889,44.747272258899656
0.20035536003687915,0.49796023654158683,1.848295990279661,0.4531251433071489,5.795805943104626,46.153497872487
-0.031552980062984126,0.48731407455803,1.8716895548736885,0.692553778599218,5.605297069810707,51.3782178002178
0.3266311180586648,0.6367691450912183,1.8447401753214725,0.3613639350111999,5.779627901150707,44.07680703075302
0.48405653763598744,0.6600204167414968,1.7848320125663584,0.36653202556224024,5.868981022136166,44.3123431631087
0.32127747198281953,0.5719831022911158,1.7802271089421806,0.4039916592867186,5.867645567608404,45.247347834901525
0.5348716682617581,0.6689954511207908,1.858117296145914,0.35043213583189103,5.970730925930447,44.27944046660904
0.2028449340745776,0.57389218650336,1.8289726896490628,0.338372191150348,5.680958661921526,43.630787620312056
0.04984665875882899,0.5546952284502125,1.7684957950032167,0.3230165377246035,5.514786211873751,43.78231706852259
0.4757882402398758,0.6845855358541724,1.7920792387210802,0.15301143607911954,5.857835804012367,39.72750003011612
0.2950368396910421,0.6316410027303022,1.9080604563685326,0.1335059788130815,5.774281848950934,39.29375850942536
0.09127412787877753,0.5370235583456967,1.8749233550517694,0.20134520844185536,5.662222470619621,40.84566476089336
0.13555344505405825,0.625975582257163,1.8869481244774855,0.19183649249688614,5.63139281458349,40.64650208602981
0.00973423553650199,0.4620645221414512,1.7975144144904087,0.2697033275357783,5.599922629276606,42.41640278874061
-0.02122931217632429,0.5298650629073173,1.7766261196214597,0.2119697321718842,5.463297822595588,41.69751099440196
0.28423796965486664,0.6656397845319173,1.7862151408770062,0.22357566851152008,5.674602413517499,41.111282130297006
0.3805327262509975,0.6137493533669439,1.8349374137263443,0.22483579711428847,5.82368492533166,41.23297342295512
0.10080418565666427,0.514159891574466,1.8847579833258734,0.2962713027288288,5.624405840709818,42.8795098662088
0.09560465809854624,0.5641262770198142,1.9011979671900183,0.22685250825894096,5.588514142205177,41.52981708792807
0.4765590725330304,0.7065040115811253,1.8530219916311585,0.22069927710851306,5.798243371340586,40.97970609788459
0.2727162449245642,0.5655776975586196,1.7178497825324661,0.283156674013601,5.695099935579376,42.466398926463945
0.22058731068884313,0.6141690997015,1.6575253098140208,0.1717862803356464,5.564149372742788,40.30145688575592
0.27031507834826624,0.6351608105995078,1.5959389404538327,0.18715225492275958,5.531951011890721,40.63649242555157
0.653485297784973,0.7211646248849859,1.7080641531335288,0.26962974618777213,5.937279639277893,42.32964116152812
0.5884397907213441,0.7002187022473689,1.6644850285295139,0.1864062819973482,5.862378047517113,40.322063023358595
0.3369939438340178,0.6518474577525164,1.720020340995361,0.24659294658515973,5.64258576688452,41.584610822513746
0.2513637991581222,0.6656428391397007,1.8143265753241211,0.1838450874616538,5.636184062504357,40.4189326894767
0.24304812947291882,0.6051383983438245,1.724663183048241,0.142399988187564,5.57527635713119,39.61917065105052
0.07315283406364692,0.44327514541683677,1.775245966957418,0.24758043376069636,5.616043108181867,41.92694457929362
0.1343246762149971,0.49765158243687035,1.8268496356371364,0.12426605087752138,5.605274503880046,39.295272100423276
-0.0015446176959246216,0.4769715283608634,1.7002244092117857,0.20860611680257407,5.4518391576624206,41.700896060084254
0.3725786838314248,0.5940097375312221,1.8589474447507093,0.20299095140362455,5.831831223337104,40.82029306620577
0.5465775548955489,0.6635794716262189,1.9084508986205815,0.31457098806104405,6.007830651484129,43.7770345598591
0.6129080338702074,0.6794293203161554,1.8115327549746476,0.14024729021162097,6.019585202464945,40.12148259487312
0.4243015934785011,0.612063744504591,1.7335174800396387,0.12966969803587272,5.842289272473963,39.24429976473198
0.3679212545178146,0.574881900454557,1.7972381292490813,0.2990980095358602,5.849137246456276,42.81131859368268
0.574029459362075,0.5983646921602235,1.8047062258944455,0.30148867057690204,6.00940002052832,43.44254787232199
0.39795507851419926,0.5583789418043129,1.7084674378222051,0.23129355708838192,5.85418221465002,41.449308508987016
0.24199256739089398,0.4921247845275738,1.7415369664895384,0.27245003595362743,5.723998513896144,42.22160667339684
0.22634629439768722,0.5818842315263597,1.8275666175695453,0.24369421537826327,5.680845168601236,41.608921279451486
-0.12922821305323917,0.43071298446548995,1.8670138973225543,0.32980752550097736,5.473137076282171,44.20914149589995
0.19614658162305043,0.5044937256382244,1.965958596837706,0.21034665205598907,5.74007987042901,40.94988665251121
-0.020926651440107524,0.4936273332788964,1.7925903124696898,0.23600441182214407,5.484123763585919,42.102502585233445
0.011856936639000004,0.4727925213416804,1.8819598661208798,0.37802509785131094,5.554845669807998,44.794501292705455
0.2228267835829102,0.5494448724745692,1.9661793691433556,0.2970042744252615,5.781417840866498,42.8056446299906
0.402556275356467,0.6024865579053095,1.9500489863234929,0.15196699702103342,5.90030333840372,39.93381175112905
0.38225297970992755,0.5181866352997976,1.9420425179358896,0.2221162375949428,5.933136406685219,41.5489329904043
0.403490750433846,0.5362031731059242,1.865061963460481,0.3254517242579383,5.936736278656227,43.69483942803504
0.32544582814026185,0.4698766411239949,1.8739691664631013,0.28667610748699707,5.902679856255145,42.8358412001387
0.345656804783883,0.4838771979119111,1.8282243414570267,0.2030640784039339,5.916124035122436,41.120919693614155
0.21614416289182248,0.5267883755468831,1.6952642314702728,0.13684757071678433,5.6263982696038175,39.447632057156625
0.1890358625741566,0.5617654477608223,1.6432071863614834,0.19505755692641433,5.518885090046343,40.938207672281905
0.041361400621219846,0.5542532638889908,1.6754855461613125,0.21064621356630794,5.404453612483152,41.924836405620155
0.13172351953944866,0.6254990564953534,1.7474252705730104,0.22039301877494327,5.4626934700786975,41.69979374858186
0.041030424309457914,0.617320557390956,1.8180541028397283,0.17467169520126544,5.453837803161027,40.935304956516
0.17525838950287753,0.7116167750650473,1.9319526782221834,0.23331389749260004,5.551394903201259,41.66160001234421
0.14838177350261494,0.6717186214467564,2.1148335910532476,0.3085443047665142,5.643413867500779,43.08391839341324
0.22220414531985277,0.6542265053735674,2.1524012483353596,0.4142807127163643,5.731417373316125,45.21347602308477
0.07011070722398838,0.6162111903470666,2.0119626899680583,0.3722510332280467,5.517874373485691,44.78543911216624
0.05617122385826179,0.6114041210898705,1.8249511181142855,0.17796043548877602,5.433240117302212,41.098302602758835
0.012946554158629109,0.632322842833856,1.8152337746284448,0.24768931905882904,5.407856511010213,42.70748036033313
0.08655124507381723,0.6009923020688873,1.7847003744513856,0.2771208875817014,5.552651815780074,42.64891301218174
0.21405691998473192,0.5746598676319468,1.744648758607927,0.2216598813532104,5.6202290369874435,41.15330285602044
0.06776089715475009,0.6253161161285216,1.7282271695508447,0.2394924211541442,5.444025568154744,42.26485030940958
0.2708501366488498,0.6182807558892175,1.7097723323051666,0.2340180693381195,5.654581106154907,41.318416068449224
0.19915426142863346,0.6074456423871676,1.795827801774907,0.15187055981841707,5.587607939717104,39.82525976990368
0.26294219689201576,0.6431440547334136,1.7872722498645541,0.13314773993090404,5.635110267014809,39.280122935894575
0.2354495227339895,0.6145814746261283,1.778031131060917,0.18685701706279942,5.604415160922126,40.46861262701386
0.5390620804035048,0.7521409461375971,1.8133216627461515,0.19770219139408482,5.8712713592973635,40.60732419170248
0.29213492791595985,0.6860890139379728,1.7747154710677664,0.308082629029474,5.627163987330501,42.89209151058279
0.38427820496199444,0.6642623297786051,1.6614795314301343,0.33609718278027373,5.7368095128865715,43.40266476973458
0.4377427443009405,0.7362404744354315,1.5355650663603615,0.3416222480750345,5.713003916554451,43.3931261005762
0.10844153167068132,0.583541933209976,1.5577565685819552,0.429595933642379,5.499536255002053,45.97406672801583
0.2898716160969924,0.6734976046709084,1.7005066998157086,0.29202102182163986,5.694398517915781,42.55706773205094
0.1570106849344693,0.527445349538494,1.8111517945881959,0.5594554721802268,5.667395807127742,48.20036353514332
0.1480705851572165,0.5859353515210753,1.7881001571011264,0.4279193014851763,5.597823719062091,45.58878026567602
0.25632891325129936,0.6011259922457464,1.8839820706847568,0.38945186615810184,5.7847699051377575,44.65189554517718
0.14925418817899205,0.5398538030591674,1.8367207976943816,0.25925765905312276,5.64155977764931,42.044299024166854
0.17477181848921997,0.5291957881032472,1.9147519310299077,0.3006268223707917,5.724919319274937,42.90937710788697
0.3075473646040471,0.5483241983132738,1.8106170831021389,0.2349006959386853,5.812056786629329,41.510830750236586
0.37561083636695813,0.6981232342670871,1.8086700750460372,0.20785322939952902,5.766786501637959,40.79612926655083
0.002499417682932936,0.6029906575969536,1.7034615325416949,0.3124128075041289,5.4514166931143615,43.880415923940596
0.06930473641433899,0.5631240173570176,1.782448163931964,0.5027542323421695,5.4952868291981005,47.644469049011235
-0.19180447210617801,0.5602202696021297,1.6845850280304573,0.5339692569866806,5.284768032354385,49.808907839720426
0.09816891591438626,0.628490293924712,1.8435985356439224,0.28514143330804165,5.522138711220908,42.91038544123336
0.11265176489442086,0.6673779767065345,2.0030468872544853,0.25754572761890726,5.56572116974978,42.22117402482889
0.0611194608972101,0.6780868208892767,1.9963620655359624,0.2823725331978559,5.5157889505942,42.939413821745795
0.04732413228966181,0.6466894645444358,1.964184279380168,0.33371046761584156,5.490923865267175,44.133720770586905
0.3357203093740019,0.6166773132731908,2.022589786704331,0.3479112296555628,5.784788722315453,43.85929533570047
0.14833441436149986,0.6187774388102557,1.9413493695572397,0.3803674416868472,5.585690407089121,44.76631429378307
0.38512039926576347,0.5933459546632409,2.008797544089147,0.4395595389549682,5.842808137940468,45.81825048662362
0.21083794703098968,0.5791098312712158,1.9849078241431173,0.4372843833144695,5.6680526497710275,45.756029896341644
0.6292920655373383,0.7927137017663028,1.839645725975815,0.23313440250424747,5.933457201155338,41.542985461078274
0.41834818073409474,0.7071621840438834,1.8206681320439788,0.38251498796364064,5.713411553814916,44.288733929136434
0.3735361398230934,0.6508958330265464,1.9075280741693366,0.2774156068003427,5.733138270516552,42.18851779513519
-0.018045258166148437,0.5209449721700095,1.8636680318767702,0.31220123064759403,5.4395737507107125,43.94620307866656
-0.02816255729964201,0.5377448430596207,1.9379603329021202,0.32360087063259574,5.453880713769838,44.070379691085066
0.3366587472560943,0.5953821839631711,1.9848517557440826,0.2955457915598554,5.81247049094936,42.70791127821466
0.5213442506739965,0.6097904349944866,1.99801799085315,0.2686167188005373,5.969531316571802,42.57455882750617
0.5882678991910928,0.5822588941464064,1.9641822738208652,0.26432557890941644,6.06536947657162,43.03999012918927
0.4584426976506369,0.5304637592342849,1.8622701278255516,0.3008939605770856,5.925213219310791,43.08724098132928
0.3372802466058903,0.5417049093151256,1.7865312955666552,0.2676018058220959,5.745218344688468,41.983678677838505
0.24095872798953483,0.5767788676196568,1.736404855470906,0.25919392315170603,5.583822224226863,42.05006286001511
0.19388667796207149,0.6081655165627945,1.7554099511847352,0.3430452148800959,5.538031862349726,44.01984750853691
0.41721542740243706,0.6592665430471008,1.7982456590757865,0.26462371891343106,5.7567400304225735,41.92676755463375
0.35023363940129126,0.7365231182484527,1.6654166038484715,0.3746855379065227,5.605981760033851,44.37894335745212
0.6421393095371899,0.7375638501000527,1.6713891409143018,0.6380775185580596,5.919215111863668,50.02172750811554
0.6618446402571145,0.7312766776780283,1.7042318146245001,0.6350761917458121,5.999663510277994,50.276895661341
0.5916251265586144,0.8220057753133369,1.6669647396316238,0.5206627400790417,5.876823498155561,47.35807981001539
0.3663958486289091,0.696969555889454,1.800744960307034,0.5377630963659203,5.688522294999658,47.600409871316515
0.36209422899634924,0.6519243851529842,1.8769445395894024,0.4211865852661893,5.728781556418448,45.23281131799745
0.35907442819534796,0.7219645964086252,1.7692008173976355,0.3331675627359514,5.67242354402674,43.34373922129252
0.49717912172288675,0.7250134660818418,1.9823897271608997,0.3338956910740988,5.92326897315656,43.729109744798315
0.238792377879797,0.6411395161394837,2.0922747312623646,0.43063758315199724,5.749017754195226,45.46987364007505
-0.03117105317434299,0.5581392032157774,2.1196098516562563,0.3737629109658525,5.528089564610284,44.8045910404304
0.10518944443217892,0.5410552000965083,2.0202099498859534,0.2553757495343628,5.66232309227032,41.942530616976136
0.11461474870476551,0.4615286663511599,2.031886431664058,0.36847417697125434,5.7102749878063594,44.345654865872184
0.2739699116558685,0.5335796306536982,1.9357065951619394,0.30353106814960695,5.7553907189679,42.900702255266694
0.4300275536666668,0.5935032726706148,1.9155719076621622,0.2901805517990428,5.864237437163517,42.70703854498927
0.3175566442258478,0.660396661579974,1.598948871680481,0.20948698877726507,5.5576997482749135,41.00980193890507
0.12006480863857633,0.535739304442054,1.5961721386479562,0.34069702975570126,5.451711008869588,44.36613729175503
0.020306718792608924,0.4945414760703778,1.7650680202086855,0.49763387361516975,5.446810654211527,47.75872119111365
0.37179974977446406,0.5841393728946013,1.7176649239213893,0.5573513911055809,5.728716296737091,48.20661425536955
0.41329990106000325,0.5701299590168901,1.6627422104115632,0.694911532290281,5.80368291648724,51.23395305116184
0.36347711494866297,0.6095735271102355,1.6672546035001752,0.4868032346360996,5.734270293563734,46.73696404758246
0.3194495976636737,0.5585853527421737,1.7000428370940561,0.5568421981520457,5.750558290813792,48.19989919914682
0.4231487266882893,0.6272038778029742,1.7236681103666407,0.2978248022500282,5.818911601763118,42.6851776644319
0.4546380258976374,0.5637638039939346,1.8448604897429723,0.40796980496493757,5.972505229981962,45.67980821337051
0.2592149315432611,0.5810408691078887,1.8032955119490788,0.2829160603277265,5.702165620100258,42.421271880159146
0.5058780294289739,0.660642672254943,1.7742801090500766,0.21392432726163144,5.889567600834477,41.07550151340555
0.450005819958988,0.5703799756315878,1.840814682381785,0.22504927604281083,5.910357661210658,41.49205437787486
0.20801933293123032,0.582611436422718,1.6626425264972078,0.1460445385305899,5.516444195458433,39.92311794989784
0.12573281649518275,0.5199275103344182,1.7364487215896072,0.2966908755339875,5.5105958553168675,43.2236370450546
0.38022160324372656,0.6185638832939989,1.852001572212383,0.3174266162120379,5.80531546406105,43.204951906367484
0.23687983053200873,0.6269082358350192,1.8864136380263667,0.27980828300636246,5.641463654161444,42.396469870237766
0.28533586948796197,0.5630429034627626,1.8318535542795353,0.25243575325475165,5.696451799240811,41.78153800332557
0.2558115101027532,0.6238097074550423,1.786589651870154,0.1703992571309732,5.627907600105279,40.08527795279859
0.1326257447505354,0.5347202574885479,1.7657462969830837,0.339621298166024,5.564377466022408,43.892940131672475
0.11311532178824191,0.5235232137408234,1.8534458989724347,0.2974676101331049,5.577130765046732,43.033683406072676
0.24889258065825676,0.6152959572900762,1.8175205582929745,0.2991786637355545,5.6059672235087055,42.862103460007496
0.4257682719206417,0.62554090750548,1.7519751724043948,0.17544881420414873,5.802132339029084,40.09144658383155
0.45741997983553784,0.5787396463253835,1.8720317807370033,0.37102536075204867,5.935651303254065,44.65340847857222
0.3999536300898995,0.6075071545878207,1.8536881775649863,0.38380521192191297,5.850659972833408,44.61554162237907
0.5261994007405772,0.5380998789767338,1.9557301570160281,0.4166289121253064,6.049836689482525,46.173711384304426
0.4496126105618627,0.5748635126192724,1.7914458223102243,0.3688820047026257,5.886740880287818,44.41258249377992
0.4570617135361005,0.6883041557399248,1.7831477543163698,0.43984158453170846,5.81237972407438,45.728836808183594
0.35587541570910425,0.6536946783331666,1.767278783980022,0.42293977511456293,5.777355988664436,45.465659703487255
0.39661909233920983,0.6637883918357941,1.6420518170519403,0.4173237376657247,5.808816440134385,45.3959476395623
0.59844926596975,0.718206085421968,1.6657181799247467,0.35461118973372935,5.925206086864961,44.196460125415214
0.524126812597086,0.6969523683017715,1.6251171084118334,0.3347868834048834,5.847451265059737,43.520089325383836
0.28640062815944,0.5278619551858815,1.7394419653051396,0.4434991702565354,5.742667307862886,45.788759888883476
0.26740499223023456,0.5251551747222444,1.7926427203373216,0.4038390751078492,5.761184876970873,45.01508003665758
0.4436353106648575,0.530110351474424,1.8656998375175138,0.4386694343415699,5.999615733756373,46.44499779899776
0.338924281179054,0.5158735537726815,1.8963028171002856,0.5182007871738703,5.939819623794325,47.89971857531006
0.532992602166653,0.5756699197929454,1.8147769092924144,0.3496331928017601,6.048044471513395,44.83020198314301
0.5978472826318147,0.6050463140712177,1.7373240726523764,0.34414362235452756,6.067638067098086,44.75378781867683
0.5801252812143101,0.562849720838964,1.8553368149248906,0.4020225689899595,6.1343329272358,46.504470293877084
0.1678624820516389,0.4397332107399354,1.8018817955793902,0.6046203018475146,5.745864614318716,49.270647671414686
0.2988864330318384,0.533019986433142,1.754522194301804,0.37665329761889055,5.754103582465008,44.39839593764509
0.2768157958464001,0.5913170971946604,1.7604981837608566,0.38457338700578614,5.679799143224248,44.56492415080886
0.22679180295347517,0.573494324241711,1.6367881514313765,0.3582485046973746,5.589805039312497,44.08388333019028
0.15662732544225727,0.4848584369244848,1.6898301940405973,0.362787098062859,5.6404771241125955,44.229007684107266
0.21105472795491453,0.5439974515755361,1.733495678766424,0.27736550381168756,5.667198481389201,42.36766058447268
0.22073047098426157,0.5456503097776639,1.7291298794321446,0.2526661614040391,5.665705697846462,41.822305011460365
0.5534158734330785,0.6077869879204026,1.7605191997858713,0.23177559783177476,5.955667803630449,41.67424891235373
0.6493938767496461,0.6289063105740036,1.7250444952485637,0.20314872171150827,6.04961095257635,41.560755530579414
0.07362980042146039,0.41823532467617114,1.856632788216664,0.34162157471707305,5.685738584628277,43.79067532146234
0.32826362172419477,0.6545851815447368,1.7983489777138792,0.20769620011542472,5.785364450057958,40.82122355788787
0.49792856781902606,0.6633365795464222,1.8733734992993076,0.20628931972369668,5.924218141765898,41.06892453801132
0.3606806984063916,0.6319297398358243,1.857499260376354,0.20424909202794725,5.74997341402003,40.738421417466256
0.34660119387722815,0.6685059641713641,1.7879163578404182,0.18097628766124668,5.673691500100929,40.189220680233426
0.3401941207564646,0.6719805780398911,1.9520953854541898,0.15083088927976956,5.742285599295478,39.59315380674585
0.35711708266143344,0.6839351399698556,1.9420402313791651,0.10988272810977415,5.7316917050441125,38.71495513619588
-0.03233010905014777,0.5943811741060536,2.015468083833972,0.19853319394170804,5.49283051820997,41.33688915305881
0.24521125541206334,0.63644575200196,1.8966176140511977,0.17580098155502122,5.688540538091787,40.183496601306274
0.30062109813312404,0.70281580601205,1.894531387812556,0.12136994861965368,5.688014181925927,38.98724330479877
0.06833781927988491,0.5935970321842904,1.9826965160600714,0.1914358331202927,5.554647178821028,40.8903573296216
0.15295335373202867,0.5731407373114408,2.077287716173658,0.2292034280940764,5.74583234629747,41.45386527343871
0.14219687811189186,0.5509021014057753,2.05720606056944,0.27065814069448363,5.706668722297479,42.249565439291686
0.04641577576707423,0.6007783496166341,1.95959046754328,0.39240805437707743,5.518809467904896,45.21979952591278
0.32267628620918787,0.527924390858955,1.9661701440342836,0.31599565799884693,5.817344586598878,43.1222108287705
0.5737066040302541,0.592576194706789,1.9834966381431065,0.2808265250791911,6.029620062010986,43.116031006655994
0.5711581119954554,0.6342181477383486,1.8102531516930676,0.30760012393890235,5.926387248116564,43.08686766419329
0.5054515169027152,0.6256492650301565,1.788289167300304,0.3131438644999327,5.8529992686188175,42.984729605779755
0.37329688904893565,0.6858232635207108,1.8661322516386614,0.28164059271807684,5.741891348323812,42.24458714707584
0.36151048610714825,0.6129426128955606,1.8675456512996087,0.49326005891473734,5.794481157148903,46.78275254833787
0.5727339317408378,0.7747472019798376,1.8343986606109715,0.3742494121595994,5.949250606794096,44.586932289204086
0.28747996966609163,0.7037518549948801,1.8262352591806483,0.2787434562388427,5.678757391903534,42.21188601389947
0.245542328643096,0.6070671516756415,1.8238286796034004,0.33965147432293274,5.729574707298141,43.567185002806525
0.2887725111563182,0.5422329868827074,1.8660861919977987,0.3221566733679876,5.819219337286745,43.32576894268012
0.06171798876752588,0.3649658587110279,1.9265237226245175,0.7314764661706753,5.834086707840857,52.17522984736175
0.20056276294616754,0.5179327125542695,1.7429648177405757,0.3218441035637756,5.697130666917878,43.2546049487588
0.27242025567725053,0.5290235204629359,1.6992049591663412,0.32811646833689373,5.7437351140235355,43.353382515689276
0.38030960134545394,0.5088234732280904,1.8257892085931708,0.23275848531535231,5.868518128713617,41.57476220246649
0.1960780002175262,0.4650600409090768,1.890797061288637,0.1996204909606133,5.744251099954972,40.75122955549544
-0.16065895315286605,0.40068941720515616,1.8820742641406198,0.40429886274435584,5.47583242860361,45.810478307584496
-0.2299098925808022,0.43425373889587465,1.8795000979429883,0.25024439345627625,5.370347092764037,43.21255070076259
0.1495999111210301,0.5746650860999766,1.8182432330090905,0.24655294047584186,5.618623082960525,41.80343326314216
0.4055399269918239,0.6567443027361002,1.858718958270658,0.0832462985458018,5.787602549420255,38.18407828569848
0.36675933285948764,0.6651521626298212,1.816916399091987,0.22285557012642818,5.742393447002014,41.05792268967696
0.33330423978628326,0.7041362636642507,1.928764540662494,0.1972378510659936,5.7523630884847305,40.582072048644115
0.23646898006838535,0.6966327401527326,1.856882306935555,0.1852421951330306,5.5968497729506055,40.48746220020802
0.2891985113660205,0.6655700216085622,1.9161432426840008,0.23314159863092396,5.68761550669357,41.336941150535786
0.39635392133838176,0.6766845949187609,1.9310837725905916,0.11778858136926221,5.822202142630957,38.97475875567292
0.053435210364343844,0.6092830915732378,1.9472753173223258,0.30312672927581297,5.539255837306982,43.26120864297838
0.1856487992816372,0.6261472684603537,1.9416184459523727,0.30915669614644253,5.684752146995602,42.98229335789182
0.7327960713303701,0.791975380898143,1.8892094570592828,0.28692989462012114,6.105568673559646,43.60675038305423
0.40256215591136885,0.6099820612957537,1.9387028420809778,0.3255843217493941,5.887110507184424,43.467426049357826
0.43644416979749195,0.6815136488835414,1.8428206148754376,0.3821767260946803,5.856463253139383,44.50869856304353
0.1530494495602432,0.6456680603456734,1.7606419199289896,0.3353299378635276,5.588226370101175,43.675543632526384
0.1119001151292201,0.6206442630133899,1.8242197921525292,0.3094105696629095,5.5521149680596995,43.2838309610822
0.05151628562882904,0.6624645167381925,1.8169935950803575,0.251246098164109,5.417509765420116,42.69751940420506
0.23785888169118957,0.6401380132457145,1.7939553907012242,0.1575833690770767,5.562823944041915,39.96598317293564
-0.02602795002512237,0.555049008531244,1.7614934277546204,0.4093036061871725,5.354282140118649,46.43631786430423
0.21677203472957907,0.5879965521986109,1.808943317407081,0.40342439265123,5.588472985301781,45.01981198517388
0.2615488858251139,0.4966309286885412,1.925618462264524,0.5031378794264176,5.784654557901974,47.037917532019144
0.16992967054960134,0.4732181962489524,1.9184048565499876,0.44222699893818146,5.713734303886631,45.845336642588926
0.2304288687024743,0.5061333866117588,1.8847127996899582,0.37504937047008563,5.73667010466491,44.40450919827397
0.4037061337474202,0.5253742721206135,1.9891563308941924,0.4335596669323818,5.944154452620285,46.0193400363812
0.4779540269859432,0.5660734337660022,1.9191162222468328,0.2972107629728886,5.937839726420407,43.04134574005957
0.3543050893301435,0.6396624228947848,1.85576765173518,0.16682255770826593,5.729904065236353,39.85327482357085
0.4288887742324605,0.7006417471048824,1.8681617339267071,0.2990693715558018,5.777387169648076,42.52495494461739
0.44039649754229393,0.7080789596748743,1.7634900603154167,0.27367231169655176,5.768708192718178,42.01428366863389
0.6394934975130124,0.7615654557586361,1.8694438283916144,0.29244861774614056,5.9882093972870605,43.04703862229004
0.24719158139711972,0.6518676874043375,1.7259319302886817,0.4045750754612848,5.575735178864531,45.044002686270886
0.07118773991150384,0.6853448277828937,1.663634921833666,0.39059634591134595,5.377034801068709,45.76519331193199
0.23402309854433267,0.5990717416461794,1.7729640041887322,0.3107888220360714,5.640006987464129,42.98313512354515
0.3103518399164894,0.6578722628840084,1.6031301633206128,0.16780381079132706,5.5833930149350035,40.038440727368524
0.48500585895204107,0.6557618225215504,1.6785281997025128,0.0741117177432965,5.795786466791403,37.89399395198046
0.3296027095526796,0.5577278499817468,1.8589645638910541,0.14560712280525764,5.768357694215952,39.50783814378464
0.5350352899950857,0.6912008778105289,1.8585958835485972,0.09492587331155049,5.9118943199276455,38.62559974238342
0.5268890853277004,0.7479800928706489,1.867355091090681,0.14972019484514687,5.848375034199014,39.558202234248135
0.42195888218320393,0.6650674471492735,1.8028678266623954,0.10400333118966829,5.753373420269575,38.53061872145549
0.36008046646707514,0.7748730625707546,1.8419750604195944,0.2919000033133905,5.678475869863261,42.47788265360704
0.507047283933306,0.8190847162114718,1.8684692609732458,0.2839714433464925,5.821075938391083,42.3149743963181
0.3623223274839193,0.75102765692973,1.8167116719663472,0.1996110015447308,5.697123617861864,40.58266546743842
0.2905325946443312,0.7030253657994037,1.7991385502720574,0.21325785017953294,5.622723547844729,40.98224115902393
0.5469427480623902,0.7418663106862493,1.9352775053913527,0.19897368511387192,5.969854221863933,41.118725684705915
0.5665061345344207,0.6693968686966596,2.01499150586123,0.363311772583727,6.1547170226264925,45.87139843522357
0.17075042414096053,0.49236465708581,1.9882539724735169,0.4014305028487199,5.832418275711968,45.15518947379463
0.41516057824691427,0.5478466560687071,1.925178414319808,0.41337803018923436,5.982905966802688,45.85592214369474
0.4931612325179396,0.6433222512781487,1.9197081587370488,0.2149392369933088,5.983096466822652,41.582004745721626
0.3642607058670615,0.640017790230292,1.937649866931011,0.232617000363998,5.853771826673254,41.50493367915067
0.26754810548003477,0.5625284835834735,1.9796161637986236,0.28656223235975403,5.853952576986134,42.68828286085303
0.23583965452534988,0.5380875223153039,1.9124320931556213,0.3208481681876841,5.765194395402023,43.2862606905994
0.24963953285367046,0.5442928525267318,1.9991585459713581,0.30850102057761736,5.827245960562033,43.14806412063757
0.18243106314935553,0.6064412028990308,2.0370757930030363,0.2627012083047042,5.736900721122373,42.08594423929793
-0.04516742851878297,0.5075194943428872,1.9413048595529678,0.3043170229295294,5.532056749683816,43.405754829152094
0.04461337004677601,0.4805814138001156,1.8565341899935794,0.42239088412924614,5.5936331480536525,45.65199592109818
0.5112037308029225,0.576034702903861,1.9608327189564276,0.44548439780719706,6.0099767650676785,46.51290467887114
0.26830388396491694,0.5345152582767085,1.906409406707287,0.5483347742159497,5.773600411866708,47.96162186186984
0.4903245024721159,0.6467568259170566,1.7802423776509604,0.510393042642548,5.877605542830627,47.171566305363896
0.5058972856422803,0.6908682291385089,1.891976662319423,0.37544393902919415,5.910272875442951,44.52973533999046
0.5507830423360598,0.6478004579880607,1.9015524896304474,0.6079255219132861,5.974491157866865,49.6761559422446
0.5486498853914471,0.6886102385089341,1.9210310599103095,0.34984644320356195,5.930755911763679,43.99087620408153
0.5540411594417998,0.6313889203741011,2.0076024376073507,0.3911026819033721,6.050681998558499,45.6554571610096
0.278638518846141,0.6231842142965995,2.0291632447493035,0.5413168106658703,5.820943098901033,47.99371303768429
0.2410230456847502,0.6406317946119436,2.1578434407275298,0.4361696701630408,5.827135143504792,45.78438739625763
0.2078564826579662,0.5593183385480137,2.030574337245429,0.4357484745010477,5.7337165210890895,45.67019159722932
0.2755125983201629,0.6074773822660604,2.0676056300964256,0.31848239533846834,5.814537349716229,43.32636523843343
0.44981221244816594,0.669390311677087,2.185481210802241,0.4065221461054716,6.0161263158549545,45.858344457293455
0.17086396816183502,0.6264689291079582,1.960375169218498,0.3288648213244966,5.675404221761637,43.44790330962969
0.2423722242043138,0.6722426951431522,1.9385156162068786,0.24708189262436803,5.667613310453952,41.69526191113961
0.24818306525964368,0.6334283383324117,2.047572768012321,0.26513056749200076,5.731031456581445,42.056581088745496
0.40712537314560976,0.6910226690697285,2.117116584132096,0.2617054273318485,5.889800255448085,42.183071518344256
0.2776340426061492,0.5861472264951375,2.2376180320989865,0.3066774679583876,5.932610142498588,43.43772642770396
0.10246034291600215,0.5608079148715686,2.2166689198038037,0.2940951975903626,5.750032675709352,42.778653618335525
0.2733771872323334,0.6827670988898585,2.1424603812045993,0.22990095624198675,5.778372412841038,41.35323179847723
0.214537792285041,0.5866047565492213,2.0966979431934067,0.27723087960682335,5.773247155532205,42.39607609364956
0.6127347336857536,0.6654587171860707,2.1527781251301876,0.2357385085677115,6.0983507457576005,42.65764832608447
0.8617314351845796,0.7759760210581109,2.1199725403823404,0.36422834511015456,6.306816803906583,47.213263068801496
0.6319331600463415,0.6740931455201293,1.9816605377308827,0.25972425844082836,6.0279644952094085,42.63856823787535
0.3811995808060469,0.522088508910734,2.085442275034407,0.47850366746365375,5.943968914860436,47.07495919763345
0.14224944612569412,0.6330027780146366,1.9784145056820597,0.3533832258922805,5.562662967242004,44.197840666613445
0.33831591472757827,0.726954418665984,1.9019089688146815,0.30624906730666057,5.674159802600126,42.85074400385254
0.026463316385276103,0.5824416092983602,1.7746988000762363,0.3118961048860202,5.366867986659527,44.36010702150408
0.035263574706038914,0.6117050800019189,1.6993897971629972,0.21292718707711386,5.359122322025977,42.380466907325975
-0.03137594866661941,0.6031412452855183,1.7942332259243439,0.15573004970799376,5.303649761829913,41.55610421282519
0.16800484854327757,0.5918145691858198,1.778704987440007,0.17561961451166758,5.5177702322403395,40.58147226827178
0.2339184307063431,0.530394225839102,1.7667734157336317,0.2825833149240595,5.621538473648426,42.4753815157648
0.09698342080079969,0.5506349020368927,1.6517901858064832,0.24639258719084098,5.415444500223068,42.60137440336371
0.2832130981217339,0.5671953007770311,1.8147244805467966,0.33856691325892163,5.664170205510802,43.6039422597941
0.23238670240656656,0.5832050777038104,1.798117079813411,0.311396658847491,5.596361280751514,43.17515575875108
-0.055803130254589384,0.4264877744955255,1.7839197241382851,0.4770540952637874,5.460882549462858,47.36704659002611
0.41703231047433714,0.5871759024585904,1.8502593029287424,0.33588551149103457,5.82782275703021,43.56439512805654
0.738673375493361,0.6166818622628653,1.7431294019367796,0.38437436061301256,6.152891291572843,46.14514824646455
0.5099341298119717,0.5544805633269719,1.7674252689499474,0.396784102955544,5.971818123495053,45.323121742044634
0.12825767101387425,0.45762873784181507,1.759857952373551,0.45575843063028865,5.632218976628657,46.23308299448308
0.6093556107567535,0.6298480235248943,1.828301299081676,0.2949205336064707,6.0281510368148385,43.40243643965002
0.5559512847489685,0.7081117907013811,1.8203527811949016,0.2525998369142871,5.931925152102324,42.01174495917568
0.7833669485381852,0.7033371544851175,1.858464704211558,0.1933035301212906,6.211880213566709,42.649162690714995
0.6025689830940415,0.633258955901636,1.833068337276348,0.1848623374048648,6.0255410005369345,41.104793952665446
0.49518880117974723,0.6154760892216422,1.8248183141867442,0.17237138651533354,5.882664649183342,40.22818903600283
0.45340251268191334,0.6859556421243119,1.775361213939741,0.20120004944337144,5.764075076713499,40.55966588871608
0.3063856006814214,0.6634521464624984,1.6993569158669635,0.14137888235604315,5.591749745602075,39.52439181426958
0.2636808500336474,0.6597669986506964,1.7353302986373251,0.16517336680455316,5.614099561098933,40.001481395011844
0.2794649526902724,0.6520255641089738,1.8505156407719738,0.2523623653729362,5.6438811731468705,41.73607643506352
0.15096373876368974,0.5292417541700382,1.9776121141318763,0.30192057848261367,5.684811536315175,42.86994479642819
0.00909954490954279,0.5947216468354396,1.929827455329162,0.2107353535333874,5.464189444761304,41.64589083441374
0.04494474548383154,0.6332963379164211,1.9365943589757686,0.28593556556557176,5.461466271677201,43.21240795836073
-0.2832439900888565,0.5298762591607102,1.9733358822461808,0.48323382537095905,5.20574782227861,49.43900356039591
-0.18138100644896016,0.6102883470858953,1.890007363347872,0.23080534225068064,5.224943505699001,43.909394409423385
0.045920770692400414,0.6768656003049424,1.9148834842561844,0.26420605771536126,5.411848101772495,42.99430901809087
0.037301849595196446,0.6210678678421565,1.9318005240203826,0.2051975863901417,5.422587186687391,41.73468918195229
0.1827241582027983,0.6036341278592964,2.015088730147198,0.2974844607878825,5.619777193081893,42.81967780825976
-0.05929924038304424,0.5490771283801461,2.021548501253363,0.31400012764886737,5.443030460373851,43.93989366110343
0.03035177755016416,0.47701482808821327,2.07959102707788,0.3897212442329427,5.635199497192284,44.907564334114255
-0.01085099961798841,0.5493074423060489,2.056266482047662,0.2853926945166978,5.5561685310183435,42.841386663839835
0.1883410585923898,0.5698460067881299,2.038175917262768,0.19213810841092357,5.700694181891201,40.58440781326154
0.18234017942999736,0.5149320246135215,2.0326784875105077,0.2416899496672988,5.7450759298472915,41.67745850964761
0.4386463067281757,0.6592707507695946,2.0634603768166526,0.165547680278661,5.921779422008808,40.27938765996752
0.5227771195418909,0.6063368944762151,2.197556041697647,0.2957277178154959,6.129778029228071,44.320216380414934
0.20921977628675825,0.5983721541973483,2.169718778080015,0.2941044513849643,5.791625782318903,42.786907247014696
0.4204237339918783,0.5720258819761623,2.1427418409671795,0.308519915578811,6.004937089924481,43.76802016747446
0.3030986163454644,0.6059740353473546,2.098561568260692,0.29163177908772797,5.806141732129038,42.681130661772485
0.08632005924816366,0.6025101802865604,1.9146425997631848,0.2706794080424845,5.531881677635017,42.64273423540144
0.28053260380076667,0.6512379444758944,1.736843215279492,0.22249616906032524,5.603163053878608,41.21480128604423
0.2722592552369074,0.7087568476328123,1.6833966020719506,0.14324214044517733,5.5324802122320325,39.728244275888684
0.42946737401506385,0.6883696340345316,1.8117300034834742,0.17655917654319284,5.735815823798696,40.0111292071422
0.19386851595728527,0.568018310853311,1.9203317864310696,0.1982879817458012,5.62957996745797,40.76268558934502
0.35963944469061404,0.5920180626085003,1.9065763759703014,0.1863334730289402,5.760260914164974,40.34183933876105
0.2686871205709347,0.5856326500063772,1.7950363116005137,0.1946602510867222,5.733125976769245,40.55848871899201
0.36160501519542904,0.5379059554538321,1.613423548258894,0.28170964373993773,5.815307805008587,42.47810288853618
-0.06949912497879657,0.4433714286521923,1.5683804948429898,0.4206705109897311,5.4842403649149745,46.13379574384525
0.19722002208418898,0.5077294181858293,1.7308646281429765,0.3929765573023529,5.735543189777967,44.85734764530656
0.21015093601426704,0.571312573375885,1.8708896128520074,0.40200014998153727,5.804325340706245,45.13983634901847
0.3126695534584305,0.5961939679981944,1.898837215500862,0.3834018990748486,5.930311036488179,45.060802970356725
0.061168958695441256,0.48442232865188656,2.005288810851571,0.6296269509322314,5.887097435547801,50.336095182867034
0.048623473579508025,0.5698699715406698,1.976077975229412,0.36496860426029093,5.696819345807026,44.33394352336726
-0.053141079351028186,0.3746374015635876,1.8983553211769177,0.5512324064613126,5.7719882989163755,48.36998373297585
0.2676862575960437,0.470688032835983,1.9426528726201784,0.489678308738242,6.01013544485633,47.66489661585832
0.30267797166744786,0.4811058503035147,1.9275367539846842,0.5308349936340402,6.019344559888104,48.48072031087257
0.2719503384903446,0.554652522300218,1.926780439258391,0.47114553007140597,5.882912845958106,46.5897003226447
0.10642320248267534,0.5591967641979125,1.8812481083062633,0.2179546642818603,5.603123574591866,41.242862501763064
0.317766774762991,0.5593115082564618,1.7118983400141083,0.2561527577888915,5.714255463651854,41.799746939108694
0.3369187952981709,0.6068640698435918,1.749712054825249,0.2767042760568303,5.686590496849885,42.196881642809245
0.12009470170261205,0.6591853839025793,1.694248594905694,0.22330937388985897,5.42187915411021,41.98962053312623
-0.02275232690919743,0.4952546686461053,1.6162401523846692,0.35329236666554975,5.385923850896121,44.98990208484747
0.23916406522985062,0.6247660425503495,1.680504224078772,0.17069815100627378,5.538317962734172,40.28698896490287
0.24819375289434303,0.6448517969258862,1.7561949819026035,0.2523473997157114,5.581526622256776,41.90363447396226
0.43683684366412134,0.6343457870281715,1.8042851868771446,0.3359290377317389,5.817118725722677,43.5224025731794
0.12143060584109072,0.6000268202999659,1.8073332918394507,0.4284860163248299,5.531383122616208,45.86233726152208
0.13223064274854102,0.6239535447847381,1.787379473201318,0.4818137261929902,5.503829717222507,47.08463367313286
0.3433786475734842,0.7075735928153418,1.7952960550298642,0.4263857464872619,5.646265862038899,45.4384937450884
0.238977452213543,0.6735950692114859,1.9216437242540008,0.32523503610875376,5.630803767755922,43.39772517257688
0.2919305045402434,0.6331869467195502,1.976332066422274,0.24174020787397466,5.737212570467257,41.56337282654605
0.1044524749536131,0.5943907804093118,1.9223456748966714,0.37936248588166993,5.633453016559098,44.577317687181505
0.3920665857710938,0.710250767974071,1.9464773321235658,0.26376753050601753,5.8250227337397265,42.02239233053028
0.393293445377922,0.6997398201925935,1.9830918843755145,0.2906853311242592,5.827618125365357,42.632483383949506
0.4726204776123745,0.6641900997941602,1.991608353333526,0.218073204607004,5.891765346175436,41.22884030286696
0.3753882159656462,0.6151101276120207,1.9527894555440508,0.26534849959411505,5.8147628895233465,42.10017253234313
0.05850504678638491,0.6157925534680716,2.008562785947583,0.3759491545285154,5.564096787448953,44.707134842925704
0.18207810569332727,0.522722917784372,2.0131912440793513,0.3217334827467761,5.742075839036944,43.312906322565155
0.41069429372243926,0.6868259707343942,2.108789523393244,0.20866472951072926,5.891687927291835,41.07596744752238
0.4045126309096149,0.6956230355444446,2.087487377033057,0.24240037513431162,5.853979237928113,41.65401908151903
0.29711631422760454,0.6954039067533536,2.1962208542261807,0.31312505575588745,5.783058438063458,43.039874053452365
0.164733518009466,0.620179430918386,2.1579398790568334,0.30320501640610825,5.723790529105913,42.84995439740174
0.18164943085510143,0.5393969726160041,2.058658002004716,0.43825021643718076,5.803452649674359,45.72674768076146
0.3464629772010071,0.6091711559705671,2.050849039491823,0.3854766048421824,5.897985137057322,44.76342210316357
0.2918476760307031,0.5498130591378192,2.0098945022146437,0.45575536190105853,5.851295002273648,46.16017132199115
0.2742408730107198,0.6318530886719459,1.9240468777372504,0.2521225156486195,5.751071993403566,41.78224604389042
0.40548627989477526,0.649317623626765,1.8174344947217804,0.2719917454444083,5.8254750130126265,42.232656490249
0.3006258492245977,0.5643210939932635,1.8457372276201522,0.2103856570473825,5.753389789034911,40.90506350289435
0.2575172842992581,0.6396517737198277,1.7584723777604383,0.16339615046596107,5.602627019300149,40.002240032484
0.43120032375114586,0.5581099397789531,1.8242418141646293,0.2594657856271149,5.873629819797099,42.109780499353676
-0.024156246144557914,0.4328811525026136,2.0502854555796572,0.39707963325621287,5.610329870580282,45.120505238358554
-0.2267557571917853,0.44376013347449345,2.1459281774356533,0.4718401572144709,5.499494346556326,47.07845372463041
-0.1169850135799001,0.5936687890215783,2.106804577590257,0.30767518410453026,5.480534271790015,43.6708146819565
0.3045854766077642,0.6084815890189871,2.15553667380224,0.2923794638161284,5.895177886684566,42.95095529422663
0.1999948990166852,0.5496717402225278,2.150445864841199,0.3261628990353873,5.808236414503686,43.52411411177202
-0.025299791478780143,0.4887236383969962,2.0365807101011972,0.3021400393807389,5.629613489582279,43.11204283681778
0.13379256560888586,0.5114523072610745,2.123827364795792,0.22285165837166776,5.761636218851544,41.28694531303389
0.295086597488372,0.44803439045458854,2.1028392264059725,0.30398083118314806,6.000101675883891,43.63331730126784
0.5373579214920298,0.5770874565614824,2.2855620245761465,0.19013957428234374,6.195945543948946,42.63312106297919
0.4700513096145251,0.5411575449538237,2.06007302114027,0.23114664291257486,6.049278292407147,42.37021294005141
0.6934952696035894,0.6485204071829623,1.9810971494401186,0.18708516671444075,6.141123758067361,41.94582759975673
0.5604387021382709,0.6099155261258652,2.0750259084378535,0.2564220175295166,6.059788443491977,42.878992597219515
0.708574667213784,0.6876097444806439,1.9899818246043206,0.11849034302226698,6.120359007146382,40.30237834532167
0.04103420006267744,0.49243627556113645,1.8997699500146588,0.2751559248827747,5.569532723400771,42.60846343276972
0.015380767995320954,0.5139848737379766,1.9319008689992043,0.20766040007532754,5.525678664792932,41.327145970523716
0.06327614784342672,0.5441952240772158,1.9786874410478925,0.16803758868682825,5.569010037827052,40.28683058561608
0.0919652144686407,0.7145102470556376,1.9885626234102671,0.22287389922499676,5.545578437642279,41.52410848726282
0.021539151145355206,0.6491807306514799,2.075298747169587,0.2736437953011904,5.555605355282911,42.567198398184246
0.43539552030129475,0.6913730373053044,2.06364692682372,0.1414349164848366,5.911407097412892,39.73267587713508
0.2400218429234633,0.6750107757466981,2.0436152361701527,0.237666618905404,5.6933042129213405,41.52241776091513
0.2853990412362526,0.6102465946149374,2.1804186090996933,0.35021444089800013,5.866874277239411,44.14707537097273
0.3000326724558694,0.5723888060310923,2.224656967627109,0.36868855537184764,5.903673041668317,44.63252724630971
0.1929009378361205,0.6471599579826388,2.0153853771560244,0.40164946988132594,5.656006170675156,45.036580844899916
0.13328441885401365,0.6509384334501812,1.9255486862978102,0.24237717300554787,5.526575493419072,42.0105775107412
0.273626793470766,0.6383212186358828,1.9876795236638167,0.3170297579238104,5.726327404343845,43.14736208967477
0.3690477693444808,0.5608797038656843,1.997529282643193,0.229910893126814,5.904627080399062,41.6204903006683
0.29890330139628696,0.5543264465232833,2.0339014583288977,0.3637787474199139,5.946154070857583,44.662645311489165
0.28246581677777644,0.49386383904067566,1.9612522182355931,0.3902931743255599,5.857095286779633,44.92363008720229
0.43812349966646086,0.5877599373706553,1.9307716246842075,0.36727700984512934,5.894879286826634,44.48184866069967
0.48393210772103223,0.6635324564417029,1.988572075661127,0.2596801295709199,5.937101620986916,42.29248659894461
0.001215532103407968,0.5005763200615347,1.9097713359509605,0.3172879194685704,5.52343253252474,43.64798774397327
-0.04461446695069693,0.5873669133614735,1.8731643591972635,0.22686229069462477,5.369858927401994,42.59389414973074
-0.09311518949079378,0.5894911930643376,1.8176339241137986,0.168505458348523,5.28939066800159,41.98589820288355
-0.01246343103556058,0.5024231285055044,1.8635846698895717,0.2522996765839703,5.499162512058934,42.37884555690245
-0.1899343644033259,0.43602970258830126,2.0800923895181977,0.49361904111249766,5.45660322975194,47.77756150364102
0.2836153202851418,0.5095522541391347,2.139905149027947,0.3243031278639302,5.880128882742024,43.60158382597079
0.18913376190027076,0.49954685531187903,2.1461692503013583,0.3907280732026903,5.852092236905186,45.010855831332655
0.32678643226987125,0.6020702036538567,2.0584808411174715,0.2529469316665317,5.841783193625146,41.94012207574951
0.23929502019377596,0.6240444820713089,1.9881311062982918,0.24111056824649202,5.739105668976032,41.547768888040544
0.3129815764875388,0.6361855647321895,2.0186900264423806,0.17516278703205948,5.795925541828779,40.214007939545574
0.5948926956953673,0.7073862710838555,2.0005977366644863,0.1893588562783689,6.02705772783403,41.1723561056933
0.11099143726462357,0.5959697922932146,1.945620714005601,0.4004259246054318,5.577597892907626,45.16600041304077
0.21266840945895404,0.6641421469946126,1.9655084760527388,0.2481092069064403,5.6118329466550625,41.78809526643679
0.1845303823121206,0.7081924002568212,2.134144041474666,0.28651672996991073,5.654467591090074,42.60877153334131
0.0685833313460269,0.5919692871005349,2.1627499624718833,0.2957204022124949,5.618136981703271,42.93249295875135
-0.04972252801470045,0.5390123260198167,2.225245922834663,0.3520611600407705,5.595859627158119,44.303761987059914
-0.12771645911236296,0.49525574247555254,2.1625259373884527,0.3870583943036245,5.566665994899394,45.092151823627304
0.21936647616310745,0.5920305492179285,2.1028255793849655,0.39404927824033115,5.818331388105539,44.81529541749607
0.3953667563394698,0.6022156371969477,2.14757989844912,0.46259633219338603,6.0161261613378585,46.93883403237419
0.23225088636680796,0.49517660696946036,1.9552405379212643,0.5047643026960593,5.826308670255879,47.163991867674476
0.2671236117247401,0.5551252925370616,1.9251509059617677,0.5057642884694671,5.829452095290222,47.109940177182594
0.2529280237287862,0.532164420724038,1.9571416046544887,0.38913174577556975,5.7735819841942515,44.60442778989032
0.3730281989834022,0.5812508938928382,2.0000543623818476,0.3520224728649171,5.834253789156999,43.81275217920872
0.06764866815869586,0.5313311509026905,1.9524008093066092,0.46288839760944056,5.555631289745651,46.396712897320754
0.09488553956111345,0.5967420760736373,1.9130258498574118,0.39943888740562256,5.544012809522212,45.16848953627521
-0.2032806662986718,0.5062779361326796,1.916879860668537,0.5051149587329762,5.321760524999955,48.83209084268775
0.004783029595022414,0.6147728341398848,1.9457589789214271,0.4139736308374556,5.452056270131787,45.826762262208966
0.33771312150689703,0.6028348056477361,1.8729299029691344,0.4039271137867378,5.716236740122198,44.73033138251122
-0.09211908726209783,0.5747929590833833,1.846162041601751,0.29945829921051687,5.303413205502858,44.49420280063569
-0.10481620990748364,0.5300144943770437,1.9442566724234176,0.2797519777424662,5.3695943946499956,43.66374670375521
0.08647991818288159,0.5228653898378368,1.8932830992853278,0.26687500990546287,5.564824447573477,42.35844474455198
0.25161066613063415,0.529374723040665,1.8635885554241551,0.2283563818004184,5.719643454902242,41.27131924934003
0.6821251857307808,0.7069748239301553,1.9888999587795826,0.27963900043116025,6.118360210368911,43.68278518561734
0.4904900043508352,0.6764584916331384,1.9940941688082152,0.3641553860113926,5.904810461065219,44.29075414971168
0.5164108589778729,0.7419048952668699,2.012777692937572,0.4733836568899449,5.902989087583799,46.50867414889176
0.38316282145866165,0.6357286409239354,1.9203966852061627,0.27373858273611423,5.763539111351291,42.121130399695275
0.521487676930229,0.6588495331396814,1.9965105318160785,0.15183494213753207,5.969099388735707,40.146779143049145
0.11919826249241428,0.482202090345026,1.872412581269648,0.18546676680699634,5.694981242131086,40.5554581134869
0.34771666289224124,0.6221977884554315,1.8305145461694374,0.11879997989597521,5.799615910707505,38.99061254334148
0.30065480359194613,0.5742034058875886,1.8710139407218116,0.18799203416508845,5.830879753691686,40.59120115948298
0.2721779071447171,0.49902767116654045,1.9624835406946173,0.4598011910425768,5.937117787486919,46.76058237192702
0.24547616020335983,0.5557040775033778,1.9460592310947193,0.3089166237098145,5.845813009263433,43.26275762059204
0.18604043799878234,0.6228551282965229,2.036699017210193,0.30526032137896675,5.8454553512898215,43.202884684787946
0.3221472390797047,0.5981118881501795,1.9450613100219303,0.24150230499731193,5.857032528535343,41.70391103190681
0.3052857433155055,0.6399506841491929,1.9497550912799086,0.19023171129948122,5.794683765902754,40.54508639425106
0.3510753915123214,0.6205891882881075,1.9004887564704933,0.17144551236912514,5.858960664481178,40.2278775964024
0.35673572958871264,0.6878594159127139,1.8658084220465072,0.22126229823414292,5.784816940436084,41.07690836127178
0.3760039092512718,0.6273410255220069,1.8305598202861642,0.20567540656789762,5.826502094300074,40.86187862572306
0.27501090129396133,0.5178160649956504,1.9173298050673386,0.2525002674480732,5.822029579423749,41.95948173713331
0.12040427167999812,0.5312652601645832,1.882299378801331,0.22058022712128453,5.613979445515792,41.32448402082741
-0.08891577942921602,0.5474956906714575,1.949665811641587,0.29973226165225003,5.448860333826175,43.68997514796491
-0.06510415421315141,0.5611919442766888,2.026299701210364,0.2981964869162835,5.507807746201502,43.38524834795335
0.18924664321397033,0.5594930575941045,2.07821964560963,0.20516454888815291,5.723569319360133,40.86810865810573
-0.007794739823687613,0.5024683119207796,2.0429893381088897,0.24525115160684918,5.564101347435354,42.0777579020307
-0.1731175068216575,0.4995638617054118,1.8564313807986317,0.3325601175573285,5.334858327870199,45.13306906898767
-0.013614455718668372,0.5505097384639619,1.9537082602570601,0.346629666791675,5.521399108841739,44.32908932403048
0.12061830057166739,0.6267671875841635,1.835443050405072,0.1981731205179408,5.488038815214313,41.19560798213113
0.051513036062303175,0.5423442887208617,1.7743862838585838,0.14092616332996924,5.453006132643699,40.212405930526884
0.14017603951544205,0.5809553128564875,1.7661548177196738,0.12854696691340334,5.515563898908786,39.60819325505377
0.28831011531995376,0.5896662345942321,1.776988074712778,0.10841065256695058,5.671124545424927,38.74527966050203
0.21239556703507906,0.5676492438317411,1.8225082350365942,0.14455423092239933,5.687348687959321,39.601598217434166
0.2392999313563407,0.6179806181343347,1.7740541413870696,0.15135951913049667,5.6944563847758225,39.683699913198694
0.11924919560222341,0.5680510653757244,1.7336835945802274,0.23361440119018476,5.584585670789291,41.58740135474108
0.19715320503723366,0.6224261911863486,1.7719038271942307,0.17277750009792564,5.6402148841737905,40.161734928780554
-0.1435315702729436,0.5515607234411694,1.7368858959029818,0.33213517412393256,5.370714649946833,44.866714906956695
-0.1381505900733213,0.4274363062495953,1.8123039495866853,0.42903340841207116,5.525513321251996,46.09527767294109
-0.21149389363780235,0.4342121023046234,1.767827573169215,0.623133121156364,5.463529811941374,50.38845025983757
0.04447852313583933,0.46660318955508534,1.932934065868052,0.7407146256729438,5.810849379270211,52.114790544138266
0.10060541740952356,0.4561622429682199,1.9494999725281401,0.6649862937333934,5.832428988529623,50.62420865814367
0.3337011226995402,0.6017505976888562,1.8636331561188857,0.29797251986251705,5.8519378254712455,42.90768199221075
0.5205880880671464,0.694629972786713,1.7448580052208273,0.31523219203269714,5.93644830338414,43.41986765812535
0.4719689985887779,0.6758253194900795,1.6060299846528399,0.2982996153700238,5.758936960446337,42.530379739256944
0.4308177794495314,0.6422740448051666,1.6378448367809602,0.34491384468945535,5.767295889124831,43.57750524406794
0.22380585079242554,0.6550629577750303,1.6604819113414988,0.21227182019394514,5.604034226701634,41.075512790544174
-0.14269872504603287,0.4564298338104881,1.6771818042693576,0.4385036655688466,5.406354410896334,46.840988121026434
0.27254137861044836,0.5093155034707777,1.8189589714188483,0.43015842874106613,5.810618291664168,45.631996633877286
0.27407531696483545,0.6092796619372027,1.8671882187188118,0.2876620812686488,5.742675372401142,42.53146896060434
0.2890938683590726,0.5259064178535435,1.8868896690927106,0.40441807574192196,5.860746980264096,45.239529933589935
0.5632327081638012,0.5827452097244931,1.965096778793887,0.2701469768895335,6.172738752039599,44.147965848044265
0.5745177245068075,0.5628962623581606,1.9943962549005447,0.3777033041583943,6.264902671016055,47.38703807640686
0.41464018024160487,0.4905413080686524,2.0211573362700093,0.5883956334639627,6.230597722849644,51.589734532597724
0.26245675906315835,0.5244607414001944,1.973948951841452,0.45881279209311343,5.9378983520170685,46.75473606268093
-0.059934489349119824,0.4907972923400748,1.8676007649078312,0.3862612507655427,5.578991226708778,45.036542108924436
0.19369091048267112,0.5815079012442671,1.8929235911846332,0.2922173830119525,5.751539569706184,42.72025649394206
0.0080607513592722,0.549611147115911,1.800530849644991,0.35452618878473224,5.5473102370987295,44.35854599538608
-0.07325118838465183,0.6074941107345271,1.7478756653542922,0.33381718800087284,5.432390106323424,44.441809723717945
0.39547526384970527,0.6560499864872955,1.8825990808362898,0.2751727500365756,5.890353907166022,42.50427760062123
0.004778790189381654,0.4926925845274957,1.990419759440997,0.5437271790417648,5.767497987009917,48.15804211849713
0.16416728053611762,0.5237392215058179,1.9769307471689046,0.3622747119946373,5.800813462090283,44.36751085777632
0.2608327759399116,0.5913461289474252,1.8909250271862976,0.32307777154531975,5.826700298729405,43.45173810558992
0.1550138497382818,0.5003922938933189,2.070664963871697,0.60936674804455,5.889143660927908,49.73344652934432
0.3585461620436008,0.579428230936927,2.183943574668049,0.4690774812312582,6.007971908233923,47.16094371967823
0.24951678968026136,0.5447434531309657,2.0011626390892454,0.42213289898824774,5.831164750472832,45.4919580558496
0.2791373411073859,0.6226174594144981,1.9865028901195645,0.3748050524976179,5.789480038466369,44.3535509919625
0.5553072687881366,0.6868536698282052,2.155451535784408,0.3440862012549689,6.105865910418506,45.01454155557036
0.2844588437357743,0.6127191796412186,2.114905985271732,0.40047031556891904,5.870691547391456,45.15564999230229
0.2791856121783627,0.5373723528046804,2.208501567554815,0.3707156799142867,5.947694403582041,44.9007090797349
0.2534351674722708,0.5911300455486321,1.9718578149504165,0.2845544059273547,5.752135375231354,42.468084847270134
0.11106401318777148,0.5568925107031073,1.9628804365476358,0.27368939733982406,5.619539719148301,42.43769589409206
0.13647290973756,0.6351423505499071,1.8929567997543575,0.19028307704071482,5.529718549599324,40.87812146805965
0.41171739920107786,0.6775175754812041,1.9671939038882211,0.13947817950648084,5.8200470656548,39.413621177951576
0.4533866931630733,0.762521409079068,1.9199436612401377,0.1920138638364172,5.817941589370484,40.47685372590169
0.12467295998295058,0.5554568008319809,1.8981436647824417,0.28691941645520525,5.62701056462062,42.64143482447633
0.08499016261328696,0.5047117370940826,2.078589105482569,0.22186371585201423,5.68169965124891,41.295759935472105
-0.008423098739993029,0.49811186083790293,2.0856314029052845,0.26675667870159664,5.636540959992175,42.35888127722141
0.19141038614116546,0.5631065008698394,2.1408373491650687,0.1998930444295784,5.793899449050061,40.88704382130482
-0.10318653028856506,0.46329113157144386,2.1961890296482647,0.41875866170930154,5.638724324388431,45.77976766314828
-0.21040696328206476,0.45167917753025266,2.128664123034821,0.4372965210162314,5.5289372335661255,46.37034502638333
0.05076007580440178,0.5987800216105632,2.1526612807103516,0.22407481539855897,5.658655649704746,41.457132171049125
0.23520978267925519,0.5449310344262122,2.269296609795491,0.30082069373161424,6.00538996470753,43.710638590330404
-0.04225837816207134,0.5050875574128797,2.1549525361670105,0.3497366176145985,5.650392632635973,44.02678982414565
0.15698954424220568,0.5847208718504857,2.1851550847685446,0.23257922668508432,5.798171562629571,41.522518545132
-0.007439620161114546,0.5330187678910939,2.192738969405211,0.23809010238888925,5.693145849971566,41.68898486160968
0.04370978607415399,0.5150160340082253,2.1181683113879495,0.28065079857301317,5.701083438025656,42.59041512049764
0.33446730329958946,0.559681580773067,2.2112106502515654,0.29535883316911715,6.012098270514775,43.58202753141781
0.3513648736854275,0.6484889793775515,2.251478607875016,0.2826493170155194,5.986612523660784,43.12754214202176
0.2669479305141147,0.6249076595310864,2.191109899639648,0.47559197050933466,5.889706855364773,46.8263470225873
0.2176878286579359,0.5890322963035556,2.160488870879994,0.32340984783507837,5.872317600156924,43.608060115429765
0.2552322766809536,0.6314227805608127,2.095176486390086,0.31547330499286086,5.829589404406231,43.29237485149305
0.4597676763490758,0.6284668170112185,2.1033811363715547,0.26247063710732715,6.081140345467669,43.25340113551721
0.3214414252120663,0.55580407271418,1.9964521162041795,0.34135195785390654,5.956554901589056,44.232406276577414
0.11013763422888756,0.5582534430538518,1.9809932710526659,0.3557709803789976,5.731194726361101,44.09015247245858
0.06617393550268047,0.48616483729229315,1.9295092610278708,0.3855047827307328,5.6674170156783585,44.74255061240016
0.2366392479951246,0.5090653213622329,1.859146908446839,0.23377853916258365,5.758616137097574,41.461502147937765
0.19640123748892724,0.5261964646510305,1.9355961459083728,0.19024297447182906,5.7389816008800025,40.561500072328464
0.19422018847721156,0.4842405541742521,1.8650602620764427,0.24193998301449643,5.7926725740485825,41.68669681935623
0.1350784953177711,0.5219976532798002,1.879202075556681,0.2383071102887538,5.669325985385813,41.60340574854724
-0.0259007150241769,0.5509824997619558,1.8330140323550408,0.2536607020960757,5.462267153263953,42.6256397030479
0.16673740643686913,0.6262930314256796,1.9373102035382006,0.2268549689834894,5.62454491554746,41.3802037864357
0.09784231014469136,0.6092853552538102,1.9470012165004444,0.20902168805726853,5.591541534833764,41.14583971899487
0.02169523445333399,0.652712823710854,1.883076208245478,0.1633377687207268,5.413690505180002,40.92103087073614
0.22941925056045964,0.5151546618780036,1.9154040238409513,0.18949027309631195,5.7336651792499715,40.490189371574594
0.3217917685511536,0.6167480495526997,1.9322504593663596,0.16491539346408063,5.744268319004066,39.88067699070613
0.15491017584662398,0.5582310973560287,1.9198796049990137,0.27024990539108346,5.640782251804389,42.260132403006885
-0.10342793587146215,0.5174195753872166,1.98845939636058,0.5324346398668302,5.441173272542432,48.5247183393907
0.4788963426931251,0.6272359249651092,2.283644069965977,0.348786901463615,6.092797517399546,45.13569327610477
0.408778684202187,0.6135388524555278,2.3483132712174806,0.32581046237394495,6.050654133753049,44.36407243478866
0.18263739907991583,0.5394278228751838,2.2286380026170614,0.3794209163619661,5.788641060415614,44.55792526720077
0.27085786767638076,0.5203673491388023,2.0715991878007545,0.4398728275173875,5.804041737984102,45.834323967575436
0.2596970864418984,0.5055572543641061,2.160476525932938,0.5395013939750549,5.879855311160067,48.10175955211627
0.4562731008980771,0.6422831149726969,2.2308059366545336,0.46718346997264254,6.031342789029235,47.14719560021006
0.2293169563843871,0.476198374759171,2.058008588222217,0.4321110648822141,5.8298858864301515,45.71267308355147
0.5589229290512341,0.6962999604546631,2.121137973912626,0.24640829542377546,6.01026300508949,42.362097844237724
0.36199092418933587,0.6100408708419482,2.1435507441546093,0.2910487736171766,5.86732573710287,42.80412206971338
0.21496156472379613,0.6280035621995941,2.0826056429215107,0.25733287776029823,5.673948092332423,41.94458882764236
0.0447164712061805,0.7097473475573635,2.0065432814051265,0.3637527811523589,5.458320136132822,44.82260897054678
0.2024959129848446,0.6576692547348136,2.075808134003672,0.39830665695084677,5.685084358203951,44.85209876458773
-0.13670465757472228,0.6439469709392223,1.9850976066356831,0.37791406800320626,5.3562557250349645,45.88324489073522
0.32330107639584654,0.668435605311935,1.95178067609409,0.2168189302507757,5.761473689393902,40.97343764375367
-0.1599491564679243,0.4907307197920617,2.0108831329542993,0.3112816682933629,5.407990785459713,44.19948168480605
-0.21563592850126378,0.5171427285417476,2.01672497312726,0.23648834374926017,5.327779342333132,43.17063881671687
0.07689611080726722,0.5282102144958619,2.1558996250787144,0.2526516041844459,5.668063545619761,41.92802705392908
-0.10157976376591127,0.5016210675291665,2.26572315591317,0.30689990637279246,5.609621720180932,43.24445572994661
0.054793629967342716,0.5737010842796609,2.400641653990429,0.2757971892184531,5.773214948465419,42.4968839206356
0.03818262561437025,0.5272504899947221,2.3218328592395463,0.36014125509656053,5.737794729736369,44.214551595414065
0.2266476698802613,0.5555199575810302,2.2808444904075844,0.29225663012583214,5.851183321857573,42.86883127295472
0.5026202636655195,0.6865970215414914,2.4616403901926938,0.32352424698752436,6.1419830011987315,44.96030635724388
0.12458059327892712,0.5529042656988357,2.313612876130975,0.46347242187193133,5.805427213694241,46.37790145922967
0.24211188860764898,0.623689494181466,2.2663655931705535,0.4522268382786879,5.877566603529108,46.26893007236974
0.16037835281824897,0.5079256418137635,2.234061763798867,0.4938706701590815,5.911983710569478,47.430211668004745
0.2572307117221846,0.6020200027631853,2.1523948604930396,0.22756342319605238,5.832894365610196,41.4559671169308
0.1599032770766965,0.5718859242894619,2.141222792995668,0.341215642549345,5.802833003304375,43.84387841903173
0.0676212368868605,0.565828866583323,2.1838001963793388,0.38677320391263814,5.69875095549357,44.75917729396638
-0.19981551546688503,0.5952484886580306,2.1176765124112227,0.5053311927875924,5.380418007147234,48.396838317853316
0.17628013891864114,0.558365282969248,2.2501779410217746,0.5479376115732212,5.797281275260385,48.074845960172844
0.2810507220673949,0.649691356375598,2.234128649183305,0.3690311205235081,5.881803656030357,44.441461327278596
0.07557384589356309,0.527470506532145,2.21121859649712,0.3411231752376609,5.742580608637459,43.74271764102284
0.322846718696692,0.510601443477427,2.311826862075183,0.3844263101959159,6.055362374203121,45.67219818756416
0.34835449091449505,0.5661262371053648,2.1992519993615978,0.38537316429729307,5.960041525706078,45.13604538741291
0.22064378383438876,0.5167500515228528,2.2025884089726864,0.3768664122889531,5.874215140242768,44.68773525345793
0.12993368923706616,0.4929721424215904,2.2227249751914964,0.4450508721731216,5.832374214449061,46.054890592753324
0.3380279925753417,0.587054999029933,2.28234253111094,0.2800133190856495,5.934381031536878,42.7831252907405
0.23122051389628717,0.5620721784592428,2.362128195889644,0.3154614606436651,5.927046944150369,43.589904379694914
0.10445021726102255,0.5387964265173136,2.338403646801271,0.3715478987045028,5.837910245868478,44.56338610848247
0.2523699849800273,0.5401410089048734,2.2603270551838968,0.4348788562440743,5.98547820271465,46.39248343993745
0.3978075834790831,0.6596837848013936,2.1814374834257038,0.21750214875046797,5.99571991550752,41.773939300073444
0.3409467855959585,0.5232967766612105,2.2921617044641853,0.24111504087264238,6.094552400289424,42.99849673791972
0.2717249724577543,0.5192121254576446,2.198911169934628,0.21527097225967368,5.980833703593128,41.771470516995116
0.2295468748271262,0.6017898035607696,2.149374130007303,0.2513692225154297,5.933105074400297,42.33203363637256
0.4842668607588939,0.6320971760134162,2.2522925746226283,0.27399504334452324,6.159279438255134,44.08351771554176
0.378025351820237,0.5401099399469522,2.2270449905916476,0.4383976087967597,6.135441601725723,47.323078818281196
0.43263159208979696,0.7106183722509145,2.157496660599349,0.3007420219478786,6.05583840383754,43.88750496947282
