logdet,lmin,lmax,d2_bar,tr,Phi
0.06249912000547375,0.5431741295449423,2.020097303248528,0.28948563936406774,5.634844985049713,42.709684002784016
0.1390974151393396,0.5737784544330016,2.024407401837461,0.38186849980776705,5.674925128259279,44.52532254539059
0.45265383970647133,0.6653465813488929,2.0551781036647876,0.20070684213355483,5.943303669057491,41.0803200350405
0.35806138740802823,0.6400271727512816,2.0097475650963874,0.18350008804712756,5.836484086813064,40.42505224272425
0.08238839929550223,0.597402362877105,2.115564513152894,0.26956034058008627,5.644213652249544,42.29691740042593
-0.07704906707871684,0.5270668093860807,2.187072951559389,0.27210045955082346,5.5396244242427155,42.71721371951099
0.21469914806825785,0.5256686645446327,2.207290978128859,0.26833022927764005,5.846564331982434,42.38845056488933
0.16293086393387135,0.46223590771424866,2.344933853023945,0.3783780294550029,5.946107870676602,45.196006968906374
0.07576355224566311,0.48239748419913203,2.2592925530746957,0.3676339104702732,5.787609531781559,44.47330810860498
0.27011800583864687,0.5749985685074164,2.3731229932792015,0.32935836403265395,5.976390657691623,44.152429178747056
0.288383263251915,0.6325105600387457,2.3881312558642334,0.44808576146959894,5.976682431162848,46.57625506968564
0.0318301024447305,0.5801595594554305,2.3583650117606116,0.44050602036201686,5.7565718442677944,45.96590700773117
0.1265850886272093,0.5884435940752966,2.2475297710393813,0.3336338330697093,5.732308138771073,43.6447954111753
0.14931248441526668,0.5682313288444713,2.233230938088886,0.3827931711580156,5.758623877858999,44.651043193573884
0.15472520064004713,0.5503648275834423,2.274306502190996,0.4045486465845453,5.819915871190145,45.16425130817936
0.14799613710240367,0.4686446773919074,2.3750299948642137,0.5379187528046372,5.919620629787763,48.35707417000597
0.38521959628624874,0.538009672594731,2.356380784079635,0.5328376636763761,6.1404980050564,49.53615134596724
0.5418872223001792,0.5585709406886935,2.3244932282943154,0.5701186897349004,6.263965534195503,51.366141418173356
0.2640333627670828,0.5367238933369183,2.2440008815635437,0.46172806714942405,5.9604992311790586,46.84121509171211
0.06526062474912209,0.538365917710384,2.199283067615927,0.3795609684355907,5.67387405082717,44.5748294281619
0.23801568258584793,0.6257397190961217,2.3112475076507017,0.4117907366862227,5.864537169838252,45.39251985787899
0.08924470881088853,0.5630916363902331,2.3527788781137975,0.4422057680938177,5.77293716795479,45.949412768240975
0.06882804646239749,0.48909403704659815,2.1212026695509705,0.3327082438744007,5.676449182558397,43.623112765834925
0.35735277085302986,0.5249100607993713,2.2303391063701703,0.35664556968060485,6.014288963041034,44.863290150180276
0.14593374123218583,0.4483017648621099,2.251270954177074,0.30884826996843473,5.8883395564011884,43.3732947707571
0.03660236177721676,0.45880142062185614,2.216531364944319,0.36530607072683813,5.776980734521665,44.37675792497062
0.12470458060840806,0.5044830791046401,2.1767661966224585,0.3384870566473955,5.812626688628691,43.86166891389897
-0.4095140340443939,0.4027945739992026,2.017932724135004,0.5997259873615873,5.403714761903806,50.47171349414641
-0.397580319946368,0.45454473197873446,2.108850397333083,0.4757759829676822,5.379719526135907,47.99967191547141
0.15940082362413055,0.5806636572517263,2.31118571932501,0.37818586733307963,5.838134796336552,44.716631866383814
0.19052654298436156,0.6214813621618576,2.2943987221783844,0.41323002670059644,5.850577307009137,45.44948588377124
-0.07727138757861995,0.5130836111086783,2.1333374512992114,0.339083174038415,5.535971537572491,44.14911024167855
0.09889393986984107,0.5893380431713655,2.26408704013077,0.4053210440498171,5.744242842663745,45.1528659130402
0.5076787688833845,0.6283577865752306,2.3429827786914266,0.391690371059367,6.1298499235943815,46.35420548428786
0.2804787314389443,0.6202515970342273,2.3422073373764682,0.3261383736050645,5.921899790153411,43.83805721578589
-0.15044638346554728,0.42242572767665987,2.367146819353793,0.5866971646125992,5.677666544866089,49.187805203880345
-0.08505027367997331,0.4750427914253918,2.3833376965102193,0.4522849649971697,5.717626877754022,46.235670157976486
0.2176006219345442,0.46011709865267975,2.4457716424037312,0.43438750577245133,6.020585326883132,46.70438837327231
0.5003327441628167,0.636195046595803,2.435932586041679,0.2793428440666382,6.152167554616239,44.1911642469831
0.11744212225946793,0.5341535316643872,2.4564307147481483,0.395574170922709,5.861399798435499,45.14345905216814
0.0638918786260737,0.5484072307946147,2.2570338700334487,0.24724364599149035,5.6819040805383265,41.83193124658037
0.20121825800773574,0.6230617252029385,2.1234486644156947,0.272993085959639,5.70134929149347,42.246217617281744
0.09974558130858713,0.5654020119076596,2.118204328707225,0.25988559877684225,5.619651774355527,42.13905604206266
0.10270498499833758,0.5468175476236686,2.2318951200685087,0.38386394421715225,5.738888658733714,44.58581639540063
-0.11598976546340067,0.47784187386968896,2.2414105110333917,0.5217412218119107,5.576056417246423,47.7703175458492
0.2496163280538407,0.5518228620712208,2.3110994824604867,0.34633950296508215,5.886461543167194,44.11359784362735
0.31794409104637544,0.6858018832217185,2.344238058093124,0.3433302235862217,5.894847312216893,44.01706872806606
0.3926710005746409,0.7722292934324261,2.3709573970094726,0.3613242168616184,5.974756119821852,44.73048874110793
0.43640382671080513,0.7137108754631849,2.4567928801071774,0.4968268641491572,6.092790938131817,48.33388697697172
0.13276156010912565,0.5626739832529515,2.435972263293853,0.5914869496320564,5.862589183325564,49.295939692433635
0.16008687581112668,0.6364194556574024,2.3328510302335475,0.3790785096158962,5.816132029207896,44.703745487749664
0.09858257196931464,0.653204628217527,2.211234399942873,0.2919261408050607,5.704812548489733,42.784622263424566
0.31808074408108333,0.6775192232134312,2.298974746581914,0.132329435582772,5.920146926852813,39.70592659604992
-0.03168920163141753,0.5436754836346854,2.2553587989396977,0.3377773515215236,5.669704187559621,43.85622614700888
0.02973170732254793,0.555255552737272,2.264482303068593,0.2957344086925762,5.723458408233743,42.93308021231852
0.2107875704349088,0.5752531755883072,2.359936965636446,0.43088950200290455,5.971833540458193,46.29827911770669
0.22752268182895363,0.5767549404363321,2.359622807063086,0.4680919594583597,6.008242138218842,47.29528662098378
0.07553910684662934,0.5562586188646772,2.2808996657364182,0.33827480690539413,5.771326022323155,43.83094552848133
-0.038672258345221366,0.52106112687647,2.209447194344728,0.36889382078292815,5.681682542302623,44.540899128014
0.007599321987068364,0.4907426045523652,2.2435837201747164,0.49179704640082683,5.866427473030948,47.39510676071068
-0.019270881272693607,0.38477782947834976,2.4139771192646577,0.691128814660084,6.01581554178624,52.338076521097435
-0.14479026430787312,0.5244494060525002,2.1710769449224103,0.46824385743903973,5.557022743242752,46.91563643144297
0.263241772847574,0.6119343806154198,2.2304219166459966,0.2651257876863275,5.860920362165855,42.30129012638219
0.4396918302888492,0.5770382992233135,2.248513412594184,0.3270481514387774,6.113908175980157,44.920784837249066
0.39655793257655747,0.5790825440157026,2.2166804290085595,0.3904138569731398,6.0118849424066925,45.49048523394041
0.3885544529421181,0.5616101104290712,2.1572036677409523,0.2692340295395601,5.985140517715464,42.85106920667484
0.6082798233946547,0.6032092927198962,2.173996922614551,0.24091223913272658,6.2158314708865365,43.89205418588042
0.39786244133510085,0.44142058612840085,2.2520839005434583,0.4318484463385343,6.19207295484808,47.935714425839954
0.3629454726400947,0.48584249958403913,2.2558865472496508,0.33359916469939516,6.078199044394511,44.89890263799358
0.3428544205212301,0.49111007108556565,2.236153870824877,0.4259180293310257,6.044026327870734,46.62954736534228
0.34741304031187975,0.6373464481264597,2.199034685157592,0.38151847087599566,5.916189975509315,44.95691793774643
0.20225267199742525,0.6239054993334959,2.239686852790946,0.4240025083336565,5.849886189774072,45.685770955280226
0.1752551955898899,0.5362345133548354,2.245529083367985,0.4879961772947059,5.898322989907671,47.28267838123116
0.41210295574495376,0.6272629846444109,2.1912733550629273,0.33763289468933466,5.993296243843596,44.30811644341099
0.33686383019699634,0.5676034621692597,2.1387285650625576,0.34127898365111037,5.899088917294569,43.976070877389716
0.5145693833119169,0.652362881428775,1.97369574140993,0.2884608749253822,5.935432859686889,42.83514733426132
0.35353103908318734,0.6874831429955527,1.875638876434936,0.20881245095307283,5.778673454269474,40.842475593979266
0.3266247833931025,0.612528118817044,1.8638904700065182,0.27151314924420544,5.776191460930249,42.20165009887614
-0.04048170987096522,0.5882997954931273,1.7941250065372998,0.2517855147838089,5.44169361777775,42.72466024482145
0.22265779543101766,0.7210517278989287,1.8124343710757906,0.26067649123390096,5.636296518492891,42.004820889014766
0.31468689006107803,0.6825679352771136,1.9242265287623919,0.31498212543275567,5.761056098820814,43.08583441760025
0.17511977398620482,0.6737841734144121,2.007343017189079,0.31811913169402384,5.68782030682158,43.23984577075719
-0.025723886330776047,0.5969547745936887,1.9791619529479778,0.45758752810757564,5.580961580459741,46.45952817343216
0.16080351831516648,0.5764745919974644,2.0374956868068588,0.4488797370208665,5.746691634596617,45.99355842613087
-0.09823854223890227,0.40992725136322966,2.05527254277624,0.6580114087376292,5.678240744580654,50.593009831468045
0.1102455349485606,0.47697230242279437,2.096908248959084,0.570654701386785,5.8611922984634335,48.800019734937486
0.48119996547423516,0.5892262758026606,2.1168551997164817,0.4327966664867718,6.108454554194194,47.00141188917688
0.4697594996035527,0.5377989781220366,2.1239702321234253,0.46248147573656834,6.128429936358471,47.80547448467482
0.5420714226877196,0.6023361016210044,2.1622777288997193,0.27663890907082156,6.122342510585435,43.82225684393696
0.6737361714302075,0.5901952206035542,2.207845915963433,0.3014343856096566,6.313012084743665,46.1628297090021
0.645898453597148,0.5753864233165595,2.3064642060962957,0.3656805033426116,6.41707615475757,48.96312171853269
0.4635727400537295,0.5041732112071456,2.0946655493373276,0.3857151706141729,6.161725812450901,46.55660948537947
0.20460741575714897,0.5493305089542635,1.92678571114672,0.2881324355325095,5.738477117795291,42.60042713553789
0.2650979842568269,0.5865761463890369,1.7244075945753656,0.3105703394614029,5.648228429122639,42.931525634452626
0.015922033888317144,0.4993626342501126,1.7918210540985748,0.5442912943060134,5.501072375993605,48.384617497863005
0.18996044853798272,0.5766558086065617,1.7548005088493968,0.31616775857605545,5.572060037567966,43.30239418801551
0.23697679489371543,0.5487762196337846,1.7305470694260388,0.2803296099065253,5.611998752244325,42.43375249538056
0.12148827391169814,0.5208363598051308,1.7822307064130776,0.327586243350684,5.556848900970678,43.68168796455437
0.23339885599740295,0.5497469010067759,1.8791817375734299,0.20075690029113677,5.71679408863186,40.7735496538401
0.3681341411655634,0.7217705937531691,1.7995538807704745,0.196004168825155,5.704285280200054,40.45905080945284
0.3459682816471851,0.6834665894704555,1.9087796635462226,0.2633389157857525,5.778874642545253,42.02528692660079
0.29305241516121355,0.6476350434843476,1.8169285473428674,0.21983134898084702,5.6942309811855525,41.051947408993314
0.3358422660477511,0.6676828358959016,1.92870315593286,0.30808831593268415,5.760982337136035,42.86707675956033
0.0620620215801585,0.5506764184836467,1.8734767501526566,0.40955633571690253,5.542019561892271,45.46893065314495
-0.01982084750084223,0.5250843821631013,1.9411559467016004,0.31374597711782937,5.491346377254936,43.69583015968714
0.14190868601241685,0.4634290720732136,1.8642228979519235,0.3328712959506654,5.732888926487618,43.52532800464834
0.09956104920356112,0.4076456708705782,1.967437771184715,0.5553798730590026,5.79928547440781,48.34720922107535
0.23579527001295625,0.5330192946654655,1.7863028072214742,0.28908883028057186,5.708827823355184,42.521143981595124
0.17245828329383306,0.5089991383758883,1.8500733653674049,0.4253525059413811,5.808647093566661,45.531240611333445
0.36528232304416897,0.5238313540115768,2.0082415095559014,0.511821117520595,6.073132849879249,48.453409896632294
0.48138520021246917,0.5635507674179586,2.0314476395962417,0.317383560926355,6.130709611490383,44.77267823269058
0.5292504772776345,0.6603557151957784,2.0960508003413665,0.26609435435861606,6.121353622717138,43.58205629020335
0.3105180757899024,0.6309243200772581,2.0208483796045567,0.28472986552616514,5.861365656351232,42.64398357009663
0.18515139638909206,0.6178133642402431,1.9501662556025898,0.37460699413490595,5.667983667978245,44.42152839723995
-0.0679745708389945,0.5208847321468353,1.9875539226613022,0.4160479977044958,5.486158654562426,45.97366652133281
-0.058049893547184594,0.48002037945819764,2.008309865885882,0.44662477777797777,5.546675289088576,46.293981546823
-0.04032793788558975,0.6256829840010816,1.9541705532397868,0.4533371895629237,5.458503669220396,46.89521163104869
0.16761663180180575,0.6201368300365644,2.0139854047878036,0.34828949569299616,5.66592165454812,43.88098118661108
0.19944642309023664,0.6410441736501915,2.0562815308683255,0.36355846182972557,5.700330760115791,44.16265472666803
0.14152696636709294,0.5944636849733578,2.051609652098966,0.4474856715606784,5.709131513422396,45.967462049827844
0.10176714122663189,0.587941135610348,2.177132011692616,0.46504970370046517,5.769066300263969,46.43323979841746
0.25502660661592447,0.5576182060051155,1.95749172743736,0.42929883567149024,5.842437525990549,45.72518585334018
0.05482888714359002,0.5612647362866576,1.8664274440279738,0.42556883434286363,5.631902060008301,45.662854450753535
0.3593874600874444,0.6421157766469741,2.0172687365066917,0.3756171329674049,5.957108970818259,44.99119646716583
0.4622355173921164,0.5610859365756067,1.9835618532509562,0.307270520726403,6.020779800899271,43.784603103749475
-0.011445519089482104,0.4582103053170507,1.8723111199367146,0.3721559718664672,5.5933284513778165,44.65996671815399
0.11386400209249165,0.4727608307169672,1.7816334773207965,0.2723636362419095,5.63129356326224,42.34227241925564
0.255317764015284,0.48771794800540397,1.8066789346547059,0.26893505604107987,5.786975117283222,42.19485021301706
-0.21019479871779478,0.34294417001397154,1.7367806057299648,0.588893666559725,5.460958546398974,49.75035598287704
0.08719968200694905,0.4793584001656432,1.9104502340532732,0.24516212788910752,5.617374559850083,41.902903682074744
0.19882593396750958,0.5507229632347291,1.8379447418370574,0.12419280865242625,5.637147418524428,39.21688923438204
-0.0032500605381799996,0.6357025610870831,1.7610137690962835,0.11308381203868068,5.3937029827246254,40.035340314676915
0.3534839371701156,0.6677937248796186,1.7217466695394252,0.0882619432526532,5.6565986448493515,38.2520746468001
0.12084867620056017,0.5734886385943797,1.7339447713335205,0.17456006523696238,5.504772156612534,40.668496403238805
0.3752547994668919,0.6547102356538307,1.6820824815641973,0.18923250797172814,5.68316432206082,40.349579368927934
-0.04894117174500856,0.4949949199717167,1.8381811143176296,0.38238139787200054,5.46019526508984,45.28073539316028
0.573659093451631,0.7046701096839141,1.9391057485711856,0.31871172105594514,5.976855856896721,43.6196983558596
0.5037561130208728,0.6053619519585327,1.9198511902820616,0.2539963728404784,5.938098343352329,42.132903731625554
0.26088215489911115,0.5419148731918628,1.838591485405951,0.24634439844559464,5.714946433679138,41.60833701927841
0.32211379547815544,0.645959191592101,1.7102503632685149,0.2706116437877635,5.669544012457472,42.05985203337145
0.37326426117683725,0.5896635900562769,1.7705396544968375,0.21933311149191823,5.782314548567344,41.02414409419752
0.509368987035238,0.6837452363823678,1.8446201289208832,0.18104041937285795,5.879722577676848,40.32415887091458
0.15563969890614004,0.5728101640974782,1.8965906431518373,0.45227883761811355,5.697512756332261,45.87027008690639
0.14540960378125078,0.5295199625627137,1.8750774318468149,0.42591461942519754,5.594543801843324,45.53672777889111
0.03183849419937468,0.5517980263032132,1.9034376192953935,0.43903542498077575,5.484735563997859,46.21328832888209
0.05702031570285071,0.5727357699542993,1.929445332887897,0.407741991357762,5.533873446590926,45.411678464141616
0.25488530511188356,0.6005223208433228,1.8008791229684369,0.31217079582797413,5.663370394170519,43.017977140977166
0.02016342262738724,0.48299984082888986,1.8304709839017996,0.30344168244497194,5.564023089808918,43.259941764358956
0.12900237034340645,0.43552353202532884,1.8578930998527678,0.3851054395458535,5.76031934012231,44.764888668546654
0.2656746419888332,0.5429031731555385,1.821959408144543,0.19364479508302138,5.75050178794573,40.58050403260676
0.036625559626798476,0.4953724362436956,1.851055366709896,0.42236623224243763,5.5683624325851655,45.71860172159999
-0.08751451323078796,0.44000727242654963,1.913708106658324,0.47887045687332774,5.517576787726159,47.139444021154624
0.14797145125470035,0.48490987194345325,1.956008536481056,0.35290906690803164,5.747187147766742,44.01674683540413
0.20104803503104196,0.494665900918387,1.9756770170579352,0.35234116447539193,5.774966993679925,43.9981783870393
0.14438961343601042,0.47812626047329926,1.960088083649545,0.4195539578414811,5.740283234489752,45.366378651990814
0.5168669759194626,0.6009565061007333,2.1023201580516524,0.30325002952148084,6.050395423957158,43.81301367405169
0.6503231933208107,0.647445105925609,2.0620786938953684,0.3544579009749032,6.139584071712015,45.454199647546815
0.3779855413339798,0.48415041601639736,2.1396381792411376,0.5694700895713248,6.0830010367704235,49.782163444780394
0.3627627559251376,0.49026768550676325,2.231413628506946,0.5539021085961907,6.115152203001413,49.710577292783306
0.49051133748813336,0.4661751547932287,2.172451566915165,0.38814859882696634,6.191078727630174,46.80046887221111
0.022623395811703473,0.4318714042865817,2.13919943478409,0.31620178212474387,5.704429383709626,43.3194281329918
0.04418419589884803,0.4581578439124168,2.0788770666312852,0.3537753952509047,5.6772741432821,44.09984189699674
0.24267204941578835,0.5054007849050671,2.10217353678863,0.37478050461350393,5.851888453099899,44.58633631512993
0.16692565155038097,0.5171321042649368,2.1716464706008423,0.22772489612975536,5.788291822554877,41.467038693840415
0.13970978927748468,0.5130840583043904,2.2459759240801263,0.3090425455031132,5.816434512168355,43.25494018001965
0.18386385463576316,0.5479808087950744,2.1231453093817954,0.276047062320995,5.779627880975221,42.42497024938411
0.34948407379548346,0.6347795053696187,2.0230197877316947,0.22172247599293932,5.832135869336338,41.233352626350474
0.5087942492416756,0.7323282881282177,2.0488210408056142,0.19568412236367722,5.953101791540671,40.97234734733507
0.29838614167314376,0.6851290885353434,2.009454750342452,0.22017569598616243,5.743736715810758,41.06265409803678
0.22671341868375544,0.6474498942154849,2.010267373313185,0.27502733575881777,5.721238124069462,42.32731270658191
0.08761106498190974,0.5193720405723902,1.8662981968079284,0.22930702127426883,5.614086462861317,41.50170463222297
0.12881167196348287,0.6497719807586685,1.912323881140296,0.15993415288464197,5.550470412149233,40.147630194902575
0.2966137334054876,0.5871514722916574,1.9331182935460127,0.2793947490579237,5.756376647887722,42.26630535343574
0.1867688023753955,0.4840562891203635,1.8745356097046573,0.33156898837292287,5.687085542229422,43.417622630087045
0.2503740839458735,0.532440780962522,1.8774580999076464,0.31823789161848237,5.765514305981991,43.11273990905793
0.33468707380052193,0.6183411160715474,1.8233931371513152,0.30550883257556427,5.771385543795784,42.77774502285969
0.22505300485713114,0.6572942153541838,1.5212457876076444,0.32464841087880025,5.508608571998755,43.64097363542802
0.1269953410258282,0.5917583543792206,1.5064390330735684,0.3523889284760021,5.467788186651324,44.47747303307829
0.23176397229282014,0.5848013495496529,1.5170492496294845,0.36765306024876165,5.551557362164522,44.340953427468214
0.37205802947726435,0.6777733387782979,1.5728751991175898,0.36536885640665634,5.637364632637467,44.01171091488381
0.12865930048570423,0.6369527609436235,1.6995851230370564,0.4151275407278817,5.47581191946443,45.80832394152158
0.1839239731545272,0.629137274512443,1.6593693081256962,0.5482796255103609,5.497728805777619,48.43380724090686
0.30586811204052544,0.6278542425944268,1.7018015691469957,0.6258852818052659,5.633497333940877,49.620926877769975
0.08956523039904629,0.6091788133767458,1.7578658717762798,0.46570589129148204,5.439336669036025,47.02453535002338
0.1871132790275204,0.5338584029399006,1.8854602895206325,0.4211143653809943,5.6857070637436316,45.2867512212402
0.5192124335937054,0.5769919811278574,1.8794034326627416,0.3070780081494284,5.981351887758391,43.410573635299414
0.2652027972097105,0.5168782102569227,1.8219173009919043,0.3165526480757442,5.728723512571798,43.083793178425516
0.18270883926486492,0.6429553937606591,1.875788401993695,0.24760142616277725,5.595235787330254,41.78258532048473
0.35249761650676575,0.7064302438124465,1.8601238423999045,0.12936830973420854,5.73327114151436,39.09905585349638
0.3378863386309769,0.6936497152848861,1.8872041539251883,0.1625249896910064,5.761428000740813,39.84585022420132
-0.023049979985551472,0.500004204994504,2.047463514008857,0.44730843117204516,5.663485336461527,46.092241212776834
0.34751813918430835,0.6055075190727185,2.099426204080558,0.23824273407090327,5.943558350205712,41.9668572172627
0.3435574146550911,0.5719207419215374,2.0602789470812652,0.14917129409688085,5.905433304782459,39.916384311848844
0.4370347569534178,0.6168825830724181,2.0054932067459115,0.15879055386106958,5.934785952521025,40.17735240491341
0.24089017044489758,0.567158801504465,1.7542412904345628,0.16107556795450356,5.653934769870514,39.872513904374635
0.23680459783229807,0.4847904983247676,1.6656964438816897,0.3538802874585667,5.710604182321989,43.88983468211465
0.17964603747903118,0.5566680671728179,1.6724262804388617,0.13506629019299962,5.518630157294197,39.68830331081499
0.1005272428884576,0.5734990853319539,1.6605615533241203,0.13725019437221175,5.426398202473973,40.22499092706947
0.19244919291160145,0.6027173005873275,1.586835232948884,0.19430333871228275,5.49376051793495,41.0010750973954
0.3724092755107975,0.6679328300735371,1.7996411702551531,0.2820704520469606,5.756113767847552,42.252879789445956
0.5401332219422214,0.7440676803221378,1.7359579238847176,0.22925174646672497,5.844899551198649,41.19793648310111
0.3460331120418084,0.6193130672710466,1.7383640686390216,0.27161178099223005,5.698738904971096,42.07151095763674
0.4243094664822807,0.5674059448014086,1.5868254875745982,0.37088269553049025,5.757742098155615,44.10373749794025
0.229754160155222,0.5145595159168492,1.6716921637001365,0.48674338305682546,5.670772929861942,46.63179008106615
0.46303729123833154,0.5982820025793391,1.696480382175984,0.5166267443579521,5.846077269764844,47.22207091645927
0.20688976524115138,0.5309775783087859,1.7980169733586568,0.541063690794075,5.712998072651495,47.797964012939275
0.1400570861266996,0.5231508312490439,1.80038175621141,0.5460050542563677,5.6525356369016055,48.03812925950032
0.052683516137291,0.4765562813477524,1.7199556992995562,0.6061026205067959,5.6092918483956415,49.41592680493129
0.24740597105473133,0.6744291091123086,1.6264891705230657,0.2640559878443579,5.558216873770075,42.20846455409299
0.538938719643635,0.7517592155170979,1.6769960214095845,0.3035298044925884,5.831388294112298,42.70612102243847
0.1632504742499271,0.5652968735238507,1.757187593644541,0.28354362328585014,5.597184030906091,42.64049116033633
0.07111968113062617,0.5563618659725191,1.8725442486549122,0.23322374704677418,5.538019241877155,41.832596426494916
-0.056234172378718306,0.4882088574931438,1.9034652339540785,0.455607566607625,5.443086053067337,46.895710555598235
0.17331250283561134,0.5500205852838789,1.8947663515662378,0.2720448652106929,5.654416097054389,42.37270823870032
0.5187398952295745,0.5758547818432752,2.1277137473339782,0.3570764428839042,6.083288904974595,45.294323930611114
0.4268973601808158,0.6096173061116237,2.112887548521945,0.18882732622976203,5.93886560598804,40.93413633201548
0.2974869407370684,0.5699075224365633,2.0785411586612,0.14968247953450628,5.820281080314883,39.72019892829373
0.26144539492089675,0.5039257178797844,2.082327066405737,0.2107503176699283,5.907044141148887,41.32277687756535
-0.00862290864275883,0.44049478110801327,2.0931799759041883,0.2879786440905242,5.707818137611084,42.68260039070438
0.23910265304729472,0.5363797949848177,2.097992797941509,0.22740771996354212,5.825670521266691,41.433374465867686
0.4907612294926965,0.6463487665716198,2.179758979651484,0.19874981332742808,6.0216564216852415,41.49970504119963
0.5350122595705933,0.6917583685439932,2.080565589743657,0.18358795364405686,6.022010474546896,41.14188890028495
0.43252185577308216,0.7074071110225262,1.9503929643857536,0.20522497339433163,5.818456049327622,40.78976166194085
0.5297839255390893,0.6960704804743028,1.9589812680172902,0.26122553816450567,5.936522393171865,42.28837779140183
0.4309347985257574,0.5961421719609918,1.9792519266280095,0.3301400682152594,5.948560754493576,43.89487407069786
0.10495624586101893,0.5556801841301741,1.9554696125711606,0.3954149981488607,5.5988920371635995,45.044072439736084
0.11159449386786557,0.5737335914455484,1.9824756372009071,0.47030144069992436,5.643791237690582,46.542130933799704
0.5891761220424494,0.640484893368777,2.0816795510533286,0.35457939089311435,6.073246520205573,45.02131839603514
0.4583938564178525,0.6025393056637606,1.971610731147659,0.42026809573903645,5.910713201397663,45.63275069067499
0.42742529625060044,0.5990219149881897,1.916162681125503,0.34652225917379376,5.850025755403069,43.8647621869035
0.23692370731752038,0.5510907700584645,1.9055665205751078,0.3425028599669391,5.693012176214745,43.691198434237826
0.10323087073121257,0.5151979119650193,1.8268803432087126,0.3383130812447361,5.552350289919259,43.93831773182267
0.07161896122538769,0.5711889005639975,1.7755658952186084,0.4215938538394048,5.48059845849335,45.913512455043275
0.10695623196565401,0.5546198072671539,1.8021541561160073,0.2922196451828785,5.54404295600432,42.9309378596549
0.26198783462425046,0.5541240363168145,1.7759113731343472,0.2662680425996928,5.712195929600734,42.024168782105086
0.5213704685307374,0.621588409589645,1.7718890631046653,0.35209157843030425,5.90734824984522,44.021927433341354
0.3283333264238141,0.5349458538740801,1.7680676091802694,0.4855770428427861,5.818314213260868,46.72230853241392
0.6281586469383397,0.6310108063386816,1.7777077189983956,0.39637949725497884,6.012604726655588,45.3579745913947
0.2747299829627486,0.5390641206667515,1.7040400946826133,0.5312369301207622,5.68346701428963,47.50892263605901
0.3210077769967073,0.6204012906818018,1.7096157928195086,0.2620072151677001,5.664538181415134,41.89176193007531
0.08512597553672296,0.44729800316709156,1.7633004094471898,0.4617237093912704,5.578513899407719,46.380604215003004
0.38836656873750136,0.5941785748488582,1.7029340041386667,0.30926672912102815,5.71397295281741,42.77511347424369
0.4655605306202603,0.6559127951434448,1.6431896241030288,0.1991591631183413,5.777273797538709,40.48029358201665
0.2140036752007765,0.6595038902582592,1.621523346149416,0.25667209132130286,5.502461489984454,42.24393249061748
0.4968769368510204,0.7082401214327071,1.640112571318571,0.2794325359284055,5.772528441066301,42.13914828539645
0.4618553148519968,0.7367518810519569,1.5929160833307985,0.19722357581638494,5.696257342643385,40.385488852883505
0.290116695701835,0.6524402565771699,1.7664033266351415,0.32537181150702255,5.597165541042759,43.378233794180474
0.31545340224504603,0.6096198082692151,1.8125558974963427,0.3565888046922692,5.666930092464643,43.93268212764917
0.06472829813534642,0.47290625416837023,1.8692930199427,0.4714585473468986,5.565231773045932,46.67776533092818
0.44577072531222,0.5950442453436886,1.8094234528876456,0.19435700559092747,5.81163210896578,40.49038082579128
0.6661546441068082,0.678950655918035,1.9127019457808299,0.2514366336302991,6.04441320975558,42.524587817953126
0.38184364904068613,0.5083317870246506,1.983838230382232,0.31986643838668816,5.937137625365889,43.70961375574348
0.20925419100793552,0.5169075314206609,1.9920020634690754,0.3997577967822098,5.763036321041492,44.983695290534975
0.4663419276862361,0.557858249609257,2.0146717299281987,0.24632491006718377,5.992008458047795,42.349039673573095
0.2996289975090841,0.4505132718930828,2.112742555843405,0.3877552864438501,5.977726177478836,45.42293787668415
0.43982024998476793,0.5893443289397164,1.9883650083487043,0.17815630242225114,5.936007423570624,40.61894951946676
0.3383156156586573,0.5841752431022748,1.9979818651760834,0.16941203382152242,5.858080083452364,40.20378632548591
0.46372348431657734,0.6418262546071886,2.0483905889131218,0.2626346581051426,6.015037472430576,42.77905988753817
0.3748344493686676,0.6789476953048741,1.9603493058773374,0.2695365055093038,5.873955459954412,42.361404341084466
0.29961600432386465,0.633858948838553,2.0394948601526917,0.3769150965551514,5.9027100515089295,44.818854200169
0.25214294759395445,0.5095872803052671,1.9758933630378477,0.351428891544821,5.841696525448333,44.083857404743775
0.6366207924807368,0.5679523004121354,1.8555680558902052,0.40540641352027806,6.171685145113307,46.850546086551304
0.4530148674101193,0.639677597691438,1.7516417269898223,0.2609328203260128,5.923418732491819,42.24762425090425
0.45531487282104044,0.5487297008326494,1.716874534890185,0.3042241076006469,5.935576906309456,43.19941275973754
0.28815459741519106,0.6055413665081787,1.8218109160897757,0.3647738202251985,5.81702748249731,44.25557340338643
0.15976143421520195,0.5231975970757725,1.7734985697304924,0.44590966759525136,5.759207509254006,45.91964326089374
0.1848033270732644,0.42096727722279254,1.8264353297710374,0.6664610557493209,5.94031740869114,50.95934009587736
0.36967435844025776,0.5679515509317903,1.867305589348467,0.506982717014295,5.967437156768753,47.62217840470029
0.5359517817130075,0.5661640350501452,1.9038909758318352,0.5800314631700471,6.1421500731679615,50.23511697976314
0.23142042332642077,0.5416768186852677,2.0040442531739164,0.7097269410424493,5.924106734784139,51.83754019227443
0.30307973505891217,0.5225569148234379,2.026223438603173,0.6614513749025455,5.991794277268254,51.07320378650261
0.6236934293203609,0.5754637249602059,1.960966788136865,0.6378533243379662,6.216718819778631,52.087926333171936
0.4226843220412926,0.4838530293747713,1.9580035762859902,0.8482807527222531,6.147251040091418,55.94975790706719
0.43186638221368456,0.4889931520471549,1.8134463876022948,0.7377638259116611,6.049264966336232,52.846746136399055
0.4906720800422151,0.6301012410166019,1.7638882933666948,0.48912519270485205,5.945880959905839,47.06695697207195
0.3728131935773442,0.6587560416217038,1.6997796090584503,0.4821588286951449,5.784779581864366,46.445799483101894
0.10759844342026903,0.5506004776232598,1.8308792410330188,0.6216938500765256,5.687534425985917,49.56005122414526
0.2112103457697092,0.5682332836202273,1.879300596640222,0.5261346091659136,5.845977564857921,47.792475089495525
0.14105806084157235,0.44967815470205363,1.9752825003965802,0.5148681104101097,5.795158765382374,47.40050944939113
0.09218277484797599,0.470836065587009,1.9357722866845113,0.3540650975202747,5.680795225712439,44.00681408494471
0.2728320243999157,0.5535102493862866,2.025112417621638,0.30494255263118347,5.765128898454248,42.882164306528054
0.443199775945177,0.5930819348826192,2.0935025422897136,0.19642469221194758,5.953554965351369,41.05505850675405
0.2872803941127351,0.5311150138293775,1.9669650539774928,0.2302970963257519,5.774052537235487,41.29544995988032
0.31816708316517084,0.5571473795584624,2.056220768419103,0.32112364742996685,5.8528184124403815,43.32132803717577
0.01576957871340945,0.4425078318618412,1.987224762179408,0.39016893991951346,5.640296146357434,44.83416191732669
0.16224508458902132,0.5205173352442969,2.0986213766627424,0.22326003745814532,5.766411868204068,41.237352273939884
0.18402775667947358,0.4817442693949956,2.203154996607802,0.3659193067403205,5.916075888190141,44.60865459862637
0.19245395468450477,0.49464677105245336,2.1900292562097396,0.4074004975962461,5.905991201721323,45.443778041448276
0.22674994349143324,0.49978917666542544,2.038228342409859,0.3994104076829494,5.846672978813232,45.011765603693306
0.03751558862195925,0.4523297249521181,2.09767696006437,0.566048378148515,5.691849435410121,48.412365159632344
0.1841881549887956,0.6058787274982503,2.12800859921217,0.24822331172932716,5.69073363860068,41.7453682966888
0.21159804631657997,0.6038804747915751,2.114047798664445,0.31071692524367706,5.725489182074472,42.99748585838105
0.24969199069443282,0.6038211364141416,2.230684201551182,0.31335114566194894,5.814494058345075,43.180988767608575
-0.015016514368845546,0.5787346307083058,2.236667229035861,0.35576713087925543,5.575402991291451,44.32709672028633
0.04633687867347647,0.6683661345482211,2.386544943631484,0.47209103132613695,5.691929353977449,46.55660174336615
0.18256039690440717,0.5748983347156497,2.2580417058946565,0.4220137005757301,5.788760666878307,45.38280238858773
0.19614857296104227,0.5515252228007369,2.2177958647531386,0.2505299697466864,5.8176995845292785,41.907499571028396
0.2239020678045468,0.5312305042507555,2.1113963298065226,0.32062878019143737,5.823894992493584,43.36739990446245
-0.0002366335023059607,0.5024333480384466,2.036278729903909,0.43486761415824643,5.601996674668618,45.98839042819828
0.2741199585099739,0.5793855222585578,2.1015336464393606,0.2747628769081712,5.804011898819109,42.25591246577471
0.3810003099401349,0.5173308767030925,2.047909632646406,0.36307240323454765,5.97839691919723,44.691544807129524
0.41367567898081364,0.5552143231758803,2.059298560280316,0.25915988468897017,5.984901228272593,42.53015902565614
0.31815965332987495,0.6063950262343273,2.0958834961377293,0.205108984616351,5.851204202672243,40.89819453085716
0.43500295712812725,0.7137292248865271,2.0087032089742176,0.2540260955391225,5.885621137218561,41.90592750225107
-0.022453512439066348,0.5102232522163882,2.0331709660081008,0.6216073870266087,5.636583023272462,49.641489926905976
0.11226334537955485,0.5164546162285172,1.9627371851423716,0.47527405373467624,5.6776266966147855,46.50547472819521
0.23503147440829236,0.5716727011508204,1.9306473352151539,0.3452245519951739,5.7244605459644005,43.74025968497113
0.12340985446004504,0.5185255233493913,2.009048902157893,0.3250088769057804,5.719936248054934,43.40655542364775
0.011482174566849856,0.4535851767760965,2.108376228851044,0.4929893512408036,5.765658918453596,46.98311677008731
0.4491097014441509,0.5890494878196768,2.2225772175039245,0.28057612077742555,6.09561084973168,43.754088763334764
0.5946205548761605,0.6597505263261942,2.171005761257592,0.23935859138581358,6.1583973792288305,43.29497753180117
0.16479223278837962,0.5793118848935455,2.238613530422894,0.31016866153847855,5.807086592834668,43.170847233769436
0.3068464135063068,0.5754232062575885,2.080891719378478,0.2798453669907964,5.8911878309490335,42.64806590151257
0.44823263821236514,0.5850391166475847,2.120555681094936,0.26979784621079284,6.044256363353696,43.08178702922635
0.2430535419266342,0.5278908948726768,2.1070066344339713,0.24657281758773322,5.901970951200198,42.02039082009219
-0.1991667821317925,0.5250053537583687,2.130098900936952,0.4804241781620137,5.508595249263946,47.266124789117136
-0.38248058546335517,0.46952860889282816,2.1793006570700273,0.485699601446096,5.382946985998456,48.17613427597459
-0.0038017421010894115,0.5085170356627875,2.1875416877091163,0.377053903293629,5.69923737743397,44.609830496608815
0.10614311977382684,0.5347175737364233,2.247168573826214,0.3567406827798528,5.822358717969665,44.28819291729712
0.09340998973579329,0.5216137377000037,2.267041617068549,0.3816178750825332,5.789694105202249,44.785930634056896
0.401173201910493,0.5641317908018105,2.3691361847030334,0.24430576715830538,6.085108685288128,43.00143192652161
0.12739715650041838,0.48520834344976554,2.235472322730876,0.45841108979080775,5.852337449017438,46.51372703140957
0.2674618929367666,0.5824654405699503,2.307595212097276,0.2967985598525079,5.892412262690033,43.1081637865176
0.04255672547557632,0.5304360546898242,2.1687943691532228,0.24931651210759503,5.6156410378649575,42.00131946479882
0.2740189580190773,0.5634536162086252,2.209285139320441,0.27454028758202476,5.870596549108429,42.52009072342197
0.4841765734782387,0.7097054627402569,2.318829718623209,0.32754870513515705,6.060026623179421,44.53637527633273
0.21029612806226117,0.6411928537754205,2.1469235654751664,0.4617466391191007,5.73017587885027,46.349031889134174
0.002805313012479771,0.5406568785538683,2.0842013125696384,0.37724794594845906,5.573267831225372,44.799064071035666
0.2602635943276215,0.6208155666876208,2.1279739986207185,0.19906224027804775,5.797159812294617,40.80830596974386
0.21872766487366024,0.5785352698092177,2.1352063784797903,0.22924722372954978,5.761102365052422,41.40019186222717
0.09610394468470118,0.5777820742888818,2.129661353827316,0.32785659581027776,5.672409655118548,43.57162958690212
0.11103550172822463,0.5294338427738331,2.209563885831769,0.39215854479454965,5.774515340443852,44.95912483714578
0.23566550919369555,0.5252161097387211,2.075604976404193,0.33669005187029943,5.80125324574729,43.679218256147216
0.37140226863253667,0.5402517032094393,2.016686394805883,0.35461674770373763,5.914380150203891,44.25879920264886
0.19206340034680425,0.5234131700665814,2.1364422495046216,0.35047438426963357,5.842033773454272,44.07416942278361
0.38327042356331964,0.532328986716942,2.2624542841621778,0.23775197052779531,6.086093458879811,42.90496398867679
0.3564169206982542,0.5869019952004625,2.0672411877456476,0.19608468087516212,5.91937704229109,40.974983530217564
-0.004693744667658928,0.5721038895057974,1.829332529768829,0.2360120684285817,5.476120258331927,42.07934914020219
0.21620342353128796,0.6594545753991489,1.7088568906651183,0.18114581797602056,5.606248437297458,40.3753292175108
0.25519147032744166,0.5901477842450458,1.6975551375125788,0.2679006848809028,5.682751904339945,42.06697016949877
0.6241324698636661,0.7345377604852484,1.765704468662869,0.17317360003068769,5.958807980008706,40.43486909674286
0.10241613371008318,0.5825549255864761,1.716131892881208,0.13547952178999273,5.509619712114039,39.85563179178437
0.3179451350485033,0.6260866448445379,1.7215432456343749,0.1346087688669619,5.691550785230499,39.31328499207415
0.11608360285298813,0.6236778324873139,1.620255946539338,0.2291707543311332,5.443218008891238,42.07721450871472
0.294524385641452,0.5629305573909025,1.7199875318472397,0.3666967805001239,5.7449252627611145,44.2045694313403
0.25663947754679783,0.474984413887794,1.7579463280375556,0.3836499812883578,5.8205832770628465,44.726739517697965
0.05777288859022056,0.5508907560433567,1.6910824156805702,0.32791128298155836,5.5428915726286645,43.83627284859935
0.26759677042208124,0.6962266379989155,1.7910637984166962,0.38631304950822076,5.687193713808471,44.571138406376555
0.47220743607385657,0.7248490701457747,1.822983833381569,0.30909325608213395,5.8920392224013085,43.14402317488882
0.642084546405766,0.8370726611250567,1.7519948965142256,0.19378320712246888,5.943697090044546,40.738004176318654
0.5052494546674864,0.7263255863229561,1.8912029680842224,0.18062034343725356,5.88273227929077,40.371537510011564
0.5656326935396504,0.6856731778133642,1.9009851733255914,0.2522940807306952,5.951647613144229,42.083668811229764
0.6609812039312002,0.6400126109951806,1.8878951287715164,0.39302469270827234,6.06687361783362,45.636765517931345
0.33810950482845903,0.6211430023743755,1.7332672247521712,0.5141431145362182,5.642998532217578,47.1482737695616
0.5070377659256842,0.623527224607976,1.7350174073119584,0.6037120532814563,5.843690211862108,49.03194669458512
0.4119624751717303,0.5730454284299363,1.7588224370402645,0.30985516348481473,5.782196449197433,42.86963698868119
0.36709616495744624,0.6311441203021309,1.8978829925625216,0.2746331484526121,5.793596633192253,42.23021706161332
0.2648847161140609,0.6307882923324126,2.0054159489573196,0.3238537026373035,5.764764157947412,43.25491251809496
0.27201073153983835,0.5597823795698335,1.9545332030472355,0.42227031644503127,5.842061686312783,45.42626088824959
0.505047746756358,0.7020499199022395,1.988367116328263,0.3319937190169404,6.010608205281192,44.150683606094745
0.39040077487330416,0.6107205367657303,1.9678198576698742,0.17779532985082727,5.916965672298188,40.54978686362678
0.020186466977411555,0.45219543657277006,2.0351801031721983,0.3606936845818283,5.710748003147655,44.207534944591885
0.19310882854446776,0.5545986424666441,2.094284106036039,0.17840639660246155,5.753822820936298,40.32089938472784
0.008215263506921144,0.6237739528950942,1.9763340767701703,0.1851722952376113,5.492655215195877,41.011455429640975
0.36557344712604734,0.6574655554043277,2.220600172659247,0.21526517574814508,5.992972363206581,41.8175205902018
-0.010393250723610525,0.4657041972175536,2.1990341535562585,0.3116948867001937,5.7243688168649065,43.25042660133878
0.30434950490444523,0.6076750507102284,2.176073837866822,0.22997416282588634,5.900171149077231,41.68753645363966
0.2201405117085976,0.5450534048415433,2.328143367683711,0.2932936747557967,5.972487943308771,43.39956948254837
0.42887201477626813,0.5993447720454307,2.1376016711969252,0.22946545404334495,6.038789852029547,42.30452186570444
0.48063409193926154,0.6411722800956662,2.005358066998231,0.10173320328918212,5.972618410303603,39.18175042086877
0.41153482718112394,0.515308486156641,2.0143628922207166,0.1817792446091736,5.969321642086016,40.90798296648895
0.4274041359235779,0.5431734839225002,1.9642960168656158,0.17044294555992062,5.963931234528056,40.65048037142895
0.3224710833627698,0.585503170354056,2.0392058120895777,0.21045736830984688,5.886539591567115,41.28591793086266
0.2240841825727098,0.5337594443409048,2.1033374168181203,0.21826789003581734,5.819444458367658,41.27671087692382
0.1605751211839177,0.5348402672904778,2.1463372134970222,0.19208260900337318,5.740382259215517,40.62187210227657
0.009153905532824913,0.5850280899183891,1.9884697153791904,0.21665245829050025,5.481714530272368,41.68559848538562
-0.005539570133488048,0.5204561430881988,1.9538974107643872,0.29129199460192545,5.510210000523931,43.17248722335417
0.21302514882333068,0.5864683021495185,2.0015397797098524,0.19102156628413916,5.6748868952560345,40.51754591920272
0.0890277012953018,0.5562040671437122,2.034793135193346,0.26091480712828913,5.57919094324305,42.21075020614429
0.16086829483248222,0.550135514326743,2.036044094587302,0.28074035532579966,5.653499851733625,42.465595715457184
0.10541281289564652,0.48785975775772805,2.161002818697858,0.47057497582839575,5.722365441879442,46.41478131662022
0.302265750436535,0.6129803822058634,2.17037775412607,0.24522734371746072,5.823176187076115,41.71134537681848
0.3350348419619972,0.706088666043416,2.0191302467207284,0.3032792156109296,5.75387309757553,42.78232484716241
-0.0504765891957043,0.46970070851915485,2.0765710498491172,0.7686725514721888,5.547256785327549,52.96131987899221
0.32386436440473004,0.5930836317343113,2.2521141169622636,0.4036727394162387,5.915253889324204,45.25743639379712
0.28160818350139427,0.6503833112613973,2.1839516985056022,0.29301502806312296,5.798989257577688,42.619625252583134
0.040704000143465535,0.634826313918544,2.0952873033320456,0.28292540015009787,5.532081031408548,42.8305405608173
0.13665865621940376,0.6811971608896864,2.0225907622405663,0.3317923734358083,5.550326578435176,43.747199513973975
-0.0231900631362828,0.5159308767628564,2.0039180828960848,0.3867678600949858,5.495989330580597,45.219176381523084
-0.15830083998052935,0.4910797304712351,2.065682516923434,0.5242804711800493,5.419368776600861,48.52654269779001
0.09188091809455678,0.5526283925225538,2.0361135532531005,0.41304645388880534,5.618822221670976,45.345670913855365
0.2511934465373284,0.6193995551878304,2.0537290972223,0.2840116310850271,5.695812485593593,42.499355863069034
0.3145930178999773,0.6094511817290232,2.0878452307043167,0.3022734943853345,5.797092801525128,42.90112755414249
0.3444745723989059,0.5986607402838722,1.9920164583400628,0.2656186427170457,5.79691090359569,42.07670833994061
0.35397657272705846,0.6257701638626825,1.9104197863441865,0.34055005318881904,5.769991922738868,43.559865622627576
0.10243550842313831,0.5230872711991845,1.892063291202942,0.4488686082454447,5.561257579326216,46.19643600964145
0.08864913764849025,0.5907491708065654,1.8577421961590832,0.3829022565636136,5.465972527508157,45.15162706464928
0.32655054892169955,0.668482418575217,1.848296876591039,0.3304345180994688,5.678342625185368,43.343397663011054
0.1475006165340207,0.5620587537390631,1.892386476794063,0.3029015646576285,5.593362449212311,43.06480855692313
0.1426121109220147,0.5091724727255085,1.899758408193809,0.2890298758737592,5.621920317096259,42.7144293479019
0.21084146228998868,0.5559016986447886,1.8945454405638475,0.17354295002622405,5.650896769695372,40.20107031180363
0.22002885290821556,0.5477872323851264,1.8419703026673548,0.3244469980019649,5.653902024256862,43.327102349269666
0.7353787131170058,0.6273587726742555,1.990503895633113,0.42244073999895415,6.216696009132736,47.47864838678698
0.5651714766204632,0.5593458490871942,2.0571281931801617,0.514528654127449,6.152333921247132,48.99604823149519
0.2935844827433689,0.5267368977506287,2.0528920144548235,0.4366052855787787,5.917760188170137,46.044981584225646
0.16314720208990285,0.5495716721846778,2.068689014258836,0.38068210748721276,5.7625960444052655,44.58436098156479
0.1500029462922895,0.6127364832055715,1.9440877094994364,0.3427161860457805,5.636265656544907,43.75953106953745
-0.05049487035750244,0.6580595747205025,1.9136289527841885,0.24991585623148943,5.36960822407834,43.01716379770323
-0.019363082562552814,0.6359232048341702,1.836801643688215,0.1991367960776347,5.332925541069873,42.198306077915774
0.2624280969742082,0.6291981426383144,1.9513837100761353,0.30895377072598673,5.678356106976947,42.93697302969305
0.38043313314735344,0.6048817584803593,2.0727419909264526,0.28447965845584294,5.87229139078443,42.632732834741226
0.30387940488145776,0.6300397118857575,1.9753481575275182,0.33786667836123846,5.745580110354463,43.499209858301114
0.4314935879890164,0.5825840925813269,2.0570602205532977,0.30647824275915514,5.927683263462528,43.24381255505782
0.23963843268257612,0.6191381238865017,2.0888563842309997,0.2302130941917426,5.710366395584843,41.321855220932676
0.3944828154142875,0.6171626916070728,2.0750813024591204,0.23500655356086939,5.859685345208216,41.54284946283347
0.6445168426981251,0.6942323329673202,2.0791114720159323,0.306209192476915,6.128716910910357,44.30806143699946
0.5431649399773076,0.7012769154802048,2.0713638497026152,0.2530945673435766,6.051394887368197,42.693664020029594
0.5854059136445497,0.6544513923837834,2.0247647669523094,0.2153729600944656,6.065282038271809,42.01618183537554
0.42701467102775315,0.540151531105451,2.1277624132577855,0.2978375992515777,6.044562129974561,43.71866336183852
0.2766318221562123,0.5962626876306587,2.0487716864564427,0.27873120840344046,5.794730273218361,42.366035386647084
0.1576589022520613,0.609351973854095,1.8916951523595658,0.24386169942534272,5.58930188585536,41.810678755271276
0.3518791902875655,0.5487630997287103,1.9751435284703422,0.31762787390047126,5.891159973356845,43.424230422868824
0.39236198737819017,0.5829466747146215,2.0657157005033087,0.18869897182451786,5.930328762643937,40.85420394056773
0.18925874132945958,0.5341346128405265,1.9902216041772456,0.1815501975291636,5.708871077454274,40.32662743846324
0.18819285049441403,0.6650645810835767,2.0926271389929636,0.20637953655265287,5.664324221719389,40.84240450827682
0.3274551386526286,0.7216239949261172,2.03527672864872,0.21695233472339698,5.740492466552123,40.94229242976307
0.24545561699053065,0.7152328778663616,1.9413470637671393,0.22142369664920855,5.608757983405564,41.17638357705464
0.11778935104102917,0.6115987611521282,1.8595501791759388,0.1834998752978623,5.509310897397235,40.754823009128756
0.09879913279541164,0.5506263021382586,1.7363150891781767,0.2316992046884815,5.521779810766628,41.767254304034125
0.2732873073306793,0.5565400919370904,1.7770329330978805,0.2708313435664562,5.749874407106008,42.17239315248165
0.06586867592275125,0.5317357271037263,1.8283269732441991,0.33384928464852776,5.674622868315839,43.741129878058956
0.19716999377614808,0.6030086650924876,1.8180794028908582,0.24973018430447028,5.786990181011969,41.84955540456181
-0.08440040190490483,0.5255284040788948,1.8134868423760078,0.4110971756639861,5.577745254524093,45.47291556099637
-0.0004159755330150894,0.6458344004801299,1.8217637101195099,0.3346278638954901,5.576595862023721,43.87096662972804
-0.08525615152671939,0.6001847261412936,1.773150318090396,0.3057356330487062,5.423529734343947,43.96050946640136
0.005520446290414038,0.5780909570730391,1.858637921655017,0.2462919126693605,5.509786224495671,42.216097404313004
-0.06528941496652052,0.552405535062631,1.9215826901185888,0.4229777966523859,5.4491250128766975,46.184928947317786
0.3413703197543204,0.6030703174316905,2.0508327993841067,0.3272528513104449,5.882408137900196,43.60225229199493
0.31547470538900263,0.6440091814356093,2.1089157951161277,0.24402571166389875,5.8520345609350075,41.799385257504326
-0.05056172151033578,0.5932070550800769,2.0643173369323145,0.26641759968798157,5.5105628396682365,42.74082912274804
0.21340772225062193,0.6534068172707508,2.0387127737609108,0.28289981387511914,5.722239035659976,42.53364167711926
0.36747412712554295,0.6950162451440056,1.836822911183737,0.20692888226118789,5.717457192974372,40.6916276503823
0.3059818526177883,0.7208910524518235,1.7786065416610577,0.19099819643404464,5.582315453097277,40.51408515512814
0.26716497896077673,0.6767222119247752,1.708266852951429,0.3199812604810015,5.5395447319052415,43.4054172388976
0.5413050909759087,0.8033646220771699,1.7764091910762616,0.34041367867016314,5.823123443391305,43.454776497985
0.3373342224895702,0.6398898073167787,1.7993473716865604,0.28705201746326325,5.727783894102118,42.434391441277555
0.18372613399275495,0.591895734240862,1.7364603753192995,0.35056651582466614,5.598239668665554,43.9522207875031
0.09816789783127733,0.6127533558514543,1.6809013266798865,0.3348907563760914,5.463929405793728,44.17247651389011
-0.03151549802133813,0.49230483785268936,1.8301406325262266,0.4534595584995429,5.4416938984255925,46.87274658918737
0.31703370334270453,0.6752486595180675,1.8720790746854283,0.3666531806506401,5.685360965912033,44.06205390593239
0.4382127914297968,0.7013823487427068,1.857447371824216,0.31464274838903,5.80994699769369,42.989399475851535
0.08602597175657906,0.5887230077552162,1.708415355524313,0.456895848422427,5.456123715471563,46.73289880926968
0.28262882545917,0.6998598267262789,1.699126691848326,0.3584184730565419,5.533704801211581,44.14996348127935
0.5182462900173102,0.7624713423852602,1.7110932714550473,0.3906885133590397,5.782435062189421,44.41872368303991
0.14569684686278195,0.590214796392713,1.814619917647387,0.21328635047920153,5.525696085256847,41.33814662551765
0.0680846910777575,0.4706867903280649,1.8538968317925488,0.38088786986456197,5.56201604196437,44.84926114965689
0.3818557172760439,0.541934918531069,1.745285433894488,0.28448103016161086,5.792890600017858,42.399748320389044
0.3539414314704593,0.6463730353589212,1.7345840695840637,0.2371637336890468,5.731464104329829,41.37763126581141
0.2915826077484193,0.628243889150676,1.7449066600282066,0.21888747506499284,5.705452597924946,41.060321830035804
0.323600092371336,0.60660798946622,1.7648890146586145,0.20712203310622596,5.704478317998227,40.77055942021078
0.17485271906803412,0.5467838581267042,1.8044648920800805,0.2895099514287934,5.607138262567304,42.7383041667001
0.33617459505389846,0.49260620966598107,1.9318584254875977,0.37492973766385984,5.896020804495106,44.67926181592241
0.6181850658556306,0.5752941993526224,1.9108988359304755,0.27641364637647836,6.102192795813785,43.53975690066641
0.4693323179584541,0.506859619353824,1.9687182216104726,0.31896550091087345,6.044364043188601,44.19085358800974
0.19996788356179557,0.4939598319404277,1.8231426846155603,0.2554253946094275,5.699938388536237,41.85457012293218
0.20974891330375806,0.5563080047680754,1.7189162106917104,0.2048883875190023,5.598885869543236,40.86693179925938
0.06522963803059617,0.5070860108147823,1.7360167366221146,0.22343154370924753,5.513878716825775,41.628581367264445
0.3517754758612967,0.5836499584400922,1.7840040023749333,0.22938984317420436,5.748982966138243,41.15169937067989
0.4093965163391978,0.6199549936242288,1.7285330251485007,0.20261653500327148,5.763768720316577,40.567782915805815
0.17615322599717775,0.6752147788311911,1.6486955764712548,0.28571893934865733,5.463096414409029,43.033191174097794
0.1429606618093333,0.6574203750059545,1.621885983784092,0.3620139431068086,5.484761915076509,44.5467798322495
0.10397261523072066,0.5284762601433386,1.5821385443329812,0.4380047734297906,5.5296016423346614,46.0330786952495
0.3168519138583211,0.544724698692779,1.6495184590191823,0.4169831757874834,5.756848516793532,45.17036811991176
0.4651920066575629,0.6055132182898973,1.6510855478329305,0.37337858124604384,5.849503563877465,44.33332277051711
0.4464450181459848,0.6658604200454179,1.664377928944416,0.3638848613627692,5.78312817481501,43.98229542416621
0.48055830634445745,0.6425887315863563,1.6492197583943153,0.32056810658930207,5.905900010412779,43.36558339314981
0.5525595329006279,0.5949248496513131,1.8209165765718243,0.3669239320774676,6.06715173501768,45.17080753055827
0.28318526338359373,0.5209565797297757,1.81317976249904,0.4191633504826525,5.79751021679213,45.249770192688416
0.27642133457426715,0.6020752906556629,1.7311316249930306,0.32299101186445045,5.727341891015208,43.169793026779175
0.07659163427306909,0.4932824464190703,1.7270876638529125,0.3042544921143555,5.64254728639897,43.0165103166499
0.15457485535820936,0.50675420613042,1.8292429371823986,0.3642253906903916,5.756957361610166,44.17434751365024
0.3454503691395821,0.5103632380770136,1.8215845666330566,0.5356138501605261,6.002491091338651,48.44784642663343
-0.0010424404572791923,0.471852949602377,1.8367338029577363,0.5188583719967422,5.656906238132665,47.503286336815414
0.36379618436228134,0.6008952343342359,1.9020158093005508,0.23807409661222476,5.91479647202128,41.829371260705706
0.2895891347718923,0.5824525919767551,1.8758113786308925,0.3708406845442558,5.7914420968592575,44.25720291933663
0.3528637731390061,0.5612920623745797,1.8659630987954836,0.42514836139755247,5.814996859872234,45.39095857882623
0.49906648472213677,0.7184879200779026,1.829143201158439,0.2938058451591213,5.875088873563296,42.689438687140125
0.6493519665073011,0.8099517039742612,1.887391324385211,0.35358216268451326,6.013008555338751,44.46110395037921
0.6546073101017912,0.7135946446247088,1.87329910425167,0.24962383687090225,6.025291968084995,42.33115997530875
0.38841712512986426,0.6281135567997984,1.9086456754935184,0.25329619014101074,5.825416651548366,41.77476793096989
0.2032446072246996,0.6300474180322385,1.9332905780801355,0.32305449658531327,5.645128173741394,43.266454398023214
0.57144194528737,0.7028213678787215,1.8870558370284933,0.3715869869021703,5.92459508290382,44.40715493370547
0.5789126176711032,0.7108566952353297,1.9062587503351949,0.3938900334432136,5.954283838756788,45.00662593208529
0.44559762207111997,0.5745862597422094,1.679531244849234,0.3699815631059111,5.806712232317719,44.17513526316652
0.5901563351315644,0.6863363058610358,1.7737440453389612,0.27939252475730125,5.986077222885045,42.84262106854622
-0.00300178227605552,0.5422785442690766,1.7332035901112084,0.3599245619417322,5.500926579801936,44.63566055719037
-0.15490227343198748,0.5038465783499537,1.818189239462506,0.5602696712726738,5.431301318139155,49.2714174035228
0.24090810478968816,0.5771125211714734,1.811990400204918,0.3987687586013165,5.752447280439371,44.88166791934869
0.10812574239432504,0.6323242733707474,1.7582239875012446,0.38055789191233247,5.6062881614981865,44.632639057831746
0.0011022497463122338,0.5140052362869973,1.8124850040741944,0.38818182451266203,5.579951121610487,44.973659046157614
-0.046168589756255374,0.5622253584665696,1.9432659588093621,0.5199952356629483,5.546353354027249,47.89185866076551
0.4471153002191369,0.607066830630123,1.981391103532258,0.4571955680795111,6.027803844570872,47.02505900984569
0.4324244616102788,0.5660803401319054,2.044016649596388,0.3796769688910927,6.028902869003085,45.38272760339927
0.32933573698877305,0.583695734507318,2.108315108109242,0.3643272656600219,5.915299861351565,44.553016203393675
0.6653168404888272,0.6360862743700103,2.0879051242906788,0.3058098286547757,6.204825151295658,45.01607959382721
0.4398368681380056,0.6935122791595734,1.9522608956355443,0.3430522682117315,5.865792493925024,43.71512065469272
0.4818929487757019,0.7146374816112518,1.9240777342044848,0.31314289409830615,5.884649785612945,43.1002698046262
0.30078349362453116,0.7002625975327977,1.843097494089362,0.3229978466235106,5.6474578952737975,43.19260245467225
0.4046768663637605,0.7656747913692359,1.8470856170214762,0.3439287335925175,5.721872305029504,43.45529123072331
0.24311106819098227,0.5987832413249021,1.8742832287861875,0.5387511728076,5.661004263328985,47.71890510257654
0.3764664264727821,0.5798315006055255,1.862962758363519,0.6420561777033491,5.81817667720854,49.841939261838036
0.06900277451590342,0.5453598261883199,1.8009106606941168,0.5153109944555967,5.459863551019092,47.93801693771986
0.37398616294572673,0.6918547418701708,1.9677686007237782,0.30624245647866205,5.757297913829698,42.76638583855249
0.32655219580156525,0.6828849810476623,2.0518136424125792,0.4526992457935346,5.761887129416912,45.851804430068405
0.520335608109974,0.7377229003243287,2.1206226967640913,0.37866784058562153,5.964769775750864,44.826839168990396
0.30128930274460053,0.618196288170271,2.0577075865615413,0.34235541570640704,5.764669647735473,43.65844169592165
0.15033635509115784,0.4980638211767538,2.026545985262492,0.46124611754914946,5.687461445402619,46.25274622282538
0.2378843485574645,0.554076200750248,2.014126907936391,0.3648244427781643,5.720988358382155,44.12680794942228
-0.041302078847861856,0.5626727186051118,2.0462209321814298,0.3893923531077082,5.493348210046367,45.301301193727994
0.36158042297647686,0.6690708781194501,2.0135519166690554,0.27922268061146077,5.787945737836802,42.275132025600406
0.33204130770023027,0.7036803024415859,1.8536908906526464,0.3372372163738514,5.638228988122157,43.47424028828954
0.180427036701009,0.6120350024647614,1.8530852466261898,0.3769709588236002,5.594036194157205,44.49297098450899
0.3469910014632507,0.6983383328914654,1.900095363178329,0.5315533664181218,5.780020522967294,47.4619656153165
0.2443731631112293,0.6059621045529181,1.949802540691546,0.5865512148528784,5.767604193270316,48.740357857605346
0.2808818815271036,0.5298885491253799,1.921056798131232,0.5336639608985092,5.889797873103737,48.02521298082093
0.09739407578598969,0.5545506890645474,1.9712674973121478,0.551610078075545,5.737477819943394,48.23980321988915
-0.07994797766238104,0.4316198573663448,1.972303531312527,0.7878340270506512,5.646096908961462,53.28804061084759
0.2003696136403622,0.5098115584563983,2.093506929911073,0.58798686292029,5.907809512396614,49.31151496313877
0.5223287839103796,0.5676418574544483,2.275570590586618,0.36421929694571964,6.243972616741732,46.843612752412575
0.23103534706210727,0.5316346965490021,2.1566850130827087,0.46571626726612153,5.9370039455957455,46.86158772492963
0.3073352032767763,0.4835625328048704,2.135553599497534,0.40597130956377747,6.0595806827237215,46.32140965815527
-0.017099556442566888,0.47133772327695633,2.0964997671280647,0.5863378347611732,5.81673048774848,49.17538346594719
0.1360954964729164,0.5358070138803621,2.1461149321704527,0.42242675856607276,5.886326432036547,45.778345340901495
0.18011556205582524,0.4549529712535289,2.1390763763604763,0.5569355975901961,5.994032938993115,49.04603866308846
0.1367332148053476,0.5321567759551041,2.017336356561508,0.3659354455986751,5.822750465625983,44.412278247370246
-0.11537061754295319,0.4021183645595374,1.9765289864074351,0.5018693991369731,5.6927949050607,47.257454000076834
0.0010796234928055481,0.5073951629141656,1.9194612405714997,0.2831269937849504,5.643223915665563,42.6350165465189
0.03544335133495902,0.5883708127383137,2.0078272444855734,0.32895297441914223,5.657566820177021,43.60460146216457
-0.0136829446472565,0.5792511387641697,1.9446542486140876,0.3172934591595374,5.536863685233987,43.623811740647426
0.012401513555450827,0.5463049273062375,1.8697726140000033,0.2447845280136941,5.5462663177342595,42.05467953654611
0.35866221727805625,0.6546860819584048,2.05674461861521,0.11464275579814505,5.844371941466557,39.00816224791992
0.3838130377437314,0.6303205958072365,1.8750163310804782,0.16616125601107906,5.792256958232855,39.93531845157168
0.3993091362870443,0.6765757250851929,1.9211797780021052,0.17879887456474677,5.849729411718386,40.35957402470781
-0.018685487528443345,0.49914775859593424,1.9360558597864226,0.21767004913309895,5.551684130014323,41.493153460738384
0.07931333533017737,0.5362253615470309,2.0536688725891405,0.27403619849665783,5.675474514521535,42.39692242673666
-0.012450328895915908,0.4372433694263616,2.0368951303311658,0.4591124368703787,5.667445229001729,46.3379932987311
0.3967746702487101,0.5479882397838202,2.1387016111935884,0.3983836079620948,6.005623405562522,45.658616255317526
0.38424395032290193,0.5981696318202548,2.1668997383087536,0.3332081821819303,5.958520749535177,44.04961304882807
0.4059122972804628,0.662470113797388,2.131000524893363,0.3060978468538826,5.952422461175145,43.475619625103306
0.41746123711697186,0.6167776517149509,2.1827259522712805,0.32331699134679776,6.03006009687525,44.28612502517737
0.28823494879547135,0.5482529716129387,2.099895300924663,0.22116001028912444,5.870153877715095,41.399389276466735
0.2685967917008286,0.6161221674570379,2.2151114408290122,0.22153178205128493,5.860986169517378,41.42424052939027
0.31720785070835816,0.6139532643652522,2.111279797725678,0.24279918838341366,5.869896960767543,41.78306464487729
0.5044833608258148,0.5963565051169162,2.1373523363894673,0.279203325359464,6.061200332144676,43.36815031740545
0.2297696244371974,0.601903748369475,2.153924639333337,0.13481411212897892,5.7867289002574775,39.408138634611404
0.1621523791901779,0.5715237574411235,2.0093642765063526,0.17129477999836465,5.711024150685843,40.197261746430875
0.2550909575127165,0.569054266505841,2.0423095399656943,0.23326278256491215,5.848466608702261,41.63668755979129
0.266716903373576,0.5422143240632771,2.0255387573091523,0.23382866433918462,5.824181981615364,41.54767549181231
0.7021239056031969,0.7120403262683601,2.081435222474439,0.19414570684186802,6.179277986266014,42.44640129248095
0.6240534568752099,0.7078542724050148,2.194174435429058,0.1921576103200749,6.140105117108756,42.128762628809156
0.43590793819651763,0.6525290573471818,2.0704544240228624,0.23382633521735205,5.932469570479348,41.81927597981426
0.5107431835587151,0.6012067070729938,2.065841380135113,0.15299806818217984,6.007678384542893,40.4334288756177
0.28787564459647835,0.6234366144056687,1.9816719110559702,0.2044234969164584,5.7947506081569875,40.85859384852048
0.13177926295700304,0.5459937312053867,2.127748505638319,0.4433186736960545,5.8455262920379525,46.09581815782864
0.3093630853186,0.5813797332755263,2.2009347274471027,0.349085566407613,5.931997068183036,44.24697933300942
0.2393629018447181,0.5513333211187464,2.202497246752045,0.46610774503963387,5.84227588616596,46.41680716926434
0.08684705144597693,0.6101594415042757,2.112450239861235,0.33105654497604786,5.632707148672718,43.587408073505244
0.1955581603357871,0.5868487785119829,2.0443319306898107,0.3742982757601135,5.727292257667938,44.40118248166631
-0.05615684783379293,0.5422815820462022,2.113352030727613,0.3537839407583196,5.5394919306155845,44.46090126437637
0.22808486503730563,0.589633108781975,2.100610477554149,0.4868026235467426,5.788376725361615,46.85361456440637
-0.014501282912324664,0.4928181305930445,2.1497911265566314,0.580607641276469,5.655086659898439,48.9413260854067
0.2270362446972084,0.6176605487548938,2.1680029780122654,0.3770042341619966,5.779910623886503,44.47876710477897
0.18067423844844188,0.595204475390282,2.0492833543391424,0.3237290301355346,5.744682995038669,43.45979254997086
0.24199530364338007,0.48721219641495245,2.053668907599116,0.25610035405269427,5.842112534475987,42.10119443181383
0.4378111256259052,0.5927337452950037,2.065492155626334,0.20241698645331507,5.94242298339779,41.19100280955722
0.44024626384768006,0.657040824616643,1.990843835844616,0.13325758229151394,5.874883530405407,39.43762796256407
0.5039283011327576,0.6768913690687444,2.054754467749244,0.17847395598502722,5.97780261044867,40.76574721985357
0.29054942570444275,0.5871289449374172,1.9458758098003561,0.3173973844630809,5.7972002696726825,43.20484006082417
0.31889279542762394,0.5592430077459101,1.9900325450486158,0.3357214875885853,5.854515396535162,43.75208715112147
0.5239959330802252,0.653867296585631,1.9805825788871039,0.3096635851366232,6.01484895336691,43.74388385776424
0.40478592219009685,0.6904191431382146,1.9319021313164306,0.32532864071078454,5.823736457749991,43.33987219109469
0.42683155723783694,0.6836587595440498,1.815451050883828,0.24651338866155537,5.792255787741256,41.59902878189499
0.09839640231029556,0.6442788525660333,1.7204358010258305,0.24849322857006229,5.427082282307984,42.534488894108506
0.10406553570586663,0.6096853222516948,1.8470301544351397,0.32364267324803203,5.52816289437482,43.73626593757998
0.276919348442341,0.6587454641639747,1.744199558696146,0.2803567659410075,5.597325803238424,42.50452931695731
0.045965034074658795,0.5904951219051348,1.4789243879141585,0.4760274821361939,5.316350123341026,48.166945120845945
0.13209585010347136,0.5373941651359563,1.530636467236121,0.5387206696517605,5.475734998181936,48.44935983955963
0.39640267323867423,0.6871096428447954,1.5676927847841173,0.34979296293082435,5.652076686775118,43.67309584939538
0.3504800167116647,0.6624080380275079,1.5734306906897026,0.23359061379743645,5.6408223052197055,41.285907385184544
0.21425975179864226,0.6600361140346751,1.5542248880241698,0.2980976752286875,5.5073153204563,43.089888008699084
0.5344722717168099,0.6865156853773321,1.6827670826362,0.3118307594450225,5.894046867064453,43.14576816978586
0.4002872103187683,0.6142727941969539,1.6839077871408368,0.3018661672747546,5.758357998952859,42.733301063333585
0.2594711252558986,0.6070472215768624,1.7046538789914925,0.35971278195832695,5.633310180610835,44.06429185543106
0.30793589148924144,0.670107869282736,1.700156654430475,0.37131227551589907,5.656590190301416,44.23176374861126
0.3813549892937943,0.682198737821614,1.6357886741035874,0.5210375515659578,5.6779887968610225,47.24906296420978
0.34650457615080765,0.653511217887842,1.6383000016529303,0.3723660280912468,5.696677266378699,44.129299608303874
0.5942978523493769,0.7441441547288172,1.7566540381393112,0.26377088750459476,5.915685184729399,42.13864607311773
0.6313793395602381,0.7042166229218261,1.9431389604210576,0.22673720853859905,6.043605985954025,42.04297900088019
0.521861824995556,0.7144137787019217,1.818461649421578,0.1191408834409156,5.865977223945384,39.01887804675539
0.1829308029853834,0.6580494769361162,1.7554853825826766,0.24301477810861677,5.595549535488185,41.79414659251896
0.0772006264649654,0.5813526861080079,1.8253660641745724,0.22953766148389407,5.5507586057857,41.67383117424371
0.23225564553800604,0.6341782645952868,1.921893936789016,0.29888365174663234,5.705617184387476,42.76314508789166
0.4031717319701748,0.6732919740780036,2.027916949068547,0.36601516628255887,5.899752708697947,44.44682317683202
0.33204997733241265,0.5240762039067584,2.0269011807416897,0.4384785599548969,5.96430636446669,46.34412816373585
0.6430156037773995,0.7094835786830215,1.8782706420411222,0.3218288582128342,6.068410454631453,44.22345995775844
0.4681457147336193,0.657684808897814,1.7808154818638706,0.22550235388421636,5.871844378191245,41.28048110092339
0.3183953620558766,0.6510313328768121,1.852215272704556,0.3563976018078541,5.703814323357938,43.82713794470973
0.25558524553339473,0.6675296052311781,1.7625832708643263,0.2062525553856653,5.588243569673362,40.86114828723073
0.3054231443650127,0.6968916495356963,1.6774849848096978,0.41176645799002787,5.586165847494714,45.09614593959797
0.4924975567299011,0.7250674475632279,1.7003282664312869,0.277539752234645,5.771903925201092,42.09403008033527
0.40345019500213786,0.7255999585984175,1.7304063784040102,0.18207624796880337,5.736920793275234,40.181071250103756
0.06942404658182155,0.5997703721409514,1.8285844605138892,0.29019285214701923,5.528800451327795,43.01654898538352
0.13560602072059103,0.5566778176958045,1.7714875687112226,0.3455956854759704,5.5389719813267435,44.10280646755955
0.18703553758840535,0.5400965070330864,1.9309434030574597,0.3632896539779133,5.764922199674044,44.15860116500889
0.13119396716830756,0.5630770937450744,1.8497799572119158,0.22415873285764254,5.610116273944852,41.324559121423164
0.0735752232485204,0.5416899122069672,1.945223331476368,0.20875838648238898,5.572480801480515,41.12722396975139
0.251717986455556,0.6067096039476045,1.953283091948537,0.15622068554049331,5.6820091208570584,39.734466385888524
0.1430557799279507,0.5660755970852214,1.8842948764777203,0.12855391981878486,5.570625943253086,39.404434071731
-0.18553411029719935,0.4909511829401192,1.9070098467051393,0.33372053035470567,5.344014327138324,45.09861572315603
-0.018211417885766967,0.5750605687056768,2.0378803068581473,0.27619200038996267,5.52005918799486,42.81508724197057
0.1845872753856287,0.5908905003988663,1.9013083420926602,0.21479508617015472,5.6059665413620445,41.09978515565394
0.21117141819468777,0.5271295473563273,1.8589904281862502,0.26221957493214926,5.683867248987298,41.972290109392624
0.24693665923921004,0.6477301436818418,2.0029881862016428,0.30296528612781143,5.690007843663445,42.81911049659411
0.4105137270690848,0.6100476490213956,2.0663722171054557,0.34777127178084316,5.910766246801982,44.08024332900496
0.14115170045876013,0.48565503578132946,1.914809076235045,0.44524328248399353,5.731107073295094,45.91601634866841
-0.041106526362647444,0.48931281862772663,1.8289776925747625,0.5395929958822755,5.548539132787861,48.293394398547214
0.6101186110829677,0.7110479528748991,1.7981677818604627,0.32504983408458765,5.952789957592226,43.6610848673669
0.597070893929279,0.6243913818573735,1.9121043339004618,0.29226886609547253,6.049927237312068,43.5153297310826
0.4057420617689209,0.5293714709163535,1.9605447198954935,0.353734285156528,5.927076388753175,44.33203232974277
0.4993073716869385,0.5073985367114392,2.019969574877384,0.36732578318141174,6.08261595069484,45.45887127655959
0.4856542996801,0.5049021656004332,2.046783129537456,0.3479632224088502,6.112711216617143,45.263938348376385
0.28818548503252467,0.4712132712619655,1.893139651416212,0.3545087989821806,5.862385950721714,44.14569613389303
0.1862058084105555,0.5018101869072757,1.8962198974725841,0.325588688717095,5.726542059069495,43.37618738087358
0.4787606859509785,0.6239274095869639,1.860954390034696,0.20794330216130982,5.8882739501657415,40.99850391546077
0.49798963569338606,0.6392698478578167,1.8936147273913986,0.23758587023399355,5.909505393936901,41.683373268806264
0.2825798008338916,0.5735197860684523,1.9123002619159981,0.26818522911826037,5.754009187082337,42.11518583316532
0.28374083233807945,0.63406817445542,1.8327329420567153,0.21607417189143074,5.635599261418118,41.03222566142722
0.09746697400370918,0.6290712986368718,1.850500130590107,0.29899912703313825,5.485617257280281,43.35585979637353
0.12506952878545363,0.5770905698536123,1.733548510867318,0.32439957304722367,5.515714509830511,43.77079523189304
0.016981550188975514,0.5104790747077228,1.7693385209114014,0.3186850413943935,5.452179530379636,44.02432810686018
0.1119205290836427,0.5265716845220457,1.9358784109012361,0.3803143163545241,5.642689326001163,44.538334037888916
0.2685413661278477,0.5697988379573241,1.9567883310208796,0.43603956911666913,5.758159470316635,45.588008390472325
-0.0077643590506891735,0.48580709982783293,1.974921240428367,0.45381679446291323,5.608450535824668,46.20677332090353
0.0013899157685619556,0.46036456909507306,1.9551187638028222,0.5653231653025775,5.657564499856608,48.4251924848782
0.1307248110201249,0.5406871988391073,1.8318347823754397,0.3588401819847368,5.660538400685121,44.1030664419057
0.24269472650628315,0.6208839299773977,1.825352671719226,0.2122394711897511,5.6698838192636085,40.92856783508974
0.5097303030970282,0.7211241500266444,1.788170378957668,0.13444285089147337,5.842013559769145,39.2430020724008
-0.033631875442856285,0.5638133895198292,1.6520539589055945,0.19160573860361368,5.288901876981149,42.399683740234074
-0.22351978934909522,0.5382367965722179,1.6092677095754515,0.2718926137415017,5.117253126933983,45.943508099999406
-0.14226926560997855,0.584455788749351,1.6034814920334486,0.25766731439360185,5.186858530089494,44.83072671893954
0.0028910842051756425,0.600519617388454,1.6328002622210769,0.29191227490778043,5.319930585342092,44.19458456773978
-0.07277618238814287,0.5123621384576214,1.747068027014563,0.5609092993279489,5.377877384080065,49.55564420056999
0.03761121921762278,0.5625632871567163,1.72651356760281,0.4866757724322808,5.488008746844246,47.297204681718114
0.257095184540172,0.5557981034700733,1.7730583411287901,0.3695430272158326,5.764257850937677,44.26461308120502
0.46000894225445094,0.6582944126682085,1.9986601834683033,0.33108357047696957,5.989703743318139,44.128839886565146
0.5901975496821743,0.5898029059833777,2.001146975329074,0.3805643395871518,6.158580435369819,46.30162223987195
0.7010892002393307,0.6008276810894605,1.9818566689803394,0.31567244119363547,6.2939505499366,46.25294693250708
0.8179332450223078,0.6642376398027109,2.062789369820275,0.4016777826195445,6.444135057876374,49.92907543521667
0.17175452648466433,0.5583302460142244,1.898306769835921,0.40355650194216464,5.767739314242039,45.10361279387901
0.5208780265879382,0.5913236196210306,1.9427408392129988,0.2948014672493222,6.07835727980483,43.85010398347361
0.4244795750166166,0.5767595621863881,1.857037417356945,0.4259602708592474,5.873863418991719,45.52776844770808
0.4666569188584042,0.5558155095152997,1.8328714275443145,0.35985429508065514,5.9436785635042035,44.4268836130327
0.30705136140986256,0.539310941779792,1.7449848773040775,0.3148518725216495,5.735239189397704,43.05279936500113
0.16059388472075442,0.557507365879875,1.7193812888152729,0.19265391934360335,5.528469201007767,40.89257735720473
0.06927097960972262,0.5741416802568252,1.7688236012693865,0.16821769747177095,5.433539635167364,40.8843134232331
-0.14682892459404084,0.5049939961378463,1.8432008552235817,0.3100795138370881,5.314382971150152,44.75816304779995
-0.21762869335619872,0.4561927029795896,1.9653697156474212,0.32980716672965826,5.401007153062904,44.67279910025356
0.08472758369619626,0.5223239827143916,2.014836268573857,0.24745036236272877,5.6462931744128095,41.85933052778101
0.1136601721667797,0.5423749489994706,1.94068936778496,0.34575013401307086,5.593636549554704,44.009379602247215
0.5291200539285785,0.6988846302389227,1.9517935267070246,0.2312585171281422,5.9151916671007845,41.58221697492939
0.4165017520162674,0.6000343491960767,1.9588344194792582,0.17213116174641768,5.921116402525469,40.43214113793777
0.26255898740278,0.5874678461343189,1.9592341686342876,0.2504291325560901,5.786965038247802,41.8064362826546
0.37236931897753556,0.5336185260538371,2.031776603291459,0.35979141778660734,5.995630747166128,44.82989456344684
0.28223175677593415,0.5569046916553714,1.9504588898011923,0.17897971843010577,5.823938101560806,40.36813619819599
0.14157419882859024,0.5477812429760249,1.9093796629193558,0.17499891159098185,5.671395671749601,40.293710828781684
0.2617651073046764,0.4982852153665329,1.783649913003761,0.33296517076679844,5.784119431972315,43.53995403418877
0.488477634873779,0.5797992704809738,1.7708792021585966,0.3735724555726003,5.963043061719793,44.80244254715126
0.3042928785761826,0.6040681100996389,1.7390829790394138,0.36937161465852175,5.747630504137039,44.21616984621364
0.20012294605287823,0.5350662226373598,1.9063536747769885,0.46971829457672415,5.747640987640499,46.58064142060663
0.464569175647508,0.5501841749169424,1.8473019607394576,0.33930474697979096,5.973704100414421,44.22034888621852
0.0593831896501118,0.4074887702835538,2.0011991694475237,0.4119321435568909,5.7555610390894785,45.35125729381543
0.15341982418491862,0.4850871553430153,1.9627603254900472,0.23473723460126455,5.738893519978031,41.53695064605575
-0.025008234059161083,0.5463582198444681,1.9453822923716533,0.3176800361991263,5.508483751816264,43.83163737263068
0.01226606097384142,0.5503947448759009,2.00386407446035,0.26670461570389287,5.606399412551911,42.404028367845676
0.427662890186452,0.6514735700656654,2.0498746500957843,0.17420338258106638,5.97740226114564,40.77243621833967
0.07835994512423605,0.4715619887085588,2.1517088996298344,0.318233622514502,5.769890346768124,43.34327555056033
-0.12395621747495578,0.4350242760263763,2.0646563073151145,0.3759692934127656,5.603302614959319,44.787977259244684
0.09379425399487551,0.5782347045557021,2.001050725295891,0.14218448300333258,5.6094935014565035,39.7030337175127
0.35936061918286594,0.6786173136378718,1.9756050426622218,0.12668865328680487,5.793149125809306,39.130596485399806
0.35726882257671605,0.5878792428263703,1.9414977792888353,0.13438525741927915,5.821718673124865,39.357652591821505
0.03228328459574459,0.5400552658377498,1.7890156921419376,0.26740349217953735,5.488990483135534,42.68710662333011
0.17058076493586338,0.5969494467823182,1.80961596837308,0.3334535185807477,5.6249921993608645,43.508156693608626
0.39135479882338675,0.6068754899021739,1.7392120601487953,0.27245456775433285,5.817388538462916,42.13817945126639
0.2769174108535871,0.5877232606492335,1.7060080786101703,0.30945090622361665,5.692294041561527,42.84792857159786
0.45743536700740867,0.6318773255477637,1.7509756961118268,0.31193394164180727,5.871135336693399,42.99898960777712
0.45383607068770876,0.6542198895759486,1.812331631727516,0.2816313374688242,5.895350897743216,42.55926769671151
0.24740422054660766,0.5033737231840227,1.7531650267675056,0.31824496181823336,5.772452542554556,43.14468220625507
0.3562604158281527,0.5280790304489746,1.7274237188945472,0.2622735536152554,5.869394038153457,42.137650178723945
0.6278349978737698,0.6542945059170974,1.7039054628824541,0.2573475892955622,5.9938601137414595,42.32159326583957
0.205487621693771,0.5610189988003552,1.5273954072831835,0.27326842436768745,5.541516607897574,42.50390888893865
0.41731331508803227,0.6157674356511937,1.7239993533292397,0.2166746478964299,5.758923028442458,40.93497320883002
0.3317196708995889,0.653145891764253,1.689446744152176,0.23032313990970324,5.695279650148223,41.25235818572764
0.19613366597645399,0.6063420387049354,1.845037832739965,0.31475148217087545,5.652379329267173,43.142996429618954
0.18440004581581287,0.6036177843583868,1.8301794635899062,0.313786433198824,5.657717915911349,43.15265737560159
0.051088001017550844,0.5694513711938951,1.880650540048913,0.3800149205370593,5.577326345203067,44.797218157549395
0.2520911161455568,0.6299123247777784,1.7687082252825346,0.31353969941220783,5.667990820141981,43.0974852782779
0.3483017665110608,0.73103895604781,1.7202306119778121,0.2138328804605388,5.672102241092679,40.878309184662335
0.2919228546358474,0.6496117976849622,1.7353101102451607,0.31255109603240144,5.618161836193399,43.02005448215999
0.45944131672886773,0.6815763870255024,1.952281317884858,0.2965642463519267,5.84639509029398,42.704896553163074
0.6213808605360394,0.7700432547845308,1.9854657329884786,0.3333474815299167,5.990920793930473,43.916434145568765
0.6641572007699725,0.7303579821924079,1.9596558769089947,0.38686072619157574,6.089934010683735,45.68054464342417
0.3048515864671566,0.6053715255735949,1.8943390711925352,0.33610110051808306,5.718608988183034,43.444301657467705
0.5933709319335158,0.6916726847266768,1.882153478380428,0.27521919467307504,5.964975566166023,42.55422568481516
0.7927689158902766,0.7031058784043379,1.8966867848090163,0.23781434703176085,6.206478500802453,43.444779057756634
0.6008112168227797,0.739495778797235,1.791494026589628,0.13319011670145653,5.947070769730534,39.542190787864115
0.42340873178340327,0.6917040163395196,1.7665811461645449,0.14571306977590195,5.782617996763037,39.41913477042932
0.44993635592150444,0.601014226730281,1.889493165167551,0.2749369939298244,5.916607990125687,42.52975344361879
0.47320629122510127,0.5774270534166157,1.8474927091266864,0.27322765456072695,5.923974285330688,42.54345253797183
0.4877126468911404,0.6024540930080643,1.867741590214416,0.3254702819029666,5.952953493669759,43.7180164038294
0.3173848149349802,0.5787616583243667,1.8689301695775233,0.3020695640848796,5.762628379071471,42.86219244831042
-0.09060796192568743,0.45380181656953594,1.8503667925351324,0.26022377385559897,5.438654217605201,42.95289845732192
0.34480390826814145,0.6017454803135438,1.94437676800775,0.12029632477141607,5.774594756413134,39.005403763099416
0.1478195735824891,0.6283332352782446,1.9168449566237287,0.12594073947063403,5.587802572523369,39.34273909093871
0.01533227206930432,0.5022878432872755,1.9763342171819023,0.3233624876911196,5.554386423519429,43.70021311408478
0.13160119840213047,0.5207064780887442,2.034064835575176,0.2915402204863068,5.70980854643639,42.69713681738783
0.25574890737708816,0.5356456474181248,1.9982302076438128,0.1563297920080977,5.791979347476055,39.88704826976241
0.28549592446955085,0.4324922156577626,1.997193667629391,0.28096038236484383,5.933961763069618,42.91960765034769
0.06736717136506087,0.4597809809385841,2.003004824518735,0.3807839109515072,5.675062120140947,44.58621290146497
-0.10256910509558448,0.4620749087253277,1.9993448048563076,0.3692352322052381,5.522856127885207,44.82268595779671
0.23575711041387581,0.5125385764208745,2.0423790498427943,0.28555520642869386,5.852942700623593,42.725177195804314
-0.0661184671941929,0.5727636341917318,1.9908724630644554,0.35428093469902855,5.540031604706937,44.427936826139906
-0.009511518910854111,0.5587971028051061,1.9417339957746935,0.4213993154180628,5.563752178745784,45.786275856901064
0.1047360532161632,0.5063851374793562,1.8527955088137635,0.5760425122900187,5.7282698202656634,48.79333032977207
0.07801424636115395,0.4811499432285161,1.953658246167355,0.47853103752168075,5.744804470765739,46.754371467408504
-0.3102131289273802,0.40594614647674254,1.9341477182119036,0.8354686133766422,5.516252631065527,54.9014778490768
0.40157353787381267,0.6325365585063196,1.9814727619891557,0.49602280913509267,5.980939772485504,47.442862236615234
0.6394041574196048,0.6157087202825455,2.0502646871600825,0.5104955708781671,6.202657741980464,49.30306636527387
0.5540838680202307,0.6378426710879842,2.095738791168998,0.3292760509413789,6.131065182145994,45.035004312656476
0.2538943899013396,0.5559487611670448,1.98166389305594,0.43975444647800827,5.780147006863853,45.77236552024495
0.39477887017600044,0.5745338664579482,1.99980793838513,0.3761738301723748,5.923174679058416,44.77439510653697
0.2644819490291396,0.6109756387434563,1.8109108370845919,0.2978335295035262,5.647661414303802,42.766590726490556
0.04064711356822126,0.6171788707395259,1.7943567831002454,0.25576192852121227,5.376964301096322,43.06946266668604
0.3915457788133309,0.7117896869396451,1.8152966756887885,0.17287875452950535,5.696563130373699,39.976584370005575
0.4738284230495445,0.6629880369054956,1.8560731942717474,0.10084840555592399,5.855288590057789,38.624706731909235
0.5259230595649516,0.6040098706722833,1.7811353700867678,0.2482761050897649,5.907585570048714,41.806260145219284
0.5473462096656047,0.5464944244000027,1.863870812506573,0.36378721578406137,6.030857224956667,44.9092063440318
0.5447202128900925,0.621789918803038,1.7939958376553164,0.2374996823709859,5.916542809011625,41.63557747639463
0.31734525951454673,0.6036977369488264,1.751905869401898,0.25295132080724525,5.692098931120849,41.76813986191593
0.14255377507378414,0.49760587374186743,1.8303253052506947,0.28513915868601725,5.616704117589007,42.66184076698606
0.5412710584703051,0.6640895304943656,1.8844038029988184,0.24620497124487792,5.931642959142078,41.89771947883052
0.5263242165097035,0.6549134275629237,1.7909955581884445,0.22466545406133315,5.903060179675024,41.320039965223785
0.4696688041928658,0.7473307481655229,1.6355180619751402,0.1345644585311696,5.733489438683042,39.09232119122794
0.5372552803993746,0.7303626348016746,1.6094357390450265,0.14119851012330967,5.78669951026294,39.216454891016646
0.456119743611184,0.6536463516143608,1.757903686451753,0.1522716727190938,5.810856841524858,39.5812527564429
0.39484866211415076,0.7224406555781295,1.6075219828867664,0.3070888318586194,5.650252683705162,42.73064563055032
0.46769569084669105,0.7733853994461243,1.6252849971241512,0.3556914597232683,5.708996620396638,43.687460663461344
0.2336381404087977,0.6271781164596958,1.6431277124006276,0.1792527539583199,5.511826130362492,40.59785939345385
0.38433217362161753,0.6566341365144023,1.729285121142627,0.1593953416864036,5.725228664105108,39.71942958255375
0.18830202877292085,0.6458184808997766,1.5762788389934863,0.17592491385726614,5.497511222543214,40.614321677884796
0.4967869847092715,0.6315184392043774,1.6576999794933498,0.2487447099833739,5.859040108190738,41.7141878709229
0.3354757549690276,0.5909122894238267,1.5157760055032754,0.4063730238846833,5.659396463015274,44.98494827449154
0.10429203481909372,0.527541563104832,1.5546033290888617,0.40733609374426205,5.49306750846856,45.6248919541183
-0.25494100194714253,0.4470270665043675,1.7176672564615276,0.42297799072658715,5.27831975205188,47.59936073866026
-0.2827484758763872,0.4958336195536825,1.7919620274575443,0.4702505839498932,5.25338237204087,48.81538582558973
0.4014100730980269,0.6666751791567974,1.878176330877753,0.28119707190217547,5.843327295041757,42.49150994447385
0.0910220415574261,0.5012381697370496,1.8594624909269903,0.36138094398211007,5.654531338875166,44.16059445659354
0.3531992834632215,0.5446261552459266,1.9556508691674699,0.2520880297097586,5.920043347605767,42.195206692466584
0.30007194706383417,0.5860005064680973,1.820714824850142,0.21428565458200013,5.794500644515154,41.01744128335824
0.28984857543719517,0.6151319681961753,1.8663815660225782,0.23915981656801047,5.8332976954633216,41.63132054552487
0.021231064155239232,0.47264259026496247,1.9305899658955465,0.4219635736325451,5.771291777219251,45.500630074292594
0.27986406892954807,0.5586731751596539,1.859421466239077,0.3046555823292472,5.898183690029469,43.16484365855932
-0.024878184722309626,0.5388585314438307,1.7673684950475683,0.41391056892548594,5.621000608514487,45.31700544915076
0.11551990799432427,0.46584818589465665,1.7441300409674692,0.3156589019322202,5.69595715148222,43.15720385823398
0.05029013661249371,0.5732862137319937,1.714724528477074,0.17568253278674445,5.4919488672024706,40.729704603890845
0.38105696757756846,0.690955188767506,1.7523416330497996,0.20577871296384603,5.721948490936663,40.63968264697838
0.46692857087307105,0.7048546611745903,1.7083832610369538,0.17530606261028958,5.755478904655111,39.966663289353285
0.07055451303649629,0.5416764067077158,1.7773735336887277,0.24823834422890792,5.508509218126202,42.20436549595896
0.38517462307776923,0.6174985610224561,1.873849427429245,0.261777457087155,5.861474931262211,42.06010259935037
0.17369326000866658,0.5776111546282503,1.9116443531524188,0.30749764436598337,5.749737598284544,43.062353373734
0.08061660905714851,0.5922274568599744,1.9511123219036253,0.2700677104841418,5.644349621288424,42.36436909540088
-0.004406116957473616,0.5790761672282896,1.9509033584057125,0.3286591520697501,5.587278551468413,43.77245318193028
-0.19799815209680283,0.4858312670795773,1.9801582794162584,0.4824461700947391,5.41995279836287,47.77396723954323
0.09899920118346206,0.459580421845658,1.960499487422953,0.3615976447743793,5.724888654689794,44.16714111768544
-0.06303650398254645,0.4870759977351232,1.7459808005404118,0.3238933638148519,5.470248784820434,44.04674899454999
-0.056641807755904994,0.4551932624999078,1.8428075780919682,0.3863906841471671,5.499513528492436,45.23525889346115
0.2871564896954254,0.6391373126643493,1.8452176797823392,0.19561332941518791,5.6851303711630115,40.567482273599005
0.39131260689887276,0.6847627616650834,1.9287266391555917,0.23614989225428573,5.813269447635048,41.414754061735735
0.3723283353090047,0.6020281943363239,1.898969387908335,0.26073116023245135,5.851879447521081,42.065105501045096
0.272044980218251,0.5592684921866963,1.940573678731096,0.2383355844368429,5.78691192394953,41.5183963541694
0.26309298567945083,0.5595380564007766,1.787304673918114,0.2369473482527247,5.719222131738486,41.427873431830236
0.1939555055951656,0.5153487430730366,1.8349299651679032,0.2532614103433396,5.681729607815962,41.87469635634846
0.5126194629357728,0.5903862484744322,1.8510167843537804,0.25659236164647486,5.952776086845062,42.26678874347925
0.08612744661357552,0.4744022873005357,1.8553683949647124,0.34011702243801045,5.631657868222812,43.850303503337926
0.07337762682292504,0.5016448651456262,2.077782026805173,0.4547253243322169,5.691522665332884,46.33990278484982
-0.025032637868957597,0.5531499945137901,2.145584203346619,0.4198844524996865,5.5715303274651795,45.754360750721716
0.5239805636376178,0.72187540150468,2.1803818059624342,0.2006751347724038,6.026507019739995,41.51912396548226
0.3109422516530594,0.6193140262743121,2.169253088303639,0.18080515427570626,5.87939147491549,40.53744448911955
0.0897543083529434,0.57214510335212,2.2222521093890646,0.45404396814076636,5.715398077917275,46.08237942289877
0.36059560510271477,0.650283958139099,2.2340548218483782,0.41004639794652703,5.942954123403405,45.59979363276528
0.04590023755814865,0.6417178418593044,1.9966175926890484,0.4520537948707783,5.577435958531801,46.3738348563648
-0.03223509895138221,0.5785409178505665,2.1574978832808207,0.5289303018278668,5.603422915246494,48.01117717422164
0.0029248019654596336,0.5880943112801537,2.1950658888073598,0.4659139499607753,5.60923193514234,46.56410329842258
0.28308011664548827,0.6706195844283697,2.2788059663939864,0.27717755349353546,5.868533034224511,42.58074606970762
0.1014315601631458,0.6497562876356928,2.2622757652491474,0.3054446237558693,5.769108107501392,43.09128009621256
0.03125897799501909,0.5789946029071906,2.1521834141125735,0.27589810119189406,5.639067640614732,42.45873028961507
-0.12141471458487985,0.49767119549240074,1.9341447431218979,0.19702062956349378,5.443262926790327,41.60765533384056
0.04196301838797345,0.5095607626229188,1.986346987180738,0.16714916154422682,5.580250760000801,40.33871332086195
0.45222986990336905,0.6061459188294884,1.99849496443934,0.06880500283988034,5.925119590864066,38.26040010948401
0.44630283313225255,0.5511837371405227,1.8770160788119457,0.22622013413168768,5.928460633475458,41.53279993758337
0.43680839234725,0.6013003006472312,1.9131899054441774,0.15781086278142134,5.908550578068267,40.05296476622146
0.43864774422557545,0.6068080285621705,1.834616856019867,0.173107765279349,5.89345233434924,40.321118754797034
0.3007392965036605,0.5796665180068189,1.8346990376846926,0.22864263546551802,5.770751336675988,41.289567764578855
0.558860800154031,0.6957996942816631,1.8746053210681335,0.3230720860638722,5.981436664704364,43.7543773162891
0.7126170696157346,0.6996186366234003,1.9187706168992558,0.3147194008625945,6.158431818251164,44.702388891467066
0.5633755964576475,0.634077893668333,1.843340417140977,0.29108876841473946,5.98096170419595,43.03012654351867
0.715259711778933,0.7228299207701364,1.8133305335965177,0.32171361414168576,6.120158767054042,44.48289487508431
0.6599160363011605,0.6342846747743625,1.6228062075177414,0.38140938566010746,6.017328956403624,44.99343066835722
0.48140520431852396,0.5840514042557055,1.5708912596312143,0.30402164889099614,5.80587947793387,42.73553482178665
0.1306546988815136,0.6406748882369121,1.4657826944816628,0.3735652979733367,5.315068243760852,45.8326999426416
0.16301145085708124,0.5709483438359465,1.6142752108941179,0.4534289060019211,5.459555734638127,46.54053751054114
0.06838772102252627,0.521504386019886,1.6722627195478736,0.5102266359099507,5.416196262140198,48.08787115378172
0.1774105343048346,0.5548770342490258,1.6336782431564374,0.45214164242970184,5.497135038906477,46.432085981986276
0.014093552675357057,0.5448294006686367,1.6460405960509665,0.46718180821687566,5.343350074307828,47.725458856348986
-0.033295262562285544,0.46368224795713353,1.8323853429919443,0.6025815467997702,5.487989278832463,49.78010826944323
0.39462998363135765,0.660547212197939,1.8326946769448633,0.45221029053807194,5.782561592077812,45.89972086835872
0.08312075156127563,0.5883180463675296,1.8928836676990235,0.5380898776400352,5.567790034108428,48.03350182473414
0.39263853832328743,0.6301290564713556,1.8737885096208666,0.40237535956041026,5.863002708769592,45.010335136201554
0.4561875930690384,0.6203910339419888,1.9750904844338302,0.397510339078887,6.015363870097149,45.60414235077761
0.3048039203867307,0.6479710967039364,2.007231844908782,0.3964785143256483,5.848393112601435,44.90552876698275
0.15760387291020583,0.5823625939365054,2.043420836092245,0.671433552420287,5.8072382737967505,50.630042364190075
-0.10560929688636511,0.4624385172066726,1.9287149239043757,0.6455553059379379,5.559711032634444,50.386954067156594
-0.025770447806669594,0.5599310685058188,1.9820293453474196,0.49006801533006816,5.605820502648475,47.02709045280191
0.31346480293891504,0.565386354609527,2.0062818582504764,0.4346168249575876,5.934813606704359,46.09471840551414
0.09646176683068464,0.6199648937289391,2.0486031069310484,0.4262424392294901,5.693717879875693,45.487099504609176
0.4186609810370662,0.7024409629864176,1.9370371718407038,0.29902094031851245,5.911182585367785,43.03316903646328
0.31457205068098215,0.7331019300530798,1.7460828403745725,0.20776514469525467,5.688019745092291,40.79139884102708
0.3225431056061935,0.6871120131870656,1.711909821378339,0.13234996325667547,5.696244368364503,39.21264208575445
0.3287647405017191,0.648243801176802,1.7526913260651276,0.10944137041118224,5.708166626006137,38.72392298099894
0.09598810569578875,0.5216349622244514,1.8234487026772537,0.23818352631961406,5.564865626535093,41.84865654483825
0.41760657852717575,0.6113118959936905,1.7864308945514387,0.19110981349324627,5.843524451751214,40.60389050088752
0.3681080536465401,0.5773058812359878,1.725666769183257,0.166612769691826,5.800653717586165,40.01459840371006
0.21090136417939526,0.5858298177745298,1.834111346135369,0.24116343001371898,5.674000233551077,41.589666061454885
0.3826875150197795,0.5362014328349525,1.9483031955956955,0.21934932840236968,5.946438191991559,41.61918416335507
0.38566049983877804,0.5534998187064532,2.0512690497242096,0.19935665267697267,5.957657037811104,41.232010749209
0.38192986294147874,0.632041928789373,1.983576024852663,0.2126676900123244,5.8756919691252545,41.17770806719012
0.5608115390344055,0.648860538921366,2.0439153664919343,0.2044056306631373,6.0621172270287325,41.78437409901105
0.11414240002935583,0.573086663327279,1.9407876041746466,0.4505156105598989,5.615518435545807,46.147475552291965
0.3510655250642921,0.6158760693397886,2.0256091545163692,0.542324284713498,5.888491530226629,48.05661254889465
0.10694497678831116,0.6206847338111019,2.012206650231553,0.5160667821820801,5.721218041145304,47.407676665145985
0.03486475872745298,0.6284779640640097,1.9216761465896686,0.3861189932843636,5.559659951155066,44.97965375106955
0.1977683274027413,0.602565893727833,1.8983697772198531,0.16744701755591962,5.663600507074321,40.02827552013114
0.3967429508893697,0.6749496266128857,1.988574951883818,0.21775832480791732,5.868239142131108,41.17970233330515
0.15596288628440402,0.5777604047950251,1.8082474375740532,0.27338936286689064,5.589477103760235,42.413802103883405
-0.07258233962687077,0.47193065967864745,1.7811221638672456,0.32210077563496947,5.433897148743622,44.2172394753648
0.4061929886334849,0.642314338186243,1.8436045942230304,0.14980938504999416,5.772073375823002,39.535187675512816
0.2850778481108607,0.629100282848418,1.856142529929088,0.38925173015518066,5.636961807020538,44.64954283026112
0.35764261319349666,0.6373459609823443,1.8586364157100699,0.26001254097412474,5.713690590236484,41.8335060501703
0.10101443984604774,0.6122632678592986,2.007389401034141,0.2430607783636336,5.562852697286166,41.825616380690064
0.3926672185398109,0.6623856562197218,2.1336092949551535,0.2825595909983615,5.856892057193411,42.50834358342635
0.464337583551921,0.6730870445109336,2.2862697700518186,0.272698126064099,6.044294826359097,43.15158443526152
0.44558271914641345,0.6629147719954137,2.2413340277633496,0.16379150394194295,5.987580162122645,40.56420667775782
0.5146959814125944,0.6191860350860212,2.3644451101643176,0.2493156392694412,6.198971477972274,43.95958849747831
0.25306077161158824,0.5743087654887765,2.2956055077810764,0.281642225521382,5.934603561992691,42.90759747782938
0.18240583628147156,0.6106337058109871,2.1380626039590567,0.23675732909710412,5.719916245152998,41.49877951589652
0.022056694932699905,0.4561469034329854,2.0756004037613565,0.5366256089838312,5.680249835939456,47.879130287590705
0.21401144898646468,0.5518309551592266,1.9835591222883149,0.4582465723087263,5.722401738137702,46.11621241573924
0.30548131158942654,0.6095526271004238,1.981750691747075,0.4681275934274768,5.790554194157087,46.32144514313297
0.589779390932356,0.7176760633077672,2.064999681334273,0.25121693074064944,6.024385558111252,42.496895054281005
0.7031528583662945,0.7191584216648503,1.9552347810332562,0.26189304057177437,6.112767310028671,43.28328896444364
0.7366007788269158,0.6285929509665187,1.8391643375227809,0.23165448312425496,6.157582913901308,42.983287734021324
0.6602967096224786,0.6041993080593298,1.9027073274719277,0.2540729921253438,6.115572662625438,43.16621980839058
0.5327816927011095,0.5646268896515145,1.983260217093105,0.3283723157233382,6.091126181859082,44.64580216084917
0.2632737085344761,0.45757743415625685,1.99227207557272,0.455146234394245,5.9240797801969265,46.47829717392442
0.3609513819100929,0.52542670768665,1.9368063587406141,0.35410132847958636,5.922310492725108,44.27724449485983
0.04699535445459402,0.45898825120701336,2.004724644373787,0.5097969664460859,5.670387662228981,47.3743258994675
0.26916201223937597,0.5478355024456381,2.077596036322936,0.2970692669971924,5.81498522301684,42.84084165976663
0.16876584002430084,0.5512067042924227,2.0595426120986406,0.4281442898999598,5.722852949218369,45.55647748492547
0.11950126255873861,0.5154211789110082,2.079429449350309,0.5197335223932604,5.68577662995447,47.512160728299115
0.11522868897681848,0.5650915133856467,2.0097581749515454,0.4679748191616833,5.596698673373491,46.58163949397008
0.36178039694614317,0.686755036951817,2.050885678438423,0.37392336553433264,5.804233981685692,44.363526724835936
0.5062157944960839,0.6798383991065071,1.852909310763063,0.3747360003023917,5.881232437819055,44.40574559979372
0.35043630742320403,0.6055925759054671,1.7759495305236648,0.3431757412761757,5.719588694622912,43.53120255528436
0.21159317438075992,0.5810758809950927,1.731027229950742,0.4746143348441619,5.551091434163757,46.622918807733946
0.348328753580394,0.6223548264300381,1.7714875123382172,0.39540971887033444,5.710566552881181,44.63008444260806
0.3808798829414266,0.5895603501920524,1.7999704198995998,0.37928941172515546,5.833231545101544,44.4532686106961
0.5807645546700986,0.6872637450470347,1.8166884589789243,0.3751776246419553,5.932268338069007,44.561527797575586
0.7208807529744569,0.7274132588476164,1.7561245374608019,0.2497111798447516,6.1015292443549365,42.86942779602019
0.8138068208209902,0.7389227661665132,1.8475575253730208,0.24723954004421625,6.244290396348642,44.09271971072016
0.6035231948793649,0.7500675076799589,1.7365533014455623,0.30591249548824256,5.988599048720076,43.40939929995245
0.3744894024339201,0.6665019351470133,1.6522133919787476,0.23323895103050987,5.710983583605384,41.24800221572618
0.5276384019908258,0.6794735190048895,1.6783431199810694,0.30223341251692926,5.8816063525187,42.90156834264668
0.6837927693292256,0.6547573303462956,1.640236810367483,0.2845661938771587,6.062688155611868,43.39819977318246
0.5654375134936145,0.7522440811693855,1.628544545918246,0.24761896488315033,5.895002399310997,41.765723395365846
0.1802397546167253,0.5911006240871319,1.6532162907412196,0.3039141234911291,5.590723622468086,43.08342860484416
-0.10320817878203892,0.5988229767141682,1.641859444566618,0.5498393354184254,5.352741507682541,49.62591780358937
0.15764158386989424,0.5743272876562148,1.6117303128740657,0.43019423302366167,5.51733146192314,45.911069218550786
0.3009790222405048,0.5929197190320601,1.7165309489100795,0.2838835119732024,5.717105936716108,42.383908099967655
0.25422982235491864,0.6589346179663638,1.764920693866783,0.24474292582714538,5.656413188566892,41.62617896536163
-0.1886359573044929,0.4670345988845014,1.8329161169312578,0.5463090240060918,5.463553020049956,48.86568025737829
-0.13596648889037333,0.5397975198445134,1.7466100464627292,0.387727700771217,5.424120944068815,45.682468847555434
0.2715030195615197,0.6114059749947277,1.7936901687451448,0.30834065190612375,5.73294297012211,42.92325521372598
0.14103040752258017,0.5434700699541277,1.740316440617288,0.37213249428451595,5.60161869435905,44.542429079631894
0.2850229075507864,0.5152737033436211,1.764654567610014,0.4749039582385618,5.7906392056000495,46.59219094355937
0.24222789609436807,0.6101537957974178,1.855382590284382,0.40045520795307604,5.687279209272428,44.91869549964503
0.5321335447087898,0.6788707096404591,1.81800012592444,0.36967268774904444,5.881492787899605,44.30943739100975
0.33997703631443876,0.5537752537590339,1.8509641587135897,0.37953819839667685,5.790331934549889,44.46221112535698
0.481598937899348,0.6731271705143237,1.934495998325411,0.3966740235967388,5.922453929266055,45.08072121352351
0.43867147946268603,0.6422576806963606,1.7835494490089585,0.15152417394698697,5.837493899765399,39.66358341434688
0.34871556729118175,0.5825466967748988,1.7905433797389743,0.19785250284789085,5.782167085455951,40.588703792251614
0.35363298351988826,0.5368933526737376,1.8750454260813618,0.2631632759214016,5.884578834605224,42.20857321051867
0.46810791067405794,0.6080356954796329,1.9047580686320316,0.17324438985726553,5.96107502128685,40.59120762732682
0.43515450029796626,0.5952745902011913,2.039330431501463,0.19845532272837024,5.977784998752646,41.23051985915207
0.4416351061543411,0.6661020641779589,2.063057856444753,0.20005811070460366,5.891212986447806,40.87422849915254
0.352832440173223,0.6556342215943348,1.9867281279639288,0.1832238353556444,5.764008343248482,40.28431227674484
0.039763811482332656,0.5387105929978805,1.942797388291513,0.33134763422652097,5.567906164927902,43.766348237553295
0.302704948316454,0.5944892709965652,1.9158300780279296,0.17931132449857043,5.807195721563745,40.3261240699943
0.22003593842358948,0.6071261597249891,1.8614706855754994,0.18081500739460338,5.713684361592468,40.30248611956171
0.2407417689470086,0.5965764009469602,1.8828543021635584,0.1953772350963175,5.727089558648117,40.58515942175629
0.14024445993606605,0.5825703865671967,1.9317962054136923,0.2036469027561068,5.690582742049607,40.816563850488926
0.142517955662049,0.5367111631075598,1.8557760683035796,0.24894217072097435,5.705261567566097,41.749908756026606
0.13493784590457325,0.5448426758517797,1.7501639684913077,0.22002831074907533,5.599037416621661,41.29088581575485
-0.12653572606986907,0.42988864175691566,1.7409800295763957,0.3307594278173791,5.477551835899192,44.18161314517709
0.02391477417609078,0.4778973921296239,1.7359020936406937,0.25187269925943995,5.633623005303001,41.93531851156814
0.16725215507840013,0.5082764347385964,1.8255319489614448,0.12187590178132462,5.697679573566699,39.09249979136951
0.22829089614798143,0.5370992829708825,1.9054308465637044,0.19472294938139068,5.816437166909923,40.68954069195137
0.22359783350938883,0.4975292402520583,2.0168468915915816,0.34938397811093963,5.935759193901928,44.321612186774814
0.15046224544400244,0.5218088780215503,1.9870880245034952,0.4666923238196637,5.888973304251621,46.61275508547798
0.33910424852742815,0.5485873037047673,2.000552679666174,0.36564463954369064,6.0445546584518945,45.23651601709595
0.416920160255531,0.5518244058096008,2.0960946813986983,0.4049078853672384,6.075722820270236,46.26316748991696
0.7844592227213498,0.7101144023529984,2.149280153177685,0.2095678645574674,6.345207413181653,44.52744111793453
0.32690404333723483,0.5599157897633344,2.0972505958458125,0.24370430179342206,5.960681726373028,42.18273648080176
0.10035079125989288,0.4597830073336804,1.9182670763217666,0.3182425372174486,5.702747050865892,43.292532149528355
0.11003311351076384,0.5591887326048323,1.9160776183968524,0.2867065222448601,5.623957693144651,42.662129889478564
0.3228931833293884,0.7556866357642997,1.9975879863194093,0.29560777195480414,5.735366843571523,42.58021482723076
-0.18739371167248575,0.5736285935692865,1.8747404393420746,0.26389907523371914,5.27462340224613,44.158779757190146
-0.09281365777849493,0.5846170300276675,2.0270218545179137,0.32198996426769966,5.453831026047551,44.09657803436177
0.14688741677687445,0.5526789046163949,2.116813903529156,0.3489612781507672,5.736652654778975,43.96312025431999
0.027735029292323077,0.5136338876524558,2.160365927614556,0.46298932208460625,5.70727694291678,46.46838766819776
-0.022040793117197977,0.46497749656667714,2.252318331597678,0.3607898449430121,5.765375581185232,44.34352701618951
0.3359480454958454,0.5464492516731345,2.236470292925663,0.19000763542676952,6.00446216771067,41.36869440251865
0.07632527012706491,0.5046491642299853,2.2665328465222827,0.22198171473971687,5.789196735126043,41.39787903799944
0.2819816710325219,0.6189913341510853,2.062718665381954,0.06763301392915223,5.7637392997897905,37.931826380656226
0.32853491815772307,0.5938993531742637,2.071076134475929,0.1311281728094045,5.81460611743495,39.33455315509566
0.3169506046671504,0.5749701789600714,2.0959852083300166,0.21398496138865306,5.857615232066753,41.18409038643942
0.34294042394576313,0.6184117700912016,1.9949368358344477,0.20237491667407853,5.812310395339094,40.77540741036348
0.42015480549938977,0.6524127186594696,2.001169354470646,0.23195888828960243,5.8629324790307695,41.45286646268098
0.04300564363445547,0.5412436674886405,1.9072260374037513,0.462814010035859,5.530050776396948,46.71935475286905
0.2170451811338936,0.625166512161504,1.8340285787304422,0.12866176865503784,5.594419407775936,39.317804556316524
0.12338926706154296,0.4787832586531505,1.7364441626147593,0.33945154610981176,5.571314679761196,43.85645497984572
0.21845483167677976,0.5094712632473334,1.8372025924514024,0.3059527579309347,5.7033365112971754,42.92920763552372
0.4525487202106267,0.6414414812063192,1.856538144616665,0.2776667145678615,5.834457656879399,42.31177595862634
0.13563690951905882,0.6073614420201966,1.8885403037020314,0.31302042945931097,5.553978540290934,43.387111017741674
0.15695048238814818,0.636738788325355,1.8204723326964247,0.2983267453433111,5.4860493067373195,43.3070238937227
0.4768521704458319,0.7609581994238915,1.6474577811294702,0.30039883733534106,5.682162793012474,42.55894436963823
0.2567547402460878,0.6959657623989097,1.6620364352767334,0.23713676448183954,5.507023590672908,41.82692001726771
0.09882174390160098,0.6878549389401895,1.8107949832056325,0.4607445835711409,5.451042193988634,46.91820613156139
0.18405162430656047,0.7402416807694496,1.7373277221908903,0.43857249750190197,5.463673460421533,46.29372086667337
0.29604617483422857,0.7841448980668136,1.7586611658578437,0.3334642461085437,5.53923327597373,43.65896426751929
0.37283681415768033,0.7571555733346662,1.782011963121915,0.35858124292559257,5.630296096628776,43.924613015177194
0.5502669216917742,0.7428199589873782,2.0054437457665197,0.3547639994865243,5.963250567451225,44.345781804910104
0.17104649281143347,0.644170322768698,1.9614731162652765,0.48038590308444534,5.584320597499934,46.7123072400245
0.0566776034888723,0.5908886361630004,2.19450476424661,0.5195768779598391,5.617512193105329,47.61246723076081
0.18119270124036002,0.5988344479080367,2.1074839892352473,0.3536416765663955,5.688528174227025,43.96468665915361
0.07650552822610301,0.6165424181523907,2.018220276649545,0.3487234681498528,5.598749692226597,44.02913823220243
0.13510256018307087,0.6159134343812417,1.9356185743594359,0.32776354597744534,5.641157144542876,43.489490857355214
0.14182231053044436,0.6027509350400065,1.9044568080396878,0.3357433373531077,5.669470604158839,43.613326615181386
0.08685551789786705,0.5417990583154684,1.847118288101453,0.40506733127022443,5.696757669174348,45.1499341787531
0.01446907066511749,0.4388698666530208,1.8801002767056474,0.5051723431846584,5.772707703560932,47.31889202528967
0.26136592611259524,0.5432180971620565,1.9810144824202722,0.3363144842933064,5.962167851934831,44.20552173166004
0.33807131715606437,0.57761160031675,2.0859491772206353,0.44388060643242666,5.97054618961317,46.3720561392003
0.0885459163759772,0.4721157463914033,1.9938173029756874,0.5758993308635265,5.795324143209917,48.79050121507629
0.041071876623160586,0.506369575018076,1.9959132768848262,0.5054619302397836,5.731251234857116,47.25608505704959
0.24456475328707383,0.5913281130345888,1.9965070966676375,0.4598286858764809,5.88825892300895,46.476790446227334
0.24932583790615326,0.5983049411732833,1.8416137972902926,0.37125264045697937,5.77095610774939,44.23613191033953
0.42893192557536375,0.6068415631890034,1.9636415743951448,0.5043728724833042,6.022696224075333,47.78993555680549
0.6699909368942993,0.6535204319146346,1.9686113926623203,0.3423781761504673,6.215287370026194,45.86830183444131
0.5339717758841104,0.6370601751838404,2.0517464947516055,0.4663022438577048,6.156216596704001,48.01482930730581
0.9455146706010686,0.7921103494594313,1.886898452985192,0.3223396323969746,6.36630854230885,46.93596933654092
0.9158608455619054,0.6998655478656112,1.9842391900902425,0.35397408267672825,6.475406284465463,49.24491784941944
0.653914393237928,0.6388901046737456,2.005271195578599,0.1977601405609074,6.20711600955781,42.819235190810865
0.30945963301098445,0.5198386847131347,1.8930941265867343,0.36820815636960036,5.973144261092123,44.910490036069625
0.4866698580159554,0.5874716530364134,1.8798434806411688,0.4840289249295886,6.095123673228722,47.95451616004112
-0.0019924291484203493,0.4141049583705804,1.969181398008368,0.7271692664919467,5.831660040590448,52.099375117348046
0.3920982812853391,0.5978427994151717,2.0043156529815684,0.38537796227604704,6.103557749142432,46.12591219156296
0.20603045024931166,0.6091097703941211,1.975621365543686,0.3402929760539062,5.899618145969404,44.1185458479334
0.5065889490530586,0.6744717085601594,1.8688398009237255,0.19730515696639137,5.956506262866615,41.02716215210148
0.410464538654571,0.6658871567048685,1.7733744089653747,0.2283745262138673,5.806811870092353,41.22032278200265
0.4326720723748955,0.6174487054951331,1.7104269421391558,0.19540369760926057,5.852434463933727,40.61008997338351
0.11769926426028637,0.5902525435373206,1.6940469861406,0.18454681470632256,5.531616004580913,40.74566765051414
0.27827351567507486,0.6564888987508829,1.712162697663562,0.22647405641824234,5.637552183608695,41.2527589928573
0.17726856187188123,0.6040922515842785,1.781090875700459,0.21945585863021674,5.581935364750776,41.32528995271453
0.49042863258341884,0.6461047707504636,1.9089025774161221,0.22971851901972723,5.97895554835624,41.9129979910044
0.2792080203060424,0.5525839605393039,1.9375986298149828,0.323126411862969,5.8378161128262835,43.474115257661616
-0.03246453684902906,0.49762184137831506,1.8864398919914274,0.28399023401097506,5.544565107116432,42.948264894943975
0.2214873368371767,0.6301859622682823,1.9206136897546866,0.2326936074703555,5.694529960798612,41.42821008857284
0.1795621700859591,0.6947230528802363,1.7718659299806967,0.2138952420317633,5.524240119801833,41.34650032710482
0.4454907708147447,0.7435278605322782,1.739522071877923,0.2916509762836638,5.73828581376657,42.41773936127486
0.022780986937981362,0.598091250318603,1.746678513643719,0.19715054950486613,5.394103644977216,41.75703855039332
0.46576421394856315,0.7292194541815307,1.822294826849905,0.15552749763496748,5.807434371220658,39.69323564044121
0.2069523345996896,0.5936276930917211,1.7958679825162782,0.28063371427321887,5.609272838854518,42.504385092702805
0.11797267289209101,0.6433231026250384,1.6925120836478362,0.2575209891615877,5.414585537556366,42.822756227781895
0.30728277761597605,0.697936672473945,1.7968544940860032,0.18746860673019738,5.646606039392112,40.427718327353546
0.02589138472906971,0.5514349173317397,1.7053900368559223,0.34471292922991403,5.405706232077515,44.870859048015674
0.19043526027931307,0.6102186284459248,1.905616990730045,0.2783199360149563,5.669925023807274,42.35852416597772
0.3298466463142554,0.7449438177286273,1.8583080988518885,0.1666368674131893,5.651785725067087,39.94382070909586
0.18923162924117243,0.6095925963632396,1.866355059202909,0.15250091880421807,5.573806519468761,39.93041581793007
0.10982421039086232,0.5624978313114144,1.8856877046954645,0.23640062167546094,5.529663558169307,41.867167677727615
0.021543465527014027,0.5710101172039008,1.878882288105659,0.30520502452527976,5.434424218364476,43.75698665709506
0.21505742376404435,0.572473163277192,1.877751257934339,0.3024240529695306,5.64592116364793,42.83574326739034
0.0034254519712677567,0.4630913155207693,1.7826471899455483,0.2765521704340562,5.514975057455944,42.795931673891694
0.4674954562538364,0.6274796092746673,1.889158251584833,0.1651237792626856,5.9150563492954245,40.16962034965653
0.39519593436208317,0.61596386036258,1.9085379401315903,0.24954228345709842,5.882192973841491,41.897577360832074
0.5713841706374364,0.5917074686907888,1.8909156159509308,0.40388435769743813,6.070174501425122,45.98248252434319
0.6548924953097766,0.6347297644108141,1.9019664760949706,0.32492362279801645,6.139108276333396,44.79220314847867
0.5044024316120029,0.6296557560869109,1.8174409046944524,0.2856497092522183,5.9229187858686485,42.73485187753736
0.3292348161780156,0.6933597788825399,1.8310139911138525,0.2800675285996802,5.734464920385237,42.29589815049389
0.025814298848121253,0.6040665889054583,1.8266966065082024,0.208705923616809,5.445748024640513,41.71485662106937
0.09739890088026515,0.6056233103201899,1.9188728647868996,0.22504712872203161,5.56054326017131,41.54511608736525
0.16841834026384261,0.5794923809002944,2.098157989408942,0.1585662238508389,5.708980190308384,39.876496914770115
0.2772848291642994,0.5910141674747912,2.109973218413352,0.20910044894014326,5.8058029770442365,40.92893263499334
0.26908443587075126,0.5626635172267889,2.118238325032495,0.2980355566171048,5.830896317683404,42.84963672581478
-0.025985240144403954,0.5466476713747536,2.221063257281671,0.2721505515620735,5.641251702807767,42.51141859386068
0.2767652060867467,0.6131909676247319,2.1751554754583826,0.22275494731852044,5.856026361799447,41.39232303422043
0.3499345887118848,0.6153665165338208,2.089246723543932,0.23828350787151484,5.9021769176980445,41.80077713803306
0.4530003009702054,0.6587481609242275,2.1937474700096753,0.29999434145385784,6.037923190499453,43.75674474190334
0.2926973662285887,0.5934760432025337,2.2035408075381167,0.29956870777527256,5.949954050593675,43.3719709672912
0.6889732262464798,0.6945280837518452,2.2193042584870613,0.24849556881051127,6.3004920967066935,44.89527397648917
0.09797363202763354,0.484694582601313,2.1608804060275406,0.16486261279654235,5.763240758578105,40.13944805465544
-0.053913560556647644,0.4256954951559559,2.236642242782854,0.4060449099086963,5.693135954963564,45.242201278107785
0.3116041266599804,0.582999846653512,2.2462256278442254,0.18577888524824504,5.942948544080123,40.95322214874307
-0.10441323321793394,0.5238431683724843,2.1369708246186794,0.21209332919099255,5.523582506606318,41.557602882298994
0.06408081835380641,0.5729784014907591,2.0439789674365123,0.18294128670071946,5.596525946413162,40.57357238541368
0.37632538391661774,0.6602259257664075,2.0891155937539025,0.13563611765038847,5.864740372538787,39.49777418281796
0.20368277591696193,0.5864544945933294,2.047624769147055,0.16603337767765097,5.740443947239504,40.024336073206584
0.37958674666184167,0.6157106358331087,2.1062006976438914,0.17818038903285244,5.875042188381934,40.462527783733655
0.2996049095244133,0.7149801298883188,2.1186588587380406,0.22942262943987124,5.764595287854622,41.31466467002512
0.10826654920311696,0.6032693316421881,2.1441672103793676,0.3551185293610035,5.67627447559009,44.120835506219
-0.04158416620239347,0.5179640898765199,2.1743583655243848,0.4919291051373478,5.585179263666249,47.259744808862315
-0.1654769676874056,0.47177156716017465,2.2560199020361673,0.4702966430102516,5.600719062582845,46.83379714446191
0.21864022265315874,0.5629879236030222,2.1498138622793777,0.32844514443554484,5.815154786943114,43.576116419694955
0.11204077822153058,0.6822703271570899,2.1159768090643563,0.2409247413358304,5.64954303031908,41.70635859902942
0.10633269220536556,0.6345825670845071,2.0390167042023464,0.11985911431559507,5.573859209116563,39.304580549743484
0.4411638272345715,0.7380062255380238,1.9341214504843207,0.11325381662219064,5.809660294601284,38.80473928607926
0.2796942763545288,0.6799376427272702,1.9431412819271205,0.08517324659800667,5.661902082554891,38.278447986249965
0.23705090666293327,0.5752162441052999,2.022169364412915,0.18110944140261917,5.715644428726981,40.28731918927338
0.15298801356970748,0.6143752258765203,2.0126260889638634,0.18938029754041943,5.592554483753528,40.65739418562245
0.44225045677791974,0.7016540374618297,2.049225441409449,0.18390612666896816,5.860805889555378,40.45037930791877
0.3422509557340162,0.6591647293548077,2.021462005290429,0.21745344196898161,5.763168740568558,41.05052293082454
0.23250133778122195,0.625764230088098,1.9483968082319918,0.39879630153981055,5.6455640093257715,44.89235907365763
0.5420457162258149,0.7464097481330186,1.8176924400246355,0.3483130734392948,5.880064475792636,43.86668615190807
0.3030072785298776,0.6256979657998072,1.8474055369447333,0.499715518908685,5.74206390088391,46.98310416828855
0.03222462669863935,0.6233240874334437,1.6299137160991153,0.3783402587195245,5.374171555592106,45.58815482150729
0.039403917255786625,0.6469800887011129,1.8087822520923484,0.549990164910755,5.463607603426728,48.7734481765713
0.14497618806300966,0.6271077710567493,1.8044675971429305,0.6021645690464797,5.588776074782221,49.30327925769035
0.08623356710024349,0.6015250451582212,1.677615970849991,0.503899037973305,5.474601944279341,47.64825143939596
0.24498724840452107,0.5942419733947185,1.6866886459937946,0.408314331487063,5.592750921924704,45.101391832501974
-0.1892966844565822,0.4979614562545028,1.627615778772672,0.4670603581903336,5.249246773969942,48.5813970795125
-0.17077620534802151,0.4802196313321536,1.6514980002817727,0.45527477349687545,5.296640165787057,47.94043801021964
-0.08494326593207169,0.5276592646277425,1.7430877709787078,0.41408068823378835,5.359174475200947,46.58233738068992
0.15625504876921292,0.5845816590804896,1.8662331360306983,0.2895258065545286,5.558262562224916,42.82748020518573
0.40295211519468865,0.6560993586527544,1.9302011104025492,0.3246325248056133,5.790616467135579,43.21160339145689
0.2214109741332989,0.5519575307581505,1.9480784524267916,0.3108494902055893,5.664005042186947,43.041830967896686
0.42445961555880857,0.6649848495381844,1.8920723470755065,0.13000549713133835,5.79173105300786,39.11913281290351
0.4942057388225765,0.7034536865595521,1.9415685331871475,0.24089244674131075,5.907282516710898,41.7190770686796
0.45036284482849953,0.7500036232160677,1.9713932363388984,0.21399239809530934,5.814609500266186,40.88912836913619
0.3952181127507962,0.6996736696384539,1.9909467506252185,0.22467566454189475,5.796122925234012,41.138064619738905
0.21434766040827669,0.6596537689996902,1.996374590810201,0.24208742845650044,5.628106762449767,41.65042706956652
0.45550870206421434,0.7110675792264657,2.026569772179542,0.2925647531542078,5.874742096179666,42.721200079549504
0.5371496529678847,0.7426782175999744,2.131164375152748,0.1989303755052439,5.994700491347347,41.27039026243565
0.20284381689076036,0.5852554234876856,2.149432452610405,0.23839547518649787,5.789503979034039,41.662637488544455
0.16722655190786095,0.5921445791515985,2.1763932544315554,0.257605253008206,5.750076584391056,42.033428543807645
0.17978642148288282,0.47950773789962114,2.0835834213669258,0.36690779626919173,5.774745375331076,44.346906473219114
-0.06100142791622021,0.49396582333043504,2.0993624328103695,0.2636116162612724,5.552108817025246,42.49392040431796
0.15475518936831578,0.5397425401847701,2.178864865750789,0.16627352722607436,5.774051777287754,40.10397040093344
-0.046736760476887795,0.5547970153028027,2.143503050641155,0.3596103506444025,5.686520360003493,44.22132799799369
0.028885327551817608,0.5091046176434805,2.0324330945706492,0.2713994888668601,5.686167863797101,42.33035050303713
0.03633386467600741,0.5711477138138815,2.0772804994247593,0.23637605696453745,5.677536582623132,41.62862724929765
0.02031511882866266,0.6121200989528041,2.166631150130616,0.3109080298830262,5.633050127993162,43.18161283764218
-0.06321533412640679,0.4921211589336955,2.1358163301795603,0.4394395176783888,5.607571187942345,45.956300018182134
0.07271953830230893,0.4722817781908958,2.0365697989156306,0.2969169705294826,5.673509190228921,42.8543063109611
0.26146522608650324,0.6349022950344126,2.052100962002791,0.1465321245618492,5.711462017419153,39.54577829653069
0.24755120050188895,0.6569411094951954,1.8940161532038804,0.15985321006076275,5.659216761045206,39.885387524976295
0.1158724873357887,0.5494591113659728,1.6890192109943598,0.18454529736646474,5.508673890739715,40.838936325887126
0.16741010896609892,0.516004404106971,1.5906669070499657,0.24417066702902043,5.509679486337932,42.0556490883967
0.6255462787132837,0.7375726195370605,1.675774238990202,0.15084211498204494,5.90140528112579,39.6476863796363
0.6391173428057704,0.7035147229252092,1.7469305773826216,0.21822252705921785,5.956598138984704,41.33948698014527
0.5387431477270102,0.744108090663842,1.7810826610268908,0.24979071780002368,5.83676659665216,41.599146109108624
0.12635906081988535,0.6323964792089276,1.7504291786660875,0.08633575021267842,5.436438799120665,39.09088512387488
0.19068240064228137,0.6819375086247903,1.7782041666987587,0.1445858374588605,5.486297177397516,40.02117405780204
0.0682813537735244,0.6817051966580461,1.7323430509913709,0.22230029385719305,5.361492441671221,42.38043819770047
-0.2046941396589903,0.483616999155831,1.6508929949364535,0.44804634083588735,5.193488423118171,48.757952703277184
-0.015178305996756292,0.6066567311155884,1.659289593079317,0.29718541689494593,5.273803162742242,44.685533582884034
0.18743795333120972,0.6559756236059431,1.7166452838574517,0.19954490741440783,5.470351101087315,41.25082755081747
-0.06690266396250832,0.5820025087782019,1.6376888928024054,0.0824990015947758,5.2519517422352555,40.4967128391526
0.2746955234001317,0.5917962585730612,1.7105690275386072,0.09624260401867449,5.612985798187414,38.541834448579884
0.07926984679095939,0.46619169504327873,1.6774235838090932,0.23919620135397268,5.5360168982565074,41.88967600217491
0.370762835768264,0.5152081732405573,1.780396890365302,0.22554011794474543,5.817514478825371,41.23458309452834
0.19504401328161858,0.5489762902993452,1.7132319997883694,0.18816786570462352,5.575797309214499,40.600293694615104
0.0036705374750427566,0.5661303151811297,1.690193033058685,0.20379729763346366,5.378333570839883,41.963007024017564
0.09923453235124058,0.6052497159110671,1.6516044888224108,0.10713413211536939,5.429870852855077,39.563435791457614
0.0028822307436560113,0.5558526207810827,1.729983706927931,0.15953096709420503,5.416144228314705,40.86020365195905
0.012904410542304068,0.5670451987041017,1.8051758128865074,0.16651495054633264,5.442760667263007,40.82054038594738
0.07161857760042833,0.6190331036832702,1.7843405255799294,0.13045586523579153,5.42457109780947,40.10711707484933
0.14054335797103534,0.6397079270498358,1.7643851845940182,0.12806057351738168,5.462646306771248,39.80326131242589
0.17720510877268064,0.655218005874819,1.7591166944818117,0.1767489446680443,5.485096418344867,40.73775189198812
0.31844016381222884,0.7094360222501171,1.8852633802353387,0.2873679678591674,5.688165428330253,42.42324304998543
0.4650462929398451,0.78930503595134,1.9207759039911254,0.31107012241544335,5.815695183345138,42.92578274293749
0.4273825888786788,0.6715157967108429,1.9411519945070517,0.33110349166241293,5.863931855636689,43.55738020788814
0.5563936870921182,0.746370540036431,1.8970612106855922,0.40173283104713964,5.9721205469682275,45.329075646918604
0.4971557905506256,0.6641663511137285,1.8593799987522392,0.4827854776335737,5.936073717385417,46.873511384046814
0.6322920159013843,0.7447442169483582,1.8296718180284426,0.42242806468421756,6.025518224702552,45.98838305493858
0.43578656697398493,0.7542528474078265,1.7365904980409623,0.18465122648932195,5.7628528265432815,40.18901000899976
0.2826336665361106,0.6426663472984667,1.7669657097697118,0.24587155935937666,5.695235334437168,41.5922881159591
0.11193145717842734,0.6221225518857858,1.7272192772063817,0.23981618131586901,5.457792283124311,42.2130467251227
-0.06115743852424138,0.5181355411204287,1.704790315540645,0.41284191040157947,5.429348612785747,46.18205681477463
0.5044687365977261,0.5666848558375803,1.7625455165792365,0.28727154525530296,5.94028699776813,42.85607060314877
0.2522510592263613,0.5475303556423666,1.6812539542713352,0.28374802969027624,5.634359202194074,42.455794495052835
0.0021766456811666,0.49822244519018133,1.78861597281939,0.14976868052647527,5.439766999882412,40.49900128110441
0.25129305817567965,0.5189968145401337,1.6717458600014055,0.2134829130605291,5.648642605418141,40.95989176362142
0.5188033791533796,0.5853617678891087,1.7044186653517606,0.3178604336206623,5.923904611304152,43.40328261263866
0.4267926996275066,0.5445901743806751,1.7442821470320897,0.2605145007533012,5.89894872691646,42.185000121642226
0.5293427088791967,0.529752791321596,1.6680990737243577,0.34608912660261276,5.9796405570481825,44.2474009795949
0.5197954906140585,0.5564080618767799,1.7246451295854284,0.2471779898618438,5.95759254723565,42.059700308882036
0.46875961517253406,0.5864766657684923,1.7625648035078927,0.262201112167794,5.876844184217034,42.04038123911168
0.3132910829677736,0.51212316608038,1.7938190397394695,0.2689426475378419,5.805704457303014,42.17027438482633
0.04957649579852441,0.4697706232648169,1.8599487955761795,0.32749329262752286,5.667682629982503,43.508872470182844
0.16887817634003777,0.468507977258263,1.8262268298649877,0.33229793439612737,5.756511871823796,43.52916739589527
0.33599000546130986,0.5836298513520751,1.8009454054422074,0.29205511324170313,5.780470212181634,42.57554893612085
0.2566650799231074,0.565755778932911,1.8094461533835893,0.37811369782145565,5.684919388805564,44.444161700756446
-0.05587296890070381,0.45192183321625273,1.8758888279219637,0.6410013444632402,5.526324398550594,50.545386810900155
0.3175320484767137,0.4942591470392265,1.9345837211025585,0.4819081224284832,5.916326256201956,47.057720256903224
0.32281139994260244,0.5738747026695309,1.9658255412706538,0.4064306053310215,5.932309161729429,45.61183584423142
0.20472212713429316,0.49917412686584756,1.9902104836005277,0.44797078462439177,5.840829577158785,46.210947962245264
0.25249169533387655,0.5926676511480417,1.9085295334769363,0.4211558285852619,5.740603557948024,45.37599306650935
0.1503155077320546,0.5637761365088897,1.6765538139188856,0.3712183041950168,5.5538090446795625,44.571689974345645
0.13200851766418864,0.5648337741835305,1.6769285249359263,0.32371860589719015,5.566598250312278,43.56156002109785
0.42833867120830527,0.665373904943642,1.806117307731921,0.27072342321598847,5.846298408354909,42.22035915258103
-0.02972764361871838,0.5317132754642304,1.8065303478869006,0.3772697857128127,5.431303301455632,45.350795918815585
0.11340917620611912,0.5363540252784953,1.765881874464678,0.34102904258915767,5.534306580560246,44.028550853231174
0.19091253513439904,0.6011242432084034,1.7225390503626754,0.2176742267177733,5.562117549952108,41.289568415754275
0.408948515690099,0.6895034675207672,1.6649865572140374,0.2275906461330024,5.705214638766222,41.11315579750341
0.42138234561685123,0.6638567819666777,1.727531477207953,0.33492639776369415,5.722441090098366,43.41336610395819
0.42763160981328635,0.6133933499099821,1.7590333877170377,0.3009423994406805,5.789063204575421,42.76531366408179
0.6743202016523224,0.6872137395491317,1.7686357919327729,0.25615090192632617,6.022690248263187,42.555269860629174
0.3070444248816922,0.5624314237172143,1.6027247251095171,0.2362827699485947,5.681555035523611,41.42829911858614
0.34756832422998435,0.7184622933648939,1.5972955906411437,0.2324400417716021,5.607376781340674,41.37378615490137
0.17313055911991687,0.6435504207128536,1.6938285891276665,0.3566774966116458,5.508721120364305,44.42082104286095
0.4418160443669252,0.6576225617225858,1.7263613799374515,0.4056636509206282,5.769709519241465,44.90885902512657
0.34852828592996615,0.6152521362755109,1.6833405585558425,0.4472945870873893,5.670948538256277,45.85394747276955
0.19706786295676043,0.587669943760535,1.745122559985258,0.4865005171514168,5.568383004711651,46.97579434543701
0.32360368636050757,0.6260966009391605,1.7790326009982638,0.4760711182576298,5.700184859371637,46.43500007436414
0.5357493313445086,0.6429174581664426,1.8772052584650836,0.4240964654185897,5.930667333849816,45.663268550338216
0.20520672982342003,0.6224102710638983,1.8023772160064657,0.5204310824474688,5.556379102763309,47.650208160222135
0.013881926834234726,0.5550331297080638,1.8367014721004482,0.6242306663610051,5.460780414235783,50.34798295967587
0.4651902476733349,0.6068984588365143,1.9014150086391148,0.5354875535892263,5.881220166480161,47.76398143399413
0.3706289050340631,0.5627381063865571,1.8140134091013587,0.5441396102654292,5.812240840916555,47.84152530869842
0.6130497997031378,0.6093651593614494,1.887793204034913,0.6285102027756422,6.057480763880905,50.45807885583913
0.3533750686019198,0.5517035059533624,1.7588008941111906,0.4311564590214816,5.771144206306938,45.39170448491596
0.16461720537420055,0.6331067716630219,1.5749625559161562,0.38860425527964826,5.5311667353733185,44.90855025211064
0.17196361841320773,0.6537117113052835,1.537818698013757,0.42275691214489003,5.490558746283569,45.74969590617003
0.2911836589931312,0.6558332160633522,1.6055031284013654,0.4918257592335855,5.6209831918210265,46.6632228279008
0.46055982633672504,0.7021422557145377,1.5987824084349282,0.5070655033668446,5.760638489445597,46.793752197140634
0.4632616804667031,0.7148090035460812,1.7258298595619552,0.5639279924751053,5.784890450696057,48.124337388193105
0.2365980007303528,0.5874675251524063,1.677090010441257,0.36227627029245113,5.611865716359375,44.13572933948132
0.3679705319709975,0.6118440570136746,1.778816470095919,0.3954010752703258,5.76734704516357,44.645171082788615
0.2918543565530861,0.5911106471681107,1.7840973086621463,0.3429874161964148,5.715774187558855,43.60826467995625
0.1444631648361056,0.47510842948875043,1.7603917866647036,0.5171945309852912,5.683146906822741,47.38478486709936
0.2566683214183469,0.4605739340657583,1.6739713309613444,0.492823046085811,5.743987983393398,46.76206291276351
-0.14833568265710173,0.3849190424587707,1.73699900085039,0.6251029378612573,5.4829816385919035,50.37798454441048
0.25444366447839056,0.5139314527929125,1.7125701443341068,0.31431648899062664,5.720052446147339,43.11228614331364
0.24742771980868067,0.6032083213948817,1.8175814116889613,0.34664465233776415,5.690219026786207,43.82612565572778
-0.018934440079112935,0.5554291253087845,1.8328322029183544,0.2959238958401703,5.46466021065294,43.515276069036105
-0.09837892300220108,0.5161991720272935,1.7960415704180102,0.3011378452823663,5.40973429583818,43.91205157597279
-0.052635601678306054,0.5880622162433918,1.948029030215053,0.31894445734909915,5.52708307657214,43.701143769434914
0.26017979060945223,0.5798006337028395,2.0091555647116586,0.3315225087005505,5.838927680340673,43.59112855300847
0.04659076760918823,0.5610608063177674,1.939819422058698,0.28677595090754343,5.563494754188179,42.806262593092555
-0.007916823293613762,0.546718259219867,1.8413576715491218,0.2233793381586494,5.4859290635123,41.82592196328812
-0.0015327337532764496,0.5053563004774623,1.7634993828183203,0.16607068928536223,5.467172412223643,40.73942753997564
0.2572646578706027,0.5550536033291191,1.690835481470809,0.2837100764189872,5.68156158613655,42.478973637318425
0.24891046261797,0.5875954979392092,1.608023671548802,0.32436033962985217,5.621587542776113,43.371716816484124
0.2526913652801007,0.5808865368955697,1.6218767588407,0.2163771182915298,5.593048539354905,41.15713662344254
0.4406748916857683,0.6185383266341553,1.697317639297004,0.33466757765766947,5.803979413925877,43.50892526765031
0.4486399204385048,0.5919699210017234,1.8165203404267776,0.4109435194568344,5.882137907901626,45.30745568250072
0.13889614715929105,0.5257551578598714,1.7075345062247358,0.4143087261751886,5.582776662632833,45.42438632205471
0.5051722568955983,0.6847919880017466,1.7491687178197135,0.23778188491714947,5.893436049322405,41.63091263322577
0.35934453548400636,0.49911083139726253,1.7746203733824153,0.3050055672021451,5.9447590370392644,43.417009431714696
0.2433764334833332,0.47935855627629215,1.8344679675533997,0.2914095978590446,5.861658314779939,42.885041062078905
0.41119228483291054,0.6014134264081034,1.8374105164230439,0.24379544017865734,5.907418384584311,41.895557775682796
0.3125462326168882,0.5664670008666569,1.7541577845169376,0.2689092924906222,5.807177649394361,42.210852708794974
0.10415409770518425,0.45394078846483055,1.914984318995597,0.5541978153542315,5.8194707890664255,48.319771689935294
0.2317683479629899,0.5374112818717688,1.9414587342783434,0.2779419297865215,5.806804249665075,42.41277562999904
0.3247954474835784,0.6562352491366347,1.8831298478487692,0.25241730602963985,5.8018148481209435,41.786962803601526
0.11704604131619784,0.5974227707007315,1.8265985329337788,0.35808602765459474,5.59673300889742,44.138982121214305
0.11136147161792653,0.530534590339446,1.6896071686207406,0.47839114704042013,5.547618784806905,46.789091946795104
0.1740921428037721,0.5019196367332829,1.69606476972137,0.5300412321187942,5.644424059647457,47.64342028630193
0.23046164215918202,0.6540536166113686,1.6732036573147626,0.26474029362523993,5.563846210674019,42.20420376978571
0.12356774996563502,0.6089437165876558,1.6405023474311948,0.1169778709010983,5.503520092850312,39.45907748841492
0.24995649546261023,0.5976611393783114,1.864203568317554,0.16203297159193775,5.727799343896059,39.934042150985604
0.09202235339050774,0.5986575311160844,1.7649059100384676,0.20878848198107514,5.541647435042388,41.27756939375578
0.16054365929132763,0.5449831636708176,1.780323685261713,0.28996307522244114,5.684259349390514,42.627794765506344
0.15925471908401223,0.5631097389726336,1.7920281681547645,0.34521898476829604,5.641680777588553,43.873350578560334
0.09139422033988337,0.4582131494413952,1.667655123429064,0.38864585284873904,5.5985576762917315,44.86842925031245
0.22561618002483413,0.6043308297667596,1.535441765386364,0.2129919416217826,5.5431674126762704,41.18416504931993
0.14111674167391813,0.5303520496658755,1.6083814852892937,0.3897057238240687,5.4853509791811845,45.201550648922264
0.3374335639323587,0.6612114834338316,1.6263618463473395,0.3763894100743268,5.609133894949099,44.35102830098063
0.43424533927258524,0.7019106932129542,1.5709376550979062,0.4096573488666261,5.6439848308764455,44.823775097832666
0.4090412999662106,0.7074759651023996,1.5451130719105346,0.4235864963879591,5.609263280455089,45.2655729668475
0.6518171506367859,0.7400120961892692,1.5721517358761712,0.35981600734584607,5.894460889740346,43.97718783687379
0.49657556364423333,0.683011651520889,1.578496841925919,0.41064623802865763,5.771452473271613,44.86322156971846
0.48819471830248024,0.7456679665399444,1.6908838823401213,0.34624270095815285,5.773412946920402,43.49318978977889
0.4391799267524809,0.7633895440117431,1.7259066783985575,0.4602914765454291,5.732750011599646,45.834872138205135
0.5111568394042014,0.7010614943784217,1.9058235099053489,0.4099563231878477,5.915232216347164,45.22407397787235
0.302247208916776,0.6958920281486176,1.8166062278758617,0.4519666267001065,5.686591097002458,45.85798635571212
0.10188958723457975,0.5414036233068461,1.7525515544562604,0.41502182079632033,5.5993621961664015,45.38773350755238
-0.03839888776019229,0.4488084846184599,1.7239669475201316,0.4680796692638203,5.631155574746344,46.526232799875274
-0.1103473897238646,0.5142690175321581,1.789144313453623,0.39746259169268555,5.497522294985909,45.42869591636321
0.08966851588976554,0.5752866947049473,1.7341041004975801,0.2541851836500266,5.560482205004742,42.10347077993785
-0.002273988087570622,0.512722052850005,1.6513358567681964,0.33431693086930764,5.479783985121477,44.20911571394436
0.2419751297628232,0.5946875267554369,1.6267928815983002,0.21466255301302123,5.60591557850971,41.095025785048065
0.0277818490177702,0.5266265297863637,1.5683432281159728,0.2359803596898895,5.417698469853512,42.3981176052754
0.21054976783622092,0.5530037374615041,1.5587517595484601,0.2820451191335571,5.579127942253271,42.6383022039756
0.07740175061552801,0.5360560374612852,1.589510567513969,0.2711130828790165,5.496705795184929,42.73588616688779
0.12942187842061975,0.5651541174670922,1.5584537620569712,0.22451557532179514,5.50849340780578,41.67178458675766
0.17762215894689076,0.5361905643547866,1.567431666655195,0.24725166946764737,5.575064267082395,41.92384121208221
0.2618994541506344,0.5796247056891422,1.557925416746386,0.320115364465303,5.610801430660363,43.3193229699162
0.21073010200608833,0.5989631457207074,1.628976920754203,0.31773644874923307,5.584253334177905,43.34339224409487
0.4258779535295078,0.6426682704018607,1.8125542871611586,0.19849086524194504,5.783472817073469,40.57768432064741
0.7192675154650953,0.6731383678788877,1.8580617794345025,0.38507247391629335,6.144228623645612,46.14054436628898
0.5488973558081762,0.609275200724606,1.6081940094971303,0.5846204092636279,5.945748336290416,49.051730849896515
0.08975206285250775,0.5649282789482303,1.6095732247912486,0.872510737152499,5.508107875015558,55.23630269689728
0.16316468155689123,0.7050859997048453,1.74518337390918,0.7341548015723552,5.454284975015483,52.46003126138105
0.31116071468914985,0.6724269744429595,1.691104955197215,0.6238917364787967,5.644816776985494,49.549027325938084
0.5596528594687997,0.6360261554875468,1.8241546708735017,0.9663943833182309,5.999335675222804,57.37009948312241
0.6394984576132927,0.6991492676704733,1.7928230523781814,0.6664693081659117,6.032384404019438,51.123705261386085
0.3189344744511162,0.61321292862711,1.77773681560065,0.7368405821635166,5.689023087022513,51.73229256032157
0.14105572319268284,0.6454871445107221,1.8727444926962709,0.7601593618028153,5.584466977483901,52.39486339633047
0.4817433194471149,0.6687602321550243,1.9990059133028333,0.7071930895933294,5.964235966760593,51.581937358028576
0.2630961151099823,0.5554971050579731,1.9047404377031372,0.7289543528136201,5.712987778032959,51.5188937938684
0.3830399603641812,0.6448356659650779,1.8808129854958606,0.7528977037784427,5.769505665459295,51.85943383367394
0.5102894972316832,0.6536508997355397,1.9402659203156603,0.7391591658569423,5.9340267521148755,52.021785653410255
0.19045757395667767,0.5567839251156916,1.8809540522857822,0.6886447318878313,5.633985523956179,50.76183081635206
0.4260400391918162,0.5505850754101032,1.801243262321128,0.581543326634087,5.8437617836617255,48.62370879497258
0.7353680754206349,0.6341525071351272,1.7983508482670816,0.4479704018156941,6.141779660887282,47.265524139579064
0.4849115846312176,0.6830215803993065,1.8632380682501721,0.401171201257875,5.849174586673577,44.749237330617184
0.7509295045880523,0.7306665546288109,1.7746828316664658,0.3153445173580581,6.05769253929844,43.862395764055535
0.7301749670001382,0.7286432529397843,1.914703791012455,0.34662783750218007,6.100941874152987,44.859915364530735
0.38730114413802563,0.5647834968364372,1.7706693872560366,0.3678913757573816,5.788910848502347,44.175199245640684
0.4247833362781786,0.5251351298914928,1.829871655951579,0.32352386817684387,5.884134435096162,43.50157237304136
0.5243488283618422,0.5604735234391193,1.789060825184935,0.23976421109661852,5.966681558127469,41.992155635476436
0.27711321277160555,0.5116798837461118,1.8725735638023826,0.2803140883560666,5.764398143192267,42.37777717994084
0.23839034256642194,0.4625744577143891,1.8981277297614607,0.37736839968574387,5.7861873067627,44.42471850150746
0.29652166971186544,0.5621823024349462,1.9878347981731315,0.2551022236236175,5.806264643836247,41.91564788739648
0.10072509262284868,0.4975835922232036,1.9250470856301911,0.2815008392664536,5.623563918774908,42.59300987328999
0.528315292742294,0.6276599428617364,2.0334217853752152,0.2987436210849384,5.984663572339945,43.32775105652354
0.6894474786250271,0.7651853032255908,2.0989258311322887,0.275696109937135,6.1042517973468415,43.47483565079328
0.680412371537455,0.7586080175516683,2.0654264304852945,0.20486312688347103,6.075991390572462,41.774316260901486
0.3922863060574243,0.6597601850237403,1.9768488183047506,0.2523627089072397,5.8258992409774715,41.79966942481067
0.08922748596603913,0.531502160036988,1.994011768439779,0.3453230744421717,5.6489784499099,43.88597486276189
-0.12372546291023112,0.39645314283257493,1.8753177168296915,0.5524268210351113,5.549753410642681,48.52066655161376
0.3857961010873728,0.5647394381620681,1.779241547898433,0.32118307953663416,5.873171885879295,43.39504594803339
0.552480407866841,0.5341780691890392,1.8391948283653656,0.39543929698196334,6.075629727459574,45.92341996460156
0.26963347319377606,0.4368280716209384,1.725334264910118,0.592395855779335,5.843041082393923,49.07514385786952
0.22463337500239816,0.5891916423107456,1.740938036803937,0.39021312045754397,5.681474210869643,44.70223902190402
0.14717773351024244,0.59614264467594,1.648719116826899,0.292387253060211,5.540426560893339,42.97401798907142
0.22096362054826518,0.5229125274288304,1.7580414619514815,0.3251699949961371,5.684711448567023,43.31123539640058
0.2327957619549873,0.5328633492245265,1.6617601661035453,0.23874848932836287,5.667671650494996,41.507173640665386
0.3015072833776739,0.5408659501726722,1.766626714059358,0.2633316433445181,5.772508822014899,42.01231008371238
0.28557488287902255,0.5511313925552442,1.6688786427031541,0.22123381186698748,5.699005143409371,41.06824174059342
0.16999501717168908,0.5528350455924961,1.651580302297561,0.1735827483289227,5.575455971622201,40.34032251388252
0.24471509379998313,0.6332074759988198,1.5958318361545207,0.1991538677771256,5.577742021736474,40.75164280661627
0.3756401130137623,0.6816433678785508,1.799621014003005,0.25001798848838913,5.849215567146503,41.8069473126268
0.5039539021630637,0.6140566835827691,1.8819903013320185,0.22612656762629457,6.033385351791765,42.09394000373646
0.5068550174620537,0.6415313771318276,1.8672490142122073,0.1534474794244396,5.956138888881209,40.154873029333544
0.5472747436954251,0.7125891842107747,1.836184156144573,0.22183983780916802,5.922452406256868,41.368282235853044
0.052019734308623444,0.5110625239554211,1.701075595784122,0.48778348863360077,5.487357441555436,47.30311917077777
0.17895545372750649,0.5201283130212079,1.6324840788490658,0.5156205539719533,5.705055598411268,47.273081725047525
0.23793436284546832,0.6178136523575211,1.5933578003545725,0.30366791317132413,5.6694246293656665,42.821203737088744
0.31127535095989967,0.5847846493877344,1.7333012076168177,0.3257647407065275,5.770333290353442,43.26823586558808
0.46738039172775225,0.5721503272740761,1.8122726341370672,0.22474668490864874,5.968323039819804,41.67499927573745
0.44350049181787216,0.6071896405776922,1.8243067716303951,0.15619138146237377,5.907749079194783,39.991385052298135
0.6163525542520354,0.6996770897631979,1.7695322111832559,0.21058962138919773,6.052453502155794,41.778954115702454
0.5552044160547284,0.6101352469606117,1.7356709404382447,0.22534701722635342,5.992134306304166,41.75238633897302
0.4728337096513903,0.583506609528937,1.853317301233512,0.24062571516765038,5.970942792032789,42.02617620924026
0.4480680272574104,0.4566748862284212,1.9507147571304824,0.47248546667410773,6.133922204747316,47.990845090606435
0.6651161496560849,0.5210048934092132,1.8505149965837,0.4556366692130456,6.219512594406011,48.29399637238578
0.4111009294731142,0.563506751951717,1.9905510345658803,0.39286198421770097,5.932442820908868,45.13931832230556
0.5039045147173549,0.5913078860169932,1.9709273483528231,0.3917101291586232,6.007112705998587,45.361584035995755
0.3639418167155346,0.533992041795894,1.9941747438187267,0.38702875579740603,5.939194842341354,45.04060034925129
0.40138199332740854,0.5471799260502372,1.9443411124682703,0.4199932259320976,5.960076611783589,45.800363218806105
0.431155185958147,0.5637184341831338,1.8672448284913803,0.5002355376502758,5.9222445273290365,47.318433340177826
0.4677072198187943,0.5854163543802183,1.9369764838340182,0.40660518144386704,5.963221933892372,45.53685839605157
0.45554879981910507,0.5447176497052532,1.9295279470703588,0.42178599180279724,5.9936966542607815,46.04358852026534
0.5082961242092617,0.475628133312491,1.9831584490601624,0.4890661349623348,6.191088465794204,48.95255478136497
0.3842016927644641,0.5004929463603823,1.8238304020944538,0.3182957236100875,5.9192082649638005,43.45569083539834
0.3138113654523112,0.4629857903870083,1.9159587824880828,0.32322393698945584,5.931045090794078,43.68204589934776
0.23919399739882857,0.4977952343113225,1.8882482551763176,0.2488881411210564,5.73537784403354,41.71207882066289
0.19300017692308225,0.4812823184058631,1.9111220383829994,0.25333742845293566,5.710242681700709,41.86624307944125
0.33474729940326675,0.5515278630580258,1.7796046227601312,0.24241403220001198,5.738228213110735,41.53271676389368
0.2482901694686681,0.5334364681351909,1.8140749148346562,0.26486454332327775,5.678358976449959,42.04607431179848
0.527214285486376,0.5834340379773542,1.745711177533967,0.3315533651838925,5.9205203210082065,43.71157248780487
0.505832625367048,0.6495793293771956,1.8126689229772728,0.3178067080427614,5.876362308465946,43.20157408192534
0.3964857632076109,0.6883045757834989,1.7360673567332485,0.18409923969309755,5.701499413665326,40.17057229298636
0.4166103848598557,0.6600988635205326,1.7413833230109286,0.19640507513263764,5.769328818067035,40.473624861086904
0.07775774546710235,0.536055830339192,1.7474465828611798,0.16204502678098864,5.45851948549033,40.58608041812287
0.38674880628900293,0.6415921645657957,1.7364329426661165,0.12354198923249192,5.718508895519273,38.94329828965589
0.505894713805743,0.6618593247992451,1.6838237510907266,0.22795313490243962,5.793345538495992,41.0729026704856
0.3075409130497685,0.6766524809676447,1.7531371896191295,0.1484837143407435,5.654595386309999,39.56040169318539
0.3313113333465389,0.684581384035465,1.6550295342930699,0.2897138999319095,5.699945843130298,42.471067515920765
0.25946808681868494,0.649844243161085,1.685856946126702,0.3516129889962977,5.643629488148816,43.863142550899155
0.4679967119833735,0.76195792470217,1.7541600991524433,0.37351483846549616,5.827104482941021,44.21135445449999
0.1672100386475066,0.6570014203307084,1.631460783540737,0.3695841993227046,5.546320378829191,44.51866764370054
0.11666599049691845,0.5501138960763458,1.8481403146117399,0.44343708102919865,5.693122725251295,45.93091749324464
0.05650616977887546,0.5600223299539295,1.8364187697608285,0.36590750969154623,5.623813081956115,44.41533609096202
0.24334542182906127,0.5912100409280123,2.0066747039509143,0.47425852216746245,5.941705261020483,47.010037608609714
0.35659418373607454,0.5937641313670223,2.0858192772340285,0.483791134749052,6.08718440756218,48.07184582397031
0.5697402465342146,0.6583556404465546,2.05249330089958,0.30856640827975323,6.144690287526829,44.63116479243528
0.562775653943412,0.5595726647055026,2.000218921542235,0.4712133103787184,6.199820490155802,48.60975596922178
0.6822070640843437,0.6971537305512886,1.981762302024701,0.24986011358499566,6.162038279889056,43.44336830763763
0.3924021704863757,0.6168942615294232,2.0975712289610082,0.2035395496991739,5.947464225388299,41.25719801892771
0.15762800162327673,0.47099510091280233,2.0702965463435143,0.27696019587124115,5.811987117448712,42.564587483066404
0.27496917834838375,0.49506809181782463,2.0012196490508365,0.27084668591788047,5.887065504229123,42.62565921968208
0.35825798070195286,0.5986000800688109,2.082452845673439,0.15397083329414293,5.906889799723681,40.092347918742476
0.20459136937501426,0.5108952276774517,2.022497417123602,0.19389188099938284,5.756352640944728,40.62656025037834
-0.06105459112781497,0.4526648784552683,2.037190538956968,0.3329448067476085,5.542629939134505,44.009196668967896
0.2483551228050188,0.5488854518405616,2.1114763303173234,0.1945691875923451,5.8066059152769,40.646590948439126
0.20629106500847683,0.5357987161418672,2.100312562323367,0.19785583809647045,5.73772444906891,40.63928358936909
0.2310766006051661,0.6847405517300111,2.049426246237857,0.16698253227429563,5.637750953207786,40.012805182820514
0.3548099716173473,0.6746652863586542,2.053757496349582,0.24678843242717538,5.778180389277425,41.600892022041066
0.3195964426929625,0.6737295633947997,2.099871248090066,0.2656994514558452,5.800226040389883,42.11014539885284
0.3729264116755363,0.6290892798802059,2.078856169318943,0.3342295436179093,5.842185527716927,43.61310004101263
0.09759058787772501,0.5976677388614124,2.1553718235216097,0.30682584885430253,5.624555659247653,43.15999255882463
0.039351502371991476,0.572875286324342,2.0794379878006937,0.4174102013449125,5.56871432992865,45.642269514873945
0.3890173363601193,0.6998899269251433,2.1109896976124616,0.49049550123518504,5.879915342511792,47.0093303962196
0.32274824134966834,0.6658485759846524,1.9553696165129542,0.32746336494722167,5.739589747120005,43.319762011375374
0.42361765730486906,0.5920930874560764,1.8242466571982754,0.2806043488188183,5.8188513863571005,42.37720366978724
0.37628637731695863,0.510442281369161,1.8234814341578118,0.5071894942913461,5.891949042339406,47.299268291005085
0.1938052501564917,0.43637657089045684,1.8319961837445529,0.5330688541119846,5.773997883534897,47.71401509065735
0.32167065214587215,0.45315102153951586,1.9348418722738057,0.39404507791854865,5.907461237951094,45.14707811049728
0.3668347310103278,0.5352620442587523,1.9086838711130751,0.28930433775651704,5.8680338502776,42.76060045708784
0.14130030357063744,0.5248116137939723,1.710577565415751,0.26584887746757285,5.607932886142832,42.25076476449387
0.35711416609522145,0.5841317815212945,1.7097147004289155,0.2975085940895761,5.788718086981087,42.69056705773936
0.11299380850958274,0.5475182697674658,1.6483972582942563,0.31853149963510285,5.53812322462649,43.589184584885245
0.3824343804477009,0.5599106490195348,1.639021959279748,0.3454139524953515,5.8057379506905455,43.73212129597622
0.5314224599158595,0.7084002611474783,1.9300604558285768,0.35920598568031076,5.982691110732767,44.55258344635028
0.2076505845267993,0.6051179423789708,1.7691762639950668,0.573334639285986,5.6276774937600225,48.581057077596334
0.10877492032281855,0.5985762833086583,1.6337392336100516,0.541298056903082,5.490759266285509,48.35011039125553
0.23890336548255242,0.5605149885025151,1.7561569673059287,0.48414706960569304,5.680421892290278,46.6050934501567
0.3094875887369389,0.6039592547709821,1.5931121714892036,0.46391176611412555,5.7223224345352985,46.14362370937274
0.3148509829956141,0.6568534726836345,1.5885146624638404,0.3542448165458937,5.693550590799974,43.84146695395205
0.2849589531555279,0.7049294699686568,1.670122794712936,0.35612968454899163,5.606308412648471,43.923480821237156
0.3618743055702978,0.6224778036991899,1.6719083172708762,0.31871205908568057,5.7546038101687405,43.043975503165555
0.20989520858478994,0.5185621373169745,1.8668823797381977,0.6267536826622424,5.798294306343921,49.73264901524434
0.09024925183027221,0.4748555570792693,1.9287111021654408,0.775113753932626,5.764123286314659,52.94266653858543
0.0971925087069303,0.5362458582917917,1.8901328062233187,0.8359686890499852,5.676008870669802,54.1598589778098
0.25542654134359666,0.5975909404298997,1.9388311175068411,0.7651800038884238,5.80446360707249,52.54952660430918
0.15378498984297417,0.5534777865034202,1.965707012392448,0.9989206118686162,5.734165607944356,57.39226498084961
0.4647573958811395,0.5855260772982596,1.9828589440890616,0.796158670010241,6.040227796185564,54.03041220131103
-0.007789444118509459,0.45130386940129125,2.0019253683724707,0.8603258707787256,5.659790044642598,54.67541688867764
0.30967089982400736,0.5512307097716723,1.9156579110401524,0.6387673295680553,5.784441172067021,49.73916271387511
0.30125952640930576,0.5369452576226897,1.81895071975188,0.5001178065260882,5.774707587848782,46.84637183443252
0.21327163490419987,0.48122074387762986,1.9253452825258899,0.7636547949031993,5.821535149969332,52.487856841398546
0.3360210378598908,0.5076067312052149,2.0472278207902246,0.6901422342544741,5.918799996561457,51.180962324005066
0.3417904093290356,0.47776905074619874,2.1252496179477474,0.6806524964351808,5.973951987430212,51.3247944714462
0.27069686947122495,0.47707532829804167,2.214558520489979,0.7746951497078658,5.974314173877746,53.359452609066764
-0.0023029062461767946,0.4451391460216167,2.0666523843708426,0.6111481097434681,5.635054642777712,49.44803145946701
0.29217972589060554,0.5793291539086688,2.1074532537089734,0.45919574373256367,5.830848614251159,46.111820213969594
0.4942028037586274,0.5750520872127814,2.194377250367533,0.5047156809495394,6.081798183721512,48.16121510798123
0.5424701062145839,0.6931303934895905,2.294173865104265,0.5520604146674762,6.09260931262948,49.22201830498556
0.333078164815739,0.6693372592020421,2.179295767386121,0.6395662331554856,5.866395403824537,49.91757188577464
0.501891921595559,0.671365149159593,2.229443449076898,0.5506253076431107,6.051389097988593,48.890557248926775
0.39732259846283596,0.6547582215428652,2.1966679632510657,0.4927323769590735,5.973093679724389,47.30452223315656
0.12131979812123184,0.5147246606027185,2.1304517948396113,0.4528216037286705,5.80582161226977,46.06083768004102
-0.057015001458086356,0.4093385023227683,2.2012944317322543,0.6371658716626724,5.780738092770844,50.0870644144663
0.19800431992423484,0.5021433330789707,2.066596341182364,0.3906913954676258,5.839077322922809,44.88225452656827
0.4037223196093109,0.6486660193096536,2.0234838095047696,0.2941156634569643,5.960723466159884,43.10741644799359
0.35709329807346335,0.5458696096915543,2.0022113059047397,0.2578292483026862,5.899957704293205,42.18816098518409
0.2716645494644262,0.49753441927135894,2.000415398072216,0.4347933663654188,5.91306853194096,46.012911663870135
0.4131367705363231,0.6064211663979945,1.8490317490691022,0.3717847930931002,5.888655943161668,44.43055433297295
0.6710005517934198,0.678508576938638,1.831200489780408,0.4650296695605384,6.091756206956371,47.2575088326601
0.2500250093765048,0.5919856779668614,1.7017037317845243,0.3047580864122451,5.638839014485464,42.85111854941539
0.7323383719231471,0.7603997394743963,1.822365744279079,0.19788773725816547,6.09032884457651,41.66431540001362
-0.03808763755536504,0.5003196554380497,1.7698832423409145,0.3216691614333024,5.503197510676061,43.76161824894449
0.1814323783965821,0.5566296654511624,1.8332928122654746,0.18213006277471974,5.665575805772944,40.35355116428811
0.07370707064795667,0.5838830304474559,1.786006211752519,0.2511562540934197,5.515614563574905,42.18714099357837
-0.03164775570394118,0.5588022801944111,1.8242199748156231,0.29338890122545097,5.439918047587498,43.51838314011363
-0.07023053276824642,0.5070792418486649,1.8774886876885915,0.27004527038560855,5.4822555274700715,42.864523747620375
0.23723840715277889,0.5922423435795435,1.893437902926839,0.26923075377712546,5.760181285059313,42.13746903161441
0.4038971548177813,0.605531736069785,2.0466649219872224,0.3969267945136294,6.025468651241001,45.73405160827009
0.3037948980279131,0.603029547905495,2.081082760807009,0.5829150511624617,5.909882541873797,49.082195358494104
0.2194281028314834,0.5566288343261644,2.0530757785082288,0.6073642831823878,5.855568043474717,49.584199353460654
-0.11347816721600679,0.5137314145141291,1.9747379572522712,0.7161256019922274,5.533143293921708,52.17895462221921
-0.03677797940812899,0.5845736095414295,1.8758706804878358,0.5821304958519797,5.4774597271545495,49.490477685224704
0.06476832196242333,0.5663909887540092,1.7714462952286982,0.5962880190831702,5.555052808321452,49.39088657509105
0.2064424789862595,0.5481192872990905,1.7642828161282973,0.5458666222732818,5.70406637212287,47.9778613261794
0.2894021108584054,0.5479371762259891,1.7840541336871305,0.5459797869361941,5.762482730922852,47.945211548561296
0.3693059894496194,0.5810140230002332,1.830344441225269,0.47111564491584884,5.845127238623283,46.40377606682332
-0.09392514899809778,0.5196900690780082,1.789305532092211,0.5515987728240531,5.4286357813837665,48.995285920337274
0.042108384072783056,0.6060471021465418,1.7249380424380294,0.48608712066629234,5.4674221112739785,47.324166150936094
0.41309323626903316,0.7528393838477383,1.649465111419235,0.4009270769361235,5.682741594965169,44.695929581600005
0.32210752189527,0.7107864821745309,1.666698880593191,0.31781398843737346,5.597397597972968,43.12321791987331
0.24035946581578393,0.6343728230243384,1.5816109519824537,0.3756839181119075,5.510545062737553,44.68361421367281
0.21769927601560024,0.6608253300454937,1.5648782678997164,0.3224615417005728,5.507262610963385,43.60579335676925
0.28903847827751866,0.6310609515662917,1.5787847287294159,0.18743573325790414,5.589856795265917,40.464906176900335
0.25566842349868896,0.6063496039673866,1.5805248351558099,0.2632622361912962,5.572590244351086,42.14580596454415
0.1225978756743189,0.644559406723444,1.6333707600657494,0.2776021688022412,5.450482433380923,42.9884216887166
0.37115900213715963,0.6320951530999439,1.7001291741042297,0.23915466437381033,5.7228757388505285,41.35593689380548
0.6743296554516515,0.7932870215766321,1.58867727158727,0.24103903825023432,5.953268973562059,41.718311209186965
0.35446640234836857,0.5858556841073825,1.7300189201185954,0.1885054396236006,5.7505147310180424,40.37823583732105
0.3744948681059232,0.6391514041762293,1.7135293542339476,0.18953511037151272,5.693123003708749,40.33684535294739
0.14318693615039035,0.5755796170846631,1.724528924660754,0.272418065891755,5.490856310251439,42.68235728444088
0.08418819358687657,0.49324633022004655,1.8479648564295155,0.4089665238958836,5.583928909273792,45.3098618865055
0.2638467207009358,0.6424469415528826,1.7370274539041082,0.28709825402488715,5.625702765327113,42.48990180039857
0.4183483063121889,0.6382413688347617,1.7935888342336566,0.22136634335461544,5.769820764761646,41.011595240665436
0.005268631395450529,0.582450608548634,1.782767955069448,0.2703072511746186,5.446074770605051,42.9660404210474
0.018782835431001677,0.599177777911139,1.886644369049573,0.3358247394492992,5.546527990060755,43.872703585422805
0.30953269716940185,0.5930532906803173,1.8422014508974507,0.3185620220114861,5.725221691392793,43.08606108480167
0.19441574091712743,0.6054931574637331,1.7588417048288782,0.2542167155706958,5.522231115574609,42.15675850796592
0.1670036747526653,0.6419987338174793,1.805445486563837,0.252891122691815,5.498103258945701,42.22873370874973
-0.03321348440051641,0.6386195767542577,1.8714949420260805,0.17794900732203928,5.326724493762453,41.83076506373094
0.012489461298644478,0.5912714685613059,1.801720651556423,0.27857485772490775,5.395809177566358,43.38396955132063
0.07306506542713209,0.6440891772399716,1.830104563428101,0.25779240164832073,5.454565013777346,42.57716353627796
0.14835727463730913,0.6120523452745253,1.7094817350970013,0.15457908310883361,5.486607754700963,40.21251930774392
0.3056432481399585,0.5344262751486233,1.7778919521304686,0.2338436186553697,5.717885157735145,41.342658607085234
0.05359625460240114,0.43129851546589265,1.8578461043086487,0.40861038077008355,5.596542286807663,45.32936021643413
0.13180927997182978,0.4711215681495692,1.8957207407990087,0.24830868751072746,5.668655982706445,41.81146482123449
0.04195290802398538,0.4861882173205247,1.686076116590703,0.28788482156105677,5.4921069844266155,43.12129456028057
0.09095155856103515,0.5038129365506582,1.6966511994856268,0.25383122728667235,5.539844932987547,42.20370491170966
0.02079626789788691,0.5267802420819242,1.6771868617946843,0.19760793279700392,5.46727155210524,41.37331133604815
-0.22584826526651547,0.49100234202078397,1.6029030071107093,0.3036533264982537,5.226907801592301,45.46328022797404
0.21335966720268734,0.5963664248211848,1.5238688748151052,0.19112145145399465,5.526550530544812,40.82528337236694
0.12249700329754032,0.47900027424116726,1.5392371627728978,0.32027326660696515,5.523241693629945,43.63509578671572
0.38282902497953913,0.5007043313721516,1.7102329840695145,0.37249600447530506,5.824084408355631,44.29533748026968
0.5635624313637987,0.5899565533213789,1.6709763863854419,0.3242612494773248,5.921494702538531,43.42789170178996
0.44940527396570756,0.5801904949592781,1.5655158312849415,0.2951363420265217,5.793056114126973,42.49898192790311
0.25569358245292856,0.554524736400886,1.5489157445038044,0.19765942943654446,5.582933040170579,40.72263684800812
0.2889877160629299,0.4855336869465776,1.5793807442975747,0.3380023547388619,5.728949216961926,43.50774600061791
0.22887518765077908,0.6251917917795318,1.5241792238332592,0.14637159818177967,5.516851471000738,39.85250628276207
0.05548134266913812,0.4878914528163017,1.6277898397629158,0.21430718027814818,5.5279153864894095,41.443581832647105
0.11221109624021014,0.48901220629081127,1.753857872007446,0.19681315703298097,5.637685430377346,40.754276594943505
0.22876707689275416,0.5211966289563708,1.8914956138349073,0.19141913832566165,5.807277165965187,40.61542093289814
0.17117407239421972,0.49044360372705575,1.8361473413073772,0.21731201822871046,5.750912914529039,41.113247569194236
0.3274981649814743,0.48406434906262297,1.8528269676439906,0.2822657631878328,5.940111538955505,42.84935157542689
0.4900140627711635,0.5947466385877744,1.9574642125090405,0.29621411629484956,6.076255693641966,43.84109884716805
0.18105848927462947,0.5753083413050232,1.8492050508215871,0.2943898382169641,5.749250126571664,42.721797360917314
0.3350302666297458,0.5702883595529404,1.8567774743736258,0.22017232766255798,5.859087788439803,41.26761126491661
0.1694829046597388,0.4499727182463934,1.9882707053706654,0.3769006455457702,5.8586780908196,44.71352286150718
0.2199700453313191,0.4596538969339639,1.9479224470774987,0.30137382937985624,5.813676304943872,42.95512216174741
0.3839378523483691,0.5059551902842991,2.0014002246561784,0.21578722709925305,5.987300812902359,41.71536439208101
0.28532945443987695,0.5087648743548111,2.011193089580369,0.13846495439358628,5.839938779791801,39.56771652454506
0.08600511004722511,0.48352379080969726,2.1282571897503235,0.22296553740644154,5.73208294574747,41.334420964515886
-0.12431637841025589,0.36992871102393055,2.0918402043100883,0.4199654431983316,5.646362590593106,45.65343372102907
0.027936315502729236,0.49409174428507385,2.1095465907655857,0.21610063841299615,5.647507325405256,41.29228819770464
0.3980888622153481,0.6599392377830647,2.0614533840956484,0.1629702531356151,5.884843055089111,40.13880521223144
0.18539663305492882,0.6549626666362,2.0156070882557593,0.26481468654537194,5.633948143790522,42.13333610710041
0.1740259751795804,0.6419772929876749,2.0081177939254213,0.17042997748282074,5.6410797596615,40.226233364596844
0.26947661452603144,0.5592679615097416,2.172006493332039,0.35605371084297066,5.924847493123576,44.560403272932554
0.05723995334117227,0.5596882301613049,2.1746163171670974,0.33717058476509304,5.747162572094851,43.85770579475602
0.33515685471808776,0.6400517313459302,2.188198164045602,0.30611370425691187,5.97331933253761,43.64679565553451
0.15484918178899265,0.5975313449758414,2.157279670491286,0.3324190983893332,5.799704393274485,43.69794941545944
-0.0225894384394123,0.5323318404753985,2.1592531637999084,0.5483757368585108,5.717218412326919,48.257110453379426
0.34560134304191087,0.60198925623424,2.0287086126362874,0.27774998105149107,5.935257687039112,42.829322317346495
0.33052119962683935,0.6417450520398589,1.991902914931995,0.21634482946184563,5.837027392824211,41.186071233786166
0.36478686147646056,0.5840950088170367,2.126682097696383,0.2000299465638048,5.956198282885634,41.30591071104225
0.1364178384198771,0.5130995239082909,2.1141848593214565,0.31908278076026697,5.8166818389287345,43.4743299213246
0.0544394940299463,0.5343674348182064,1.9808171668115633,0.18075272284452473,5.60607841953357,40.55048883137493
0.25737031802106497,0.6477801022943896,1.86288061456306,0.22297218710732566,5.703923212303758,41.13835290802096
0.19680433474925035,0.6054814966794975,1.785586449893399,0.31352463358074595,5.6353591905440075,43.06400501339194
0.32117427953349337,0.561644044686955,1.7953617205215064,0.3351050549933518,5.812296505854691,43.4799380775584
0.3241045719430395,0.5918362964385915,1.887361899821801,0.27298371371343366,5.813070587210247,42.21917025813005
0.30958103161413114,0.5961170197772495,1.891427282703622,0.2678197847759084,5.845136923314062,42.205082025550155
0.3179999077186863,0.5127830428934241,1.934071759408872,0.3999706071680075,5.946348633755552,45.322971750029694
0.2964054283777544,0.5682141969201276,1.9620569911210013,0.37730288299950093,5.914861320103371,44.77342650196555
0.41024103422684155,0.6699224985152277,2.0709145778396794,0.27889530619500785,6.039164518461193,43.354292908861375
0.14089166668659936,0.5425295227954441,2.1638675552127355,0.45735875981074803,5.947238378466098,46.778650517886575
0.2161086629832223,0.561014715924434,2.1868578577952373,0.33642035682580734,5.92346088729694,44.0702345954058
0.32213114469126175,0.5813447168533759,2.1862550718563902,0.3546266659748071,6.035520144029428,44.976166341045996
0.35977291104040376,0.5380069997998734,2.213754287885979,0.3729563224199056,6.1548119630831275,46.329091449132775
0.16534430045887405,0.4712933886948161,2.209213681297113,0.463403379215608,5.998560028239493,47.25160259494827
0.31706521673035104,0.4974216036064107,2.177963522626063,0.3603171131828069,6.1352016872279185,45.914344992686274
0.5219112892512171,0.643444344694674,2.0832643546462157,0.3748430608414435,6.1749866920274386,46.414482618328556
0.37653433763074484,0.5845283988041141,2.0912174804192296,0.47080357743659607,6.068217006353283,47.635943896469655
0.44003386566898794,0.694430177854663,1.9042378743577266,0.31624829450759023,5.95634678165724,43.63557831391467
0.11073249507157412,0.5474855296172885,1.9498328604578286,0.31079402268529377,5.737804028913435,43.15011852574112
0.1405290593987878,0.5311111876443163,2.0879957119150268,0.4079979109714478,5.874376737336301,45.420593431111016
0.26002654277323534,0.5297654368899087,1.935985075393335,0.3289614816734983,5.959615271595605,44.091652712463315
0.263255300508495,0.5845885936254228,1.9807409154326823,0.3372444289428854,5.96257381871229,44.26287142501837
0.10416002029572147,0.5184204570518555,1.9969825249014925,0.2584801191400471,5.783289805906565,42.11111358405015
-0.10829955727996587,0.5404611277832716,2.000310408916257,0.28056365531852934,5.565279688811563,42.860730758246824
-0.01643142422202748,0.48507757446936106,2.043836991108716,0.432697633052077,5.750399596493161,45.867801253624435
0.03497160478552441,0.39448510608645326,1.8905785393614718,0.48660096899360084,5.792995409236343,47.13061990799311
0.14042371565319522,0.4607260451549046,1.9388794903590412,0.4263310677471238,5.8689329114476205,45.91985757262125
0.09819042764804875,0.45455276243659176,1.977977910072254,0.4131211867454364,5.848456424079563,45.57507899067729
0.2376605552065274,0.5036809728773597,2.0738216997682883,0.37498288430593013,5.952551579593276,45.05737919799546
0.10659784638640579,0.5286691501130566,2.0983395192258447,0.35098163676170385,5.780742352941942,44.12167335699696
0.01582297022582624,0.45859329053852443,2.0977584301990198,0.6146909791368104,5.851295161211936,49.90227854571714
0.2740410139852796,0.5382398026269959,1.9541351878532944,0.36493904918134124,5.915184685939993,44.6049782765251
0.1872007566896422,0.5448080820767934,1.9079491809843043,0.3655473908357202,5.759820798804606,44.290534819604446
0.27509226765097505,0.5758497727092825,1.9785932271283002,0.40185827542129093,5.923711910939817,45.45326530338963
0.2533929392962939,0.5162952519411738,1.7986458919159236,0.4645518250180882,5.886327460339104,46.61173829886742
0.3206518816146017,0.5658870146005366,1.81503442851196,0.2993817350335824,5.847644019814053,42.99529807458421
0.42962884952653824,0.5498970499068092,1.7760835807728055,0.2190128523326883,5.87303244307258,41.28278719557379
0.3596622088633027,0.5674761194465917,1.8506601173525388,0.16629575387171236,5.842542051912585,40.10573438074473
0.3976837750755895,0.53720209780525,1.773403656452859,0.25541223214242936,5.894907270845978,42.194194986056566
0.37340412403289736,0.49074178157657933,1.781865367738101,0.21959504145505818,5.950479744511239,41.67803782472815
0.3291962685373182,0.504684511324722,1.7338702822814351,0.18393174888437433,5.863945822462713,40.56824895849323
0.30606094653271404,0.5458270879355243,1.6278121608202367,0.18876056784451806,5.741116783605206,40.42669665041522
0.30933873373602394,0.6263926495865257,1.6245422304302455,0.22735543957338858,5.641722685271037,41.21607338050316
0.0957481945879699,0.6513528342094987,1.5777252134048452,0.3283650751518368,5.352593309500088,44.67338538613131
0.10583135360213913,0.6574276368976836,1.673210599562242,0.27088512512236895,5.419380032609447,43.082607344220676
0.40094858140558437,0.693410594234848,1.7850347475199282,0.26700905234921407,5.741364691718653,41.94158033298305
0.29978862818076907,0.6378784026625811,1.8625295793183676,0.2973258012145991,5.687627842324927,42.651130211035046
0.45882330921957887,0.6836625286990379,2.002318646072424,0.3231704725277826,5.863462072445965,43.35179643735595
0.19092714977616854,0.559643039040914,2.0193762914778945,0.3252029666669907,5.70354872325362,43.335605973830155
-0.08508217087391479,0.5889138298725827,1.9277060043387608,0.36430086906306164,5.418237674195421,45.136006537653834
0.05279839284868115,0.5372487230542896,1.878720248472044,0.3426993705024201,5.569051339714184,43.95481547663623
0.10695571885100663,0.5215148032157928,2.0292092516491858,0.4233599598766591,5.701941903841634,45.43414575171279
0.15274448665696305,0.5981569656188618,1.8661195717192547,0.27310064614467733,5.575974342787276,42.443091151952224
0.3095403068291222,0.6624088191403917,1.8582625535195745,0.24414817195594907,5.694279686338971,41.534498444122356
0.31980349259923446,0.6533501600280859,1.802441745429243,0.30337388830555184,5.650007230800441,42.74899921874986
0.4826584144674821,0.6481723479778455,1.9209641437481504,0.2218487550743583,5.865945601040025,41.19919624370167
0.0034810364765562873,0.5302454598408233,1.8847937206965488,0.25510908948092287,5.465754723308034,42.58353888569334
0.3818441748846799,0.6573068632963776,1.8813300691750912,0.17612283484516938,5.764590017981328,40.079081325105996
0.07918656152687564,0.6143327479684848,1.821926697391094,0.16692599201837893,5.462381780512931,40.68827882256259
0.4874793020323972,0.7686656996803571,1.778995387675258,0.17728232578878272,5.766877775252198,40.01435682185745
0.20366731320134385,0.5917759678008819,1.7728866776253216,0.25028095365323677,5.612961190544912,41.826325326398376
0.2640195883658477,0.6534585015921622,1.8591670565072789,0.21083216044477351,5.673240244956375,40.90678093866079
0.14911475290000242,0.4735819486659445,1.9816496119537264,0.32478560528659156,5.70362549421355,43.43563294874162
-0.09427222042697991,0.4713506369390794,2.0349304894223392,0.38611368989982886,5.487854339316452,45.31208838212287
0.07081521260423251,0.5245835000234915,1.9695184625232844,0.24160118084211324,5.563339829215757,41.925582403855024
-0.11363526818368752,0.47036333576827777,2.0969311952781946,0.38907986250016463,5.55091014398988,45.146748213478794
0.11819943220834006,0.5525393904977711,2.204655926418855,0.2791341578942863,5.780180216225374,42.54336860739373
0.3826255329387065,0.6957821045459469,2.143826784068433,0.2294499534409186,5.888203221384778,41.55673193336196
0.34448887933084354,0.6690870694747177,2.0697853862123834,0.1659465047940538,5.827901227527283,40.07340046187546
0.22569659952390952,0.6023414177892731,1.9810146991600457,0.21728305271592274,5.732339996203933,41.06741346183443
0.19110721915156964,0.5209285037738852,1.9349740385285035,0.22648790844093336,5.730688193490222,41.31949968395091
0.26924344644173154,0.5388770940282125,1.95557415147566,0.30635218280886434,5.786085999935165,42.98898585354826
0.2501518058174235,0.5546506436276746,1.9504676309627462,0.35659982751213376,5.720382065726795,43.97020094658124
0.42942038056593135,0.6226712765460228,2.0243868016362176,0.5273424562852038,5.90422753219773,47.770944092765674
0.3378812916506283,0.6338710075772982,1.9556052604156147,0.4863328154133188,5.740559469948352,46.535509417266674
0.1328535609498428,0.5960364476185129,1.953126970330976,0.40764558774160586,5.549478195539445,45.26697195640787
0.42784414366608364,0.7020170394992334,2.0481606471980682,0.3455109395434927,5.837029183053568,43.66781000528935
0.39366378997866697,0.6651420633236861,2.0104101202342766,0.2521967505173333,5.8003843901863545,41.66720187568062
0.2502701347746764,0.5137561346119344,2.1063237050995807,0.22818931059467376,5.8396454154105735,41.42432932644489
0.37686812064999414,0.600671058249282,2.113902535767239,0.18336076411149332,5.918617853404677,40.68963994185728
0.3713807471598827,0.6343889562318041,2.0921840186191547,0.27906160707966315,5.930086901975249,42.75979582714515
0.34996623250050496,0.5727033007281206,2.1023773701115482,0.3608943646071006,6.017645233209158,44.93120802383995
0.296637238025824,0.6433426252793156,2.051127275891431,0.4380730066971924,5.891421691041779,45.93467125476377
0.38866191967647234,0.647141553035099,2.062893186302584,0.2758577045749973,5.915112267585947,42.61316184788443
0.3112287009928746,0.5601793603536367,1.9959908829998816,0.23758107864719796,5.865066554057208,41.712407798183854
0.15709052362538367,0.4786290851420179,2.032466720992375,0.27891284309661163,5.773654428237364,42.48212099632899
0.46718875748613947,0.6008580692592668,1.9272099168798567,0.14806115879267362,5.973998482423956,40.17160866488127
0.30258432944309327,0.66601125535297,1.7134142162697081,0.20395720451097482,5.65830289446767,40.70534300102269
0.4051687971340868,0.6011428316552199,1.814639778302945,0.19691576466010405,5.872545033794699,40.7213887860681
0.060134482519429655,0.4636916816739006,1.6714960654724342,0.3442545069702023,5.590564186207734,43.95683970868133
0.18848620896159263,0.4897653640419535,1.709852165515795,0.34548828530983694,5.6821158100637685,43.76379995630602
0.08933781978523636,0.5230884469757853,1.9375655596513526,0.44706838090658624,5.623783868861526,45.99927481608049
0.23267030284183676,0.6109939528604381,1.8563921157710563,0.23401402839359664,5.617650955215089,41.42741045007801
0.33515079780042567,0.6490928451451872,1.9334832409742948,0.27561179306791195,5.731689198185799,42.13272742648153
0.18479844721231986,0.48653752373559317,2.105417829490433,0.42799316068561655,5.797508140941766,45.56517556718907
0.11874075493600122,0.5433254022370688,2.07334199833896,0.3796594037804005,5.651687221502229,44.55872704269373
0.2912608027596608,0.5727673136127878,2.104608613075273,0.464232914316553,5.837765854267058,46.376574664979074
0.15781308226684587,0.6027336371008949,2.2074471716176807,0.7658998495524038,5.751077012296307,52.66537910523843
0.18400750334310445,0.549620078669797,2.1898474083744266,0.6388943619401588,5.817153808945406,50.10907129074074
0.3496523117790252,0.5669388375366805,2.1472195761295443,0.48414130238636843,5.937875128898249,47.153656029610595
0.4316664244525227,0.5515001788043826,2.1640311218801247,0.47153279944461657,6.0597425635585065,47.498553739018966
0.12243521908342558,0.4266637371461155,2.2166853359736143,0.7284531401118272,5.890906745981694,52.253654799709246
0.40746454868106896,0.5508676304032797,2.1291505231628,0.5275749151734003,5.989371321245025,48.226047645406915
0.16189452489905953,0.5041886873777587,1.8484750678796087,0.39961866176482996,5.680487563159622,44.94088529758639
0.07953471639264797,0.48989728707965663,1.9741749504156436,0.6591780965923688,5.761180137685247,50.4650947196789
0.08429221219478789,0.5234052606158147,1.9450423014353686,0.4653658053141264,5.743317237992787,46.32004724851957
0.22438021774727568,0.6095781641611712,1.9326966419951035,0.4050654372215299,5.764998064564262,44.96852130738231
0.22285708701018903,0.600343911332503,1.8045112591088615,0.4684607015352221,5.714095598217312,46.21911566494187
0.22043680779243013,0.545371810562942,1.764510056389239,0.5120346983995201,5.73938811800512,47.146811902466844
0.3426264700478012,0.551700272733863,1.8941650607166858,0.570015787380314,5.965935727201569,48.97042011470152
0.19911114211996972,0.5210726716336632,1.8333188682692947,0.508134250864665,5.75981032248475,47.14557305379951
0.15741156432898318,0.6138558687729585,1.8917085446391229,0.3862783319572882,5.721170541506324,44.64628658684025
-0.12851976895336348,0.42713703253399404,1.9010028339551401,0.3599462116120141,5.499218904724783,44.73625388949008
-0.12252253211032915,0.4825750080952553,1.951874405097672,0.2964734844449861,5.449683874536924,43.669142266292205
0.30335620711077577,0.6440419552069411,1.9023286589683939,0.288261171855125,5.7292884593960185,42.49403389964937
0.3985416252417116,0.5924572314316207,2.0380323579871367,0.3669892280716038,5.968519320987781,44.82750575509141
0.4439516610491669,0.5767762776474135,2.035703092067619,0.3121837797825759,5.970065899220963,43.609440803001405
0.4155111467364469,0.5961661229350298,2.028718316092511,0.3213812367128259,5.918007872846567,43.508328491778556
0.1754564412580505,0.5736512842674303,2.009918178997698,0.3581814846928311,5.751098889127855,44.04189300670985
0.07200303702989275,0.47793463918974877,1.964066975496811,0.32699655151230234,5.6675323403865345,43.467383286221555
-0.13042318419878685,0.4817939994050676,2.125336572063058,0.42049334644854724,5.527868995044331,45.86289740891247
0.05147716576782768,0.5340584329092799,1.9709392274292434,0.2396435715178921,5.543903596591594,41.894830488978585
0.4351193230599713,0.6144301693172681,2.139886772686539,0.18678089383087704,5.96806573463712,40.93592327060501
0.5247277010975003,0.6903198170126105,2.134802376149709,0.3093194032433102,6.004473417184225,43.6149194190513
0.25811664113670885,0.5786247894988424,2.2002647958750776,0.33158712673413193,5.839085000295073,43.586162660912265
0.3345147638544159,0.5655392418651451,1.9954475499335338,0.2735284159538297,5.829310283283874,42.301354031126834
0.3631859263902983,0.5150312160076063,2.0594405525591557,0.49138279066692814,5.928486524017237,47.187729993370986
0.6369733749962206,0.691542507694736,2.0917122824340852,0.4012510264446014,6.153347225632924,46.56767149515669
0.3930950405084022,0.5951625594019453,2.0392533051509063,0.4127598958327853,5.974408533086582,45.7214241444548
0.13458513905060698,0.490340733631021,1.9399112712463975,0.5346857914982226,5.808978469354159,47.86468051957969
0.34315194340904387,0.5417093504958602,1.948123460354961,0.44592568891143214,5.979327553684235,46.53973402763019
0.08010141165017393,0.5671552785204744,1.8495317376953568,0.39489919040067095,5.672933334198245,44.94899322878605
-0.13780092611745798,0.5463700296333748,1.8894592221663697,0.6188150003331893,5.423310082770328,50.59948389249867
0.2311715313901549,0.7150030776878099,1.8645190591279848,0.385524497543294,5.585372860625245,44.730557862458944
0.6207659836424135,0.7993835444853628,1.8531046092239218,0.4734464602593303,5.939347475088772,46.66125530661886
0.739535982484053,0.7616792849445265,1.8553846834628775,0.5656225641623455,6.082761037217864,49.26049905019553
0.5151381431153796,0.6580397724384298,1.7293828621270233,0.7828374310501935,5.835092283194891,52.65940618669367
0.42962232159584557,0.6300626004608739,1.706863279008424,0.6762957350365296,5.783831164636359,50.52986926858943
0.49259389610193727,0.6515310236066991,1.6863858762766484,0.564334394675259,5.8630916907237935,48.2871250015063
0.4430560736577832,0.6077243661863269,1.7434294480435384,0.6235456556000486,5.807980116047114,49.32127178497693
0.284433037211258,0.567484460312977,1.786382243201648,0.5920085209848066,5.725943344976235,48.76413647393929
0.23230762544899164,0.5524988441374754,1.7487468903717538,0.5464957862799249,5.653093727342749,47.89827322951833
0.1804732406088933,0.5533254098032706,1.7468226411451284,0.41652156953337016,5.621466033798157,45.240717603830554
-0.4374958890656099,0.469262131930701,1.7389088441889453,0.7257785623310816,5.198623516081483,54.583630905437126
0.2600899783807325,0.5430892806367101,1.8575387788626838,0.4624142981309416,5.779888199156335,46.13788233260994
0.20062692019976897,0.5670665551233559,1.7631599148502872,0.4101586056910752,5.753710621904405,45.052032139742664
0.32144532995077757,0.615532360295472,1.7157047668667509,0.34414157055223504,5.788865799316904,43.63599565317814
0.2790045140042581,0.6534550595632013,1.7619347342961866,0.4136638272430616,5.7586169065037645,45.078630392558175
0.18991857963146774,0.5402702790572016,1.7998261293828763,0.5322902380119384,5.720513179540829,47.598565173776215
0.45232592645132186,0.6247057983407964,1.8574951408732283,0.45832268427843015,5.983341203631326,46.5937462319416
0.25568900846601095,0.5390362425308997,1.6180788584694792,0.3168827807604446,5.684423911201602,43.048322016049504
0.3393742106310951,0.6367133180673821,1.7966942738097358,0.27167623624048526,5.708814431977725,42.06104532233878
0.06387493727139759,0.5615878085295872,1.7304025608123212,0.12630954389813814,5.493866144541075,39.73132344677775
0.06945421591704093,0.6139089107640846,1.819618660814486,0.11507684963445133,5.494560387130937,39.488525452376
0.44443465763881745,0.704215513097964,1.9362326314197509,0.20934894037378396,5.875353938265597,41.01842541296749
0.35071337204583003,0.6820270097193692,1.9183481074368345,0.24533407971547674,5.771276908101096,41.5898851148066
0.27503158996457955,0.6128366948903582,2.010373520333477,0.1648090887925857,5.781872683402985,39.98133420230227
0.15920950383065224,0.537858864461258,1.9458265915805806,0.15540727124527381,5.706363392868216,39.819643461675646
0.5365425100652004,0.5328376252776924,1.9985464755051814,0.2495670941107079,6.11381592022197,43.17067242396295
0.361473019871981,0.524857031953901,2.1144170355137044,0.2819761964968171,6.049009328806434,43.495165302715165
-0.03828162622113396,0.5387477008389743,2.0282007253592864,0.40007014602150986,5.6785124544837355,45.17863389753836
-0.004029061780372656,0.5438636656082898,2.0220037542159197,0.48101811291736546,5.671805389266437,46.95897506755848
0.05989993138224281,0.5908995760755328,2.0355069683085922,0.2906358022389658,5.66923555229363,42.91326099847531
0.08686535310499754,0.5235798915453558,2.020978283487996,0.28346435565091777,5.668500482329536,42.66817529652403
0.026037676704258716,0.4601384430066398,2.1604730207354126,0.4005536599081125,5.748282106149086,45.1201458616808
0.19507043892709153,0.6624460397507318,2.1781486786462336,0.2165897958593586,5.7704658930175174,41.13524144743076
0.10845706782138786,0.6191145975256663,2.2322966068097045,0.37913639187617226,5.738208067526344,44.59748582486311
0.07419576019259844,0.5585735406049321,2.180999664671401,0.3503545638773548,5.686557593457198,44.030867826374084
0.04949010209017035,0.4880870417132883,2.1937434655450216,0.41383332467705913,5.737349632345905,45.35396052145564
0.012213542942671962,0.5529683890184454,2.101451782488207,0.15071720030180544,5.5917229756916385,39.99398634979057
0.07879551899153081,0.5456234614526527,2.232911983181273,0.3117180156066537,5.763855994954462,43.16391064915616
0.025930394815340208,0.5318745759321256,2.205970053560455,0.5456909976960985,5.758827632338713,48.115214994079565
0.2214784853958206,0.6872010552432932,2.1553412305630943,0.3780114150568444,5.761597788986565,44.42730010312629
0.23779102716141437,0.6722041077212716,2.0023820316683665,0.2133702608978721,5.680058059463649,40.9667878036867
0.446549732298406,0.6750913599786365,2.0937694330041774,0.14974109656952161,5.91650102306226,39.90179429139238
0.4577577997006184,0.7010122102160707,2.0112359947385587,0.12477522489369386,5.912204185008501,39.34866982668561
0.5491925116231506,0.6663064950252227,2.0792943641700687,0.16260824712098407,6.0691861936981955,40.994907338604385
0.24138842006051842,0.4945154202425115,2.092489441526231,0.23181617843538183,5.890788737400157,41.75776022584819
0.20398607410193448,0.49747058840299113,2.177014206706897,0.3251048564445666,5.881693782387879,43.69397882479667
0.4713961986703157,0.5659263489250229,2.248489936717412,0.2972329980216921,6.121593950104905,44.2957455717928
0.4488339241303395,0.6219770942655642,2.2881089010349225,0.26706907725114964,6.07408538016632,43.32533434507349
0.30602093744502534,0.5746996618025039,2.3274628138927027,0.4236596771405506,5.974288626073962,46.0661486497592
0.2572426041152045,0.6217030669771814,2.3545255921570747,0.39007560594970114,5.953125173586381,45.3086914801845
-0.01903874040869491,0.5297534080288657,2.2947900371506176,0.5697743171692543,5.774237557929881,48.73101491105308
-0.0922724379687806,0.4725037234254874,2.197009280831269,0.5968512054172601,5.6827299621805505,49.279948652057236
0.1645393541760728,0.5287010130017963,2.1721877378998276,0.44856001445413834,5.807997502897793,46.176746802365834
0.4722181324827154,0.575452048814045,2.121431330149291,0.3050474677505635,6.052821279683245,43.95926235011693
0.0968484296209533,0.4484305629052168,2.187510349200506,0.5291666595628962,5.897455069550609,48.24269469630721
0.09307682331475142,0.49356356520008837,2.0247304092600587,0.3816769469605507,5.778964073050091,44.81399906462503
0.025326274113079972,0.4731787018820893,2.0376862469529398,0.44464031523282666,5.795669679810202,46.21262919253647
0.20630783860423463,0.5147299124000992,2.1931798653100394,0.43938856140538535,6.0046575937865985,46.80849121732427
0.2515318362654604,0.539041377723239,2.2061364702161916,0.49393621400721327,5.957989493087486,47.66599970147288
0.03653623241291348,0.5207711134645234,2.036089525215149,0.3609063146246631,5.66373098773587,44.30985602229742
0.14246559696450223,0.5337405160933462,2.0312012978079275,0.3159871411963729,5.755703842105742,43.31874279923807
0.2086751113470967,0.5621517402500825,2.041451173428717,0.20838800900320448,5.765855044039759,41.003847019394364
0.13784622656512913,0.5316260263039991,2.01050584880893,0.20928600744049847,5.628940015584604,41.04593606130374
0.40345375811410367,0.5538002340312113,2.036616759453011,0.3113874060514166,5.904459070064068,43.29716459963973
0.4156156841618754,0.5529144068672501,1.9164173388314625,0.37100073449513554,5.904570671519358,44.489714170456814
0.4993274206361677,0.5937227835112674,2.008169822412251,0.3303163919524036,6.008393986039169,44.090255238707485
0.3384375115036994,0.5702369932518567,1.9816330267899098,0.36036693653523133,5.8331047449552695,44.1019781030755
0.21424486585350544,0.5364214555115978,2.1369540823809157,0.4394495551640766,5.809230208496354,45.7914427608021
0.30722154895489473,0.5940946185634269,2.096748241548682,0.3138498654350648,5.858643291805769,43.20968342144067
0.27681946626102333,0.5640867060728867,1.9731447051460111,0.28245648898834386,5.787132173984653,42.3958637015164
0.09739582115147044,0.47067828143866547,1.7589152938849992,0.28191436955206794,5.627610273195939,42.5648042733233
-0.02629977708334519,0.5035513113343432,1.7029584787974996,0.2471534483787695,5.406141733320753,42.692341196428174
0.054799278629022063,0.5015684606806219,1.6798239835189928,0.23521449807214276,5.468783974912225,42.11542828847963
0.17914484948456827,0.50987893668042,1.8140611250079912,0.19528996567182805,5.628382165387024,40.67072917291101
0.4100018214152957,0.5411827280172297,1.815336455223175,0.18060137196011494,5.837779242788519,40.31705598999399
0.28420147191948636,0.5621798056250462,1.7050690585282915,0.1755085221244116,5.649422333147446,40.17074640563917
0.2631993258191739,0.6589706192630822,1.7921101663263412,0.24866279994243246,5.624210598406582,41.75821468541563
0.4378833553445721,0.7030174446086772,1.876000684265566,0.21592598311490394,5.8161009306779174,41.01566575582381
0.2987521722679056,0.6822168379452881,1.9330187634257796,0.25575995226065557,5.731550336550234,41.89663830034446
0.1815169295707369,0.6337110913594525,1.9434617951093016,0.34093038828920497,5.628142926223362,43.84934961069017
0.43198472979489255,0.7065410396610454,1.8980927054631849,0.2865812709868716,5.78356769951049,42.4231948003656
0.36405447741813635,0.7576484552937016,1.8671582143228629,0.1274119001460243,5.6832755560986445,39.08170354014201
0.13157943764199542,0.5946040621763737,1.7239174026720046,0.4029203680733368,5.4734257846435295,45.63191943069129
0.3388791750860705,0.6870204660209117,1.8768421448736698,0.2703725517294585,5.720612745441722,42.08577768910571
0.4059954303669229,0.6606813864186152,1.8434635968450175,0.3026601723475344,5.776971059522647,42.704177327159144
-0.1009661335887635,0.6465936326316518,1.7157986126560771,0.16222070719443504,5.222712068391553,42.44962791104504
0.2219350624906259,0.7379016414545941,1.7829374131255595,0.2838993450586466,5.508476411014838,42.76780119508335
0.03495243386564206,0.5546413611417813,1.8206669951620182,0.3528903769283058,5.423609323932355,44.81539896970021
0.14610675516205596,0.6686807265834466,1.8055278407700717,0.21235563907916133,5.48718919492257,41.456593444993196
0.0308334852014438,0.6004338877183593,1.7982408492570408,0.2710094690341921,5.44844256402378,42.948763018658326
0.3765327339445471,0.6221410141840061,1.8607664100337828,0.26375948636732993,5.810339725018036,41.98317241021875
0.2047756145835647,0.5575782143841567,1.8286399834185665,0.2125469351347226,5.716275129165622,41.034731484039625
0.20287171612964633,0.5675486421670206,1.762004707043972,0.21125001348804018,5.674926462670575,41.02777911728971
0.48636494204069763,0.6216530702893199,1.7731466511024476,0.29006038149518476,5.911425627714033,42.87358043918921
0.44363143768726515,0.6521019162352519,1.9447191286573406,0.3673208988806541,5.927252694381318,44.56981213728696
0.4709925386582988,0.675076265194513,1.8216056903889997,0.40425909727858594,5.851808596066096,44.98039740102684
0.5876818730881139,0.7555186752540031,1.7339343844532649,0.4595105494629157,5.9098152550933944,46.1708141775676
0.0029949779759998463,0.6089099765204894,1.644243628017199,0.48083457780698696,5.3360018639436255,48.033918585297265
0.19953908611774984,0.5826610344180458,1.7128877938944194,0.2808010324017585,5.548313379447531,42.63621304114826
0.38563305407852577,0.729118308235755,1.7768344595096266,0.23795195007343814,5.674491007650817,41.333578427698335
0.5179224407123604,0.6791876231359205,1.7520540758391925,0.2286511002695525,5.824345144285767,41.1667560467271
0.4488977225083534,0.7182528882165496,1.6612701696419843,0.37038583167163674,5.714235344965838,44.012214699963685
0.12634208154454724,0.6208410719477073,1.687994744335001,0.3580177183382797,5.495083691509909,44.47340506804825
0.38469569354865474,0.6774827982219765,1.7336013080525865,0.37539684035061377,5.768897714929846,44.214541660801544
0.18804755550602148,0.5007663994550658,1.8468855424600943,0.32207806837756153,5.71214232438164,43.30426803089848
0.03846623911434638,0.48263151725088255,1.6873276408310487,0.2959642438393472,5.527540913311414,43.150339099598504
0.060769753527375736,0.4695070865053289,1.7020990105109806,0.3647698072928751,5.537530613466794,44.52412081553965
0.03963902064493535,0.4815532984523688,1.6935343049218319,0.30664272676509785,5.468872490338971,43.583636535306226
0.1207143248324018,0.5371947054701499,1.7319373970231755,0.34660850406727817,5.5270665995223895,44.08149022749878
0.08124551438748118,0.6791292217972672,1.6647110341736735,0.16959060789854463,5.350077320200261,41.37114014894343
0.28209197951492926,0.6840393304204793,1.672431982296736,0.3043480588286092,5.553368297923017,42.9888851534917
0.244978479062459,0.7080706403586933,1.8246890415291381,0.2619657930895866,5.58249271063731,42.04093052704757
0.3507404269074487,0.6449657066127867,1.88432836872168,0.24852702040967156,5.773069211314573,41.61242060863263
0.5697185015891313,0.6922874160665219,1.8950509856981959,0.2084262919290425,5.9396526788181445,41.10909063446145
0.4107124165358342,0.5663981409168908,1.8179719287983267,0.27190780102704176,5.847766869267497,42.22887980152445
0.2569422569944009,0.5967286717387942,1.7268735679570755,0.23387109844300796,5.647128252930271,41.3794568254118
0.4374640024124794,0.7081960430180657,1.6993929560170413,0.24909411714111504,5.740305276981391,41.494174207265495
0.38062582422878405,0.7166733247958322,1.5867557226144924,0.2936467328576394,5.654250625364188,42.46381072265494
0.6530683113801236,0.7070636685662283,1.7355630141057894,0.25188344305166666,5.962648008316987,42.00847743288098
0.4099811780282604,0.6604188007351572,1.7584907229052273,0.21238373883935333,5.738056596227991,40.818503590715466
0.3495318150309677,0.6961129568254903,1.7824125972391993,0.25607563109216447,5.677712029829058,41.773765426022685
0.34857623697673545,0.6341501065591371,1.8782365615823577,0.4045659458535848,5.777819993841645,44.97550703065151
0.15093163465035275,0.6782062895115123,1.862626165806997,0.34582890139875183,5.616337597566568,43.87523749154786
0.43117401120521776,0.7054329614025696,1.762470031600152,0.277727941354191,5.815434573763602,42.241115074031484
0.4311997991970761,0.674439460513565,1.7938209183659413,0.20426284191071375,5.837621714934059,40.75942269024155
0.3211533330031416,0.6800480656088257,1.839029005272101,0.3041909994839609,5.77066841343785,42.84250430087084
0.036867204751325766,0.6629592901112639,1.955320042317884,0.23927032533201437,5.544887540519105,41.91753930796733
0.2890638474038186,0.5879772802506769,2.070273792191435,0.1983192661418981,5.884120495208297,40.982675986440626
0.345423988835731,0.5613190889236509,1.9672418968341265,0.17981181182289274,5.863152447542101,40.42488242591062
0.2402210987771094,0.5584913839469031,1.9164163764855289,0.1425835768236533,5.727740912023905,39.47213179513678
0.5210351582385477,0.5841849696962254,2.033047997450054,0.1486462001454313,6.060605349126526,40.643056928800085
0.5902320773600189,0.6513674864613611,1.9990173287918895,0.1515580224144498,6.051532843947211,40.56730658775891
0.4334219844758223,0.6161176516250423,2.04101564096978,0.13901026228879287,5.9185002465728305,39.695961516957915
0.2470028445181569,0.6141607754041133,2.071892956517801,0.21353707274668116,5.721024333307456,40.97810515257142
-0.08979375733900752,0.5836330755375269,2.1136552448566492,0.347978405143068,5.459062540061528,44.639565883620584
-0.027036907770625507,0.6645552578720186,2.0369006533471237,0.27094343697190315,5.446992595148009,43.02362844339203
0.11138037137306167,0.5507228792699311,2.096009892905871,0.2886744519322766,5.654560540172621,42.65053706629048
0.11488272080946538,0.570094630074214,1.9778733325954514,0.25235795567074054,5.618035677897845,41.9388901065475
0.18911895348012187,0.5825017339874283,2.033669612286284,0.2525463312131013,5.6996602236643215,41.85675727712372
-0.1189482776058175,0.47571390170744443,1.99739079292689,0.47197016231962863,5.50223536305615,46.978451111202084
0.1593792102497142,0.6292635249707303,1.9319563029146367,0.18903676647171053,5.603067059009459,40.5855369115993
0.24831949176446122,0.6262700713997964,2.0401318562636876,0.34051641086351575,5.79478388625392,43.67628629505751
0.16191189310947884,0.6461446032269407,2.11145644780082,0.29055493721761394,5.7442972847132,42.66276429176474
0.03242183351763128,0.511920195939203,1.995652038639538,0.33344898749820495,5.668084931690066,43.66841630053874
0.43801595298594354,0.6228070092140757,1.9628354459701807,0.14182486279001413,5.974959693797615,40.06669294307533
0.2750608023827471,0.6053083829132018,1.8121729969494784,0.24201697459519217,5.760442325626425,41.55480372219954
0.565068714393969,0.665309979383361,1.7393371055926266,0.14853815834168815,5.931918976184227,39.82078663681284
0.5388129905074501,0.5992436295036299,1.7099231323708546,0.24234667212082334,5.919363177228359,41.78909141318933
0.5197889714921461,0.5461091605577101,1.738120807000187,0.31751481855750946,5.955547549989136,43.543579266894255
0.20592920236260837,0.4362233970626327,1.7512667696250819,0.4117250908306563,5.7879423077321235,45.194503426862
0.4015515544978242,0.555444163652148,1.7883895986903044,0.2103498816070435,5.839635319460618,40.91396449863141
-0.18610741815193854,0.42839854536278343,1.6108884942764174,0.35931158660838974,5.314939825001776,45.873050231928154
-0.15609815974045033,0.49764874881192445,1.5753212964504995,0.3869566289808094,5.251660738116076,46.911300057984604
-0.07893362099964168,0.4666451426658348,1.6096219323565373,0.34249858265027433,5.425655002557437,44.73813028508843
0.505968373585552,0.6954922162829648,1.64984087156205,0.1799889305213991,5.8712984577720295,40.310726992504804
0.22793840637911683,0.5766478313840899,1.6531277064920233,0.24834939695691022,5.628294444839678,41.73474570436049
0.3110707689700211,0.6060977727678206,1.6254371269590966,0.24358541829377342,5.696890511389968,41.505088398069866
0.30200209065495925,0.636894250395367,1.584246010364955,0.3478493652927457,5.61868042861082,43.73476620550013
0.5131435518763774,0.7343528218653604,1.7423633529058473,0.34933524208309663,5.838288820138402,43.712528908887116
0.693299159740203,0.7789134863826103,1.8267350098137043,0.5254694724937502,6.0277742424491985,48.05196275489373
0.4333553947576453,0.7096888983693759,1.7583634589971107,0.5021240312445999,5.775650542431231,46.82772666642066
0.5464068634553235,0.8368709750983596,1.6943296572807183,0.5243247923607192,5.8127167566863225,47.20552430977708
0.46560066392664096,0.6540701841262031,1.700753873546483,0.5433224281465575,5.810344783789277,47.68908165769643
0.2549505980469046,0.6533435379945359,1.6543762508698607,0.5434189202883645,5.649888505411589,47.71594998792816
-0.060404334307285645,0.5067315508510519,1.674091004482134,0.5237136048456801,5.4798695855269255,48.04779470783594
-0.08368377611093614,0.46621688903770386,1.736615687187535,0.5642370725774696,5.506944441874658,48.78886912187676
0.10949416843306015,0.5330837653547477,1.8069328753973577,0.5276172873321601,5.693006428556617,47.49208247842646
0.1997288191049551,0.5139623243429384,1.9340926308995017,0.5990122270572025,5.792933751486505,48.987417755203815
0.2331563609705452,0.5333610758141424,1.9281952160596982,0.47628010240521546,5.789400316108114,46.41901969577691
0.5170302208378891,0.6742037297603589,2.088309222848804,0.3995553182983337,5.98903670158379,45.35622592940957
0.5171181991975222,0.6124226922172601,2.163147605498107,0.5007629910010882,6.066143740380213,48.028127903482385
0.5001797283135244,0.6304372824507798,2.329677482314088,0.591018745157272,6.136120127704688,50.4402664193926
0.3695293180666076,0.5472968200519168,2.2774835828349183,0.734750453088005,6.067180556916153,53.030429077755365
-0.005996755108055529,0.4884446840797446,2.1898210900448336,0.6278649394724707,5.68221398825755,49.768700810656185
0.3185615675536702,0.5368900189236745,2.103225769302095,0.4439174712461949,5.906101339017691,46.0779013174256
0.2198114588745983,0.4933446635288301,2.0025480862915708,0.5203216038232645,5.798324778468369,47.42488375747228
0.1546150930094431,0.5184993899556681,1.9856661064218404,0.3765114322782004,5.685121548197104,44.40845383213485
0.29534041556431545,0.5236513351205649,1.9525546376770144,0.28402107912321506,5.797230893732225,42.49679771565182
0.1974011761703317,0.5679357206013609,1.9662800192244563,0.21489747997700784,5.676466043013118,41.03362083493265
0.4063237051203435,0.49198067092233305,2.076504309445633,0.4373708199474057,6.010725939309603,46.43275775985573
0.5561468870132567,0.5914998292374469,2.0411177119620163,0.40594187513298713,6.083386618513965,46.08631363099649
0.2781805672014442,0.6243440997986233,1.9796148032819199,0.4546875172390845,5.802046539061606,45.9611480843914
0.43067787034192717,0.628835553276477,1.9303863088823907,0.4653021819454633,5.9824081921221675,46.72761353979228
0.5367887422451262,0.7209687306949836,1.8887750190505563,0.3857772050670319,6.038713462085848,45.36242655568447
0.19022183304971196,0.5988366830531985,1.904923569852311,0.5227296237094903,5.788096179543964,47.46710637089729
0.37820590201480997,0.6730932041993575,1.9334610407287542,0.6238428059286353,5.979917285761312,50.21056841200403
0.49710932565150057,0.6488528715433595,1.9949942264019875,0.579816868827677,6.107738277166183,50.09855365741972
0.36932941646123607,0.6671517189457462,2.074132589421166,0.4962012339991721,5.9731777878120305,47.559515085172656
0.14311071779874318,0.5123755290064435,2.018791318236171,0.5581064611216028,5.796791644931892,48.45095636242095
0.29701249267749147,0.4902730772171074,1.970654251486575,0.5615498869705539,5.934855566473963,48.8159752223043
0.37408867439290006,0.5476230227690045,2.0690197393617273,0.3676064730126475,6.0024378286213915,44.97969298038364
0.5797887319892292,0.5790468499372934,1.990904593321275,0.41186791657045135,6.148070386447909,46.84987736989202
0.27215948414360264,0.5912683222886249,1.8808749195830539,0.32120269101894516,5.723923585920713,43.259039115196714
0.41960820449708086,0.7590743277370927,1.7793640839392204,0.2372464714024131,5.7300785907602325,41.346656433223835
0.21254099495710543,0.6440078846549963,1.7804047364286626,0.2753720614769508,5.604230644716224,42.430592302311624
0.3179836769580695,0.6975726423346309,1.9029020028056334,0.29742181251756994,5.721928529524489,42.70973848173843
0.6343606477056303,0.7576951651934857,1.9463568190325664,0.36435935084847465,6.001489455637809,44.69379450402456
0.46859676130031663,0.7801855082464798,2.0893744925209417,0.3412309102714463,5.866175845701975,43.68853670534388
0.12912931363220503,0.6977355602585104,1.9991386622352736,0.3134537235291348,5.523602237902276,43.41383842852484
-0.02991320231329353,0.6664144300060297,1.8813534710581887,0.22922224659909798,5.340713355387538,42.76800621062191
-0.04444969624832473,0.6522236730780548,1.9879044837860989,0.2047934045975448,5.401260274270015,41.88246720635613
0.1535183089832981,0.6545860512146586,2.059290866518941,0.16250161838828572,5.626888240094658,40.01902765694194
0.12159653119649749,0.6168124158991024,2.2330488339542933,0.25459560332002396,5.732825228937686,41.91809916925557
0.09226004177091274,0.5716502672929507,2.2385741956063954,0.36864160367141213,5.712123404364162,44.35046074920779
0.15334545303366542,0.5363364943526878,2.261191575388618,0.19417898119843907,5.794147539560964,40.72635914260623
0.20954911623789396,0.5115905977278757,2.257509445384834,0.22158405223459957,5.870531982135316,41.45544269258616
0.4088635013579901,0.6333168096769689,2.4172135593102637,0.2505739369448964,6.078895377819039,43.00245581736264
0.24196370453220262,0.46584967895643337,2.5139945763944684,0.5072004399080576,6.157055793330884,49.12365931715917
0.22654730543866453,0.4919724914132565,2.3292175254754452,0.2786578182579653,6.003674105786449,43.28619481978132
0.24269513753217864,0.5928574393250862,2.307530896294792,0.31745063893566455,5.930890511275025,43.690656809171706
0.3169488687628861,0.5903732248210085,2.370989694187416,0.3306120373944087,6.053636318036653,44.64810156008311
0.32440676649578837,0.6104687961638577,2.300238097127153,0.18036660718236205,5.952830034310496,40.87159181537547
0.22595999710535564,0.5893378199897876,2.3901327029089803,0.22442941497526184,5.910562125253717,41.73268982804894
0.37036624123444173,0.5861967214854084,2.40494913441481,0.25844692925310087,6.166420699673671,44.09240165511264
0.19264737126641196,0.43428258952460425,2.368848599104883,0.3612945206295862,6.117529734804155,45.90678559864081
0.09597500884602461,0.45498784485027793,2.3097618185753026,0.36924377770037176,5.918935502218542,44.80923198036289
0.6940373776624305,0.6018526085974919,2.434326854299377,0.24599565540593862,6.425531436385539,46.47957335491051
0.5838515601659565,0.595627847857791,2.5038050024589587,0.19862945755267586,6.337422751995007,44.45055882845091
0.41041371125459414,0.5175366222571913,2.33955009331499,0.29491089168774764,6.167563168776538,44.769624461516386
0.10884426031712224,0.45227262129450596,2.2730915409419135,0.382650674977337,5.918250455228622,45.22468744334146
0.5171546183085984,0.6909779154588584,2.1814949393524876,0.18696713014535352,6.087585743032938,41.729061404272386
0.48572108511531115,0.6352552900008052,2.3066406271989472,0.19632092705553356,6.176127509130405,42.71464035916679
0.22592291334420012,0.5470691970205525,2.3379752022909113,0.36825474714824225,6.03202178444965,45.325709999522736
0.0615582083906806,0.4803295255213586,2.3322476780886525,0.33512593965177895,5.897396434979506,44.08668979857878
0.22996015423307004,0.5257621436251709,2.3617221130769437,0.3834293025682018,6.047809128711442,45.75630860162471
0.19661677379846698,0.48997105693326537,2.4049431250885442,0.5433190995132762,6.138648852615129,49.927515841465855
0.29491834917917137,0.6082546820764697,2.352518317529776,0.47508048071630826,6.1638236570888605,48.69837860783785
0.46642625957733397,0.665487468002159,2.1831451098881187,0.43592232220011834,6.212315095533935,48.15956114086065
0.5569482361624514,0.6223672510443617,2.1899728348458587,0.37586588327749365,6.2962692648212375,47.748510390739575
0.36812667217252815,0.5545172096661405,2.1237193034679613,0.3888421586076705,6.124882375706246,46.415803164929144
0.1450711428099687,0.44835507889604165,2.1481929925846663,0.6770095155973459,6.023289843940079,51.87381528308469
0.09366884541281217,0.5279187450773946,2.0846030968579243,0.42108677151434887,5.817603083276396,45.60550681773874
0.18421243317667657,0.6029467079136295,2.111363850016971,0.26314715408974637,5.796463297594676,42.197425381060576
-0.10198837654510584,0.5428545037393391,1.8929971619866128,0.4196968648483116,5.427578127440729,46.326564007052575
-0.32387304626726854,0.4749816212397813,1.8504724388286162,0.48140930404504223,5.250041829919426,49.07234277776874
-0.12216152381943168,0.5878309989966157,1.83298368087031,0.27051686322580465,5.343130547356212,43.75560005719776
0.02708634384399944,0.611440978897232,1.8091341615524545,0.1644816269271907,5.486558211064704,40.63475588826495
0.5454353446580373,0.7255436281169868,1.8982422623372066,0.16793744407080657,5.949884164638687,40.370313391277215
0.44379642032699085,0.5747082859261669,1.9095719203727979,0.38613888830475596,5.946817874103877,45.06923590816021
0.2623741118813488,0.6460618358355216,1.8741762561297484,0.18302762377283008,5.718066572456316,40.32148782663851
0.25409770535652243,0.6144407293620616,2.021537311994879,0.28353638624970756,5.799134567489685,42.469327548788726
0.09080559197489269,0.62618934530586,2.0214209543120165,0.2370800764740232,5.584122884939568,41.72663361174936
0.15031860856056245,0.6203749909412755,2.074048516593766,0.23997975111943687,5.637751006136884,41.65627101367124
0.3600431138846102,0.6229054514805412,2.151333344104437,0.15794275535652666,5.889331961746306,40.06275580260351
0.04399486971086486,0.502634095673741,2.275332107647358,0.2933301746098237,5.762962274058051,42.817555491880846
-0.006340590812219493,0.5486455947645729,2.3642762264517607,0.5146115085868636,5.696621037236091,47.43893698364986
0.06340558848697897,0.5081865373729206,2.2630497849246023,0.4080180881743572,5.748425311573616,45.13096293673957
0.34835095955125744,0.5524111448360361,2.2474621225122764,0.3631325657791751,5.983281937585538,44.761029807771244
0.25569078384221744,0.5440945064934812,2.168776471768094,0.2576562396065307,5.839293363189806,42.08568047692368
0.023353644358615977,0.47897630761697335,2.211209256162679,0.2982379822871777,5.689041479035861,42.897769113288085
-0.16083150020110326,0.5198998686880082,2.2179767729351014,0.2773636875081842,5.521971638614707,42.961773215664564
-0.0473762873351492,0.5311022445583602,2.1834371906429606,0.2632193362661747,5.595188383819659,42.40316119188981
0.03543804156909469,0.522101061045988,2.1529891845164943,0.3724342163008038,5.672418631219375,44.498640419932634
0.2997854618965813,0.6590653016505955,2.1453909706159418,0.2746055972226656,5.808977405917769,42.33476874722853
0.26134299045025927,0.5378598941954303,2.1106565580957266,0.38561739570481307,5.820880680346005,44.74778410645761
0.19992590843294733,0.6267253215974544,1.9633652784910405,0.30720605975843757,5.64900485077321,43.003716964733485
0.13603307269309628,0.516038320621214,1.885144487939778,0.36234157071059847,5.635508982615011,44.224559595913
0.0754927931162317,0.4960279019041064,2.022312101989473,0.3161125734405933,5.640506923029511,43.25156110790824
-0.1586763567760019,0.4413044706327736,1.9010119179495202,0.3874262215173954,5.465515676221002,45.46750472017505
-0.20658240188815313,0.4786976491311759,1.8971418165427707,0.35441167240549865,5.3529748486180875,45.45988169130885
0.1669958245078238,0.6821142483214078,1.8121953340780304,0.37537103554228307,5.578175377577851,44.51960179259136
0.436208091624266,0.7006029308130716,1.7824963548461437,0.3139577915805571,5.793887812136431,43.0113710816505
0.25800453784128574,0.6799822388964415,1.5604242668342585,0.32669711223229075,5.53771046059423,43.66729466899735
0.378151933418225,0.7014789096254428,1.5258910266599268,0.3674202931958561,5.618181708264518,44.1160649270817
0.2538998587977854,0.6623927290213695,1.571800328668324,0.268154396514415,5.478776008159017,42.61167186079121
0.3277935432189947,0.6529619281146926,1.68452728114248,0.15705071307097512,5.598760068511484,39.82065507695437
0.24882869943055608,0.6755626787237712,1.7479167517010694,0.17316102653514975,5.531155089325224,40.41247132800672
0.35362014510261003,0.714968477621065,1.677514498693531,0.2094010880230804,5.598555350462165,40.83447613841238
0.12201335178322137,0.5477735865175939,1.740944413778203,0.3898826454601456,5.519640165117583,45.04327895842403
-0.096882476818963,0.5192388541632726,1.7914881149360595,0.45386189025011303,5.3217906657550715,47.641744986804476
-0.26084521346456485,0.5876923710754463,1.5962903201571998,0.4680328882871401,5.081980817083503,50.46564329510286
0.15880316041551323,0.5922324459434903,1.564851971300401,0.29036151536193067,5.46154951347766,43.26832307855588
0.037100568253105426,0.5425213672429419,1.4937361165219136,0.2779014583524679,5.332263552310975,43.95158167057903
0.21663388879026385,0.5999577615706503,1.4916712722232917,0.2595349756066455,5.4598148293768975,42.531513639684896
0.2806959619275758,0.6114724766705886,1.6389697290991374,0.3432316183622754,5.606213848731261,43.70550500504482
0.5950497251193825,0.5818533893209832,1.8204863081132476,0.4192944487102149,6.041637633124812,46.12819418279016
0.4299506979026506,0.5042573075575861,1.7865042583171769,0.5100485889949772,5.934165106858378,47.59422661131054
0.5120648128436751,0.5865562945987315,1.8416812558856348,0.27301344021080703,5.944723994777091,42.55868121614776
0.2363876784371045,0.6798808728651015,1.6782318903778097,0.21296342095751014,5.535269600072008,41.19492668665271
0.2524260741112362,0.6296524526888934,1.8288797181848033,0.3190949396907177,5.614574100066062,43.24983829372693
0.29100735759670904,0.7624502711951141,1.9203351081614206,0.31998672804621997,5.641858446041377,43.17200201761178
0.05121308054189588,0.7106243365963314,1.7569521939653956,0.307217350900857,5.351334438760688,44.27951830114666
0.5460479625270342,0.7777423677503738,1.8311769444163088,0.3329223349746329,5.85449552673001,43.3916632175551
0.5398723917505709,0.7383218441878043,1.7456328504255205,0.3097839638735951,5.840035939649587,42.88998105275995
0.2983167581747553,0.7603320478174316,1.5916194416878564,0.3926597090403781,5.529393131078442,44.95069193681133
0.30617466799407694,0.7415372504479755,1.6682858242649312,0.4646813340449717,5.57420074197465,46.26478400317075
0.30372563536940866,0.7686701005246014,1.5834413374619012,0.42829435264694193,5.538165277250577,45.55836562788554
0.6956394503703625,0.8274654474553361,1.7915025097140027,0.3059387448657807,6.009410313625385,43.35570244030021
0.34945224913759615,0.5550534155655024,1.630504944444123,0.35081224876439226,5.733007457967112,43.78978402244629
0.4365561557714021,0.5334889942025273,1.697718916660489,0.36574430099340044,5.876991188228478,44.26790588219219
0.08760700642987806,0.4197661308761264,1.7253283971435813,0.4024060342884756,5.715400514218646,45.117938443570935
0.43335354871901494,0.5590326538431591,1.7497534290773284,0.20690976336496708,5.901102583404933,41.086492076199
0.40589711150554025,0.5426781954851353,1.6950197063867753,0.22090828025514828,5.865300948052994,41.245484706892405
0.3502075142320575,0.613152175615065,1.791929306695021,0.16195115781176225,5.7963668023869985,39.898743746678164
0.25652513788739295,0.5788131673442881,1.8933630605498524,0.26421916340289336,5.806581903721419,42.20079255119596
0.2731269427457619,0.5874807575604251,1.8162165017927838,0.3143873740037948,5.830520059750658,43.31131657093396
0.24200915566201942,0.5808830230954367,1.873689931298982,0.3909063562727589,5.838225518539106,44.98531617353695
0.4377274885478401,0.6366616872327204,1.8437393523902101,0.32878339060030093,5.9255655046241325,43.74610762574148
0.4961186041410259,0.6366743830312435,1.8469977137451898,0.31729781713499466,5.928487211473168,43.432295486405344
0.5072773196153961,0.6063085430849654,1.8052125282219207,0.35943497041746336,5.935672763396061,44.28709852444775
0.2350214128669013,0.5126975701832883,1.7385268047428462,0.3581925258519061,5.681879773196013,43.94858104369806
0.42341858994807974,0.6316755936192167,1.7247774462747214,0.2353152402325751,5.76096752948463,41.25143938480737
0.39363161584527784,0.6834927396245197,1.6639688772889691,0.24648066772885188,5.681960758177588,41.44665107612356
0.2980124089704205,0.6592582829206094,1.589349326971843,0.22668479648669398,5.597025608801636,41.22121774686534
0.008506761861766798,0.5603388498954395,1.6705738819836333,0.3375166431018619,5.4093837909429965,44.57535418844093
0.17248729334743057,0.6422173789444768,1.5808716826333598,0.2767773849861926,5.501938586061591,42.71449447146238
-0.013563711383115185,0.5762548760052936,1.6546985810967767,0.35637259493463797,5.320125650797744,45.567206152770474
0.2864746477508776,0.6152584701315161,1.7588041328358135,0.35707380012201023,5.657913617290959,43.89406467531214
0.42447182367658415,0.6568066136433411,1.792506836966678,0.42961861632997533,5.829531188652441,45.529015212630185
0.5380999797266137,0.6807278747541726,1.7083549555037945,0.39070576741443236,5.86087110907019,44.667867234559026
0.27101266765228027,0.6133545739077281,1.7429229046645156,0.4198129075704175,5.606475409940673,45.34061195316319
0.14738809835679234,0.6427509529329098,1.6861175284627543,0.27372225095489394,5.454901611844628,42.90908667700078
0.20410660535705433,0.573566585172855,1.7464769749353442,0.23775155352862531,5.579612917830869,41.64751349448572
0.292514802536277,0.5283587954979487,1.8184015918657357,0.2780418289447821,5.765935922254016,42.30093214830355
0.1617254166189006,0.4601324998047156,1.733269207038349,0.3921145777181343,5.701355778853147,44.77075819093323
0.13743080719395917,0.5002409870471284,1.6405859227657709,0.3784054741073179,5.583356105741467,44.632081900567584
0.18830533603734967,0.5976107064160971,1.5984300629036594,0.30359624464009394,5.561427591572725,43.056374668407535
0.1922819938350488,0.555682531877595,1.651103713176021,0.4457167480431414,5.539553889668003,46.03835849260918
0.2970106486274684,0.5951309568831081,1.5807634378445512,0.45131220503056785,5.575559860012339,45.89854657328856
0.47063554094166316,0.6287634790205076,1.522296355244396,0.37091449597737386,5.721825720581748,43.92858931564495
0.44081658540578794,0.6258020440980869,1.6272683009119475,0.41833048626420266,5.726834029546641,44.96330609798127
0.5455295485923746,0.8272551917520192,1.6596699685777232,0.27584730924800305,5.73840344084546,41.93424979393864
0.5698426926441335,0.8063578072282707,1.6846670901287109,0.3281859468224963,5.800756735353907,43.13093255696832
0.6592517748510993,0.782242690377143,1.6464176915072453,0.42964012364133747,5.8976226708379205,45.449157245246454
0.45682907671825335,0.7627744662863564,1.6202219660380195,0.45383967590551855,5.660508932258167,45.733690246300874
0.1944455455723878,0.7289690087566668,1.5595446724761035,0.39181490650429135,5.42604538741946,45.404297525312735
0.1451610398651928,0.5395408517804048,1.7332080760738986,0.6409617481772557,5.539748201653101,50.12572899745253
0.2741014825267941,0.582354207164058,1.7385843615736296,0.7225895629517485,5.622749275102516,51.52400491648939
0.22313327938514277,0.6568213832242178,1.7026324956923746,0.3076382861820556,5.524734358640718,43.18526812814014
0.3216153368651476,0.6718462424635567,1.6229894752489975,0.19773403555456137,5.601169104812046,40.647040800984776
0.11879078911951957,0.5355928030007064,1.6464901675618464,0.1822645322068791,5.53095744610506,40.697602931923086
0.586929284754035,0.6804286447439908,1.7396296972104837,0.2120640261171409,5.990367592898424,41.41234040700264
0.4495190216319543,0.6290271515598482,1.822866919519944,0.21822840807189178,5.924892885997224,41.37337661039275
0.221259528971267,0.5609631401668014,1.7352747814169915,0.21268673364795884,5.653350771019861,40.93799058745231
0.122330871330464,0.5212832382662832,1.7436929857298675,0.3292110083388508,5.617587540239806,43.49612460365017
0.1965549219509084,0.622915693619202,1.670168618844398,0.28631570946648655,5.622732395535133,42.52182005711615
0.12573519174878256,0.5775423771441637,1.5848205909685833,0.28617218737625105,5.556446331671898,42.726102722573145
-0.01763938667169218,0.5511879920653034,1.6338200587239513,0.3734251306828174,5.417158355015413,45.273472466580515
0.04365569413162573,0.46104798947235626,1.5633517503381693,0.34640491019215847,5.513848811796986,44.22876447689988
0.008793599139548747,0.5091179086305817,1.537827675055393,0.36012174916022754,5.420065594941977,44.925678565859876
0.3882738725772133,0.6052795319770773,1.6072901206676375,0.2708619524172207,5.740299300156499,41.9868481534649
0.5645442597909258,0.6412953803877298,1.8002159781983496,0.2305813805486558,5.968550748076361,41.67910534324319
0.3213393511088581,0.6910550030341478,1.700907087218774,0.30163033040435844,5.65608172497366,42.706134059680814
0.07030618494393215,0.5926376533560637,1.7282006741814524,0.3649127271635572,5.438971949698923,44.88664037939137
0.23479359367878383,0.6229052491850509,1.693656877763813,0.29011413038651934,5.617414672331399,42.55796073404469
0.4121202952141084,0.6726997262333686,1.6669628775328105,0.3497171321372016,5.771727381234209,43.668484291478705
0.19851180884837388,0.6023785213725931,1.6575027389347465,0.3864171981510182,5.624998035935435,44.61831017900504
0.450965557100447,0.7251995958669382,1.6484920317144942,0.36539401332482047,5.798854443268517,43.94544634515212
0.23770958043311802,0.5873774640075718,1.6204505143598011,0.3895704174844135,5.611709282363056,44.644530837045366
0.24733015728870822,0.5766441170999184,1.578547918005839,0.3297456769090174,5.61685749366173,43.36159324708883
0.2636820029425687,0.5263668633143586,1.625735396966193,0.44810347452158955,5.6572258440367875,45.725615097714794
0.07684972995699407,0.4774580018836906,1.5780734939513856,0.546384517728403,5.48626695452948,48.412755736225854
-0.09104332403695836,0.46225432321366,1.6458161545438799,0.45784622180794476,5.376226864988205,47.29607632576913
0.1570590320705858,0.6468837852010646,1.6720471101297874,0.3774569359286064,5.479817916057916,44.831993745159885
-0.238643661706898,0.47873523794814404,1.6484033369707305,0.43532749824690914,5.236428879217271,48.05271408320846
0.017213769198077822,0.5959174565945248,1.6521447794678135,0.19484599049627244,5.360254560482604,41.86989771176235
0.41801804116705293,0.5928970156531196,1.9252842661999834,0.25218358232096355,5.885149845993047,41.936003281680556
0.34330516746645795,0.6926129222732869,1.8116768614299956,0.3016708124981419,5.76256016056114,42.71717336506696
0.34806874715432345,0.6846869264075987,1.8173405681704162,0.20128240057214242,5.6805692802368375,40.58354724383204
0.5694475431213901,0.7265740790729466,1.857600837944708,0.14397498810929735,5.8997918355275845,39.59567585384991
0.5006981699898265,0.7475974424996557,1.8817310683212936,0.2070243718879145,5.843401350302736,40.77337062314187
0.285856836902272,0.6870021220843594,1.9040280002681251,0.20587177134815798,5.707198187561537,40.76840477080031
0.4523281334007332,0.667275331428583,1.9871392632688323,0.24220489979886517,5.91317577093599,41.81953614933385
0.042457324528671014,0.4929642268845214,1.9860714936448653,0.41484872844570597,5.681343074883457,45.31789268203512
0.5014641122541521,0.6341063805697299,2.058382162510713,0.3147752523145532,6.065719050532447,44.166599178351575
0.331997100749203,0.6827871260008863,1.9539219139292419,0.3252865831613369,5.802858136293025,43.268527739242366
0.5851976062819199,0.713664629486697,2.104973497165053,0.31041024845006043,6.120497069073176,44.440229527499646
0.5202219866117551,0.5880947432442744,1.9647059112319196,0.26768694093039824,6.089990692355027,43.355310783144134
0.11651323905000976,0.3998895192531904,1.9074856047605642,0.5293662072194003,5.871146084908786,47.950077192293
0.03689948669052967,0.5107842124439751,2.0042036685611793,0.4163190669306157,5.768426447241417,45.389774441582254
0.39697849530017343,0.6095122904690587,2.0521877722794155,0.28830023482254585,6.0262102541237725,43.44869602348956
0.4525559681742495,0.586586377520556,2.0090373303579168,0.2576604425182314,6.056212274890335,42.94738518322761
0.7587468486201061,0.6637588289036157,2.075172912559892,0.30026066132247414,6.346578576153485,46.46062575319318
0.7845633117869355,0.633293926860213,1.9724218293962834,0.2433431739816825,6.348470259468318,45.2689960069617
0.4509316203103132,0.556595458905544,2.0258088763039463,0.41646650293365883,6.1147172974203166,46.80799511243663
0.38261711818850114,0.5959324591180408,1.915124968612075,0.2444976324609406,5.844441602869473,41.709543561806846
0.22602300494694044,0.6367076341070715,1.8714886201527214,0.3226476518708024,5.69054279209955,43.29386025211843
0.28721319894087693,0.6170330822114672,1.8360123089779834,0.415249842342623,5.791640745772818,45.206825649858004
-0.15056581892786647,0.4995481067918234,1.7405302259697564,0.5708261397946932,5.459507268855766,49.292556789382736
0.5085261469705291,0.5921893611374144,1.79205930961297,0.36230900615437794,6.042621859437127,45.020987104956
0.04593761854665812,0.4757284097846968,1.7331101346593416,0.49426455143243087,5.624162244082077,47.0154756251009
0.3019187558924638,0.5287828524217174,1.6784006251747465,0.5115742500203121,5.786053598662146,47.247295536824986
0.4037883383559548,0.5731497315891667,1.864290703475823,0.46254037813799664,5.932374579384586,46.61109938560752
0.30292967360940265,0.49907268257019194,1.7477459667876443,0.46480721936265706,5.850121129323234,46.404191651042346
0.36710222238817575,0.5375863083345552,1.7279089811437045,0.40563838422627696,5.838669071908033,45.071124119418194
0.3386965897570801,0.5272774981550788,1.72354114789617,0.28727907655801316,5.781464881876952,42.46599657440645
0.05157267421578515,0.5318315737270543,1.8189721065440496,0.38210525475469037,5.4933859928969895,45.074378104005845
-0.14042233055721276,0.6013441944095524,1.8783426434299144,0.5183783243069524,5.305564109111608,49.225417145065656
-0.05906183155050315,0.6213006774197656,1.9669796007203173,0.46107003196144325,5.451051954076917,46.97387329749717
0.07797629930108252,0.6637716822720148,1.9169215888219782,0.5005606739739211,5.541846898805034,47.42896239266663
0.04098867700028497,0.5774641405331707,2.0364448059908717,0.4914393023310871,5.593454455766977,47.155794101657534
0.3949275521232336,0.6144569278663448,2.090700236242166,0.2738764909913059,5.902469835746247,42.543699394321294
0.6673984961081614,0.6514991486286199,2.1740138037900647,0.3384826347723683,6.2323721998067985,46.050670414101646
0.23959599394637388,0.4608727390461543,2.0821899013480265,0.411453119295966,5.8740121737006685,45.433229785210735
0.21041491778502397,0.46198244821827755,1.899734947581044,0.4618759808990166,5.770954852796245,46.34049527251306
0.09352239954094033,0.4709454738929365,1.966590197778476,0.6196540543252433,5.701700647167621,49.74074758890894
0.37655497164034524,0.5920945421652293,2.0390241930731503,0.414062947059944,5.878119549813958,45.43480963801097
0.25799413162961854,0.5355343507692583,2.0459233126727376,0.32781926901691544,5.7781023301177,43.47397012200566
0.2474536465489755,0.5797891042587116,2.1731963643653076,0.35985691865668007,5.818006404076381,44.18758810118366
0.37363098586667365,0.6608795960900075,2.219026614790371,0.3388354914854888,5.920925691204699,43.93767204025768
0.4975086245294179,0.6027802453365991,2.17346726870288,0.4439852239405738,6.053620502520955,46.84611540174757
0.3596533305447919,0.5539024554076941,2.0592963984455217,0.550503485702832,5.943765417003277,48.53717025152825
0.344682276810903,0.5244093676168862,2.038695985086112,0.5225296478909804,5.964029565991218,48.00421694219062
0.3400217430944734,0.5274540444628046,1.9060002230452642,0.4527053737757318,5.876181486520643,46.23554033908172
0.5705338931037007,0.6066486301568464,2.0850856590696236,0.38750346744723263,6.140891191119182,46.29400477070238
0.4478579829790298,0.5537514333501277,2.06564672170438,0.4314320558874307,5.991086453313649,46.282165510540345
0.18721498652808072,0.48489020229749313,1.9085780119894085,0.38602969078517557,5.715144822187416,44.673145732960116
0.5581974550884501,0.5863643296684018,1.9337215110335175,0.36266892515325155,6.01309727743215,44.81079510764661
0.24638281351287483,0.4143722548412443,1.8999466977906176,0.5661079444871082,5.890049191288832,48.73399804224586
0.21516117266402812,0.5112787366317253,1.9627535231407895,0.4755967397076669,5.777514924943944,46.49635788754316
0.4001051328830715,0.5931752693357042,1.935965149816767,0.40482791396452744,5.876922972733434,45.0772524041418
0.3454668674686564,0.6240885042709485,1.9579703752426618,0.4541894695383935,5.778956149092294,45.942482166228245
0.3108660282689334,0.6003674890214672,2.01944594095478,0.3676023606898265,5.778913490743486,44.16538943462009
0.5888196312948393,0.7450567933947155,2.0377497579240593,0.1945661892398067,6.011525962925316,41.186132457952674
0.48701800387046296,0.683503752558692,1.9859844603833203,0.16475574549584174,5.872725419609915,40.03223331908855
0.004988139033735961,0.48594109285489756,1.9478128831647719,0.2829983735415388,5.523991977792304,42.97635345731396
0.4168939279099897,0.6361728560638489,1.9651453138737558,0.26502586226124125,5.849160362890676,42.15172506948547
0.3109247398202312,0.6026373150147002,2.1218669013607987,0.23689282719889088,5.851296275876686,41.674289814836555
0.6957778816828311,0.730545558815293,2.169208418749382,0.21550934364550864,6.234949248955574,43.470643962723194
0.17349287693759763,0.5736005619344232,2.279494701531024,0.2590083232458929,5.858433610746706,42.256143779196556
-0.08593289522937819,0.4521823812833998,2.28431900609615,0.28378728737532016,5.670027825680769,42.71895702734645
-0.07790395732126265,0.4949998289088891,2.214532980755862,0.23676758950293839,5.6110731199677355,41.81530707324994
-0.14929567251330744,0.5110933712987983,2.247553220234482,0.3348812943775698,5.567155104281089,44.025101197870676
0.15215896999571676,0.6197956530803689,2.311902394951443,0.2579738416190159,5.802266360243181,42.118118585341854
0.04381931234173231,0.559549761979747,2.342590008862552,0.3041303627406907,5.803393628263768,43.17166107390495
-0.20041781644801837,0.4332358914586924,2.1886395509527996,0.31925937672998916,5.57786930946165,43.65496038309182
0.23559106912290395,0.6259332870446502,2.166435903238308,0.13780619824462115,5.847142340383087,39.59417294488889
0.03142987344977399,0.5679031856219164,2.1893695836597415,0.16565853731718266,5.662413594890468,40.14331862059499
-0.017864852257930552,0.5390846155860701,2.24275757065676,0.23866517371526597,5.686428523278922,41.738228997208175
0.16540405905133726,0.5450209862198516,2.2679196754346447,0.2096402588951959,5.850687570765743,41.14998415050693
0.16408502084038512,0.5692748323727422,2.1868964526063257,0.2007845700228231,5.78929946060895,40.90199435509287
0.25477582866822446,0.5032365470248892,2.1887822353251645,0.23585001396138347,5.950540760843316,42.0723301896523
0.32874896708779355,0.6521262982115436,2.148976101282114,0.2661087596147334,5.859116512314479,42.249359643159735
0.271375651051304,0.527603996093083,2.2119014829911947,0.3253036197096443,5.905005776777643,43.675907726640226
0.18228599829890912,0.5906445162724652,2.198812788050261,0.18922526810563914,5.739555848177701,40.50589048375919
0.005791786425733747,0.5419523269589094,2.064874913067114,0.2184191665613952,5.526404019160932,41.547460892182606
0.07103618987345528,0.4768114820835339,2.1130605515518517,0.31241640519713504,5.671847456391607,43.16599749451892
0.1527394995283845,0.5341018724487167,2.044678420655199,0.22873037498470286,5.677680241841976,41.32220125416363
0.351356221646151,0.5846172097900023,2.0136670481860786,0.20879867642192992,5.815749750553866,40.885124345706174
0.2891297445170399,0.5491327378748694,2.009441728419315,0.3062018339208282,5.792762431116416,42.927380679302495
0.5848739452786695,0.680631411530814,2.0964595982138037,0.18525875149142246,6.048115485974103,41.24084183209415
0.16432663319227503,0.6461535161570993,2.010520000634874,0.21023770766334424,5.568995713006967,41.11314111695978
0.30629178659198464,0.7050910228048172,2.1354580113444777,0.20494886519437874,5.770168676498715,40.751391139273814
0.40224189816036277,0.6464371600357516,2.1489085679472497,0.1739126638557001,5.911903178865512,40.411924385020995
0.0965961501743513,0.5367060176540657,2.279124495387024,0.2157357687150947,5.763755551755174,41.177033929848456
0.031392426353630265,0.47172556967961743,2.363085586993146,0.36393057856852656,5.889381555118026,44.63118594060509
0.06106729776360975,0.4966555293785192,2.3654286089312495,0.32555219777808975,5.8433889361243345,43.601573299095975
-0.16122673458364,0.4129315518168694,2.2302757688765515,0.6516356845688238,5.671964262259031,50.3681511379775
-0.10042850319687957,0.5059951755127713,2.244444920294468,0.5633973312045808,5.662655082624449,48.53026286795891
0.027421630820046783,0.5830004163866839,2.2161448410483984,0.28011153284624785,5.667911362449227,42.545636099365254
-0.1637999095478715,0.4992150446340261,2.2058387458051456,0.43429805521126164,5.522227720059502,46.25128134410873
0.21160192859737048,0.5866974872319055,2.097366145153427,0.1903938936262996,5.737540416440911,40.571241209471665
0.11895476120376025,0.5453334601675666,1.8913502065823957,0.17843253353761818,5.552785552438722,40.566582677161875
-0.07853626969331273,0.471023282453446,1.8604755273796223,0.24581927119554686,5.428344324933979,42.658086469213174
0.17952175445248608,0.5972629783075164,1.9696725497866847,0.19495416239772229,5.648692400400561,40.67454909717159
0.2693742394110659,0.6026637045126718,2.150076361374065,0.21120728957448542,5.834359364100579,41.10515122035331
0.39873316448351837,0.5756531018994785,2.2220039388852633,0.2458899387767016,6.019780730957548,42.586835892874085
0.15958302926607104,0.5291884066190079,2.2403701669076987,0.28665399693414606,5.807899765087312,42.71856934550904
0.10034720524395424,0.5213925787914058,2.2694988740408912,0.3152004686803115,5.770749524394096,43.3358309781861
0.5079921450936613,0.6597642088184547,2.249825931522855,0.13360941207327057,6.072934365814414,40.462578419392415
0.34583050641590407,0.5655142401118425,2.4027805072035537,0.25035023833105313,6.071923971670777,43.022192352758324
0.15054775267575404,0.519652222725888,2.368036305900046,0.27703015260443453,5.900073395480507,42.79036123217617
0.0096386515890311,0.4732220446826954,2.378786492243096,0.34485575387626183,5.843781366933442,44.15632602912949
0.14198850994481516,0.4938617137151497,2.374161717837083,0.3094416299949287,5.909004443715681,43.49698902471852
-0.27786558448859877,0.37772799350803304,2.5516639667154295,0.6167679965324867,5.738296458233877,49.79463050582314
0.1797809462889025,0.5120439134637665,2.5526495518280847,0.37735047409792394,6.003384969723226,45.35743219652604
0.18865996619181535,0.5437222898809977,2.48422642499848,0.2832748676765693,5.941344654601587,43.02185287023643
0.24064171623439123,0.5773672628885269,2.432907975486245,0.19484202287696448,5.926859183728478,41.067094860578074
0.39636366626452335,0.7119245549824175,2.2774088302540045,0.24822828698910548,5.942211219384799,42.08256196361892
0.1407534702557831,0.6561659528356759,2.143319093369715,0.3345460745479327,5.647269628761267,43.51941467144324
0.3101261080722697,0.6193006481664415,1.9858277973396143,0.2191012159164913,5.750895334162567,40.999794481645
0.33825393862416175,0.6265787189581717,2.078638114737393,0.358817486619836,5.804148198146159,43.913802118659525
0.3887746597686117,0.7265861079268672,2.071724300491989,0.30530761327395545,5.812909903495669,42.85874381719318
0.13334154427773326,0.7074077093370432,2.034892338517213,0.473757319375937,5.580072510872229,46.67317315906294
0.3084158304836767,0.6706094102010489,2.129881401745543,0.2511115881533579,5.8104678496176145,41.87248047539284
0.3126565241801569,0.6401384286471875,2.090251086964571,0.2720979461832126,5.792806481080271,42.28452812546064
0.13103327852695634,0.6303228998878038,2.045774384510623,0.256399163040103,5.59111170545107,42.10063597053095
0.05700467519864827,0.5858413932094546,2.011092064444325,0.3536841495674481,5.515506094711509,44.43550343824122
0.026820286884262745,0.49581236958564584,2.034704371897905,0.5577640771442799,5.609750016455775,48.43657404887378
-0.030681897960454507,0.5562701352826799,2.136477943227479,0.48589485282472045,5.596839176622358,46.92275835215321
0.33405310341725364,0.676726919181668,2.2889079069879616,0.2773907652606173,5.920955776344869,42.680502817535896
0.11139940724422281,0.6454867273309293,2.3352407303997653,0.35231726726693635,5.752984932387471,43.96227734132365
0.177956236350713,0.7063044309264044,2.218021903906914,0.29083576318315973,5.730714229736659,42.62109860670876
0.3699537567612502,0.6831951951929659,2.001224566529377,0.32920962939515913,5.79075438898715,43.33723720847133
0.33568559582392016,0.7617426352553046,2.0633347801348676,0.2952455053654931,5.738491440003353,42.562772360094826
0.4442576097607921,0.7192420649975277,2.1058138393242247,0.25298817001463164,5.869113476287602,41.85199975157147
0.4546966288492711,0.6883762765289487,2.0921412248974405,0.12105875990888308,5.894746107709734,39.21718912232025
0.5645695586484905,0.6800736899090721,2.0818867243069596,0.10416660249841656,6.024757919415767,39.44023577434825
0.372547749024087,0.6256558093351895,2.061930027552604,0.13414871666070696,5.88079517229461,39.48402446934399
0.34574401122840964,0.7026643128862725,1.9274443884412373,0.09424602402038396,5.734984010868188,38.388200604991155
0.4496593321796625,0.7104531782031095,1.9024297541222142,0.12439169502916425,5.803947333819875,39.02149006007382
0.23241273511511762,0.602375139460443,1.881842624787535,0.1836983853310474,5.705800233832676,40.33159113965962
0.07489449813059945,0.6138706040681281,1.9238323870887455,0.20581818189357248,5.547194036595298,41.19674471606502
0.2573314872666037,0.6157137576665699,2.0406552242262075,0.24573894287351147,5.754724168302237,41.643189815388396
0.052459752518896674,0.6728688919734064,1.76345390701173,0.2757226955578698,5.390234650909232,43.414565012164154
0.16754474624984234,0.6906306082878148,1.8189681801711968,0.27239209914640183,5.523966859956173,42.52720484522808
0.22506258331982998,0.6175972255418771,1.933838436542272,0.19404270746873178,5.650331541027201,40.58555289642905
0.2630295471441251,0.6701328036483666,1.841445373112037,0.26581361100618867,5.607409859615204,42.1497189301581
0.310892248923499,0.7401299174781594,1.9989666088309506,0.27405733017761047,5.667394782741724,42.2105464878425
0.0537145861291729,0.6554019223622164,1.8117725215066776,0.30746001291079367,5.3945549967137945,44.032623933513925
0.22472348671938125,0.6720925527471989,1.8662036498251462,0.3130561724880061,5.574542649291507,43.23613681135236
0.3457730322238407,0.5868560487316966,1.9526124493893868,0.3034126304696404,5.794678969269868,42.87211082083092
0.6386276975382124,0.6861473583041657,1.9599246113306625,0.29001805258368435,6.056309944030543,43.43291150120655
0.3536992880539536,0.5865569318454523,1.9851139954776391,0.3411820071842521,5.876900915560229,43.87605865590019
0.5051610421127718,0.6822330261121896,2.0230387043913347,0.4021973196448601,6.0207065367487065,45.746718466570165
0.4069917158071618,0.5194847953052812,1.8671275235655602,0.5447091081625784,6.013103943790406,48.95407046684725
0.6474930882983718,0.6180160501031672,1.917339183243929,0.4453093542152605,6.114587619620771,47.23714233725659
0.8887847434905695,0.7445474262656027,1.9035184275128643,0.2876702057080579,6.285838782836087,45.334008661534284
0.7533647294522763,0.6663432124447408,1.854291461334418,0.2744355229750431,6.172430349030095,44.01779884829872
0.2816070386006248,0.6225903283268448,1.849337709475603,0.30396638735494513,5.6804546599458225,42.86423205549534
0.22651886195916843,0.6017758649287115,1.744782847439557,0.3497204432226647,5.5527096414288595,44.0916393732961
0.3286096307534712,0.5363457363416193,1.8379754803739055,0.5771663564522962,5.754461760428284,48.66148780206727
0.5091594230552641,0.7364533134133274,1.8190382179270665,0.4109619767149912,5.809036739131686,44.960106124521936
0.26526437545438813,0.6487884715421174,1.665295818521463,0.27450911417484436,5.522267694634216,42.507213571567775
0.31553708522975754,0.6662996827646499,1.690817129067971,0.28408514106467847,5.5973724870736365,42.43446250902902
0.4887046599565316,0.7153890375833316,1.8227065991187703,0.29806026668737723,5.8177049334743405,42.56982809804434
0.6845922785776913,0.8302396037726348,1.8048607661886493,0.30902350339632895,5.9755740933871095,43.2071027698012
0.5630333584442055,0.7903531608226497,1.789828288058353,0.4056292261034304,5.857599062266223,44.813185486250006
0.607107266459546,0.6693643551033949,1.994780794244638,0.3355018225635332,6.054579119481186,44.387621171079324
0.3449272792358731,0.578507983694348,2.035146179805771,0.44557718090358217,5.854824935844125,45.962420244188074
0.5026490090267965,0.54078318218661,2.021019722741457,0.2688526117449706,6.03503412162176,42.9983962629091
0.13161073874183515,0.491091893599761,1.869479059498468,0.36918977526862345,5.6608118556542655,44.368393290922356
0.24754133338347578,0.6210806345188109,1.9279366092738504,0.30284362269227516,5.652834673156338,42.91845155573333
0.33011159421127456,0.7500790452843901,1.966933243418283,0.2061150021703775,5.68652048714599,40.79334018405454
0.2271511099989859,0.6525273190653236,1.9090024721636947,0.20032150998399806,5.596707485542561,40.80876869776992
0.19809540531412523,0.6207717616277418,1.9032926256347158,0.1701185806885764,5.612802475602666,40.18266860056291
0.29129862204608487,0.5928642089072286,1.874752172766092,0.1793599419468738,5.778644699883754,40.278383216197916
0.1780190321408584,0.5707627169224886,1.9098802236319927,0.271217834759924,5.705526923715758,42.21720722414227
0.1912765425245294,0.6127827441706174,2.046033394577646,0.35166695203966114,5.762430526038248,43.93365165077569
0.44966430317217104,0.6741513901582074,2.0666361855597017,0.24183375784769015,5.932578359274171,41.87796803777692
0.4196093726917068,0.6714786728479587,2.049426054735567,0.23471063794066996,5.970134878060449,41.9381776115399
0.3326198074745879,0.6101899410055229,2.003967495059731,0.3976011079643185,5.912761143185242,45.15067073054106
0.25641655717462614,0.5635373035084875,1.8592697112219945,0.3660259385918338,5.811520712677571,44.21643496820217
0.21294484712170314,0.5970608194213076,1.8147436037115068,0.5679034964779884,5.784639812840151,48.378280872188235
0.09560671469634918,0.5779016114591446,1.8574826033441858,0.6332591018388668,5.691941610969418,49.73789379261232
0.05841161671251516,0.5930497466382394,1.9276961336912486,0.6311480896490134,5.586141396642031,49.91533782743706
0.2149297046777917,0.6019732020146632,2.0284058068146327,0.5275950723093349,5.702560438793823,47.60268291122312
0.1295387848212025,0.583973268640391,2.092055034655396,0.32997252950186645,5.650512331439757,43.54257757065293
0.3440367362182426,0.691307579323193,2.0194726594452947,0.30737903811329337,5.749533651181204,42.86717038727052
0.015148520736179005,0.6463567996949001,1.8254370681744325,0.3986213993054857,5.4187088147021605,45.87973433831223
0.0050820971587114405,0.6152870861974051,1.847079957642174,0.5558354129291617,5.440124656667876,49.12369001839264
-0.029559749977872363,0.7078774075041416,1.7818712134993717,0.3750560666618812,5.293032832860914,46.20615838841365
0.253108981788478,0.6957734856098109,1.9585705244819307,0.311981568134782,5.640650926375887,43.01841450733279
0.37859393299649613,0.6458980579035181,2.005318880315168,0.2755528785313003,5.858406244594703,42.40386657044557
0.29322305737637994,0.5743250230945837,1.9669116335359687,0.19735296641581623,5.811940746438998,40.75358822572951
0.18140306021864638,0.5713728066533245,1.8796784628071141,0.13802688011529318,5.60043042327001,39.54536998770779
0.07690943642335113,0.4684907098660705,1.935136575340752,0.30554495278588356,5.629085710544902,43.12272089356568
0.13588374760819832,0.5884532049724054,1.9674458635271457,0.1535703553489336,5.571233414838397,39.96903627593872
-0.11488416008282798,0.5255929666300946,1.9641799223166128,0.1693705035349824,5.37831955611052,41.38126388385818
0.10480517535931544,0.548553122318371,1.9263618865775296,0.14298967402989307,5.589485614227362,39.76108323326795
0.08662164163352026,0.5803912686751548,2.0133082440563794,0.24070142303512904,5.580518987317327,41.80944334375361
0.09384808378294063,0.6082252053585158,2.003445435957904,0.22193855064491694,5.573466896004074,41.432894886906944
-0.19861538089159259,0.4870417963603938,2.1295728570548933,0.43419966569620533,5.462863832283343,46.523972276257894
0.12257408876079512,0.5531334180278862,2.13186466255261,0.22374311556423676,5.714250262877623,41.324728650432185
0.130253716298253,0.5553743611095342,2.048964123424101,0.24674136043009273,5.657335432843434,41.79456310106355
0.006630461926500519,0.620058447496443,2.0380406875959034,0.30178252225844676,5.51243295335498,43.37330783808336
0.14378174448624848,0.5566859799641684,2.07134766803963,0.33399633767526593,5.727972490296005,43.61787477397144
0.08972909573994181,0.6053489185075508,2.143159933177975,0.553985800828616,5.626332500183079,48.345000685545216
0.42991902641841695,0.696039604867145,2.111554048078249,0.3425037748718298,5.894640946227596,43.96657709696061
0.39196919706471234,0.7098014304349072,2.081676553072498,0.4316414422901066,5.810554388192458,45.52192636160587
0.5012150772694055,0.7660055153188411,1.96161287451144,0.3260071050721868,5.869782562702338,43.39220300101757
0.3346813953697573,0.6699868179936512,1.857071102024237,0.3378815810357676,5.660182991284428,43.51876591194709
0.023699510240049126,0.6724490126425473,1.7520193901434384,0.4202666039329191,5.307958290110786,47.0029991969868
0.1345180445534938,0.7339716220847499,1.787076642484031,0.4023891539139183,5.410533164844076,45.82356834028925
0.1548303654664272,0.5643045865240625,1.785805237589776,0.26076262324312854,5.547893840856956,42.263442768816994
0.13910165029018712,0.5444324385193339,1.7020660476378553,0.22264798831500265,5.504782961823262,41.66367999009103
0.10984253492155016,0.5253634555486999,1.68730434844463,0.27631205890769256,5.505220669257088,42.806728521462354
0.1931547852729566,0.5414160669499969,1.7564611552302523,0.2732018355252603,5.62663052664282,42.35318238096372
0.34541851482606895,0.6204696566301214,1.7398680175839112,0.15983951628081594,5.691488305734755,39.7557174969356
0.21792644953626233,0.7028700856598638,1.7113889306280095,0.2317610692918833,5.516033025883665,41.68620878466216
0.3961576770997352,0.6911994229697915,1.6588796674842412,0.23590476223209522,5.687143579752309,41.29244323967554
0.45495215175984377,0.626233631026068,1.7089841526732479,0.23896835481434767,5.80522927339549,41.42970034098223
0.30637652433389,0.6173542953159156,1.8140390296152997,0.2586301169738694,5.705694858395252,41.81987818354936
0.39111035470957567,0.6392811158304325,1.8005213478476627,0.12722611996470143,5.768985434141055,39.06406112892026
0.4319293681929784,0.6154079412295601,1.9325842987879367,0.24285805887549258,5.872933744832035,41.70815297829591
0.5517754680954643,0.6430864701395129,2.0256697198986986,0.19650421721082809,6.021527002816197,41.37319114954894
0.30658015132281785,0.5145790488844753,1.9438447498489086,0.17407101990171292,5.810632280968749,40.23477105875638
-0.004058327949964302,0.5612386169749874,1.9033599438445563,0.14303444753737335,5.451675820494751,40.32114838216971
-0.02897100746424086,0.5975907435004565,1.8260969192758245,0.2149008087906472,5.418871834379102,41.98745679088522
-0.20263097852469736,0.5122506318945359,1.7577038268806677,0.2974227044000725,5.248963464671345,45.08533581094864
0.23212967612494234,0.49783058600057417,1.9289344089306906,0.28083274220412846,5.776308762873167,42.42429967627104
0.3595676563125699,0.5373779108823953,1.8415612065494016,0.27283749712523014,5.877446065418764,42.40411151394527
0.30981318844435574,0.6426791804656367,1.8818959322774114,0.32461905090747484,5.826962023498561,43.39993181785992
0.2899935755457266,0.5570528669948048,1.8773511424527802,0.48683105332929666,5.931068845085065,47.175674230498615
0.411567142688591,0.5448282498280707,1.8299360260808122,0.27365102519773654,5.943784320639678,42.70450290622414
0.20405231509418542,0.4802499665764861,1.8247089415177822,0.3605545171641064,5.795820968156776,44.22341376556397
0.24785805838895908,0.42028249336250634,1.8254185801913265,0.4862789919814813,5.915028525070059,47.20538605606476
0.31805322467803965,0.43157816095352647,1.8396722117485385,0.5221337492043058,5.946827959639564,47.99465175893565
0.33284814595234435,0.45823794823474917,1.6523982616143886,0.44640873335381026,5.894305519128061,46.16157724178079
0.3341361605870908,0.48007644689110884,1.7844143641652843,0.43646855601419876,5.889636644911414,45.89410215042098
0.2606722769993859,0.5157556869463464,1.8855796840144765,0.5115089748354897,5.765868806931198,47.203365577817124
0.17593985249928895,0.5190484185274848,1.915094160593081,0.6180386114011235,5.6884842051385665,49.44473519880456
0.2661289796076932,0.5665710423825494,2.002021312789349,0.8254825193385709,5.83650020189582,54.01541661922332
-0.007601626813135254,0.5749235623448228,1.9613319696780118,0.8072344602179276,5.536601741315583,53.83760753030375
0.3897276095102036,0.5611055566407251,1.9711204716621862,0.5821504309491444,5.868052827510732,48.798873978919815
0.36078087747679377,0.5196243716293375,1.8882432793053998,0.4945551857872115,5.857090438840163,46.95108814002127
0.4657263998030311,0.644020569035995,1.7649252893833256,0.46157392120467566,5.850732061266338,46.16747343790192
0.27053025246945556,0.580149858955618,1.7604039159561276,0.5296440576171898,5.735824505687806,47.54896959977094
0.5370711391985652,0.6480194254077112,1.7720498032009138,0.496637422313977,5.928746819302507,47.176695001410074
0.42069521443634555,0.677435290124336,1.7774329026447666,0.4750242332186145,5.837683000788177,46.445049602795144
0.44651266397278155,0.6119123623152294,1.6884137946164923,0.3903440700533419,5.85754927369262,44.719353341403306
0.21877308871456325,0.5303364334786781,1.686768361804225,0.3025187787079734,5.670499821432647,42.843620303959696
0.06834629982107165,0.5041994498252687,1.807072824867923,0.33944763265545785,5.577091286851763,43.90969623879237
0.07627292497376575,0.5312885304581865,1.6645417489721255,0.22716690873189302,5.490270853176791,41.8414247453652
0.17670371782752642,0.5176496771841966,1.7523689576880928,0.2412401194865729,5.676707953521327,41.65536878015178
-0.02306805377011445,0.445987125298248,1.802554597537179,0.4128985918962732,5.647238031863406,45.38264153033902
0.07561413713838916,0.4811867779533667,1.743141241845796,0.28538235374781545,5.683596315139986,42.60420266471147
-0.023921805728056356,0.5304159959360485,1.755602752137957,0.4226811526338605,5.567285708045527,45.81237662696629
0.22984394438246225,0.6034724152409109,1.859333485654716,0.29794465704237594,5.7483616687912304,42.83234727600936
0.1868985724133373,0.5867658014745442,1.9553755839338975,0.19274925446742502,5.718686226583925,40.59979318729132
0.06941963053177103,0.5804843656163678,1.9398390699830286,0.14016534909566197,5.546746269196113,39.80997962216456
-0.012031981521931523,0.5961684388446044,1.9504876489933922,0.19657949420944507,5.414479994586699,41.626336876175046
-0.05533465070068089,0.5680951979235511,2.0059304556704287,0.1564533651961445,5.413789491897263,40.82877061243431
0.3197011408714825,0.6439561288557042,2.037504905830472,0.17590260754728956,5.741312665513819,40.09900456995383
0.042164511535581206,0.6374056361683262,1.9548856417866314,0.12299026775401167,5.4794699353745795,39.71387068412781
0.1283224684598102,0.6225738659901177,1.9419515361194435,0.10352219150045286,5.551671013234696,39.00269242944536
0.023545272726054,0.5303218004322302,2.002666018472608,0.11406468399500103,5.520653698334167,39.39906097513606
0.07651578886106958,0.6099470474311629,1.9740108676111756,0.1630663861076023,5.5138758954471285,40.403757189200554
0.10865359955529308,0.5733505904213649,1.9190802264428055,0.3109987787362318,5.599907647639947,43.19703663784787
0.3561151319548739,0.6643367224731757,2.031997331605255,0.13733734528530672,5.811247327062134,39.41152439408005
0.28376527938235585,0.6073695786743186,2.052306496741844,0.18663983738321058,5.769933107738808,40.41787432580117
0.28718832297010854,0.656350184403168,1.9164629458820759,0.19161062640808674,5.642992667145658,40.485534154903796
0.19874487513508876,0.5893922958236445,1.6620965732390443,0.2520533653338803,5.484561160112055,42.265172395461256
0.30055401122963665,0.647964100605765,1.666552989691076,0.26471721538546594,5.584249256498909,42.13608135287771
0.1405175691146412,0.6103865539851276,1.7328477756071536,0.2413093067642577,5.477048134279764,42.175720354756315
0.23488069031171632,0.5776544700043549,1.8256368547308404,0.2895127422665664,5.6404107546057105,42.707093838259624
0.32262037239545355,0.5837879175896847,1.730171502613643,0.37110448304896604,5.691023998342328,44.347314021483385
0.4000681398909593,0.6023786208873362,1.610253140265025,0.3295945372747507,5.712945742760611,43.39386737288286
0.07809435585894914,0.5761225102395057,1.6891868872178786,0.3234249132753678,5.478632064495446,43.92684883287177
0.14691006693517322,0.5188093305680578,1.829442903465927,0.34635006462521617,5.713003141571416,43.78879433909769
0.11273876723896514,0.46126845496615587,1.9453470516942304,0.4748014716136599,5.80032710850578,46.64808043701884
0.40931712501476486,0.5948818291758337,1.9754308776608034,0.27480872339768214,5.965455230884277,42.73992419633544
0.2844853391364481,0.6261665743246756,1.9341569473397855,0.3458450732612854,5.745924639053606,43.66131108894362
0.34817626999794643,0.6975418570757661,1.7615458618789646,0.32229464109947126,5.725244151453584,43.09646751571103
0.29429123519860245,0.6496133873382907,1.75463483332583,0.437163116673422,5.701793315272215,45.5781607391136
0.4839806181685193,0.5976030656678042,1.7875108216435187,0.4377614937920628,5.906622544928688,45.9148408061401
0.409366443658205,0.5708719724079983,1.7315973827295834,0.3340354438875757,5.815167547953658,43.51497159736223
0.5675973484064982,0.5879811499478399,1.8305254479754534,0.3482581774196801,6.018057176730327,44.54112499181434
0.31403790096253525,0.6019127734300302,1.744275982688706,0.35645385359851467,5.706441864460414,43.9531398364263
0.38674537702699363,0.6909535419014281,1.55861666246105,0.2430451939269667,5.617868117526246,41.5298870426862
0.1559353152970871,0.5529935117389121,1.5446606731094141,0.3489892955102148,5.484782944887996,44.32592854816961
0.272854251472942,0.5782413699979457,1.5082397580252633,0.24512671664031743,5.602466271576951,41.65558648983333
0.4825734802316795,0.6525000517396831,1.5719532715370932,0.37098913526150007,5.803973147431047,44.11789298291071
0.21760993177427534,0.6115180592684677,1.5616833326907424,0.3372960735889208,5.527592637023938,43.89130368420953
0.4377477629223084,0.6686662630055081,1.6358894120477219,0.43244183919151535,5.731248552682775,45.42557361305693
0.42421201489701366,0.7194621339524622,1.6075416392249426,0.5008305165480581,5.702937748849059,46.8727185877485
0.10674312912777928,0.6015472248718676,1.4659395914648174,0.40767800152377026,5.39848101662846,46.144007939705546
0.16992304364458927,0.5794770858883388,1.5844933674966926,0.3282930776292979,5.5404451062740305,43.756484272642496
0.26335944310129117,0.5446290442306597,1.6101550448241713,0.26497192760327504,5.682587145992822,42.08345865149407
0.31291689089315256,0.6331190461379359,1.5987485493992928,0.29806643994682996,5.686860827613568,42.71387379039343
-0.12857760758124243,0.474240625423719,1.6347888713614833,0.3659723204073785,5.342290186169726,45.78943366146974
0.23110983862610718,0.5494340571063986,1.8189336369937004,0.2713855672908835,5.679530944590935,42.233946144694926
0.05399267299467325,0.5052187609351761,1.8833650758236247,0.50593839355972,5.578243806452281,47.48926269954831
0.1944483978239544,0.5223605559714487,1.8525350817073856,0.33405081615827503,5.674146141807784,43.57114634978764
0.2247085977976236,0.5126125331076078,1.8494267710538226,0.32529126559768007,5.73690698305134,43.3877093174858
0.11935556329487412,0.5521020009094652,1.8280197681753447,0.5455147675596613,5.661921884395445,48.17302274607154
0.21615597053064883,0.5722611206635687,1.8001235055793983,0.4040976215455719,5.651288077283559,45.06217016890159
0.30696249020179545,0.586944528156006,1.8104802232627086,0.3872989363662038,5.728764258904006,44.62394013524267
0.12137358949807292,0.5929899733190589,1.8199344093987875,0.347874357190356,5.516335599608434,44.29531344706628
0.3411913224393565,0.5879474102507036,1.9194582326062388,0.379017539893151,5.789062100365054,44.43764560626338
0.330512068146414,0.5283386037194187,1.9506099878248895,0.38919167176251135,5.895005974044205,44.9321343743254
0.3747713227062181,0.6133741748187739,1.8882306692916766,0.21613377241513743,5.807772857586604,41.02542955515596
0.23772755512586852,0.6373149244282911,1.8435322525859679,0.25258067142384427,5.644101913637675,41.80259495631427
0.19332357564572744,0.6102423173277384,1.9842756912752677,0.21423500445297428,5.687146832959519,41.00905617505484
0.13832513077945663,0.504300774437759,1.9985204227767044,0.27736625156005296,5.681785249432355,42.40520381666741
0.20787608446714184,0.5692575352419179,1.9405896427213947,0.24447383912731785,5.642964598358632,41.66202719190065
0.32198104288125684,0.6588648511289243,1.7988096057163008,0.2359055375560565,5.653246545384876,41.368722988272935
0.3748659582819327,0.6441359566044041,1.7656521115812964,0.18187718274425485,5.680589511592522,40.138425526893215
0.6490888959936191,0.7088132141396226,1.819779067392406,0.2952760644587257,5.979453447219493,43.0277370969237
0.4125004681412903,0.6848265430655349,1.8197113820834074,0.40091651359674874,5.769423377673185,44.693252898024745
0.519862279582422,0.6628318566229815,1.7650758908340016,0.41704608125703635,5.893064612256271,45.26248939336618
0.6257372052787552,0.620068038139147,1.8745151668275566,0.35279407725217427,6.0595620602805775,44.78909977840902
0.3410092803856871,0.5218195273938635,1.7965861833974182,0.4316212710792512,5.8200173141218965,45.58282512470948
0.4526504564863627,0.5930526937583448,1.8228563661924084,0.3138787792664984,5.856772302600786,43.17395834667846
0.4518644020138378,0.582769493067259,1.741365819026849,0.5862726488610064,5.829536365459629,48.752959206351996
0.320263659913157,0.5032431420217448,1.789102484026378,0.6868359179747885,5.785118015630861,50.95902215595568
0.4851970020352836,0.5860448522995898,1.7133593955094728,0.3923277666022375,5.855986846980191,44.77190965063087
0.6187823851719368,0.6489053786120818,1.6820922335375679,0.4077805008244182,5.9445359318727915,45.19640769839623
0.593440410476213,0.5796252161093904,1.696195719217694,0.429596127885456,6.0131309082321165,46.023550841952826
0.6891193654478429,0.6294260034626289,1.8244250888925593,0.5587146418224205,6.164077078003648,49.80837834769149
0.3853189769210732,0.5578401106355202,1.7340898323883849,0.4817338762794803,5.786755042042105,46.438394173795274
0.3789392748321042,0.5184135096019267,1.7934011749662195,0.36004341612593743,5.821892228116152,44.06234780247289
0.44023695989257833,0.513927178604384,1.6577911453630807,0.3285032584778115,5.852857966136634,43.44054072636
0.3051938103294112,0.5182341272861261,1.7295314023541035,0.33306707011899755,5.714243818257115,43.4346212734878
0.2245427595449509,0.5114447502999111,1.5867849419849565,0.3163192061923906,5.5918067914796,43.26859850026069
0.29739735303956544,0.6279130515424914,1.4710338277166541,0.3654185113664832,5.555303462295913,44.310034477089744
0.11698663194402498,0.5092433467456311,1.5502682422317664,0.3984043939296395,5.473852652216331,45.47313859197271
0.3536302254137364,0.6501655007179113,1.4417862119250777,0.44583408131032415,5.590051690910304,45.78553112304471
0.500896448605623,0.6570340768356646,1.583325252291706,0.31005895586991944,5.773081764676763,42.73918405324634
0.43034670619694054,0.5236876166500587,1.8117787497719635,0.2947143793264776,5.901422721298569,42.91131198659991
0.32032119706549095,0.44731401850690233,1.7701002297756214,0.42495474591431776,5.885801379140874,45.695629290919356
0.5036883652269157,0.5639698023791787,1.706778945316575,0.29806525992095695,5.952944289593113,43.121196594319684
0.24741760859223644,0.5952916990860899,1.6994269377360192,0.20389918357618458,5.627663715513257,40.78400418692512
-0.11841917267939633,0.5309590172130195,1.493687156080885,0.22671405728192429,5.1898768983910815,44.1314079277446
0.08101884747941718,0.5712161787688033,1.6123079895604575,0.22667319181236392,5.389348097442731,42.29326349922561
-0.02503263986866794,0.5839022220925275,1.6177815368823016,0.228029713009364,5.287659132899821,43.13807039163503
0.05868122553458066,0.5412489917455975,1.6185560596512882,0.23121803466829852,5.392748732420154,42.40117675548862
0.15301243775113282,0.5731924431179074,1.7586217874785606,0.11801487571346196,5.514777536176871,39.41854631511235
0.14343459773919742,0.5667985732327374,1.8449596760390812,0.17865216670582573,5.576085336436853,40.495066141991735
0.30613412739463663,0.6318309248822792,1.9219984814778976,0.12570031266158999,5.686507663157979,39.09559387497943
0.25513909250931377,0.5667741353418508,2.0294375293026987,0.19115946874459674,5.746451481050238,40.56242112894941
0.5160200000368023,0.602216313517964,2.147572513888397,0.16283395920407367,6.0566957448753245,40.9619980113078
0.23473513615454156,0.527202117532583,2.1563674598681026,0.11201730580229952,5.831307071105453,39.03960592242377
0.4191539884506843,0.4992190414163929,2.1777008300128617,0.2559737989073601,6.077895313779419,43.11031733714086
0.52412284135416,0.5950297251275743,2.0929352351131802,0.27348842884309665,6.078369325197359,43.34135007418999
0.40769257920031904,0.6575329632741806,2.0481002042662175,0.25943703805362084,5.916353687041125,42.23359987072025
0.4179866429378425,0.5782776707370757,1.7945098117504372,0.42683153799721535,5.851490812605718,45.42248696173693
0.5846982241547956,0.6383752757742848,1.7851985565673132,0.3795622539584945,6.011637085800513,45.01007349791869
0.3044827316182443,0.5507198805260114,1.7973189636771303,0.42730237720655084,5.757258842061909,45.31953703659369
0.3657232322105299,0.5648748633564056,1.7401790548811698,0.347825210823285,5.746998997712786,43.64521048886804
0.29604195177738746,0.555059859429544,1.8078418945450343,0.34723204022711235,5.7108743427416275,43.7078964758477
0.11816868303858863,0.5711833350510932,1.9251034856358056,0.2977761540357385,5.570248441585634,43.006799300276406
0.0898805041172529,0.494229861833269,1.9724148163318942,0.4394933812039412,5.64239578944914,45.88829918363049
0.22872004083999153,0.5265626537166188,1.9813972304441463,0.5093990757588706,5.8200829699045284,47.361787336828634
0.13918361117913303,0.540834903030866,2.057917839865528,0.4260366186827215,5.746735432338638,45.5380150962557
0.5109365518474669,0.6040508639042438,2.0841509895903854,0.34287456492232316,6.050091678506838,44.578301132297696
0.3140412332479512,0.6395255505948438,1.8726227772073547,0.23554178188560404,5.684137306399459,41.30034796860317
0.4910650104792899,0.7748437910425113,1.8293756482888885,0.1798998709577397,5.795942497728655,40.086885704981434
0.5503907031001642,0.7743476851193627,1.753758695508988,0.22728616522451733,5.797228045613397,41.01720745947288
0.2791744629922345,0.7340782557920088,1.6620606623011602,0.1638245859371173,5.506776179451951,40.203613927702584
0.25851522063097365,0.7172360230986181,1.5710239070549565,0.12316747468182714,5.453250163082296,39.629552599353815
0.34185117859117636,0.7778922231674629,1.6312541595564278,0.1572134747014049,5.57049571052697,39.817402691627166
0.2549511098670523,0.6633972742767539,1.5669668591396835,0.3180285068874027,5.526587555200205,43.426808622258356
0.49936650257375526,0.6252561132147149,1.7501405155031904,0.3177867544631393,5.864684811774246,43.141165945244545
0.2577121573761259,0.6402128877767154,1.8170403020985484,0.26819314804349265,5.6131027063657974,42.120488851390775
0.3877113368405041,0.602396973423158,1.7371007793907116,0.3496047972961979,5.733054616037699,43.72223834156331
0.29577054429319705,0.6133788674877222,1.7036837596343921,0.39598530633422807,5.62723900225933,44.793658265309105
0.27659598207351127,0.5101843936840135,1.6748525222238924,0.4148866568307505,5.6769695227909,45.156523184469485
0.3343855730259143,0.563318611376401,1.766530454863624,0.19371249528007367,5.757505299442674,40.47939176492558
0.33576117459613425,0.6240054468869345,1.6315542760195103,0.1795907490480016,5.630686005403972,40.20286779923375
0.6238714625421093,0.6944747656950337,1.7899245099180927,0.2519985420593136,5.983651693547271,42.206718915446096
0.5625740100922635,0.6717345626421649,1.7835766829319377,0.2805899337264418,5.935961708933839,42.601878090483495
0.2013409297644786,0.539549012359567,1.8704289301079708,0.26387443540330036,5.676360588403062,42.04965455372426
0.59369341283854,0.7173244411056912,1.9604649191309815,0.1746340483000083,6.031210922414166,40.91994587550593
0.3041302576045432,0.5591603622951073,1.8946520807524472,0.18747998317485434,5.8197445059532305,40.49515533826371
0.2688233980364717,0.5073668110827504,1.9029840783862815,0.24120867176216976,5.877774215968303,41.8468660550985
0.4987636730007902,0.5378015006212457,2.006947675828181,0.2735543643326625,6.118652957492367,43.74827866202566
0.47158837083221117,0.5651230869966484,2.0641612846476662,0.26454308754422473,6.060605794566099,43.13867596246437
0.38192570473122983,0.5448816786879038,2.111749115172808,0.2654391935234474,5.998507590312919,42.81923551597302
0.6877846528505995,0.6411203228968195,2.164555648394416,0.2713627590645755,6.320687020495511,45.61356835248213
0.5780311316898972,0.6898497164370958,2.0466991782311066,0.31246145024105626,6.134159297066228,44.621678668129995
0.422942562887515,0.6758060312248381,1.9623030732049,0.22368222917394273,5.914211959176748,41.484832403361104
0.29282314838162204,0.5633137622148191,1.9021555327763977,0.2668341163681066,5.795925081814207,42.14612401748153
0.6352724791989907,0.6550877664965746,1.8611561722646575,0.29711613988428753,6.081840230135173,43.77776380401735
0.6863541603043334,0.6876271723425957,1.9963907534081233,0.2358732183990631,6.2223173469108986,43.71919563221183
0.31333311474333736,0.5773684408143042,1.9081011930310223,0.36955643952617273,5.972962273164194,44.859027061666424
0.3889752273300716,0.647499787804728,1.9990680423117182,0.2964927019258247,5.994400980838384,43.39927294637749
0.4236052517487281,0.5976048164833678,2.09823319221673,0.3425313297215682,6.098746990083298,45.048021622975156
0.2576405471483936,0.5713095520052296,2.0046809270852988,0.4394649733505479,5.923489095889163,46.109543915252566
-0.03367448033404763,0.4733784395701865,2.017948975806779,0.6993304906361697,5.833041781898902,51.43392618483069
0.3302040534709625,0.5735158321175233,1.9363817276587652,0.4643490224457604,5.97919645827202,46.84841324194969
0.436694583046897,0.5547786862339048,1.976115742491462,0.5439384245983916,6.157972166895105,49.77585307124912
0.1955512859755264,0.5306254544794229,1.9145647545421562,0.4725338475671888,5.844234558120557,46.55390742205778
0.42350977231455944,0.6152846722235341,2.049387812264695,0.43751545376157414,6.0463907595776085,46.65013819975154
0.24848493655011827,0.6125253228569412,1.9980316489210452,0.38082416768269395,5.8029923990047525,44.57144301075886
-0.010960197427803742,0.6087805973759228,1.9702031307812875,0.4509740842085864,5.551104843382896,46.33185621438656
-0.0066705991761931704,0.5158076136057672,1.9793255977242616,0.4995449285878994,5.597969253437487,47.16061544705157
0.32677264338304207,0.5973693129441333,2.048430071583606,0.4669443391160826,5.8706129319249785,46.39631233286479
0.19284859530767418,0.5171019933253266,2.0536647811499065,0.6592148407546768,5.756507856437551,50.35132752667688
0.025877565954037896,0.5735969138401051,1.984266243080247,0.5973229079298499,5.540438948742567,49.40705188937258
0.10129008578701981,0.5419087737737204,2.0956125359394147,0.627874989001602,5.702348292119551,49.731492647273804
0.3173907286380999,0.5537140853852891,2.117162260471016,0.5843260188286512,5.894365393658642,49.02826875188723
0.2893517233539299,0.4877379571149689,2.119756589911364,0.5353856454567669,5.960042164939129,48.28535858828041
0.35912184549269,0.4910595241108568,2.1785012912092703,0.45312471948673416,6.021899202840985,46.95936448226909
0.44279015050393217,0.5073705961826057,2.0994111030521303,0.4697127291459533,6.100637699477798,47.75529796057598
0.07295594115263293,0.5029400410480485,2.038225996531579,0.6640829174420607,5.794963536582349,50.65509465274653
0.09363792542747251,0.5442818921997429,2.1113766844777033,0.6554677505179906,5.739700154580375,50.36446707360199
0.441754849209024,0.6391380047787439,2.140602182761164,0.5530225828094018,6.079891553141972,49.38342998026577
0.45337317978200203,0.6575370745894767,2.1103432947448697,0.37950780382948757,5.971868571205289,45.0424652520741
0.31305427566693667,0.5832345000393515,2.046435048558178,0.312219652382208,5.8037540717113565,43.12232301998021
0.25964208949424006,0.6842964789866506,2.025486703881124,0.3259644535893826,5.715694604011906,43.311728750106724
0.17846700994289044,0.5955586304747066,1.9634895619073782,0.4785304769037671,5.722802302526785,46.56217002290941
0.018248929426504468,0.5193991846291673,1.9248429930662598,0.5079365156426485,5.5750759134756525,47.52047914683166
0.2265429936381682,0.5653261220450959,1.7609444711976663,0.2906174257536036,5.659164813241691,42.63524638086882
0.16190856998358588,0.5297228876137335,1.760420468873828,0.3081904759217203,5.6095523746785645,43.09314644685795
0.4882143057008738,0.6181996557372266,1.7836000690069622,0.2882236477941315,5.916233616097054,42.71138925339973
0.4549097467735686,0.6213756336429236,1.8878849069024,0.29526360603526236,5.937153494399861,43.060967497212836
-0.022088594701767383,0.472562204183569,1.95620815187336,0.4339850972288681,5.670324865383172,45.872842460312974
0.15699105089383342,0.5050168639026542,1.8152902649316147,0.37934588166492916,5.7342686819895965,44.51106085771959
0.3381506721776319,0.6079260523413555,1.796641018280035,0.23818893872683755,5.737884561265566,41.46594691603066
0.269561273100314,0.5558809659710893,1.6259302113789829,0.3369443353785672,5.656386876615146,43.64490303164742
0.1947648232674598,0.6626753542178299,1.6278679601092563,0.2373060787556951,5.527066035417036,41.868932616087854
0.3304726557909651,0.6593618067769168,1.577912594550947,0.24441867442414816,5.577082123093063,41.71721761444111
0.13437072963733498,0.715008870144632,1.5012877611311763,0.29976522523075,5.309213969416544,44.41271269232453
-0.02785621148766476,0.6921656618091694,1.564221573588325,0.5028568945210405,5.178529692683437,50.05245564727427
-0.16952290939960546,0.50480723401853,1.6494997584413,0.6565777385454543,5.194429804967608,53.36333454684731
-0.027350871731375626,0.6141990729689221,1.7933714727505072,0.6189488106202817,5.3274741201789775,51.230897245029595
0.07835123200253752,0.5386250196255133,1.6631235218047289,0.6520724438537385,5.43891968691816,51.08707434428264
-0.07318904194326298,0.5630182026366105,1.5635960060090233,0.5902749991725347,5.219509740264501,51.603303648270554
0.2806421270878582,0.5860277220124499,1.6717216427067103,0.5670286074514942,5.653722310921085,48.47981752841588
0.3360894425311074,0.639628698693556,1.634420798306535,0.4720420852029827,5.685138380234999,46.32558266274799
0.4788337575641389,0.5997608668226495,1.7406546595782308,0.43037244923096424,5.868592800596309,45.5763539666613
0.42623666915870045,0.6222712441478347,1.6963206960557415,0.32460388037195004,5.794289039584797,43.16520452900014
0.043889531799479964,0.4544759038024187,1.674575119111667,0.5289706425184654,5.578693265182284,47.80506057095474
0.25346845838682036,0.43465941256086543,1.7337184447024878,0.40083156461990666,5.8268947062567875,45.02866025032097
0.42609190667772795,0.581591501532754,1.8073160848876386,0.24228868044362106,5.968942489896964,42.108629606406325
0.11921149269697134,0.4445242098831822,1.7215599791102973,0.47110736913288126,5.804535586529727,46.509267601915674
-0.036823069850771994,0.48246810691202147,1.7475928504804985,0.4257091516882375,5.601262468421884,45.65819838274672
0.334248829982649,0.5620533981069885,1.816507474063787,0.264082580193684,5.880133335730564,42.247431984383226
0.4315416343662483,0.5497559316539288,1.8434670355226097,0.20931215228668898,5.948841174716263,41.3454714057998
0.34001421667905374,0.544774812066343,1.6342540988538827,0.21543963679117817,5.769659263112273,40.98095410560329
0.39376537042025284,0.6714097174468991,1.6912493974064804,0.14969435499378925,5.7817728977793275,39.54740305847294
0.10767931241721207,0.6244551428544126,1.7130141691597507,0.11950733100391134,5.534616424303019,39.37873834094703
