logdet,lmin,lmax,d2_bar,tr,Phi
-0.10212568204023464,0.5054686659261385,2.1146214038477327,0.3420490832344113,5.555228396280885,44.10329437647306
0.2015375153068656,0.5134926398829482,2.0785483980714896,0.2591999292046943,5.7912749962981405,42.030152955867536
0.4200895051997892,0.6506543138870685,1.9124211412800298,0.31342107383760837,5.853915930730133,43.131614439947114
0.43952276903328535,0.629679956990354,1.757608369889302,0.4201628332795741,5.888352517019981,45.44254727199284
0.26434987075481353,0.5492253961607354,1.865259150089605,0.354838696570278,5.716629590949877,43.82179108738446
0.26434987075481353,0.5492253961607354,1.865259150089605,0.354838696570278,5.716629590949877,43.82179108738446
0.3395206528276212,0.6361877110812659,1.904782181801539,0.32986211722518644,5.8877412614373705,43.62757875484479
0.09428691174910508,0.5271678125767283,1.950702016206145,0.3121122596089181,5.743040495833498,43.1765266434768
0.09376959182548916,0.6054430908285604,1.9502933929446353,0.3072012519099469,5.6150310949950395,43.15972267796558
0.4118389962501241,0.6142060850570249,1.749673079633818,0.23100284789591394,5.780680093447833,41.32045124491435
0.42125879900614954,0.5965242495616822,1.6031502225675736,0.3018192665911272,5.789965259773817,42.81249214806289
0.27075393943236,0.6054029062954606,1.474075662495238,0.20861020390005783,5.534597515428331,41.07295392282887
0.5711628922819152,0.6166692550643242,1.8112359918741912,0.20615328845093156,5.972923507611986,41.27650643500442
0.7661146267685981,0.6914418865906033,2.030965196505739,0.3628938207777992,6.266312301754169,46.809836503400135
0.20450314931065905,0.6321198092801646,2.1606309082680992,0.3203257322426226,5.743490315811098,43.26471801791924
0.3519713187072194,0.6796301529837112,2.0226114517931353,0.42822001924852354,5.8213987646299,45.49425489849807
0.3519713187072194,0.6796301529837112,2.0226114517931353,0.42822001924852354,5.8213987646299,45.49425489849807
0.2434894788358481,0.7442094562433826,1.837049931878685,0.29448387347428,5.53363235958688,42.892421331620085
0.01760790411172819,0.5756021601534055,1.9580807003379017,0.2787659923318021,5.465834752755263,43.054862202475114
0.3094684165265364,0.5910081878465755,1.7134189737110415,0.19648614166569928,5.674333066980965,40.553356592992294
0.5528277868718441,0.6101581302719236,2.002583894485322,0.26253781995854686,6.068448321193838,43.10805343835939
0.3338874635895879,0.5549575911209629,1.863328773203639,0.23318101651442247,5.744302517495148,41.30502416659273
0.6679193239643484,0.7508409205983221,1.915795452906009,0.23410447606869195,6.060173834417779,42.24885283049054
0.6679193239643484,0.7508409205983221,1.915795452906009,0.23410447606869195,6.060173834417779,42.24885283049054
0.40925153601173836,0.5953740654836873,2.005758538289596,0.18501052127572004,5.9086024813045235,40.644331846951154
-0.02429493265473337,0.5284598138652397,2.0081904748653563,0.4077301260913532,5.612106121922787,45.317117468829245
-0.11897668509802695,0.436474875480469,2.0356106585009286,0.669491650032579,5.613118396239356,51.08607968879664
-0.08855184660651183,0.4599978532038519,1.728667261643531,0.5271233937616364,5.521436351259235,48.12059791683146
0.1939310188033303,0.46382683240991024,1.8155166428573324,0.43138365028200865,5.8236732637942294,45.66106745569421
0.19872810259283158,0.5342538754228957,2.107446700898517,0.46214155915357225,5.904023662230017,46.68913308821004
0.22178373498399684,0.5190136499799927,1.97806338023039,0.25579134793823854,5.75260649291243,41.935219080393104
0.0505135023765384,0.5555877365299082,1.978399714250962,0.23365188707744383,5.570411871981058,41.72919487317811
0.023822679366660382,0.508436977141933,1.9415943947304353,0.29999070865450816,5.612602869405371,43.08491380888179
0.09990293567933661,0.4772040411843387,1.8459840527165108,0.35063018219687414,5.614142782013243,44.06325823428876
0.20285746156858842,0.6305641335712115,2.117404185340873,0.20171878275725028,5.738393593905062,40.732595827027005
0.1869504084691347,0.44356979639319283,2.039629012283662,0.3633806410582063,5.944907363806925,44.72301784482434
0.0897356494731002,0.5221198936638428,1.8901103660989411,0.2716113237146413,5.6295125043323155,42.37081738584285
0.0897356494731002,0.5221198936638428,1.8901103660989411,0.2716113237146413,5.6295125043323155,42.37081738584285
0.16074787147920871,0.6025700735073424,1.7327148528040641,0.2532316498718467,5.542169039900176,42.1363287309535
0.36289474678248473,0.6926208549434975,1.957273287112163,0.24726337600496842,5.8272208897743765,41.73091912317355
0.36289474678248473,0.6926208549434975,1.957273287112163,0.24726337600496842,5.8272208897743765,41.73091912317355
0.36289474678248473,0.6926208549434975,1.957273287112163,0.24726337600496842,5.8272208897743765,41.73091912317355
0.32721326631709996,0.6393904669384591,1.7484903726802963,0.33113527650412394,5.686263799238917,43.40624089786205
0.3157381657086935,0.6676532913736306,2.012909659108558,0.26299314939472074,5.748490604163944,41.947326383868564
0.29399110419813956,0.5800478421247645,2.3581280380090517,0.3009451804968176,5.991177158451652,43.585899966224055
0.29399110419813956,0.5800478421247645,2.3581280380090517,0.3009451804968176,5.991177158451652,43.585899966224055
0.29399110419813956,0.5800478421247645,2.3581280380090517,0.3009451804968176,5.991177158451652,43.585899966224055
0.09650611792393526,0.6324591422779361,1.9425691002030048,0.2733699320442994,5.562621305156643,42.48221683230097
0.13349979563815595,0.5941936613061399,2.0673408567209934,0.2366819311508486,5.619832241330819,41.55904084696377
0.11228097538806836,0.5807174702060959,2.336941619165697,0.4959874464742865,5.763481102792223,46.95263938221211
0.11228097538806836,0.5807174702060959,2.336941619165697,0.4959874464742865,5.763481102792223,46.95263938221211
0.11228097538806836,0.5807174702060959,2.336941619165697,0.4959874464742865,5.763481102792223,46.95263938221211
-0.11892714022393824,0.5784547277556497,2.263860201950076,0.2908792176402844,5.56924823032551,43.04806146990979
0.3934252475615622,0.590608169972689,2.3161307225120487,0.29346080666078755,6.077472380688663,43.90882510738985
0.3934252475615622,0.590608169972689,2.3161307225120487,0.29346080666078755,6.077472380688663,43.90882510738985
0.3934252475615622,0.590608169972689,2.3161307225120487,0.29346080666078755,6.077472380688663,43.90882510738985
0.22189363845096854,0.5089928432847233,2.2038745770078156,0.16338587368980914,5.894957679316331,40.34990418504167
-0.0659491028974798,0.49841587079926825,2.0250392601755958,0.15005760936679075,5.508752083735901,40.25518574774483
0.05625421281910936,0.5209472932062662,1.9378133214159277,0.29011298893086235,5.5279911324713105,43.0357827970893
0.18775704335465548,0.5146261808455186,2.031178918857486,0.23867072397622915,5.722729686608426,41.55304888426669
0.06663417466006838,0.42949369394350845,1.8467506207215905,0.34666871783195763,5.6643159716877785,43.84396721869276
0.14415274445737203,0.514436580939789,2.0916837241249806,0.28652822141397183,5.697148517282793,42.54785023997136
0.14415274445737203,0.514436580939789,2.0916837241249806,0.28652822141397183,5.697148517282793,42.54785023997136
0.3893257597912575,0.6337318511427231,1.6499621402534683,0.20403090326690948,5.6818518498408555,40.67785105090145
0.3381412009948,0.5993786622241416,1.6299243519152808,0.3252522961693393,5.693023326628223,43.16492312558888
0.5196834534149357,0.6521056914365204,1.6453165155044196,0.3407167693563897,5.833459154199418,43.52455887050601
0.2439898637532607,0.534179226867094,1.9328641515434433,0.25378674546737656,5.7443760180312236,41.82567970163578
0.2439898637532607,0.534179226867094,1.9328641515434433,0.25378674546737656,5.7443760180312236,41.82567970163578
0.39603938905947406,0.6196467828068162,2.1917808000810055,0.37059260892834184,5.962305265732573,44.863134632255914
0.28355483464374637,0.5480893414910031,1.8194051226124572,0.33016563623859846,5.728030432533199,43.431341090972936
0.11633535982693655,0.54236093966823,1.714299708819816,0.33404011743042783,5.511314909532168,43.924086629894006
0.22913367263880802,0.6644084653200294,2.12947520912196,0.13442779905134922,5.751015059263695,39.39821107089604
0.3108101533690052,0.6382738892013052,1.955790217838684,0.18478296104164404,5.8042037270551745,40.44692200159937
0.13848670056262502,0.6148455544453785,1.8169001808443417,0.16739514434848238,5.624504534359924,40.15525854388967
-0.22751909939904869,0.466123979893773,1.975130729060861,0.49574943721206666,5.544003533057612,47.51681512230686
0.016690996651052115,0.5477180972968942,1.98727462219248,0.32537680056292095,5.541437403887024,43.73512050450652
0.13717170343143514,0.5562636183580306,1.8271239357209799,0.25641331422919866,5.591596690537129,42.07913502688521
-0.22735941199254528,0.40763182504067613,1.9954818564890235,0.46872490012565976,5.43722139508605,47.41279591579063
-0.03648343212729771,0.5317562069080117,1.5984120695645547,0.4330208076091457,5.354036932683439,47.1051790164084
-0.042242358460092055,0.4529114024029083,1.6966459665889368,0.3502786644414377,5.50316102687953,44.43010350537554
0.11106761430393264,0.46032391518308124,2.0549240947299268,0.3979676794064612,5.845818079727115,45.139862371227544
0.04158857787989412,0.45464621678144634,1.8911117444310812,0.4553432321453851,5.681362454523581,46.275884157771635
0.21457886608927074,0.5325334053890339,1.941768758250752,0.33370853951897506,5.8470115140755485,43.748652518886225
0.25165678881727005,0.5445636587406523,2.216145401866732,0.21206739466094546,5.978024598705981,41.7142002916029
0.3177286765799319,0.5638537764609722,1.9601589793717946,0.29711544297026016,5.80346936875883,42.695422621147664
0.35861264137277604,0.7067838412343943,1.7275374863075532,0.2373156027006866,5.662715413800926,41.301570878708915
0.35861264137277604,0.7067838412343943,1.7275374863075532,0.2373156027006866,5.662715413800926,41.301570878708915
0.4844974693551869,0.7007334644330924,1.6262802592362307,0.22387226739977262,5.752020613727509,40.90850538277321
0.464665875266374,0.6613509603502365,1.6458821162224215,0.34775882655604595,5.7953945279665815,43.572883756814655
0.464665875266374,0.6613509603502365,1.6458821162224215,0.34775882655604595,5.7953945279665815,43.572883756814655
0.464665875266374,0.6613509603502365,1.6458821162224215,0.34775882655604595,5.7953945279665815,43.572883756814655
0.3276949548126439,0.6137032310852155,1.806403712792384,0.27506686421333315,5.763437487298416,42.200479816658536
0.10487035661122951,0.6849406569848516,1.7287456528366896,0.11421451126811638,5.461493911376521,39.57573196249092
0.5668023155762254,0.6415539186405697,2.1974916208733863,0.21585932812397463,6.165902484590765,42.893362555667274
-0.19242179984825725,0.6000966443977364,1.994760702836129,0.1890055867436661,5.296243988803264,42.523594776331485
0.05361219936628453,0.4687497660474195,1.6308386513178836,0.371739151611178,5.565252594571721,44.487560490487276
0.05361219936628453,0.4687497660474195,1.6308386513178836,0.371739151611178,5.565252594571721,44.487560490487276
0.3333310771613631,0.6068038167192948,1.716049539461583,0.33790212316749846,5.760341659626334,43.43386162675493
0.3333310771613631,0.6068038167192948,1.716049539461583,0.33790212316749846,5.760341659626334,43.43386162675493
-0.047871978734818854,0.5907495022030107,2.265393409305118,0.4339280096997178,5.629176129427087,45.85773471545985
0.08347905351162843,0.615843424789836,1.94468239133086,0.28350769732473347,5.575966507128124,42.737057826437166
0.03335578733289868,0.5403164960351136,1.5909534363737021,0.253415545278965,5.396106602186679,42.87086434338416
0.3866794400830074,0.5297127963083026,2.225978238181537,0.20113482185916828,6.071803691296552,41.96335970414334
0.3866794400830074,0.5297127963083026,2.225978238181537,0.20113482185916828,6.071803691296552,41.96335970414334
0.029166827442929533,0.5828188418624389,1.6417395293987909,0.2258895947201221,5.4168093519746785,42.198957991300404
0.23673013846438073,0.5768196757043397,1.9552292381067244,0.3508517189261485,5.922719767998785,44.42352308293739
0.3271396117883817,0.6286336329853152,1.9446742738108624,0.2411898367446008,5.7730469012412255,41.48858988721486
0.548904235152992,0.6388464462340651,1.936066589960189,0.19966766443712416,6.025639632836443,41.425853142430746
0.548904235152992,0.6388464462340651,1.936066589960189,0.19966766443712416,6.025639632836443,41.425853142430746
0.27973820324023047,0.6289971442452688,2.0532026841946363,0.30400703737378365,5.764877635250954,42.80088751204399
0.1756924426137143,0.6295919439621152,2.0499955415445426,0.19216880370352074,5.698817700816557,40.61489465298655
0.2678818619736901,0.7045838359570872,1.8663009089781022,0.22588278343475174,5.66204395510808,41.20622535063836
0.3570094806535059,0.687947927428147,1.9963941738744841,0.32297740008151304,5.757239952229622,43.231969182037915
0.47724395428494015,0.788791764063459,1.8504937432257886,0.24486470451448814,5.7990993217026245,41.49532339114076
0.39007730435129984,0.7778923352789802,2.087342088330187,0.35262304932524,5.8501149835268755,43.976756059491414
0.2979488294111542,0.6994398098990329,2.0289558912057255,0.25652007054466425,5.708947413603092,41.847120887324394
0.148791936563629,0.6036680449107114,2.02954461500569,0.32160689538340703,5.613782701714044,43.47731183101653
0.25563422938217467,0.6462090570148886,1.9319986825327176,0.39565510867036996,5.650623667790934,44.87787452411247
0.25563422938217467,0.6462090570148886,1.9319986825327176,0.39565510867036996,5.650623667790934,44.87787452411247
0.43689841202901,0.7633220001669024,1.8735847074755572,0.49837507572914985,5.759564253120458,46.78219233138027
0.35476115855269963,0.7212221377065884,1.8378457965172221,0.3435464506918354,5.667184230322744,43.60027858780908
0.35476115855269963,0.7212221377065884,1.8378457965172221,0.3435464506918354,5.667184230322744,43.60027858780908
0.3405901974673562,0.6682032355544906,1.805272480427421,0.43901494448245426,5.652355594731202,45.607898399082295
0.3405901974673562,0.6682032355544906,1.805272480427421,0.43901494448245426,5.652355594731202,45.607898399082295
0.07466788449987338,0.5899922681094886,1.8130982205587078,0.31135471586503344,5.4694648910621595,43.688657453459136
0.39015222258800414,0.6152648623522023,2.1551103492777735,0.32384705699513994,5.98793324814409,44.001582835209426
0.40254210324352635,0.6754097850556295,2.1182503074561714,0.24874273787523196,5.942525659426179,42.15409724700957
0.40254210324352635,0.6754097850556295,2.1182503074561714,0.24874273787523196,5.942525659426179,42.15409724700957
0.2965428987682971,0.6257969736481319,2.585906074581953,0.388178156251556,6.122050590644483,46.37466656646776
0.27865995575856534,0.4632083872920551,2.104239148435318,0.4676081965573535,5.999069877610081,47.26509960781943
0.43375923183135934,0.4964117775533932,2.2471946437617523,0.4588069715745127,6.2407230535815135,48.95298000882064
0.4329182914202041,0.5411254304211338,1.9343939246832178,0.4770794964490022,6.162193057029336,48.501997213713906
0.4329182914202041,0.5411254304211338,1.9343939246832178,0.4770794964490022,6.162193057029336,48.501997213713906
0.04772272936283306,0.5016555535383446,1.8919661141695858,0.24382897402700332,5.559830025064765,42.00249818415137
0.06841931203708473,0.5294024902444127,1.7852766720619042,0.2650727132771944,5.494230561409018,42.6774541609881
0.42946069433962036,0.567318802925833,2.083041424230091,0.3742432978341254,5.990783563484046,45.10087030905177
0.42946069433962036,0.567318802925833,2.083041424230091,0.3742432978341254,5.990783563484046,45.10087030905177
0.5776035083699644,0.7422583975881952,2.093554575384233,0.38594435876160776,6.042720407609803,45.47509770090876
0.12216180678410504,0.6199597804573597,1.877618035686981,0.27926457044963254,5.50007059428677,42.873306633857034
0.22324273741186484,0.5775986108621466,1.804347168517172,0.5708401777580653,5.735952882523076,48.497319683638466
0.0732603176727108,0.5688868202553596,1.8601326236324458,0.2496405860805577,5.572865197776215,42.107015520851036
0.40543002305383835,0.5392307203300147,1.9175556817640138,0.43081891535263384,6.124830414573464,47.0514145291207
0.12540148692994357,0.4623081146315395,1.8648426973214103,0.4112971736821736,5.84710576159612,45.367188428177286
0.12540148692994357,0.4623081146315395,1.8648426973214103,0.4112971736821736,5.84710576159612,45.367188428177286
0.15047711836682975,0.5018848576485488,2.077681071531189,0.2922346374400638,5.887483156774573,42.984541476050914
0.15457027202452578,0.5450063861224976,1.7731712597725964,0.2589082132061698,5.636824736107323,41.99627308728817
0.19475312498459385,0.5067779537503277,1.9273342235140083,0.3806725823858632,5.794864944597036,44.54449091606668
0.5945446678290673,0.644563139559648,1.7809055520864145,0.3257569348426164,6.064965271241459,44.25072668017627
0.2661375210013142,0.605973070074771,1.6179996870791737,0.3257767806181887,5.562794072519596,43.42678038135686
0.6711737042271244,0.6587616546166517,1.9811290056953337,0.29958623044471255,6.150713104873519,44.419888449029756
0.38683866960666524,0.6337865451275194,1.9968106923165312,0.5378898280674519,5.873357351322266,47.91154145126152
0.2679505515635892,0.6693512075729022,1.9215542421475027,0.41111020635163387,5.70127760752175,45.04897762041802
0.42988570133097337,0.6886877459145441,2.2035979484288126,0.31456959157604575,6.001802253258141,43.79137893153985
0.31152301118449266,0.6583749164791163,1.7657174997816543,0.4745946884769856,5.716698301815939,46.378805275620806
0.31152301118449266,0.6583749164791163,1.7657174997816543,0.4745946884769856,5.716698301815939,46.378805275620806
0.14687868361888112,0.705094604554738,1.7758251864167276,0.3109954402001985,5.465296179406339,43.62440245121257
0.09838353507847586,0.4810478478391809,1.861350934879804,0.40703604172995356,5.6114362475861785,45.252870118137224
0.007935718294390659,0.47517454528357755,1.7049495327235868,0.3236001885735751,5.467510181135251,44.08672716826965
0.20691487832237826,0.5490211710410173,2.0008487429770065,0.1867377886096179,5.726496586713844,40.459173166902666
0.20691487832237826,0.5490211710410173,2.0008487429770065,0.1867377886096179,5.726496586713844,40.459173166902666
0.3464164332383959,0.6468812406392002,1.4885864364308352,0.28231427070113274,5.580646734351727,42.473647668539826
0.4041863007783303,0.6959222044250211,1.6623751186142621,0.2639898692167742,5.653105217777218,41.91585988256869
0.41429519007767757,0.7471417810133523,1.7209011763174744,0.10352641917102702,5.649839819252988,38.531681557611634
0.33605572070589207,0.5560833792689013,1.706693209008452,0.2982049616658516,5.745576600116552,42.6250989127466
0.2738978300663386,0.5273680269401188,2.09998616543291,0.27677200377865113,5.815197658710931,42.451236268809275
0.027750404207724455,0.5361875001358204,1.9862708962194677,0.4359135778272912,5.561492818068869,45.907923620751255
0.11356824710208446,0.5609191689806302,1.8849624738025925,0.19285611488953466,5.532002130599318,40.90045023000556
0.100436855279738,0.4213652832927598,2.1732553163178707,0.43790487268597666,5.878171377573675,46.09101437182353
0.23328614537028802,0.4617427214726282,1.6343291528951247,0.4533152518155902,5.734422162091267,45.97710553561088
0.3558337319700511,0.5627691410939115,1.6406122520886983,0.32068044831765674,5.759322005837312,43.13301982009142
0.3558337319700511,0.5627691410939115,1.6406122520886983,0.32068044831765674,5.759322005837312,43.13301982009142
0.3558337319700511,0.5627691410939115,1.6406122520886983,0.32068044831765674,5.759322005837312,43.13301982009142
0.8427332669311749,0.6541153444076004,1.664798651622963,0.2426081956878668,6.24482085815815,43.98039663546093
0.4483877590493723,0.5010854597540156,1.8396252360770937,0.36672109684338416,5.955369110423725,44.68596817579324
0.22134755000993933,0.5858384525212649,2.0432094640330316,0.562708572723726,5.810624306632161,48.37044178141253
0.4075198040309385,0.569430928341495,1.913893421951844,0.29341928758146424,5.9209705211073285,42.9545346002779
0.31436100108375314,0.4855665831548411,1.8779937801711368,0.38415459023445236,5.881050270013457,44.81710500010075
0.2905175151706964,0.4900367429092326,1.5527727159024183,0.3595956246746422,5.677940696906366,43.97671209958143
0.22172884284732863,0.5390897820655262,1.6868212747220177,0.32360934387706347,5.61624796979434,43.316232827698386
0.23663056703920599,0.6134928215093913,1.7258411980877164,0.18559473200337476,5.620134467679371,40.46920750756748
0.29388404811395535,0.581737833228327,2.1221291985591577,0.23886661742352602,5.875149887932755,41.72333743260328
0.13284283184841028,0.5393428877000088,2.019555157635784,0.4332788896640437,5.654091207563249,45.575355871986574
0.24628263871764478,0.5875305294129077,1.9650753843390176,0.42240097275829475,5.7471365336198525,45.34702009200967
0.044754873130857076,0.5821622328995696,1.709323230849359,0.4130103275584095,5.484679133904823,45.77914543096607
0.6505539834094023,0.5893042452429625,2.1934220761534786,0.4963896068099312,6.288629119526512,49.93643813862139
0.284195323928447,0.6321917893072911,1.7446596059941886,0.28949390557117494,5.654614069129614,42.47965627863824
0.4479993090367475,0.6172147316747562,1.8558055007398349,0.19132813107263894,5.888983145202572,40.677016651244614
0.5284639249661038,0.6235199060554406,2.077495502469621,0.18854548575887278,6.040095848229731,41.36608522309579
0.17357267975665736,0.7044010217888735,1.9904346989194377,0.28320305399188084,5.618061439186433,42.568755581364464
0.2683206172777599,0.6183433771671376,2.1253362280654953,0.2638318781221437,5.810704127355689,42.16088363513184
0.2614111266472534,0.6694780528081917,1.966632476969441,0.21257785085751,5.679631296927249,40.91762098255381
0.2614111266472534,0.6694780528081917,1.966632476969441,0.21257785085751,5.679631296927249,40.91762098255381
0.31833019234255183,0.6646174873241184,1.6598192344831568,0.2628194272172514,5.679715934673524,41.90230298813751
0.31833019234255183,0.6646174873241184,1.6598192344831568,0.2628194272172514,5.679715934673524,41.90230298813751
0.31156459090950617,0.6665685380609022,1.8651174522127736,0.30808265560094444,5.7437695977930305,42.854471779125085
0.37430576022861606,0.5874556446782803,2.136931349376348,0.37795733772191437,5.889194233075429,44.574478363867506
0.3206906001586141,0.6382278073672037,1.7927416440389423,0.2811573513026508,5.6630169514940984,42.259067711952774
0.42884279837401634,0.6184535610166718,2.165671919870941,0.44575970193989833,6.014609641703293,46.67282514035018
0.3910661259395398,0.6694488654810584,2.0636310023416655,0.3140243988413785,5.869170485915655,43.26728752911405
0.1518214975235267,0.6846900537049861,1.9934132166688634,0.3587961818486315,5.534588414989575,44.28924394078865
0.273779335862566,0.6746262352803174,1.7500647222513224,0.3949514490039343,5.571223821797249,44.77945589133872
0.2460873638738661,0.5025257394815165,2.5514740329836307,0.37226282259198645,6.0891050308853725,45.85562386719779
0.018928744682082055,0.5352662544178874,2.091038566458545,0.3419848943903296,5.637075075271131,43.900069612648934
0.10228124543046069,0.503457502510672,2.1667144260731908,0.3441324548966365,5.733024516108054,43.788132435100216
0.23121314076617794,0.6074899428273003,2.019529536428371,0.32792942442554773,5.696335395541655,43.340411774754244
0.04177273368076717,0.48287305938807645,1.8647760201562371,0.6778585401304711,5.611501774970595,50.84203217302933
0.04177273368076717,0.48287305938807645,1.8647760201562371,0.6778585401304711,5.611501774970595,50.84203217302933
0.23710732110624427,0.674616859531785,1.966875461918454,0.37604466362729766,5.737780623716905,44.30077881253904
0.11275314807118375,0.5814482362224296,1.988532242431167,0.41306786941410534,5.6066975629128715,45.27440784486645
0.21492247673703624,0.49743134207250017,2.0808859935609685,0.36410605589826744,5.905641461350797,44.55004360309751
0.52089121034087,0.5569169762518204,2.022830161716552,0.25337226772133686,6.136567405004795,43.454766104807774
0.22130001147908224,0.5746678822391535,1.8832149593000767,0.1891746139668073,5.715477606731326,40.487901529870975
0.1158845616564288,0.5196296051428317,1.9254012278012855,0.3552274771129259,5.6904532222940505,43.98230939479228
0.07527456833030965,0.5522506093006022,1.8002245042795713,0.2564742737272033,5.474942673768666,42.47403160324378
0.4365279524878373,0.6238370405355215,1.9484411390247036,0.19900341146651562,5.85858486635394,40.73750000245907
0.18347822856588425,0.5259863873108925,1.9075289784648408,0.25304306076230704,5.677483885900934,41.861229163701786
0.03828398911840725,0.546710392819801,1.9870425001190155,0.4621128721572566,5.529879637574285,46.640714203821844
0.2726872975612208,0.5351478929220619,2.0363153431196315,0.5172129338579591,5.837486935019194,47.58985339871541
0.42151702989432316,0.5844676259879866,1.8974393729974532,0.44499986217368354,5.890721232278332,46.067323533119776
0.34866913922812937,0.5515218651415773,1.531650599558691,0.35903837629705787,5.672526951162578,43.9197556689149
0.533028075903114,0.7160386521377516,1.8242051561104946,0.3658258482770289,5.841482776097381,44.03354305154141
0.39922237148230644,0.6072284248425323,2.007310984585433,0.45567100809154387,5.9223818524201715,46.326786351264985
0.2328015222894534,0.5866337122281926,1.8474381690077974,0.33068369233325995,5.6986131354388405,43.46109940897338
0.03604371647396892,0.5498956532719339,1.6265950892021082,0.4453659691669993,5.35598444767745,47.07361091068029
0.3243613749478036,0.6201637167528806,1.777792252215184,0.34767408491933766,5.725888471755627,43.67831809372932
0.6022159519924799,0.6695881991902809,1.7104030090889832,0.3438262409196729,5.975720253784208,44.09927742974609
0.38076718693497097,0.6525924945690635,1.8169349835527397,0.25378372629189455,5.771039232014035,41.7613912324679
0.29740011440973196,0.6154165623899225,1.6722987842501629,0.4182191653118019,5.705446365232388,45.14479038929623
0.29740011440973196,0.6154165623899225,1.6722987842501629,0.4182191653118019,5.705446365232388,45.14479038929623
0.29740011440973196,0.6154165623899225,1.6722987842501629,0.4182191653118019,5.705446365232388,45.14479038929623
0.4363190730308943,0.6668242910243793,1.8454169770531021,0.37717670100238426,5.839789090684646,44.44556115916159
0.4363190730308943,0.6668242910243793,1.8454169770531021,0.37717670100238426,5.839789090684646,44.44556115916159
0.7691210962114383,0.7998353646941903,1.7051796579606293,0.3359243818916294,6.069843419737212,44.32761193075807
0.6273324540227246,0.711374743377324,1.955423398087361,0.15419679561254762,6.038995955805505,40.49894299800336
0.3525516454194898,0.6620401448871642,2.3900122252749023,0.22796157950161872,5.956420455395118,41.832498696576685
0.3525516454194898,0.6620401448871642,2.3900122252749023,0.22796157950161872,5.956420455395118,41.832498696576685
0.400021101341822,0.5967204171186535,2.4615151564101323,0.20962101171724098,6.102299373645403,42.375070467370385
0.3181967976711906,0.5707707515000026,2.386881748108515,0.4128255449198239,6.05314000859334,46.339016320562706
0.3181967976711906,0.5707707515000026,2.386881748108515,0.4128255449198239,6.05314000859334,46.339016320562706
0.020279846572277216,0.5545839805586812,1.694022863231883,0.3345972290474235,5.530043490016682,43.857912963301985
0.6129451104529902,0.7357483210496069,1.9806613184913373,0.37089935557676507,6.081907344447387,45.22543144043853
0.6129451104529902,0.7357483210496069,1.9806613184913373,0.37089935557676507,6.081907344447387,45.22543144043853
0.45102532518709404,0.6608261541758527,1.8924661706117574,0.45661324848561263,5.903860717607134,46.161435917194716
0.32833074333337614,0.5267629207248347,1.7092868635521647,0.42722985106961253,5.808523083316868,45.53778318166378
-0.02870634636537761,0.4881747480403246,1.7769234779650886,0.5439197619587282,5.499370717832942,48.62640486368479
0.12102338691281994,0.48719088588552917,1.8006498144402634,0.3683711522067587,5.7127751323633,44.36841724375145
0.3997186188042907,0.5934592539633315,2.044487525378714,0.45308804006584547,6.131332001134936,47.71310497939877
0.4195303576372318,0.5184597506776369,2.002131720793635,0.38102217312887804,6.168729962881221,46.43512646691351
0.05982655769685241,0.530696929542737,1.8339814235228868,0.3019819344459429,5.625599616688467,42.95096792500333
-0.0038511885760404985,0.49520465988339724,1.9666734698193977,0.4639045741358052,5.666496963569077,46.3938723321906
0.263729615983133,0.5634625502786967,1.5937713851457267,0.3913559494663177,5.696360755630268,44.66796435429158
0.26317210543213676,0.5360686471909755,1.9553348627115983,0.33835516458631626,5.776471841568626,43.5638231861233
0.14683640802919934,0.5413687451662468,1.854619522307042,0.3500164701298643,5.597365055044429,43.95785596933632
0.5331873549605562,0.6142051224169053,1.8008123766922417,0.29871378110131086,5.955780758025117,43.120219322374645
0.16843250838321655,0.5377069821705044,1.9241655920815768,0.3019339025054186,5.729671185947808,42.8902408820648
0.28423380764086026,0.5041709080112348,2.280374877121566,0.37729531256813026,6.0075412216203805,45.31805690177753
0.28423380764086026,0.5041709080112348,2.280374877121566,0.37729531256813026,6.0075412216203805,45.31805690177753
0.28423380764086026,0.5041709080112348,2.280374877121566,0.37729531256813026,6.0075412216203805,45.31805690177753
0.28423380764086026,0.5041709080112348,2.280374877121566,0.37729531256813026,6.0075412216203805,45.31805690177753
0.21887466324783955,0.597470600847817,2.0430088028360536,0.2814855323751573,5.756718730327143,42.48876880332221
0.32344171331185695,0.6621448914408574,1.9192436617226591,0.19449751787684064,5.808317246913946,40.633025009391815
0.466738211540036,0.6870768964386271,2.2864096759874917,0.3250890445512365,6.0743703210597655,44.52441267122629
0.466738211540036,0.6870768964386271,2.2864096759874917,0.3250890445512365,6.0743703210597655,44.52441267122629
0.076303344473033,0.6234003295131499,2.2264514636994743,0.308373622535233,5.660872545932541,43.222258473793026
0.15471401731442758,0.5721592090192912,2.0801657873455377,0.24800734311440772,5.789642342663507,41.88814508503015
0.2011219053959593,0.6092067674472214,2.0772655154299953,0.19225718632734023,5.711257849651509,40.60814946650423
0.2011219053959593,0.6092067674472214,2.0772655154299953,0.19225718632734023,5.711257849651509,40.60814946650423
0.2806706545401274,0.5989254361657409,2.0069565778546825,0.2445804510181672,5.75663225200579,41.634062566703456
0.1949526707337907,0.7187224171472899,1.7987053078902429,0.2566991200834009,5.516937366824933,42.27556495200803
0.22022990958697036,0.6769626173887673,2.0458236949593376,0.29783234566406097,5.685887229398458,42.75300279876997
0.21215483794025014,0.4940884777857779,2.4051357260950805,0.35149645285087955,5.976868522220771,44.65964403466452
0.24874775926482073,0.5948967144036875,2.1429128088823934,0.3595455989246993,5.815801163842687,44.16367832054786
0.32549409948265906,0.6106137733965714,1.7650469462301577,0.39653210235099373,5.7413540642717,44.74379938443363
0.4225118908948634,0.5939068516684008,2.2065155839839927,0.45325798083076624,6.017134228620385,46.76206390268491
0.24104998714366488,0.5958832139435281,1.9754313127651746,0.22459710445658024,5.690877591301775,41.209492381355666
0.02591551104629708,0.4716787937869508,2.130600539344222,0.24025138571966476,5.648473265024229,41.75927792358081
0.008669230937104144,0.5790088826463459,2.043240928925883,0.2040686930900021,5.491278637719555,41.452550435048394
0.2700882567435958,0.5334420343145553,2.1449870584241792,0.22468464457664422,5.871139198637021,41.4921000303599
0.1396209717940899,0.6036278937055574,1.8065031539154817,0.19017130377296051,5.551047997151217,40.79540096619441
0.2666239734873257,0.7092712906118043,1.8018008031098747,0.37082048770828,5.551599970029629,44.409348217577865
0.11639030243725346,0.613118750822362,1.8901606366423649,0.2175186325047221,5.489879008669743,41.58107532651184
0.20132521177909168,0.6448332212362854,1.9099075369845144,0.36399821870742477,5.607841033214025,44.237350448674256
0.3661590558184683,0.6733184590600408,1.9043939903304095,0.33458572989055246,5.749961988622765,43.41356286843683
0.3075033284782622,0.6446471128684799,1.7770270556862262,0.5290047825411387,5.707006150020092,47.45413221939538
0.1752056701284297,0.5018561562569496,2.2026124940760505,0.6387738496924869,5.808299593384589,49.85031485919791
-0.30933708204935095,0.4968090047393827,1.772618384088795,0.38037781267875265,5.269378062801167,46.82238287157066
-0.07147474968410905,0.6153584026769072,1.6650002201702376,0.2370945269447164,5.321574805028592,43.11328828898669
-0.014537402114859654,0.574827382162755,1.8000554004220004,0.15733329188681638,5.473839393970531,40.555051538863076
-0.06133209233877668,0.49178083648372156,2.3570215843114317,0.3093018246863628,5.697539600840809,43.20824888500347
-0.13586781039893725,0.44024751535757617,2.0539284393686077,0.286486003040716,5.531510992121475,43.18710952587582
-0.05625712067427624,0.5043036533204608,1.8369419684581045,0.1909917861219212,5.454229014730527,41.41891111029951
-0.01788225584850678,0.48536014443266934,2.1451973114104677,0.3626236021603582,5.65857827205217,44.308332283360954
0.2881000625996616,0.5236932800044637,1.9444211359384191,0.3196322146895666,5.957909380049149,43.85404219690358
0.1176223886079264,0.5180876160574734,2.0234360355972947,0.4168806646637768,5.6906777714545,45.32681991880943
0.14443886038046072,0.5096338214024478,2.1878655711793162,0.5154431451354534,5.847442060681512,47.651566099585395
-0.018961062101661375,0.5101819855204962,1.9936490051560294,0.5071332676022619,5.569436725112925,47.55145797318604
0.06700634360209112,0.5117613248084715,1.7547635682623197,0.3902525868076162,5.510885349126255,45.222117514880196
0.28397675107690606,0.48017179626690276,1.9872422733805553,0.46400738140130654,5.887659007027957,46.58936237791332
0.43244248766199034,0.551436633212438,1.830696029739452,0.30486835182529276,5.863557505090504,43.048523916980585
0.33919508617843214,0.5891256371958487,1.7520538946341637,0.32628996800350424,5.7533050601150695,43.27172145936366
0.33919508617843214,0.5891256371958487,1.7520538946341637,0.32628996800350424,5.7533050601150695,43.27172145936366
0.07695266546504953,0.5203709562184917,1.6169409042149467,0.2765714908232397,5.456061990306453,43.03286035568416
0.10417366254893556,0.5417091603222793,1.7234072973390941,0.4230346481189213,5.568767156117637,45.67299725917821
0.23493200375544637,0.5910278445365941,2.0830916694501327,0.42327893814369244,5.8725355885953,45.632194031965305
0.03133366603362853,0.5290680549359759,1.9772176632930285,0.35417222973364626,5.601529438804089,44.204002985998656
0.041769825683726114,0.6021584610616907,1.6146921867165422,0.13434444874320117,5.359232205127378,40.6120169970366
0.23593781899241967,0.6325936809601834,1.9933459332437702,0.13738535662779797,5.747097852684215,39.46687534890097
0.24334862150222974,0.6401255396840149,1.9935016282755855,0.1787072025653543,5.764282266905941,40.31740740148869
0.22327583851566374,0.5961081980212996,1.993241622129109,0.12956070964151653,5.7090801651120255,39.22183366613507
0.29595743646880796,0.574295432792233,2.0413107883811805,0.22821492653853465,5.856144643484724,41.47393321147011
0.11325747712928108,0.5688530296624282,1.783592032972328,0.2278246318548407,5.500086351603773,41.7530324732233
0.04710538410910381,0.4790690354184218,1.7835388468431868,0.2782334639799628,5.543932743513015,42.713129113065705
0.22577166247020697,0.5103559147099205,2.085979892689614,0.2907589124989133,5.888256154085948,42.93185066631701
-0.11284891415609788,0.43636251305898305,1.7814965759102974,0.3807975966067587,5.509996418808319,45.18121787299816
0.1559145046861118,0.5445161121369679,2.2107846972450322,0.30964192174823385,5.949859089065332,43.73614826183211
-0.14825660236769045,0.4948008254149356,1.9349502870897082,0.2790122478918445,5.466511965163425,43.17623384606849
0.1977767056430555,0.6907687787681279,1.7964099019667106,0.27676027904848416,5.626141313711972,42.383291357396075
0.2964458002094099,0.6635748783655552,1.9335388432514102,0.25890920786058574,5.781596132687712,41.96528247317054
0.29481171790920946,0.4848174295534795,2.0932858399701946,0.3437232389066345,6.061426444004892,44.989453995796104
0.29481171790920946,0.4848174295534795,2.0932858399701946,0.3437232389066345,6.061426444004892,44.989453995796104
0.13215935166325654,0.524816228195083,2.1027961632039696,0.19762190429508056,5.700189216427358,40.78459188614216
0.3365952093709972,0.5412161588475387,2.2985984958763144,0.23700476480015745,5.994942043799488,42.3041477085302
0.158831527821092,0.5950656320620635,2.1718665314248673,0.14065834404619637,5.731523971754691,39.571622395018196
0.4443842881400476,0.6055652399242044,1.7713337567518146,0.2667965135856185,5.8845067937755875,42.18116079418895
0.4443842881400476,0.6055652399242044,1.7713337567518146,0.2667965135856185,5.8845067937755875,42.18116079418895
0.518632652521645,0.7794392060993764,1.4141825387122777,0.4769246372783009,5.655609077005681,46.143641760668096
0.39030606304749227,0.5029065857205378,2.0052833230539133,0.3396456058948447,6.061784016218007,44.763723211541304
0.06682849313424577,0.4908544971779807,1.97420022524786,0.35262283842569914,5.695666972753777,44.03660678337364
0.33535218355667173,0.57144786915778,2.331639711930467,0.5584885072409957,6.047073143694148,49.3678232960661
0.1196317932544605,0.5831582874785047,2.0916085275017733,0.5037960393262303,5.673964805219871,47.22223942770685
0.16472211318355717,0.48903004728722677,1.809504912523502,0.5004392607601086,5.70356665845278,46.98910490655196
0.020082604340609822,0.5072505774760168,1.8096257673883516,0.44927579903498355,5.569791686642222,46.211933574497834
0.2810456818996261,0.5964103275197121,2.152060287894981,0.27275350340360266,5.883489824036428,42.54423023051392
-0.05166660340784879,0.4926636975348494,2.389153331249268,0.3779105587884822,5.774914608902295,44.738149944019405
-0.05166660340784879,0.4926636975348494,2.389153331249268,0.3779105587884822,5.774914608902295,44.738149944019405
-0.1744256768856458,0.46880442334918165,1.968175356474288,0.3714704909399658,5.439158110660295,45.290160604893764
-0.0920418260764223,0.5161804455733318,1.9796592485877573,0.44201867706036746,5.565278185810628,46.1945267637002
0.389463596324142,0.5879062993648151,1.7727862179728922,0.14695959710716366,5.8344496812410656,39.62789790188405
0.389463596324142,0.5879062993648151,1.7727862179728922,0.14695959710716366,5.8344496812410656,39.62789790188405
0.29574248876504305,0.5905015581625873,1.5895468872849192,0.30945895334290097,5.589537449772789,42.94731783580636
0.10886643757550796,0.5977324424998643,1.635184687568923,0.24066325510280687,5.475465478997618,42.099203281547624
0.545392833251322,0.6448733565497263,1.92148751217998,0.20555146697970694,5.944569437384071,41.10840983441906
0.5584943294471563,0.6662676918570762,2.0510761484119153,0.2459368441284305,6.139198142277458,43.29335193810241
0.5584943294471563,0.6662676918570762,2.0510761484119153,0.2459368441284305,6.139198142277458,43.29335193810241
0.035163975861093766,0.5066213058179052,1.9643761584088062,0.40353159439897063,5.650378995252806,45.11433584336005
-0.3277249712405358,0.5030418828162418,1.8867576694624315,0.4923139717765693,5.314160414379107,48.74330753930781
-0.17338484314275981,0.557688487274458,1.9561803403636489,0.4825474935236376,5.503074004236192,47.433039151355
0.18951916389429957,0.6406295774898135,1.9251084300744625,0.46431974580612845,5.694087400688823,46.324388181499394
0.3080796766509402,0.6901583227010818,1.9922479683978853,0.3676831792887323,5.739596449173833,44.24453649211194
-0.12920686772101014,0.7127274265872823,1.6356155064810454,0.412262905752401,5.113973651007896,48.83706048056833
0.22041859290417665,0.617542165019554,2.0799455575049106,0.2690008750105923,5.738516988447822,42.23596588022242
0.4625915930382831,0.5855095424149191,2.0672230306355925,0.4086720990223538,6.068950642270766,46.18581127303097
0.09574836360789618,0.5506016020457607,2.0810352666582155,0.30408688898298886,5.69892973827914,43.00566629678855
0.41699593648430877,0.6387783949716743,2.143820148134292,0.2564295164233943,5.9802247495581575,42.485493251699104
0.41699593648430877,0.6387783949716743,2.143820148134292,0.2564295164233943,5.9802247495581575,42.485493251699104
0.1938340038587547,0.5897678280990393,1.9762420554564835,0.2801231770482633,5.641074235747395,42.43767751695587
0.08116368796474693,0.5330780090430626,1.8661964957096413,0.19366934124307478,5.561911288520179,40.890863315586124
0.19419091196278737,0.6174415885233817,1.8822224716524847,0.2747657000161414,5.589840619639555,42.444984880633676
0.6118922083447693,0.5939487015839892,1.876522283171731,0.2694031484027755,6.073134480141567,43.21862884919637
0.6118922083447693,0.5939487015839892,1.876522283171731,0.2694031484027755,6.073134480141567,43.21862884919637
0.6118922083447693,0.5939487015839892,1.876522283171731,0.2694031484027755,6.073134480141567,43.21862884919637
0.6118922083447693,0.5939487015839892,1.876522283171731,0.2694031484027755,6.073134480141567,43.21862884919637
0.25886809647101733,0.6831278074699065,1.8192251706870364,0.22735127733468397,5.619464098376094,41.26131438090767
0.3410338676969987,0.6519996880334569,2.120964999062964,0.33265539780744685,5.87316283075533,43.76020909203539
0.13889808417272886,0.5572462384855973,1.8360691579507458,0.5570983066221232,5.680955660780157,48.26281481883265
0.3934649413566871,0.6336811815454231,1.7232201470660033,0.2653203269900164,5.7384610586945985,41.91743656363829
0.0803173881540743,0.5661330871314398,1.9062644321168665,0.34419911291295285,5.551701888737864,44.12666634510153
0.06073998974773531,0.5101919273091672,2.322106110896379,0.6374417013311391,5.833096717659108,50.318559566476885
0.1715711486003404,0.46003117448251346,2.3504749377688885,0.6324572293891245,6.015578104089007,50.812953126109484
0.1715711486003404,0.46003117448251346,2.3504749377688885,0.6324572293891245,6.015578104089007,50.812953126109484
0.360932432071124,0.5895028484807993,1.727926672679526,0.3593626234964326,5.751378364523495,43.84131663915877
0.7557640185049666,0.6792855917773738,1.8572540768340597,0.3753319995116701,6.18786983946152,46.09130353186127
0.5532025604526802,0.7136644723142878,1.8064610925371327,0.4244917416164191,5.9726405623967285,45.79901663780108
0.308493548398053,0.6152746965081858,1.7180202857185842,0.3499745114220343,5.713406271594883,43.75331565102036
0.4882961222320686,0.5662289575418081,1.8764741370324263,0.5685206999050401,5.987891087725004,48.92648228647181
0.4882961222320686,0.5662289575418081,1.8764741370324263,0.5685206999050401,5.987891087725004,48.92648228647181
0.4310265360274925,0.5828587848282508,1.9132148272033072,0.5246023165102137,5.904141899518392,47.706319891964924
0.5942419195283493,0.652841537597858,1.9100348736826684,0.424530835412128,6.081131243644979,46.46694307114994
0.5942419195283493,0.652841537597858,1.9100348736826684,0.424530835412128,6.081131243644979,46.46694307114994
0.5942419195283493,0.652841537597858,1.9100348736826684,0.424530835412128,6.081131243644979,46.46694307114994
0.3854247862024143,0.7356427893952007,1.9142711354514543,0.20707688460811965,5.772846093042631,40.748592871020975
0.3131324857033984,0.643363713568274,2.048767813304097,0.1483907428792616,5.776838516540055,39.610460227814706
0.2250702855911254,0.5848776111920428,2.2219265230830407,0.38645821149326676,5.887646675891068,45.03535109281194
0.35603862686496,0.5914352745990441,2.0642742726380976,0.31412359565065323,5.88055506020964,43.32898389341238
0.5921443600757921,0.6433037963472932,1.7953163970771544,0.36843724238338765,5.950830776148506,44.489240130450504
0.5921443600757921,0.6433037963472932,1.7953163970771544,0.36843724238338765,5.950830776148506,44.489240130450504
0.5921443600757921,0.6433037963472932,1.7953163970771544,0.36843724238338765,5.950830776148506,44.489240130450504
0.16194721730881845,0.5926029901997388,1.9670122886668384,0.18955695213090082,5.593618033044039,40.73303936786894
0.47536417168352435,0.6248669033199662,2.088651789766606,0.25579067304359354,5.974583324977442,42.40190914537912
0.2786438098477699,0.6175257805701442,1.7050887192970894,0.2735860905072386,5.613209020305955,42.252919809665414
0.418028347150048,0.5579160283561724,1.6686477114880205,0.1439641191372656,5.824509891791075,39.521115300610724
0.418028347150048,0.5579160283561724,1.6686477114880205,0.1439641191372656,5.824509891791075,39.521115300610724
0.418028347150048,0.5579160283561724,1.6686477114880205,0.1439641191372656,5.824509891791075,39.521115300610724
0.24835658822471807,0.5472216511588117,1.8932282280413535,0.36418291002005293,5.79513246442697,44.17426895528489
0.3299066702339715,0.6127097756400574,1.7964778695515764,0.34020807389856333,5.7032685675763215,43.51106900395959
0.4433863905974412,0.6137982848844904,1.6873902552791313,0.2678285169974254,5.772003207494284,41.90887537251882
0.38083465132047534,0.6027651794826498,1.673809333178122,0.2720721370892271,5.697259140357995,42.03160632690105
0.5389391405831607,0.5646494996542888,1.7132566852741165,0.5234152812098258,5.925031899451995,47.63454889418312
0.29774531741930926,0.5911457932859401,1.9804091320545578,0.284915316687395,5.8199658842472655,42.590179606222314
0.2790766736625979,0.669837055190289,1.9382134918521785,0.2127259384156461,5.726463506788423,40.91544443448369
0.13986630974077663,0.6623488208317311,2.061014261391114,0.29827603863582164,5.665551443724535,42.82667334350953
0.27305334652361424,0.6227292386483059,2.283600812958298,0.3740426795408339,5.895714798552205,44.66034428711775
0.213143396840847,0.6370012624890878,1.9259021963179686,0.24060127367012507,5.674519276171462,41.54129206594008
0.213143396840847,0.6370012624890878,1.9259021963179686,0.24060127367012507,5.674519276171462,41.54129206594008
0.213143396840847,0.6370012624890878,1.9259021963179686,0.24060127367012507,5.674519276171462,41.54129206594008
0.2688200695523669,0.6940658703735298,1.8485841831345442,0.26956719020684905,5.6939173442381135,42.08961727217398
0.19013207020017586,0.642005001422536,1.722117673084028,0.30314436717900156,5.622830865260336,42.94792626535317
0.05832834775012602,0.7116859396166338,1.544330690287677,0.2259422006834563,5.227575924477824,43.56703150904753
0.24879246746311012,0.6848726580035069,2.0014962670323855,0.29136044948827394,5.646430777480935,42.56495560879469
0.3747256346668714,0.675234637152363,1.8762977837986121,0.30043377548457134,5.728892860555623,42.674299282386094
0.2309187959125687,0.6337798405001327,1.7148879854234382,0.17553773871157544,5.585630714083273,40.32648619675363
0.33904218468255853,0.6026392688287229,1.8617496920316658,0.26342855039280105,5.785876050435784,41.93311104635739
0.3171895383445273,0.5821787574854699,1.8219869768556323,0.2924478274450545,5.769274261807592,42.536540038657556
0.35830094062741874,0.6475450256166275,1.73873582439365,0.19821647898334635,5.735909990152921,40.52050291952806
0.35830094062741874,0.6475450256166275,1.73873582439365,0.19821647898334635,5.735909990152921,40.52050291952806
0.36939548188854365,0.6250297761930214,1.9587669909393217,0.3644834616126564,5.975666020236257,44.82015741816903
0.3609209317221157,0.6544930869635958,1.8418485728102973,0.3829116471814446,5.920962037412407,44.96438364348187
0.1785417367730543,0.6800046673580936,1.95419723424984,0.4546079775188061,5.658741408715628,46.21898368450123
0.23430153132476594,0.48095991160254575,1.9920532449917665,0.5218208337560233,5.912194528187477,47.89020992922993
0.1735793836367096,0.45382956574538946,1.7510815567350964,0.34196097892853883,5.724472855919494,43.76431280481782
0.31188652884086,0.4310641913532562,1.5767018289887231,0.5212706133217184,5.84515335817938,47.56095901214325
0.31188652884086,0.4310641913532562,1.5767018289887231,0.5212706133217184,5.84515335817938,47.56095901214325
0.3454113300418135,0.5315229977733447,2.126977462020315,0.40762091855805205,6.037979213992183,46.163101918215695
0.3312240553898561,0.5543454614356473,1.8837414292366865,0.24175144443583704,5.860649024858963,41.74213919031751
0.11220648873000638,0.6086860135978798,2.3328793345981733,0.5880568897921563,5.730476750481937,49.04145251678547
0.35822569720024444,0.6700490651432093,2.1310952362952786,0.41920634630199766,5.814978583680137,45.304751536044705
0.3895247448986563,0.6154370914980567,1.8622765018096752,0.3200753695341457,5.764352443140718,43.07343927854989
0.12454840240298326,0.5728090624589696,1.8435194598959348,0.22029015777474414,5.582600461312262,41.34196014907512
0.22266015253313676,0.5142814518627933,2.031602294849033,0.255042642379936,5.802612446604496,41.960510548148534
-0.21202159593014203,0.4455132863431278,1.9164143617866078,0.5272613277293325,5.399539242316078,48.75280231750476
0.2814529325806117,0.5876529129318931,1.7575145615222763,0.31095261526304674,5.736326933613238,43.0444816793757
0.2814529325806117,0.5876529129318931,1.7575145615222763,0.31095261526304674,5.736326933613238,43.0444816793757
0.20698816606532577,0.6263372963121372,1.812203561686117,0.2625546153003731,5.617607458860327,42.17234875046546
0.37797579161028394,0.60263032003397,2.359160252102207,0.3488145968226512,6.078807129875215,45.06558604851851
0.28714471787000995,0.5617900423128419,1.8417443765317016,0.1913264230647644,5.690986518068194,40.44311942476413
0.40150561696565534,0.6194950355737588,1.9177728633339632,0.3071892322310735,5.791019116863446,42.78394027267631
0.20230811017958478,0.5055397730213269,1.9688641100453912,0.47286031956293295,5.742952952588052,46.46125368667795
0.6664468622556785,0.7336966907002126,2.1087108060126845,0.36197312589177255,6.163274383841824,45.7532133174523
0.6664468622556785,0.7336966907002126,2.1087108060126845,0.36197312589177255,6.163274383841824,45.7532133174523
0.6664468622556785,0.7336966907002126,2.1087108060126845,0.36197312589177255,6.163274383841824,45.7532133174523
0.019850452395628326,0.621657567514915,1.7909240953602885,0.39626143240717904,5.433104910610101,45.641666565087384
0.1952652291918187,0.5866248685967372,1.805133926156288,0.3110172451166814,5.72217146566339,43.08745842360226
0.3298750701116595,0.6465151923004806,1.9178221396807653,0.15013832026565038,5.838597584527707,39.82506030180099
0.10025304625678516,0.5450232388801459,1.8116049050596548,0.18447517552993964,5.5416992660317455,40.732318415645814
0.3376041408318474,0.48169034620897,2.0133519516330427,0.2748666372410608,5.976506354881496,42.952885625379366
0.03955177796948062,0.5299641100603947,1.9888327602736235,0.32837337385590926,5.55771014687979,43.73631221714047
0.06628923001218323,0.5389417686722108,1.9174756311697538,0.2515859337285836,5.531563009933744,42.16798573904857
0.20011420923978107,0.4721269833007646,2.103006667277186,0.4090725175332955,5.894513574131601,45.545484666458336
0.5292555085303534,0.6313852097914127,2.1900124717876492,0.2019054326894468,6.089866721040393,41.96962704824962
0.2517756111801642,0.5859148798015692,1.7492513506492586,0.18793815997386562,5.709773349495556,40.45360239721419
-0.09329902754545893,0.5224268402805435,2.0969463463717988,0.18985759916651432,5.511484760707907,41.066656126867755
0.047086789745053315,0.5216567867823513,2.5199679833672466,0.6171607851706141,5.953280288248307,50.150152033673244
0.1673214677540179,0.6289736841032967,2.0381759311557857,0.4514875730570105,5.698447446131725,45.93026151624704
0.04051558861699234,0.5111136256340568,2.1990674992506123,0.6204923396250497,5.781832463108675,49.58497807161452
0.04051558861699234,0.5111136256340568,2.1990674992506123,0.6204923396250497,5.781832463108675,49.58497807161452
0.38327193293954115,0.5930456533643815,2.162075244179015,0.2611174323661426,5.968274714141001,42.48990827961714
0.38327193293954115,0.5930456533643815,2.162075244179015,0.2611174323661426,5.968274714141001,42.48990827961714
0.012976276508658402,0.5011661409799741,1.9769260530380135,0.3944139031892686,5.599608754900198,45.00926532335807
0.004161706000261778,0.47103302458866403,2.1493248723327767,0.5665027227009819,5.67961845052808,48.59482020557644
0.004161706000261778,0.47103302458866403,2.1493248723327767,0.5665027227009819,5.67961845052808,48.59482020557644
0.04219415289644579,0.5099585786845928,1.8971368209399317,0.4395060435514703,5.536753016596034,46.135431395862355
0.13593838070138609,0.5796708104823319,2.217841663849816,0.48916296793887015,5.887104671727278,47.32537464592356
0.32461269844536444,0.556796197688715,2.2852628085086675,0.3862206252063277,6.055620085517141,45.93322317918106
0.29508173145693456,0.583975528374952,2.0267279181589015,0.2759095521302633,5.927461262247872,42.677504322985165
0.29508173145693456,0.583975528374952,2.0267279181589015,0.2759095521302633,5.927461262247872,42.677504322985165
0.37423444273662076,0.6620706235446125,2.0689225117908614,0.34345611646061114,5.923055423864975,43.98186062691861
-0.14282382781328218,0.5093223158781919,1.895553229148459,0.46504307785075677,5.4243789540837,47.21111664159173
0.10385101431236843,0.47526270353277533,2.0607192175031024,0.5477890699382068,5.729368348043467,48.04663026169703
0.10121421598074365,0.512343797828757,1.9212407461781247,0.31283794226270567,5.576719009241727,43.4105362126456
0.3003863626394855,0.5968903507395742,1.9575098244149527,0.36475012942732576,5.751856857703215,44.123294618939
0.3003863626394855,0.5968903507395742,1.9575098244149527,0.36475012942732576,5.751856857703215,44.123294618939
0.30871374848440375,0.6458312267578249,1.7059232384959042,0.4506778169909713,5.612530348663837,45.86766341099725
0.1959232112829663,0.6539918187820256,1.7093005998322979,0.5588451705963536,5.537592077396083,48.41846500243784
0.2944234554668662,0.7051373021624386,1.7865162836232904,0.4704516195605524,5.6239595822670285,46.28470641608454
0.5884272569885735,0.7173829774228604,2.027997150477702,0.2726238462153128,6.0296981597715025,42.93257360278497
0.5566558405988629,0.6167412865137001,2.1624586163099577,0.44134855711144266,6.134706671422183,47.35278720028461
0.2584048661589408,0.5716579656964952,2.061180858518247,0.38094934372530276,5.789238659544642,44.648029535384886
-0.07465279895829569,0.5927082274065086,1.7200130369690818,0.45070218223009617,5.274573168829059,47.99721111247649
0.37569937273811266,0.6659936503475331,2.2117087385623955,0.3971541114599381,5.925704989745527,45.22949198253737
0.08253870069775815,0.5516755195791728,2.1987997051324504,0.5638322653079074,5.703282127395978,48.49476387277079
0.4894569322247694,0.5914767509465573,2.13037585226851,0.5237715214825056,6.103563034291518,48.93432173816921
0.44824329312706473,0.6278294116847323,1.9038133333526743,0.258051490677378,5.894856107526394,42.125528881584536
0.44824329312706473,0.6278294116847323,1.9038133333526743,0.258051490677378,5.894856107526394,42.125528881584536
0.09560820561530048,0.576876128374558,1.7576599854178103,0.18496844786406266,5.460733911400215,41.04959538559221
0.3240570612322227,0.66396921958277,1.8141161717370025,0.24787727265647366,5.731307528427676,41.62933153299255
0.21424901469240637,0.6210919923084718,1.8203547728129144,0.18254657586683506,5.62785159254631,40.438387785059575
0.1690504415127902,0.5836735074375857,1.7309393309654004,0.2488309364315327,5.6108999212517645,41.87426562108007
0.276598529863204,0.5624230619509648,2.025295787335578,0.4224224202953553,6.017588726178991,46.33108454432788
0.276598529863204,0.5624230619509648,2.025295787335578,0.4224224202953553,6.017588726178991,46.33108454432788
0.276598529863204,0.5624230619509648,2.025295787335578,0.4224224202953553,6.017588726178991,46.33108454432788
0.25308983045222644,0.502544718073886,2.1259052119699136,0.5879444482788384,5.984184360638148,49.63808850820016
0.370824262502013,0.5686039954508968,1.8555307116275683,0.4885186378690314,5.889881422999608,46.97785894960673
0.370824262502013,0.5686039954508968,1.8555307116275683,0.4885186378690314,5.889881422999608,46.97785894960673
0.15599173853463227,0.6365851678504008,1.7067448133184535,0.3775856518815637,5.558396578351359,44.688415523569255
0.4501150106607019,0.6846142203155094,1.8897276774756615,0.5475954786209147,5.830780115155527,47.9363759492162
0.41177362363003484,0.5930218979284311,1.741745678368177,0.44016959082658946,5.783144086316561,45.6366994392213
0.2776985926971621,0.47677422536154007,1.6407125713147688,0.3782865253750357,5.778567312249976,44.51353694391624
0.23338299469364804,0.536011361527115,1.7925068936193556,0.22155698342095764,5.7989420128089115,41.26722533013513
0.23338299469364804,0.536011361527115,1.7925068936193556,0.22155698342095764,5.7989420128089115,41.26722533013513
0.23338299469364804,0.536011361527115,1.7925068936193556,0.22155698342095764,5.7989420128089115,41.26722533013513
0.0817736567213595,0.4827218022397561,1.7395164874174864,0.311774534209615,5.610502544711257,43.23304019700962
0.5049658644188364,0.643067001120717,1.9297772378115092,0.23655246352819143,5.926349772951795,41.70299695086157
0.5049658644188364,0.643067001120717,1.9297772378115092,0.23655246352819143,5.926349772951795,41.70299695086157
0.5049658644188364,0.643067001120717,1.9297772378115092,0.23655246352819143,5.926349772951795,41.70299695086157
0.27246880332692625,0.6387535498288679,1.9016617812000751,0.5047777898348389,5.670134374949009,47.00173609714451
0.03630628678976683,0.5391007600641191,1.5111961105773377,0.15662677845784984,5.382433084399706,40.92197351501878
0.29911886781864366,0.6373490200069674,1.8383179423387437,0.23741227846986815,5.731663367212329,41.410027932346004
0.3209781424023753,0.6386451348141214,1.8593851467851281,0.19400317524424376,5.759114780540756,40.51910062939321
0.5326824967309853,0.7025718091869545,1.9649464325980537,0.2489591770433778,6.006851302037848,42.405941977047135
0.30505739606129306,0.5973337927604927,1.7359436085386046,0.19044393132117593,5.748561952102376,40.44149441881336
0.30505739606129306,0.5973337927604927,1.7359436085386046,0.19044393132117593,5.748561952102376,40.44149441881336
0.09359888796411198,0.5209898939358254,1.815138207321354,0.1643769138209078,5.562522975348704,40.270006997688334
-0.007530353652964505,0.512184547326615,2.051542177522847,0.4725101178659191,5.628451236883047,46.636923011800505
0.2487317163746251,0.6060656263452949,1.7548776502357195,0.14914062705342623,5.666676169285002,39.6629616607029
0.2877399836321044,0.5286010878085713,1.7765187476056492,0.18987681300862141,5.793386603344599,40.608343078401646
0.2877399836321044,0.5286010878085713,1.7765187476056492,0.18987681300862141,5.793386603344599,40.608343078401646
0.2877399836321044,0.5286010878085713,1.7765187476056492,0.18987681300862141,5.793386603344599,40.608343078401646
0.3558746651143075,0.6126769990052426,1.9652585823184012,0.2391135206999501,5.907627429205638,41.85905452717722
0.5021076393613586,0.6704194213192887,1.809840722287217,0.4305638889688935,5.846770194084056,45.484327185437046
0.4703136927922447,0.6115229548927952,2.174853396058368,0.5389732349772216,6.01690969292077,48.58326197083184
0.4703136927922447,0.6115229548927952,2.174853396058368,0.5389732349772216,6.01690969292077,48.58326197083184
0.05442503267604293,0.5568553220492457,2.0774471757274466,0.6084393821502088,5.670818200630219,49.51592435777724
0.1794775415811934,0.5579725586917843,1.9380780544628085,0.34625509843703645,5.702492208798592,43.825901920142414
0.42566010168391294,0.6580793829415483,1.7748795490781952,0.25738137876311246,5.802474722028998,41.82590485954177
0.42566010168391294,0.6580793829415483,1.7748795490781952,0.25738137876311246,5.802474722028998,41.82590485954177
0.42566010168391294,0.6580793829415483,1.7748795490781952,0.25738137876311246,5.802474722028998,41.82590485954177
0.28766771364579535,0.6453126353583637,1.8477392801409793,0.2688055168984088,5.654739927445503,42.10757958656255
0.3448913677352497,0.5709286812760839,1.7163080731041778,0.2092941565522639,5.724961997641275,40.82824792834486
0.40371725329617314,0.5892980882072207,1.8538134060666787,0.2566154387484676,5.862055936877909,42.003614002336946
0.3041166780239789,0.4602869601348938,1.9921308689437196,0.24720393148260075,5.920371640483082,42.13922661058775
0.3041166780239789,0.4602869601348938,1.9921308689437196,0.24720393148260075,5.920371640483082,42.13922661058775
0.04929885491664732,0.4745522249876006,2.027591490074405,0.5163833081200085,5.754822150666405,47.610300496662184
0.1127071646645963,0.6813776306352489,2.0045938628836035,0.3778052338894253,5.523205461040563,44.758873702390716
0.35029670024433707,0.7433638733791469,2.1731794317777697,0.3100771239783766,5.804615142539127,42.97797954237824
0.35029670024433707,0.7433638733791469,2.1731794317777697,0.3100771239783766,5.804615142539127,42.97797954237824
0.45174147974784534,0.7109787153258562,2.042874407883699,0.291782802820936,5.87154538885486,42.715770013336034
0.36943801624419603,0.7046019970944681,2.0880033378088654,0.3329712941525877,5.838223799792109,43.53198551644041
0.36943801624419603,0.7046019970944681,2.0880033378088654,0.3329712941525877,5.838223799792109,43.53198551644041
0.20547332780047994,0.6631675531855225,1.8130207808136563,0.40734549280056126,5.558596088024727,45.24687036015767
0.16705638132181094,0.5766931495451797,1.8879553704869627,0.6446181898470394,5.591678695874245,50.11278073812598
0.09471571759284686,0.5566573767966136,1.6415881931927478,0.43768215407406424,5.497859768960415,46.1654838830873
0.5018813456397702,0.6251903108182221,2.0575240599510307,0.1969087127892335,5.977003033418028,41.17410127503641
0.06797711339521073,0.5917729212727534,1.8078608977309778,0.1597050463760837,5.462938099154104,40.53975244477133
0.19414073357412065,0.6138412085336115,1.7771862439934758,0.31590870106201335,5.660324453908482,43.15465277482575
0.19414073357412065,0.6138412085336115,1.7771862439934758,0.31590870106201335,5.660324453908482,43.15465277482575
0.19578060429249133,0.5743425900256518,1.9086496822601537,0.48391739692002855,5.822339000144444,46.85300001314272
0.06034887397752586,0.6449042501359438,1.68343547484797,0.30121816998819967,5.514077829958701,43.29673300422403
0.26561980137636865,0.5848395579660479,2.508198336580635,0.4286810053256525,6.00613510095749,46.453401868214684
-0.18138014660166213,0.5612332467888493,1.9503522575526326,0.5413592000315951,5.3639701744788155,49.22681487559671
0.34011853470425035,0.5719910014519966,2.1837823913832057,0.34770428285142363,6.004437322204213,44.59930104971483
0.1995459876967437,0.5019363857829293,1.9039732232996798,0.3644638274525821,5.8364506549922055,44.370220342617074
0.1995459876967437,0.5019363857829293,1.9039732232996798,0.3644638274525821,5.8364506549922055,44.370220342617074
0.05064859551150802,0.49938739982345426,1.9793000410446646,0.40186701353841325,5.711750619145603,45.06212861253098
0.09835395741005726,0.5769726441557055,1.9257373912834674,0.3099540100176386,5.592661225978338,43.22140191728988
-0.04856731269754033,0.6263811664703463,1.969196849818811,0.4349735386460064,5.4427905089446895,46.49607314933822
0.33659058293364985,0.6449039721034754,2.234091265536413,0.333696877803243,5.933237111571341,43.942175613429825
0.23934367977515486,0.6656450533803763,2.0478969181544584,0.32799756361178467,5.7475377041666365,43.38365024435144
0.040782125427269444,0.6204770093307096,1.985914350718103,0.4039885241875008,5.543062819815947,45.306062479104604
0.24903924517292247,0.6262917611722472,1.919646676064196,0.3282144481347734,5.764659514625496,43.360832543489806
0.24903924517292247,0.6262917611722472,1.919646676064196,0.3282144481347734,5.764659514625496,43.360832543489806
0.24903924517292247,0.6262917611722472,1.919646676064196,0.3282144481347734,5.764659514625496,43.360832543489806
0.14078039990766889,0.5137551891078975,2.1112518371764595,0.5211494893039549,5.893195550363567,47.83321642114872
0.20742888434854945,0.47684230057253996,2.330238190304544,0.5175435789886953,6.047458478873174,48.55927880222431
0.053688499287419145,0.4565191202732294,2.184989816033972,0.312985358012377,5.743664574533894,43.23204896982354
-0.10301031525512738,0.5326545424846102,2.1388170858574727,0.26865790298834774,5.459165870521778,42.97075007693685
-0.00936310767979509,0.5536274260765173,2.698815136571891,0.5404458057153976,5.929643532198467,48.59797179035821
-0.013524927696773936,0.6284105540996892,2.2241933564608605,0.2555842403336199,5.558667536770075,42.31492738834502
-0.2081653181537657,0.4610712329072175,2.190004490729981,0.3903145026414312,5.502382801373011,45.41251425499758
0.21386441610085388,0.5762273539081911,1.8275161899631076,0.27599853566101884,5.593387890313332,42.34170439665312
0.34745527546759386,0.6783489585736506,1.9642810862418472,0.37903442742916116,5.802481869153728,44.29624102801114
0.11702394254016824,0.5393646921362246,1.7176572767785994,0.37011546915712323,5.479652146978577,44.928261864880184
0.517729104355305,0.743162884846234,2.0128574268280497,0.28320358056406963,5.887862399842683,42.56819085452152
0.5361980818515081,0.6102335573956975,1.9096541597342251,0.18472219986199712,6.0097687531608015,41.085133859000656
0.20664273671650318,0.619028275454221,1.8556538117205403,0.3913074242842855,5.5861219992638125,44.90345945656202
0.3610861594717517,0.7340804617485187,1.8407498619359783,0.293933253507216,5.707684732408097,42.55312783939727
0.6145455744249748,0.7728542865708207,1.7653214459756188,0.3441892588469594,5.887825987801914,43.703741497005396
-0.01867615968243208,0.5861791046666027,1.7502761278617913,0.24993608132925363,5.370922095914544,43.06761362782903
0.31214219782437824,0.5071219013055477,1.6563850440098977,0.4183674762658019,5.774914057047395,45.2446034188999
0.31214219782437824,0.5071219013055477,1.6563850440098977,0.4183674762658019,5.774914057047395,45.2446034188999
0.4288519093494602,0.7109670425484477,1.903600379389986,0.46444571597370804,5.761346731328093,46.03468935637413
0.3302149602870394,0.6167952195326831,1.8274096367942583,0.31166612192885007,5.716981341152634,42.96740206205827
0.6121919827127906,0.6588526144850234,1.7934544603461362,0.16777150627157864,6.0356735319339325,40.77271194905156
0.6121919827127906,0.6588526144850234,1.7934544603461362,0.16777150627157864,6.0356735319339325,40.77271194905156
0.17912613309370584,0.48385709386626213,1.8728611153645578,0.160787358149404,5.7080781590699825,39.92165929449664
0.27059552023283445,0.4421981367746156,2.092162862892349,0.3824861513066693,5.993326173703495,45.439471362603875
-0.02174801322771247,0.5373874421940694,1.8650602166242929,0.1747064771271416,5.46082890295228,40.98921713589959
0.3996644088791824,0.5752076492441969,2.0789652672777397,0.2463334423125933,5.980560953913412,42.3258172317998
0.4403317596484322,0.6455264376234974,1.9535671578605136,0.1825674529449375,5.943923722745112,40.72065457765565
0.18930661257797954,0.631531509707605,1.7585273004787345,0.06416367057700756,5.569650390649137,38.054876416897784
0.13845283519453694,0.6172291802588336,1.7762729357660798,0.20948081247089678,5.544108707646524,41.20190947466624
0.0797968229680106,0.6378858003063508,1.8735276393881892,0.2755753697657722,5.581610300712013,42.57726754296918
0.010021879840909964,0.5216594404798556,2.033385409173018,0.5855004361977815,5.570174131633702,49.09275467329593
0.2845266793733057,0.6620154173093337,2.1860804791569723,0.41727592340236797,5.842218762444257,45.442254558801814
0.035340186602755175,0.581964652665025,2.173035511631442,0.5522339921505208,5.590259992068749,48.275303220127064
0.2842201821003466,0.616642538451332,2.217931080236501,0.5123090494524694,5.871896190903373,47.461784788858225
0.2842201821003466,0.616642538451332,2.217931080236501,0.5123090494524694,5.871896190903373,47.461784788858225
0.24516663354505852,0.5562522248304732,2.1513474706021296,0.34031864298778186,5.811449458197256,43.708877518498014
0.0735111479486632,0.43645894256563417,1.8962692464939697,0.49664809616906835,5.764913046791346,46.99526593230347
0.03375619715180256,0.5150895925149414,2.053455942939861,0.45783116055678424,5.644330768107479,46.28957064745962
0.48102214409122646,0.5798095642094904,1.8206786802268529,0.15904813157444403,5.968934928798352,40.31605413726021
0.5413197061526882,0.6417120902322868,1.7365088705798313,0.2904037524993142,5.898900141906215,42.64954217788412
0.1984949297408753,0.5390641789040644,1.7408253882176454,0.24300380095162766,5.613636220505745,41.650884893750494
0.12434899492172835,0.4750751945920465,1.8634672542809665,0.2198203457416373,5.643382919881503,41.25750001059839
0.12434899492172835,0.4750751945920465,1.8634672542809665,0.2198203457416373,5.643382919881503,41.25750001059839
0.08041982951835625,0.47986377198107605,1.798629923817431,0.24012135347391214,5.580457276316497,41.8194230726739
0.1945346851731244,0.5211641568417635,1.9577910421515543,0.2740775058699859,5.76570656138259,42.305245554865614
0.24640682381247248,0.5201716848889053,1.9704250762314894,0.2224851112986152,5.806117093114722,41.26063276400768
0.12916283557875263,0.5181937887543108,2.0439477611201218,0.45084270066913407,5.684445317596335,46.006452212184506
0.3133976686078121,0.5964319966891776,2.179635973194188,0.26891071455792454,5.88671285978206,42.423272696911
-0.045748065984701825,0.4897614749593144,2.3926174292092037,0.38409901058379764,5.7725530901080075,44.922639378861376
-0.1308466430991777,0.5649053147708412,1.7688472525335035,0.31968437705238684,5.276490636174983,45.2619417512761
0.12008090763277535,0.5862703653048592,1.9008828966539049,0.35030470337494146,5.644233269261103,44.04700597720824
0.3425051780783261,0.559712798631059,2.007836550536584,0.3268682214201766,5.8360574524715085,43.32361136781158
0.7544084796392956,0.6065099867661315,2.2900670898558135,0.3251843190117847,6.44451031188082,48.34564654272798
0.0783476530261753,0.617002314137731,1.8025613654947068,0.3137785390329963,5.478600813639276,43.63232197565149
0.23789864770617553,0.7294781790528667,1.7622627419445962,0.2716841483977328,5.544487441058706,42.43106584298317
0.6033758118985103,0.746295219172054,2.1299731226914203,0.39616983951160745,6.064482189511553,45.77725200759344
0.441964183074195,0.7624334294196667,1.644563043699663,0.2952022949626963,5.725490171090298,42.44455999003301
0.3742775486745827,0.6514092574358719,1.8546710989184358,0.3473736023951151,5.74119863292023,43.57631437393908
0.23179299606854836,0.66570945445388,2.0668587260508606,0.3820473725277917,5.65884033920714,44.38681027145356
0.493645825529342,0.7541945167179706,2.0416375145013417,0.31534406467750076,5.899587372587339,43.213939543825035
0.493645825529342,0.7541945167179706,2.0416375145013417,0.31534406467750076,5.899587372587339,43.213939543825035
0.37591833564580496,0.7737956076071316,1.797725743803016,0.2528647426062382,5.691403772463479,41.60097353166042
0.3499979960704736,0.6189116258923166,1.6559648077759095,0.573111829640917,5.691047486077974,48.21994163083774
0.3499979960704736,0.6189116258923166,1.6559648077759095,0.573111829640917,5.691047486077974,48.21994163083774
0.2668583472347105,0.600530148431845,1.5729574769698877,0.4533495594722233,5.547904552127692,46.108276631960514
0.2668583472347105,0.600530148431845,1.5729574769698877,0.4533495594722233,5.547904552127692,46.108276631960514
0.4059279879227816,0.5021515095405679,1.9216392661825106,0.5295146223027903,5.916478662252446,47.8641688174867
0.15903709925158332,0.6572158625534883,1.5558940466457127,0.34553274203115253,5.398915566910887,44.62517705377389
0.24335370139738555,0.6337899845761177,1.5940656623574851,0.4469882360130305,5.636165384274337,45.86432189816643
0.20502874354085254,0.5658406917555984,1.6284589146386592,0.5153642897571424,5.6037356789493575,47.442204378857824
0.3961892777059927,0.5857257821481451,1.8015950199397373,0.32834879581963655,5.822870110299928,43.389497019021654
0.3961892777059927,0.5857257821481451,1.8015950199397373,0.32834879581963655,5.822870110299928,43.389497019021654
0.4377463776863414,0.6672389175447081,1.662442393568103,0.16109162267589788,5.7429250629693085,39.70158377786215
0.4377463776863414,0.6672389175447081,1.662442393568103,0.16109162267589788,5.7429250629693085,39.70158377786215
0.4988387230127299,0.6087156024686765,1.801767850121025,0.24972392428426082,5.993260142193481,42.335002617008264
0.4988387230127299,0.6087156024686765,1.801767850121025,0.24972392428426082,5.993260142193481,42.335002617008264
0.4988387230127299,0.6087156024686765,1.801767850121025,0.24972392428426082,5.993260142193481,42.335002617008264
0.08961696121684992,0.4734331367789016,1.9080112010423624,0.5350946077495031,5.691720998561255,47.96549573938434
0.10724519375954311,0.5281876846683332,1.8569573952955984,0.503051808225393,5.654340364126797,47.247637132604574
0.023988829542085255,0.5042058850065934,2.178983112358005,0.5794391838892408,5.821169894249073,49.151081661049744
0.004725740577294135,0.54191156769921,2.2083648617132794,0.48834967788887645,5.706268150023901,46.923101672924965
0.05718548579800786,0.5488499387194409,2.071943858832044,0.19073457477396746,5.649254367012216,40.7025149938625
0.03579559558934586,0.6233664795335455,1.7544342512934985,0.2806184210399672,5.409625888839059,43.4184322403479
0.02015561231979557,0.6074003243406733,2.4325328057317455,0.6466402317697744,5.722846862875896,50.22776227843918
0.32201348247513717,0.6115731712706632,2.2864618069750597,0.6366424560179365,5.906983963276817,50.24062822311714
0.16266168541542075,0.5931992974578773,1.9114110765193384,0.35603683920046414,5.632028237130163,44.03702402872543
0.2729907723057391,0.7058156992364324,1.894511378408075,0.16159057149720857,5.699337805916095,39.86653749666269
0.5225296724787624,0.6783262953308558,1.988319426267874,0.28799286706738747,6.064684313630854,43.60303615258195
0.5225296724787624,0.6783262953308558,1.988319426267874,0.28799286706738747,6.064684313630854,43.60303615258195
0.5225296724787624,0.6783262953308558,1.988319426267874,0.28799286706738747,6.064684313630854,43.60303615258195
0.5225296724787624,0.6783262953308558,1.988319426267874,0.28799286706738747,6.064684313630854,43.60303615258195
-0.05092257893506458,0.45972170352731917,1.9459104002131244,0.5517423254471843,5.5193779910023135,48.61560965671607
0.2852847570075901,0.6291623842892797,1.9010752691520516,0.3476428469063096,5.677522668447688,43.77825422405974
0.5485976797349266,0.7474393977268077,1.6105381658610836,0.27664519533499415,5.802264984699123,42.11789475550359
0.7477982999683486,0.8090496660546177,1.6850134361363354,0.21898871483751958,5.993559893130832,41.397929056500615
0.5603158027664585,0.8096328112477885,1.5595261226880215,0.3336190439710619,5.726711953507922,43.06096517616247
0.5326297411079679,0.6838315163689802,1.9751631287853957,0.4424147333666596,5.985256297207372,46.22177467889335
0.5326297411079679,0.6838315163689802,1.9751631287853957,0.4424147333666596,5.985256297207372,46.22177467889335
-0.0388423679510419,0.5735548807809979,1.77775274876586,0.4790278344872191,5.402395725341703,47.58812321157997
0.1915292622644812,0.49368702845148055,1.7960603589731543,0.29122389336152443,5.75475832546379,42.65898155703824
0.2002984465249899,0.4741136040802288,1.8937974645686797,0.44594892207955356,5.837690013878641,46.00744786223741
0.35056039834079716,0.5640753520903865,1.7646496880946456,0.3965655540797648,5.776894841292115,44.687410443984575
0.3464915592204367,0.6165371862347443,1.8110752609960277,0.4872192610299236,5.6836295315107215,46.55593909870668
0.5805505149226247,0.6892419244573816,1.7918914196626494,0.3924968789874354,5.965926932083644,44.97939269063648
0.43227954743203395,0.627770700989566,1.8791517936058604,0.39964313532183693,5.856472206264911,44.88613337610743
0.43227954743203395,0.627770700989566,1.8791517936058604,0.39964313532183693,5.856472206264911,44.88613337610743
0.48683980372230024,0.6561224108929128,1.7956667639010924,0.3543028638478874,5.893017633610482,44.053890047313566
0.671889538143628,0.732112230869606,2.0029795379900923,0.37714704419482137,6.068820450207426,45.2868587389092
0.671889538143628,0.732112230869606,2.0029795379900923,0.37714704419482137,6.068820450207426,45.2868587389092
0.48223891040032507,0.7341849298434286,1.6027224945021918,0.26496037091956715,5.721534298125945,41.77002039230696
0.43732004932047663,0.6717439917519362,1.51261648046386,0.2512693103941266,5.682756152474593,41.51849725961402
0.43732004932047663,0.6717439917519362,1.51261648046386,0.2512693103941266,5.682756152474593,41.51849725961402
0.4462461717048858,0.7219878605243347,1.6252389836641952,0.2531565138208309,5.743298048453704,41.58945326517235
0.558310037171929,0.6840293760239516,2.0229229166759852,0.2971584865664158,6.028329057011428,43.48773099417255
0.08447063746408645,0.5320715915694615,1.873992594322921,0.7482492287892971,5.61053995797011,52.307018002307586
0.3240971356582083,0.5909400062712731,2.1228604391443513,0.23352909062690874,5.869333759383574,41.56674488171352
0.24491468647748516,0.6008863514056134,2.0762603928596843,0.22037876265836523,5.717620884096526,41.14589178118579
0.24491468647748516,0.6008863514056134,2.0762603928596843,0.22037876265836523,5.717620884096526,41.14589178118579
0.23549576915151949,0.6629394148097534,2.1126086043978596,0.19703018636460848,5.693873100057871,40.633863479469994
0.23549576915151949,0.6629394148097534,2.1126086043978596,0.19703018636460848,5.693873100057871,40.633863479469994
0.6521509137281298,0.6621523828504015,1.9962047555203937,0.206894546323718,6.08147281878955,41.887200362851026
-0.11032238646084147,0.5157770042352559,2.0962347464119198,0.22500486844935882,5.52064513652874,41.78904637724882
0.27657985931225737,0.6533300747173106,2.0369202768423036,0.23094032929961078,5.737642015140685,41.25459373710207
-0.0686672497639601,0.6080171572305932,2.076234313359885,0.3922326042168698,5.439147144610818,45.567483035458785
0.004471477856540229,0.6095007446472441,1.85218228664111,0.5141842312421148,5.490917499636401,47.964368524647334
0.3099948336564169,0.6444994241349625,1.6132856332339471,0.2617039300248009,5.653932814496845,41.97410743709193
0.3099948336564169,0.6444994241349625,1.6132856332339471,0.2617039300248009,5.653932814496845,41.97410743709193
0.10423217106671645,0.6258551565718479,1.5457046551331417,0.3756485068726714,5.419212896898506,45.27915532470835
0.3348193373840771,0.6224111784692612,1.6979733595019917,0.16533834221582644,5.7232368986719795,39.901021176742724
0.14528236204525236,0.5084603715944567,1.8558654239924532,0.2288100205452092,5.7497318331878,41.43267704229784
0.14528236204525236,0.5084603715944567,1.8558654239924532,0.2288100205452092,5.7497318331878,41.43267704229784
0.3099816136565516,0.6643783138805346,1.7093076269400957,0.13105559246084814,5.645356859462896,39.18282757792938
0.23541072142938962,0.5399873189078415,1.783449354723342,0.15517544643697073,5.765650385026625,39.8239755214005
-0.09875611871581402,0.4652497104055565,1.9978054766621933,0.2525475943392318,5.5435039435346365,42.34490838186184
-0.1950373247061259,0.4797488860558607,2.42667658619597,0.4477444775759487,5.695282563594279,46.32549279530868
-0.03408366937171592,0.4737460179952061,1.9704017529960764,0.33545898964033993,5.6603753704320345,43.83906970517185
0.0587360018367431,0.5110529298853123,2.1419495093915106,0.5004847690930997,5.742970922221952,47.16194489655703
0.11674956455375973,0.4654927673900093,2.044130967876743,0.3582860007272476,5.798579721812921,44.23041812932805
0.09765843002858143,0.5341994669030162,1.930993902218692,0.345915256961173,5.702452557936425,43.93711140054573
0.09765843002858143,0.5341994669030162,1.930993902218692,0.345915256961173,5.702452557936425,43.93711140054573
0.37653537685880717,0.6425217892608798,2.0579391064208,0.21400206496928167,5.885655901899661,41.16781779479996
0.3740059993249279,0.6619258285714877,1.9826276094532669,0.15379541925015483,5.819629907977731,39.76743147308227
0.3459212701651513,0.6042315334663662,1.861641761127732,0.15673349740283388,5.758009092067691,39.77392722479721
0.47131644906966147,0.5178381249891526,2.418888538393135,0.3696608734217445,6.296226860891195,47.693797950244836
0.09147208419973174,0.5110657368708876,1.9754238321790611,0.31793372624055316,5.681053301677942,43.2423147246845
0.42420031703696753,0.6833529919166993,1.892401276221068,0.164746661775232,5.822470887143097,39.910422383067925
0.4293717956265235,0.7751842507332233,1.9185919376416334,0.24613386778216909,5.799912034378446,41.56898011824411
0.16258497216233858,0.60957288315369,1.975350160115912,0.49242540842299026,5.7507592765942475,47.02630192739562
0.4169057377795482,0.6497953923856892,2.0270296285196148,0.4197085847667065,5.946511896269731,45.732652241593286
0.16540241807483058,0.5453639044621701,1.9957035160858032,0.5193258702086458,5.76119350349647,47.5047088505969
0.18235150790081345,0.6768623311920811,1.927994090409057,0.3418274679940435,5.574606075879917,43.86066713500745
0.5010912427965635,0.7294682321214523,1.8139570894088461,0.3230206980408849,5.806306832832034,43.16205387405471
0.5208587524051713,0.7660801318899976,1.668364062604141,0.3388825047801753,5.780916292258292,43.34611802118898
0.3662460374937609,0.7139769671533027,1.7807267447906883,0.2894216496714692,5.704109019467629,42.41334974589136
0.537095254839337,0.6104783891679852,1.8317534492696477,0.3025111444841782,5.97999402848156,43.30885771526466
0.537095254839337,0.6104783891679852,1.8317534492696477,0.3025111444841782,5.97999402848156,43.30885771526466
0.537095254839337,0.6104783891679852,1.8317534492696477,0.3025111444841782,5.97999402848156,43.30885771526466
0.3697159878876246,0.5524163840809168,1.7716357479908031,0.37649876798972665,5.851875969278009,44.41551388250656
0.3697159878876246,0.5524163840809168,1.7716357479908031,0.37649876798972665,5.851875969278009,44.41551388250656
0.1547118438194378,0.5401012176376426,1.722211758655991,0.29193711053176774,5.526905241152761,42.956292470849384
0.5183076835912662,0.6253141103793904,1.8219128921079253,0.2659814013846194,5.9154181242422235,42.283745061178045
0.4422775530554053,0.6790615789064649,1.8566290368666996,0.22413517015464346,5.804027782773167,41.084538087171886
0.216658331891797,0.5732957257520924,1.958934359390881,0.2996285261341602,5.669799208868518,42.73294462006427
0.2138441152972883,0.5969717188977901,1.971874008901908,0.2593873044912958,5.659834923021207,41.94692185123453
0.29077069532582345,0.5271102300053303,2.1423985981997014,0.2527716855568615,5.876910782957889,42.074115518198795
0.0624177356883443,0.5299064850224434,2.1402551920538393,0.37006627334258196,5.701726037719693,44.39013539580204
0.4420936911263895,0.5993627249697074,2.141305906663298,0.33237188068823,6.044168686767425,44.48016376907061
0.5433395520270576,0.7316013452185279,2.0039421049528463,0.2630764998035021,6.020842268282603,42.73713144246187
0.1854466605282018,0.6205749055196119,1.7630251021965413,0.30147531079166673,5.550609125913157,43.15824642259537
0.33185642178288033,0.6309877301141283,1.7385104119453256,0.2746472428224352,5.686511718506017,42.23521648153356
0.30646479645132246,0.6945712649656505,1.5370792789477106,0.22533479756978345,5.516034066479808,41.46607246255015
0.44782585974848005,0.6265831402619544,1.7394222401417354,0.28033636099750103,5.787576008816392,42.19076471312731
0.1559844882634141,0.6613793555159206,1.4837570076018782,0.13242552267107327,5.4062655458741915,40.1807273272404
0.20142374358108883,0.6903437702685944,1.7798635247441845,0.20338433751594515,5.552215508514296,41.00970549639499
0.45521429180010337,0.6296945984755904,1.9179129285477732,0.2739278842591955,5.993089669784146,42.92047120495179
0.5413009831840834,0.6086442647940121,1.9890513400772776,0.4011651857477356,6.024434981384096,45.68695814686755
0.5413009831840834,0.6086442647940121,1.9890513400772776,0.4011651857477356,6.024434981384096,45.68695814686755
0.5706531332227465,0.6970049270333649,1.897048245746159,0.1919575378205253,6.014405641058226,41.18422369811937
0.1069023941723366,0.5902172073435767,1.9952957702137009,0.2730407913535698,5.5971457784360235,42.457614649830106
-0.021793483466416075,0.6014052626550562,1.725549758016295,0.5152349029228865,5.41454632516661,48.33294092062795
0.351101820645117,0.47190550954509775,1.9344330842717747,0.4972414689101395,5.9371285403615115,47.427865470624404
0.351101820645117,0.47190550954509775,1.9344330842717747,0.4972414689101395,5.9371285403615115,47.427865470624404
0.13229363197804417,0.5608183684439456,1.753805929748395,0.3742486721522365,5.556849159392527,44.63606796192262
-0.32015917868864185,0.4327393211744716,1.846488075930159,0.34428867503420196,5.231563639281367,46.35755633248996
0.06977828181368251,0.4840699256863805,1.9084532234856355,0.39001497913077743,5.672985260815444,44.85833660977571
0.2941000491209988,0.5778208363669356,1.7302139545943578,0.2404366284522066,5.71272031466373,41.52224174919771
0.2788396457273458,0.6579271040334906,1.8319136243574845,0.1669638114651356,5.671084674501922,39.957184198666994
0.2788396457273458,0.6579271040334906,1.8319136243574845,0.1669638114651356,5.671084674501922,39.957184198666994
0.17017567062226402,0.5513521710281629,1.9423169686999933,0.1822470750378879,5.742543198194821,40.42465702084466
0.162835075536585,0.5871577025835689,1.7327871175836642,0.18506051190813777,5.531437461163836,40.692092701904876
0.2057286512850568,0.5050308427969621,2.2969195649712897,0.313117183142069,5.88722485452162,43.525250052105385
0.2057286512850568,0.5050308427969621,2.2969195649712897,0.313117183142069,5.88722485452162,43.525250052105385
0.2057286512850568,0.5050308427969621,2.2969195649712897,0.313117183142069,5.88722485452162,43.525250052105385
0.2701657148582186,0.4675425685040992,1.9840416078485976,0.31513704549452914,5.855700503303083,43.36465531310137
0.14482982519112675,0.5620113503875375,1.9661501763248515,0.1555465796590834,5.6415966347989475,39.899950077630564
0.1241991303624504,0.5909275584999072,1.759172854532288,0.22151528636866505,5.491629235752542,41.5823299068424
0.21568528701293893,0.639143172577451,1.9448756137591254,0.3106189856797983,5.683538897762538,42.93620201866248
-0.03968680597147256,0.5811130286616804,2.0066393799319933,0.4408697763537102,5.5571831682595505,46.13927636099607
0.12163827320713905,0.45792792819650674,2.2984195150356936,0.4169524247293977,5.958184443083018,45.92149739411718
-0.1314165850306671,0.44783580463627903,2.2879367319758237,0.4817530653665048,5.659171446952183,46.85604462382227
-0.1314165850306671,0.44783580463627903,2.2879367319758237,0.4817530653665048,5.659171446952183,46.85604462382227
-0.12789013401564764,0.4908609326327984,2.059784813174555,0.5107314280628444,5.543719120003017,47.658172012432644
-0.13337603095914474,0.4782307582542298,1.8556786120231779,0.43704435392751256,5.417065239271027,46.72567453704617
0.23629992180230502,0.51776899993889,1.7674324444348253,0.3362323889800179,5.756258695299318,43.52692677790386
0.24301719170486674,0.5677466490025538,1.7396851675925988,0.6529762365606117,5.702961220591247,50.10880155381844
0.18826119016024728,0.6732902033873761,1.6992354167122123,0.3841107536689693,5.5020512390688205,44.936842716922946
0.3485582978698005,0.6115099144975031,1.8196849442502836,0.5730472023960409,5.892495867141134,48.843821342208
0.035488950068424785,0.5268668890737478,1.6463390749670124,0.2338252744456529,5.484524541767061,42.04647665323623
0.035488950068424785,0.5268668890737478,1.6463390749670124,0.2338252744456529,5.484524541767061,42.04647665323623
0.2956367175314335,0.5946838640717146,1.6386703734232624,0.38717163080490563,5.591260552034407,44.64938213795067
0.3293677905331685,0.548486266482972,1.8687167683780774,0.5530095408791931,5.86049384133061,48.10823688525889
0.4355454484842539,0.49721391592168623,2.008351810632738,0.6454308870913024,6.179001536528977,52.010152653145944
0.11451126003108575,0.6124026971003532,1.7598907798834134,0.7158180901909283,5.537965261108246,51.686891522128256
0.12565037500334664,0.45190140466844453,1.94067903139438,0.5697699998415046,5.768166597255584,48.64693574043794
0.09587653698884435,0.45435084620119165,1.873019795177142,0.28761611807729554,5.650614156915805,42.622172744887244
-0.038928733831401385,0.528208013718181,2.375129171030294,0.4584992389133008,5.723988541613015,46.440058083062844
0.09599843181175105,0.49883674011398244,1.5739540882854552,0.4588700177052446,5.4758244337147275,46.66645447517219
0.28325455843520386,0.59371904353525,1.6990931149819821,0.28557973119860336,5.634252534887278,42.471553439707904
0.28325455843520386,0.59371904353525,1.6990931149819821,0.28557973119860336,5.634252534887278,42.471553439707904
0.20394566238972567,0.6112162161724153,1.7423302795001676,0.26542886740051436,5.592061179018118,42.24936567550719
0.3126545238102283,0.6266693463773285,1.7941926927988272,0.21451194981624594,5.753139951265859,40.94179653845224
-0.07640994220481934,0.49822480198021674,1.947780139702736,0.5146371017613953,5.67741086146649,47.572598580865105
-0.07837673129825462,0.4600057463863188,2.163346725992243,0.36781451615092253,5.689430708757593,44.554013615558745
-0.18089331927227914,0.5820601595721658,1.744372662422647,0.35360231357711236,5.220782799826972,46.6247755743043
0.42093990360880396,0.6669255348578855,1.9164363257886174,0.22590598466329972,5.88529790517039,41.409442020377746
0.4146588982213068,0.6125291107017651,2.078378578118989,0.4822748457590135,6.031786610038159,47.576198263026235
0.09740267809014524,0.5143689693428453,1.7165461347015287,0.42990332005838783,5.620272009934644,45.64628755382766
0.25953853624660544,0.6219231147736785,1.8575944835456792,0.3867148132132268,5.784476198914183,44.6817176128209
0.42695577573476284,0.5595334775466875,2.012865713091982,0.4039983689869427,6.115347936221367,46.530767604135775
0.20042807687601483,0.6405808210829678,1.9061475487587773,0.26772454896191045,5.618355616949029,42.15936817356908
0.6663611140478478,0.7404964599849405,1.7780835605553438,0.3265135520185101,5.986345159479197,43.68887141606802
0.6663611140478478,0.7404964599849405,1.7780835605553438,0.3265135520185101,5.986345159479197,43.68887141606802
0.6663611140478478,0.7404964599849405,1.7780835605553438,0.3265135520185101,5.986345159479197,43.68887141606802
0.5379916393674489,0.7072371398525146,1.6016900564323766,0.4252939094480713,5.833060878465915,45.19018322071101
0.5379916393674489,0.7072371398525146,1.6016900564323766,0.4252939094480713,5.833060878465915,45.19018322071101
0.5379916393674489,0.7072371398525146,1.6016900564323766,0.4252939094480713,5.833060878465915,45.19018322071101
0.5379916393674489,0.7072371398525146,1.6016900564323766,0.4252939094480713,5.833060878465915,45.19018322071101
0.5379916393674489,0.7072371398525146,1.6016900564323766,0.4252939094480713,5.833060878465915,45.19018322071101
0.3758468774767898,0.6160256520570508,1.967085216255508,0.37900228420837234,5.862823073858499,44.557664216041516
0.190226926723011,0.5098845965388595,1.8758956760953243,0.4014257621356308,5.743558383429088,44.91159113801134
0.190226926723011,0.5098845965388595,1.8758956760953243,0.4014257621356308,5.743558383429088,44.91159113801134
-0.08601846784719747,0.4872458638891146,1.7091467490753725,0.2879916591107543,5.375716753426867,43.83724441587608
0.35714899284233814,0.579144068393422,1.8958795674044304,0.21295683463095025,5.8238194775569525,40.997455191853646
0.1015658396312129,0.5600036562937076,2.0210931830526317,0.3011931646604169,5.662003838358299,42.987881594663804
0.24513251823527543,0.6773826546781565,1.9595863018037432,0.12058638396207007,5.6503314549865,39.05711986768841
0.3229702334475629,0.6908977612649366,1.983411149890708,0.153725753646962,5.747363484288945,39.662735396842756
0.32640946979557534,0.6774586134229794,1.890131196531975,0.27766807843275576,5.766937702095323,42.3287622957135
0.3982354762082718,0.597727133655161,1.9539682737575819,0.39746261807321737,5.9951590005515545,45.70202943362035
0.11710705308491676,0.6498329637248051,1.9855329697570534,0.42603269779797054,5.617857480926949,45.59752908605963
0.6164741719379783,0.7155091301254558,2.1663881424303746,0.25640157223653715,6.131915054810093,43.3898110432516
0.6164741719379783,0.7155091301254558,2.1663881424303746,0.25640157223653715,6.131915054810093,43.3898110432516
0.4903223742790554,0.6730279647899401,2.0031086805700493,0.2631681097412699,6.002269516306258,42.76568450655054
0.012884258791379,0.6574978332643872,1.8489296070863024,0.2143872518284482,5.353422000207102,42.377872747298916
0.2225251603128513,0.616434584954603,1.743645238027398,0.39092648041697914,5.584294644265288,44.88888872853354
0.3847823570117394,0.6391770523936302,1.8910595207208085,0.16124926834766323,5.786052008568243,39.784171993964094
0.3847823570117394,0.6391770523936302,1.8910595207208085,0.16124926834766323,5.786052008568243,39.784171993964094
0.3847823570117394,0.6391770523936302,1.8910595207208085,0.16124926834766323,5.786052008568243,39.784171993964094
0.3360881993620987,0.640340744063527,2.300306223288723,0.4931359220188739,5.916345488299278,47.07821169541983
0.4050196896720971,0.6226152438450774,2.3342002804982522,0.30943892802757694,6.020925551462153,43.79074414330856
0.34750059422264556,0.6503240451050963,2.2171299693397093,0.2659495263584022,5.870390311699049,42.255455242304954
0.23552117645372905,0.5395659448813721,2.2183601340867973,0.23776546811287913,5.9228221845209195,41.982951590581536
0.08602169517172586,0.4553206417557064,2.189086454400969,0.5656512761007908,5.983847488528099,49.28260478452935
0.3001621078930606,0.5855724882384261,2.032646798572192,0.3335560290126182,5.907974948081216,43.854251000625304
0.04539280168187698,0.6280946529823601,1.750872027789434,0.22897127288025973,5.3812410083051505,42.474436756567975
0.45100220154396786,0.6623153358864997,1.8864154006423797,0.18186237553119566,5.8398945988782165,40.31258703627768
0.15201355831864916,0.6716148989528717,1.8869845901547722,0.2089253592510386,5.538795798009154,41.19455933656199
0.07402758564019052,0.579379690897888,1.850970649428724,0.4872545459424078,5.473537047571812,47.29144821757129
0.27500364742453376,0.6555961223801587,1.8606384489715582,0.2691564714385729,5.614930689788826,42.176190364088946
0.3115363958870327,0.7152257564646516,1.7492524678017556,0.22075336243172322,5.591700444439464,41.159860797135515
0.22037936053086332,0.6243830898517324,1.8157383112824081,0.3104306962288643,5.5872992739293075,43.11168880191811
0.3687788023043132,0.6283970474772083,1.9789432757421361,0.37563367710493406,5.856219128732414,44.55125717017963
0.5952616585580269,0.7273621052434804,1.8740855939728363,0.21414128767984086,5.951409969901163,41.350379177337096
0.1897868085159749,0.5717262557862555,1.8681792071171603,0.21617132242938397,5.6762817527661,41.129501370479055
0.39789108754208236,0.573676166767612,1.897578544224955,0.24284825880367533,5.881813013710931,41.80831229778167
0.4768298000054523,0.5841614991366212,2.088232922879803,0.1482042843718365,6.039479191854539,40.5518377381418
0.16340820744107154,0.5087626589454979,2.034798630916165,0.20213381015002413,5.7508532232533565,40.8333075018852
-0.012522015811638143,0.5882568882727738,1.9330537946528876,0.2606357662615752,5.410415413166717,43.0104166072407
0.2357749375385645,0.6773193324616065,1.8749353490722327,0.21974103652256055,5.690769679866589,41.12043740734202
0.34320388449660605,0.6765070064643305,2.291363701066752,0.28442554091809724,5.92571343454199,42.962190537086244
0.17310919269901687,0.684702902812424,1.7453059307154,0.26433325431861665,5.5292070254287955,42.43602902053385
0.2528986492396375,0.580280686530645,1.9171237465038042,0.15138465548743385,5.691965535258103,39.6589590957521
0.05484568686369906,0.5481247205485035,2.1813963409612067,0.49524308916614723,5.690917957539714,47.031036594482195
0.20356276511438565,0.5273237291369742,1.9333288395227806,0.3056998485019786,5.780217936889579,43.068966715777414
0.0980701370664957,0.5030887972102693,2.168362941107625,0.34060443519025224,5.796031118723084,43.86624000128733
0.30456971536293287,0.615507010353108,2.008226828098831,0.35892386673468235,5.780838057914143,44.11051341411315
0.5525239269516558,0.6545853208419602,2.0058851233799126,0.3478686000400509,6.0206941328004895,44.56041292180448
0.16973457040967144,0.576471936200068,1.9255749321001716,0.3298426345801904,5.6462267915352315,43.47483741541133
0.16686970623466563,0.5588200640767848,1.935881154986256,0.18228659650820894,5.625334058974575,40.378947551583785
0.11269335149629,0.6107196370360903,1.6879696056877898,0.08162032107726112,5.422799751894343,39.08097712968206
0.1813872739293308,0.6386758305468988,1.803829638683479,0.15110183768644272,5.542144700374749,39.94205494797936
0.10010802569742938,0.5582025401324929,1.9715851078753124,0.525987029983633,5.700162570841369,47.658185112987184
0.24385863512216177,0.5948788154811312,2.1767030347072622,0.24826738453805083,5.9442035229921455,42.28715259957773
0.23893718369400518,0.6172215963004375,1.7218395406268225,0.1903062537917006,5.668197954216838,40.51634446994289
0.23893718369400518,0.6172215963004375,1.7218395406268225,0.1903062537917006,5.668197954216838,40.51634446994289
0.5425213940278257,0.6706809632711077,1.8784546876650436,0.10760533230196834,5.963781996072083,39.19223869043937
0.293721870593858,0.7080386568526631,1.7894907076362319,0.150415172584844,5.6695570053959266,39.59586068234299
0.15292972456480658,0.5632049200085721,1.8586752896565923,0.3171329063288317,5.720404715752257,43.17657788039237
0.29476133396759757,0.5309766033424049,1.9876313475161318,0.28894805270530594,5.850386784602877,42.72053292558446
0.29476133396759757,0.5309766033424049,1.9876313475161318,0.28894805270530594,5.850386784602877,42.72053292558446
0.2140295034630647,0.5687306949214982,1.541290287037937,0.3372915716282983,5.558934893907458,43.76763035029104
0.39893692455862295,0.610483140348847,1.632778169865798,0.2956862158668345,5.783871696386981,42.6107827044059
0.030509821771695922,0.5004737013373434,2.0955924455436614,0.42568834679307727,5.668812779523274,45.653551786413814
0.07288917406333095,0.4843657688353535,1.9857796675750783,0.3988393858410125,5.642403699710711,45.05696188168068
0.07288917406333095,0.4843657688353535,1.9857796675750783,0.3988393858410125,5.642403699710711,45.05696188168068
0.378090430877552,0.6745578380884522,1.8893724631587803,0.11717902536474606,5.762988552969171,38.890409352263106
0.023849027909975895,0.655941309799936,1.7391777137712419,0.18338080983468205,5.385777496132325,41.49994134334584
-0.013524991551557175,0.5590483073769373,2.0026797862675387,0.2633173169838162,5.508720283389877,42.57596038883898
-0.05757187561711019,0.6153035757347293,1.9757551216441593,0.21088549274583934,5.408715855730696,41.978760570252206
0.37894950101717195,0.6566511221458595,2.3389285646233535,0.28594766516746195,5.982066626394156,43.10717941397875
0.4412178372341693,0.6354008823818137,2.1540061585616455,0.2396863794508857,5.961079614548794,41.99912759106389
0.4412178372341693,0.6354008823818137,2.1540061585616455,0.2396863794508857,5.961079614548794,41.99912759106389
0.4412178372341693,0.6354008823818137,2.1540061585616455,0.2396863794508857,5.961079614548794,41.99912759106389
0.35742742605152433,0.6220613602042789,2.125549125907982,0.22702239183975267,5.868574483984292,41.51653797526628
0.26926325041246163,0.6234083698703354,1.8331463216588417,0.27102404362126226,5.658219744841438,42.13866461475936
0.26926325041246163,0.6234083698703354,1.8331463216588417,0.27102404362126226,5.658219744841438,42.13866461475936
0.20157894615790167,0.5228678197264933,1.770128621962817,0.3829363520686451,5.643382651860049,44.51547245034654
0.1813052631055928,0.5034955813359989,1.8965525530984926,0.355388050498828,5.649887287604848,44.01759304535777
0.3503426693605774,0.5836329775504644,1.6464293574489668,0.2186390446245688,5.714787081568395,40.96143979072498
0.3503426693605774,0.5836329775504644,1.6464293574489668,0.2186390446245688,5.714787081568395,40.96143979072498
0.20421778107178612,0.6323403520002148,1.6613957731705005,0.20008830232156488,5.5060151893935245,41.07841313126275
0.31825636770933646,0.6558692201905485,1.839699012066695,0.1740335397610516,5.699076711124134,40.03273511694253
0.07454414346574989,0.6260286805365266,1.8897371847004973,0.39068635726626566,5.454782007017805,45.40293287692954
0.17543974662354556,0.6455236445682994,1.7974791210848808,0.34373312662527145,5.576401324690491,43.827893200482066
0.3099245583911267,0.6606512486158009,1.8907044775428399,0.4974559312012076,5.663954286793136,46.79793767690533
0.3925926847837199,0.6372042349174414,1.8228990626043726,0.5423306627693238,5.738155587152135,47.70040039987963
0.07062483691670574,0.5676828555811864,1.8171187937579918,0.43802184669502564,5.4810513448045075,46.2901684797439
0.3656896247831082,0.5716660815390394,2.363961901505518,0.4986272310389214,6.028429195503211,47.89838900646853
0.3671364079145245,0.6564849552910026,2.133100705192643,0.3463142942040615,5.8549557181635485,43.833732425046186
0.3671364079145245,0.6564849552910026,2.133100705192643,0.3463142942040615,5.8549557181635485,43.833732425046186
0.05376736810050381,0.5233870457306152,1.7387855499258011,0.3650132276691906,5.474324459751555,44.79211511386395
-0.14143244522131782,0.4302058941248458,1.876125166983655,0.4596736940554852,5.474299086443423,47.02295547996191
0.3916964605360978,0.5748781535020441,1.7996426227741638,0.5287406022618271,5.9486276296122425,48.06341045881585
0.43226127952086646,0.6949504138567355,1.6195829631268006,0.35357866189818926,5.78096769042704,43.705671948856455
0.35863422482531815,0.679002141343821,2.118756467840541,0.2519096516929082,5.811669356618336,41.78099644700882
0.5237496402186677,0.6825514766108022,2.1266158628142993,0.3389736055167058,6.065467473932093,44.6716567217982
0.5859141615557626,0.7218435883755655,1.990273609566273,0.14305125989056175,5.999789800950109,40.0607732483062
0.16921157824551203,0.6094887218044648,1.7746214642786031,0.18181208725243297,5.53366280805964,40.642513369226464
0.16921157824551203,0.6094887218044648,1.7746214642786031,0.18181208725243297,5.53366280805964,40.642513369226464
0.16921157824551203,0.6094887218044648,1.7746214642786031,0.18181208725243297,5.53366280805964,40.642513369226464
0.11128883664226641,0.5718724408989841,1.7765198513284535,0.2568348224863109,5.504256047001823,42.346990936240154
0.6488551222582726,0.6295277897234197,2.1493266017744825,0.26305664743101603,6.183350544039058,43.896784448862476
0.6488551222582726,0.6295277897234197,2.1493266017744825,0.26305664743101603,6.183350544039058,43.896784448862476
0.22961201514219842,0.578560951172998,1.8642820666564648,0.18966408396340023,5.621728442825694,40.50608330335578
0.22961201514219842,0.578560951172998,1.8642820666564648,0.18966408396340023,5.621728442825694,40.50608330335578
0.22188359223401205,0.6358425277194237,1.7456134436784234,0.16247291452232115,5.603097847479109,39.966190623369364
0.2169128365917154,0.5440750040059295,1.9525263588957338,0.21077020115899966,5.699805248268746,40.906463184893234
0.16020151734165,0.5612639383196295,2.4899416488102744,0.5022624318235164,5.933762420764116,47.648636223953794
-0.0392076327687213,0.6468772736260632,2.103286068619845,0.40501188945409217,5.450704575256765,45.813695676467866
0.27598756522969825,0.5689842919132876,1.7964682130766445,0.38602016232528763,5.745977687444103,44.56779661108374
0.4334744211316434,0.6336063419344009,1.5607618717635954,0.40766597741630983,5.772313262019042,44.904199806194
0.5185448900495786,0.5826381871129019,1.8116001690480286,0.3217919111072265,5.97371860639766,43.73715103857462
0.4938549635940768,0.7123707875545958,1.8553351636327666,0.26802711652703354,5.944034151429216,42.499493944261644
0.3744503402670876,0.7058107713093857,1.9238316626230891,0.2032987870894976,5.784530226295403,40.72511934766256
0.3744503402670876,0.7058107713093857,1.9238316626230891,0.2032987870894976,5.784530226295403,40.72511934766256
0.4929914675757831,0.7208186160624164,1.899192465359613,0.237043712362161,5.874316538876773,41.526781552751245
0.47466148695179855,0.6735989101085362,1.6654717675418573,0.2028997366208359,5.845098947207612,40.732974880375764
0.222089338127201,0.6848766692940966,1.8351907351779577,0.21511334977008667,5.6118420074099085,41.11783299493211
0.39052806761088354,0.6996695727966346,1.929419205826482,0.17590363206573373,5.794528025396411,40.117998934252725
0.3080381109798237,0.7057947268711406,1.782723178292143,0.21651420374863362,5.603405193249292,41.01181155114484
0.2609090646859628,0.6625293068201873,1.896431294396881,0.18996539899792772,5.630401514974588,40.45867261102285
0.4030345353039535,0.6991446057202599,2.1362092058440134,0.2793622112727621,5.879974847540586,42.54857716713762
0.4729226603260221,0.7188930840247063,2.015543945451872,0.4171914340059987,5.940359686296995,45.58770507100048
0.4729226603260221,0.7188930840247063,2.015543945451872,0.4171914340059987,5.940359686296995,45.58770507100048
0.022637666260408973,0.6239714798826185,1.700590036253431,0.6597689039469126,5.402161041092388,51.40481404384325
0.6505027584049876,0.7785945221536131,1.720578300794643,0.2956939795827313,5.958807257402602,42.96034389975362
0.2767947767799256,0.6632000916221521,1.9334628163001946,0.17264559074714328,5.69828432066741,40.1380562632122
0.3072321170031109,0.6914174413550837,2.0353072536178,0.23316582980216766,5.74572400508217,41.35546510683628
0.2730280818653463,0.680222920261322,2.0582392259786193,0.16122372198559926,5.773217678797478,39.92915870413102
0.4485394300041265,0.6420727564627243,1.9763468630033423,0.1297147224260742,5.966381777217004,39.76558563155784
0.37122413670765053,0.6871498707253351,1.8898276015037416,0.15361932630438196,5.812583198553605,39.73411650651682
0.08057246837821097,0.5764497305320515,1.9056979148302569,0.2068100678210803,5.539576676756534,41.23955762617237
0.03827327243358103,0.594771053017434,2.2044809058922565,0.1354778124473048,5.6147079685964085,39.579429537936356
0.41671712821310025,0.6014278716741791,2.512103378745682,0.30679494551111863,6.236430411442322,45.6345740629462
0.41671712821310025,0.6014278716741791,2.512103378745682,0.30679494551111863,6.236430411442322,45.6345740629462
0.1554914050263052,0.5824944353096023,2.1061482802747875,0.40327146379570344,5.785960828977602,45.13810529504877
0.08482693465723085,0.619116012953176,1.760447537574642,0.24330336055358184,5.455037163196474,42.32787353906271
0.4220960432041099,0.6653304181310237,2.0116744455456814,0.3946054153209691,5.93513597004805,45.2461480201521
0.4220960432041099,0.6653304181310237,2.0116744455456814,0.3946054153209691,5.93513597004805,45.2461480201521
0.40639354398382327,0.5925866318047148,1.7445277532154102,0.15733071752779257,5.825957672193253,39.79182647295789
0.20106931440097026,0.5436790633924412,1.5268116277440837,0.3844306030184408,5.6040146953564935,44.64106401247058
0.3660956658060766,0.44813856258807366,2.223124058011398,0.6387967990494484,6.124819390883514,51.65585917712161
0.3660956658060766,0.44813856258807366,2.223124058011398,0.6387967990494484,6.124819390883514,51.65585917712161
0.03415367064443475,0.593905371176006,2.1846743002482105,0.3141838999607537,5.5997329806266904,43.35146607339744
0.09316451084777799,0.5682891278725337,1.7416511072432155,0.2420976392833698,5.4576614435499895,42.304026657691
0.13088083698619307,0.6462406498375006,1.8311332826905242,0.2166736319058906,5.498519931267163,41.53312789177245
0.11460650279372087,0.7095680417447014,1.9514023513012275,0.531531279911437,5.488176435669941,48.128990494193815
0.09119945626990944,0.5637551826237163,2.123794775538697,0.3906933941144713,5.717590381684403,44.73930985987303
0.08291638941960333,0.5331819832509238,1.9220986089118623,0.24805738768533797,5.62305760236959,41.85483471513205
0.4708500454594599,0.6371501828205061,1.6995588183355663,0.3455937551446346,5.882806180649906,43.843748735235536
0.41918965006926573,0.6071981147088641,1.7584153418059252,0.39829561173914557,5.849048395827399,44.903056066038886
0.41918965006926573,0.6071981147088641,1.7584153418059252,0.39829561173914557,5.849048395827399,44.903056066038886
0.41918965006926573,0.6071981147088641,1.7584153418059252,0.39829561173914557,5.849048395827399,44.903056066038886
0.48478924218564945,0.6941048429008664,1.7783828535446253,0.346947727604307,5.919301320561501,44.00085366001743
0.33632562208586164,0.6127856003980795,1.885844613651622,0.37763470617025063,5.847100718545724,44.49442228626668
0.5098925785505173,0.7399303363182055,1.7585394936032521,0.46871919653197364,5.845904874886348,46.23939613859864
0.3429595834237133,0.5287008076519824,1.6570880761651279,0.5249047079372585,5.747367523641981,47.33551488840834
-0.0036877070084426755,0.45910270721503565,1.7406654373159327,0.6251872538684637,5.5074422205516225,49.976597005690294
0.3984016586762988,0.5903913565199268,1.9853501190639626,0.3068724948170285,5.859537574119821,42.968109878617
0.12296649240535173,0.5144161693543943,2.311794895276429,0.4496563190531244,5.793606024945711,46.06094375639067
0.07872701656834169,0.49058344958392724,2.5446121981529037,0.418486121544549,5.944091341693437,45.95672906603633
0.29376441397763375,0.5303436421916174,2.0276315332453865,0.38419984913151556,5.843378607423726,44.668626420261496
0.047748859433649926,0.5918267600287714,1.8198050433164605,0.22227260306954166,5.438194575086873,41.98383295166971
0.09564888706755725,0.6394558395996843,1.9302422278547293,0.451601581857457,5.6004888130897115,46.209442277414226
0.3394673630239998,0.6984749810470887,1.9186689730052067,0.31938492545195946,5.749721839743687,43.067663769284096
0.4210151503891549,0.6794652674937325,2.0231934661088,0.4073336411761196,5.905807947617754,45.18498222280043
0.4210151503891549,0.6794652674937325,2.0231934661088,0.4073336411761196,5.905807947617754,45.18498222280043
-0.01806615667725442,0.5331738903660115,2.092031503358077,0.7883724165576069,5.543165195247854,53.2204192096118
-0.058489379104378014,0.6042820934766105,2.2824744371334287,0.24213497054906466,5.550016171936462,42.02122721863533
0.011812105874905665,0.538583514641621,2.0390590917023865,0.37474622341010383,5.548122684871683,44.707323012362494
0.17982497923054153,0.5728216274828457,2.084000059313229,0.33752712912389965,5.671109807433567,43.62111438473319
0.33357417119450994,0.6805873972698249,2.3645385265584173,0.5388784622845917,5.956090011851584,48.3051933215462
0.14035853135687826,0.6856802849802208,2.112176012267889,0.47862875743242894,5.59048352735067,46.73782228739405
0.33422130766864444,0.6293678476375947,2.045098684856127,0.5530296201810537,5.833543020897848,48.14277223573134
0.17171876769148392,0.6063703322293276,1.6167461959323361,0.5058858709865901,5.4981089280305255,47.533231376420325
0.25636941800679863,0.5620889265927506,1.9611812443432508,0.5867965928660059,5.805581720806314,48.9383783590155
0.4021148247480767,0.6080094109332713,1.8919004063066083,0.34720513688848303,6.001631053555362,44.51735928883853
0.08711800650246865,0.5953258516071169,1.711858185593525,0.40571967556662025,5.513157175020874,45.382929878529815
0.29466779111229024,0.6427897465400972,1.7074600108133708,0.2401984219107806,5.627043720669587,41.51824574281674
0.0033425350601203885,0.55806736517703,2.1798121470294958,0.30653343611930944,5.6947539552295385,43.15297932659123
0.0033425350601203885,0.55806736517703,2.1798121470294958,0.30653343611930944,5.6947539552295385,43.15297932659123
0.008119367908751118,0.5401092440755862,2.480180653254793,0.4270973504840937,5.859225770840867,45.88435909236034
0.04776022237082622,0.4980168492591794,2.395334967074601,0.33358966679418267,5.829700646164812,43.71843804754312
-0.08087126044282744,0.4867041046434246,2.4803073190517253,0.39539537428987365,5.765976367051493,45.00569144061702
0.07317439309736795,0.5286662203505018,2.291071676242412,0.3103871944059981,5.802073522392111,43.22243378639451
0.07317439309736795,0.5286662203505018,2.291071676242412,0.3103871944059981,5.802073522392111,43.22243378639451
0.07317439309736795,0.5286662203505018,2.291071676242412,0.3103871944059981,5.802073522392111,43.22243378639451
0.0872666487318976,0.511612770957458,2.2472042799656835,0.5362340158204338,5.904548392428175,48.26105907847583
0.15065089026139233,0.44131302807556977,2.131209325503022,0.3462188686924707,5.90401379536814,44.25759596591775
0.14181175749117692,0.49279564252042674,1.996793683394326,0.2579071797946743,5.832057527761679,42.218963445335
-0.032796428767661756,0.5537583799597781,1.8979185726895764,0.21062069870748448,5.5035841066697095,41.559020539662896
0.38173548871355056,0.7122615088504414,1.733190466289073,0.3143018735680844,5.739445891032062,42.93902365741074
0.1868350570548175,0.6517862799215353,1.8963552393336998,0.27053567904282777,5.666493826201695,42.22629531529572
0.3233727551175866,0.7312980782252109,1.7446423210325777,0.20180395498570117,5.570751956820141,40.768452813116355
0.5789821075440134,0.7684100759848232,2.1089398409747435,0.34908554228095007,6.041999228843711,44.751704009932695
0.5789821075440134,0.7684100759848232,2.1089398409747435,0.34908554228095007,6.041999228843711,44.751704009932695
0.18687884060781645,0.6527522911558157,1.8993106483452469,0.37226362626679704,5.6542598524458905,44.40257999238591
0.547872839524092,0.6506348136761156,2.044736338040577,0.26806335879588683,6.035829868502615,43.0206319984451
0.26013521434171294,0.71891644298796,2.0133178463609136,0.1819334245693544,5.649810626523689,40.33269332312325
0.26013521434171294,0.71891644298796,2.0133178463609136,0.1819334245693544,5.649810626523689,40.33269332312325
0.26013521434171294,0.71891644298796,2.0133178463609136,0.1819334245693544,5.649810626523689,40.33269332312325
0.12093828358989445,0.6344965463138057,2.2972753351100574,0.3941678230215626,5.726725212624593,44.854516126067104
0.12093828358989445,0.6344965463138057,2.2972753351100574,0.3941678230215626,5.726725212624593,44.854516126067104
0.17670997602926253,0.6629865167165233,1.99098472040461,0.29594332838762516,5.606323528394333,42.80774063198675
0.04119076850146064,0.5751015212713434,2.3290417180064624,0.6246119453274542,5.719266926105162,49.76360946889367
0.0779663326254757,0.5220737447124465,2.219491975283353,0.8054889926396301,5.818440339354458,53.489515981378815
0.21342960887228157,0.6082105521789513,2.1303638786075414,0.4362083840579181,5.819865732004246,45.760749716848196
0.4076338813375614,0.5854460639313391,2.151077836489785,0.6985911590439543,5.973517452171821,51.671866167151855
0.27078170193646917,0.5957681355988972,1.85072074002507,0.4822441940834689,5.672544254188116,46.518465817002806
0.44488211800258176,0.7363935626468877,1.4291682123447507,0.4005326239624612,5.625822351829133,44.65572235300622
0.44488211800258176,0.7363935626468877,1.4291682123447507,0.4005326239624612,5.625822351829133,44.65572235300622
0.2974221766160617,0.7043266908173615,1.762164348782079,0.3235217651374421,5.635981260580032,43.32844039344208
0.4449280952519798,0.7391151391576535,2.236221139617986,0.4512961747086615,6.0277515119091385,46.92812171243912
-0.04606594265385666,0.5997961166855971,2.1579244893783684,0.6493001647127614,5.571909966876205,50.64816639434128
0.17122131139446073,0.5561253648736584,2.3799742575048577,0.3470415227771179,5.89648278324661,44.220442914613685
0.08709045249895442,0.6284493847342194,2.295398067365603,0.3485022545202061,5.689733064620243,43.868181718474005
0.22853579286778852,0.6187313028379537,1.8945710966899911,0.38473659974588276,5.621536930402372,44.70664216958317
0.5358347326491346,0.6474996246202529,2.1148454485462107,0.45404724786818,6.026266946116667,46.81297020144654
0.5358347326491346,0.6474996246202529,2.1148454485462107,0.45404724786818,6.026266946116667,46.81297020144654
0.1527138346657808,0.6501584220585459,1.771595554042575,0.5615845976189334,5.476582796832058,48.858201704561445
0.5333379394939906,0.5439372242272427,1.6536978509990423,0.3962605054261995,5.984030756048979,45.34324989527924
0.2645483003928802,0.579716128581786,1.6977229777403786,0.26324021567512224,5.6342424899372014,42.02407734182015
0.32936976627371045,0.6885308672807402,1.590076757977733,0.16606064041880922,5.580594758790619,40.02663376505912
0.3224105090773814,0.7174317443186936,1.80770118742807,0.22629244179186425,5.766531781349788,41.20021554071236
0.484487136418122,0.6504461753335907,1.946515912961609,0.4104170440380713,6.057066481400044,46.11786721665677
0.2700159729640852,0.6417510323124909,1.7929111553356891,0.4449453246317526,5.697597450108811,45.740608209239554
0.1346009635028993,0.5073925984173211,2.4780383324242754,0.4847068659254448,5.963296541631878,47.381288349964294
0.04544989109933817,0.5667260191461905,2.5406917072507396,0.4548161547291388,5.852656450265381,46.405987021390246
0.008615087203421967,0.48413333232324923,2.1420561081814116,0.41526578705267897,5.684009556427075,45.4356055896679
0.05510829512475257,0.46881002565766694,2.1613332632718376,0.4669633625731027,5.786517286745494,46.580273663687635
0.261435063467037,0.5315349738106251,2.132256553196547,0.43024798879590337,5.975259805673932,46.28178111548898
0.28004717509960964,0.5403567089522017,2.277505402417922,0.4852432517416875,5.95801149916886,47.2738902996944
0.4278574396390265,0.6474780205071009,2.2914890366553675,0.2353638374926257,6.057800401624672,42.54725161411047
0.13780628541321915,0.5832085166116292,2.203907874111587,0.1988111984103857,5.749130624705463,40.76492178369296
0.02201930474184155,0.5637154152012857,1.8336657406113626,0.2722471092612511,5.512729446658053,42.77444557325574
0.2281472664210965,0.6180670892460775,2.181570879844772,0.21943609672234338,5.813853858541891,41.201611459319096
0.2281472664210965,0.6180670892460775,2.181570879844772,0.21943609672234338,5.813853858541891,41.201611459319096
0.3358776821326961,0.7010336324012034,1.764545126751345,0.189628409826878,5.64060747700164,40.37664725448436
0.20082897146844758,0.6233287160110228,1.862406125212536,0.2718181626360208,5.630109759669815,42.26860902450364
0.20082897146844758,0.6233287160110228,1.862406125212536,0.2718181626360208,5.630109759669815,42.26860902450364
0.2711382078997946,0.6066918583580743,1.7017132409652298,0.2421725480194481,5.700074514748185,41.48545615811339
0.20771336099485854,0.6276503371015358,1.8876423519867376,0.15695721168649465,5.6759377999846805,39.798821140447814
0.5647039944026502,0.6842676646335005,1.9558759846605596,0.18134921760965014,5.992347658021297,40.85201295495416
0.5647039944026502,0.6842676646335005,1.9558759846605596,0.18134921760965014,5.992347658021297,40.85201295495416
0.5647039944026502,0.6842676646335005,1.9558759846605596,0.18134921760965014,5.992347658021297,40.85201295495416
0.22450829957645457,0.5887610393391625,2.0427685109627465,0.1895000634686239,5.72030957215633,40.50464315738055
0.05653625702803766,0.5778033333069389,2.1108267575530255,0.24112519897964171,5.626427464002212,41.75724523224657
0.39739858977675746,0.6461086903104318,2.180138623781879,0.24131111414676643,5.92681249926643,41.96573407765949
0.39739858977675746,0.6461086903104318,2.180138623781879,0.24131111414676643,5.92681249926643,41.96573407765949
0.07339786469840992,0.5801060335411459,1.9917770774739587,0.14245500030914698,5.528035202200745,39.95170774307756
0.4212348908329618,0.7118963261773503,2.3008385596392777,0.15858745403035596,5.967134825844865,40.434127350720814
0.4212348908329618,0.7118963261773503,2.3008385596392777,0.15858745403035596,5.967134825844865,40.434127350720814
0.4212348908329618,0.7118963261773503,2.3008385596392777,0.15858745403035596,5.967134825844865,40.434127350720814
0.4640550966243794,0.6859308642792102,2.084118526234422,0.38161366006373115,5.940970642557563,44.91818782124433
0.3674083061093347,0.6784680391318899,1.7787143669042162,0.5506572177948643,5.794520884037279,47.917623627618674
0.19850949229759368,0.6201575544370145,1.750249852563312,0.5669454107446935,5.653300533857821,48.40006309240715
0.19850949229759368,0.6201575544370145,1.750249852563312,0.5669454107446935,5.653300533857821,48.40006309240715
0.26428167335809655,0.5916054681377543,1.8287063085462472,0.37865401514982927,5.696727611438094,44.42632577513174
0.26428167335809655,0.5916054681377543,1.8287063085462472,0.37865401514982927,5.696727611438094,44.42632577513174
0.38062216736738513,0.6495710410411684,1.8382315266917777,0.262895009872877,5.830404350635646,42.068197813110025
0.1283906569750508,0.6492264734511102,1.8773960859461125,0.4199514032315499,5.6009086168018865,45.53068260337641
0.3562901290129281,0.5610799596000922,1.8703190934966758,0.31455684529018046,5.9150644604121325,43.37618155890589
0.3562901290129281,0.5610799596000922,1.8703190934966758,0.31455684529018046,5.9150644604121325,43.37618155890589
0.25483041086832536,0.5269965195148858,1.8059296541468401,0.2667201496661097,5.745060055137197,42.01012965362503
0.3451542259704796,0.47713629824676573,2.251687621279663,0.32077115794909267,6.147042665576649,45.062040565250356
0.19921395684516463,0.5129577363194476,2.273346190552961,0.5370891196369727,5.904671573273951,48.05234100315383
0.19921395684516463,0.5129577363194476,2.273346190552961,0.5370891196369727,5.904671573273951,48.05234100315383
0.06455259820639403,0.5113857575155393,1.9867589528299905,0.44781424425353905,5.642119417297302,46.0140567149636
0.11495477980258895,0.4959679758955852,1.8063820974964246,0.6499976575310451,5.692887249709745,50.14007726743442
0.09285387746255347,0.5500873609591915,1.986018222414943,0.5997875127577766,5.687719798701847,49.23954090262168
0.3400215281085985,0.5786073153146317,2.2308415169463065,0.4509605452207863,5.984905879743538,46.62945330509739
0.35577079735809963,0.5565506823557952,2.0877446807231457,0.4196626802697981,6.001124671976024,46.08179408550537
0.3799990550925797,0.5968707017944672,1.9834250775326336,0.4182621740646698,5.962998906941111,45.734751336032424
0.5367078866363861,0.5761335767373856,2.1717033133917996,0.42361904986839544,6.153620639995203,47.12271946172541
0.5367078866363861,0.5761335767373856,2.1717033133917996,0.42361904986839544,6.153620639995203,47.12271946172541
0.046937316210975744,0.5562819336052546,1.806966993414989,0.2253201914922342,5.523948170389152,41.695503963601176
0.6052600954623715,0.6172960007894602,1.8265393842662117,0.24562751332561605,6.0013518179520835,42.194849459643606
0.554500854319376,0.6359430299575021,1.759605700979359,0.19772001717137563,5.983991774204142,41.21904942849467
0.554500854319376,0.6359430299575021,1.759605700979359,0.19772001717137563,5.983991774204142,41.21904942849467
0.4067591138688292,0.565921963025492,1.722210664160422,0.12517478187679912,5.798419446818311,39.09201459106307
0.4067591138688292,0.565921963025492,1.722210664160422,0.12517478187679912,5.798419446818311,39.09201459106307
-0.041219610816175645,0.5831123409258636,2.031664070614709,0.45995911210341345,5.414793213712491,47.13972598183925
0.4442835778628211,0.5758584788140375,2.1796042759698984,0.241973070649023,6.011780988266016,42.37876787876676
0.20844281714406626,0.5390579662968393,1.6055251163271682,0.247273093649731,5.599731229504568,41.888738031281996
0.43143386273088846,0.6193657905901564,1.856117691149575,0.26986646660554975,5.81048954964127,42.04329051893908
0.04878807125449636,0.5776076396301104,1.7483153288302438,0.3524158286804901,5.3875911345350325,45.09712433851009
0.2563569708969447,0.5919913226974284,2.043912001583908,0.4142067220205085,5.842989365912517,45.33186516287465
0.2563569708969447,0.5919913226974284,2.043912001583908,0.4142067220205085,5.842989365912517,45.33186516287465
0.4062770815841155,0.6491626542065727,2.195673356041574,0.32642025167907307,6.005999761452745,44.082981229976625
0.4062770815841155,0.6491626542065727,2.195673356041574,0.32642025167907307,6.005999761452745,44.082981229976625
0.12177760149006245,0.5885241038947369,1.6691322184450652,0.27045048038371106,5.603725438675901,42.29760174791501
0.4849220554359037,0.6219557316817175,2.0101800876699203,0.35721518027391513,6.086501158274862,45.28065135441615
0.20190578112975338,0.5639891825136455,1.9932576257889927,0.29956051789965304,5.719852219415143,42.83646434914061
0.16177387608365607,0.553035536389347,1.9247564301844182,0.39142903867935275,5.747950471987076,44.78740813116212
0.16177387608365607,0.553035536389347,1.9247564301844182,0.39142903867935275,5.747950471987076,44.78740813116212
0.35627617341422224,0.5512569787355374,2.147495369992538,0.4173599020795902,5.983156819030595,45.94408734397486
0.3635722105338017,0.6227277027360986,2.008298684044775,0.2970657649762133,5.896178627290035,43.01951170786301
0.11334783019600769,0.5582346101966087,1.9545828696590941,0.35622026614713664,5.679316633387897,44.11194911698913
0.36148685302096756,0.6436391340309667,1.7371763666000013,0.31084879974419677,5.806711934389895,43.05515433951669
0.1953199417889422,0.6408383898177611,1.5606776841185939,0.37820379072814075,5.554987318172972,44.63880589215995
0.6574828496212533,0.6420627618033128,1.8168028230361968,0.47103223706095887,6.1420991545495465,47.84657772526807
0.6574828496212533,0.6420627618033128,1.8168028230361968,0.47103223706095887,6.1420991545495465,47.84657772526807
0.22592764686626576,0.5270108454968324,1.9162471433243429,0.27298920620175965,5.776803203960706,42.26094454365837
0.22592764686626576,0.5270108454968324,1.9162471433243429,0.27298920620175965,5.776803203960706,42.26094454365837
0.22592764686626576,0.5270108454968324,1.9162471433243429,0.27298920620175965,5.776803203960706,42.26094454365837
0.45444171750769363,0.4920256717169244,2.049572112414197,0.3975735201841678,6.133917427018338,46.49030750497862
0.45444171750769363,0.4920256717169244,2.049572112414197,0.3975735201841678,6.133917427018338,46.49030750497862
0.1234525649436562,0.46665837861695114,1.9989917053959343,0.530861765913029,5.679396254278701,47.91114656465149
0.09938395176686499,0.509563806093022,2.0363041326082847,0.3157184936175047,5.67895696619739,43.2183667608469
0.09938395176686499,0.509563806093022,2.0363041326082847,0.3157184936175047,5.67895696619739,43.2183667608469
0.2486488136632431,0.5365308866152586,2.0210459359454296,0.6292439990751459,5.96703282368903,50.3212424236905
0.42801397153296206,0.5966441226545521,2.4127797491168224,0.3929001138748782,6.174383063357091,46.82113599948635
0.42801397153296206,0.5966441226545521,2.4127797491168224,0.3929001138748782,6.174383063357091,46.82113599948635
0.4775002334710004,0.6242120903606865,2.123718632559851,0.3506819554178293,6.082332613644992,45.04340712063599
0.4156086815031353,0.70877586138463,1.7719571431564185,0.12360531332719268,5.759521003261954,38.94390015766661
0.4156086815031353,0.70877586138463,1.7719571431564185,0.12360531332719268,5.759521003261954,38.94390015766661
0.20350374489823275,0.6042473539371933,1.8748563871435158,0.23800250336394688,5.607053104923929,41.620565703528946
0.3595298104003953,0.5939388377396688,1.728627785473793,0.3484414054516197,5.751144380739316,43.76351381776562
0.14978021852570944,0.5512083694161705,1.6110600287428427,0.35226625997184696,5.468411301371802,44.56659658168154
0.3841585075569519,0.585381563534554,1.8842608431562704,0.20092676105646495,5.829374774553581,40.78880164753841
0.09461568717907642,0.544483104913986,1.8816449625677953,0.23224760260221208,5.573049530278963,41.682526799349475
0.4277457551098975,0.5772275496195574,2.1530530376444164,0.31687631348164713,6.0036491185336045,43.92932223964875
0.21219462495626595,0.6083378690263381,2.033917318595328,0.3401334548678049,5.704808232936154,43.63454819176206
0.45139314233652794,0.7198409102923162,2.1418707065659897,0.36359937072677423,5.952090570932345,44.59002728766679
0.3852892613014275,0.7100011593533444,1.9573366942046813,0.20086262930075427,5.7801010145362595,40.66536562353403
0.5053554296710768,0.7168700091922365,2.0501267064472564,0.0885607289365081,5.931653802184039,38.62914325990419
0.024743940354182814,0.6550495892713047,1.8094520749735366,0.40559555966241,5.384804594115946,46.22698575633065
-0.0200871730353247,0.5803888382062218,1.750485185340648,0.4472306164397767,5.411915843220853,47.000129892585235
0.2916331677892752,0.6028425332556292,2.0718812201774646,0.34560128732335693,5.930022406893455,44.32381583773727
0.3692817100665424,0.5959521931956651,2.1928723855001766,0.3027592265179597,6.039504892213979,43.97834691236604
0.6382969705166472,0.6744327092286613,2.087060787869687,0.3277974860670544,6.113505767012743,44.756199080197135
0.25228053460103445,0.6165529447361788,1.9321220076996664,0.1364370972623016,5.747714350395709,39.40448858840573
0.36678513777122224,0.5619386764787352,2.121769066210468,0.27399214864438604,5.971502165193715,42.88022184005778
-0.036236696724474604,0.5223703929305689,1.973802969512305,0.3848334786907612,5.594812253474914,44.8484814398022
0.0670391310276588,0.5256848437157021,2.252409667209912,0.39222781634276066,5.791674412222738,44.88412087948835
0.10180488772979845,0.6063126444496003,2.0618968915644866,0.3812451498939041,5.628247787195911,44.527479870555375
0.3328771131912122,0.6305281632433914,2.2277992190129665,0.3983596235391192,5.968396795663256,45.41128160680029
0.20702122159300296,0.5829160968085676,1.6550162364886016,0.3453288358293704,5.609729406009644,43.88717704008103
0.35578499989275664,0.7226601025468904,1.6310031117097672,0.189814058113764,5.647313238930664,40.41835035375694
0.18334766115192147,0.6348237560726046,1.7324796188870637,0.39603811391042293,5.5712347834872595,45.01757317927018
0.3746702068355247,0.685890867929193,1.8434543785096784,0.32134155910111073,5.816109928826863,43.21362299309075
0.3746702068355247,0.685890867929193,1.8434543785096784,0.32134155910111073,5.816109928826863,43.21362299309075
0.2802046666922527,0.6812809093110428,1.817138024527825,0.17595072978077944,5.709567308003334,40.16492095104383
0.5870767667996133,0.6755139157079627,2.2165430744223356,0.27776145913739264,6.227312929381699,44.77929406679327
0.13829539022952564,0.502376321152204,1.8387893456365838,0.3532636399169566,5.725585621674125,44.068879171702
0.5719018243511574,0.6258474549380019,1.9045185763284564,0.30309181457650464,6.1365668295286815,44.45475915984158
0.3973137670780882,0.5118468738077583,2.093969572193525,0.3407033105556762,6.137686025966135,45.46032836609421
0.49021591174530593,0.6046474583138008,1.9421561771123945,0.32959084016064194,6.028034878330002,44.323694169600536
0.30176322704342223,0.6230531856357315,1.9733137729163044,0.41072816784780475,5.828392046938715,45.22174509114162
0.2139965431697693,0.6065939272377572,1.7712507966659579,0.36328727186750287,5.674532050327001,44.16455013114004
0.5325073184301348,0.7082586550182205,1.6997221628434267,0.3587906734967411,5.849590180201027,43.87814135024527
0.3385699630361017,0.5900251644554425,1.8163680461116525,0.22552556989098474,5.708072472626239,41.17466892459533
0.3780648954285333,0.716186384127924,1.897414699802153,0.3479256050742356,5.738739357298887,43.619425859173575
0.20964914394573336,0.7520656259752116,1.6454429655343663,0.32521110484011745,5.445109845244216,43.86687844123669
-0.08985562148860882,0.5761494949215245,1.8949472200090216,0.45972852459725555,5.351918929183355,47.54796798970447
0.5158943996409491,0.7137576570103287,1.962646708688158,0.5887874883112549,5.870197766360138,48.740678872365365
0.5158943996409491,0.7137576570103287,1.962646708688158,0.5887874883112549,5.870197766360138,48.740678872365365
0.5158943996409491,0.7137576570103287,1.962646708688158,0.5887874883112549,5.870197766360138,48.740678872365365
0.3075103745323421,0.6906418248843222,1.9088518691449188,0.6859633066611854,5.672910843189609,50.60121456651522
-0.16238739661262103,0.5371040070258067,1.9265176682136542,0.6069923028304123,5.320750687492032,51.07373319436951
0.1685228752209087,0.626642068115191,2.3600065992765686,0.4531432589642669,5.862958377107857,46.230642809822804
-0.16196286204957355,0.5700988262346057,2.377667702408381,0.6497534766996826,5.662592800276218,50.323327258940225
0.2429398781912514,0.5372983510924878,2.4778993756099834,0.5851907042032224,6.044502502310423,49.98349910616019
-0.20075766626144842,0.4288601352030264,2.1098563307140363,0.790712920970719,5.474395217779601,53.918698939665624
0.3431304627529158,0.5803815323206427,2.0368974308596273,0.36885799362585875,5.825083847401412,44.2602061161019
0.15561270104149916,0.5708338111690141,1.884458455349832,0.2554919567389877,5.609231671232751,41.99710629701451
0.02643307930205474,0.5746479011622245,1.8174513240887264,0.49687484342855576,5.443341280173934,47.768769210508445
0.21464738408469058,0.574970632777263,1.884424846448984,0.46822560108047817,5.641397300054539,46.3536881397879
0.3410355712677135,0.6066045883781565,2.045859025139121,0.386461495669014,5.853645934793992,44.711777008815424
0.4007679898538772,0.7539104569556858,1.5289741558862215,0.3967227556508919,5.6380686280821255,44.68160952601888
0.645913862318708,0.6542878337676031,1.8036389286423458,0.3503823288082914,6.048745785788448,44.84760584892261
0.645913862318708,0.6542878337676031,1.8036389286423458,0.3503823288082914,6.048745785788448,44.84760584892261
0.2249553686222242,0.5923606517406447,1.8622254939837526,0.19497764483010277,5.6231834865465045,40.7183294372812
0.36646768772522653,0.7058549128961201,1.7878713946973068,0.4671017989040386,5.8023077412309,46.144549976523955
0.36646768772522653,0.7058549128961201,1.7878713946973068,0.4671017989040386,5.8023077412309,46.144549976523955
0.6371981409935745,0.744185334898992,2.163334951954161,0.5797881898519861,6.128436847376676,50.11812820465406
0.6371981409935745,0.744185334898992,2.163334951954161,0.5797881898519861,6.128436847376676,50.11812820465406
0.45605945102051626,0.6052780281927218,1.7585637362021038,0.3082867046152212,5.851229798453012,42.954525105985816
0.45605945102051626,0.6052780281927218,1.7585637362021038,0.3082867046152212,5.851229798453012,42.954525105985816
0.45605945102051626,0.6052780281927218,1.7585637362021038,0.3082867046152212,5.851229798453012,42.954525105985816
0.2892291611678744,0.5966776869633893,1.818639772986031,0.5083978669809176,5.756243051739462,47.06257730491838
0.16778092388426868,0.685889912553704,1.73564834023558,0.6112456407165565,5.526457119087193,49.43582699825376
-0.19708087561259513,0.458966368819457,1.8066766670509724,0.4036165699650162,5.409743948948732,46.076407297514606
0.18479352817843114,0.5924706613172728,1.8724001653369953,0.16285626880175122,5.687890540144853,39.985043619281996
0.3632960067215113,0.6623090355055036,1.896032129884704,0.14117529437553059,5.800143907353835,39.434488442866424
0.11031753434479635,0.6546601407965514,1.7135358780269871,0.11335285342930948,5.451037767480361,39.60140607978782
0.4710387885236202,0.6225312256009298,1.6014266373480102,0.3465707087081241,5.820924206765481,43.61481479038859
0.037699330991987745,0.5894910370511842,1.6537061652609235,0.31437686002241444,5.388618112555206,44.18820274362183
0.5725830799895169,0.7441377511722832,1.9492511659495229,0.30952482888318256,5.997630532342173,43.48106148603909
0.10495412291946521,0.6361508334809771,1.689158731438868,0.42801491423229876,5.4583238435996835,45.998251329411644
0.27957980625745393,0.5701412830240489,1.735354150275482,0.39611426457972315,5.737077188016595,44.682664648299465
-0.021579224311535028,0.5423723382874485,1.815671739228328,0.4334844824133073,5.474413905116191,46.221321778972126
0.18295173610389287,0.499438760425598,1.6911301921075634,0.3689601854555847,5.680394886276067,44.29980207794197
-0.013410504200764561,0.5782344115419294,1.6069639388139647,0.28042001126542376,5.3802937992916355,43.54799104154374
0.4485171335209426,0.5853907077775155,2.194433044562218,0.3235773653182657,6.122341957676677,44.81112853318986
0.18463394512704046,0.5291791837977442,2.4963641141636983,0.42837962835336707,6.009728328523055,46.5106808429856
0.18463394512704046,0.5291791837977442,2.4963641141636983,0.42837962835336707,6.009728328523055,46.5106808429856
-0.027728215028000047,0.5218880675034142,1.8877468481714001,0.38486575950809365,5.487402217433651,45.23006702035991
0.22374956212042474,0.5618284023598287,1.8522103192578994,0.32814799424097085,5.736877279781293,43.34648474900623
0.20837553568198963,0.6933916631159726,2.060163456238774,0.1849130071119624,5.6777049793349095,40.414024814061136
0.22156511123671685,0.603238984848379,2.118963012302916,0.2761142662907051,5.793818416153803,42.44399466481531
0.22156511123671685,0.603238984848379,2.118963012302916,0.2761142662907051,5.793818416153803,42.44399466481531
0.33567297920623174,0.6773805283053551,1.9989262890813313,0.19226527093210705,5.769345840864148,40.50008366417975
0.33567297920623174,0.6773805283053551,1.9989262890813313,0.19226527093210705,5.769345840864148,40.50008366417975
0.3963092213416077,0.6387704143831227,1.847099767466632,0.18901374306427973,5.82154550451972,40.45962653828766
0.23080684629514336,0.515788387671732,2.128193398419715,0.31115353257796186,5.9529704804332955,43.66678437320801
0.5293906181639279,0.5352938222230732,1.9627323882109051,0.3353963537529766,6.185572743153266,45.60823814014995
0.44213941965221293,0.6062498498813835,1.8302348633368328,0.2648935550630565,5.906681737645036,42.24502488618339
0.04451154904493293,0.5417485924172503,1.7145007482377121,0.3020906497211067,5.404997688661524,43.89597358070002
0.459260861022119,0.5178059576711955,2.0201692899001387,0.5200711003434081,6.10654210081833,48.91338454248179
0.4895145039651388,0.6678066544014731,1.8953258413642653,0.20496181340489383,5.910161541905212,40.98497503148358
0.23835874721927086,0.5945644832324657,2.148081611413175,0.301070159548611,5.821468270119967,42.94703848574106
0.1492996397832611,0.5909674601280295,2.045149931208988,0.2800238124021808,5.6526028906589065,42.473006786659695
0.23733613997554148,0.7181088663960057,2.0469510362792374,0.29949626372577187,5.62915822603452,42.79558174920934
0.2645774346374312,0.6853896847285047,2.100049674572094,0.35239670093154635,5.725675754085206,43.8455596968936
0.1831929944502716,0.663063939099178,1.98632075992441,0.45168786016607476,5.608032948963721,46.078663365996924
0.1879121842268412,0.6421965574425285,1.9534609073312614,0.2072560788053953,5.606856239378242,40.99442530687608
0.27745505246029334,0.6649141597530521,1.671103081343981,0.22229188709455952,5.62308904106884,41.17920516800996
0.27745505246029334,0.6649141597530521,1.671103081343981,0.22229188709455952,5.62308904106884,41.17920516800996
0.24765630936671656,0.6388731506186278,1.662454871934377,0.3351792290448948,5.649413020294167,43.4722747895082
0.6869971840543738,0.6480345091982628,1.9281555271184507,0.2603192009096998,6.19550279788198,43.97601553663274
0.20081184269061447,0.617207026715872,1.9011170044361705,0.3470555798548098,5.754400266535258,43.793867615686366
0.23714280260581666,0.6054955752426878,1.7861712580236584,0.3018073883246782,5.7050138949116675,42.779594996525866
0.3383089212400842,0.6422245906967653,1.9691743163812174,0.3801412473753055,5.853008739233173,44.606888514663176
0.3295841563919697,0.691958332756669,2.0268125565808046,0.23739472031576755,5.741465370557531,41.44008360276629
0.14360860630650352,0.6203154515313256,2.0132284589768314,0.32011621490055775,5.590703463252138,43.38325885857644
0.036855301960993736,0.5669631306310483,2.321404600688459,0.5531654528522412,5.714606275796816,48.203242571883045
0.2070022079911228,0.5784011458947784,2.024342413122251,0.5813767465936905,5.747374224105818,48.69557063607536
-0.09726892508493068,0.569409593473274,2.0068950537847616,0.575894216584371,5.542442458988246,49.08848638682904
0.13754952818986388,0.555117222550343,2.1919957421208554,0.379292199162752,5.783378327010048,44.643808044176915
0.3942869459212708,0.6430966852527422,1.9812802028867154,0.4788255099682551,5.928256922419819,46.83775951227869
0.3942869459212708,0.6430966852527422,1.9812802028867154,0.4788255099682551,5.928256922419819,46.83775951227869
0.08022964465725835,0.5486207202517414,1.9352195513655879,0.25345299945558747,5.582095305895614,42.0565963854557
0.27201005860753946,0.5700631573886931,1.9926691883336005,0.19741074311482584,5.780355977505243,40.69437792106157
0.2883519606768591,0.5746107442398576,1.8556475049911725,0.2708275350705843,5.797778975774598,42.31293017742071
0.16652270974462935,0.5388503136460113,1.5235475090415147,0.2710815973767068,5.487729338900298,42.64989591658387
0.43426234397791436,0.6126764226168038,1.7301424453553873,0.31916808947821357,5.805652953751471,43.02957464624
0.42902005417216693,0.6731432352506378,1.793127228534415,0.32403313143879253,5.7680536850015685,43.027089492844745
0.46285747190838866,0.7090209887132105,1.716731881600784,0.30714212683967035,5.743420787988038,42.64633204853634
0.46233859831728297,0.6165771156701816,1.740566278298036,0.3216233052776582,5.842384726942309,43.25369621126118
0.06285594523750437,0.5120575616394486,2.1454464425403135,0.448330473757699,5.690770808287079,46.098935152466645
-0.11597857654020838,0.4030699056898153,2.1519243969236235,0.581921956523358,5.715556525185465,49.064627708829285
-0.07871075411856487,0.5354763421470584,2.236063513225003,0.4871111581783306,5.672971758707855,47.0126590818072
0.25586352844490723,0.5987825289635694,1.817294269139019,0.3075237283185532,5.748462680517849,42.95491256968902
0.25586352844490723,0.5987825289635694,1.817294269139019,0.3075237283185532,5.748462680517849,42.95491256968902
0.15284744967903263,0.7003050943356042,1.6777157840562134,0.31271362606684894,5.418384098036527,43.75813260943589
0.33899638873536764,0.6714946585597494,1.5941734309101594,0.2570896733134494,5.597362071054924,41.8197373810204
0.20569650748028206,0.6311680824705185,1.6389036462292694,0.2694742190760603,5.497898162772621,42.49102633489708
0.03767314230661756,0.5177947280853624,1.9419620908709943,0.665145318908764,5.662894422954348,50.644484064733085
0.17140924876443475,0.5489954279296066,2.203815894593763,0.6560539105266198,5.8544047710161315,50.45610089623598
0.17140924876443475,0.5489954279296066,2.203815894593763,0.6560539105266198,5.8544047710161315,50.45610089623598
0.13488312881561282,0.6900544876972716,1.7535625537225425,0.26337031013126,5.471626841546037,42.566937962606296
0.09081566320183798,0.6608960757869692,1.702111526555678,0.15696510936499788,5.416742468780396,40.70724746188022
0.7095240396213731,0.6477169268773695,1.7685509075129877,0.09368248431366472,6.093379368327261,39.560882150085824
0.7095240396213731,0.6477169268773695,1.7685509075129877,0.09368248431366472,6.093379368327261,39.560882150085824
0.414782773306729,0.5676199713513479,1.800443185300975,0.20955155106110956,5.804560366750002,40.86287495265713
0.414782773306729,0.5676199713513479,1.800443185300975,0.20955155106110956,5.804560366750002,40.86287495265713
0.414782773306729,0.5676199713513479,1.800443185300975,0.20955155106110956,5.804560366750002,40.86287495265713
0.3089639653069723,0.5326721117226251,1.556273018015586,0.22946168681274673,5.68225975651288,41.228068794221706
0.17033637024250964,0.4414398745522526,1.8234558081235779,0.5239839344929911,5.7908154642685865,47.53860632198365
0.17033637024250964,0.4414398745522526,1.8234558081235779,0.5239839344929911,5.7908154642685865,47.53860632198365
0.36601180358970037,0.6005007993407427,2.114574014854915,0.48672662621620294,5.98097533750721,47.29811003802183
0.5422732603183711,0.635109922808842,1.7552686022550665,0.26972494669745206,5.997403294834216,42.7627237041519
0.5422732603183711,0.635109922808842,1.7552686022550665,0.26972494669745206,5.997403294834216,42.7627237041519
0.5422732603183711,0.635109922808842,1.7552686022550665,0.26972494669745206,5.997403294834216,42.7627237041519
0.5422732603183711,0.635109922808842,1.7552686022550665,0.26972494669745206,5.997403294834216,42.7627237041519
0.3544815019741199,0.5007959072021815,2.0495759134928324,0.47934985614520353,5.993973568703834,47.194145226120796
0.06549759646140585,0.48386885691166825,2.0522694105165487,0.3454594185745047,5.712467172641186,43.865779701820266
0.14944953495120095,0.5117887430031063,1.870445733735441,0.1994666154813497,5.644439090697404,40.80512683193608
0.34957454315487074,0.49099378393358506,1.8805209013934419,0.29052614234801044,5.9470498364278725,43.07518426633143
0.34957454315487074,0.49099378393358506,1.8805209013934419,0.29052614234801044,5.9470498364278725,43.07518426633143
0.24717061418444702,0.5557463235415272,1.7593794337302873,0.49310213642266987,5.7364947842871565,46.7407826662544
0.24717061418444702,0.5557463235415272,1.7593794337302873,0.49310213642266987,5.7364947842871565,46.7407826662544
0.03639180447369117,0.4841137117955853,1.7257908016360326,0.5221555793982716,5.560960313692522,47.853524436927664
0.48849457704695814,0.6332148215730791,1.918502480950517,0.3646672468869647,5.97045493305441,44.63853890883669
0.2531861680103267,0.6115802102111195,1.896046212968618,0.29852682797979013,5.698085825648963,42.71437389672681
0.018968272333156122,0.5285138234948277,1.833703383666429,0.28065478128651444,5.5356406077746465,42.82608560726524
-0.03171577265826564,0.5092900848376593,1.8303236497915933,0.37019482093678896,5.492729464073826,44.84285391777728
-0.09763139250371478,0.5654074676865161,2.3217998510314732,0.46468530577160283,5.577523193535431,46.50217857266099
-0.08086231414003009,0.5683912984672066,2.080301667933793,0.5750227371428402,5.529863230667824,48.927979462384
0.3520234346095799,0.6302661987740649,2.14786614027988,0.1251059870547889,5.886886787994253,39.34344232337206
0.3520234346095799,0.6302661987740649,2.14786614027988,0.1251059870547889,5.886886787994253,39.34344232337206
0.2838796778670258,0.6557314026011272,1.8529372917557283,0.17492566434761228,5.6866591375935664,40.12285503297853
0.13959352025543947,0.5912465178106506,1.9686523825181765,0.3277065337517504,5.628856850652424,43.43510584594874
0.26397786595476713,0.5459232421620466,1.9707761953894884,0.5087026682606443,6.068244507203892,48.413647738151376
0.040896435724443125,0.4875389241552363,2.2189449027207453,0.3115511377609284,5.888080837569186,43.51785162418464
0.040896435724443125,0.4875389241552363,2.2189449027207453,0.3115511377609284,5.888080837569186,43.51785162418464
0.2586358925451967,0.5568776960742021,1.7797918553822418,0.4040491604080642,5.7458728780414905,44.92948366389397
0.3546993849586224,0.5282613118193894,2.0062908245870057,0.4448501250763408,5.901317798827877,45.9229379681155
0.3546993849586224,0.5282613118193894,2.0062908245870057,0.4448501250763408,5.901317798827877,45.9229379681155
0.029764211363837445,0.5848636938201578,1.8834769242914515,0.29328305848495273,5.43046357899831,43.46010317725283
0.5115320837637582,0.7038595169109032,2.018566584345242,0.17490628945133907,5.93146391209349,40.41595990629691
0.14271084199594952,0.5936320678800444,1.824298260146053,0.30291023286068663,5.55469366282781,43.12212989226735
0.012462810223715315,0.553632487346776,1.7290752317868958,0.25467960511177046,5.404906213451056,42.847266567221666
0.16554096882036862,0.6326163567067938,2.2021086402451546,0.41833920129370367,5.709250351884643,45.30017642554285
0.6214216673199549,0.6984853932337172,1.9284133428103736,0.4233095512226516,6.030633239408462,46.087974797883476
0.6214216673199549,0.6984853932337172,1.9284133428103736,0.4233095512226516,6.030633239408462,46.087974797883476
0.5291070553192618,0.658722399927957,1.5456313954790213,0.28652606650699564,5.786099683357244,42.23802156250741
0.39815308793356585,0.5952524219395882,1.6968555224728672,0.2631790625846355,5.753195162648189,41.801235263856526
0.5472552342471299,0.7257762047956999,1.791566277790533,0.2287857564865617,5.877805038576467,41.24918016075796
0.5854698467251864,0.7380704942949293,1.723340784814931,0.31595664544841506,5.912396834805384,43.21592986107001
0.28706433443303286,0.6248093197682477,1.6932697498133202,0.46058332264684626,5.68654409834052,46.005963288573945
0.26545662213725757,0.5950092598322556,2.086257764875522,0.402835838161616,5.835960130744054,44.99416267352109
0.16792029796708557,0.5810342301035254,1.9500296541319906,0.4319573512649669,5.680746930932341,45.529544746322905
0.0689314012413843,0.5679712315280654,2.1975152266258853,0.15757521566401084,5.662148659949402,39.935313906423815
-0.000873990744214459,0.5061751968479226,2.089229795485901,0.2602032983492246,5.6158355250606204,42.1824910041285
0.16015150327614347,0.5752407166897106,1.8308099439890337,0.14259848612444787,5.590926289204878,39.68034145334463
0.0600221161825526,0.6153572724536961,1.9356651735362131,0.20014535862334454,5.536485974527134,41.09480382611722
0.072133543429861,0.47595739067316095,1.9378123074820175,0.39731235501977014,5.719886518122728,45.01858105288688
-0.19634726546742953,0.5150027714224631,1.9149443804539308,0.40240521261134743,5.397659541225565,46.16788719784672
0.18719688896316355,0.5085156485591493,2.073359279916628,0.4300674299134372,5.8608187723713225,45.80296153688532
0.23085403242358388,0.5756561002682193,1.9313321343928398,0.20435322543472964,5.714258397772629,40.77713663987507
0.23085403242358388,0.5756561002682193,1.9313321343928398,0.20435322543472964,5.714258397772629,40.77713663987507
-0.04990242926890598,0.47701537132851257,1.8588362834389636,0.3041075383929906,5.4569611439322045,43.640162233143165
0.11673371536667043,0.523677694555168,1.724279803317074,0.31770906572368246,5.5561306185688855,43.43988760099318
0.4179960824632644,0.7214691523412061,2.0627535837174267,0.35064694625426646,5.8451778405859125,43.85339560934032
0.4179960824632644,0.7214691523412061,2.0627535837174267,0.35064694625426646,5.8451778405859125,43.85339560934032
0.4255624436501041,0.5846537407992316,2.1333005495525335,0.3345491271784391,5.9993639184128185,44.205881639181335
0.33578762367650816,0.6041591369499747,2.2424809409942656,0.37345697483363594,5.950963520656768,44.8275705383147
-0.03906389847870617,0.5143049997144988,2.102429339934731,0.3334737333206801,5.5322312320579305,43.988458474462654
0.02555600574144412,0.516264274119848,1.7228515900379386,0.30225346997464264,5.498677823748775,43.46013714573238
0.4215886114439245,0.5407824820045671,2.1245222424139176,0.24767479242376356,6.032609299014177,42.71250236021753
0.10807828147649656,0.6001507000369476,1.8515108374450582,0.21413971645264945,5.493266669848753,41.4774626357842
0.5045586812278533,0.5873200082220712,2.0346340898279163,0.3682520537857932,6.039249305432638,45.1989386035448
0.2960939003841071,0.5272574012326403,2.0702849389671565,0.34434386074798934,5.911959577679962,44.19683312033231
0.036166425703539895,0.602163040060522,1.968370373856382,0.31376675447385455,5.501875776306237,43.64015036213887
0.13479164123874,0.544518260493181,1.9558891802306642,0.18503955772697342,5.669021647007746,40.48135342302637
0.15957988166558157,0.5327620881520486,2.041413620660667,0.2531822220773235,5.799448454055112,42.01609790805118
0.19634777393085434,0.5593777182857674,2.0394664293525735,0.19805439913029907,5.740287491891806,40.722569670519654
0.3711643861345217,0.5582427533060011,2.0018338251605243,0.1385797526625912,5.911113077633999,39.750175268144446
0.23124700773543616,0.47184674773509716,2.0715064095430193,0.4616047562007758,5.877030435090531,46.517291002283265
0.2405560460782336,0.5757326882746808,1.7976361145782072,0.2887866725500934,5.6094647799542745,42.527338152734906
0.19159052306179147,0.4789008564817951,1.711738229132946,0.35979730494965934,5.6691915445795305,44.08456493034817
0.25448894040355413,0.516419216587467,1.7556140759368302,0.582148063137983,5.76438678471882,48.6879008695722
0.3208404991738494,0.5202101762002892,1.9106483421309994,0.25989929484533003,5.893858895460814,42.2547940830458
0.4886623801974223,0.613659261358997,1.9435131482191468,0.27146798484868606,5.946657174069296,42.52179596668107
0.3217017586463789,0.6198120555502846,1.6946104823364538,0.13091766185257672,5.664248861824872,39.17429261294097
0.4500881090796116,0.5602142942645464,1.9128390217543656,0.44912398486588667,6.0470211149148865,46.88679536912976
0.4500881090796116,0.5602142942645464,1.9128390217543656,0.44912398486588667,6.0470211149148865,46.88679536912976
0.4269690497873921,0.6173178374950946,2.0176129627653965,0.4995880495440243,5.9763498898775484,47.598223364722834
-0.05018675766660319,0.5611983626059822,1.9007924751858243,0.45353722252647477,5.4636475341336475,46.75248523599149
0.3083282712613755,0.5511724044701457,2.13971153621043,0.20600055961623434,5.970795112540025,41.45818195817468
0.3779700790493747,0.6457020422159,1.851903787282898,0.37984468820739337,5.8240363054796465,44.461978577604555
0.12642797914781018,0.6744514415470854,1.5610329975934167,0.15768923082724187,5.353593642596504,41.090509129890584
0.6817973262539039,0.7210680640076083,1.8652383993233455,0.16131124232298683,6.087263587034495,40.95099812414827
0.6817973262539039,0.7210680640076083,1.8652383993233455,0.16131124232298683,6.087263587034495,40.95099812414827
0.1781976959178298,0.5613710914582911,1.9071533877010067,0.28477897728535917,5.662185770957055,42.55276507776538
0.5763289044572875,0.5805819588402035,2.0369330216554746,0.4058904908898222,6.127243199486863,46.576797739695365
0.279141139792155,0.5711371973177662,1.8949920807283829,0.29321900769371867,5.690550997985356,42.679180308540914
0.21450352872691825,0.65906911523391,1.76276170268096,0.26035190123203367,5.500342557848865,42.40286992271986
0.2132916265925544,0.6019383225347478,2.050701099541787,0.42240238731061724,5.7023543955543765,45.40810895196826
0.4048192857370066,0.7053716921033955,2.0720511111828497,0.3377903081338644,5.887910634779636,43.76643018480265
0.14804043970487551,0.6425621844647808,1.8590927897918452,0.25460377689684477,5.513809859537041,42.23630706442784
-0.015596528996411063,0.45109294131388356,2.017607308390331,0.3086228041483218,5.636010579650201,43.27495957224428
-0.14735556412949413,0.5192511499426562,2.0460798860028424,0.24486259685398992,5.500229986633656,42.370395636903794
-0.11592420730243314,0.5101954528283874,1.8022375493260205,0.3560399260408087,5.37390753119931,45.360432434155875
0.2883284292290206,0.5916046181908861,1.843211305737706,0.24541148130905724,5.711633178080037,41.65974049781143
0.23636040040333567,0.5495138113346829,2.0070942632754947,0.35986210352319575,5.7485530652554555,44.1183107357561
0.23636040040333567,0.5495138113346829,2.0070942632754947,0.35986210352319575,5.7485530652554555,44.1183107357561
0.032969060216924584,0.5855459065811884,1.7805364982375846,0.5942556956473406,5.518940705954959,49.372171376418336
-0.24406672280933916,0.5024355949104615,1.818873217528871,0.4045106813358741,5.214320442937978,47.71044558164822
0.4436380992509628,0.46434847198349205,2.127940104938404,0.4226125696591018,6.174316772901495,47.40843572709064
-0.03058022877130706,0.4572267086881478,1.8438102086299313,0.2807666994444983,5.495874286653944,43.07737180862916
0.12212177059210755,0.565824087859997,1.8269794999028668,0.23895942678943866,5.579055132376965,41.77710593440639
0.3779859936318862,0.5876362309718001,2.2218518858739547,0.35788787078257295,6.1055256738466115,45.61347277050356
-0.015314607326787577,0.5511882645158791,2.0673429179723297,0.42731689354451596,5.589924352934736,45.828813919668164
0.363256837063024,0.6677570051719149,2.1500918031665335,0.2252920684363288,5.881095698454325,41.454859368768126
0.37516576522699774,0.6423469362316746,1.9168688791752397,0.22999434694830373,5.92777223860999,41.71555150162914
0.3301399508772024,0.5848610030650835,1.9821990798925362,0.12654382207451773,5.783365699540172,39.17833465546821
0.1839388123285025,0.5206603697625948,1.8955670918624086,0.16422048630845146,5.703361671382489,39.98873167994951
0.27398724988075873,0.5436831005939738,2.2223992786701308,0.6727910117317542,6.04319021493959,51.79341116127659
0.10343060015470407,0.6260150520995198,2.183749056011383,0.4247641658071622,5.789845800625674,45.55490988841513
-0.2509715628982482,0.5226522955804658,1.8291537623827678,0.5834460935501327,5.338546459113356,50.38214437803933
-0.028468711612060882,0.5342858784602994,1.8266462544658795,0.45035520238069204,5.487326585142764,46.58679973541505
-0.14407596770418818,0.4949480727633957,2.2614822978144575,0.6306686114742942,5.638326386289969,50.1027233468115
0.2564564726997983,0.5562932085188245,2.378002214921966,0.49611839634115484,5.992213317767953,47.66859843004266
0.07155412692689067,0.5043188748081119,2.271265314223796,0.45754146934563084,5.807655092903602,46.28813564727719
0.03764272157239479,0.534301816476451,2.380748595258067,0.4087560416375851,5.800433073138491,45.3766581073935
0.2012219812117424,0.49945095271545165,2.3666203736657785,0.41351008733246936,6.00622727224277,46.16452500769326
-0.008981992782166381,0.5153192588339792,2.176073324346587,0.3345780755209071,5.6487545652636815,43.699744350108276
0.19590331009514772,0.5443790432900144,2.1859473728984704,0.47309884999314333,5.811287959632017,46.5823630585446
0.21653217069153596,0.6168393013881941,2.0041631415084327,0.4658284308884756,5.713353028910796,46.26198451918345
0.5258848744040219,0.6811464986970437,2.0580500675135864,0.4428171348496072,6.017096321441616,46.502899838253896
0.15481099146348176,0.5777316250864359,2.1101065819256797,0.5285937074361327,5.733624829632292,47.61517905660014
0.1643061790650745,0.6847884259987741,1.9658224189500952,0.25320352311380445,5.550986025508649,42.10912300398106
0.41447474149039165,0.6867206260430294,2.3843660129149864,0.3520978679985066,6.025292392429832,44.72540973418541
0.3017250169489132,0.6238161688067716,2.1222621535685446,0.38739336915524625,5.869997875332144,44.86584430506626
0.1254927000450552,0.5714425068217124,2.1611895017961418,0.40059060481916803,5.723914644887354,44.960320283728905
0.21053874187955457,0.4942876044491561,2.0987588396103325,0.30987320955681424,5.7981918758516,43.12753902493711
-0.01792574151533155,0.4984232378951494,1.8076138975998504,0.1883331047525794,5.451986507310528,41.25689533199568
0.1886575982934769,0.5077058282672959,1.7438931880898905,0.19839114610117234,5.675492272644099,40.735899014583715
0.16639120429244153,0.5277261732326026,1.6470642498977976,0.29861886050583103,5.640324524175474,42.88488193631192
0.30683212529353704,0.6158370648045655,1.8375732738124224,0.25495443184603833,5.744266845472122,41.75597859049174
0.4362592025365964,0.6694354613905225,1.824266537690208,0.2350885558848115,5.842966031474101,41.420499085962206
0.4362592025365964,0.6694354613905225,1.824266537690208,0.2350885558848115,5.842966031474101,41.420499085962206
0.26774550674639097,0.6638606417287688,1.7814264528638686,0.3041113872851531,5.605163253361329,42.98901757169893
0.21132096275996748,0.664701702755505,1.9351093504078687,0.4224606864653804,5.632845973738705,45.51509770988111
0.191721587960756,0.6127309879595328,1.8466545114866668,0.3708545561640415,5.580409797389046,44.51594380199389
0.4490461050871808,0.6648396302027617,2.13493373309287,0.15226938905185333,5.9301326092653195,40.09222172900045
0.4490461050871808,0.6648396302027617,2.13493373309287,0.15226938905185333,5.9301326092653195,40.09222172900045
0.38952335278677497,0.6283236836745252,2.0722273771153255,0.2042652398715936,5.88459339145645,41.04745644471554
0.31660272799723227,0.5295407191493067,1.9765379252471487,0.2777481335223377,5.8440232855035426,42.43442039796638
0.1561275080674452,0.5948885086325446,1.8029004840189824,0.17796023681247014,5.562106376872929,40.520586809389144
-0.08049505259449607,0.5399519014098797,1.866117822641008,0.3262843537247962,5.470842676939258,44.20029286164203
0.3215663853602779,0.6365186616577471,1.9811451002870042,0.2244413585150966,5.905271355884175,41.648244853842556
0.015728446696847476,0.6619490403383167,1.7928615595491288,0.3246173443484712,5.314453308851036,44.960300390870906
0.27356640898297235,0.4990585696080039,1.9617444392998877,0.6521686659976683,5.883907344968576,50.335763719491204
-0.20744223590020727,0.5145175641636459,1.6077008394615189,0.5369403390836258,5.227886669836169,50.31127673199123
-0.016599368093142497,0.568438215368358,1.5825591714803133,0.4300657240935934,5.402887852761718,46.65406787954511
0.08369513520776295,0.4395523079203646,1.9643314885976388,0.7510401654036617,5.8748777306083335,52.62697728604555
0.04672897144230992,0.5403621863374191,1.557400422101303,0.3032629769191061,5.488243663351096,43.384530500748575
0.16777943209859658,0.6418431849617525,1.7525646630655716,0.09499714484864133,5.4959747890739585,38.97964444842716
0.2271999134577971,0.6243643159327922,1.914933671473093,0.07717618804337663,5.612813765844262,38.218062815778254
0.2271999134577971,0.6243643159327922,1.914933671473093,0.07717618804337663,5.612813765844262,38.218062815778254
0.5235571470928121,0.7553204428166886,2.3104122858835305,0.3953686443670886,6.068301764954279,45.87839406681674
0.15828894061026322,0.7582764004902113,1.5655801181268614,0.3115572282492618,5.370709697322652,44.1483693700495
0.6300629164605377,0.6486451665061835,1.752393508125094,0.23832791160331898,6.03631315628681,42.373599600362944
0.6300629164605377,0.6486451665061835,1.752393508125094,0.23832791160331898,6.03631315628681,42.373599600362944
0.5275445463983308,0.548548955862216,1.8100752460766878,0.18607614283008955,6.008209875869393,41.10180843265996
0.18521713031022863,0.596586610416329,1.8919380300198274,0.13746999518560454,5.590406934180662,39.56125188833721
0.44054355567054915,0.4990629118514652,1.9353997733522483,0.4850176044294169,6.0889445520359375,47.957452527695594
0.27976533212685756,0.5674662843899377,1.8162680949492556,0.3228583327999062,5.680737738799421,43.300784459160575
0.058536676665087106,0.5608723929660582,2.369389507213549,0.41693193474527895,5.7597458386007485,45.40641423416865
0.17201446810446663,0.633112882079309,2.4347165025402324,0.2786931029383519,5.8522130159879096,42.60238206834711
0.17217368803738353,0.7154856443462457,2.169541332652779,0.23671586070305278,5.6674094860611826,41.51946130666229
0.17217368803738353,0.7154856443462457,2.169541332652779,0.23671586070305278,5.6674094860611826,41.51946130666229
0.02943770557462333,0.5067433586065974,2.6323304726553296,0.46481428773043737,5.933899561669591,46.99132488085743
0.018888348957393775,0.562521283565643,2.199638057991036,0.2599614987873955,5.633323091484277,42.19092666362436
0.1001559371721803,0.5556367855265283,1.9712960535381145,0.17427640513531004,5.634651218830917,40.309904724008625
0.0717996987465046,0.5139126920126275,2.0571929295310047,0.36673879768851153,5.7539887673339045,44.25139403069323
0.0717996987465046,0.5139126920126275,2.0571929295310047,0.36673879768851153,5.7539887673339045,44.25139403069323
0.2844939041317197,0.5622989347633411,1.9017700720446633,0.3109673047559276,5.85834066390386,43.15893989030547
0.22041730654997332,0.6100602639325564,1.956588717681489,0.30623713538306363,5.711292708781718,42.89325316174647
0.308693139209769,0.5484495765884994,1.9211848625179013,0.3708377213040449,5.833804337064624,44.37894896572076
0.308693139209769,0.5484495765884994,1.9211848625179013,0.3708377213040449,5.833804337064624,44.37894896572076
0.43196669718085656,0.5992411160866921,1.7287551213744583,0.26251082675560355,5.774140282487151,41.92282836830461
0.43196669718085656,0.5992411160866921,1.7287551213744583,0.26251082675560355,5.774140282487151,41.92282836830461
0.5256869675192941,0.6288147999078358,1.9605764496290734,0.13673632567403637,5.939632716593566,39.689131858150375
0.3572122747227331,0.7230615086049537,1.9258420132295107,0.1702113440868918,5.750840702453183,39.93145140175571
0.2005129042023488,0.5488178518400756,1.9230722605358483,0.27318625039740874,5.693928075840419,42.292474995843726
0.3573261913514823,0.5407157707315222,2.1085797857274287,0.3396148156023751,5.945829258118872,44.15135150446995
0.19362485359830933,0.4880600478738599,1.8921887548589242,0.4051852633028453,5.771958084200209,45.13175607779235
0.1229073251223824,0.5309241351948587,1.6129417171280367,0.40182506801229223,5.470212437695131,45.547799964489236
0.2877785690713656,0.5296699978722621,1.7525560780435208,0.4018890233604205,5.751444336715379,44.90831096914253
0.15449556187176516,0.44305565949753456,2.117408554990196,0.7525602658228459,5.864511228278471,52.730676695499945
-0.11803085483550824,0.4341619972928719,2.131217816768173,0.564425978726757,5.636154849502437,48.75867728138898
0.46438768124130664,0.4977455420734258,2.4067814917355577,0.5686338860077457,6.3145295270926685,51.99789053688021
-0.028561650732977784,0.5004317315211747,2.1780387250596465,0.5007866305180618,5.661071389584528,47.19159325603421
0.3464698252081506,0.5830703256209346,2.32852634585708,0.43380895431918004,6.0208987831419645,46.52524049605873
0.16163380770034852,0.5236888647339158,1.9877208122127532,0.2794627792344805,5.676205850856067,42.44072813045487
0.06273891029150958,0.5277355146030118,2.1638275215598335,0.3183153154332712,5.669094260901559,43.367598194521335
0.4632174267415075,0.6348633843608045,1.7540953304011186,0.42065637065194017,5.962198752938175,45.80843648405494
0.30865602598486397,0.5487355066867927,1.8231071061596593,0.2117468666460433,5.741158893465335,40.91314266853594
0.42954517526625313,0.6434975669754768,1.670923118735901,0.42416642360160367,5.797712899692478,45.309467578725176
0.2634090416488477,0.6674183581976966,1.535150029731831,0.3441917347219132,5.475137028724942,44.05873017505106
0.10718035410864662,0.5906975044210513,1.5074814370344038,0.5364623795076674,5.389161796534946,48.73689249604297
0.341534657345808,0.5891509749083329,1.7609594629619676,0.5387049793404175,5.7703899827689735,47.57994918866828
0.42730141948778444,0.5173271267435465,1.7414397406917463,0.5933154531942523,5.900940335544208,49.02669968207265
0.10995807824272896,0.4905211197852556,1.899399378686611,0.5615725062965609,5.663547089155865,48.36881933804385
0.5583666134510816,0.5331639882247179,2.0727314373599794,0.5118090086840177,6.152560747652986,48.9626747340176
0.1927339296581686,0.5218597782397714,1.9880416188200298,0.25384040161472304,5.762163695081902,41.89733738764313
0.256485417226671,0.48675765174971863,1.534016912839006,0.36093708126711493,5.688930860768311,44.00817709772738
0.008623285471989761,0.4513069213742252,1.7753703075573741,0.35956779956423274,5.539653338814746,44.432518731602656
-0.005497163302098262,0.40615009372234523,1.7435993779401016,0.41123152077142,5.5866210360559645,45.40560241558056
0.4786831970246614,0.502037243882652,2.338900147503588,0.2725537080805759,6.233911879599326,44.9264998892582
0.02002221557859235,0.5216848060538052,1.6586221094959557,0.3009875224922843,5.41869792863892,43.78088715256694
0.013686362162083965,0.4630887203696011,1.7655735865612072,0.37307747949618203,5.640042570237759,44.51656177311531
0.23926888905426802,0.46913663609657585,1.8690840592511349,0.34761807043582843,5.8754043634570685,44.03378312843827
0.19401189402435065,0.4943491788961176,1.9852436997987708,0.37173800038733323,5.84753808426167,44.54757463524512
0.19401189402435065,0.4943491788961176,1.9852436997987708,0.37173800038733323,5.84753808426167,44.54757463524512
-0.02969417361604887,0.5294912743984067,1.6390438398373464,0.3152591181288933,5.438319960078978,43.97419086020997
0.21133604499362058,0.5090568519587806,1.7588266691127945,0.3493009792306735,5.733999564294428,43.77598527505203
0.19266319647115787,0.504180491120131,1.8223111180628893,0.42410564539020235,5.771846842516214,45.40700007104699
0.23804931596691142,0.5171327544161309,1.9657073362952322,0.44570624615820775,5.882068599476399,46.11290303087176
-0.040271772861596555,0.4899541613398004,2.0136471992516376,0.4479039555970696,5.645966055970355,46.09553116255506
0.014247307398073894,0.4755605170686227,2.3561703860912724,0.35697243206436474,5.81581200006802,44.29104559844867
-0.2303134103684119,0.462414405652136,2.093926348144919,0.36881111375752373,5.490126935046503,45.022559413177035
0.14102739564162348,0.551719616723935,1.958629333525637,0.2831616555007186,5.6962820464380455,42.51058999926857
0.14102739564162348,0.551719616723935,1.958629333525637,0.2831616555007186,5.6962820464380455,42.51058999926857
0.2942833454510036,0.5515143282627386,1.8429650298456652,0.5456540399867505,5.8182178927336015,48.07272465607896
0.1472690280595199,0.5418489793320217,1.7751185119557662,0.42008363438139845,5.6273882239571815,45.452405496030416
0.0705011544108416,0.5987724780231942,1.9913309972885358,0.21645818596286104,5.563859927866817,41.41337345893966
0.16785696881624224,0.5433326078195763,2.0323503251703885,0.24274453113242325,5.700929478203263,41.66959556390203
0.4274492215391446,0.6097284334228005,2.1030627545419303,0.39736509408480397,5.987883688233526,45.5046960045643
0.6185808698580082,0.6221377633562134,1.8606996529323225,0.2935365918417384,6.049220409223262,43.535367589030415
0.431372572029688,0.591823576151832,1.7994687881595302,0.37534392532810196,5.8452527473387335,44.41714777926707
0.14474589515141706,0.497432853579601,1.6459854998388974,0.25395143220874256,5.562290492955068,42.130905405672635
0.18032785441030963,0.608596040246116,1.8026821226310732,0.12207014776577231,5.52268719149717,39.42181429441268
0.31112021629729614,0.5365562638151946,1.8682318589880778,0.3974064248007708,5.783466915979883,44.73255265634729
0.31112021629729614,0.5365562638151946,1.8682318589880778,0.3974064248007708,5.783466915979883,44.73255265634729
0.02060438846064705,0.47095726593968185,1.9323064393682863,0.5156188603569226,5.584366357943182,47.55267138794314
0.19156889006060318,0.5190808534752065,2.0295510111525354,0.3968599864498771,5.772158201512748,44.8658487398344
0.5193150486382319,0.6045382976791374,1.9485731722264332,0.2666820386023907,6.01869735613138,42.83064383107859
0.34915407277872645,0.6731515168443534,2.097688564143163,0.2362981278687172,5.835322694872716,41.483799542169386
0.34915407277872645,0.6731515168443534,2.097688564143163,0.2362981278687172,5.835322694872716,41.483799542169386
0.02678228821552875,0.6238343050078416,1.8992243366649875,0.3610585796237492,5.440424442803113,44.88985555253611
0.3747787693781131,0.6469490906393023,2.152432907956848,0.3890040110605893,5.929620092735258,45.137348249122226
0.18317650821670206,0.6008089966477729,1.956317292372693,0.23350650610737875,5.621370244592884,41.48511652452074
0.16818752572893492,0.51543346979424,2.2194374183045933,0.23872775618262904,5.842375584460514,41.77478691838402
0.09133985694212166,0.46809171972215974,2.1210737471583205,0.3256779454760634,5.745826508193247,43.4993018291915
0.15208541632420447,0.5223829081789383,1.9984733589956083,0.23382927346986576,5.694636597349577,41.516920724757355
0.6343352658244463,0.6483959309090102,2.1288018673376508,0.2505772086370155,6.176731317976042,43.640127657628625
0.23382546007543314,0.6346773472293699,2.0166924799993957,0.39302588825653306,5.687471516851602,44.670017448423565
0.16820571627326064,0.6403860877180767,2.0067035698509215,0.21299237111249994,5.651131052436581,41.038127570536425
-0.08003749927213644,0.5542853079682196,1.883497110677888,0.17483949689956357,5.379181405649323,41.470197303388986
0.09893041387838664,0.48446147589318916,1.641780778958375,0.39667115172249384,5.527297169616121,45.18393604328128
0.27097101504833687,0.5807646514330034,1.6784229028826672,0.2560027435682742,5.652583882950079,41.84913004261413
0.17146299604327442,0.49045911289303795,1.7619933754988393,0.3249432553022531,5.649950815161492,43.40761773433657
0.12289709245040314,0.5982158262881974,2.057145759410761,0.4909279017743766,5.694442532775105,46.961149732539376
0.4773179936938547,0.5806630849977682,2.129728463619583,0.3235762820457057,6.081993665120736,44.62028276705292
0.4773179936938547,0.5806630849977682,2.129728463619583,0.3235762820457057,6.081993665120736,44.62028276705292
0.2962522275647541,0.47562743566842614,1.9819496610878298,0.21467178231950904,5.911796903507188,41.39655505236494
0.3824999986535906,0.4647844334866388,1.9840224525422059,0.2275228729305409,5.995051164418648,42.02267986421445
0.2612634570408855,0.509861523846089,1.9616931911727797,0.3269857305271458,5.77048963439903,43.412276228101334
0.2098980323702092,0.46814101079030385,2.3337949794009925,0.38578327040506033,5.965646312273708,45.38357346053744
-0.020381609988347926,0.5655904436964716,2.204650358909598,0.3431309669132029,5.639511088948269,44.00694934102537
-0.19670279392911316,0.45315066638433266,2.1558439857954923,0.49415440281393386,5.5738623732158015,47.37781029779331
0.33206699769885806,0.552931428601347,2.005296398485508,0.36143207296941815,5.858090362690042,44.22438647228928
0.4723780029312398,0.5898980477305912,2.040287707203871,0.3175031847929008,6.014257517548139,43.91876530904408
0.39764851109312155,0.6200774256948504,2.12430475046806,0.3770356879854642,5.960972122607855,44.97384146465965
0.4105327827537171,0.6365528336802059,2.2002561661233524,0.3539470510020575,5.9691158111418305,44.49775333849941
0.4105327827537171,0.6365528336802059,2.2002561661233524,0.3539470510020575,5.9691158111418305,44.49775333849941
0.3083088002684893,0.5294492393346267,2.05043141503405,0.23984461364868698,5.904238281573149,41.87223288531021
0.06917781017396762,0.5816109872744659,1.5542670166973458,0.2021649097959656,5.362459839998721,42.07512148400457
0.06917781017396762,0.5816109872744659,1.5542670166973458,0.2021649097959656,5.362459839998721,42.07512148400457
0.531500670430549,0.5554098828601889,2.011846037820733,0.4791755543478942,6.109289682043025,48.09794207325755
0.20124273650680646,0.47283294858343605,2.112263809276688,0.3716885922893166,5.832871048540225,44.55757016122301
0.2928063973010882,0.5174439655806012,1.7809672448457925,0.38065402611401816,5.811977758537548,44.57844941159426
0.4189322360832201,0.5756785189077273,1.7367272770833273,0.29824730674188127,5.9056780568142475,42.984470629298016
0.3196676777998579,0.5208779725653494,1.9626955580244598,0.19971501071141845,5.890260367926902,40.94471347147456
0.3196676777998579,0.5208779725653494,1.9626955580244598,0.19971501071141845,5.890260367926902,40.94471347147456
0.3196676777998579,0.5208779725653494,1.9626955580244598,0.19971501071141845,5.890260367926902,40.94471347147456
0.3196676777998579,0.5208779725653494,1.9626955580244598,0.19971501071141845,5.890260367926902,40.94471347147456
0.15661535797847786,0.6405293847149728,1.7766342280679182,0.4924071066574878,5.528532482998706,47.13358278852108
0.3965821785477568,0.578731468051318,2.0578676946071703,0.5270942958120617,5.9716027588491265,48.12257082337107
0.48126170485924924,0.6279018067023892,1.782228394731054,0.2994645446815709,5.840293095518946,42.77246946687754
0.3382308944515304,0.6508065792464662,2.03870050602544,0.1611686962709302,5.845351321030904,39.98649331772061
0.013214768627936468,0.5805937576293163,1.735414590516222,0.25163920099579323,5.4145869661831405,42.769281259070254
0.4283825772529591,0.6999203043585396,2.01632411719286,0.1938393120513952,5.85705084902598,40.6637663595015
0.2710333705780364,0.6062734917447011,1.794033119395455,0.2749241936784479,5.721967180048788,42.24516405361079
-0.11763334666313041,0.4798256314125134,1.9135424094890214,0.3731943215403251,5.509051979808888,44.884017377856836
0.1279692013834811,0.4485941217619478,2.320306275942322,0.4752529798054309,6.008838597022059,47.51644464598991
0.010345731706850825,0.5013833662310493,2.2349188137559706,0.4526001709326321,5.76358729440758,46.24674652402166
0.2001137336526989,0.4995918486520929,2.3202371400603536,0.3379893085047536,5.985715630714876,44.46602645516986
0.2603673730667604,0.5547191513667968,2.167356231049957,0.31101726555516795,5.927245303361692,43.5216512627701
0.0138375541003245,0.5144720999690355,2.097947367821055,0.46473228151823287,5.700175189470226,46.47551364933646
0.06286156278161203,0.6384207653612652,1.8191817296594661,0.654980835158034,5.5416012106129235,50.61016329074825
0.009509542775293256,0.524568481407457,1.7117338404391704,0.33008916266927446,5.424936039248699,44.33124278452891
-0.038035392407946955,0.457921165460683,1.9587669392364933,0.41484733688226194,5.594830108189369,45.63156045574608
0.01462977550088218,0.47533351599100776,2.440111500735532,0.38860607833316263,5.8225874211078885,45.00295295175938
0.2321297337040541,0.509304697334307,2.2613838721904074,0.3191145900112522,5.953943269383902,43.819155768241586
0.2321297337040541,0.509304697334307,2.2613838721904074,0.3191145900112522,5.953943269383902,43.819155768241586
0.5387965291037375,0.7236617995147857,1.9392464316722915,0.24666648818363332,5.964819348814956,42.085749911092606
0.5387965291037375,0.7236617995147857,1.9392464316722915,0.24666648818363332,5.964819348814956,42.085749911092606
0.27670013099417956,0.713744277750427,1.9163208282092508,0.26733058953002636,5.635620847497228,42.06933389097663
0.6183418544463697,0.6500096664044688,1.9111365464336756,0.21864381350678602,6.051965079490261,41.929258971497745
0.6495768773498757,0.7087165329796773,2.193410780422143,0.13312001262521758,6.159241120313573,41.03313536896289
0.5274019077240382,0.7027376286594293,1.886827803527295,0.3439887844597733,5.908365273800755,43.80000769828803
0.5274019077240382,0.7027376286594293,1.886827803527295,0.3439887844597733,5.908365273800755,43.80000769828803
0.5274019077240382,0.7027376286594293,1.886827803527295,0.3439887844597733,5.908365273800755,43.80000769828803
0.5274019077240382,0.7027376286594293,1.886827803527295,0.3439887844597733,5.908365273800755,43.80000769828803
0.5274019077240382,0.7027376286594293,1.886827803527295,0.3439887844597733,5.908365273800755,43.80000769828803
0.2418023027492796,0.6424804764971305,1.8933256552413609,0.2279953023549737,5.683423154872374,41.2847683338706
0.08445643711714856,0.6028057721760743,2.3136880065245067,0.4837476473520879,5.942982847371043,47.41292140630242
-0.3045793814073964,0.5020979350307849,2.5824314363165266,0.7236833090300356,5.654875386492877,52.159995347942974
0.07713568925709124,0.6349864235714746,2.120212681139354,0.47226517248520605,5.678984377739447,46.43129264506143
0.1566644120688223,0.6481621408016598,1.6494351502996558,0.39079772958440295,5.53695950521117,44.920862432777085
0.2782979477626234,0.5955092075801958,1.8132475876197949,0.42175528318387573,5.657112951739872,45.30069449052147
0.2782979477626234,0.5955092075801958,1.8132475876197949,0.42175528318387573,5.657112951739872,45.30069449052147
0.27424839783835464,0.5640443762121101,2.2826950535425734,0.418042915806892,5.910065125444882,45.62765496873695
0.43156235689992195,0.6308261317047041,1.9289360268742466,0.29026309315966886,5.842588576289907,42.56951317105972
0.40351056047987677,0.6395057167443017,1.684960539271765,0.232318589759753,5.723272196057357,41.2086319828373
0.39421380342510703,0.5889616720853004,2.0249158351041334,0.24972704096082374,5.91146895392551,42.00794974851039
-0.07804740879659633,0.5327932911508,1.909208590488621,0.49145685843606585,5.381187103955609,48.119146852668045
0.42313614260376625,0.592306799617281,1.8962986591998718,0.19431428572179296,5.885822876417125,40.7618619571311
0.42313614260376625,0.592306799617281,1.8962986591998718,0.19431428572179296,5.885822876417125,40.7618619571311
0.42313614260376625,0.592306799617281,1.8962986591998718,0.19431428572179296,5.885822876417125,40.7618619571311
0.42313614260376625,0.592306799617281,1.8962986591998718,0.19431428572179296,5.885822876417125,40.7618619571311
0.1864556150535519,0.5002580104291291,1.9326935768064706,0.1786315226898595,5.692948066147998,40.30422176517947
0.0974720984131825,0.537212504622726,2.157397365705761,0.32298703905162574,5.693036297905563,43.35024865148088
-0.01767306706543703,0.5839027889882079,1.9230203951991198,0.463912414130792,5.546220353415802,46.69419401340611
-0.021091642739297756,0.4495702759925556,2.1522070483543922,0.4991210696800418,5.762918197506865,47.31784530155999
0.0031294497813719735,0.4696485294701297,1.8589009327495774,0.5396835288601147,5.619707143972201,48.136660162909344
0.1458637779716685,0.5795954334455694,1.9109455246065443,0.33960165772699513,5.616907182522452,43.75990188364898
0.06954237132368157,0.5668401579012091,1.833229018524678,0.3153156372444895,5.496624086830252,43.70834907589077
0.3231011156953872,0.4683953565269527,2.044306189070566,0.3977447214681401,5.922507778761936,45.212967500357394
0.02184287055857792,0.5093244188440494,2.4998610139772786,0.643986549347745,5.945460247918113,50.86851020643363
-0.29260084220124494,0.5369118643038819,2.4481173812689523,0.839765466041258,5.581261088519021,54.69884044618058
0.06161342943989223,0.6598678342937926,2.1675953935046905,0.496014093450281,5.6177527252824655,47.03355692771558
0.32396308592426193,0.5454215514207608,2.414455276230657,0.5163515491150039,6.06198205700867,48.48664578921937
0.387587494247173,0.6219258535185548,1.8313116709276094,0.26344955247273855,5.874298068505488,42.17330615795417
0.387587494247173,0.6219258535185548,1.8313116709276094,0.26344955247273855,5.874298068505488,42.17330615795417
0.034853763499052004,0.503478562095114,1.9080366292174569,0.6333004094245889,5.670457994100133,50.00314687156874
-0.08953258719481327,0.49259047196140676,1.7000343711428898,0.33061100835473367,5.4042565055728335,44.55267478533673
0.36981358507358664,0.595188549719003,2.2145505318815615,0.36648583238610216,5.948260459420146,44.72033407785335
-0.014846269307623672,0.5091178675557938,2.0846356774296697,0.3017693799841839,5.617384626023661,43.075722063988344
-0.15162530980505418,0.43344003019330934,2.1808888700146976,0.4201160321004459,5.642272857905802,45.53161901113463
-0.17999275618579846,0.5008580651640689,1.9698535296514343,0.3429193108175312,5.3801462262267945,45.0426730461551
-0.2919488804233117,0.38265247018026716,1.9429888467886458,0.7595697970575251,5.518279798578473,53.11897200123084
0.2176057615955047,0.5609336285380656,2.048423337253126,0.19988268702427195,5.7627563767768635,40.764281860789836
0.2686512930147779,0.5630058985788908,2.05801321452344,0.2155265390081308,5.853690428781375,41.31554125296531
0.2686512930147779,0.5630058985788908,2.05801321452344,0.2155265390081308,5.853690428781375,41.31554125296531
0.2686512930147779,0.5630058985788908,2.05801321452344,0.2155265390081308,5.853690428781375,41.31554125296531
0.11837661523693332,0.5419285404080632,2.112379094154422,0.2610729702832844,5.696701592982807,42.06746399614926
0.29560797715444787,0.46401532674795143,2.3374815228489183,0.3698334683209476,6.072747232227683,45.679732406099745
0.010571616545023144,0.5056031519890594,1.901722074119186,0.38286283274261557,5.615661454428111,44.80118597589493
0.04397909214240592,0.5831677314385946,2.025567486658068,0.40615892043003116,5.571796389627097,45.40526195050995
0.09255841729282421,0.5420682714742519,1.9126150377488487,0.30552349621918945,5.6694415879326066,43.12624391574296
-0.007192602665402448,0.556994333123793,2.0455355126592885,0.2743120839919781,5.50223842199873,42.88398968641762
0.24757834095428377,0.605966924745243,2.3157279172572003,0.33811241488334487,5.951976868292618,44.20589043847392
0.08524503811756534,0.5550367189856895,1.9769445333624391,0.2775332709752082,5.570185640448027,42.606183818354985
0.3400884905725246,0.5963115263814386,1.938108839604784,0.32069416988699745,5.757438204114857,43.228693865527944
0.38709878173192214,0.7589725447139681,2.0490622841767814,0.377257342011404,5.7786695346729235,44.31506394444703
0.30346430842453986,0.6716458541526711,2.0921355881278676,0.43164440494722783,5.7772590231051435,45.479068376620404
0.5290871716709752,0.7634578539536012,1.9852868022074424,0.5295822329376378,5.898806870106936,47.642801628854265
0.47370114036372096,0.69857843162634,1.99174590878777,0.33008870054267037,5.939865830810573,43.805905898611094
0.19850388974919925,0.5983589601305663,1.9597894768513948,0.4502141802232006,5.607642246967463,46.07935684655056
0.4257673312780199,0.5944382777978073,1.832696233574046,0.46294048699749224,5.92034611846286,46.45036825850086
0.4257673312780199,0.5944382777978073,1.832696233574046,0.46294048699749224,5.92034611846286,46.45036825850086
0.39253831929760585,0.5700233459671202,1.7724324229082258,0.43278067164188716,5.920520568595559,45.89119089653206
0.11640593968404811,0.5269708167256986,1.9544234998444077,0.5005350006494257,5.785124353492571,47.17472552358236
-0.21673276663091645,0.4890668683715522,1.722130274340661,0.4636692262607011,5.330668859215912,47.94527905255361
0.13232507985277409,0.4548012403319793,1.9129026318736637,0.38253611859734155,5.796155260762788,44.710082182524644
0.13232507985277409,0.4548012403319793,1.9129026318736637,0.38253611859734155,5.796155260762788,44.710082182524644
0.046733299426003905,0.477800208566762,1.7840941647344088,0.3543978797302506,5.571534651899722,44.298631019826324
0.4165122555037305,0.5885034813270251,1.833791525088932,0.17367218115716138,5.833081814544901,40.17183207110163
0.4165122555037305,0.5885034813270251,1.833791525088932,0.17367218115716138,5.833081814544901,40.17183207110163
0.15669921197701708,0.4532192944366258,2.532207760924621,0.5066630142225934,6.039705153384477,48.40460951624723
0.15669921197701708,0.4532192944366258,2.532207760924621,0.5066630142225934,6.039705153384477,48.40460951624723
0.4119638691782276,0.47804693554214245,2.0321276129907577,0.3078676137509598,6.07557580605871,44.26837299715514
0.21712670353938313,0.5826899165923872,2.1724391675970587,0.14592120159779098,5.804371072989831,39.69407563251808
0.21712670353938313,0.5826899165923872,2.1724391675970587,0.14592120159779098,5.804371072989831,39.69407563251808
0.12654640641750048,0.47461884661027015,2.064796451933885,0.2811335420148214,5.75818553615514,42.49000625220089
0.38402737950039884,0.5286579881249507,2.362219468003935,0.3566368175673209,6.109993658207555,45.50259625396618
0.2670617779093937,0.5282424507621524,2.0951102417631304,0.26938220011642733,5.935341915789989,42.63785487195643
-0.08667369713247064,0.42432189115945396,2.1325726116076122,0.4483693209919174,5.653566026115495,46.12669621900138
0.11192923482571471,0.5194226069827582,2.1363305454097348,0.36574387808797293,5.815898579053674,44.42449452612833
0.09661285640202566,0.49481589885963806,1.8044411061122567,0.29860300373493837,5.6251771462174025,42.989739780886595
0.07258968604856386,0.5128328697740048,2.1187636338901807,0.48288182290325565,5.6787050169174424,46.72592910963652
0.13991827347122043,0.5546442938055548,1.9533649756860942,0.4018853608881069,5.617338956505405,45.1309225875607
0.10275524161692295,0.5077549920430813,2.2634335152076646,0.36228098003953335,5.772417211935805,44.271911798519945
-0.052319351621619936,0.4841525179168629,1.902209059300405,0.45654317483851364,5.504741018486779,46.658860612323146
0.2727581729900491,0.5620606266044034,1.9685738854494597,0.6086736031833672,5.97526578676819,49.871546843919575
-0.050655358798974204,0.5341058077443868,1.8803318611803779,0.38554319191022834,5.559965030539862,44.9917546983399
0.12303087095419663,0.47671414747120905,2.3128671402067957,0.4151005943206124,5.895020931171876,45.59795754087757
0.21362072321006298,0.5012810295133211,2.118703929546694,0.324597713180849,5.922480923159637,43.78947938348752
0.16851232221739154,0.45079150812024416,2.2958176623725643,0.45197285780370716,5.9588298903810015,46.71468283990448
0.13336363043269184,0.52862028840928,1.8201396468034572,0.35939913324471223,5.552257634490168,44.331630919518204
0.13336363043269184,0.52862028840928,1.8201396468034572,0.35939913324471223,5.552257634490168,44.331630919518204
0.20557223532631652,0.5498920554723891,1.7764695006142253,0.27098571366005664,5.600894235477366,42.291780869776595
0.09265856472930456,0.5597716686772098,2.0380067801993444,0.27832784637427815,5.6325837823121585,42.48784048823937
0.06613273840290884,0.64171998992069,1.730436670972829,0.49366768064326233,5.512829436340135,47.382767612620995
0.6178993365628604,0.6668001611145135,2.172917901917551,0.5169858537648263,6.203911347943871,49.57205307003151
0.4906062610937669,0.634783523360439,1.9175182329786706,0.6135384728219241,6.046894756030016,50.29992574342153
0.6301900945266307,0.6941483706726715,1.998833591456639,0.726767767891783,6.106411334089409,53.00441621575304
0.5421804986983778,0.7311750904715197,1.738496193435868,0.4336167662357795,5.887151839505911,45.65145793242589
0.7150519151268928,0.6747692520211626,2.018990131038733,0.49679999902624455,6.20486599688428,49.080526412439006
0.7150519151268928,0.6747692520211626,2.018990131038733,0.49679999902624455,6.20486599688428,49.080526412439006
0.7150519151268928,0.6747692520211626,2.018990131038733,0.49679999902624455,6.20486599688428,49.080526412439006
0.7029570772999296,0.7500129554944521,2.009937163747983,0.34240129712433837,6.165780707725427,45.41348978156324
0.7029570772999296,0.7500129554944521,2.009937163747983,0.34240129712433837,6.165780707725427,45.41348978156324
0.7029570772999296,0.7500129554944521,2.009937163747983,0.34240129712433837,6.165780707725427,45.41348978156324
0.23055684826394873,0.5451485263620844,1.5555623879008653,0.49133315599194866,5.570533160106089,46.98030431688359
0.15319966929458884,0.541750822831973,1.6233647284861663,0.27987913893389416,5.524640330547067,42.76701636401874
0.24045677400698134,0.4475900960874804,1.965162195679125,0.45821208428961513,5.954212812142098,46.803269616158055
-0.011549573573334748,0.46250575773433894,2.209946633596614,0.3085116068714239,5.714788363629367,43.220849246099185
-0.011549573573334748,0.46250575773433894,2.209946633596614,0.3085116068714239,5.714788363629367,43.220849246099185
0.12269881011676886,0.4698245291537974,2.163048882696663,0.28962498743414417,5.792744381584559,42.82666409910949
0.048339286678590554,0.460746639443465,2.0224102515636404,0.2294138684543088,5.620989361525711,41.57934395934513
0.41422570452976554,0.6535144043979104,2.149295023664289,0.2990301391059629,5.9033377454912666,43.01695385145658
0.42322659782879013,0.6769675876664155,2.1542548830207298,0.2985053388951652,5.881266117758402,42.874989261960636
0.12462664176709237,0.623865042842826,1.9082674325547928,0.26926280749065445,5.5041313469796,42.5718357704803
0.4496064698398418,0.6567250947726524,2.0338505593229907,0.3240155649072366,5.87939804872315,43.36498917586655
0.4496064698398418,0.6567250947726524,2.0338505593229907,0.3240155649072366,5.87939804872315,43.36498917586655
0.017160658940572393,0.625008351959094,1.8790260023859808,0.23038283742850063,5.445646644380865,42.148032874882055
-0.10623930880728161,0.5132975496196681,1.9115290740496607,0.3940745681058295,5.503498682070722,45.371784850370595
0.13299409003040075,0.5608561821383066,2.090059722568708,0.4364228163649012,5.823942805321542,45.925256208453554
0.18035946664586056,0.5823814127106172,2.0845389816799176,0.3231787788348567,5.761842689983588,43.41750242758442
-0.0761489223185079,0.5597948581431053,1.7639414064866608,0.3329120822194821,5.347767758956296,44.99949126922716
0.12239279963846794,0.5113432561946692,2.179589540758676,0.4427397161600727,5.7809449451875565,46.113707019618985
0.04290245174060103,0.4916462085541831,1.915928118466061,0.37815192559955074,5.644721161853759,44.63070076112675
0.16146336891380142,0.5328895314558386,2.5225105632584404,0.29788416343506496,5.944192843788702,43.42518037594654
0.16675511112828334,0.5770423970477038,2.1346766383030964,0.1839299739213156,5.725793650264623,40.406064498489435
0.20756504577733736,0.6445803510801711,2.0741066838034063,0.33404332301195555,5.666287885129602,43.519981847474966
0.3054373447112264,0.597515587818225,2.1507283077956396,0.2578601389430916,5.881505494800541,42.192654927366696
0.24425958757376798,0.5830046002628242,2.228581995333993,0.25751447215772555,5.825825978653971,42.08124038450487
0.24425958757376798,0.5830046002628242,2.228581995333993,0.25751447215772555,5.825825978653971,42.08124038450487
0.02511431067764458,0.47282818460323983,2.1915410797879122,0.32538490830968914,5.729528405207766,43.5499657416417
0.10661054412575255,0.47162353072143254,2.0433182528955953,0.24248004364157402,5.786790570293266,41.766492448480825
0.10661054412575255,0.47162353072143254,2.0433182528955953,0.24248004364157402,5.786790570293266,41.766492448480825
0.18438408074855783,0.4780316598256857,2.135720784006239,0.42115443734174124,5.8972292950837435,45.877642412497366
0.18438408074855783,0.4780316598256857,2.135720784006239,0.42115443734174124,5.8972292950837435,45.877642412497366
0.24729668066098653,0.5457883040415107,2.092116595213745,0.26874801668376347,5.8165900882378025,42.204718652285045
0.27876774126668113,0.7444557083400791,1.971215521178987,0.41879935751788194,5.631876839522244,45.36749600318056
0.5086855987842247,0.7968341582332099,1.8817754852049862,0.3970663843270288,5.811987230179896,44.65979865460899
0.7298037904680157,0.7702657943554706,2.1570482530106663,0.35203099789274267,6.177167761176003,45.6560413334828
0.1378259948250662,0.5606544628038888,2.275218706136437,0.3740352184651774,5.8221503615870205,44.639191307114764
0.13640662503808998,0.5265894683901007,2.232148100226583,0.2034974938763347,5.787398757218498,41.010250901127186
0.3528007710339832,0.561315495181347,1.7504506862687987,0.39918369129531694,5.902057105196157,45.20356542076047
0.8137504859136655,0.7603887390723061,1.952660755801556,0.2621915910260025,6.230514721883651,44.241512136159486
0.8137504859136655,0.7603887390723061,1.952660755801556,0.2621915910260025,6.230514721883651,44.241512136159486
0.5174210738034686,0.7073668075895928,1.9386074385199115,0.3739728580381452,5.909832261614994,44.46893113759275
0.5174210738034686,0.7073668075895928,1.9386074385199115,0.3739728580381452,5.909832261614994,44.46893113759275
0.262103979526934,0.5851986846738122,1.7193998680830158,0.2605500622901807,5.672558600230651,41.87223435884645
0.34021413328897915,0.48949443584976654,1.781506779813585,0.5108170482575422,5.89803314223698,47.32653474340995
0.2509674080373941,0.5203926308360639,1.803073964060582,0.4609359945009846,5.734402705506317,46.09119626949056
0.2509674080373941,0.5203926308360639,1.803073964060582,0.4609359945009846,5.734402705506317,46.09119626949056
0.37826117175429663,0.4895031155916681,2.1831829394498503,0.4179377444126224,6.092927322441057,46.65636390767652
0.051472219954949106,0.5399748103272477,1.8943658905348848,0.38615979595405475,5.4970852024736985,45.2028202354061
0.40718771367447876,0.6206759880397227,2.238834546599411,0.3263547887608254,5.968668897210241,43.92359591757954
0.08394944519095487,0.5778095736423683,1.7854289910361982,0.21030775457111026,5.502564890852783,41.37526765273866
-0.22245060555159357,0.45720988655240496,2.0267820355941115,0.4243063129300687,5.507375504373847,46.13900089527652
0.17343704346179545,0.575429175203828,2.0400668396745387,0.1342749361040305,5.709757694671717,39.36848153832087
-0.11110234063859326,0.4609085159199883,2.126837526276086,0.3873970065108521,5.602848601669919,44.975940652161405
-0.15025240719082877,0.4491259274191246,2.0468401246034533,0.371271010447276,5.459784797445133,45.22755671046606
-0.153231965054079,0.4787809389325289,2.2389832365708022,0.33957180699992523,5.6110185956610135,43.94511517420309
0.023895832490458346,0.5676075464110575,2.0778999231843676,0.2922035989001147,5.562908373308589,43.02242605997395
-0.010206172345671005,0.5662154857167657,2.16301528569509,0.29100917267109916,5.672102764209124,42.90876957583256
-0.1887086578687972,0.5009303517290139,2.133103394328442,0.5505854182969802,5.66948714146611,48.41911074867776
-0.2570992630710879,0.5080059549434988,2.107787398509692,0.4532131915775063,5.577491967304423,46.593566264740986
0.08236026139856156,0.5293359467491523,2.1060421660184465,0.32738500880439453,5.689814337040312,43.53706445667735
0.3159145009219252,0.5323372979914349,2.0069185637500704,0.13466312559034244,5.845329806891544,39.44951852698373
0.3159145009219252,0.5323372979914349,2.0069185637500704,0.13466312559034244,5.845329806891544,39.44951852698373
0.3159145009219252,0.5323372979914349,2.0069185637500704,0.13466312559034244,5.845329806891544,39.44951852698373
0.2983513795971745,0.6127138852248845,2.512238308731255,0.24304811345537786,6.049876948741357,42.780363553283905
0.2983513795971745,0.6127138852248845,2.512238308731255,0.24304811345537786,6.049876948741357,42.780363553283905
0.15949692778890068,0.6338040704729715,2.2021952191720793,0.3053098385657702,5.793923545348601,43.07754121362877
0.39621232850999183,0.661998697711199,2.0601879426654897,0.1885477375361541,5.914575417847665,40.77003828688623
0.39621232850999183,0.661998697711199,2.0601879426654897,0.1885477375361541,5.914575417847665,40.77003828688623
0.2310246039713315,0.6165443178824802,2.364497317951506,0.2678774417475767,5.914317372088371,42.54431885220319
0.2310246039713315,0.6165443178824802,2.364497317951506,0.2678774417475767,5.914317372088371,42.54431885220319
0.024365796092678305,0.5411932962529583,2.0245878839674205,0.29345710658674296,5.566369348761034,43.05790742439844
0.39110607833627986,0.6065456671233098,2.060729987394327,0.19461817611316953,5.875919693220944,40.785432017018
0.38337523629039083,0.642418369950586,2.020732100763432,0.18938888216401956,5.873360311190906,40.65088724550164
0.2184367478346137,0.6852549077542033,1.6945949507833937,0.22822945247507276,5.538805364946846,41.55302460488834
0.4988463089974886,0.7478294339722853,1.7690574368254188,0.3172979866220193,5.942736949071608,43.47122328047934
0.4045379701844679,0.7248676134733482,1.7561310838629738,0.2855353913728803,5.839632406448464,42.485888447623815
0.3459604750546301,0.5671356087498587,1.8792652207243208,0.5860149435867023,5.9143084649115805,49.14367004992768
0.21429131499275955,0.6297566477576544,1.758901931184491,0.5587586250921508,5.664533708599321,48.17130557445685
0.21429131499275955,0.6297566477576544,1.758901931184491,0.5587586250921508,5.664533708599321,48.17130557445685
0.3388737879540962,0.7066869777645544,1.619276596402557,0.20046040947772117,5.648486761128556,40.584574037736346
0.007056203515221182,0.5670230766824166,1.7948137014086867,0.28640036493726767,5.378092110886129,43.757192156645296
0.5818281967916308,0.6292486227739356,2.045197339278686,0.13630645383512663,6.08554808082056,40.54502764252905
0.3019069601029931,0.6598010931007164,1.9537524101012922,0.21703209379426341,5.7867601019695964,41.128424104854886
0.22707779214532092,0.7184097020631881,1.9244864255161855,0.15034514832498666,5.578206054860897,39.8158970052652
0.21102968293412616,0.5904930286189474,1.9891739219995852,0.1954539508860473,5.675074343573467,40.6147294869064
0.2849097046976418,0.5240798387757573,1.99412116666391,0.3096668459978374,5.884413508693369,43.27070564824328
0.16363238961094106,0.45753688373755413,2.069294441898504,0.37424551044226423,5.9231300255163575,45.01133145125016
-0.1424170926180489,0.511208955101494,2.067133589716074,0.6732285548916452,5.579741274895295,50.95684248401838
-0.1424170926180489,0.511208955101494,2.067133589716074,0.6732285548916452,5.579741274895295,50.95684248401838
0.502643301873041,0.5606444755837103,2.092468082103948,0.32115029023656116,6.1905289003652,45.32744458175178
0.13533587527447888,0.5976296944907868,2.1886760104284915,0.1596436145732219,5.783301831049852,39.99683273383102
0.21060252618573327,0.6003421150436794,2.3031348400789162,0.19130797469382835,5.868089089846928,40.7945817035984
-0.23899903861903227,0.539518205405806,2.277687624709787,0.3274769095705137,5.448473723456421,44.30706403717432
0.09880695918121285,0.5429726009933548,2.6050783355030447,0.3867885971798327,5.946199192919267,45.24316032187978
0.567011993744171,0.6283185100775495,1.7869666890886964,0.08184611344279037,5.966316495855776,38.623103510770754
0.3813276608406237,0.6962594304251337,1.638782272118585,0.19061059961714452,5.6689215105173085,40.342186421534024
0.17444465944855492,0.5724614992113158,1.521356458460472,0.18960833971759358,5.488903325347784,40.95178431753764
0.14220969957093865,0.5789920876603072,1.6975344597448099,0.21014418470646873,5.520855262074696,41.307419132033246
0.21179918384441943,0.547050099224154,1.8640059730104857,0.3321529583381851,5.798674919775302,43.56120223885591
-0.001538298563776408,0.47858342675065596,2.21396010898502,0.4642929810079548,5.761789038008757,46.33087446925476
-0.15075886275021866,0.44987476942726945,2.5568899708428594,0.5056797159838353,5.804948978883124,47.532517992614274
-0.2858999881453176,0.433757570871575,2.1097950487501405,0.5302320008779583,5.465217259424997,48.479624627001684
0.305312744361512,0.4781332321248609,2.364500143256029,0.37068307407710605,6.077871666958835,45.63746491552958
0.305312744361512,0.4781332321248609,2.364500143256029,0.37068307407710605,6.077871666958835,45.63746491552958
0.3183315460611652,0.5240960375396531,2.3190885288447474,0.3905115448234208,6.065667043879638,45.94799435674537
0.3183315460611652,0.5240960375396531,2.3190885288447474,0.3905115448234208,6.065667043879638,45.94799435674537
-0.04086887802593575,0.6003480375618039,1.8573405711176043,0.34345488728332185,5.401520529725229,44.82654011775178
0.23744583726090696,0.6152407317495193,2.283182219255868,0.42190930101938,5.885185780803468,45.6729959012969
0.02191689365119842,0.5671203455497416,2.096881703792684,0.3517415116038092,5.588879374456407,44.226495006780944
0.23290600870734807,0.45848068522316693,1.9092869047191487,0.4787352474120659,5.85899943253197,46.74213901062864
0.39670483510473975,0.5297422835507233,1.8263719073750053,0.2754691977028249,5.886219422936087,42.42584222903516
0.47233665867791974,0.6009448849219663,1.9987321799601223,0.20315109160149697,5.99316400629599,41.4068291909179
0.47233665867791974,0.6009448849219663,1.9987321799601223,0.20315109160149697,5.99316400629599,41.4068291909179
0.27512340642817223,0.494032579509376,2.1437677665047548,0.4286354760539226,5.9883649190105706,46.22299585552777
0.09996536557159208,0.6058348037303115,1.507426091058331,0.14421415111224994,5.38582944515685,40.62032045582535
0.1686603782788324,0.5722346254510623,2.020259966041464,0.2959324731635804,5.711655492475959,42.75310826027131
0.1686603782788324,0.5722346254510623,2.020259966041464,0.2959324731635804,5.711655492475959,42.75310826027131
0.026691627877904245,0.5488636813375096,2.097915178659778,0.2303752757651998,5.5763429705541245,41.63474312595142
0.3340255846917369,0.6048446243569645,2.0849572966102667,0.1774971603326163,5.867011398198906,40.43119736706284
0.025168588629550404,0.5404887994747756,1.8400319252756296,0.23816837608306254,5.5200430143794925,41.96752427276729
0.08501977970711905,0.5581219799955097,1.9331945780389588,0.09684322526111497,5.540610466679066,38.9155221672915
0.26837356381326727,0.6934522208726349,1.9077524433458923,0.12520253433335085,5.62796623216863,39.13958866581573
0.3259192207572552,0.6830995230799012,1.7430585963876695,0.3706395387821705,5.641925814740958,44.147763967305536
0.17712370949195344,0.6355011062146183,2.222395449304434,0.4829281296399886,5.7969566894670805,46.79299027662846
0.09971524523853526,0.5060449975692433,1.9507670009961728,0.29908256896029495,5.708461959040559,42.89871310687575
0.0018318602303944997,0.5434026046402601,1.8656149489291853,0.30512980668376877,5.509732158030377,43.440917316142986
0.4472415857561918,0.6387989631853596,2.0638597447600917,0.28167536318082914,5.939886027793508,42.788676084887356
0.07693831797798856,0.5662553518708926,1.839273879326457,0.19353007826424065,5.456058827505798,41.305000978294956
0.21110690909520935,0.5815804451703668,1.609586731619959,0.12970880505315613,5.549832238743381,39.45869626766482
0.6185596539991162,0.621358714265467,1.9439650292640493,0.2428468036350042,6.1320564791077565,43.106923255992804
0.37218317639572224,0.5710925077200079,1.6969703638992977,0.3135238981354394,5.839844464283715,43.12438683032801
0.37218317639572224,0.5710925077200079,1.6969703638992977,0.3135238981354394,5.839844464283715,43.12438683032801
0.5342506779373322,0.6855754497866883,1.742651510271826,0.2653165606807458,5.938194410033227,42.36504188057275
0.378613016693293,0.697447585882802,1.9455798543824852,0.30164467695685104,5.746977628560633,42.7428172915634
0.19605983026915985,0.7172241608259121,2.0300072901826467,0.3412029567076211,5.647568428483256,43.717150333382264
0.4481099285566691,0.6273860024028043,1.9974591617262714,0.21779209387273973,5.949348610327181,41.48057373919956
0.05825624030646803,0.5757278909150502,1.9269116909092086,0.2532382655411337,5.52095583949963,42.27455879771306
0.1829137918256521,0.4525560480936801,1.9114941575857247,0.3977223996522449,5.786852669204238,44.91605148344762
0.3455794899708524,0.544615669609447,1.8734164086338887,0.31497647701708664,5.806633510781044,43.14427272539817
0.31056172818651506,0.5823997954342879,1.9824025184122611,0.26218367940475795,5.8196625884231405,42.07244992564624
0.3095950928876759,0.5472257232386301,2.1290469786544315,0.38340006297735335,5.917414219178566,44.9654795471256
0.16065577926286478,0.5728591053499288,1.8297569382582934,0.2584005436281921,5.61838670124104,42.06749722155001
0.37493957368775666,0.6493775456806455,2.240247045096351,0.5136145454122674,5.945667128514101,47.72293707432288
0.1474617556773653,0.5683050664206923,2.3728773584980245,0.6759627022991265,5.893260804443308,51.05605789367944
0.06115527140373689,0.49527757290824315,1.984195693130526,0.5827068469904553,5.733011850400436,48.792812113887
0.20319763238529165,0.541435469513691,1.759540516984512,0.5953895047431232,5.777352002130843,48.94413295728042
0.2211230617232266,0.53798176161562,1.9195488052510243,0.31165739694749534,5.777563263214836,43.09662155146442
0.09519967268380758,0.6448894593031176,1.6575572183645675,0.22914595296930695,5.4712374608373455,41.932226890113434
0.09519967268380758,0.6448894593031176,1.6575572183645675,0.22914595296930695,5.4712374608373455,41.932226890113434
0.4003860025780213,0.7436292471428055,1.7975298511110311,0.20361251606626574,5.728617392916879,40.637260284155985
0.4003860025780213,0.7436292471428055,1.7975298511110311,0.20361251606626574,5.728617392916879,40.637260284155985
0.4003860025780213,0.7436292471428055,1.7975298511110311,0.20361251606626574,5.728617392916879,40.637260284155985
0.2744742380186803,0.7449616769249672,1.7660715652874504,0.23331754154411763,5.5559702266501345,41.557286786235714
0.047272185603977834,0.6152046726044805,2.164438496421604,0.522738779713939,5.591524091285845,47.50442238552418
0.047272185603977834,0.6152046726044805,2.164438496421604,0.522738779713939,5.591524091285845,47.50442238552418
0.11816983189014285,0.6229408949644718,1.7740878431339722,0.3202971699207975,5.5248785621032,43.57168585817514
0.22131081928674678,0.6371160618598409,1.8495155524345193,0.45445506244446,5.687614275002126,46.00077106294508
0.4749969484596821,0.6548712100410117,1.7807615218038622,0.6208511133774278,5.921797964753777,49.71541408483489
0.19412639155238764,0.69552561655679,1.7566026906945829,0.23754204064349463,5.495379724820523,41.91882478359793
0.564043103357559,0.7685558231172772,2.1706763883496594,0.2129128949132787,6.033721269750851,41.73771602504372
0.47191812598241195,0.7253186311967493,2.224979855483215,0.17720113963819362,6.013023337558169,40.99632841660826
0.023546949319692922,0.6051826155698219,2.2081761270352347,0.2466829807743935,5.642016425567289,41.92099539269643
0.023546949319692922,0.6051826155698219,2.2081761270352347,0.2466829807743935,5.642016425567289,41.92099539269643
0.379894759798924,0.66229822111937,1.9929562258629427,0.17034432648041445,5.9291272199094305,40.426776962441814
-0.16985436020467626,0.4966781774132496,2.3454308573333496,0.4525333315661648,5.664542230209667,46.45194480345246
0.36590652617197167,0.49984099385166086,2.2899816266296864,0.3629263280460142,6.0916857850641914,45.6129623382864
0.36590652617197167,0.49984099385166086,2.2899816266296864,0.3629263280460142,6.0916857850641914,45.6129623382864
0.3652675667069117,0.6103556289083977,1.6852918346635262,0.2445413460521103,5.715908671282443,41.47487576282096
0.4256488309668419,0.6657796033872098,1.6401406166703896,0.5144305552991008,5.763346495115622,47.03652363518451
-0.052728550552605724,0.5712736691979317,1.706140478709325,0.6702327180243773,5.364576993347876,51.90063674138174
0.22542237116201647,0.6745937713336047,1.8469682597983104,0.7224589297898456,5.697666086227817,51.70987783397346
0.0226867622946873,0.692303115333695,1.6655115200160922,0.5773538325901013,5.31643760143462,50.22811699902877
0.47091554167400623,0.7280456072905619,1.7070917961062133,0.2939422624238386,5.736982009314302,42.48173088321931
0.21429479928918227,0.6371214021390098,1.9344173306991825,0.21360010134198984,5.610905491879276,41.07619388366055
0.49767015740069365,0.7556070249103405,1.8759133671333679,0.07630286106203592,5.822488183837539,38.000427654002955
0.43967041429611164,0.6690532364103505,1.8926297782869066,0.16619307151418045,5.8215967711435805,39.95708093300013
0.43967041429611164,0.6690532364103505,1.8926297782869066,0.16619307151418045,5.8215967711435805,39.95708093300013
0.3034054611028074,0.6057850561064305,1.8153223306193227,0.14595428539825941,5.713660372203022,39.51725374962393
0.3368360234877504,0.6311614126419035,1.9492630673375055,0.40766605910656767,5.8534799818506364,45.24172447164463
0.194176868853994,0.7345498496299461,1.8786215923918097,0.25847912509145554,5.572203087293028,42.120584347398044
0.5077800550326107,0.6863671004545291,1.980085215951377,0.20737866668983174,5.9170165451558745,41.05685009221405
0.5077800550326107,0.6863671004545291,1.980085215951377,0.20737866668983174,5.9170165451558745,41.05685009221405
0.31982546617733276,0.6448541969253431,1.9326530689012644,0.42872351529607344,5.724718174661922,45.33559633828475
0.49452035873377975,0.7185987039017132,2.1454469420318425,0.24464662628232564,6.015370227151012,42.41148429948855
0.3854080086477737,0.7273486241459578,2.003776484389236,0.28487492163294686,5.777991108247434,42.397307287102784
0.3374984882262511,0.6784653598221603,1.9055524194443125,0.22799213336141372,5.740740767769389,41.16145535638886
0.0076356872785646734,0.5510224908977716,2.01108625702589,0.20418221663183467,5.563069880251462,41.14537932364454
0.07782604573656887,0.6156922197592481,1.7384937804247185,0.34098632739114726,5.5075867295150704,44.07333079609228
0.09913750042577774,0.6439776192021895,1.6937294460401349,0.3062786776087983,5.4527757011723,43.640664388785346
0.4257191516495995,0.6889188288141296,1.9374848691263473,0.18042986889987442,5.796031591048064,40.16618444314525
0.36241699235373226,0.6190358738601631,1.9083936754350113,0.40381023216984496,5.755228071006384,44.862893395750085
0.36241699235373226,0.6190358738601631,1.9083936754350113,0.40381023216984496,5.755228071006384,44.862893395750085
0.5219687259478422,0.6951503083253525,1.7093208146194587,0.3468698092625271,5.923478393265848,44.016386659847434
-0.017089914983096532,0.6051229422236528,1.674992105565313,0.3500901614890888,5.416240519655218,44.836834320809714
0.42406835480824023,0.6580862562509588,1.8510445897424321,0.4472362811409079,5.9609828956912505,46.35911812735933
0.1399307643691951,0.5857009141318732,1.878996133884367,0.5679111148465326,5.684601384627323,48.479717356931516
0.5167190150883891,0.6629411228206737,1.959200418744907,0.29077116498665767,6.044316873665233,43.494502710103795
0.032031187131151495,0.5748543253271684,1.9098480037563623,0.32800592346479657,5.518961574330633,43.84732626119759
0.29460342721621247,0.5791663723217123,1.7188115131872004,0.2332060227177415,5.6785285781419255,41.34536217674364
0.3469358231089121,0.5690964839786579,1.6375866739424318,0.2457004750529336,5.707017408922874,41.53319653557005
0.4566604610467659,0.6026795133381663,1.8828191059023542,0.11833335119890898,5.913035180138755,39.223942288765905
0.5734350999265927,0.5875913506130659,1.7994121227581248,0.2791919131623086,6.03065798613137,43.11828654280478
0.3713089230621158,0.5561104814739064,1.5364190042841879,0.42757935732003827,5.691612771781733,45.32152515177031
0.05056003205849258,0.5024861882922442,2.1804063576206376,0.4246462978824479,5.794421201784028,45.58547758618891
-0.01489256916698889,0.48428616135530816,2.3922501512189642,0.289285202550282,5.782408188762441,42.795077817444614
-0.0808974802852015,0.5424783247648041,2.214007366305588,0.209792059415663,5.567762086319108,41.32036315446756
-0.2226132081240214,0.48286564266161086,2.2249114390405538,0.5614779036113555,5.5769927205941965,48.73498900566578
0.14834012806340802,0.5342260645453208,2.0199002468598195,0.5726392898854237,5.789665735044903,48.567724440424335
0.14834012806340802,0.5342260645453208,2.0199002468598195,0.5726392898854237,5.789665735044903,48.567724440424335
0.02678638214137241,0.5326402532058045,2.4345747743643478,0.4154769677275986,5.81901315524394,45.5298438015376
0.0039009766745115027,0.574279040496096,1.777433911219312,0.15325812073318207,5.460135935595839,40.483391635642214
0.1496438704261201,0.5927999308502744,1.8577783921087885,0.20072348176782642,5.579267216071947,40.92663282495274
-0.28089488382673966,0.5257620670714971,1.9301373282642713,0.558632748588312,5.437667118919643,49.31074756145251
-0.1184043748023107,0.5588936953925036,2.0266485803175596,0.593008008388211,5.539646948261112,49.38059874481706
-0.09692449632470013,0.4448097932087493,2.1329639261945506,0.43532229648009824,5.589537254875515,46.06779268544544
-0.09692449632470013,0.4448097932087493,2.1329639261945506,0.43532229648009824,5.589537254875515,46.06779268544544
0.23998521748154888,0.576503019180111,2.1786160861687898,0.2725862759651376,5.8371159486396325,42.3635264838867
0.1305887473750189,0.5988205203624338,1.9614067690339103,0.601872956377099,5.632791279117521,49.21679268305438
0.3495289061339965,0.5828104288948239,2.33102993678782,0.4081428629586724,6.04207689636272,46.01241681266913
-0.06856381759091246,0.605059493128241,2.130999331407218,0.4473041080719276,5.44793420406407,46.72172766920825
-0.12886425482418407,0.5409860184388774,2.092192264282591,0.44374702936785576,5.437515249773632,46.81005596034093
0.11350211104853936,0.5793348957969001,2.2023225292206376,0.37614423681237563,5.728990239824247,44.49489220355874
-0.18527782956938021,0.4795880504320098,2.131280758944261,0.4819219570332969,5.483572646338484,47.346843129216204
0.2428825100037748,0.5530590385180494,1.929690513203381,0.26832507641108655,5.734418775706827,42.119897804946376
0.2428825100037748,0.5530590385180494,1.929690513203381,0.26832507641108655,5.734418775706827,42.119897804946376
0.1287136519459745,0.5136123876408948,2.1665077291360526,0.443533359243518,5.761952401683548,45.87863028278883
0.025032130429572974,0.4539595635231614,2.0006066118422394,0.4814143193489726,5.630944596909963,46.905578055204934
0.10855990322445358,0.531031078354027,1.6313421221915383,0.23553833740757735,5.467453842703565,42.098192222986526
0.38653503776951365,0.5622420695159468,1.7325635621666402,0.25789654602297374,5.811711544862515,41.90542820323481
0.07342728499195206,0.4960550341359669,1.986560944784685,0.3354586757995922,5.6399860699963416,43.73890911533509
-0.28243345076358495,0.5274501922481093,1.7651168950081257,0.23275968657716173,5.149487918443862,44.764364723810324
-0.03871005007783568,0.5917692632644578,2.0314898103865473,0.3097740845453925,5.546492919402342,43.45835835892337
0.07849839515597967,0.5186450759368356,1.9887894222306712,0.3410769035046134,5.632616514755474,43.76656201540241
0.15981993069852418,0.44826581112294295,1.9977433052440399,0.40287342552955147,5.872899543462241,45.2981290868078
0.23278115996389015,0.5164542020537274,2.154431587958375,0.6208987795124636,5.9160425821285925,49.92181820019781
0.24637823730740133,0.5948913341737144,2.01630567237984,0.6008978734520105,5.8263959566843155,49.128174646110125
0.23921400788000524,0.6550093971114394,1.95497334444637,0.3802059131575799,5.6464790928907025,44.40404565392084
0.2797984721894117,0.6261763423359789,1.9387114267001926,0.3065099521110948,5.785942751158171,42.86674778883673
0.2053702974869392,0.6143553581718209,1.9325172989628483,0.3755241087587373,5.646142441442901,44.33580310157683
0.1076530583908275,0.6654420766339874,1.6746304804175216,0.14565723728766106,5.378646717722383,40.63642937972962
0.18656702255019925,0.6066289704425878,1.8230557337160147,0.2934271860611383,5.597064957494323,42.75977261081677
-0.05909816733648737,0.47639129623496707,1.6285221440330215,0.4894072413492726,5.418953664390153,47.755840467014174
0.09476473073744318,0.5597131437223724,2.283563328658296,0.36842868035304177,5.762717146128733,44.31615473490558
0.09272069356069634,0.5013488361775092,2.213785593737513,0.6320423177650081,5.808306127454847,49.90341143492132
0.3548987290204751,0.66005855415967,1.9165378992345408,0.1435128330584686,5.782414788010143,39.47775825453188
0.2071363154982409,0.6203761415020796,1.777872208492767,0.3556223353565054,5.6106980514457625,44.06584665573584
0.1041969958019836,0.6560692614801863,1.8669061790135324,0.29899232929410147,5.5156870136937215,43.11313613169369
0.3640884024487005,0.6547366879810903,2.036844013708223,0.3511353137713762,5.834224774075266,43.80345205608571
0.23884766510322464,0.6157239127446386,2.0585593143941017,0.22247498091711185,5.737563776897182,41.178157357544904
-0.06391310092762237,0.5619511313900772,2.1584957730857526,0.34734465289417316,5.556904426613274,44.23274029792486
-0.0074603089102894815,0.5996936600921224,1.8953179419533308,0.4336554885524033,5.590453714452127,45.91757986162279
0.1992898651965495,0.5755155476098,1.869322568439793,0.3084642258165206,5.724217032844291,43.028257839590346
0.04876305805897774,0.5754923963806997,1.9973353479606868,0.39909393472000154,5.595955957099328,45.098192941076256
0.1874830533934349,0.5331607512814001,1.9569477332292733,0.2797223961366578,5.7296897424585005,42.37486087747823
0.5221253871607692,0.5682270308783827,1.8464555768276674,0.27092259206942165,5.992111092718371,42.734033715487726
0.12119938331001784,0.5248161863936519,1.8104956379173767,0.13813907598507358,5.577164666942651,39.652532140938156
0.12119938331001784,0.5248161863936519,1.8104956379173767,0.13813907598507358,5.577164666942651,39.652532140938156
-0.01701682089945622,0.5651663348945136,1.8367841966252394,0.5868233907525767,5.411168245828865,49.747388115448324
0.3012222550344785,0.6098413497326489,2.0704042829956064,0.45070406275242103,5.892902701094649,46.2647919442202
0.006871835017716932,0.5029773181047333,1.737926454622711,0.3136662804283573,5.460251220475558,43.82186070222156
0.188976925413899,0.4844716563816171,1.9941600627892921,0.41481627661354836,5.816079142896307,45.35308420984476
-0.11891177618330373,0.5005943910462407,2.125311585845452,0.4510741086807603,5.598192640980129,46.28836111034278
0.06258629785657377,0.5346489811896569,2.2003492789860344,0.3685685964808236,5.764636206783681,44.392096810574635
0.1654663701865704,0.6275884953916484,2.0648160758920575,0.23469948907337213,5.743040525467598,41.52050112342852
-0.098253780029669,0.6177687768621676,2.016589651553087,0.2297935223533556,5.405836507986406,42.426278701402204
-0.1275833078707861,0.5170555620138859,2.3464850821971446,0.43180472815378496,5.652845290495811,45.94149665620439
0.2552844861744379,0.6130907279071939,2.327973196887019,0.282627105376591,5.958145906470662,43.146099733254985
0.07909262190478072,0.561977998967734,2.3284640296628316,0.4527533717375242,5.78617147616122,46.14761040865773
0.041224714709893306,0.5962119000982751,1.9554810035240526,0.2041373970683356,5.472144196104754,41.452082009888706
0.5177041152424512,0.6369357209586524,2.1674550631320555,0.19285844377863798,6.032257667218694,41.376463184771126
0.33841220291482516,0.5222546436477735,1.7343033089534685,0.2689714384862844,5.747522674745385,42.06773389586637
0.33841220291482516,0.5222546436477735,1.7343033089534685,0.2689714384862844,5.747522674745385,42.06773389586637
0.4042333787714966,0.5618233293867687,1.8089275388063255,0.1585764462199401,5.810618083451137,39.80487514140711
0.36159846465864437,0.4902103004192445,2.0629800364323576,0.46355203019101815,5.939238156084081,46.67135183192822
0.36159846465864437,0.4902103004192445,2.0629800364323576,0.46355203019101815,5.939238156084081,46.67135183192822
0.22282907253952278,0.4806412057961591,2.0538600854263125,0.3661929978371799,5.8202610972339155,44.40093274344766
0.08366903777689305,0.47262886568379053,1.9943391795931573,0.36389266956780786,5.703953366155564,44.40230166226673
0.23482448618315188,0.5300453035159179,2.317008355460527,0.3613021149884274,5.93274226915402,44.64254850592831
0.255088747075922,0.6208064359237847,1.7532003552060833,0.20203945510229385,5.639639968735798,40.73466495107378
0.29678642999945437,0.5970791207480864,2.184164550854076,0.21130222382213584,5.9007947155089076,41.30354453206829
0.14943081874370878,0.6083833028619416,2.137287148469942,0.25183625122921494,5.771273921846949,41.94409441755095
0.4481238914666284,0.5221421022675501,2.083841971505793,0.7023449012280069,6.082622255107928,52.55498360974702
0.22015151359136353,0.5867556931820335,1.7781192072283332,0.5607346364896287,5.6156228449359595,48.39740761554545
0.6520064863315992,0.6409465126081428,1.6399421536307002,0.3509717325660828,6.054527702317397,44.7656743541323
0.6520064863315992,0.6409465126081428,1.6399421536307002,0.3509717325660828,6.054527702317397,44.7656743541323
0.6520064863315992,0.6409465126081428,1.6399421536307002,0.3509717325660828,6.054527702317397,44.7656743541323
0.33420563686706856,0.4980473235722003,1.495581183988762,0.4809124599482086,5.744697716124858,46.519657972903964
0.13554137341415062,0.5109781252825424,1.702916869662003,0.3582307683246832,5.538002269719119,44.43401374764161
-0.03073844375617185,0.4756863796790756,2.00695273520912,0.45324085075466136,5.561928676689978,46.432194983136974
0.21310437006047267,0.6086808228283899,2.0711410501347713,0.3271521769675604,5.789923695931874,43.39437247349855
0.00023645083143675194,0.5828661595237902,1.879074926317412,0.2539470935249972,5.4761644369124465,42.4762818230615
0.09334789259722143,0.5381944754710841,2.002249074059462,0.1570576919228541,5.602747525695209,40.01744958879922
0.3728356940418882,0.594690075658827,1.6775266597849956,0.3294510248509942,5.806542327151389,43.4348381567173
0.2743317416316503,0.6271870616441908,1.846309685741303,0.2873934989850585,5.7208269994848795,42.52594962884406
0.2559905241198834,0.6557452026183207,1.8456914942450768,0.17010286817899886,5.694454573631885,40.1012204145482
0.18728965236586959,0.6618760729721426,1.6967703245219616,0.27968523190133576,5.53608422935674,42.69863395416709
0.4801309176489354,0.6234918153254654,1.7852484754196902,0.24550136692761587,5.920714460567018,41.92288038668847
0.29507322579858886,0.6467407414595375,1.632837793060197,0.37566665162286383,5.622612863196961,44.46865381013925
0.7143204543508401,0.6562210965189097,1.9035376862328701,0.3659347124969098,6.120439908881265,45.444431812160964
0.4335634966333641,0.6226604894175803,1.8321307801263471,0.2193129061652906,5.804335090173325,40.99545589345653
0.4335634966333641,0.6226604894175803,1.8321307801263471,0.2193129061652906,5.804335090173325,40.99545589345653
0.3006333347571207,0.5883487261543995,1.8151747390682407,0.29495032246725816,5.67284374501669,42.58915008128359
0.5294386967543637,0.7248651273405433,1.5710625228963813,0.4169118236055216,5.763710690190363,44.98219956509071
0.2920713443625764,0.5860089282055797,1.568017687018227,0.4525389695044251,5.598216297462093,46.00135808224357
0.2926305439453491,0.6808721736158356,1.5601123447414018,0.3299124398568054,5.512812225107703,43.68822113089794
0.2926305439453491,0.6808721736158356,1.5601123447414018,0.3299124398568054,5.512812225107703,43.68822113089794
0.43785417123612,0.6391300979807177,1.6912805629015308,0.45766355560211225,5.787983988878759,45.879554545501826
0.43785417123612,0.6391300979807177,1.6912805629015308,0.45766355560211225,5.787983988878759,45.879554545501826
0.3246311630125333,0.6576459069007132,1.9708790258428786,0.13706502372361537,5.753372379149328,39.349951131036555
0.4768826641079613,0.6676873986606624,1.7107442594594506,0.2617848896822072,5.865706928346917,42.114213074075614
0.32324761419182685,0.6750222283456723,1.5659933713469198,0.22744801458757896,5.603706673247219,41.262648314648835
0.3666357560648454,0.6008940545934793,2.3053922056576734,0.32566367886647507,6.047912394014228,44.396919996965515
0.39366782010996154,0.6223983017205965,1.8965522023940724,0.29616402725797186,5.808713638871862,42.70588615607934
0.47687297869249407,0.7556895755285582,1.840622076427639,0.35950351031683003,5.833757580091149,43.97479867813916
0.47687297869249407,0.7556895755285582,1.840622076427639,0.35950351031683003,5.833757580091149,43.97479867813916
0.11073276325675224,0.6279371083244081,1.6998767094872205,0.21885476702796686,5.494753210247316,41.61097587978616
0.13038345402248974,0.5825352281069075,1.943902881154385,0.2211017939474458,5.588304572342413,41.3655034246904
0.332978464049413,0.6006392399241444,1.4930416687317856,0.2561761943863496,5.606792979200533,41.88626165688244
0.2891842235122336,0.671778716709728,1.7847257072148308,0.13292862075598777,5.616779917049449,39.29265886357602
0.3098354670860641,0.5982548140103956,2.1769348353076756,0.1723295298771982,5.865486213456645,40.346040473190364
0.35890766175798483,0.7138339368814267,1.82978392922966,0.09586699880130678,5.711078562591823,38.40537962102428
0.35890766175798483,0.7138339368814267,1.82978392922966,0.09586699880130678,5.711078562591823,38.40537962102428
0.3421242097362086,0.6871691276495847,1.689501617486283,0.1825306935603854,5.735006456109216,40.204224673869454
0.4405730889307686,0.6757946688651805,1.718807943854103,0.16216546715336277,5.864639720728225,39.956635678378944
0.14711624612921614,0.6397465172865873,1.784686683473567,0.2926207210056745,5.4934039731447735,43.166120225257615
0.5017898798276517,0.7318719258084485,1.677688651677773,0.47875230161780286,5.750540832620222,46.20069109595217
0.5017898798276517,0.7318719258084485,1.677688651677773,0.47875230161780286,5.750540832620222,46.20069109595217
0.5017898798276517,0.7318719258084485,1.677688651677773,0.47875230161780286,5.750540832620222,46.20069109595217
0.5017898798276517,0.7318719258084485,1.677688651677773,0.47875230161780286,5.750540832620222,46.20069109595217
0.1474621563300056,0.6117728127258933,1.9507068616241998,0.3524083472707157,5.633075111505146,43.96621929168974
0.2393523696617239,0.6820307033736687,2.3143696136760235,0.5792207962423701,5.869015835689332,48.722355858602526
0.2393523696617239,0.6820307033736687,2.3143696136760235,0.5792207962423701,5.869015835689332,48.722355858602526
0.20829952485776582,0.6517126556208035,2.174171428390266,0.34876048879102073,5.796117606128938,43.88675699665648
0.20829952485776582,0.6517126556208035,2.174171428390266,0.34876048879102073,5.796117606128938,43.88675699665648
0.3842649735114488,0.5626309325637918,1.8965371990171245,0.29678689496434224,5.83415522969802,42.77708134461975
0.3159714123808206,0.44520597760125524,1.8703001871527258,0.353382717412186,5.9601389889183185,44.48139180416009
0.24778542899275713,0.4728985505173968,1.9506627784649968,0.4458714286360286,5.816120183471765,46.029257395247036
0.2993955013823034,0.5201243675616067,2.0060880838505586,0.4131965533954712,5.827119145744461,45.329841105755236
0.33090457179891664,0.5471101935229001,1.884403308169588,0.3199483189281362,5.764262603206646,43.18815961992601
0.33090457179891664,0.5471101935229001,1.884403308169588,0.3199483189281362,5.764262603206646,43.18815961992601
0.1923983249375676,0.5921920742834395,1.825610079620521,0.3970230299893365,5.552057048127273,45.012869577386425
-0.006960545531127238,0.598302961177417,1.7485134404198872,0.46869336804297795,5.360310436760442,47.67446111360626
-0.017829844853477606,0.5754350135679879,1.8722921512215804,0.23291377220067594,5.479818213253031,42.11565963353047
0.007127486889477508,0.5633087956425741,1.7031215063847254,0.14025337652462647,5.436865115592652,40.34270235532469
0.4707798250854004,0.6222348997458477,2.2403766614538885,0.13786238952316637,6.066627311529486,40.52947503922145
0.26214096525530667,0.5382900056134587,1.6389994614090775,0.27324075435314216,5.700922678086238,42.25804115781163
0.26214096525530667,0.5382900056134587,1.6389994614090775,0.27324075435314216,5.700922678086238,42.25804115781163
0.12746428524403108,0.5634416335830433,2.160362076443095,0.5735535827365261,5.8138747276356915,48.660527485948585
-0.23054111069561245,0.5405252286172567,2.0895847255541176,0.40237047292120653,5.41711842990866,46.06887823941206
0.12175023732813439,0.4765582326494659,2.164289367617619,0.46110610366599747,5.904335167761543,46.73492026946283
0.2868092386276082,0.5028788023763122,2.009938672253072,0.34470011987760385,5.880024834173762,43.94922975309675
0.21163690989951078,0.5708643396347997,2.0567259896448373,0.26981128387950587,5.7345646826274,42.17089886133552
0.21163690989951078,0.5708643396347997,2.0567259896448373,0.26981128387950587,5.7345646826274,42.17089886133552
0.5564490088622842,0.641731376479275,1.8834889229993474,0.2616999073750661,6.034043317088922,42.75716454539126
0.4469844215525865,0.7774152009774947,1.7607674202911359,0.3474022015289553,5.742069594436911,43.52646902289941
0.4228486321344535,0.7499895831944323,1.5304209816141174,0.27300920584113253,5.654808676085014,42.04817019927495
0.4228486321344535,0.7499895831944323,1.5304209816141174,0.27300920584113253,5.654808676085014,42.04817019927495
0.4228486321344535,0.7499895831944323,1.5304209816141174,0.27300920584113253,5.654808676085014,42.04817019927495
0.5885479120132239,0.7096529638077109,1.6294850377638537,0.27472128788429057,5.9013711883404625,42.32218212390622
0.5086882851909468,0.6728980461979048,1.8150928016379326,0.16847776973740247,5.84900354279082,39.93608635534166
0.006524072732544184,0.5465613934152425,2.0619664935218323,0.3431111860880861,5.587303557618398,44.00044600473289
0.3457430965699446,0.6065946853835246,2.350251897655604,0.3406768539887405,6.048075829320558,44.701819294338456
0.34112891921250377,0.6124889946193004,2.314692638394253,0.27931100097960326,6.071565851898238,43.634662612737756
0.16216646833092285,0.6115712043188805,2.252710663282136,0.3508102895804943,5.778240648931141,44.000843331156844
0.2269770465220151,0.6241971294546845,2.248869448697584,0.2791855543095191,5.79307567563575,42.43629140398068
-0.046086136960619806,0.5677107985010236,1.775609598984044,0.3262863992439353,5.361123364885751,44.66717188783323
0.2770316300789508,0.6159067982733147,2.032708407246826,0.28672697607915903,5.771149737841711,42.50118391198157
0.057297103704242125,0.5456884099984718,1.7052337555010313,0.20725205821688505,5.389957047452204,41.89645827692657
0.10675674796909118,0.590144982010189,2.1460612128830903,0.5379997842324489,5.6770755199994705,47.9902339270066
0.25979998920366154,0.6859422689152032,2.2732008463267395,0.29530971034735837,5.829570961952271,42.89032923607795
0.45212829789604564,0.6761560307878335,2.12973680859872,0.2230569299376619,5.952765944338985,41.64064551248777
0.36223729918332526,0.6383602829934715,2.102174927655781,0.21939290994018812,5.91567786270007,41.49303443902702
0.26255286309074644,0.612868557963836,2.0162972368324814,0.19420403729722022,5.745983970879667,40.566045007168846
0.2513493525261693,0.5387715456555778,1.8871173487006723,0.12411620922608477,5.71415991983171,39.12555384078719
0.12283200937330213,0.6715975470371244,1.62979937850115,0.2101692960586823,5.380624963096982,42.00408921042971
0.2130383008980017,0.6539925925579376,1.921153984098717,0.15851946722453542,5.672395442976434,39.876829770844616
0.45187603213173944,0.6636864366348697,1.9898658801406421,0.3393497631281534,6.027036998663197,44.5421725567028
0.45187603213173944,0.6636864366348697,1.9898658801406421,0.3393497631281534,6.027036998663197,44.5421725567028
0.2162885163313606,0.6152760277187831,1.9588506720895673,0.4398687688931881,5.753450630308434,45.852815155863965
0.19931207176532306,0.5843491990386369,2.2481884199687268,0.4568864461338487,5.874885700191601,46.48350972445198
0.4097566928405028,0.5763916079587748,1.9110448271686198,0.1819152591514598,5.926024965643505,40.68329874359467
0.1990623703579687,0.48795829983729233,1.8212663301154588,0.23361347124239096,5.740109309970601,41.41018389884829
0.3707223552193008,0.535540844085971,1.8110234916388308,0.31985316678247333,5.792500646303216,43.123277025203954
0.45470584574405043,0.5219440123626206,1.8987720793820675,0.3119998517659876,6.002569406379923,43.81863283582907
0.3564789503185579,0.4892655188597423,1.8802970771520755,0.3733272303961931,5.920337130927572,44.798169169112136
0.3564789503185579,0.4892655188597423,1.8802970771520755,0.3733272303961931,5.920337130927572,44.798169169112136
0.1722480597937821,0.5638967331457477,2.0080779758788543,0.44226583651995915,5.768015290939639,45.99246717461587
0.21031210357736424,0.6185738846702078,1.6666342733621864,0.3355883558488619,5.527302358418523,43.879363347505105
0.3784023366466974,0.6022979538746502,1.9238990442273176,0.10331340510763289,5.836877578070581,38.75408615305714
0.3784023366466974,0.6022979538746502,1.9238990442273176,0.10331340510763289,5.836877578070581,38.75408615305714
0.2441584881178399,0.6127735117072276,1.6951641024082154,0.18619948223862878,5.654040407056765,40.44573284741843
0.19526564737171792,0.5491542126595026,2.355337606203246,0.22213468029627872,5.88766733366189,41.56794534134904
-0.1083152833807387,0.5025224727082106,1.7052407682996404,0.40815165368712286,5.316907858491268,46.79843777973634
0.2798989125446715,0.6234040389000561,2.251297947948743,0.3576567681589572,5.959788601499531,44.527297263041305
0.010803036574980607,0.573098196309955,1.8451946043856444,0.35851064001030053,5.540417615257875,44.367011552770045
-0.04984254114872644,0.4528074406632232,2.065048258138742,0.39725848186630697,5.673828235907073,45.0321842440594
0.14103443448582315,0.6284352819836381,1.690099250338123,0.26455320939659843,5.558586872920406,42.370669966334546
0.2095344900242827,0.534866685786575,1.9305088453432524,0.30586856147963315,5.73533660675087,42.984276304065574
0.07855080516228075,0.6559720493446444,1.9095211525749778,0.371807367077918,5.464708292664568,45.00401656113658
0.4636306179749508,0.6996746219866135,1.8727692607357667,0.25613429311866376,5.86507697517522,41.88759119322115
0.4636306179749508,0.6996746219866135,1.8727692607357667,0.25613429311866376,5.86507697517522,41.88759119322115
0.21036207578734667,0.5509460571063421,2.1401298464172123,0.2110511589022882,5.826553712490048,41.071416222072784
0.24477893581251153,0.609049723857471,2.247402424877977,0.34482404170144765,5.893118874932082,44.07143647207681
0.213700596606406,0.6184517281554052,1.9288365218512842,0.2095231373040346,5.669017240620414,40.92811410142326
-0.21335261449605603,0.5594014980451654,1.8962230658700117,0.36902366604807546,5.237142384548648,46.72817910573879
0.17847746159378486,0.5222042351440935,2.120167827524527,0.323444792150248,5.895626592159802,43.68891689603219
0.28172464405166114,0.6284135450201374,2.1218977365306717,0.249560577969288,5.877459861431931,42.0410233957147
-0.004195801926623055,0.6246514804817546,1.76996060909018,0.33098527581004766,5.480151903784402,44.20786061245415
0.14322770384719996,0.6117667698454423,1.7994691260519953,0.2258496276721085,5.572775433850568,41.47487116661561
0.39066606104715235,0.6827362088465008,1.9886055130574714,0.35974887440088776,5.878180147506992,44.1271617439429
0.39066606104715235,0.6827362088465008,1.9886055130574714,0.35974887440088776,5.878180147506992,44.1271617439429
0.29972786688117825,0.7492336348446026,1.7787380931415724,0.24770196730279218,5.64991715059613,41.617343767061044
0.18829856701308273,0.6064781494728166,1.837905232092506,0.26049794065803333,5.721389573239022,42.08473438685037
0.06901925326397618,0.534791800216171,1.9466032810274299,0.3021168260264655,5.662022993037526,43.00878776822037
0.4369884503238293,0.5816675739290654,1.9781537134241176,0.23217625578736228,5.966742444861049,41.94368246194145
0.19468599790989327,0.6132566393744772,1.7294763164177378,0.2805829628648037,5.510156506755134,42.825898822343085
0.29066975747149193,0.6908204205774522,1.741753436554615,0.23710321556841824,5.556465364085971,41.62301310789709
0.29066975747149193,0.6908204205774522,1.741753436554615,0.23710321556841824,5.556465364085971,41.62301310789709
0.6981766270390686,0.6680771965254491,1.96389761297833,0.32309084189455545,6.144260391808415,44.80928045417404
0.6981766270390686,0.6680771965254491,1.96389761297833,0.32309084189455545,6.144260391808415,44.80928045417404
0.24649961496369244,0.6292164579230582,1.7531548555593441,0.25221648603604974,5.610140549780347,41.846217668061236
0.5132877273176064,0.6235653883860299,1.7447436764254625,0.2936175228980705,5.881727633163322,42.66653781343025
0.34673152856684436,0.6150628314891291,1.845364560747226,0.3081963598558577,5.731664154208179,42.82888486220012
0.20429692418973472,0.5501271990287157,1.7095496698202235,0.3108988684177635,5.6043253702861495,43.10596316229195
0.20429692418973472,0.5501271990287157,1.7095496698202235,0.3108988684177635,5.6043253702861495,43.10596316229195
0.3219293004145786,0.6646069243590387,1.7410417638975964,0.2904192313062042,5.612795163304733,42.591940043644065
0.5511348211630074,0.6571614712525581,2.0340899970196697,0.49173757527539924,6.044093433888747,47.834745992950886
0.704147202208288,0.5973917649630291,1.8432383790148092,0.5744900476872958,6.253353768865992,51.23194987084582
0.704147202208288,0.5973917649630291,1.8432383790148092,0.5744900476872958,6.253353768865992,51.23194987084582
0.144537094579541,0.49968798073782994,2.078437175303186,0.527397592637928,5.819548232033982,47.84736192983342
0.21110823345740498,0.4537439162444587,2.030667697253392,0.9281143727436905,5.972237057348709,56.7825643760842
0.21110823345740498,0.4537439162444587,2.030667697253392,0.9281143727436905,5.972237057348709,56.7825643760842
0.21110823345740498,0.4537439162444587,2.030667697253392,0.9281143727436905,5.972237057348709,56.7825643760842
0.3638337338664806,0.6052887776423713,1.9846644794108972,0.6538007505548776,5.976105337234669,50.885795650531335
0.3638337338664806,0.6052887776423713,1.9846644794108972,0.6538007505548776,5.976105337234669,50.885795650531335
0.25206616224532186,0.6310130506237691,1.79776782846141,0.2000462784918938,5.657057468793549,40.69266579643775
0.6113135207356059,0.7433554267885932,2.1004922269533237,0.4638135981011849,6.029613483919012,46.99385984628774
0.4222881769216619,0.7606458558903133,2.270847288427486,0.31773483988118373,5.94022340528113,43.57365725119347
-0.015028084842366174,0.5889985729381928,2.1974758577470435,0.25483001406100136,5.552853789616902,42.2883840138532
0.001080097848748962,0.5631775914490728,2.5181379295728523,0.398769393933743,5.782447481397973,45.14744496564485
-0.13950908082511027,0.5799545068437191,2.342200061363041,0.5421117704001911,5.606153930358674,48.23073878260497
0.3243101626768705,0.6487931418180691,2.056941199949204,0.4109430053415616,5.800012951785612,45.10644162763203
0.10153811160615611,0.6466461315966049,1.9247023361091553,0.42763598139700626,5.548955971038848,45.73095698554285
0.01751020191082797,0.5786435390291104,1.8640064201171953,0.39670801728579275,5.453989770569065,45.531687904016074
0.2814841478974298,0.7005709057524045,2.0300243704920593,0.3047627117412458,5.679201378858417,42.81097715333083
0.017058312621893834,0.6101393743020175,1.9581705928978979,0.37598484458920833,5.414730635704649,45.3367872116733
0.49785800649225387,0.6651139664438724,2.226805425804419,0.3186465746417258,6.033670483925908,44.026845790981774
0.41077008358499517,0.6547286544322074,1.9966307660145128,0.2456730000807806,5.860219290164659,41.777216754371175
0.41077008358499517,0.6547286544322074,1.9966307660145128,0.2456730000807806,5.860219290164659,41.777216754371175
0.3541839982815338,0.6051610028391587,1.939875296070011,0.3023689551371638,5.810316886226172,42.851580185040866
0.3541839982815338,0.6051610028391587,1.939875296070011,0.3023689551371638,5.810316886226172,42.851580185040866
0.3541839982815338,0.6051610028391587,1.939875296070011,0.3023689551371638,5.810316886226172,42.851580185040866
0.359487105735208,0.6892480728315544,2.0196820045005865,0.34679531784623574,5.864795674555008,43.92289012146896
0.1723804432427244,0.601525590524029,2.116449653808515,0.3051680931437757,5.862332157369073,43.17041672365477
0.04148168931348628,0.5689998854429361,2.093536738365421,0.3392951436468368,5.597576381904287,43.83548306879315
-0.006406048070008885,0.6132379953976222,2.124925440671552,0.4002794300564209,5.5721362400619014,45.25027549145773
0.40031553095368355,0.6291952650559914,2.0935074892998413,0.2329295476753154,5.896390417682171,41.6291074440943
0.2096588327622395,0.7200469239235026,1.777764894183008,0.273084792184164,5.487938237148946,42.668242154647594
0.08971686688542746,0.5900920364199627,1.8191396707968142,0.4007107702622485,5.537702311509862,45.31188660962489
0.3366659369034726,0.7094333545929945,1.785667425672569,0.3073231382908735,5.704201835342184,42.846756796481074
0.5378437044295229,0.6289768929688757,1.9276616995011704,0.46100545073413635,6.020452111243527,46.94760766032499
0.5495282816946423,0.8484811602958204,1.6408764915167993,0.45655313950694904,5.779211591775942,45.74873442780137
0.655522645855561,0.7679910701944389,1.625407626137009,0.6231165732483699,5.90506031430097,49.6229740881635
0.8440393229215866,0.7668649979214102,1.6792338933452147,0.3681315074372552,6.167529773724256,45.74251994666208
0.3620150627063534,0.6736308680326775,1.5098548707752055,0.26032857165138906,5.607352504188785,41.89864992809646
0.24178107332182613,0.5650671332342103,1.8691636627193928,0.41622733714908416,5.699240448731308,45.16483380039999
0.2721075153843351,0.4744508845841349,1.9538744576325597,0.5220783626221984,5.8365802881711915,47.55735939312919
0.11278894300387254,0.48904850695991176,1.8566048517242282,0.3551341943765486,5.665802713058448,43.98726616277135
0.3456423691941451,0.5156290793599918,2.0654895074364195,0.5178982346312528,5.959401651869962,47.82287577563696
0.21598023905160546,0.5629429880834399,1.809767490377542,0.4164714884928567,5.779285372937457,45.13793082434025
0.22711262019959283,0.45930915397047173,1.9072515625098991,0.3537350594608886,5.852476046875248,44.1521641569753
0.3970579277146046,0.6159699141596818,1.8246295091574225,0.21451116293619055,5.791317335173082,40.88194009040264
0.15542915164883753,0.5944953835125312,1.8363313358435585,0.24111885654430087,5.5339348013915375,41.910088459728634
0.2995330028385598,0.6249346645325671,1.9614337417966292,0.24353086866830112,5.755902254170678,41.634492089784175
0.1962688090875453,0.7099293980644757,1.865812553580068,0.23256604978696954,5.537085414700055,41.67876311949567
0.5974957522191356,0.6375650680159071,2.2419502733547145,0.1814478993005625,6.192146646615668,42.3902332989114
-0.0013561392439770392,0.5104888036169449,2.3846630510742797,0.403807924681277,5.8190431714728605,45.21231544567909
0.26957505659444725,0.5254409894653962,2.3455778727734913,0.3742592199816488,6.000437403566652,45.225679181976986
-0.1599396557411744,0.4761923355938269,2.0459274765043265,0.5094959233795813,5.512115687798694,47.8021425984847
-0.06652053390194534,0.44418262878719666,2.31354616739587,0.6355069629768826,5.802425359490488,50.12759102050531
0.14436606904803562,0.59687829623179,2.0353069484833446,0.3735653296692528,5.651281814476577,44.42019152154058
0.14594643922791894,0.7037391999344439,2.1927907134634195,0.5429885448299391,5.6543318479293,47.87358272884611
-0.007261162417487865,0.5584532219754215,1.9609344206418136,0.22624996838435024,5.516673484059197,41.84048155391916
-0.007261162417487865,0.5584532219754215,1.9609344206418136,0.22624996838435024,5.516673484059197,41.84048155391916
0.32425750371772466,0.48261432638346763,2.0099565043566137,0.6020231342187805,6.027337002869739,50.157843146981136
0.34247114232376497,0.5414746732344403,1.8195073512767759,0.1193165969525799,5.81060265562485,39.01008448427238
0.26623960865570134,0.5140251010354567,1.9377897320450757,0.16544108074748337,5.790646743003926,40.02014264836407
0.02571536709054334,0.4898184221945694,1.7963859971486198,0.45068910422286096,5.480883321904461,46.54745969687386
0.2833023928893716,0.5538045245320973,1.6491656038544928,0.2551923660530489,5.69269987922484,41.81005315438357
0.2833023928893716,0.5538045245320973,1.6491656038544928,0.2551923660530489,5.69269987922484,41.81005315438357
0.11125584716957615,0.4786770012068024,2.169191509179366,0.5146899819515401,5.80427982791149,47.5411057234392
-0.138844426774567,0.46791614533700177,1.910698536439858,0.6544528887396885,5.542371162015932,50.89763406487439
0.10793331852996002,0.48931277317095717,2.2899336454714287,0.6565181335741976,5.933245501320748,50.81237289029804
0.07760128114882536,0.490356209137938,1.5412681206148384,0.20052731026705486,5.512090877112634,41.200768469402256
0.366926293655161,0.53896379261663,1.859438692544691,0.30807039090891586,5.8598187162978945,43.10085422053598
0.3182980203627081,0.6023070430900959,2.160186143654921,0.279323574486219,5.893034991601779,42.71447027913324
0.3182980203627081,0.6023070430900959,2.160186143654921,0.279323574486219,5.893034991601779,42.71447027913324
0.3788515723756442,0.567888219492781,2.2615308994638457,0.31893073855489096,6.002264637199809,44.00171849619039
0.13363898259048634,0.5761818844553057,2.286631051088071,0.3698271006162414,5.747587448572635,44.32638852040466
0.28272058743931916,0.5375769815818089,1.9902417219007165,0.3178123371289963,5.79905868564955,43.19516031520794
-0.002874751965395217,0.5170344979857953,1.7998342233282916,0.3859394845369205,5.420594189894899,45.57506351852592
0.46900881937653294,0.5411189948955983,1.8101937081888582,0.33575483408408896,5.981683567444881,44.19913802377556
-0.04743840478220829,0.627393282636723,1.7847849818390644,0.30360345155485163,5.342889462517721,44.41325593985442
0.3200741931452761,0.627446253410678,2.1252120865345097,0.1920030725279179,5.838264617662656,40.60417717664595
0.2131538115617989,0.6064433744837183,2.265955651300289,0.4229055874811422,5.813798015390939,45.466869960463384
0.27296058414561514,0.4849661883588813,1.9581017840329886,0.41351365927170347,5.860987965137871,45.343341442025704
0.27296058414561514,0.4849661883588813,1.9581017840329886,0.41351365927170347,5.860987965137871,45.343341442025704
0.35043473963087884,0.5602122427923443,1.821677096116332,0.30108685721492234,5.79106765822838,42.7244836217634
0.5525694552804153,0.5324282063942419,1.9037368010638331,0.23802117050912366,6.080354990966365,42.617838633443924
0.1568953912911324,0.3855539716415203,2.10823415654648,0.4714362883470163,5.961050420486352,47.05009294070642
0.22953873418885334,0.4175988181060287,1.9689623845394872,0.4571434674963185,5.9227218020645465,46.625607384543805
-0.06629887226148357,0.479962511261659,1.8218872899644183,0.38519144129584687,5.513190098614544,45.234665217224176
-0.08260421376532645,0.5005710873142996,1.8003487413744528,0.17651816543018584,5.442435341737105,41.122793000918335
0.35645824960789113,0.6389062920041868,1.8484930829054098,0.24076053989137644,5.7944049446887345,41.5006828350236
0.20120281104197885,0.6577819714607244,1.8132695738586773,0.26030359158407085,5.5903193545412595,42.09354544388366
-0.005986051224912026,0.5484103514150673,1.7432944721746089,0.3599615756300975,5.367832142138676,45.39133023435379
0.3556995185949464,0.5769947967974679,1.8988457037893895,0.23717594305746076,5.842408659568825,41.604877531740364
0.0315023408832904,0.582607086944955,1.7543060586457688,0.29135615614586785,5.415690992606951,43.5730366951537
0.11900306005556593,0.4010548139008258,2.0677284840063006,0.5188414965625887,5.966020415019425,48.26695051526899
0.36821879881461783,0.49445011364694025,2.1360524373119896,0.38256026056300735,6.0587054709589685,45.73526047714389
-0.4218373079877512,0.4548407550000334,1.829218276705988,0.3473279719544289,5.1671077212678185,47.169191285466916
0.15093945888365856,0.5883428152470317,1.936077490353707,0.2131585281630917,5.6607682215122885,41.049004246433455
0.15417065504922628,0.5857039523459049,1.8509973904087114,0.20829568484178346,5.64300129380685,40.9976424801588
0.07158524300719016,0.5104265170895139,1.7074387047003325,0.1915249097743383,5.489710867659619,41.07664564814096
0.5353342848642325,0.49057309675453153,1.842436227393299,0.3964517807596616,6.144038072741911,46.495431781430845
0.37910177222741537,0.5737160595573282,1.7683499074402431,0.25718124510372714,5.782850760728922,41.86510675214834
0.1730247272924561,0.565914041882595,1.8223276711685235,0.416153008081575,5.586922380220569,45.37652193224566
0.13013194675292084,0.5570784349394688,1.7896186131560792,0.4548670579348925,5.537981338166722,46.29098339997814
-0.2622084307319674,0.4375272371487535,1.8651349313525856,0.6558730753254596,5.349425505031966,51.81981020190905
-0.021597572137048715,0.5260773168152764,2.1005305178417433,0.5831408623022013,5.613150201888233,49.034255890390014
0.023823476213824524,0.4998089558783181,2.182482084467202,0.5353727314897554,5.695092890656287,47.87304921442269
0.09717836736756436,0.5180808525559436,2.067754360181138,0.47965214091821756,5.714627781248874,46.65954321867359
-0.013778613127235495,0.5426944155319836,2.044678157324437,0.24944999008754593,5.560652100819713,42.117838370791475
0.5477100862798796,0.6507123463269958,2.1692740959950725,0.3088109043567651,6.0702014837600204,43.95567350296047
0.3862134101008681,0.5836097051637689,1.655849105466219,0.4524193046740914,5.728378130081763,45.717438115104606
0.15699219152940114,0.606980194479005,1.614398410953017,0.3902893247129196,5.498773303293916,45.104184842103635
0.24384120399802878,0.7145243934476918,1.5637010845512467,0.24841373402045255,5.530900564065526,41.933448436643715
0.31000846519416836,0.6154125993016039,1.738014503144065,0.19699151208934085,5.664485892218396,40.52737869931179
0.2926731539470056,0.7253676467082217,1.8404695813521925,0.48184887804257437,5.5864250768804595,46.494710312709685
0.062444098405712745,0.6629771414205482,1.7871411333271896,0.4389973659726947,5.407160383348398,46.62033044738331
0.33491629569126835,0.5842172948151205,2.1204914927263134,0.6604989631893231,6.13990910788577,52.06834743549207
0.2434836908315109,0.5521261153877177,2.2027051399791637,0.4743254308346986,6.021076708191362,47.534498225761546
0.4608394298947838,0.642031678985461,2.0429803113855947,0.47644810074556354,5.984530360859747,47.02016930570526
0.004782200056730246,0.5495203383648153,2.032868562670959,0.5197168120724402,5.570187732105387,47.6126399334284
0.396336395272221,0.5311910449389593,1.8141072082980232,0.291223132093458,5.919557739827514,42.88036315077315
0.05453921928380756,0.4206169723882417,1.9697702012598268,0.495052886976162,5.810528755509075,47.032115488142715
0.5719049200892237,0.49790844967859516,1.8970013559882395,0.571822172205491,6.122553826432763,49.818427002026375
0.5719049200892237,0.49790844967859516,1.8970013559882395,0.571822172205491,6.122553826432763,49.818427002026375
0.5719049200892237,0.49790844967859516,1.8970013559882395,0.571822172205491,6.122553826432763,49.818427002026375
0.4695769471781708,0.4489943103064392,1.7596683291889321,0.6201553512897267,6.079280201213578,50.72070916996201
0.3731641946138886,0.6784136560323477,1.601841566429204,0.30937115127831766,5.624702052930001,42.83005869387594
0.3731641946138886,0.6784136560323477,1.601841566429204,0.30937115127831766,5.624702052930001,42.83005869387594
0.23267587411456053,0.6457788672328,1.6673790973641023,0.12741839642703082,5.511876724033584,39.519068200987775
0.22593585223430152,0.6126674030402357,1.6821551126939185,0.22831890060277862,5.536168043341661,41.564366693407315
0.4272336440790582,0.5897361230069152,1.7836937245250475,0.18770714146275563,5.828016079270224,40.42231844985346
0.2667515936117262,0.5503267703886661,1.9628218779883393,0.30002231006389757,5.7515397571289935,42.755035268134876
0.2667515936117262,0.5503267703886661,1.9628218779883393,0.30002231006389757,5.7515397571289935,42.755035268134876
0.2116381819714539,0.5283616220148546,2.0322568540840735,0.20304721109792162,5.721360941369293,40.79896962001234
0.11951574858693792,0.6401207418634653,1.8826257964471533,0.28634940295767297,5.516667731703734,42.950732339359334
0.5334327475340883,0.7244441433009142,2.0155883207233773,0.15977336079178278,5.949743055072931,40.21277446591085
0.5334327475340883,0.7244441433009142,2.0155883207233773,0.15977336079178278,5.949743055072931,40.21277446591085
0.2902750011499439,0.5821076527989407,2.031703273240611,0.3457321134297287,5.9197120733299355,44.133159558540285
0.26579616156909047,0.6444014806685093,1.7769607005077754,0.2517747289218884,5.757862524973953,41.76702853311618
0.18658704193647757,0.5328618030961539,2.23313826237407,0.41981949099294597,5.928346950361037,45.8219313206436
0.2746339543248024,0.5861056913503302,2.166791879632446,0.31361635151188366,5.9021961128620095,43.39912820818112
0.2746339543248024,0.5861056913503302,2.166791879632446,0.31361635151188366,5.9021961128620095,43.39912820818112
0.12029945397192277,0.5403389432213307,2.0259138291214303,0.39433027275623406,5.668855628669524,44.866427775178664
0.06658396608507311,0.5581783785272669,1.7631382333650987,0.1880851073939083,5.5498591715343295,40.8221204108484
0.06658396608507311,0.5581783785272669,1.7631382333650987,0.1880851073939083,5.5498591715343295,40.8221204108484
0.23881968388930758,0.548108430986539,1.930666770171429,0.37153639422329937,5.8568957553446115,44.63470457846211
0.4215694083156516,0.5948721797967557,1.8423154843858534,0.23054630994247827,5.938389547318531,41.75158112863044
0.15526298024684793,0.5504365450068898,1.935306094125906,0.3598215232592067,5.695224329526143,44.19603306057253
0.42385365177565737,0.5766860837579483,1.9440353179905019,0.3290608364690947,5.9698658015574395,43.95475671034777
0.13533858606031013,0.5171543139817257,1.7287183507016406,0.41474249279169006,5.671212138721696,45.31234235406138
0.3857491206818403,0.5287185895779549,1.9711577919011374,0.29680867747712775,5.931882797389979,43.09011748124798
0.49805319721366,0.6765261440614315,2.061069897445464,0.22313222066141317,5.962408374384586,41.61738313438128
0.33251965999745275,0.6357913264490112,2.0863956962330237,0.3296662196028102,5.833077263462215,43.470559515938895
0.5203816031358419,0.691313205790911,1.994524778147368,0.36957361474999534,5.952586471437863,44.553735455544036
0.5203816031358419,0.691313205790911,1.994524778147368,0.36957361474999534,5.952586471437863,44.553735455544036
0.24791493970063228,0.6749834002073793,2.023277857288999,0.26212972036122084,5.708125805500739,41.97984904721399
0.1225783987763942,0.5940965381512376,1.9561460149815595,0.3729318767345603,5.665619576325428,44.33951976028144
0.13677665370364872,0.6169117801122455,1.7661083425251838,0.19123577291638552,5.551620025555779,40.75027211165136
0.4181995999159033,0.5842404314762404,1.9905446153386788,0.22030275166035065,5.90097794303115,41.33179087039335
0.4181995999159033,0.5842404314762404,1.9905446153386788,0.22030275166035065,5.90097794303115,41.33179087039335
0.3097451131308203,0.7113824390385846,2.001400562343976,0.1275420386929862,5.7274446799249565,39.11457124434086
0.3502280637360872,0.6104480842398151,2.056268353491577,0.36840984391469733,5.914070982209905,44.49008760272486
0.06594927690208197,0.574227534566381,1.9053806787916612,0.5010494808836815,5.574250856587111,47.19919547346838
0.2490616242291876,0.616786155903994,1.850838857499769,0.3057842694739195,5.697531919457791,42.797392732893975
0.43356158795620625,0.634805775099459,1.8279439458469142,0.2478388952078213,5.855890646627082,41.76399267342172
0.3224137710859152,0.6946235193203478,1.8932708605682118,0.30292810137705145,5.691128940863044,42.76108522963974
0.2817554176116568,0.6080298998730006,1.834722714420942,0.18036251529699657,5.709733643552425,40.247092588122555
0.7197805959289982,0.713395149520422,1.963159214689536,0.2569902168519428,6.141318613399396,43.339736749102734
0.4767649529248402,0.7215672609331047,2.0404382504499963,0.3049175267031076,5.877793049377269,42.99894724492449
0.044241586716627035,0.5553826410375254,1.527842702480808,0.43276118169482536,5.342651383938399,46.92791461002774
0.3568356888404517,0.6210534741005912,1.7471063030213114,0.2824610213406382,5.703704791086511,42.2497066674881
0.42057184000761805,0.7359722688128947,1.5919864723505557,0.3329435131978326,5.660935751029921,43.313769399480115
0.48604382749638,0.7811108486068218,1.7103038897124097,0.22144685321008623,5.76112698147217,40.91461424673135
0.48604382749638,0.7811108486068218,1.7103038897124097,0.22144685321008623,5.76112698147217,40.91461424673135
0.3874919118574429,0.5553700164729801,2.0371321624994403,0.2369830790183415,5.9484538528754,41.87747146671081
0.014869680773966443,0.5026157230519436,1.838629687285425,0.18891548759912846,5.476655918580893,41.09221903858952
0.03730945762074189,0.49936624651738476,2.30267621733271,0.38283066048098896,5.784226167080222,44.855220642779585
0.03730945762074189,0.49936624651738476,2.30267621733271,0.38283066048098896,5.784226167080222,44.855220642779585
0.012106311402997116,0.5265073431719896,2.2241193437548956,0.3961332832300672,5.729115039996682,45.02554309079121
0.3155887714408603,0.6059333090275415,1.917746563377345,0.26827437145752414,5.734817656843907,42.1058056250241
0.3155887714408603,0.6059333090275415,1.917746563377345,0.26827437145752414,5.734817656843907,42.1058056250241
0.4344270617073588,0.6864132386158233,1.6858426259084605,0.2958274919523548,5.680964923698861,42.51464446200768
0.6205200287442995,0.670748449221059,1.5636394847305968,0.32504462789530947,5.874356732190138,43.252415779932704
0.6205200287442995,0.670748449221059,1.5636394847305968,0.32504462789530947,5.874356732190138,43.252415779932704
0.595431707704394,0.6033860087971181,1.729733416754661,0.3106230581273758,5.9907177601215675,43.48747815615184
0.595431707704394,0.6033860087971181,1.729733416754661,0.3106230581273758,5.9907177601215675,43.48747815615184
0.5017547767383861,0.635882993639254,1.5849518359093968,0.16717457954237322,5.786567323779378,39.8904229682541
0.4066791481334692,0.6916559866513521,1.7554750156057755,0.13446869730966912,5.713180270476782,39.13461843685218
0.2908644098083988,0.5318399777868216,1.7596959790274906,0.2414261014110819,5.758568309681548,41.50493199402562
0.36046482350059983,0.5780278946089965,1.9693227372880302,0.17687972600511634,5.8632306498899425,40.36154957959099
0.36046482350059983,0.5780278946089965,1.9693227372880302,0.17687972600511634,5.8632306498899425,40.36154957959099
0.23447095143783614,0.5065536088011231,1.9901969430309858,0.28087036221675343,5.765064932580276,42.539603722874936
0.3955045427332527,0.6026915425768337,1.8210789590656336,0.3042582327389455,5.822042112015537,42.93554113038016
0.20166958923100076,0.5480414053987416,1.6618390620590644,0.143679079077051,5.577640755119576,39.67108961609255
0.24160744978581167,0.439470103496049,1.9483031469901078,0.3019858434361786,5.914637106500982,43.260927331759774
0.2259487196764644,0.5533397890727741,1.873348444754944,0.2847811491203879,5.755597892848137,42.51450830284313
0.14605448234792184,0.5329633097184346,2.0764852857006826,0.3112590655165836,5.73770953952242,43.09698446361437
0.32206776108725454,0.5943453837823072,1.8689556200146873,0.26802985371211946,5.766120526894552,42.162183791998885
0.32206776108725454,0.5943453837823072,1.8689556200146873,0.26802985371211946,5.766120526894552,42.162183791998885
0.29694392515424717,0.6207361094448209,1.693238003163664,0.32419439853578663,5.6742679956190285,43.203861492121554
0.3853188290348277,0.616495594518312,1.9080215260397535,0.3176462846425591,5.951176337953681,43.71839981613365
0.3853188290348277,0.616495594518312,1.9080215260397535,0.3176462846425591,5.951176337953681,43.71839981613365
0.3853188290348277,0.616495594518312,1.9080215260397535,0.3176462846425591,5.951176337953681,43.71839981613365
0.3697925518635572,0.7173150166394854,1.7694856187451056,0.29705238989190136,5.652218610573744,42.57099098844137
0.11517603727210546,0.6166515452739793,1.9825640932287727,0.4679330926165897,5.562977205913057,46.54755809039491
0.1897348728464492,0.6495765619635495,1.6534372444366148,0.27929709446067236,5.498928172295331,42.79400483056119
0.16151667573062384,0.5549658148640959,1.6217829909531731,0.3537936743753087,5.493038712596183,44.32489701001742
0.5181446489616522,0.7157453721116611,1.768386669583557,0.3507337078641767,5.835824768036886,43.636087350299626
0.15179643392482262,0.5931450937438654,1.627271739592335,0.43521799268494005,5.503161568268762,46.03714607704036
0.08165212356238077,0.5927226486939742,1.7036074901699323,0.2882324626301217,5.401855041741861,43.542317758557715
0.24192875080261483,0.5943732346304285,1.644365900130631,0.31865042297862994,5.559798178921046,43.40840536433946
0.7310471926872559,0.7752099206086998,1.935774483444147,0.31693809936449696,6.107884727228842,44.356047941237115
0.20158494460029025,0.7124611639716705,1.5662721464039386,0.3131358299232947,5.432889484365142,43.74617838007155
0.46066637696576707,0.7561722115846015,1.8673112679185193,0.23133674757538464,5.808454176209238,41.21897634018292
0.1883695510198286,0.659415763778624,1.6360885827722969,0.1818771670548089,5.517904818791879,40.662309989297896
0.41990095956043055,0.5663067709976263,1.8261592740629904,0.36039049268245393,5.970434659215359,44.57828844134663
0.11095406534297303,0.6067165760799388,1.9007173166208056,0.25056100496506845,5.60111361602892,41.922883099178996
0.2387940883135049,0.6068875467767878,2.197637500806966,0.3831230114395664,5.830283266603571,44.79619030570379
0.09126117181615179,0.6179161233017476,2.0661689312106244,0.39618352187204486,5.656451292920763,44.85650390984076
0.3658190118899746,0.5626153521190987,1.9320865488038141,0.18701400947684624,5.908208514415755,40.7142319660315
0.34257301556928327,0.5707470209883239,1.839920744237411,0.18403923543126913,5.781843845046432,40.353456749066375
0.1443601830298593,0.5168968777615411,1.7798863623553283,0.2913522216565721,5.575580575412825,42.848732746075264
0.09154819312662604,0.47766009108924545,1.6135426870382714,0.2642376222480225,5.550732230513764,42.416688537942164
0.16495814467096692,0.40629823816222627,1.9124605713818732,0.5149602749312233,5.914866952077926,47.81055770278346
0.016827141073680774,0.3967208532570061,1.9034529762878538,0.6237727409349454,5.791864270513077,49.7109458736103
-0.04472577125501076,0.5160109297818362,2.1870270897545,0.5693969205330663,5.694982415773165,48.5557145036723
0.2604916941609971,0.5367342965767267,1.930877819469988,0.24989928765624778,5.797824480666144,41.78187318553672
0.0022519030194980694,0.5931511580061345,1.8254338640529963,0.2660000565217094,5.46597556797437,42.80121401394252
0.6018005740708143,0.670915963963789,1.7352699977098562,0.2159114667467526,6.031995782098225,41.77426267658831
0.6018005740708143,0.670915963963789,1.7352699977098562,0.2159114667467526,6.031995782098225,41.77426267658831
0.6018005740708143,0.670915963963789,1.7352699977098562,0.2159114667467526,6.031995782098225,41.77426267658831
0.6018005740708143,0.670915963963789,1.7352699977098562,0.2159114667467526,6.031995782098225,41.77426267658831
0.29997555268422665,0.5490565896295873,1.8245274220069758,0.21924306281121325,5.74442365438649,41.068998949573675
0.11206405509277406,0.7123132687360665,1.7647714286824687,0.282440728543,5.416208397624169,43.3056887760939
0.46697064882565914,0.6389066151527751,2.1762049081781756,0.21290741873334154,5.9756147325149875,41.52609567859452
0.2894419002016513,0.7246175639187976,1.7912770739935324,0.3045736808810987,5.649337838938511,42.84082673674972
-0.024335108689649387,0.5089472708651137,1.805459560894017,0.1398754943335408,5.473788153582871,40.18019245615487
0.23123744545967462,0.5545131790651536,1.7362110563063318,0.23254594956197278,5.740565912941134,41.43064812977794
0.2907891154587932,0.6286273939735456,1.9003561701983478,0.3339259745481959,5.834616140933694,43.66026958858823
0.2907891154587932,0.6286273939735456,1.9003561701983478,0.3339259745481959,5.834616140933694,43.66026958858823
0.3017627528120994,0.566641155200226,1.854249804287924,0.34885343745431363,5.834817101559391,44.02690144463252
0.018125058362005175,0.570359593917634,1.774228592852218,0.40244838487978196,5.4785846546640595,45.582532313655506
0.0719919169548549,0.5214275789184983,1.7583046058148852,0.27896370665624687,5.594516174375488,42.52987321681248
0.4608698369337789,0.6888319849242379,1.784037701455011,0.33381014949867616,5.927950305584628,43.791259853217504
0.3388340382405366,0.643520372790348,1.6723706658385624,0.25989541985084824,5.650941759717159,41.858450102879
-0.2003008913562715,0.50242421489217,1.8154290262414714,0.3632214405657949,5.377893918894305,45.45035073478757
-0.006472048320829482,0.5000281856509733,1.963396161224896,0.2911272266404827,5.562921633811358,43.01300583523061
0.23011602083479854,0.4284923857594408,1.803403479410515,0.6157629992915814,5.905885253220256,49.85846189695846
0.1568826663396854,0.5410226750638718,1.800437968264569,0.26973390453173945,5.549387286358268,42.441349791529674
0.4295169279782865,0.6005046722416689,1.8357287540701526,0.23623058799526425,5.85454432564444,41.537065734244855
0.3877532264707079,0.7831793339722369,1.5851471708568647,0.3156328505727959,5.619665410716076,42.96872871094494
0.1717764359204368,0.6272902160151664,1.7908576072795872,0.5897430637942392,5.553123667000277,49.01615782667026
0.3781773792830549,0.6567367440190037,2.0299755821605006,0.6102988423163543,5.828909311734504,49.168870032029766
0.11480121656553066,0.5838707656398877,2.3003459432273217,0.8453999736423964,5.763453670437761,54.20827612785339
0.11669335600343167,0.7093831746052587,1.7698820203340062,0.410978167630871,5.401847976808255,45.99418690996042
0.046304213459494536,0.5301030107328959,1.916921010617639,0.5521882874425108,5.62345837516726,48.25658814256335
0.404375028316625,0.5855903442105631,2.1569798030914638,0.3510269403549128,6.028998114141122,44.84749611589247
0.021353947358885517,0.47135835736447046,2.2291689081499864,0.2505753062143195,5.741457399647955,41.99516675798422
0.42661674068274935,0.5492399604128869,1.9561416462625059,0.48826702383907794,6.056698914636477,47.79287445604246
0.1421568080567644,0.4894971904927799,1.6564631040183562,0.44221650576142296,5.6528202850414155,45.83961653012524
0.171477734631164,0.6242174041125789,2.119933984114171,0.36583238823639597,5.755683065489118,44.19789982167579
-0.13371815819292387,0.6146495116655181,1.7757264009968468,0.45252931438823424,5.395167912213255,47.30111313084035
-0.1897184706960896,0.5795254104606838,1.5718470668440758,0.21633613970314441,5.173530621090771,44.170505398553566
0.08121211037388476,0.5393760642679506,1.9010016147740565,0.49246318418664753,5.663043443437607,47.1099924084513
0.30490460024174276,0.5566122652198653,2.131664758701011,0.40932286646635374,5.961707357904219,45.79177683041586
0.18946760193998363,0.5646861261496239,1.8902468256254303,0.4783266791793849,5.739923256183156,46.71264716337533
0.060715568899919026,0.6039053414000642,1.8251441594249367,0.6262896068055761,5.558555568425632,49.939683339383336
0.6282566846845796,0.718720679353904,2.038884752459712,0.48646989680228536,6.092695418377279,47.8770812124865
0.6282566846845796,0.718720679353904,2.038884752459712,0.48646989680228536,6.092695418377279,47.8770812124865
0.6282566846845796,0.718720679353904,2.038884752459712,0.48646989680228536,6.092695418377279,47.8770812124865
0.6282566846845796,0.718720679353904,2.038884752459712,0.48646989680228536,6.092695418377279,47.8770812124865
0.6282566846845796,0.718720679353904,2.038884752459712,0.48646989680228536,6.092695418377279,47.8770812124865
0.6282566846845796,0.718720679353904,2.038884752459712,0.48646989680228536,6.092695418377279,47.8770812124865
0.6282566846845796,0.718720679353904,2.038884752459712,0.48646989680228536,6.092695418377279,47.8770812124865
0.6282566846845796,0.718720679353904,2.038884752459712,0.48646989680228536,6.092695418377279,47.8770812124865
0.3467635667340042,0.6705917159795788,1.6387885674103562,0.3392771206023488,5.718170769488477,43.52261941624954
0.39358247861140966,0.6669575087038166,1.966679172168434,0.2669989131997791,5.879541143555282,42.28296063329329
0.47178542356752506,0.6487123507797234,1.9722829846706331,0.3417086858656802,5.909686958645793,43.89537580652517
0.47178542356752506,0.6487123507797234,1.9722829846706331,0.3417086858656802,5.909686958645793,43.89537580652517
0.25346463494989196,0.6388429390810235,2.0506064924765415,0.3078924088925217,5.724990594582375,42.939744125237475
0.17016752321253392,0.6113295988852642,2.300362689424003,0.32479071707586005,5.77290211464069,43.38233248612371
-0.004872874064957178,0.6227873077249166,2.0234018698818965,0.13594351654940345,5.48690833902471,39.99214323922532
0.10391433612637235,0.47656979084882034,2.1335813517785236,0.28571310852111853,5.7175367145958615,42.59836785214481
0.30298138114004647,0.5151441692455704,2.0191435306540413,0.42269161141927386,6.052122072518405,46.50478356522432
0.30298138114004647,0.5151441692455704,2.0191435306540413,0.42269161141927386,6.052122072518405,46.50478356522432
0.08631337062525435,0.5111482390579422,1.9203136844821977,0.3911352219978749,5.741454417832129,44.89164668260918
0.2919454160823266,0.5828784352488988,1.998131140434492,0.45170836696885314,5.911378758131171,46.38604070249098
0.1220478150509332,0.5456865867559695,2.199589902062031,0.5235224910652162,5.830912875330228,47.66639803972012
0.06027890691655313,0.5534790721444016,2.043557378209664,0.37452556488339195,5.686089274626843,44.44270607236696
0.15058440366547715,0.5273081771238306,1.800896694288801,0.48737009007494386,5.717698463281552,46.67673543754016
0.3429561763481992,0.6300803443897856,2.0166440685291716,0.22819067877280613,5.800236246276554,41.33836175468096
0.2814429731181014,0.5903574427255969,2.274767400757874,0.29984138123024856,5.927953504199458,43.28642042853304
0.40165893638957245,0.5265679164023671,2.052916435805167,0.5218496828447039,6.012858900397326,48.34228030854814
0.08157395590603544,0.5396724316761449,1.6948283324906568,0.4515203147012529,5.530680475590762,46.42932320043028
0.05063255132537042,0.5723655137901191,1.6177911472627975,0.4026605663837304,5.4454412703448325,45.82512427420437
0.4183718445527709,0.6135826001559785,1.7473204118148156,0.17597147276625358,5.807045468423458,40.115177787943004
0.2382457350290641,0.6412447448049365,1.8443109982312715,0.21565009361624823,5.640580878732997,40.99984946135558
0.4149632167162832,0.6403704016603732,1.755688918247705,0.17782788887583947,5.7281082498020055,40.023481921778284
0.4073624193494557,0.5402780922575768,1.7382774080414278,0.3049599409052047,5.803316652817528,42.82535288057459
0.3468225526879285,0.5266205519941937,1.5988461069391167,0.35739962962130944,5.746655686823086,43.896734879486125
0.3468225526879285,0.5266205519941937,1.5988461069391167,0.35739962962130944,5.746655686823086,43.896734879486125
0.10870226837996022,0.38541794283721165,1.8702993555993246,0.5281137883199768,5.834669586102727,47.822594521842156
0.11799892106474863,0.4491731415051639,1.8837327325703612,0.24815270479379378,5.743141365193629,41.79044687822489
0.18832830989981608,0.5153756612752579,2.01013151737772,0.1504930930322148,5.743770514399946,39.71869237268332
0.25662712472992655,0.5877249389912736,1.971494322991963,0.15198689963005865,5.726722384277015,39.64335323001573
0.38905539816554413,0.627883616860874,2.0205228080023585,0.12243338345067127,5.855918754041641,39.16635216860852
0.1762200038614371,0.6340418789021491,2.0322459645484656,0.2206776215690783,5.665324125031374,41.19314226682332
0.31103255004824165,0.5572761594163146,2.2105791841934463,0.42645880213045906,6.007283024201108,46.30211308867309
0.22700743101963883,0.639728941144707,1.7813306790519965,0.4190220952242937,5.67176390245869,45.29774792135332
0.2130267495722583,0.5840431035613366,1.8842335236592063,0.5466687866502523,5.718021776723293,47.87416855511409
0.2130267495722583,0.5840431035613366,1.8842335236592063,0.5466687866502523,5.718021776723293,47.87416855511409
0.5045679337540326,0.6911005405471345,2.1116237013338255,0.30595044606223104,5.989951451258996,43.52656524231393
0.3027670308812308,0.6815595861659903,1.6413773539490024,0.29218766726868345,5.588472831656191,42.659484274079986
0.5431090603895716,0.6391414283378284,1.9622944249066618,0.514598123034842,6.002768697675551,47.89796337500657
0.3968953396827326,0.7852136245312313,1.7441867696002689,0.5750302283137112,5.648960981054449,48.35388940170563
