logdet_Q,lambda_min_Q,Phi,rel_W_error,test_nll
29.754894797448888,0.7499999999999982,809.303591121347,0.3842541426781922,9.533918979514288
29.754894797448888,0.7499999999999982,809.303591121347,0.3842541426781922,9.533918979514288
30.061029154178268,0.7499999999999999,809.5882502861373,0.3810099675783039,9.526840610305545
30.093668588865075,0.7499999999999991,811.5830511896398,0.37683891115142265,9.592976180295087
29.937131900958896,0.7499999999999997,810.822733859164,0.380418815863848,9.490902034080452
29.937131900958896,0.7499999999999997,810.822733859164,0.380418815863848,9.490902034080452
29.937131900958896,0.7499999999999997,810.822733859164,0.380418815863848,9.490902034080452
29.937131900958896,0.7499999999999997,810.822733859164,0.380418815863848,9.490902034080452
29.349042855738297,0.7499999999999993,812.8678947970133,0.36812378312001826,9.487188908100617
29.475034968817578,0.7499999999999993,813.0968350186574,0.36184260675224467,9.463614216842322
29.475034968817578,0.7499999999999993,813.0968350186574,0.36184260675224467,9.463614216842322
29.475034968817578,0.7499999999999993,813.0968350186574,0.36184260675224467,9.463614216842322
29.442629714663745,0.7499999999999996,815.4266109909908,0.36454477717063055,9.481890809534917
29.442629714663745,0.7499999999999996,815.4266109909908,0.36454477717063055,9.481890809534917
29.442629714663745,0.7499999999999996,815.4266109909908,0.36454477717063055,9.481890809534917
30.241748078813092,0.7499999999999997,810.9573829752516,0.374051818183443,9.600407764857385
30.241748078813092,0.7499999999999997,810.9573829752516,0.374051818183443,9.600407764857385
29.417460636608894,0.7499999999999986,815.3005185222079,0.36112000091077057,9.50979482725656
29.417460636608894,0.7499999999999986,815.3005185222079,0.36112000091077057,9.50979482725656
29.417460636608894,0.7499999999999986,815.3005185222079,0.36112000091077057,9.50979482725656
29.417460636608894,0.7499999999999986,815.3005185222079,0.36112000091077057,9.50979482725656
29.417460636608894,0.7499999999999986,815.3005185222079,0.36112000091077057,9.50979482725656
29.236435741404648,0.7499999999999997,814.811409751648,0.3700895330185297,9.534094106477317
29.236435741404648,0.7499999999999997,814.811409751648,0.3700895330185297,9.534094106477317
29.236435741404648,0.7499999999999997,814.811409751648,0.3700895330185297,9.534094106477317
29.236435741404648,0.7499999999999997,814.811409751648,0.3700895330185297,9.534094106477317
29.271106139024294,0.7499999999999983,821.8733049975971,0.3805262199037617,9.601805323598196
29.271106139024294,0.7499999999999983,821.8733049975971,0.3805262199037617,9.601805323598196
29.271106139024294,0.7499999999999983,821.8733049975971,0.3805262199037617,9.601805323598196
30.049380685383017,0.7500000000000001,817.5836320734612,0.3856924865377878,9.66061628923037
30.049380685383017,0.7500000000000001,817.5836320734612,0.3856924865377878,9.66061628923037
30.41870158034344,0.7500000000000001,807.4223434847428,0.379366331394259,9.5293549238549
30.41870158034344,0.7500000000000001,807.4223434847428,0.379366331394259,9.5293549238549
30.41870158034344,0.7500000000000001,807.4223434847428,0.379366331394259,9.5293549238549
29.934639784344288,0.7499999999999998,819.8700880979118,0.37736373203124307,9.55060286970296
29.934639784344288,0.7499999999999998,819.8700880979118,0.37736373203124307,9.55060286970296
30.08626083869281,0.749999999999999,821.8999121315,0.390394122261873,9.641250574661075
30.169462730773773,0.7499999999999998,814.2480798565529,0.3914101798185039,9.703323023345408
30.169462730773773,0.7499999999999998,814.2480798565529,0.3914101798185039,9.703323023345408
30.58276807417722,0.7499999999999996,813.5130678035221,0.383749844349682,9.64230363344943
30.58276807417722,0.7499999999999996,813.5130678035221,0.383749844349682,9.64230363344943
30.17004823528766,0.7500000000000002,815.6118534984512,0.39392290436062993,9.649402511958897
30.17004823528766,0.7500000000000002,815.6118534984512,0.39392290436062993,9.649402511958897
30.29692375932529,0.7499999999999997,815.3833184204829,0.40575313791958395,9.664379697846545
30.398151043979666,0.75,807.2050799075027,0.3916393677445625,9.565854965709281
30.398151043979666,0.75,807.2050799075027,0.3916393677445625,9.565854965709281
30.401205057627163,0.7499999999999988,806.9674231908991,0.386264468017945,9.609026037243222
30.401205057627163,0.7499999999999988,806.9674231908991,0.386264468017945,9.609026037243222
30.340965266526652,0.7499999999999991,810.1758931100868,0.38514874249317266,9.690962437079133
30.340965266526652,0.7499999999999991,810.1758931100868,0.38514874249317266,9.690962437079133
30.340965266526652,0.7499999999999991,810.1758931100868,0.38514874249317266,9.690962437079133
29.77235649229113,0.7499999999999997,806.3043791200417,0.3777761681902463,9.633348380874176
29.77235649229113,0.7499999999999997,806.3043791200417,0.3777761681902463,9.633348380874176
29.77235649229113,0.7499999999999997,806.3043791200417,0.3777761681902463,9.633348380874176
29.77235649229113,0.7499999999999997,806.3043791200417,0.3777761681902463,9.633348380874176
29.77235649229113,0.7499999999999997,806.3043791200417,0.3777761681902463,9.633348380874176
29.77235649229113,0.7499999999999997,806.3043791200417,0.3777761681902463,9.633348380874176
29.77235649229113,0.7499999999999997,806.3043791200417,0.3777761681902463,9.633348380874176
30.743413378725855,0.7499999999999991,802.0917893372668,0.377238162785915,9.622220598086766
31.01150922181093,0.7499999999999997,801.2267227371179,0.3938543095375227,9.643258445233268
30.79626959152748,0.7499999999999999,800.8038716116833,0.4067994971556787,9.670360598738077
30.79626959152748,0.7499999999999999,800.8038716116833,0.4067994971556787,9.670360598738077
30.781572865437465,0.7499999999999993,809.2325169304416,0.4064405718372395,9.603529432874742
30.781572865437465,0.7499999999999993,809.2325169304416,0.4064405718372395,9.603529432874742
30.781572865437465,0.7499999999999993,809.2325169304416,0.4064405718372395,9.603529432874742
30.781572865437465,0.7499999999999993,809.2325169304416,0.4064405718372395,9.603529432874742
30.781572865437465,0.7499999999999993,809.2325169304416,0.4064405718372395,9.603529432874742
30.781572865437465,0.7499999999999993,809.2325169304416,0.4064405718372395,9.603529432874742
30.55659079381887,0.7499999999999986,804.6663339577559,0.4071675996203523,9.600116030931996
31.315667230130224,0.7499999999999988,798.7561625801784,0.40797017554323795,9.625207769113924
31.315667230130224,0.7499999999999988,798.7561625801784,0.40797017554323795,9.625207769113924
30.989804566084395,0.75,801.7201608023978,0.40101844994341834,9.556453268475002
30.231340825644878,0.7499999999999991,814.3091577030498,0.40780439682825653,9.640654866381729
30.561042919815105,0.7499999999999989,809.0381459913309,0.3977549776902251,9.605630395146699
30.561042919815105,0.7499999999999989,809.0381459913309,0.3977549776902251,9.605630395146699
30.770786023266524,0.7499999999999996,804.3065298699462,0.39057229335087734,9.570028795268446
30.326974654989314,0.7499999999999992,808.7356956826942,0.3953794737601114,9.475202553121722
30.08314173601535,0.7499999999999994,811.0882093168428,0.3911154873250798,9.36925656281185
30.08314173601535,0.7499999999999994,811.0882093168428,0.3911154873250798,9.36925656281185
30.135979849972642,0.7499999999999991,803.6470424277575,0.3838130546436787,9.379369408475288
30.135979849972642,0.7499999999999991,803.6470424277575,0.3838130546436787,9.379369408475288
30.135979849972642,0.7499999999999991,803.6470424277575,0.3838130546436787,9.379369408475288
30.395826584178828,0.75,803.1780824938457,0.3958871524127619,9.435094392816831
30.395826584178828,0.75,803.1780824938457,0.3958871524127619,9.435094392816831
30.26148897229241,0.7500000000000001,801.5061250216888,0.3911082660477599,9.448459309335552
30.26148897229241,0.7500000000000001,801.5061250216888,0.3911082660477599,9.448459309335552
30.26148897229241,0.7500000000000001,801.5061250216888,0.3911082660477599,9.448459309335552
30.26148897229241,0.7500000000000001,801.5061250216888,0.3911082660477599,9.448459309335552
29.960591883500427,0.7499999999999987,814.6079596340537,0.38274276569963844,9.47517188192082
29.960591883500427,0.7499999999999987,814.6079596340537,0.38274276569963844,9.47517188192082
29.818036596046102,0.7499999999999984,806.2988796534171,0.38048318815850984,9.425842412521362
29.94071995423688,0.7499999999999993,816.7390003045308,0.40333059215613387,9.573128105927562
29.94071995423688,0.7499999999999993,816.7390003045308,0.40333059215613387,9.573128105927562
29.866624601687196,0.7499999999999997,816.18369303254,0.39803606041454803,9.487267814180209
29.866624601687196,0.7499999999999997,816.18369303254,0.39803606041454803,9.487267814180209
30.034782639310595,0.7499999999999986,809.876218914667,0.4111191962535385,9.48797034227854
30.11972886367015,0.7499999999999997,812.877249477996,0.42189073926487025,9.618409144663804
30.11972886367015,0.7499999999999997,812.877249477996,0.42189073926487025,9.618409144663804
30.11972886367015,0.7499999999999997,812.877249477996,0.42189073926487025,9.618409144663804
30.331529411137343,0.7499999999999996,812.4565466851212,0.43932087629568006,9.774359051308954
30.331529411137343,0.7499999999999996,812.4565466851212,0.43932087629568006,9.774359051308954
30.331529411137343,0.7499999999999996,812.4565466851212,0.43932087629568006,9.774359051308954
30.331529411137343,0.7499999999999996,812.4565466851212,0.43932087629568006,9.774359051308954
30.331529411137343,0.7499999999999996,812.4565466851212,0.43932087629568006,9.774359051308954
30.331529411137343,0.7499999999999996,812.4565466851212,0.43932087629568006,9.774359051308954
30.178373339304457,0.749999999999999,821.5986027766207,0.458291160909394,9.820770406594203
30.178373339304457,0.749999999999999,821.5986027766207,0.458291160909394,9.820770406594203
30.381485204492204,0.75,817.5527741378971,0.461601813442106,9.824692754044003
30.522528052539236,0.7499999999999992,817.8585929522324,0.46551517729198827,9.89527937937111
30.522528052539236,0.7499999999999992,817.8585929522324,0.46551517729198827,9.89527937937111
30.145243302980738,0.7499999999999997,827.6382088115582,0.4737409307965229,10.003632018067131
30.145243302980738,0.7499999999999997,827.6382088115582,0.4737409307965229,10.003632018067131
30.145243302980738,0.7499999999999997,827.6382088115582,0.4737409307965229,10.003632018067131
29.98022799701338,0.7499999999999994,827.4458666185061,0.4770378644479233,10.020291890598841
30.3194420996557,0.7499999999999994,826.9090481970538,0.4884637009122758,9.966097658701793
30.216624622454788,0.7499999999999996,825.3653794813443,0.48809140137786816,9.963576046093658
30.03302343375997,0.7499999999999997,830.2879091389361,0.4876551900178835,10.09309219014809
30.03302343375997,0.7499999999999997,830.2879091389361,0.4876551900178835,10.09309219014809
29.58130317940197,0.75,839.041138159874,0.48551855676376504,10.172599872708725
29.58130317940197,0.75,839.041138159874,0.48551855676376504,10.172599872708725
29.58130317940197,0.75,839.041138159874,0.48551855676376504,10.172599872708725
29.58130317940197,0.75,839.041138159874,0.48551855676376504,10.172599872708725
29.58130317940197,0.75,839.041138159874,0.48551855676376504,10.172599872708725
29.58130317940197,0.75,839.041138159874,0.48551855676376504,10.172599872708725
29.58130317940197,0.75,839.041138159874,0.48551855676376504,10.172599872708725
29.58130317940197,0.75,839.041138159874,0.48551855676376504,10.172599872708725
29.58130317940197,0.75,839.041138159874,0.48551855676376504,10.172599872708725
29.58130317940197,0.75,839.041138159874,0.48551855676376504,10.172599872708725
30.488099035999422,0.7499999999999987,822.1395025128411,0.49632384009917296,10.06132239858331
30.488099035999422,0.7499999999999987,822.1395025128411,0.49632384009917296,10.06132239858331
29.89451619011776,0.7500000000000001,828.4586476852786,0.4958660182520366,9.984600290442737
29.89451619011776,0.7500000000000001,828.4586476852786,0.4958660182520366,9.984600290442737
29.89451619011776,0.7500000000000001,828.4586476852786,0.4958660182520366,9.984600290442737
29.89451619011776,0.7500000000000001,828.4586476852786,0.4958660182520366,9.984600290442737
29.396124210893067,0.7499999999999998,828.7757756400435,0.48686601139894903,9.985079514478779
29.396124210893067,0.7499999999999998,828.7757756400435,0.48686601139894903,9.985079514478779
29.396124210893067,0.7499999999999998,828.7757756400435,0.48686601139894903,9.985079514478779
28.642350334130672,0.7499999999999994,827.9941323203066,0.47942410153372966,9.89418197500387
29.450564626955043,0.7499999999999993,813.4838737398743,0.4725725598149469,9.92823862204759
29.450564626955043,0.7499999999999993,813.4838737398743,0.4725725598149469,9.92823862204759
29.450564626955043,0.7499999999999993,813.4838737398743,0.4725725598149469,9.92823862204759
29.74130268884009,0.7499999999999999,815.6310222419331,0.4630551072215914,9.905816682011695
29.71617238564638,0.7499999999999989,815.8053070739628,0.45833340945953177,9.748754731520552
29.71617238564638,0.7499999999999989,815.8053070739628,0.45833340945953177,9.748754731520552
29.71617238564638,0.7499999999999989,815.8053070739628,0.45833340945953177,9.748754731520552
29.71617238564638,0.7499999999999989,815.8053070739628,0.45833340945953177,9.748754731520552
29.71617238564638,0.7499999999999989,815.8053070739628,0.45833340945953177,9.748754731520552
29.71617238564638,0.7499999999999989,815.8053070739628,0.45833340945953177,9.748754731520552
29.71617238564638,0.7499999999999989,815.8053070739628,0.45833340945953177,9.748754731520552
30.13330368174752,0.7499999999999994,812.0205288445638,0.4705587822997837,9.838458056680413
30.13330368174752,0.7499999999999994,812.0205288445638,0.4705587822997837,9.838458056680413
30.110676536022154,0.7499999999999991,819.1271809401044,0.4701255248425431,10.01649679454566
30.099892229672832,0.749999999999999,812.7714099256203,0.4554619967782994,9.926738335311594
29.677733288168994,0.7499999999999996,819.7671901283794,0.4653109064087323,9.966968983116633
29.677733288168994,0.7499999999999996,819.7671901283794,0.4653109064087323,9.966968983116633
29.677733288168994,0.7499999999999996,819.7671901283794,0.4653109064087323,9.966968983116633
29.677733288168994,0.7499999999999996,819.7671901283794,0.4653109064087323,9.966968983116633
29.609204094827952,0.7500000000000003,820.9898592379616,0.4649955358388669,9.934122567442277
29.609204094827952,0.7500000000000003,820.9898592379616,0.4649955358388669,9.934122567442277
29.74128154062884,0.7499999999999992,817.9329245320843,0.4512067244544047,9.861361699129944
29.634844940505044,0.7499999999999996,826.9498183474296,0.44681561532555464,9.795622981992906
29.634844940505044,0.7499999999999996,826.9498183474296,0.44681561532555464,9.795622981992906
29.634844940505044,0.7499999999999996,826.9498183474296,0.44681561532555464,9.795622981992906
29.634844940505044,0.7499999999999996,826.9498183474296,0.44681561532555464,9.795622981992906
29.71382774604038,0.7499999999999997,817.2055544996168,0.4461053786022065,9.813169913233533
29.71382774604038,0.7499999999999997,817.2055544996168,0.4461053786022065,9.813169913233533
29.71382774604038,0.7499999999999997,817.2055544996168,0.4461053786022065,9.813169913233533
29.71382774604038,0.7499999999999997,817.2055544996168,0.4461053786022065,9.813169913233533
29.71382774604038,0.7499999999999997,817.2055544996168,0.4461053786022065,9.813169913233533
29.71382774604038,0.7499999999999997,817.2055544996168,0.4461053786022065,9.813169913233533
29.71382774604038,0.7499999999999997,817.2055544996168,0.4461053786022065,9.813169913233533
29.71382774604038,0.7499999999999997,817.2055544996168,0.4461053786022065,9.813169913233533
29.71382774604038,0.7499999999999997,817.2055544996168,0.4461053786022065,9.813169913233533
29.71382774604038,0.7499999999999997,817.2055544996168,0.4461053786022065,9.813169913233533
29.71382774604038,0.7499999999999997,817.2055544996168,0.4461053786022065,9.813169913233533
29.71382774604038,0.7499999999999997,817.2055544996168,0.4461053786022065,9.813169913233533
29.65384697767066,0.7499999999999991,815.7734636245685,0.4469659385881732,9.762561032299095
30.038640899099406,0.7499999999999996,812.6668499327075,0.4472134243862329,9.800169126860482
30.067339568747038,0.7499999999999996,808.4826656850031,0.4397633948646505,9.812812973156579
30.067339568747038,0.7499999999999996,808.4826656850031,0.4397633948646505,9.812812973156579
30.067339568747038,0.7499999999999996,808.4826656850031,0.4397633948646505,9.812812973156579
30.147734799460583,0.7499999999999994,804.5778079239423,0.4274600368868885,9.76567357704215
30.147734799460583,0.7499999999999994,804.5778079239423,0.4274600368868885,9.76567357704215
30.10026568576482,0.7499999999999994,811.3257272896619,0.42323215503557243,9.760692061548246
30.10026568576482,0.7499999999999994,811.3257272896619,0.42323215503557243,9.760692061548246
30.10026568576482,0.7499999999999994,811.3257272896619,0.42323215503557243,9.760692061548246
30.175589611005115,0.7499999999999992,806.8799336181401,0.42361046557525256,9.736240182034782
30.391463610823415,0.7499999999999997,806.4415672216022,0.42536422131456414,9.757080717379157
30.391463610823415,0.7499999999999997,806.4415672216022,0.42536422131456414,9.757080717379157
30.12159045599,0.7499999999999999,816.9310555776218,0.43228259735820346,9.738421879540008
30.667412451119258,0.7499999999999991,815.6709068448836,0.43153214018287517,9.901428161066722
30.829977437414342,0.7499999999999999,808.1939885773689,0.4388423475124812,9.94523587718364
30.686320878755193,0.7499999999999996,808.9607251022035,0.44767413482218216,9.997381057832559
30.180683224129783,0.7499999999999989,813.8023584606265,0.44240189956982257,9.919796530586343
30.180683224129783,0.7499999999999989,813.8023584606265,0.44240189956982257,9.919796530586343
29.875397193249217,0.7499999999999992,813.4486222629355,0.4339981373961685,9.881582366134761
29.875397193249217,0.7499999999999992,813.4486222629355,0.4339981373961685,9.881582366134761
29.875397193249217,0.7499999999999992,813.4486222629355,0.4339981373961685,9.881582366134761
29.875397193249217,0.7499999999999992,813.4486222629355,0.4339981373961685,9.881582366134761
29.875397193249217,0.7499999999999992,813.4486222629355,0.4339981373961685,9.881582366134761
29.42551869847102,0.749999999999999,824.9650131909959,0.4324264272878435,9.845726569127459
28.830697960746914,0.7499999999999993,814.3510377611797,0.4165787601359952,9.678041101245308
28.830697960746914,0.7499999999999993,814.3510377611797,0.4165787601359952,9.678041101245308
28.686008471487582,0.7499999999999981,820.3862428359425,0.4201306848687845,9.636798113475376
28.686008471487582,0.7499999999999981,820.3862428359425,0.4201306848687845,9.636798113475376
28.686008471487582,0.7499999999999981,820.3862428359425,0.4201306848687845,9.636798113475376
28.686008471487582,0.7499999999999981,820.3862428359425,0.4201306848687845,9.636798113475376
28.686008471487582,0.7499999999999981,820.3862428359425,0.4201306848687845,9.636798113475376
28.686008471487582,0.7499999999999981,820.3862428359425,0.4201306848687845,9.636798113475376
28.686008471487582,0.7499999999999981,820.3862428359425,0.4201306848687845,9.636798113475376
28.686008471487582,0.7499999999999981,820.3862428359425,0.4201306848687845,9.636798113475376
29.15954604663792,0.7499999999999994,817.1274017878897,0.42559294296895156,9.737636073597127
29.028393854995983,0.7499999999999998,820.5584113144835,0.43166460469338597,9.761457623278039
29.028393854995983,0.7499999999999998,820.5584113144835,0.43166460469338597,9.761457623278039
29.682352156902645,0.7499999999999996,809.6632433767637,0.42282319545462255,9.676044040538253
29.682352156902645,0.7499999999999996,809.6632433767637,0.42282319545462255,9.676044040538253
29.00218886700766,0.7499999999999988,818.054995009562,0.4143272162970784,9.64088493729649
29.00218886700766,0.7499999999999988,818.054995009562,0.4143272162970784,9.64088493729649
29.00218886700766,0.7499999999999988,818.054995009562,0.4143272162970784,9.64088493729649
29.00218886700766,0.7499999999999988,818.054995009562,0.4143272162970784,9.64088493729649
28.693425087032132,0.7500000000000001,822.0956451160691,0.41518589618551766,9.648692063196458
28.693425087032132,0.7500000000000001,822.0956451160691,0.41518589618551766,9.648692063196458
28.693425087032132,0.7500000000000001,822.0956451160691,0.41518589618551766,9.648692063196458
28.693425087032132,0.7500000000000001,822.0956451160691,0.41518589618551766,9.648692063196458
28.693425087032132,0.7500000000000001,822.0956451160691,0.41518589618551766,9.648692063196458
28.693425087032132,0.7500000000000001,822.0956451160691,0.41518589618551766,9.648692063196458
29.319025485487735,0.7499999999999991,817.0358346059649,0.41591117581221476,9.786433121540544
28.911530510268236,0.7499999999999994,814.1826401384274,0.3993657587239242,9.674902870451456
29.337228678658853,0.7499999999999997,812.5213525413576,0.40690603271532416,9.704558703415174
29.337228678658853,0.7499999999999997,812.5213525413576,0.40690603271532416,9.704558703415174
29.337228678658853,0.7499999999999997,812.5213525413576,0.40690603271532416,9.704558703415174
29.337228678658853,0.7499999999999997,812.5213525413576,0.40690603271532416,9.704558703415174
29.2004343000149,0.7499999999999997,811.53032482938,0.4073003046025499,9.632443456353759
29.681140432253773,0.7499999999999988,810.0654951810296,0.41131229821443127,9.724729238971676
29.681140432253773,0.7499999999999988,810.0654951810296,0.41131229821443127,9.724729238971676
29.681140432253773,0.7499999999999988,810.0654951810296,0.41131229821443127,9.724729238971676
29.681140432253773,0.7499999999999988,810.0654951810296,0.41131229821443127,9.724729238971676
29.681140432253773,0.7499999999999988,810.0654951810296,0.41131229821443127,9.724729238971676
29.681140432253773,0.7499999999999988,810.0654951810296,0.41131229821443127,9.724729238971676
29.453944777741917,0.749999999999999,826.6912305939211,0.4162312262949592,9.857038929622082
29.526448741733457,0.7499999999999994,820.1278401459415,0.4067098171266426,9.804640816465689
29.479130310371165,0.7499999999999998,820.2798303894774,0.40059441183685457,9.694707941328923
29.479130310371165,0.7499999999999998,820.2798303894774,0.40059441183685457,9.694707941328923
29.479130310371165,0.7499999999999998,820.2798303894774,0.40059441183685457,9.694707941328923
29.479130310371165,0.7499999999999998,820.2798303894774,0.40059441183685457,9.694707941328923
30.02061395209853,0.7499999999999986,810.2867573599824,0.39356352422768404,9.653876632946766
30.02061395209853,0.7499999999999986,810.2867573599824,0.39356352422768404,9.653876632946766
30.02061395209853,0.7499999999999986,810.2867573599824,0.39356352422768404,9.653876632946766
29.45686760364376,0.7499999999999996,813.8440164368745,0.40605364868091626,9.68911589546762
29.45686760364376,0.7499999999999996,813.8440164368745,0.40605364868091626,9.68911589546762
29.17532514135983,0.7499999999999994,818.1828669486823,0.40505877881910535,9.712283006089024
29.17532514135983,0.7499999999999994,818.1828669486823,0.40505877881910535,9.712283006089024
29.17532514135983,0.7499999999999994,818.1828669486823,0.40505877881910535,9.712283006089024
29.31680910879942,0.7499999999999993,810.937917543486,0.4035762946154372,9.69212659444305
29.72298052920739,0.7499999999999994,812.095580037088,0.4166826174264979,9.706051170670994
29.564769444936214,0.7500000000000001,813.4268180278262,0.4068422592273857,9.699764315728544
29.61063984654506,0.7499999999999994,820.931703947504,0.404681310685851,9.676648211517582
30.07120559413796,0.7499999999999997,822.3847869343152,0.39038844586374505,9.67157265663036
30.7032866517841,0.7499999999999991,816.669445532288,0.3853155481110543,9.699553329279905
30.7032866517841,0.7499999999999991,816.669445532288,0.3853155481110543,9.699553329279905
30.7032866517841,0.7499999999999991,816.669445532288,0.3853155481110543,9.699553329279905
30.7032866517841,0.7499999999999991,816.669445532288,0.3853155481110543,9.699553329279905
30.753249732109147,0.7499999999999988,822.4580574892323,0.39333229753826315,9.769640526019163
30.409005454696036,0.7499999999999993,832.493637319765,0.40203469143291276,9.873123580025283
30.42506353497846,0.7499999999999996,837.4985360200852,0.40822604128402656,9.819580470229274
30.42506353497846,0.7499999999999996,837.4985360200852,0.40822604128402656,9.819580470229274
30.581912765627113,0.7499999999999993,822.543006967476,0.4062219564310734,9.752745999837156
30.613744254158814,0.7500000000000004,819.6549244853912,0.40908869425659833,9.759085704457368
30.613744254158814,0.7500000000000004,819.6549244853912,0.40908869425659833,9.759085704457368
30.613744254158814,0.7500000000000004,819.6549244853912,0.40908869425659833,9.759085704457368
30.49360988318022,0.7499999999999989,821.6829783064637,0.42326217764373913,9.878206965091824
30.72982304431361,0.75,822.7556453582686,0.41664085714412785,9.85322673349872
30.44816461672062,0.7499999999999991,818.6282429807254,0.41111842062034415,9.774534951205345
30.44816461672062,0.7499999999999991,818.6282429807254,0.41111842062034415,9.774534951205345
30.541679655817486,0.7499999999999989,815.9437994130788,0.4219067073030667,9.803707281733375
30.541679655817486,0.7499999999999989,815.9437994130788,0.4219067073030667,9.803707281733375
30.541679655817486,0.7499999999999989,815.9437994130788,0.4219067073030667,9.803707281733375
30.541679655817486,0.7499999999999989,815.9437994130788,0.4219067073030667,9.803707281733375
30.660751350510967,0.7499999999999983,804.1299016835459,0.4049968490585263,9.65823204709909
30.660751350510967,0.7499999999999983,804.1299016835459,0.4049968490585263,9.65823204709909
30.61647919723804,0.7499999999999997,805.3551527732415,0.3865814835501306,9.667027150234464
30.787075597814297,0.7499999999999993,811.2462160405646,0.3979915877036678,9.772516200766301
30.837267999716317,0.7499999999999993,813.995754338261,0.40470194246905616,9.818155596475227
30.089855294201644,0.7499999999999992,825.2273432887334,0.4087249805940813,9.873394094994344
30.089855294201644,0.7499999999999992,825.2273432887334,0.4087249805940813,9.873394094994344
29.549070551033985,0.7499999999999998,831.1723159330453,0.4035762057908655,9.798336450456251
30.02484784381518,0.7499999999999994,822.3436687286959,0.3935382165388645,9.764391526906792
30.02484784381518,0.7499999999999994,822.3436687286959,0.3935382165388645,9.764391526906792
30.02484784381518,0.7499999999999994,822.3436687286959,0.3935382165388645,9.764391526906792
30.02484784381518,0.7499999999999994,822.3436687286959,0.3935382165388645,9.764391526906792
30.112243192135807,0.7499999999999997,816.3040079556345,0.41291385092635013,9.937430190073703
30.112243192135807,0.7499999999999997,816.3040079556345,0.41291385092635013,9.937430190073703
30.432382931194528,0.7499999999999987,814.6222882676176,0.40830096721284587,9.945456204843348
29.82596402132384,0.7499999999999981,816.4079405576813,0.40089542398668726,9.948743752215425
30.5848346223394,0.7499999999999988,810.2777011424728,0.3867508935534922,9.962952385913473
30.688033768285557,0.7499999999999989,817.0793438431187,0.387674980694221,10.046211564509415
30.671446512836837,0.7499999999999993,808.0147016064341,0.3888371144548688,9.990993013830948
30.671446512836837,0.7499999999999993,808.0147016064341,0.3888371144548688,9.990993013830948
29.94211627036448,0.7499999999999996,813.4795003008261,0.38614780825342204,9.954133289580687
29.94211627036448,0.7499999999999996,813.4795003008261,0.38614780825342204,9.954133289580687
29.94211627036448,0.7499999999999996,813.4795003008261,0.38614780825342204,9.954133289580687
30.046962382918856,0.75,814.6298238622642,0.38980189934604503,9.868889230800495
30.046962382918856,0.75,814.6298238622642,0.38980189934604503,9.868889230800495
29.987042941019673,0.7499999999999991,806.23812263072,0.3826867004134529,9.795106114052818
29.67355481879763,0.7499999999999993,818.7360017910287,0.38600947733519425,9.861904278035377
29.67355481879763,0.7499999999999993,818.7360017910287,0.38600947733519425,9.861904278035377
29.72946601530746,0.7499999999999993,814.1755011947007,0.38816944403689363,9.871778128550554
29.72946601530746,0.7499999999999993,814.1755011947007,0.38816944403689363,9.871778128550554
29.461227235242422,0.7499999999999996,818.6250294497439,0.3888519859707571,9.719058485692454
29.461227235242422,0.7499999999999996,818.6250294497439,0.3888519859707571,9.719058485692454
29.461227235242422,0.7499999999999996,818.6250294497439,0.3888519859707571,9.719058485692454
29.461227235242422,0.7499999999999996,818.6250294497439,0.3888519859707571,9.719058485692454
29.972407939198618,0.7499999999999989,809.6099622471404,0.3942830326329262,9.657761837460455
29.972407939198618,0.7499999999999989,809.6099622471404,0.3942830326329262,9.657761837460455
29.995601618181787,0.7499999999999993,810.8431547281521,0.3933485605447737,9.602188454901533
30.187707032210085,0.7499999999999992,804.6407698475011,0.39296122175434334,9.57547817952366
30.187707032210085,0.7499999999999992,804.6407698475011,0.39296122175434334,9.57547817952366
30.187707032210085,0.7499999999999992,804.6407698475011,0.39296122175434334,9.57547817952366
30.25544505167822,0.7499999999999993,802.3793272296183,0.40224932890830073,9.62266904258448
30.25544505167822,0.7499999999999993,802.3793272296183,0.40224932890830073,9.62266904258448
30.211124226911693,0.749999999999999,803.4551073764771,0.3991134515695562,9.620118012176224
29.84644037652779,0.7499999999999998,806.0284708035523,0.3952279815634065,9.598393921527338
29.939428978512687,0.749999999999999,804.634976291235,0.38301213381550636,9.585536107716138
29.939428978512687,0.749999999999999,804.634976291235,0.38301213381550636,9.585536107716138
29.95556445945855,0.7499999999999989,804.0166104565336,0.37215972423291516,9.540801504959182
30.24577942247032,0.7499999999999991,804.0640965907298,0.376183087023159,9.61571664864611
30.24577942247032,0.7499999999999991,804.0640965907298,0.376183087023159,9.61571664864611
30.24577942247032,0.7499999999999991,804.0640965907298,0.376183087023159,9.61571664864611
30.24577942247032,0.7499999999999991,804.0640965907298,0.376183087023159,9.61571664864611
29.724073036801666,0.7499999999999994,801.1456240174798,0.3715152336473325,9.60053164878911
29.285921176692497,0.7499999999999999,804.52615349787,0.36633302962894543,9.56707314795985
29.285921176692497,0.7499999999999999,804.52615349787,0.36633302962894543,9.56707314795985
29.285921176692497,0.7499999999999999,804.52615349787,0.36633302962894543,9.56707314795985
29.47756018502881,0.7499999999999998,803.7445559789671,0.3662625961118655,9.566920767215834
29.7810752316808,0.7499999999999992,801.1967915656933,0.37680516760274974,9.55392518461856
29.7810752316808,0.7499999999999992,801.1967915656933,0.37680516760274974,9.55392518461856
29.7810752316808,0.7499999999999992,801.1967915656933,0.37680516760274974,9.55392518461856
30.402718411776114,0.7499999999999993,798.0398270652483,0.396135437387938,9.649522213165573
29.432599573880914,0.7499999999999991,807.4464822868997,0.39945729072231545,9.606316868221828
29.018730832579987,0.7499999999999996,806.6153216776247,0.39324243434579487,9.595003614818946
29.018730832579987,0.7499999999999996,806.6153216776247,0.39324243434579487,9.595003614818946
28.732340845061625,0.7499999999999994,807.2166218441467,0.3901193338816536,9.614208350041704
28.732340845061625,0.7499999999999994,807.2166218441467,0.3901193338816536,9.614208350041704
28.59496883151281,0.7499999999999991,814.5335353277083,0.40418005296168863,9.744228730053498
28.59496883151281,0.7499999999999991,814.5335353277083,0.40418005296168863,9.744228730053498
29.437501016853197,0.7499999999999987,805.474304962712,0.41595424011489723,9.763428956332547
29.42641480562993,0.7499999999999979,800.8189700813076,0.4025304827297896,9.710818941873859
29.42641480562993,0.7499999999999979,800.8189700813076,0.4025304827297896,9.710818941873859
29.463526371059572,0.7499999999999996,806.4800226012035,0.4169139250213944,9.710720404923658
29.463526371059572,0.7499999999999996,806.4800226012035,0.4169139250213944,9.710720404923658
29.463526371059572,0.7499999999999996,806.4800226012035,0.4169139250213944,9.710720404923658
29.463526371059572,0.7499999999999996,806.4800226012035,0.4169139250213944,9.710720404923658
28.990148900074594,0.7499999999999998,820.4040237437272,0.4147045895654909,9.685474435910802
29.18630707434381,0.7499999999999997,816.4845951016846,0.42241034624114165,9.716933274393284
29.18630707434381,0.7499999999999997,816.4845951016846,0.42241034624114165,9.716933274393284
29.18630707434381,0.7499999999999997,816.4845951016846,0.42241034624114165,9.716933274393284
28.718243485975325,0.7499999999999989,816.9946213676908,0.4156713412675587,9.655856204513722
28.718243485975325,0.7499999999999989,816.9946213676908,0.4156713412675587,9.655856204513722
28.718243485975325,0.7499999999999989,816.9946213676908,0.4156713412675587,9.655856204513722
28.718243485975325,0.7499999999999989,816.9946213676908,0.4156713412675587,9.655856204513722
28.718243485975325,0.7499999999999989,816.9946213676908,0.4156713412675587,9.655856204513722
28.718243485975325,0.7499999999999989,816.9946213676908,0.4156713412675587,9.655856204513722
28.424918313163985,0.7499999999999986,825.6170380110461,0.41995470405721896,9.640067229178541
28.424918313163985,0.7499999999999986,825.6170380110461,0.41995470405721896,9.640067229178541
28.424918313163985,0.7499999999999986,825.6170380110461,0.41995470405721896,9.640067229178541
28.424918313163985,0.7499999999999986,825.6170380110461,0.41995470405721896,9.640067229178541
28.871100757284186,0.7499999999999993,819.2777304330207,0.4165980175555036,9.601747520173934
29.767067448064296,0.7499999999999992,807.231765528045,0.41291946002491914,9.598678088722398
29.767067448064296,0.7499999999999992,807.231765528045,0.41291946002491914,9.598678088722398
29.142772939332758,0.7499999999999993,810.6093597015497,0.40756557303698704,9.497473691905
28.829697431306606,0.7499999999999991,810.787916154995,0.41215437264224936,9.482653632153776
28.829697431306606,0.7499999999999991,810.787916154995,0.41215437264224936,9.482653632153776
29.00022398374872,0.7499999999999996,808.2920660102978,0.41204474589100276,9.532440173604167
29.00022398374872,0.7499999999999996,808.2920660102978,0.41204474589100276,9.532440173604167
29.00022398374872,0.7499999999999996,808.2920660102978,0.41204474589100276,9.532440173604167
29.00022398374872,0.7499999999999996,808.2920660102978,0.41204474589100276,9.532440173604167
29.00022398374872,0.7499999999999996,808.2920660102978,0.41204474589100276,9.532440173604167
28.99559479805008,0.7499999999999996,802.6238646442977,0.41122602773113826,9.461750350245335
29.069922781580573,0.7499999999999989,804.1107206844008,0.4106037377405839,9.423002382300307
29.069922781580573,0.7499999999999989,804.1107206844008,0.4106037377405839,9.423002382300307
28.840375764903612,0.7499999999999997,801.0150198759535,0.3927579641933743,9.412561937592027
28.840375764903612,0.7499999999999997,801.0150198759535,0.3927579641933743,9.412561937592027
29.253490500599174,0.7499999999999998,805.5337199362912,0.4083363271140897,9.498452108041215
28.866458432438755,0.7499999999999994,810.8708213250216,0.40974279582734446,9.517914705216961
28.866458432438755,0.7499999999999994,810.8708213250216,0.40974279582734446,9.517914705216961
28.84587588693215,0.7499999999999996,800.628171100662,0.4012642523622004,9.407838997993206
28.84587588693215,0.7499999999999996,800.628171100662,0.4012642523622004,9.407838997993206
28.224412256775388,0.7499999999999992,819.1944709193175,0.40550762888720876,9.446269654073115
28.851617133984796,0.7499999999999997,803.7746101453621,0.40297624007045696,9.361951550183457
28.851617133984796,0.7499999999999997,803.7746101453621,0.40297624007045696,9.361951550183457
28.851617133984796,0.7499999999999997,803.7746101453621,0.40297624007045696,9.361951550183457
28.851617133984796,0.7499999999999997,803.7746101453621,0.40297624007045696,9.361951550183457
28.131301344078924,0.7499999999999976,806.6419919705352,0.3945784591895159,9.341952676189232
28.013421468954075,0.7499999999999996,811.1100583595792,0.3924181637847864,9.430495220040637
28.013421468954075,0.7499999999999996,811.1100583595792,0.3924181637847864,9.430495220040637
28.013421468954075,0.7499999999999996,811.1100583595792,0.3924181637847864,9.430495220040637
28.013421468954075,0.7499999999999996,811.1100583595792,0.3924181637847864,9.430495220040637
28.013421468954075,0.7499999999999996,811.1100583595792,0.3924181637847864,9.430495220040637
28.013421468954075,0.7499999999999996,811.1100583595792,0.3924181637847864,9.430495220040637
28.013421468954075,0.7499999999999996,811.1100583595792,0.3924181637847864,9.430495220040637
28.013421468954075,0.7499999999999996,811.1100583595792,0.3924181637847864,9.430495220040637
29.04660548546512,0.7499999999999991,803.4473137038085,0.4021757190723418,9.447452456275343
29.327232418695402,0.7499999999999992,803.2955208294802,0.39745693541505855,9.55824511773794
29.44722586146596,0.7499999999999989,808.8691621321266,0.4147951916154818,9.728880604525898
29.215089652123957,0.7499999999999996,814.8236785844954,0.42898011520430396,9.789995088218337
29.08152254962268,0.7499999999999992,824.1597273017329,0.4514245154978941,10.005468566776177
29.360458098863347,0.7499999999999987,822.1092986627009,0.4511196382576592,10.01564710226025
29.66116286735363,0.7499999999999994,816.527121615583,0.46227603508054893,10.049748496172796
29.698449522145573,0.7499999999999994,816.0668636582578,0.45855972303857284,9.998839237374764
29.02839944699351,0.7499999999999989,818.599968704043,0.44893153104908473,9.865484649823003
29.12728779246705,0.7499999999999984,819.435852795292,0.4471067634118842,9.867306391210642
29.30146479882612,0.7499999999999996,821.0832935036892,0.4528232207260939,10.002483692015977
29.702707866431346,0.7499999999999998,823.0954241151212,0.4571447306168694,9.952967919173332
29.727836015389418,0.7499999999999999,823.0078756607022,0.4555219301589229,9.977509852318757
29.98472234949389,0.7499999999999997,824.1834084208198,0.46231411023731867,9.977552787692352
29.98472234949389,0.7499999999999997,824.1834084208198,0.46231411023731867,9.977552787692352
29.931762199583932,0.7499999999999996,826.2565379505434,0.47552448511022716,10.081064746748472
28.94607499271015,0.7499999999999992,828.8441712388682,0.47322062734033843,9.960343706015033
28.903163579902788,0.7499999999999994,831.593099943784,0.4696312401758683,9.954693787822356
28.903163579902788,0.7499999999999994,831.593099943784,0.4696312401758683,9.954693787822356
28.903163579902788,0.7499999999999994,831.593099943784,0.4696312401758683,9.954693787822356
28.903163579902788,0.7499999999999994,831.593099943784,0.4696312401758683,9.954693787822356
29.50145616730242,0.7499999999999989,817.07600331151,0.4598222005155319,9.906537260763226
29.30199320392287,0.7499999999999993,817.7676935847626,0.4455128809600895,9.953977108093289
29.081321898673384,0.7499999999999993,828.465539559799,0.46024128974170725,10.13597190777179
29.081321898673384,0.7499999999999993,828.465539559799,0.46024128974170725,10.13597190777179
29.081321898673384,0.7499999999999993,828.465539559799,0.46024128974170725,10.13597190777179
29.75680874483278,0.7499999999999999,819.3478201059269,0.4638639005367428,10.089535276477397
30.108967398062536,0.749999999999999,817.5445815403373,0.46418029130167315,10.110451417443556
29.248632558676203,0.7499999999999983,826.942990657758,0.4686736269780601,10.071354682617216
29.32071722180663,0.7499999999999987,822.0128853858055,0.46230750862735076,10.098555665187684
30.157314744220344,0.7499999999999998,815.5526053528273,0.46304003155706247,10.098299776823145
30.157314744220344,0.7499999999999998,815.5526053528273,0.46304003155706247,10.098299776823145
28.98596425530308,0.75,828.2157318399801,0.46282765723526154,10.120391360151492
28.98596425530308,0.75,828.2157318399801,0.46282765723526154,10.120391360151492
28.98596425530308,0.75,828.2157318399801,0.46282765723526154,10.120391360151492
28.98596425530308,0.75,828.2157318399801,0.46282765723526154,10.120391360151492
28.98596425530308,0.75,828.2157318399801,0.46282765723526154,10.120391360151492
28.98596425530308,0.75,828.2157318399801,0.46282765723526154,10.120391360151492
28.98596425530308,0.75,828.2157318399801,0.46282765723526154,10.120391360151492
28.98596425530308,0.75,828.2157318399801,0.46282765723526154,10.120391360151492
29.456484029799242,0.7499999999999998,822.2555833639334,0.47410408132241655,10.17677949457676
29.456484029799242,0.7499999999999998,822.2555833639334,0.47410408132241655,10.17677949457676
29.456484029799242,0.7499999999999998,822.2555833639334,0.47410408132241655,10.17677949457676
29.519182906985,0.7499999999999999,820.3474349685893,0.4567048655019581,10.047657583650027
29.519182906985,0.7499999999999999,820.3474349685893,0.4567048655019581,10.047657583650027
29.519182906985,0.7499999999999999,820.3474349685893,0.4567048655019581,10.047657583650027
29.433596087492003,0.7499999999999984,813.0429045185489,0.44080103780060664,9.942169631384274
29.433596087492003,0.7499999999999984,813.0429045185489,0.44080103780060664,9.942169631384274
29.433596087492003,0.7499999999999984,813.0429045185489,0.44080103780060664,9.942169631384274
29.433596087492003,0.7499999999999984,813.0429045185489,0.44080103780060664,9.942169631384274
29.433596087492003,0.7499999999999984,813.0429045185489,0.44080103780060664,9.942169631384274
29.433596087492003,0.7499999999999984,813.0429045185489,0.44080103780060664,9.942169631384274
29.433596087492003,0.7499999999999984,813.0429045185489,0.44080103780060664,9.942169631384274
29.433596087492003,0.7499999999999984,813.0429045185489,0.44080103780060664,9.942169631384274
29.433596087492003,0.7499999999999984,813.0429045185489,0.44080103780060664,9.942169631384274
30.017065465503578,0.7499999999999996,808.6438055887273,0.4413780426255556,9.933287096426957
30.017065465503578,0.7499999999999996,808.6438055887273,0.4413780426255556,9.933287096426957
29.84653516342753,0.7499999999999989,813.3195266953448,0.44560522281614456,9.85971698441114
29.84653516342753,0.7499999999999989,813.3195266953448,0.44560522281614456,9.85971698441114
29.84653516342753,0.7499999999999989,813.3195266953448,0.44560522281614456,9.85971698441114
29.84653516342753,0.7499999999999989,813.3195266953448,0.44560522281614456,9.85971698441114
30.100014347731246,0.7499999999999993,806.9233767057611,0.4400101518813081,9.825253226178614
30.28552075726874,0.749999999999999,808.1656623308036,0.45029690808075057,9.841505127401163
30.28552075726874,0.749999999999999,808.1656623308036,0.45029690808075057,9.841505127401163
29.945530181332565,0.7499999999999992,802.7811204768856,0.44454031992353593,9.766160471298628
29.945530181332565,0.7499999999999992,802.7811204768856,0.44454031992353593,9.766160471298628
29.945530181332565,0.7499999999999992,802.7811204768856,0.44454031992353593,9.766160471298628
29.945530181332565,0.7499999999999992,802.7811204768856,0.44454031992353593,9.766160471298628
29.945530181332565,0.7499999999999992,802.7811204768856,0.44454031992353593,9.766160471298628
30.180166305408154,0.7499999999999994,806.9685986694067,0.44828059828243794,9.750329390964904
30.180166305408154,0.7499999999999994,806.9685986694067,0.44828059828243794,9.750329390964904
30.17488421085054,0.7499999999999988,812.84239846153,0.451474211324603,9.831668427875314
30.17488421085054,0.7499999999999988,812.84239846153,0.451474211324603,9.831668427875314
30.263963887124657,0.7499999999999993,810.8498992764266,0.445525098215842,9.831516277453204
30.370750515215825,0.7499999999999993,809.3323620838293,0.44221105694483753,9.872771247446243
30.370750515215825,0.7499999999999993,809.3323620838293,0.44221105694483753,9.872771247446243
30.370750515215825,0.7499999999999993,809.3323620838293,0.44221105694483753,9.872771247446243
30.370750515215825,0.7499999999999993,809.3323620838293,0.44221105694483753,9.872771247446243
30.370750515215825,0.7499999999999993,809.3323620838293,0.44221105694483753,9.872771247446243
30.65076880689374,0.7499999999999988,811.0569014869075,0.4502970594357112,9.98714120657091
30.2040356887703,0.7499999999999988,799.7315788051812,0.42901542119275454,9.850690716777507
30.260688478405413,0.7499999999999994,799.3842200683171,0.4100168996863193,9.825405157482715
30.102424242736614,0.7499999999999992,792.1037977562905,0.4228323719149112,9.71707927220819
30.18323668623309,0.7499999999999997,798.3733515502425,0.43294644338976684,9.842048836708305
30.18323668623309,0.7499999999999997,798.3733515502425,0.43294644338976684,9.842048836708305
30.18323668623309,0.7499999999999997,798.3733515502425,0.43294644338976684,9.842048836708305
29.932454623021936,0.7499999999999999,799.3093961944329,0.427699795737951,9.843950788664236
29.932454623021936,0.7499999999999999,799.3093961944329,0.427699795737951,9.843950788664236
29.932454623021936,0.7499999999999999,799.3093961944329,0.427699795737951,9.843950788664236
29.932454623021936,0.7499999999999999,799.3093961944329,0.427699795737951,9.843950788664236
29.932454623021936,0.7499999999999999,799.3093961944329,0.427699795737951,9.843950788664236
29.05416110776977,0.7499999999999997,808.151142666682,0.42828419016578984,9.767038762681413
29.05416110776977,0.7499999999999997,808.151142666682,0.42828419016578984,9.767038762681413
29.05416110776977,0.7499999999999997,808.151142666682,0.42828419016578984,9.767038762681413
29.403376248304752,0.7499999999999989,807.7205890583814,0.4269169115356692,9.790266929437504
29.229743426180434,0.7499999999999996,815.1671372646224,0.4195345004743813,9.719900673029594
29.69601748859312,0.7500000000000003,804.9391576519122,0.410544481442358,9.645049794706328
29.69601748859312,0.7500000000000003,804.9391576519122,0.410544481442358,9.645049794706328
29.69601748859312,0.7500000000000003,804.9391576519122,0.410544481442358,9.645049794706328
29.69601748859312,0.7500000000000003,804.9391576519122,0.410544481442358,9.645049794706328
29.69601748859312,0.7500000000000003,804.9391576519122,0.410544481442358,9.645049794706328
29.377157991153357,0.75,811.1080040568108,0.41545651124882715,9.641486273234174
29.255513525366258,0.7499999999999997,810.8291421317338,0.4038547968449919,9.63835267192746
29.255513525366258,0.7499999999999997,810.8291421317338,0.4038547968449919,9.63835267192746
29.255513525366258,0.7499999999999997,810.8291421317338,0.4038547968449919,9.63835267192746
29.50679934730362,0.7499999999999994,817.9172015650892,0.40915365202224285,9.766244961883633
30.460727130465017,0.7499999999999986,801.235299973317,0.4172076772446413,9.75084537295262
29.88032312324221,0.75,806.6189193543698,0.41012955050782335,9.68626448992909
29.88032312324221,0.75,806.6189193543698,0.41012955050782335,9.68626448992909
29.88032312324221,0.75,806.6189193543698,0.41012955050782335,9.68626448992909
30.51361260706467,0.7499999999999996,810.0827400141269,0.41367508083053844,9.738358248956029
30.51361260706467,0.7499999999999996,810.0827400141269,0.41367508083053844,9.738358248956029
30.51361260706467,0.7499999999999996,810.0827400141269,0.41367508083053844,9.738358248956029
30.21595478273442,0.7499999999999993,810.6480705722286,0.4092236523834022,9.756602830931238
29.748800208999093,0.7499999999999992,821.0981626839396,0.41738593981120253,9.747626083481794
30.048348685748962,0.749999999999999,814.8008549950645,0.41767027897419806,9.754964382554267
29.984991548129685,0.7499999999999988,819.4514970519419,0.429526166516364,9.82050326028733
29.984991548129685,0.7499999999999988,819.4514970519419,0.429526166516364,9.82050326028733
30.006400137274767,0.7499999999999981,805.9153105396686,0.41063129070131943,9.700096091602514
30.006400137274767,0.7499999999999981,805.9153105396686,0.41063129070131943,9.700096091602514
30.006400137274767,0.7499999999999981,805.9153105396686,0.41063129070131943,9.700096091602514
30.006400137274767,0.7499999999999981,805.9153105396686,0.41063129070131943,9.700096091602514
30.006400137274767,0.7499999999999981,805.9153105396686,0.41063129070131943,9.700096091602514
30.006400137274767,0.7499999999999981,805.9153105396686,0.41063129070131943,9.700096091602514
30.006400137274767,0.7499999999999981,805.9153105396686,0.41063129070131943,9.700096091602514
29.667391454612154,0.7499999999999999,812.1373046571567,0.40932242021348747,9.718417524305334
29.667391454612154,0.7499999999999999,812.1373046571567,0.40932242021348747,9.718417524305334
29.777244500133598,0.7499999999999998,819.7819875766764,0.41306628426509456,9.730909872538785
30.134548829158074,0.7499999999999993,815.392317394702,0.41042261641612376,9.745820886710542
30.798445378263917,0.7499999999999992,807.3438988463361,0.4060335958072937,9.76666809546569
30.612992602179204,0.7499999999999994,819.0669416400486,0.40006470181423887,9.692667396081742
30.838571745685734,0.7499999999999998,820.0491366289102,0.40470783056596077,9.748103426069449
30.838571745685734,0.7499999999999998,820.0491366289102,0.40470783056596077,9.748103426069449
31.079325420666006,0.749999999999999,811.3181381697281,0.4027336858168221,9.687041664504946
31.079325420666006,0.749999999999999,811.3181381697281,0.4027336858168221,9.687041664504946
31.079325420666006,0.749999999999999,811.3181381697281,0.4027336858168221,9.687041664504946
30.884279649518533,0.7499999999999996,811.7169071060475,0.40490574376314714,9.728147581297756
30.884279649518533,0.7499999999999996,811.7169071060475,0.40490574376314714,9.728147581297756
30.79903550247269,0.7499999999999994,816.7091621359484,0.41579864494204466,9.789500027847822
30.79903550247269,0.7499999999999994,816.7091621359484,0.41579864494204466,9.789500027847822
30.79903550247269,0.7499999999999994,816.7091621359484,0.41579864494204466,9.789500027847822
30.79903550247269,0.7499999999999994,816.7091621359484,0.41579864494204466,9.789500027847822
30.79903550247269,0.7499999999999994,816.7091621359484,0.41579864494204466,9.789500027847822
30.79903550247269,0.7499999999999994,816.7091621359484,0.41579864494204466,9.789500027847822
30.79903550247269,0.7499999999999994,816.7091621359484,0.41579864494204466,9.789500027847822
30.79903550247269,0.7499999999999994,816.7091621359484,0.41579864494204466,9.789500027847822
30.540978524655713,0.7499999999999998,813.3327426045012,0.4021766268635368,9.644693230098223
31.347689452969835,0.75,803.9808552789273,0.3870536399986857,9.635407506676852
31.200261417728203,0.7499999999999997,806.9551398909596,0.3824541450611747,9.624709635848145
31.200261417728203,0.7499999999999997,806.9551398909596,0.3824541450611747,9.624709635848145
30.965967994291894,0.7499999999999997,815.534956073494,0.3839150097206807,9.66433683343185
30.965967994291894,0.7499999999999997,815.534956073494,0.3839150097206807,9.66433683343185
30.368280171149145,0.7499999999999992,817.7172114109594,0.3775451591264254,9.623724587263021
30.368280171149145,0.7499999999999992,817.7172114109594,0.3775451591264254,9.623724587263021
30.368280171149145,0.7499999999999992,817.7172114109594,0.3775451591264254,9.623724587263021
30.368280171149145,0.7499999999999992,817.7172114109594,0.3775451591264254,9.623724587263021
29.636474947600817,0.7499999999999997,821.756878096129,0.3878075700407475,9.619909774262917
29.636474947600817,0.7499999999999997,821.756878096129,0.3878075700407475,9.619909774262917
28.956846298258746,0.7500000000000002,828.816365138435,0.38343942167730943,9.67247382867759
29.655192241520645,0.7499999999999979,820.2487119977137,0.3816977872280073,9.645430371573681
29.655192241520645,0.7499999999999979,820.2487119977137,0.3816977872280073,9.645430371573681
29.655192241520645,0.7499999999999979,820.2487119977137,0.3816977872280073,9.645430371573681
29.82264902987201,0.749999999999998,816.9685569629157,0.382952484637608,9.65171732720827
29.82264902987201,0.749999999999998,816.9685569629157,0.382952484637608,9.65171732720827
29.82264902987201,0.749999999999998,816.9685569629157,0.382952484637608,9.65171732720827
29.80270386522827,0.7499999999999989,812.7810552168712,0.38636623526157066,9.618524968872643
29.53873811108068,0.7499999999999988,813.9822098038907,0.39190106533676705,9.53818469479646
29.53873811108068,0.7499999999999988,813.9822098038907,0.39190106533676705,9.53818469479646
30.010975055299465,0.7499999999999999,806.6217917881129,0.3990937741509529,9.579225059274211
30.010975055299465,0.7499999999999999,806.6217917881129,0.3990937741509529,9.579225059274211
29.803177189921456,0.749999999999999,813.513871266882,0.3943957448749996,9.650021201796974
29.803177189921456,0.749999999999999,813.513871266882,0.3943957448749996,9.650021201796974
30.401688692323997,0.7499999999999986,810.3143351378475,0.40043352167759233,9.777835698927513
30.401688692323997,0.7499999999999986,810.3143351378475,0.40043352167759233,9.777835698927513
30.401688692323997,0.7499999999999986,810.3143351378475,0.40043352167759233,9.777835698927513
30.282050823255094,0.7499999999999997,811.0410068044888,0.3988789862679577,9.743954661928345
30.282050823255094,0.7499999999999997,811.0410068044888,0.3988789862679577,9.743954661928345
30.35333306344758,0.7499999999999997,812.7358610831672,0.41058534476115555,9.825498360288341
29.492860095883955,0.7499999999999994,827.4075654683263,0.42151605530587055,9.80349719735049
29.492860095883955,0.7499999999999994,827.4075654683263,0.42151605530587055,9.80349719735049
30.029682783247576,0.7499999999999979,827.1897110018534,0.4277759850268007,9.875082519197965
30.029682783247576,0.7499999999999979,827.1897110018534,0.4277759850268007,9.875082519197965
30.548808539939763,0.7499999999999992,827.1218628655719,0.4208584804330428,9.920267278346662
30.548808539939763,0.7499999999999992,827.1218628655719,0.4208584804330428,9.920267278346662
30.548808539939763,0.7499999999999992,827.1218628655719,0.4208584804330428,9.920267278346662
30.548808539939763,0.7499999999999992,827.1218628655719,0.4208584804330428,9.920267278346662
30.548808539939763,0.7499999999999992,827.1218628655719,0.4208584804330428,9.920267278346662
30.548808539939763,0.7499999999999992,827.1218628655719,0.4208584804330428,9.920267278346662
30.548808539939763,0.7499999999999992,827.1218628655719,0.4208584804330428,9.920267278346662
30.548808539939763,0.7499999999999992,827.1218628655719,0.4208584804330428,9.920267278346662
30.960687605309573,0.7499999999999987,816.2416820386402,0.4269011440875389,9.983844956974036
30.960687605309573,0.7499999999999987,816.2416820386402,0.4269011440875389,9.983844956974036
31.19062421983226,0.7499999999999993,811.5965074079538,0.42735844867425554,9.963614881811065
30.177395082528548,0.749999999999999,825.4162612500982,0.43113571557000846,9.99063360500288
30.177395082528548,0.749999999999999,825.4162612500982,0.43113571557000846,9.99063360500288
30.177395082528548,0.749999999999999,825.4162612500982,0.43113571557000846,9.99063360500288
30.177395082528548,0.749999999999999,825.4162612500982,0.43113571557000846,9.99063360500288
30.436192650202475,0.7499999999999991,812.6273627840644,0.410596169577662,9.89100137746595
30.436192650202475,0.7499999999999991,812.6273627840644,0.410596169577662,9.89100137746595
30.436192650202475,0.7499999999999991,812.6273627840644,0.410596169577662,9.89100137746595
29.7746687595247,0.7499999999999994,812.6980415466006,0.41253169745120055,9.837845103793526
29.7746687595247,0.7499999999999994,812.6980415466006,0.41253169745120055,9.837845103793526
29.7746687595247,0.7499999999999994,812.6980415466006,0.41253169745120055,9.837845103793526
29.883925448435402,0.7499999999999991,814.8057596450487,0.4205579547652195,9.85634941150974
29.883925448435402,0.7499999999999991,814.8057596450487,0.4205579547652195,9.85634941150974
29.883925448435402,0.7499999999999991,814.8057596450487,0.4205579547652195,9.85634941150974
29.883925448435402,0.7499999999999991,814.8057596450487,0.4205579547652195,9.85634941150974
29.303098827060243,0.7499999999999998,822.0389341330105,0.4170248140840427,9.864624079860324
29.303098827060243,0.7499999999999998,822.0389341330105,0.4170248140840427,9.864624079860324
29.93610789528808,0.7499999999999989,817.892962015171,0.4262145480378681,9.894082831459453
29.93610789528808,0.7499999999999989,817.892962015171,0.4262145480378681,9.894082831459453
29.93610789528808,0.7499999999999989,817.892962015171,0.4262145480378681,9.894082831459453
29.93610789528808,0.7499999999999989,817.892962015171,0.4262145480378681,9.894082831459453
29.65656917127906,0.7499999999999999,817.7170218592014,0.4279353075325262,9.880963790591256
29.513741139476224,0.7499999999999997,821.36507156585,0.42305042518357205,9.897286149532965
29.183176219754444,0.7499999999999996,825.3102760153633,0.43289580198370115,9.925848319647443
28.65957503139435,0.7499999999999989,829.1312799750572,0.41703487514273196,9.819878531687294
28.65957503139435,0.7499999999999989,829.1312799750572,0.41703487514273196,9.819878531687294
28.65957503139435,0.7499999999999989,829.1312799750572,0.41703487514273196,9.819878531687294
28.65957503139435,0.7499999999999989,829.1312799750572,0.41703487514273196,9.819878531687294
28.65957503139435,0.7499999999999989,829.1312799750572,0.41703487514273196,9.819878531687294
29.67532932002975,0.7499999999999988,814.042371120368,0.41447174524935526,9.724611567568001
29.979580930752448,0.7499999999999993,825.0149804472478,0.4424158057847388,9.823143010416022
29.207136399380136,0.7499999999999982,826.2666450723763,0.4293602204686113,9.738987528557896
29.207136399380136,0.7499999999999982,826.2666450723763,0.4293602204686113,9.738987528557896
29.207136399380136,0.7499999999999982,826.2666450723763,0.4293602204686113,9.738987528557896
29.207136399380136,0.7499999999999982,826.2666450723763,0.4293602204686113,9.738987528557896
29.207136399380136,0.7499999999999982,826.2666450723763,0.4293602204686113,9.738987528557896
29.207136399380136,0.7499999999999982,826.2666450723763,0.4293602204686113,9.738987528557896
29.207136399380136,0.7499999999999982,826.2666450723763,0.4293602204686113,9.738987528557896
29.207136399380136,0.7499999999999982,826.2666450723763,0.4293602204686113,9.738987528557896
29.616143084094197,0.7499999999999994,825.2919958263963,0.42987112221853463,9.716713585043644
29.926627003457966,0.7499999999999991,821.4943264416067,0.4294339672961162,9.596002046092522
30.077668168110044,0.7499999999999992,817.2285889681787,0.4135721961996395,9.577124805829815
30.077668168110044,0.7499999999999992,817.2285889681787,0.4135721961996395,9.577124805829815
30.238888314055817,0.7500000000000004,824.6857776742039,0.41111362822718517,9.607268627884968
29.917945472101113,0.7499999999999996,817.5028581617362,0.41616895312035745,9.539634205753284
29.869404350413525,0.7499999999999996,813.4473622544115,0.40247109453453583,9.527988757626682
29.85653907878927,0.7499999999999996,809.9487828152695,0.41682862272690074,9.558839534452627
29.705315072740767,0.7499999999999974,807.5283572266276,0.4183833860920885,9.542855555401989
29.705315072740767,0.7499999999999974,807.5283572266276,0.4183833860920885,9.542855555401989
28.368127577943216,0.75,822.2355313222185,0.41333770173422824,9.555367776412044
28.368127577943216,0.75,822.2355313222185,0.41333770173422824,9.555367776412044
28.368127577943216,0.75,822.2355313222185,0.41333770173422824,9.555367776412044
28.368127577943216,0.75,822.2355313222185,0.41333770173422824,9.555367776412044
28.368127577943216,0.75,822.2355313222185,0.41333770173422824,9.555367776412044
28.368127577943216,0.75,822.2355313222185,0.41333770173422824,9.555367776412044
28.368127577943216,0.75,822.2355313222185,0.41333770173422824,9.555367776412044
28.368127577943216,0.75,822.2355313222185,0.41333770173422824,9.555367776412044
28.915848934342247,0.7499999999999978,820.5384396872354,0.42005714643340897,9.613895526570222
28.915848934342247,0.7499999999999978,820.5384396872354,0.42005714643340897,9.613895526570222
28.915848934342247,0.7499999999999978,820.5384396872354,0.42005714643340897,9.613895526570222
28.939016779872908,0.7499999999999989,822.1071632914611,0.42709935143855055,9.687801258507601
29.21029910260211,0.7499999999999999,823.7265554183632,0.43101869532769604,9.755419604087962
29.21029910260211,0.7499999999999999,823.7265554183632,0.43101869532769604,9.755419604087962
29.21029910260211,0.7499999999999999,823.7265554183632,0.43101869532769604,9.755419604087962
29.21029910260211,0.7499999999999999,823.7265554183632,0.43101869532769604,9.755419604087962
29.39560572608074,0.7499999999999993,814.5869439706875,0.4079643335647206,9.62782500943543
29.39560572608074,0.7499999999999993,814.5869439706875,0.4079643335647206,9.62782500943543
29.39560572608074,0.7499999999999993,814.5869439706875,0.4079643335647206,9.62782500943543
29.39560572608074,0.7499999999999993,814.5869439706875,0.4079643335647206,9.62782500943543
29.39560572608074,0.7499999999999993,814.5869439706875,0.4079643335647206,9.62782500943543
29.383838357843675,0.7499999999999994,815.6724258349761,0.4007853424706653,9.646071292304597
29.02510434066753,0.7499999999999993,823.084727640445,0.39868116624927535,9.617416003823214
29.236702774775903,0.7499999999999992,822.6327437942911,0.39433755202624066,9.693499492746943
29.26761653300462,0.7499999999999996,811.4127161469122,0.3787634927736394,9.52868963675211
29.26761653300462,0.7499999999999996,811.4127161469122,0.3787634927736394,9.52868963675211
29.26761653300462,0.7499999999999996,811.4127161469122,0.3787634927736394,9.52868963675211
29.26761653300462,0.7499999999999996,811.4127161469122,0.3787634927736394,9.52868963675211
29.26761653300462,0.7499999999999996,811.4127161469122,0.3787634927736394,9.52868963675211
29.26761653300462,0.7499999999999996,811.4127161469122,0.3787634927736394,9.52868963675211
29.26761653300462,0.7499999999999996,811.4127161469122,0.3787634927736394,9.52868963675211
29.26761653300462,0.7499999999999996,811.4127161469122,0.3787634927736394,9.52868963675211
29.082507262002217,0.7499999999999993,810.1732696290168,0.392262480645486,9.523771815688821
29.082507262002217,0.7499999999999993,810.1732696290168,0.392262480645486,9.523771815688821
29.082507262002217,0.7499999999999993,810.1732696290168,0.392262480645486,9.523771815688821
29.082507262002217,0.7499999999999993,810.1732696290168,0.392262480645486,9.523771815688821
29.082507262002217,0.7499999999999993,810.1732696290168,0.392262480645486,9.523771815688821
29.082507262002217,0.7499999999999993,810.1732696290168,0.392262480645486,9.523771815688821
29.082507262002217,0.7499999999999993,810.1732696290168,0.392262480645486,9.523771815688821
29.082507262002217,0.7499999999999993,810.1732696290168,0.392262480645486,9.523771815688821
29.082507262002217,0.7499999999999993,810.1732696290168,0.392262480645486,9.523771815688821
28.800801359796793,0.7499999999999996,810.1191226126177,0.3857654279575904,9.632117884795003
28.800801359796793,0.7499999999999996,810.1191226126177,0.3857654279575904,9.632117884795003
29.28325095203061,0.7499999999999997,799.9620672141735,0.38356256022678703,9.520513227681283
29.104777886776063,0.7499999999999982,810.1714151265985,0.3848908855199166,9.538000562077892
29.104777886776063,0.7499999999999982,810.1714151265985,0.3848908855199166,9.538000562077892
29.057389337694314,0.7499999999999998,817.474261026511,0.4032932003098315,9.554558840326283
29.057389337694314,0.7499999999999998,817.474261026511,0.4032932003098315,9.554558840326283
29.27751283584794,0.7499999999999998,809.2243199538044,0.41736794955169376,9.589060117623308
29.27751283584794,0.7499999999999998,809.2243199538044,0.41736794955169376,9.589060117623308
29.27751283584794,0.7499999999999998,809.2243199538044,0.41736794955169376,9.589060117623308
29.27751283584794,0.7499999999999998,809.2243199538044,0.41736794955169376,9.589060117623308
29.27751283584794,0.7499999999999998,809.2243199538044,0.41736794955169376,9.589060117623308
29.27751283584794,0.7499999999999998,809.2243199538044,0.41736794955169376,9.589060117623308
29.27751283584794,0.7499999999999998,809.2243199538044,0.41736794955169376,9.589060117623308
29.27751283584794,0.7499999999999998,809.2243199538044,0.41736794955169376,9.589060117623308
29.524402743501952,0.7499999999999994,806.1125611974561,0.42909329298231325,9.696302771964415
29.524402743501952,0.7499999999999994,806.1125611974561,0.42909329298231325,9.696302771964415
29.34076515828827,0.7499999999999982,812.8339180463784,0.4462258680761365,9.76550709324167
29.20465176162832,0.7499999999999996,812.1199811310263,0.44059751338769154,9.765630024067585
29.20465176162832,0.7499999999999996,812.1199811310263,0.44059751338769154,9.765630024067585
28.735705694473666,0.7500000000000002,821.7869258564631,0.4418417233431814,9.761850692769835
28.735705694473666,0.7500000000000002,821.7869258564631,0.4418417233431814,9.761850692769835
28.735705694473666,0.7500000000000002,821.7869258564631,0.4418417233431814,9.761850692769835
29.054049069296475,0.749999999999999,810.7963235762802,0.4385149059788396,9.812251828059875
28.967583148531006,0.7499999999999993,819.9934953598124,0.44594132605544956,9.889214116024021
28.967583148531006,0.7499999999999993,819.9934953598124,0.44594132605544956,9.889214116024021
28.421249496299502,0.7499999999999994,834.5971079943465,0.4553307079705497,9.922311687717421
28.421249496299502,0.7499999999999994,834.5971079943465,0.4553307079705497,9.922311687717421
28.421249496299502,0.7499999999999994,834.5971079943465,0.4553307079705497,9.922311687717421
28.421249496299502,0.7499999999999994,834.5971079943465,0.4553307079705497,9.922311687717421
28.421249496299502,0.7499999999999994,834.5971079943465,0.4553307079705497,9.922311687717421
28.421249496299502,0.7499999999999994,834.5971079943465,0.4553307079705497,9.922311687717421
28.421249496299502,0.7499999999999994,834.5971079943465,0.4553307079705497,9.922311687717421
28.421249496299502,0.7499999999999994,834.5971079943465,0.4553307079705497,9.922311687717421
28.421249496299502,0.7499999999999994,834.5971079943465,0.4553307079705497,9.922311687717421
28.421249496299502,0.7499999999999994,834.5971079943465,0.4553307079705497,9.922311687717421
28.421249496299502,0.7499999999999994,834.5971079943465,0.4553307079705497,9.922311687717421
28.421249496299502,0.7499999999999994,834.5971079943465,0.4553307079705497,9.922311687717421
28.68603090866315,0.749999999999999,830.5782945601104,0.4531742836849377,9.937300832523459
29.519373874058257,0.7499999999999988,810.6872373047623,0.44949688529610743,9.879373881203088
28.949619357196124,0.7499999999999988,814.8542541750363,0.4375641174474383,9.833715506886112
28.949619357196124,0.7499999999999988,814.8542541750363,0.4375641174474383,9.833715506886112
28.949619357196124,0.7499999999999988,814.8542541750363,0.4375641174474383,9.833715506886112
28.949619357196124,0.7499999999999988,814.8542541750363,0.4375641174474383,9.833715506886112
28.949619357196124,0.7499999999999988,814.8542541750363,0.4375641174474383,9.833715506886112
28.949619357196124,0.7499999999999988,814.8542541750363,0.4375641174474383,9.833715506886112
28.949619357196124,0.7499999999999988,814.8542541750363,0.4375641174474383,9.833715506886112
28.949619357196124,0.7499999999999988,814.8542541750363,0.4375641174474383,9.833715506886112
28.949619357196124,0.7499999999999988,814.8542541750363,0.4375641174474383,9.833715506886112
28.949619357196124,0.7499999999999988,814.8542541750363,0.4375641174474383,9.833715506886112
28.949619357196124,0.7499999999999988,814.8542541750363,0.4375641174474383,9.833715506886112
28.949619357196124,0.7499999999999988,814.8542541750363,0.4375641174474383,9.833715506886112
28.949619357196124,0.7499999999999988,814.8542541750363,0.4375641174474383,9.833715506886112
28.468799627197633,0.7499999999999998,811.4204212100473,0.4332599441383829,9.768839265977562
29.03747477518935,0.7499999999999987,800.9167875680805,0.41737081036341034,9.717777289688001
29.03747477518935,0.7499999999999987,800.9167875680805,0.41737081036341034,9.717777289688001
29.142925702500435,0.7499999999999997,803.6417987914176,0.4144385939640501,9.651554881676116
29.142925702500435,0.7499999999999997,803.6417987914176,0.4144385939640501,9.651554881676116
29.172398824350534,0.7499999999999996,812.3408527601835,0.4297376933827053,9.852209736340242
29.172398824350534,0.7499999999999996,812.3408527601835,0.4297376933827053,9.852209736340242
29.172398824350534,0.7499999999999996,812.3408527601835,0.4297376933827053,9.852209736340242
29.26562586372869,0.7499999999999992,804.0109394622851,0.42244299446441846,9.800823698324214
29.26562586372869,0.7499999999999992,804.0109394622851,0.42244299446441846,9.800823698324214
29.530399741964096,0.7499999999999979,804.9128589455668,0.4253210139389116,9.916976952135622
29.72654647599647,0.7499999999999987,801.2507725228988,0.4176987214923727,9.79975830951852
29.72654647599647,0.7499999999999987,801.2507725228988,0.4176987214923727,9.79975830951852
29.459334714385243,0.7499999999999992,808.8270719394154,0.4235853141028166,9.83279735945817
29.696048793520717,0.7499999999999981,804.9420665104298,0.4155017645133259,9.666850882587863
29.873792661474653,0.7499999999999993,809.6266090276326,0.403966829092928,9.63376597470484
30.15498404590978,0.749999999999999,804.0836796124529,0.3989680678527202,9.702592092155545
30.22765794618677,0.7499999999999991,807.6278047198365,0.40631075120157584,9.806860599251626
30.52583413524267,0.7499999999999992,799.822373857313,0.401837075707841,9.771603542500618
29.44535862820342,0.7499999999999996,812.6416644484902,0.4226566969190624,9.775651167738697
29.44535862820342,0.7499999999999996,812.6416644484902,0.4226566969190624,9.775651167738697
29.44535862820342,0.7499999999999996,812.6416644484902,0.4226566969190624,9.775651167738697
29.31890205570253,0.7499999999999997,809.64743392454,0.4200181571566469,9.736051562304322
29.31890205570253,0.7499999999999997,809.64743392454,0.4200181571566469,9.736051562304322
29.306984065916076,0.7499999999999986,804.9802512660227,0.4132721290719551,9.536051504322279
29.84829348377764,0.7499999999999989,797.164024481697,0.40052175843597954,9.49152708124534
30.018793557472637,0.7499999999999991,802.5338752142188,0.403721961805884,9.546847645733092
30.018793557472637,0.7499999999999991,802.5338752142188,0.403721961805884,9.546847645733092
30.881534754084488,0.7499999999999986,796.417400522953,0.4041222246691293,9.58427023481357
30.881534754084488,0.7499999999999986,796.417400522953,0.4041222246691293,9.58427023481357
31.303383768949075,0.7499999999999993,802.4734939688146,0.417128401029306,9.658009425557816
30.916149197682877,0.75,799.0956001620493,0.4008572740797196,9.591565151169496
30.916149197682877,0.75,799.0956001620493,0.4008572740797196,9.591565151169496
30.44876141558248,0.7499999999999989,803.900573264613,0.4104716292658322,9.700267752717693
30.29583778365886,0.749999999999999,807.4339930517483,0.41291447384887003,9.661702539688799
30.29583778365886,0.749999999999999,807.4339930517483,0.41291447384887003,9.661702539688799
30.29583778365886,0.749999999999999,807.4339930517483,0.41291447384887003,9.661702539688799
29.11593062287988,0.7499999999999993,815.3372949752346,0.4160352914155686,9.692631919948308
29.11593062287988,0.7499999999999993,815.3372949752346,0.4160352914155686,9.692631919948308
29.11593062287988,0.7499999999999993,815.3372949752346,0.4160352914155686,9.692631919948308
29.11593062287988,0.7499999999999993,815.3372949752346,0.4160352914155686,9.692631919948308
29.11593062287988,0.7499999999999993,815.3372949752346,0.4160352914155686,9.692631919948308
29.11593062287988,0.7499999999999993,815.3372949752346,0.4160352914155686,9.692631919948308
29.11593062287988,0.7499999999999993,815.3372949752346,0.4160352914155686,9.692631919948308
29.537528774580217,0.7499999999999994,815.422814175772,0.41228401797633313,9.67522560296106
29.537528774580217,0.7499999999999994,815.422814175772,0.41228401797633313,9.67522560296106
29.537528774580217,0.7499999999999994,815.422814175772,0.41228401797633313,9.67522560296106
29.85062632856357,0.749999999999998,818.3042145929339,0.4151099879377226,9.774701831337008
29.914266070170754,0.7499999999999994,820.2143223516445,0.4205841231836654,9.866341835067772
29.914266070170754,0.7499999999999994,820.2143223516445,0.4205841231836654,9.866341835067772
30.392557079651127,0.7499999999999987,805.9526474800239,0.4066910551580993,9.700280708631919
29.841520969533324,0.7499999999999989,811.4269085795387,0.4084496109412559,9.705994750510788
30.301653423022174,0.7499999999999999,807.5113149133481,0.4116376873520907,9.75665712109867
30.301653423022174,0.7499999999999999,807.5113149133481,0.4116376873520907,9.75665712109867
30.401281628666837,0.7499999999999978,812.7933801918343,0.41905947797101206,9.757942189869093
30.384145321198684,0.7499999999999996,808.1713465621343,0.42129325064706374,9.788939696809228
30.384145321198684,0.7499999999999996,808.1713465621343,0.42129325064706374,9.788939696809228
31.45582730396381,0.7499999999999998,804.8401216350193,0.42535772461819366,9.837203981646772
31.2846378385347,0.7499999999999999,810.3679992885751,0.43115680472275697,9.766274056839794
31.2846378385347,0.7499999999999999,810.3679992885751,0.43115680472275697,9.766274056839794
31.420828963072964,0.7499999999999997,807.6681105094597,0.4270809181930036,9.782110690597344
31.496364147874555,0.7499999999999973,808.0514470958713,0.427701373064484,9.758313714981274
31.55886551326556,0.749999999999999,806.9218685632687,0.4282335059385203,9.800490982516203
31.55886551326556,0.749999999999999,806.9218685632687,0.4282335059385203,9.800490982516203
31.793756630211924,0.7499999999999973,804.879176978208,0.4254481052966828,9.772382691268174
31.708441097765704,0.7499999999999992,809.1091310639437,0.4289904503022835,9.753795004527802
31.708441097765704,0.7499999999999992,809.1091310639437,0.4289904503022835,9.753795004527802
31.879493184424796,0.7499999999999994,806.4382724710428,0.4170114324881308,9.777608379279267
31.755283772711365,0.7499999999999999,808.028592739247,0.41526044722251954,9.686572277202208
31.755283772711365,0.7499999999999999,808.028592739247,0.41526044722251954,9.686572277202208
31.608354996570565,0.7499999999999998,810.8326858019346,0.42007211250832166,9.721914048488
31.771092802503198,0.7499999999999996,809.2287447720847,0.41634788513823917,9.745070939128931
31.771092802503198,0.7499999999999996,809.2287447720847,0.41634788513823917,9.745070939128931
31.015515463037868,0.7499999999999991,814.0120845849783,0.4211331588288044,9.709291116929194
30.704587826540006,0.75,819.393344802266,0.41623747626762525,9.709380804257089
30.704587826540006,0.75,819.393344802266,0.41623747626762525,9.709380804257089
30.704587826540006,0.75,819.393344802266,0.41623747626762525,9.709380804257089
30.97816090845503,0.749999999999999,810.5874450321274,0.41102040243036325,9.75459452244748
30.97816090845503,0.749999999999999,810.5874450321274,0.41102040243036325,9.75459452244748
30.97816090845503,0.749999999999999,810.5874450321274,0.41102040243036325,9.75459452244748
30.97816090845503,0.749999999999999,810.5874450321274,0.41102040243036325,9.75459452244748
30.97816090845503,0.749999999999999,810.5874450321274,0.41102040243036325,9.75459452244748
30.97816090845503,0.749999999999999,810.5874450321274,0.41102040243036325,9.75459452244748
30.97816090845503,0.749999999999999,810.5874450321274,0.41102040243036325,9.75459452244748
30.707740076394415,0.7499999999999994,819.5504955032447,0.4113831253826579,9.686960773473018
31.08255844305014,0.7499999999999974,812.9702271595179,0.3941868856665819,9.57507475938283
30.871803476102475,0.7499999999999992,811.7991115767385,0.41210266362568226,9.649363151931578
29.964556038704718,0.7499999999999996,816.9100376153165,0.4060571297158707,9.601958044484434
29.964556038704718,0.7499999999999996,816.9100376153165,0.4060571297158707,9.601958044484434
29.964556038704718,0.7499999999999996,816.9100376153165,0.4060571297158707,9.601958044484434
29.964556038704718,0.7499999999999996,816.9100376153165,0.4060571297158707,9.601958044484434
29.964556038704718,0.7499999999999996,816.9100376153165,0.4060571297158707,9.601958044484434
30.469714383420435,0.7499999999999968,811.224176918159,0.4005848608692404,9.571282219928824
30.895350935969198,0.7499999999999994,806.0114278353344,0.3907899731956078,9.491848087455224
30.95081488188128,0.7499999999999991,811.4702472499491,0.3981532425170304,9.504744021123756
30.95081488188128,0.7499999999999991,811.4702472499491,0.3981532425170304,9.504744021123756
30.95081488188128,0.7499999999999991,811.4702472499491,0.3981532425170304,9.504744021123756
31.45681662544231,0.7499999999999992,810.7694077930142,0.4033368176846194,9.560039890553849
31.45681662544231,0.7499999999999992,810.7694077930142,0.4033368176846194,9.560039890553849
31.373817109416315,0.7500000000000003,818.535250994121,0.4073566417929992,9.599337569761015
31.373817109416315,0.7500000000000003,818.535250994121,0.4073566417929992,9.599337569761015
30.941265209957578,0.7499999999999991,816.5415612740496,0.40902174178252987,9.557282273226354
31.299347919777603,0.7499999999999991,806.0582333571964,0.40359810778704575,9.507132533490516
31.622246201895223,0.7499999999999992,803.0153933008193,0.3952060373590151,9.518358613634408
31.228598404297767,0.7499999999999992,801.8258800064264,0.39112204195018213,9.49646480838965
31.228598404297767,0.7499999999999992,801.8258800064264,0.39112204195018213,9.49646480838965
30.465447231694945,0.75,807.6200104605421,0.3862815332309529,9.446386776316762
30.465447231694945,0.75,807.6200104605421,0.3862815332309529,9.446386776316762
30.465447231694945,0.75,807.6200104605421,0.3862815332309529,9.446386776316762
30.626399130222136,0.7499999999999982,807.4509218532767,0.381892486434551,9.371502421935327
30.626399130222136,0.7499999999999982,807.4509218532767,0.381892486434551,9.371502421935327
30.626399130222136,0.7499999999999982,807.4509218532767,0.381892486434551,9.371502421935327
30.626399130222136,0.7499999999999982,807.4509218532767,0.381892486434551,9.371502421935327
31.311325690826372,0.75,796.7639076312322,0.36943965368189624,9.39623296876502
31.311325690826372,0.75,796.7639076312322,0.36943965368189624,9.39623296876502
31.311325690826372,0.75,796.7639076312322,0.36943965368189624,9.39623296876502
31.816204263823945,0.7499999999999987,799.730742749495,0.38253519573673195,9.496511199492735
31.842741754765143,0.749999999999999,799.5935100307729,0.38111365020127974,9.550172103540977
31.907403314262613,0.7499999999999996,805.1001219535816,0.40053003364247974,9.68173158598671
31.62915140583513,0.75,807.5987205899769,0.40406976810379985,9.709879460380503
31.46287989577911,0.7499999999999993,806.3854863792478,0.3916884056252525,9.66787439155612
30.98144725199703,0.7499999999999992,808.8068120342332,0.38626386494976794,9.628146900027607
30.922958179945915,0.7499999999999991,814.9096080217912,0.3897842471638476,9.609492560087741
30.922958179945915,0.7499999999999991,814.9096080217912,0.3897842471638476,9.609492560087741
30.922958179945915,0.7499999999999991,814.9096080217912,0.3897842471638476,9.609492560087741
30.273422875103236,0.7499999999999997,815.8122902410179,0.38270711008164054,9.588861320891265
30.481684985634935,0.7499999999999993,819.1635391396071,0.3810113301895246,9.518667146491003
30.481684985634935,0.7499999999999993,819.1635391396071,0.3810113301895246,9.518667146491003
30.481684985634935,0.7499999999999993,819.1635391396071,0.3810113301895246,9.518667146491003
30.481684985634935,0.7499999999999993,819.1635391396071,0.3810113301895246,9.518667146491003
30.481684985634935,0.7499999999999993,819.1635391396071,0.3810113301895246,9.518667146491003
31.07016717704181,0.7499999999999996,811.4603092179157,0.37017186030520055,9.514034190635599
31.083685954450957,0.7499999999999996,807.8024852321042,0.36000947477736317,9.518545133888574
31.083685954450957,0.7499999999999996,807.8024852321042,0.36000947477736317,9.518545133888574
30.771933206290257,0.7500000000000001,811.4809004823818,0.37249505077891515,9.521291603717856
30.771933206290257,0.7500000000000001,811.4809004823818,0.37249505077891515,9.521291603717856
30.771933206290257,0.7500000000000001,811.4809004823818,0.37249505077891515,9.521291603717856
30.771933206290257,0.7500000000000001,811.4809004823818,0.37249505077891515,9.521291603717856
30.771933206290257,0.7500000000000001,811.4809004823818,0.37249505077891515,9.521291603717856
30.771933206290257,0.7500000000000001,811.4809004823818,0.37249505077891515,9.521291603717856
30.275268644613668,0.749999999999998,822.4448024365338,0.37138868263411423,9.529535747595821
31.51036271842791,0.7499999999999987,800.9156831702584,0.3724373141685123,9.577224213258742
31.46641768344601,0.7499999999999997,801.800266137077,0.36115213522789597,9.552156141644128
31.46641768344601,0.7499999999999997,801.800266137077,0.36115213522789597,9.552156141644128
31.46641768344601,0.7499999999999997,801.800266137077,0.36115213522789597,9.552156141644128
31.687921470979397,0.7499999999999993,798.8294946529242,0.3701967144843048,9.567545698780368
31.52361782857939,0.7500000000000001,803.1430397772389,0.3700525660566196,9.673314347674514
31.42373083898567,0.7499999999999983,800.2080955041059,0.3735743713163095,9.670516026429334
31.42373083898567,0.7499999999999983,800.2080955041059,0.3735743713163095,9.670516026429334
31.950652232231178,0.7499999999999982,797.661372757426,0.36823803686044176,9.679251500575106
31.896506547126123,0.7499999999999991,798.315380327075,0.36535709813297645,9.696701460478318
32.00129096569118,0.7499999999999993,794.1893976740103,0.36640835212623213,9.697390224453363
32.54886244623743,0.7499999999999996,792.9813814527311,0.35700904302234343,9.650388133025237
32.42943396405706,0.7499999999999994,794.0472932363958,0.36485110037553514,9.695452282276838
31.188623676003004,0.7500000000000001,812.3574388728576,0.36439360957432576,9.66897422514478
31.188623676003004,0.7500000000000001,812.3574388728576,0.36439360957432576,9.66897422514478
30.819080419552705,0.7499999999999998,808.2795045361936,0.3669951916890103,9.632647429196728
31.00526102881669,0.7499999999999991,806.5677708831238,0.3595722727213225,9.757756812375584
30.99586654996724,0.7499999999999996,807.7190628456488,0.3763177591962641,9.920564090016972
31.071673575145006,0.7499999999999991,809.0043816992085,0.3827586723677056,9.909550503435094
31.071673575145006,0.7499999999999991,809.0043816992085,0.3827586723677056,9.909550503435094
31.030297808501963,0.749999999999999,810.8545927234231,0.380287226860297,9.911574569527426
31.030297808501963,0.749999999999999,810.8545927234231,0.380287226860297,9.911574569527426
31.030297808501963,0.749999999999999,810.8545927234231,0.380287226860297,9.911574569527426
31.80798705829417,0.75,805.7159282403966,0.37399406567124316,9.768176366117938
31.819652468924836,0.7499999999999998,806.3004663300885,0.37248986474474627,9.770608176493914
31.819652468924836,0.7499999999999998,806.3004663300885,0.37248986474474627,9.770608176493914
31.110417009154325,0.7499999999999992,811.9540928770772,0.36642233715345257,9.816958683811734
30.982267318173637,0.7499999999999994,818.997746371676,0.3601388676450053,9.686238289914133
30.982267318173637,0.7499999999999994,818.997746371676,0.3601388676450053,9.686238289914133
30.982267318173637,0.7499999999999994,818.997746371676,0.3601388676450053,9.686238289914133
30.982267318173637,0.7499999999999994,818.997746371676,0.3601388676450053,9.686238289914133
30.982267318173637,0.7499999999999994,818.997746371676,0.3601388676450053,9.686238289914133
30.982267318173637,0.7499999999999994,818.997746371676,0.3601388676450053,9.686238289914133
30.982267318173637,0.7499999999999994,818.997746371676,0.3601388676450053,9.686238289914133
30.982267318173637,0.7499999999999994,818.997746371676,0.3601388676450053,9.686238289914133
30.982267318173637,0.7499999999999994,818.997746371676,0.3601388676450053,9.686238289914133
30.982267318173637,0.7499999999999994,818.997746371676,0.3601388676450053,9.686238289914133
30.982267318173637,0.7499999999999994,818.997746371676,0.3601388676450053,9.686238289914133
31.319800528563228,0.7499999999999997,810.257950331473,0.36160333921287074,9.672155636085753
31.319800528563228,0.7499999999999997,810.257950331473,0.36160333921287074,9.672155636085753
31.163339747966866,0.7499999999999991,811.5326528869473,0.3647504883302127,9.688796085308743
30.792077642194645,0.7499999999999989,825.9512413067395,0.3565702295966034,9.595210574392212
30.792077642194645,0.7499999999999989,825.9512413067395,0.3565702295966034,9.595210574392212
30.962126384011093,0.7499999999999992,804.8383545491503,0.3456256633914336,9.479883824204425
30.962126384011093,0.7499999999999992,804.8383545491503,0.3456256633914336,9.479883824204425
31.55700171991615,0.7499999999999992,801.8523181953294,0.35278299947394165,9.56288397550146
31.55700171991615,0.7499999999999992,801.8523181953294,0.35278299947394165,9.56288397550146
31.55700171991615,0.7499999999999992,801.8523181953294,0.35278299947394165,9.56288397550146
31.081468801342822,0.7499999999999993,809.6408450920434,0.3578032494130535,9.603188122928325
31.081468801342822,0.7499999999999993,809.6408450920434,0.3578032494130535,9.603188122928325
31.631171913632716,0.7499999999999991,801.0478028958919,0.3439776090968754,9.61763007301684
31.363579010259876,0.7499999999999996,806.2182094644585,0.34746135575829595,9.687535790479469
31.336186621918813,0.7499999999999992,799.3753719890824,0.34946335287193125,9.547287798905126
31.003136404315157,0.7499999999999993,804.4602993778963,0.3581012787598304,9.528475245706947
30.20270170915524,0.7499999999999996,816.5422193297162,0.36515447271114726,9.611749817249688
30.20270170915524,0.7499999999999996,816.5422193297162,0.36515447271114726,9.611749817249688
30.20270170915524,0.7499999999999996,816.5422193297162,0.36515447271114726,9.611749817249688
30.20270170915524,0.7499999999999996,816.5422193297162,0.36515447271114726,9.611749817249688
30.167617887569985,0.7499999999999996,807.025084506405,0.3604166597729352,9.61082630415009
30.167617887569985,0.7499999999999996,807.025084506405,0.3604166597729352,9.61082630415009
29.597739836072588,0.7499999999999998,813.3554316209226,0.35979888404326077,9.589371362046677
30.263205669367323,0.7499999999999997,805.514290916961,0.34848782649031934,9.669928153471465
30.38544913346301,0.7499999999999999,802.302584852159,0.3376044939920519,9.682246855646202
31.078582971014914,0.7499999999999999,800.6129769118105,0.3445438902057681,9.688881683547526
30.505646114033464,0.7499999999999999,801.6827131882063,0.3401141067209205,9.646444947876677
30.101519996154103,0.7499999999999991,802.9570539548248,0.33618280847517906,9.621226091288628
30.47508496725542,0.7499999999999997,802.8145019580159,0.3383183408154893,9.708060168373857
30.227339002908394,0.75,805.2279106200233,0.33048376606916235,9.63756596348804
29.033951362316206,0.75,815.2348630441803,0.32997310233907445,9.723319035345295
29.5003099895944,0.7499999999999994,810.7287560664107,0.33148731970207834,9.673879253181408
30.121524902806037,0.749999999999999,805.6348288701897,0.3340314064560495,9.711260404541875
30.121524902806037,0.749999999999999,805.6348288701897,0.3340314064560495,9.711260404541875
30.376892651528404,0.7499999999999999,804.361672998373,0.33379405783806126,9.721181505757745
30.376892651528404,0.7499999999999999,804.361672998373,0.33379405783806126,9.721181505757745
30.376892651528404,0.7499999999999999,804.361672998373,0.33379405783806126,9.721181505757745
30.376892651528404,0.7499999999999999,804.361672998373,0.33379405783806126,9.721181505757745
30.376892651528404,0.7499999999999999,804.361672998373,0.33379405783806126,9.721181505757745
29.65523473451012,0.7499999999999997,807.011606075381,0.3281530836694812,9.62843966643016
29.65523473451012,0.7499999999999997,807.011606075381,0.3281530836694812,9.62843966643016
29.65523473451012,0.7499999999999997,807.011606075381,0.3281530836694812,9.62843966643016
29.65523473451012,0.7499999999999997,807.011606075381,0.3281530836694812,9.62843966643016
29.65523473451012,0.7499999999999997,807.011606075381,0.3281530836694812,9.62843966643016
29.65523473451012,0.7499999999999997,807.011606075381,0.3281530836694812,9.62843966643016
30.306824912052033,0.7499999999999994,803.4937651183109,0.3323111660857513,9.693509385919498
30.895813234062345,0.7499999999999996,798.0301106307786,0.33058190404248156,9.614173877419168
30.886822093265252,0.7500000000000001,810.0247735000719,0.3584640037321284,9.725490677877428
30.450234774926308,0.7499999999999997,806.4335401297402,0.35374895360018677,9.712437029926445
30.782007032165772,0.7499999999999994,803.2823813387276,0.35156117535876563,9.660600906426378
30.784318141400068,0.7499999999999991,800.5966843594533,0.3539459499192352,9.692329200299099
30.784318141400068,0.7499999999999991,800.5966843594533,0.3539459499192352,9.692329200299099
30.784318141400068,0.7499999999999991,800.5966843594533,0.3539459499192352,9.692329200299099
30.784318141400068,0.7499999999999991,800.5966843594533,0.3539459499192352,9.692329200299099
30.784318141400068,0.7499999999999991,800.5966843594533,0.3539459499192352,9.692329200299099
30.784318141400068,0.7499999999999991,800.5966843594533,0.3539459499192352,9.692329200299099
30.437404984348895,0.7500000000000002,803.5836013278938,0.3624987464169934,9.663740286241495
30.346851657073714,0.7499999999999998,805.0982585209332,0.37345597975332817,9.716472283256167
30.346851657073714,0.7499999999999998,805.0982585209332,0.37345597975332817,9.716472283256167
30.346851657073714,0.7499999999999998,805.0982585209332,0.37345597975332817,9.716472283256167
30.346851657073714,0.7499999999999998,805.0982585209332,0.37345597975332817,9.716472283256167
30.346851657073714,0.7499999999999998,805.0982585209332,0.37345597975332817,9.716472283256167
30.25625188255462,0.7499999999999999,813.0299778057778,0.3796041997667468,9.709200934523869
30.25625188255462,0.7499999999999999,813.0299778057778,0.3796041997667468,9.709200934523869
30.179653904289083,0.7499999999999992,812.0256224532956,0.38913408931506727,9.748429015195725
29.956313117570883,0.7499999999999994,804.1136101155565,0.3975295455113212,9.774293116767307
30.194551996020273,0.7499999999999996,797.6217753635865,0.39307804141681185,9.768992368793874
30.194551996020273,0.7499999999999996,797.6217753635865,0.39307804141681185,9.768992368793874
30.194551996020273,0.7499999999999996,797.6217753635865,0.39307804141681185,9.768992368793874
30.194551996020273,0.7499999999999996,797.6217753635865,0.39307804141681185,9.768992368793874
29.7842819710369,0.7499999999999989,807.14972334914,0.39514936826153135,9.758201055816702
29.7842819710369,0.7499999999999989,807.14972334914,0.39514936826153135,9.758201055816702
29.7842819710369,0.7499999999999989,807.14972334914,0.39514936826153135,9.758201055816702
29.725949177476846,0.7499999999999988,806.077222798407,0.3893905404783651,9.724643781723364
29.294646341987125,0.7499999999999998,809.6172380810908,0.393862222045081,9.7121927985041
29.294646341987125,0.7499999999999998,809.6172380810908,0.393862222045081,9.7121927985041
29.645321282826647,0.7499999999999994,811.9612375474064,0.3891476324446105,9.752187766472463
30.149657017748915,0.7499999999999994,805.513499140017,0.41000097077775927,9.79807185923608
30.293971098139753,0.7499999999999997,807.3750810369824,0.39844109362714175,9.766063797502875
30.293971098139753,0.7499999999999997,807.3750810369824,0.39844109362714175,9.766063797502875
30.293971098139753,0.7499999999999997,807.3750810369824,0.39844109362714175,9.766063797502875
30.293971098139753,0.7499999999999997,807.3750810369824,0.39844109362714175,9.766063797502875
30.293971098139753,0.7499999999999997,807.3750810369824,0.39844109362714175,9.766063797502875
30.293971098139753,0.7499999999999997,807.3750810369824,0.39844109362714175,9.766063797502875
30.293971098139753,0.7499999999999997,807.3750810369824,0.39844109362714175,9.766063797502875
30.20437374585651,0.7499999999999998,803.8803851416624,0.39620332206737346,9.672794252640113
30.20437374585651,0.7499999999999998,803.8803851416624,0.39620332206737346,9.672794252640113
30.389748514974027,0.7499999999999992,804.5562552815376,0.3940782441552419,9.66321017553527
30.389748514974027,0.7499999999999992,804.5562552815376,0.3940782441552419,9.66321017553527
30.389748514974027,0.7499999999999992,804.5562552815376,0.3940782441552419,9.66321017553527
30.114412390086816,0.7500000000000001,812.8202926977616,0.3950762927451069,9.711697849800538
30.114412390086816,0.7500000000000001,812.8202926977616,0.3950762927451069,9.711697849800538
30.114412390086816,0.7500000000000001,812.8202926977616,0.3950762927451069,9.711697849800538
30.114412390086816,0.7500000000000001,812.8202926977616,0.3950762927451069,9.711697849800538
30.114412390086816,0.7500000000000001,812.8202926977616,0.3950762927451069,9.711697849800538
30.227967447328496,0.75,812.6642656177345,0.4025749773112112,9.785705268315116
30.227967447328496,0.75,812.6642656177345,0.4025749773112112,9.785705268315116
30.227967447328496,0.75,812.6642656177345,0.4025749773112112,9.785705268315116
30.227967447328496,0.75,812.6642656177345,0.4025749773112112,9.785705268315116
30.227967447328496,0.75,812.6642656177345,0.4025749773112112,9.785705268315116
30.227967447328496,0.75,812.6642656177345,0.4025749773112112,9.785705268315116
30.227967447328496,0.75,812.6642656177345,0.4025749773112112,9.785705268315116
30.227967447328496,0.75,812.6642656177345,0.4025749773112112,9.785705268315116
30.250842338113667,0.749999999999999,810.6072862988317,0.3994539389771125,9.792860249627136
29.990225750933803,0.7499999999999999,806.7090494344598,0.40810561101670667,9.751840136675611
29.71525425594626,0.7499999999999994,813.6763250773912,0.4104996401650742,9.735331367211014
29.695363108542583,0.75,821.852922735269,0.41299222969335175,9.829491790417894
29.695363108542583,0.75,821.852922735269,0.41299222969335175,9.829491790417894
29.695363108542583,0.75,821.852922735269,0.41299222969335175,9.829491790417894
29.707929845497112,0.7499999999999994,816.0979253202727,0.40121669073280863,9.806554864171781
29.707929845497112,0.7499999999999994,816.0979253202727,0.40121669073280863,9.806554864171781
29.707929845497112,0.7499999999999994,816.0979253202727,0.40121669073280863,9.806554864171781
29.56549854546864,0.7499999999999994,814.7316005087346,0.3899997687198054,9.728254475605596
29.56549854546864,0.7499999999999994,814.7316005087346,0.3899997687198054,9.728254475605596
29.56549854546864,0.7499999999999994,814.7316005087346,0.3899997687198054,9.728254475605596
29.56549854546864,0.7499999999999994,814.7316005087346,0.3899997687198054,9.728254475605596
29.56549854546864,0.7499999999999994,814.7316005087346,0.3899997687198054,9.728254475605596
29.56549854546864,0.7499999999999994,814.7316005087346,0.3899997687198054,9.728254475605596
29.56549854546864,0.7499999999999994,814.7316005087346,0.3899997687198054,9.728254475605596
29.56549854546864,0.7499999999999994,814.7316005087346,0.3899997687198054,9.728254475605596
30.18627553367479,0.7499999999999988,806.024022011782,0.39487258976301426,9.740549489703843
29.70638711808471,0.7499999999999982,810.7709270416108,0.39418930522846446,9.756030853493424
29.85067044703692,0.7499999999999999,801.3350074686579,0.40434925691651347,9.743167670501595
28.839582325076815,0.7499999999999992,808.4679952931027,0.38984479651392623,9.655458313142358
28.839582325076815,0.7499999999999992,808.4679952931027,0.38984479651392623,9.655458313142358
29.702270822794915,0.7500000000000002,805.2745769730052,0.403204198270227,9.746237581617939
30.087436708003196,0.749999999999999,803.5778291946665,0.39819526811913764,9.735943849330198
29.66214282107353,0.7499999999999993,813.3878131735846,0.39063186571293,9.804604947292635
29.66214282107353,0.7499999999999993,813.3878131735846,0.39063186571293,9.804604947292635
29.66214282107353,0.7499999999999993,813.3878131735846,0.39063186571293,9.804604947292635
29.66214282107353,0.7499999999999993,813.3878131735846,0.39063186571293,9.804604947292635
29.66214282107353,0.7499999999999993,813.3878131735846,0.39063186571293,9.804604947292635
29.459364064133336,0.7499999999999996,809.5025349251866,0.3860060317193955,9.750167504845232
29.459364064133336,0.7499999999999996,809.5025349251866,0.3860060317193955,9.750167504845232
29.459364064133336,0.7499999999999996,809.5025349251866,0.3860060317193955,9.750167504845232
29.459364064133336,0.7499999999999996,809.5025349251866,0.3860060317193955,9.750167504845232
29.459364064133336,0.7499999999999996,809.5025349251866,0.3860060317193955,9.750167504845232
29.459364064133336,0.7499999999999996,809.5025349251866,0.3860060317193955,9.750167504845232
29.459364064133336,0.7499999999999996,809.5025349251866,0.3860060317193955,9.750167504845232
29.459364064133336,0.7499999999999996,809.5025349251866,0.3860060317193955,9.750167504845232
29.459364064133336,0.7499999999999996,809.5025349251866,0.3860060317193955,9.750167504845232
29.459364064133336,0.7499999999999996,809.5025349251866,0.3860060317193955,9.750167504845232
30.608338502527342,0.7499999999999997,798.4709472538177,0.3806672672840862,9.771143385377831
30.608338502527342,0.7499999999999997,798.4709472538177,0.3806672672840862,9.771143385377831
30.608338502527342,0.7499999999999997,798.4709472538177,0.3806672672840862,9.771143385377831
30.608338502527342,0.7499999999999997,798.4709472538177,0.3806672672840862,9.771143385377831
30.608338502527342,0.7499999999999997,798.4709472538177,0.3806672672840862,9.771143385377831
30.603259251368904,0.7499999999999993,797.1177386129594,0.37508162604064604,9.809685591581232
30.603259251368904,0.7499999999999993,797.1177386129594,0.37508162604064604,9.809685591581232
30.54361380784417,0.7499999999999994,800.3545362554887,0.3730560965791408,9.71937973523232
30.54361380784417,0.7499999999999994,800.3545362554887,0.3730560965791408,9.71937973523232
30.75178789387693,0.7499999999999997,794.7788956797154,0.37367102352671927,9.697837301412042
30.620334623586338,0.7499999999999992,797.2898146673972,0.3807133350429656,9.741738187735432
30.620334623586338,0.7499999999999992,797.2898146673972,0.3807133350429656,9.741738187735432
29.702084001545426,0.7499999999999983,809.9974621039083,0.3870954197370576,9.731872512583957
29.86156413014799,0.749999999999999,804.4968416570199,0.3768253099721434,9.725642362079114
29.86156413014799,0.749999999999999,804.4968416570199,0.3768253099721434,9.725642362079114
29.96963516026577,0.7499999999999991,794.6848347123455,0.3757170183085674,9.67707923033259
29.96963516026577,0.7499999999999991,794.6848347123455,0.3757170183085674,9.67707923033259
29.96963516026577,0.7499999999999991,794.6848347123455,0.3757170183085674,9.67707923033259
29.96963516026577,0.7499999999999991,794.6848347123455,0.3757170183085674,9.67707923033259
29.96963516026577,0.7499999999999991,794.6848347123455,0.3757170183085674,9.67707923033259
30.157838281485898,0.7499999999999987,803.2127096965172,0.37505471439532206,9.662094462167115
29.68637389979169,0.7499999999999992,806.7619506931201,0.394772112230772,9.678282634001457
29.88799203018356,0.7500000000000001,800.7733497245334,0.40080260624223113,9.768391211452862
29.88799203018356,0.7500000000000001,800.7733497245334,0.40080260624223113,9.768391211452862
30.14421415760546,0.7499999999999989,805.7603232915218,0.4142232040784319,9.892171648603332
30.235205404605978,0.749999999999999,804.8005536458483,0.41383684200814047,9.955297470376147
30.235205404605978,0.749999999999999,804.8005536458483,0.41383684200814047,9.955297470376147
30.641282745090717,0.7499999999999999,800.6135841571938,0.40923334608061235,9.9350924994099
30.641282745090717,0.7499999999999999,800.6135841571938,0.40923334608061235,9.9350924994099
30.21441456037111,0.7499999999999976,808.8201176701949,0.42216152739870366,9.914393733488916
30.21441456037111,0.7499999999999976,808.8201176701949,0.42216152739870366,9.914393733488916
30.21441456037111,0.7499999999999976,808.8201176701949,0.42216152739870366,9.914393733488916
30.21441456037111,0.7499999999999976,808.8201176701949,0.42216152739870366,9.914393733488916
30.21441456037111,0.7499999999999976,808.8201176701949,0.42216152739870366,9.914393733488916
30.21441456037111,0.7499999999999976,808.8201176701949,0.42216152739870366,9.914393733488916
30.21441456037111,0.7499999999999976,808.8201176701949,0.42216152739870366,9.914393733488916
30.21441456037111,0.7499999999999976,808.8201176701949,0.42216152739870366,9.914393733488916
29.984998577749323,0.7499999999999987,811.3124760066462,0.4209399207749463,9.84962351668138
30.484806949871686,0.7499999999999999,801.1221218945491,0.4263626508768175,9.81881680770976
30.484806949871686,0.7499999999999999,801.1221218945491,0.4263626508768175,9.81881680770976
30.055366940511913,0.7499999999999993,814.3193041675647,0.41881455166356096,9.766857322722455
30.055366940511913,0.7499999999999993,814.3193041675647,0.41881455166356096,9.766857322722455
30.09042294615002,0.7499999999999979,808.8003348632768,0.4171797603162581,9.67175112011775
29.935447114804802,0.7499999999999991,813.4632036444709,0.41043492643760954,9.616165626366515
30.128108767430202,0.7499999999999984,817.0103478349461,0.40862138827779426,9.674153031192812
30.128108767430202,0.7499999999999984,817.0103478349461,0.40862138827779426,9.674153031192812
30.128108767430202,0.7499999999999984,817.0103478349461,0.40862138827779426,9.674153031192812
30.128108767430202,0.7499999999999984,817.0103478349461,0.40862138827779426,9.674153031192812
30.160306851194427,0.7499999999999997,811.8523702059765,0.40790026893682274,9.643603162536873
30.345586035117986,0.749999999999999,818.260344517334,0.40506598286888623,9.787253415793879
30.345586035117986,0.749999999999999,818.260344517334,0.40506598286888623,9.787253415793879
30.22677017369584,0.7499999999999989,815.0400902436561,0.4088309907956429,9.785155274058692
30.417514585226083,0.7499999999999991,816.5123089419661,0.4209580215165279,9.890359308326367
30.747526037845464,0.749999999999999,812.5977745239652,0.4089823256590182,9.734084919612162
30.6444710593749,0.7499999999999989,810.6255880381947,0.40669398454225,9.65948656724267
30.6444710593749,0.7499999999999989,810.6255880381947,0.40669398454225,9.65948656724267
31.248721809166774,0.7499999999999998,805.0950844672152,0.41070125278124914,9.665455178111529
31.248721809166774,0.7499999999999998,805.0950844672152,0.41070125278124914,9.665455178111529
31.248721809166774,0.7499999999999998,805.0950844672152,0.41070125278124914,9.665455178111529
31.680165086262935,0.7499999999999989,800.3653939155506,0.41156102660756844,9.701831072301975
31.680165086262935,0.7499999999999989,800.3653939155506,0.41156102660756844,9.701831072301975
31.652313862601883,0.7499999999999989,803.3860127937569,0.42302340330985944,9.775504008414956
31.677521948807016,0.7499999999999981,799.7144273663547,0.4248208774039902,9.86503823830732
31.286255002925767,0.7500000000000001,803.2364136237042,0.42163189559920505,9.89238187693067
31.286255002925767,0.7500000000000001,803.2364136237042,0.42163189559920505,9.89238187693067
31.26952353879419,0.7499999999999983,803.1463780833635,0.4278592999303195,9.994412641326978
30.767448819939446,0.7500000000000006,810.6339214015753,0.42536720187761323,9.945288732867937
30.767448819939446,0.7500000000000006,810.6339214015753,0.42536720187761323,9.945288732867937
30.767448819939446,0.7500000000000006,810.6339214015753,0.42536720187761323,9.945288732867937
30.767448819939446,0.7500000000000006,810.6339214015753,0.42536720187761323,9.945288732867937
30.767448819939446,0.7500000000000006,810.6339214015753,0.42536720187761323,9.945288732867937
30.767448819939446,0.7500000000000006,810.6339214015753,0.42536720187761323,9.945288732867937
30.675187778078122,0.7499999999999991,803.9356898302772,0.4122111588731154,9.797198443376018
30.684151750335758,0.75,794.8761884466472,0.3990473634539758,9.696957001474534
30.993340101681657,0.7499999999999996,800.4750007801815,0.40135143814975943,9.663939796899632
31.109773686539928,0.7499999999999989,797.1431538514224,0.4020771781764083,9.724166889291434
31.109773686539928,0.7499999999999989,797.1431538514224,0.4020771781764083,9.724166889291434
31.175060601586445,0.7499999999999984,805.236265057503,0.41819458688460276,9.834837338187361
31.32392435537955,0.7499999999999984,797.6839487051132,0.40843044792151934,9.796106756033945
31.32392435537955,0.7499999999999984,797.6839487051132,0.40843044792151934,9.796106756033945
31.32392435537955,0.7499999999999984,797.6839487051132,0.40843044792151934,9.796106756033945
31.32392435537955,0.7499999999999984,797.6839487051132,0.40843044792151934,9.796106756033945
31.32392435537955,0.7499999999999984,797.6839487051132,0.40843044792151934,9.796106756033945
31.80846383044761,0.7499999999999993,794.2578103027405,0.4264759886959209,9.92081042999842
31.26504891058876,0.7499999999999998,805.3440994436177,0.4230342850626899,9.903073615285999
31.26504891058876,0.7499999999999998,805.3440994436177,0.4230342850626899,9.903073615285999
31.372492263454337,0.7499999999999991,804.4606570960226,0.4257668180060271,9.84622735084584
31.372492263454337,0.7499999999999991,804.4606570960226,0.4257668180060271,9.84622735084584
30.8479628798802,0.75,819.6566640733622,0.43662159206277085,9.862503509948988
30.8479628798802,0.75,819.6566640733622,0.43662159206277085,9.862503509948988
30.8479628798802,0.75,819.6566640733622,0.43662159206277085,9.862503509948988
31.195511830003362,0.7499999999999999,804.6961895586833,0.4244889754575963,9.849014524638784
30.822824304944763,0.7499999999999988,812.8247054725621,0.4381364842065986,9.86428158605269
30.918459942891666,0.7499999999999994,807.456877305954,0.4389211818105151,9.928629562784716
30.778378298706883,0.7499999999999987,803.2389092297528,0.43743870986395617,9.890770997479867
30.814126559340355,0.7499999999999982,805.7523843893016,0.43131348758575466,9.86152154986901
30.814126559340355,0.7499999999999982,805.7523843893016,0.43131348758575466,9.86152154986901
30.845604586481237,0.7500000000000001,807.6465984469736,0.43258154988781644,9.910621427436023
30.845604586481237,0.7500000000000001,807.6465984469736,0.43258154988781644,9.910621427436023
30.845604586481237,0.7500000000000001,807.6465984469736,0.43258154988781644,9.910621427436023
30.375380252670176,0.7499999999999993,819.5962282289141,0.43421147256698495,9.948634845874892
30.426808321348958,0.7499999999999997,812.1922278801329,0.4269653547912835,9.891933320962224
31.41271763150818,0.749999999999999,809.1784591322535,0.4357208687873713,9.945815157115579
31.59751348691669,0.7499999999999992,806.6788926591954,0.43235588801977526,9.964513019816305
32.163797587333185,0.7499999999999974,796.4380658541476,0.43989142448124857,10.004780472273385
31.59407239660652,0.7499999999999998,799.1218424575851,0.43748784224928067,9.947298872996777
31.59407239660652,0.7499999999999998,799.1218424575851,0.43748784224928067,9.947298872996777
31.59407239660652,0.7499999999999998,799.1218424575851,0.43748784224928067,9.947298872996777
31.59407239660652,0.7499999999999998,799.1218424575851,0.43748784224928067,9.947298872996777
31.267435451063957,0.7499999999999986,800.1078673502315,0.43177764328656,9.86865580249255
31.267435451063957,0.7499999999999986,800.1078673502315,0.43177764328656,9.86865580249255
31.108042732976514,0.749999999999999,805.6111321066411,0.4352131690719466,9.791461211257879
31.084805031236964,0.7499999999999991,799.6390217289236,0.43458775621690127,9.76605410871131
31.117738075911312,0.7499999999999998,797.244768603143,0.4428281403582044,9.812359620290735
31.40764599887488,0.749999999999999,800.1795528250309,0.45199087316474185,9.928480969336558
31.40764599887488,0.749999999999999,800.1795528250309,0.45199087316474185,9.928480969336558
31.711225809868537,0.7499999999999991,794.6709807231186,0.45788086662948085,9.9747197674093
31.023656505849885,0.7499999999999993,799.5061977272939,0.44572278090533285,9.915957300896718
31.023656505849885,0.7499999999999993,799.5061977272939,0.44572278090533285,9.915957300896718
31.30678139661757,0.7499999999999991,804.6030817312577,0.45233986897489475,10.047275942162097
31.30678139661757,0.7499999999999991,804.6030817312577,0.45233986897489475,10.047275942162097
31.30678139661757,0.7499999999999991,804.6030817312577,0.45233986897489475,10.047275942162097
31.30678139661757,0.7499999999999991,804.6030817312577,0.45233986897489475,10.047275942162097
31.0948530738768,0.7499999999999991,803.0066738591375,0.4475802317868843,9.937713838502836
31.0948530738768,0.7499999999999991,803.0066738591375,0.4475802317868843,9.937713838502836
31.367130174212694,0.7499999999999996,797.1635665183493,0.43730739739583113,9.89018727676887
31.265314643097085,0.7499999999999994,804.254425268184,0.4437046366175962,10.063020843669591
31.1520736835827,0.7499999999999993,805.9300076310171,0.43369070497481627,9.965435166318272
31.1520736835827,0.7499999999999993,805.9300076310171,0.43369070497481627,9.965435166318272
31.1520736835827,0.7499999999999993,805.9300076310171,0.43369070497481627,9.965435166318272
31.466256381430586,0.7500000000000001,810.985091852492,0.4400257324904639,10.024699877239518
31.235612147929807,0.7499999999999996,808.7084336282703,0.43419555332513754,10.041552589100553
31.235612147929807,0.7499999999999996,808.7084336282703,0.43419555332513754,10.041552589100553
31.235612147929807,0.7499999999999996,808.7084336282703,0.43419555332513754,10.041552589100553
31.66214856344558,0.7500000000000001,804.6155829656324,0.44846009737614756,10.053271772720644
31.66214856344558,0.7500000000000001,804.6155829656324,0.44846009737614756,10.053271772720644
31.476765838381258,0.7499999999999991,801.1484480761363,0.4502113255268489,9.901053815948412
30.85646978088826,0.7499999999999997,805.0132533903397,0.44362561276891094,9.807303004782728
30.85646978088826,0.7499999999999997,805.0132533903397,0.44362561276891094,9.807303004782728
30.85646978088826,0.7499999999999997,805.0132533903397,0.44362561276891094,9.807303004782728
30.85646978088826,0.7499999999999997,805.0132533903397,0.44362561276891094,9.807303004782728
30.85646978088826,0.7499999999999997,805.0132533903397,0.44362561276891094,9.807303004782728
30.785937461156866,0.7499999999999996,804.298064827286,0.44107075943152785,9.818946166356076
30.987993430964202,0.7499999999999993,811.6222908908672,0.45331445284320243,9.99589809831043
30.987993430964202,0.7499999999999993,811.6222908908672,0.45331445284320243,9.99589809831043
30.449623888813203,0.75,809.7745660808589,0.4515108186421674,9.87438402308367
30.449623888813203,0.75,809.7745660808589,0.4515108186421674,9.87438402308367
30.873327592141138,0.749999999999999,802.9567562105567,0.4432241894470237,9.873768420316818
30.766829047405707,0.7499999999999989,803.7122644337062,0.43793206172178045,9.910785129210115
30.631469551265198,0.7499999999999998,804.8578156565358,0.4364909548318281,9.929195612814336
30.942751675046406,0.7499999999999987,799.6027542550826,0.4310645196207745,9.890966618911415
30.942751675046406,0.7499999999999987,799.6027542550826,0.4310645196207745,9.890966618911415
31.308470421235064,0.749999999999999,797.2308256561631,0.42511405338149144,9.892839823438845
31.308470421235064,0.749999999999999,797.2308256561631,0.42511405338149144,9.892839823438845
30.504567838388144,0.7499999999999999,802.415619487571,0.42372565864159106,9.834622162449799
30.664124333704077,0.7499999999999989,799.7398820618315,0.4157652916661798,9.848639898727455
30.664124333704077,0.7499999999999989,799.7398820618315,0.4157652916661798,9.848639898727455
30.664124333704077,0.7499999999999989,799.7398820618315,0.4157652916661798,9.848639898727455
30.793410470938976,0.7499999999999997,794.1960469451369,0.4036014261265822,9.717052108011085
30.68318476966657,0.7499999999999992,792.9473535480253,0.4005877064735953,9.689949428402869
30.435767536821878,0.7499999999999989,795.2939569991971,0.40052106500668055,9.657361013062623
30.273163015368784,0.7499999999999987,796.5223274658895,0.38363214721115907,9.5457438436296
30.14475616243584,0.7499999999999986,808.9804170388699,0.3997376930733473,9.740922587057806
30.16807750697007,0.7499999999999989,806.138333765242,0.40074109988934814,9.774541779986754
30.160734188973155,0.7499999999999989,802.5284025683268,0.3997956588344845,9.71715552151976
30.160734188973155,0.7499999999999989,802.5284025683268,0.3997956588344845,9.71715552151976
30.160734188973155,0.7499999999999989,802.5284025683268,0.3997956588344845,9.71715552151976
30.160734188973155,0.7499999999999989,802.5284025683268,0.3997956588344845,9.71715552151976
29.837777872113875,0.749999999999999,801.3410373297725,0.3845807340536322,9.57388878381083
29.837777872113875,0.749999999999999,801.3410373297725,0.3845807340536322,9.57388878381083
29.837777872113875,0.749999999999999,801.3410373297725,0.3845807340536322,9.57388878381083
29.837777872113875,0.749999999999999,801.3410373297725,0.3845807340536322,9.57388878381083
30.113036147023816,0.7499999999999997,797.5913305140065,0.3810247577816012,9.607739724707795
29.414646497685645,0.7499999999999996,805.9533868136386,0.38153481550104784,9.673107420966042
29.5491656741975,0.7499999999999993,803.8131652255075,0.3795191691465034,9.631324560315884
28.728622977027797,0.749999999999999,814.9732677589212,0.38275785192398337,9.67305534796582
29.29068446945331,0.7499999999999993,808.611016354266,0.3774258668091587,9.633048354321463
29.070131658479575,0.7499999999999992,810.482188697224,0.388181810416734,9.687572958261933
29.070131658479575,0.7499999999999992,810.482188697224,0.388181810416734,9.687572958261933
28.90367434262274,0.7499999999999988,811.4453557720753,0.37633909128014326,9.58474205062016
28.90367434262274,0.7499999999999988,811.4453557720753,0.37633909128014326,9.58474205062016
28.90367434262274,0.7499999999999988,811.4453557720753,0.37633909128014326,9.58474205062016
29.065181326597642,0.7500000000000002,805.6752352898079,0.38324632196834507,9.583709289248313
29.065181326597642,0.7500000000000002,805.6752352898079,0.38324632196834507,9.583709289248313
29.065181326597642,0.7500000000000002,805.6752352898079,0.38324632196834507,9.583709289248313
29.065181326597642,0.7500000000000002,805.6752352898079,0.38324632196834507,9.583709289248313
29.065181326597642,0.7500000000000002,805.6752352898079,0.38324632196834507,9.583709289248313
29.062981543076166,0.7499999999999993,812.1820020748498,0.3887747450007919,9.657599440967193
29.062981543076166,0.7499999999999993,812.1820020748498,0.3887747450007919,9.657599440967193
29.062981543076166,0.7499999999999993,812.1820020748498,0.3887747450007919,9.657599440967193
29.062981543076166,0.7499999999999993,812.1820020748498,0.3887747450007919,9.657599440967193
29.062981543076166,0.7499999999999993,812.1820020748498,0.3887747450007919,9.657599440967193
29.062981543076166,0.7499999999999993,812.1820020748498,0.3887747450007919,9.657599440967193
29.820287962462675,0.7499999999999987,797.2467596558793,0.39211728709511523,9.701078317631069
29.749578297692377,0.7499999999999989,807.2543782716764,0.3890465869838236,9.718340335562264
29.749578297692377,0.7499999999999989,807.2543782716764,0.3890465869838236,9.718340335562264
29.749578297692377,0.7499999999999989,807.2543782716764,0.3890465869838236,9.718340335562264
29.749578297692377,0.7499999999999989,807.2543782716764,0.3890465869838236,9.718340335562264
29.749578297692377,0.7499999999999989,807.2543782716764,0.3890465869838236,9.718340335562264
29.390307447239998,0.749999999999999,807.8785907018455,0.39035784519181427,9.716002698207097
29.390307447239998,0.749999999999999,807.8785907018455,0.39035784519181427,9.716002698207097
29.390307447239998,0.749999999999999,807.8785907018455,0.39035784519181427,9.716002698207097
30.11674753492883,0.7499999999999989,801.9188889346818,0.39742764944315045,9.774719101785532
30.11674753492883,0.7499999999999989,801.9188889346818,0.39742764944315045,9.774719101785532
30.11674753492883,0.7499999999999989,801.9188889346818,0.39742764944315045,9.774719101785532
29.826563985160295,0.7499999999999991,817.8379891099178,0.39606668403962214,9.820140511921045
29.826563985160295,0.7499999999999991,817.8379891099178,0.39606668403962214,9.820140511921045
29.826563985160295,0.7499999999999991,817.8379891099178,0.39606668403962214,9.820140511921045
29.826563985160295,0.7499999999999991,817.8379891099178,0.39606668403962214,9.820140511921045
29.826563985160295,0.7499999999999991,817.8379891099178,0.39606668403962214,9.820140511921045
29.826563985160295,0.7499999999999991,817.8379891099178,0.39606668403962214,9.820140511921045
30.328540875254177,0.7499999999999988,796.3465586620748,0.3832977090202898,9.755113970746402
30.82142459081626,0.7499999999999994,800.4526190885622,0.38158924418760254,9.848179812004421
30.79009108900709,0.7499999999999992,795.0633652547484,0.3804025526246456,9.80462683794735
30.572265772734063,0.7499999999999997,791.0469293267626,0.3704909117550394,9.740556305986113
29.953532419384743,0.7499999999999981,798.1959700605372,0.38160770176932496,9.76467493426224
29.87581925476752,0.7499999999999992,799.2440691977467,0.3828288584163079,9.739251008875272
29.87581925476752,0.7499999999999992,799.2440691977467,0.3828288584163079,9.739251008875272
29.87581925476752,0.7499999999999992,799.2440691977467,0.3828288584163079,9.739251008875272
29.96725320613657,0.7499999999999983,805.3919746270712,0.3846833854299994,9.789799267900722
29.96725320613657,0.7499999999999983,805.3919746270712,0.3846833854299994,9.789799267900722
29.96725320613657,0.7499999999999983,805.3919746270712,0.3846833854299994,9.789799267900722
30.22172924551814,0.7499999999999989,797.9142589360895,0.38142578183682135,9.73205008238707
30.22172924551814,0.7499999999999989,797.9142589360895,0.38142578183682135,9.73205008238707
30.22172924551814,0.7499999999999989,797.9142589360895,0.38142578183682135,9.73205008238707
30.22172924551814,0.7499999999999989,797.9142589360895,0.38142578183682135,9.73205008238707
30.22172924551814,0.7499999999999989,797.9142589360895,0.38142578183682135,9.73205008238707
30.22172924551814,0.7499999999999989,797.9142589360895,0.38142578183682135,9.73205008238707
30.22172924551814,0.7499999999999989,797.9142589360895,0.38142578183682135,9.73205008238707
30.22172924551814,0.7499999999999989,797.9142589360895,0.38142578183682135,9.73205008238707
29.93020581322226,0.7499999999999984,801.1761234384666,0.39521128841144415,9.68124079575073
29.93020581322226,0.7499999999999984,801.1761234384666,0.39521128841144415,9.68124079575073
29.34818605148128,0.7499999999999993,822.5582752148871,0.4134946393087312,9.800835041405582
29.34818605148128,0.7499999999999993,822.5582752148871,0.4134946393087312,9.800835041405582
29.2073975462994,0.749999999999998,809.1046003495601,0.4014374373714294,9.726300924691282
29.20375941920701,0.7499999999999998,807.9179649176154,0.40782642126196067,9.737900429209386
29.38355750705817,0.7499999999999999,806.4246066651946,0.4057826696393563,9.822417489904941
29.78144616225873,0.7499999999999999,808.6256155139165,0.39513770235099,9.838445617871319
29.925191967812633,0.7499999999999991,801.3315767155417,0.39505737268876173,9.824447174830928
29.925191967812633,0.7499999999999991,801.3315767155417,0.39505737268876173,9.824447174830928
29.925191967812633,0.7499999999999991,801.3315767155417,0.39505737268876173,9.824447174830928
29.896510645008174,0.7499999999999986,808.933834477581,0.40520385323352315,9.905821035018059
29.652604206808064,0.7499999999999996,805.3090072367743,0.4201564027903908,9.942605085342995
29.83747972610441,0.7499999999999989,801.217654819157,0.4191701081599596,9.891688703878222
29.83747972610441,0.7499999999999989,801.217654819157,0.4191701081599596,9.891688703878222
29.56283230078435,0.7499999999999991,810.9916600410861,0.41721266333155904,10.003352898406543
29.933859763320168,0.7499999999999994,814.1224388822002,0.4164764174571549,10.013444635183195
29.804352070063114,0.7499999999999986,810.2147054798529,0.3969724827921684,9.871757797917443
29.804352070063114,0.7499999999999986,810.2147054798529,0.3969724827921684,9.871757797917443
29.804352070063114,0.7499999999999986,810.2147054798529,0.3969724827921684,9.871757797917443
29.804352070063114,0.7499999999999986,810.2147054798529,0.3969724827921684,9.871757797917443
29.804352070063114,0.7499999999999986,810.2147054798529,0.3969724827921684,9.871757797917443
29.89647091417197,0.7499999999999974,808.6498110633369,0.4070043927049425,9.834895402671634
30.628097118870556,0.7499999999999993,804.899946603097,0.40189425396207273,9.884737006077689
30.922663063099314,0.749999999999999,804.9745961771374,0.40274110368866434,9.97541014857173
31.439900832916344,0.7499999999999988,805.3057909153738,0.3998852781963112,10.018482401584887
30.73248629662294,0.7499999999999983,807.2895263437752,0.38361263198327994,9.877647259336777
29.99909541697919,0.7499999999999996,815.2749810143262,0.37656314943687824,9.861143848239731
29.99909541697919,0.7499999999999996,815.2749810143262,0.37656314943687824,9.861143848239731
29.865637102757184,0.7499999999999984,813.8378828858577,0.37269620050281693,9.767603047513791
29.933250355819254,0.7499999999999981,810.6517247085952,0.36431507222567167,9.698583984332249
29.933250355819254,0.7499999999999981,810.6517247085952,0.36431507222567167,9.698583984332249
29.934446251692954,0.7499999999999994,808.8551215820295,0.37073345077202857,9.649391040598122
29.801102657118705,0.7499999999999988,817.6329933323019,0.3829290679981854,9.69751278131705
29.801102657118705,0.7499999999999988,817.6329933323019,0.3829290679981854,9.69751278131705
29.801102657118705,0.7499999999999988,817.6329933323019,0.3829290679981854,9.69751278131705
29.801102657118705,0.7499999999999988,817.6329933323019,0.3829290679981854,9.69751278131705
29.801102657118705,0.7499999999999988,817.6329933323019,0.3829290679981854,9.69751278131705
29.801102657118705,0.7499999999999988,817.6329933323019,0.3829290679981854,9.69751278131705
29.801102657118705,0.7499999999999988,817.6329933323019,0.3829290679981854,9.69751278131705
29.24280138444078,0.7499999999999996,815.6108585266085,0.3761999695213289,9.686368231297967
29.27031968544152,0.749999999999999,822.0811785355851,0.38075385427875236,9.812839359492623
29.27031968544152,0.749999999999999,822.0811785355851,0.38075385427875236,9.812839359492623
29.27031968544152,0.749999999999999,822.0811785355851,0.38075385427875236,9.812839359492623
29.3376051214763,0.7499999999999986,819.0711535089653,0.3771938432967259,9.84141427426824
29.3376051214763,0.7499999999999986,819.0711535089653,0.3771938432967259,9.84141427426824
29.433317001988083,0.75,820.0280924874894,0.37499646353260235,9.879381690401743
29.412387532968243,0.7499999999999999,819.0957116251257,0.3799226658242368,9.944396745425212
29.56469890882841,0.7499999999999996,820.8771915063915,0.3925750818615537,10.012018682869954
29.765987917122988,0.75,815.9332666999751,0.3960798426671031,9.960859232924687
29.528414494538904,0.7500000000000001,815.8894505861266,0.39117841671462,9.91300089344117
29.528414494538904,0.7500000000000001,815.8894505861266,0.39117841671462,9.91300089344117
29.528414494538904,0.7500000000000001,815.8894505861266,0.39117841671462,9.91300089344117
28.93585372534307,0.7499999999999993,814.1683994747509,0.3852866398836808,9.86650008840832
29.117731307339604,0.7499999999999999,813.481175802485,0.3827172890353476,9.848152244339895
29.237501269169268,0.7499999999999999,813.8107738361498,0.3822901229800776,9.85079951329935
29.237501269169268,0.7499999999999999,813.8107738361498,0.3822901229800776,9.85079951329935
28.697598835536805,0.7499999999999994,809.6370794263721,0.3756419456997257,9.750543865192421
28.697598835536805,0.7499999999999994,809.6370794263721,0.3756419456997257,9.750543865192421
29.101164729558764,0.7499999999999993,805.0203097615881,0.3645561680479849,9.778278300099178
29.036155865728723,0.7499999999999996,806.230760095375,0.35765092547097627,9.738058607494693
28.910634227857695,0.749999999999999,805.7743562094938,0.358519050286517,9.688024170538915
28.910634227857695,0.749999999999999,805.7743562094938,0.358519050286517,9.688024170538915
28.491170754695247,0.7500000000000002,809.0212727433001,0.3803034297056943,9.733928330795985
28.491170754695247,0.7500000000000002,809.0212727433001,0.3803034297056943,9.733928330795985
28.491170754695247,0.7500000000000002,809.0212727433001,0.3803034297056943,9.733928330795985
28.491170754695247,0.7500000000000002,809.0212727433001,0.3803034297056943,9.733928330795985
28.453001716872617,0.75,817.9124145912025,0.37263623233082277,9.631931648481867
28.453001716872617,0.75,817.9124145912025,0.37263623233082277,9.631931648481867
28.453001716872617,0.75,817.9124145912025,0.37263623233082277,9.631931648481867
28.453001716872617,0.75,817.9124145912025,0.37263623233082277,9.631931648481867
28.636288278283455,0.7499999999999994,811.8101925598622,0.3680535977526255,9.550509841703052
28.636288278283455,0.7499999999999994,811.8101925598622,0.3680535977526255,9.550509841703052
28.636288278283455,0.7499999999999994,811.8101925598622,0.3680535977526255,9.550509841703052
28.636288278283455,0.7499999999999994,811.8101925598622,0.3680535977526255,9.550509841703052
28.636288278283455,0.7499999999999994,811.8101925598622,0.3680535977526255,9.550509841703052
28.636288278283455,0.7499999999999994,811.8101925598622,0.3680535977526255,9.550509841703052
29.335625058015097,0.75,811.5073481609024,0.37582477169957856,9.728700030755224
29.335625058015097,0.75,811.5073481609024,0.37582477169957856,9.728700030755224
30.24642694254765,0.7499999999999986,797.7807540241328,0.37073801312003823,9.747010028201089
30.24642694254765,0.7499999999999986,797.7807540241328,0.37073801312003823,9.747010028201089
30.449704178513564,0.7499999999999998,801.856603941391,0.3663428138540637,9.77951861835373
30.7949539477163,0.7499999999999996,807.3274608453814,0.37134066907710084,9.787211121347886
31.233773214044433,0.7499999999999997,804.7158546064685,0.37877831436689147,9.785129105398138
31.233773214044433,0.7499999999999997,804.7158546064685,0.37877831436689147,9.785129105398138
31.19182310533344,0.7499999999999981,809.7290697849529,0.38888919472075434,9.830913727120324
31.19182310533344,0.7499999999999981,809.7290697849529,0.38888919472075434,9.830913727120324
31.19182310533344,0.7499999999999981,809.7290697849529,0.38888919472075434,9.830913727120324
30.67431002791581,0.7499999999999994,807.1260214999243,0.36867905654157246,9.670562082204347
30.67431002791581,0.7499999999999994,807.1260214999243,0.36867905654157246,9.670562082204347
29.954850964353568,0.7499999999999984,813.706364406291,0.3548900485176104,9.662372448037905
29.954850964353568,0.7499999999999984,813.706364406291,0.3548900485176104,9.662372448037905
30.300890900400024,0.7499999999999993,814.8112805439667,0.3659299896814066,9.681598342926
30.300890900400024,0.7499999999999993,814.8112805439667,0.3659299896814066,9.681598342926
30.516846689930865,0.7499999999999993,801.8093557708853,0.35424721130984943,9.524462923655019
30.536665574128584,0.749999999999999,796.6545574591516,0.34841035901479533,9.509967350492541
29.523947262369013,0.7499999999999992,810.2678638363552,0.34915301003004495,9.589699211106918
29.825220844534815,0.7499999999999982,800.7809167304237,0.3556629677954722,9.58499192522459
29.825220844534815,0.7499999999999982,800.7809167304237,0.3556629677954722,9.58499192522459
29.670933215298838,0.7499999999999986,803.7277444050907,0.36959451361802476,9.751814150158381
29.670933215298838,0.7499999999999986,803.7277444050907,0.36959451361802476,9.751814150158381
29.422423724124744,0.7499999999999987,803.6262217486571,0.36881532712466003,9.609320657910482
30.68786759068663,0.75,794.8488720315929,0.3683596776544491,9.658034840870986
30.68786759068663,0.75,794.8488720315929,0.3683596776544491,9.658034840870986
29.40446520789659,0.749999999999999,805.1538559785208,0.37020695479122023,9.569221858541217
29.40446520789659,0.749999999999999,805.1538559785208,0.37020695479122023,9.569221858541217
29.40446520789659,0.749999999999999,805.1538559785208,0.37020695479122023,9.569221858541217
28.673598370133572,0.7499999999999993,817.4074588075005,0.36969393767434106,9.56932867129565
28.673598370133572,0.7499999999999993,817.4074588075005,0.36969393767434106,9.56932867129565
28.673598370133572,0.7499999999999993,817.4074588075005,0.36969393767434106,9.56932867129565
28.516038418218244,0.7500000000000001,818.1687959903486,0.3532168452550657,9.533401442207596
29.190962701126942,0.7499999999999993,809.8151886045719,0.3587704608713852,9.522441363041423
29.190962701126942,0.7499999999999993,809.8151886045719,0.3587704608713852,9.522441363041423
29.190962701126942,0.7499999999999993,809.8151886045719,0.3587704608713852,9.522441363041423
29.190962701126942,0.7499999999999993,809.8151886045719,0.3587704608713852,9.522441363041423
29.190962701126942,0.7499999999999993,809.8151886045719,0.3587704608713852,9.522441363041423
29.190962701126942,0.7499999999999993,809.8151886045719,0.3587704608713852,9.522441363041423
29.685303017781624,0.7499999999999993,809.2033613299958,0.3778296270246964,9.685048675510052
29.912648543231445,0.7499999999999992,806.5014833074838,0.39161737962225635,9.82532638746539
29.912648543231445,0.7499999999999992,806.5014833074838,0.39161737962225635,9.82532638746539
30.509720634781882,0.7499999999999997,810.12475715167,0.4162108515274346,9.919743196972657
30.055975346064546,0.7499999999999996,806.5826358756289,0.41109105208686025,9.774740321216322
30.268545548457826,0.7499999999999999,803.0181155648409,0.4154528613841262,9.785824506408067
30.53989347912098,0.7499999999999998,797.7486820908562,0.4104491562213422,9.789684647652361
30.365597627312752,0.7499999999999999,801.4885077675988,0.41479161612087606,9.771993980861751
30.052127704411014,0.7499999999999993,804.4679971470493,0.42511309354547955,9.708260875557793
30.421776022491855,0.7499999999999994,806.953288846809,0.4414898927106859,9.680469321154797
30.421776022491855,0.7499999999999994,806.953288846809,0.4414898927106859,9.680469321154797
30.421776022491855,0.7499999999999994,806.953288846809,0.4414898927106859,9.680469321154797
30.421776022491855,0.7499999999999994,806.953288846809,0.4414898927106859,9.680469321154797
30.032360775924047,0.7499999999999994,811.0852058954222,0.43333067180912377,9.693469116062218
30.032360775924047,0.7499999999999994,811.0852058954222,0.43333067180912377,9.693469116062218
30.032360775924047,0.7499999999999994,811.0852058954222,0.43333067180912377,9.693469116062218
30.536946183560374,0.7499999999999987,819.9190958161818,0.42580422858281314,9.761499443195225
30.01352682800648,0.7499999999999999,826.5752286057716,0.42759335482244804,9.902827571180032
29.810265586877286,0.7499999999999999,818.592612745622,0.42060682343787986,9.794228004076208
29.93698993553307,0.7499999999999977,815.9467227588191,0.4240985599685172,9.777480476270904
30.532384990683713,0.7499999999999982,814.6024237303094,0.4334667890774463,9.852914567692675
30.88160405013173,0.7499999999999994,812.0464410693436,0.4360062803591805,9.862328997999407
31.500080695648915,0.7499999999999991,805.9386174593768,0.43677539357997375,9.882672486289849
31.3348337877245,0.7499999999999977,815.6266852127338,0.4529460874083547,9.897742436845675
31.3348337877245,0.7499999999999977,815.6266852127338,0.4529460874083547,9.897742436845675
31.3348337877245,0.7499999999999977,815.6266852127338,0.4529460874083547,9.897742436845675
31.76644600926273,0.749999999999999,807.9394584130754,0.4396472943486684,9.837674103681255
31.891024886542287,0.7499999999999987,813.5152183735628,0.4409146098146409,9.799322821298285
31.891024886542287,0.7499999999999987,813.5152183735628,0.4409146098146409,9.799322821298285
31.224187361048166,0.7499999999999982,819.8659096730421,0.45865130597542864,9.899244345264512
31.224187361048166,0.7499999999999982,819.8659096730421,0.45865130597542864,9.899244345264512
31.224187361048166,0.7499999999999982,819.8659096730421,0.45865130597542864,9.899244345264512
31.60604830513905,0.7499999999999989,817.3681662055661,0.46453847173363366,9.806365211946366
31.60604830513905,0.7499999999999989,817.3681662055661,0.46453847173363366,9.806365211946366
31.60604830513905,0.7499999999999989,817.3681662055661,0.46453847173363366,9.806365211946366
31.959127743483464,0.7499999999999982,819.7264527503421,0.46697776597218194,9.907073193472286
32.392317789431225,0.7499999999999998,810.4326132407083,0.47219962192327886,9.908833155669404
31.576256694454067,0.7499999999999987,811.1669598569407,0.4676022278630273,9.910256704151825
31.576256694454067,0.7499999999999987,811.1669598569407,0.4676022278630273,9.910256704151825
31.74859331931457,0.7499999999999986,807.738633020807,0.46612239122243365,9.853038667127146
31.323510371647394,0.7499999999999983,814.1614376033409,0.45772674155869425,9.877991728542042
31.189879170905193,0.7499999999999991,815.1691180715768,0.4565601182057648,9.920638699875635
31.620530230475698,0.7499999999999986,813.2806740278884,0.4636452328978026,9.988603436716215
31.309847274873214,0.7499999999999991,813.761465778902,0.4626991615686802,9.9305374653126
31.76528564358036,0.7499999999999989,813.09566683476,0.47513341539302895,10.068196437553572
31.91526408488547,0.749999999999999,811.2259300006597,0.4703912617968124,10.030152698262743
31.429972798820604,0.7499999999999989,813.8882765264777,0.47425521611841126,10.01253391503009
31.05203616061006,0.7499999999999996,817.8862085673295,0.48215118221671266,10.003851291736137
30.57183316758119,0.7499999999999981,820.3763147817215,0.48924429650978457,10.082791507701021
30.57183316758119,0.7499999999999981,820.3763147817215,0.48924429650978457,10.082791507701021
29.529316711111033,0.7499999999999984,829.3280796623479,0.4947057149738723,10.02046725169584
29.05409630461483,0.7499999999999982,846.8758945026731,0.48944666192039804,9.921751679288722
29.37667184109239,0.7499999999999987,829.8020075861867,0.49361737057229665,9.93052301938807
30.042878339874544,0.7499999999999998,825.5005118949234,0.49089028918606686,9.910172966664287
30.042878339874544,0.7499999999999998,825.5005118949234,0.49089028918606686,9.910172966664287
30.042878339874544,0.7499999999999998,825.5005118949234,0.49089028918606686,9.910172966664287
30.042878339874544,0.7499999999999998,825.5005118949234,0.49089028918606686,9.910172966664287
30.86297528421645,0.7499999999999994,819.570172777094,0.48689957813880663,9.853093324159797
30.86297528421645,0.7499999999999994,819.570172777094,0.48689957813880663,9.853093324159797
30.86297528421645,0.7499999999999994,819.570172777094,0.48689957813880663,9.853093324159797
30.86297528421645,0.7499999999999994,819.570172777094,0.48689957813880663,9.853093324159797
30.86297528421645,0.7499999999999994,819.570172777094,0.48689957813880663,9.853093324159797
30.1483948260718,0.7499999999999996,827.3056996080618,0.48410349957896076,9.816461852324483
30.1483948260718,0.7499999999999996,827.3056996080618,0.48410349957896076,9.816461852324483
30.218115309590317,0.7499999999999982,821.3258150743627,0.4651690595033033,9.747832479728771
31.15854418149155,0.7499999999999992,819.3529767554141,0.4650568839054169,9.778293323148489
30.548997244787607,0.7499999999999996,814.3011567981126,0.44633757996745005,9.601550109647002
30.548997244787607,0.7499999999999996,814.3011567981126,0.44633757996745005,9.601550109647002
31.03493114952716,0.749999999999999,812.3309239607594,0.45066380507314124,9.631774850031235
31.03493114952716,0.749999999999999,812.3309239607594,0.45066380507314124,9.631774850031235
31.03493114952716,0.749999999999999,812.3309239607594,0.45066380507314124,9.631774850031235
31.453787804304405,0.7499999999999991,816.5996810605918,0.45896132621045066,9.75752088264683
31.565625306987698,0.7499999999999996,807.879751708337,0.44282612669066357,9.714883655841637
31.75550003251992,0.7499999999999987,810.2981239905666,0.4413177239491364,9.652944769937184
31.75550003251992,0.7499999999999987,810.2981239905666,0.4413177239491364,9.652944769937184
31.75550003251992,0.7499999999999987,810.2981239905666,0.4413177239491364,9.652944769937184
31.75550003251992,0.7499999999999987,810.2981239905666,0.4413177239491364,9.652944769937184
31.747348914932573,0.7499999999999989,806.8417574571904,0.4401071511551007,9.654903083432234
31.747348914932573,0.7499999999999989,806.8417574571904,0.4401071511551007,9.654903083432234
31.747348914932573,0.7499999999999989,806.8417574571904,0.4401071511551007,9.654903083432234
31.747348914932573,0.7499999999999989,806.8417574571904,0.4401071511551007,9.654903083432234
31.747348914932573,0.7499999999999989,806.8417574571904,0.4401071511551007,9.654903083432234
31.747348914932573,0.7499999999999989,806.8417574571904,0.4401071511551007,9.654903083432234
31.747348914932573,0.7499999999999989,806.8417574571904,0.4401071511551007,9.654903083432234
31.747348914932573,0.7499999999999989,806.8417574571904,0.4401071511551007,9.654903083432234
31.747348914932573,0.7499999999999989,806.8417574571904,0.4401071511551007,9.654903083432234
31.747348914932573,0.7499999999999989,806.8417574571904,0.4401071511551007,9.654903083432234
31.747348914932573,0.7499999999999989,806.8417574571904,0.4401071511551007,9.654903083432234
31.747348914932573,0.7499999999999989,806.8417574571904,0.4401071511551007,9.654903083432234
31.747348914932573,0.7499999999999989,806.8417574571904,0.4401071511551007,9.654903083432234
31.747348914932573,0.7499999999999989,806.8417574571904,0.4401071511551007,9.654903083432234
31.747348914932573,0.7499999999999989,806.8417574571904,0.4401071511551007,9.654903083432234
31.266015158590093,0.749999999999999,817.0655841865707,0.456488173986396,9.755565167015984
31.266015158590093,0.749999999999999,817.0655841865707,0.456488173986396,9.755565167015984
31.266015158590093,0.749999999999999,817.0655841865707,0.456488173986396,9.755565167015984
31.176091696537913,0.7499999999999988,815.44267563171,0.46993391062615086,9.779324872990301
31.176091696537913,0.7499999999999988,815.44267563171,0.46993391062615086,9.779324872990301
31.088963722105753,0.7499999999999993,814.9901990409242,0.47259409822945475,9.725672152625098
31.214097714841483,0.7499999999999997,817.8773090951071,0.4874011393522226,9.780973682739354
31.220276330960292,0.749999999999999,807.7229878362357,0.48575791981713895,9.78727054113961
31.20485352581677,0.7499999999999988,807.2313089001173,0.46785416570965765,9.664379626165925
31.20485352581677,0.7499999999999988,807.2313089001173,0.46785416570965765,9.664379626165925
31.20485352581677,0.7499999999999988,807.2313089001173,0.46785416570965765,9.664379626165925
31.20485352581677,0.7499999999999988,807.2313089001173,0.46785416570965765,9.664379626165925
30.87958483373614,0.7499999999999989,804.4257636143441,0.4697850910284063,9.643093947992217
30.2858760239298,0.7499999999999994,817.3675438962812,0.4727731274991375,9.708245145269682
30.12168165349975,0.7499999999999993,813.0418932054572,0.47668751047395497,9.678768491604169
30.12168165349975,0.7499999999999993,813.0418932054572,0.47668751047395497,9.678768491604169
30.12168165349975,0.7499999999999993,813.0418932054572,0.47668751047395497,9.678768491604169
30.397463126434655,0.7499999999999983,815.4920914950699,0.4827230404616839,9.663669647084873
30.397463126434655,0.7499999999999983,815.4920914950699,0.4827230404616839,9.663669647084873
30.397463126434655,0.7499999999999983,815.4920914950699,0.4827230404616839,9.663669647084873
30.419213249181414,0.7499999999999997,802.4561314867832,0.46935198692718333,9.645381647275096
30.419213249181414,0.7499999999999997,802.4561314867832,0.46935198692718333,9.645381647275096
30.296159167266534,0.7499999999999992,805.420666168057,0.46496690768048643,9.570812565712838
30.296159167266534,0.7499999999999992,805.420666168057,0.46496690768048643,9.570812565712838
30.38166348742847,0.7499999999999987,805.8862065447635,0.47742979536737734,9.582145219525525
30.38166348742847,0.7499999999999987,805.8862065447635,0.47742979536737734,9.582145219525525
30.38166348742847,0.7499999999999987,805.8862065447635,0.47742979536737734,9.582145219525525
30.36333407142876,0.7499999999999986,805.3386732951965,0.47131488176175557,9.543233268165077
30.36333407142876,0.7499999999999986,805.3386732951965,0.47131488176175557,9.543233268165077
30.36333407142876,0.7499999999999986,805.3386732951965,0.47131488176175557,9.543233268165077
30.36333407142876,0.7499999999999986,805.3386732951965,0.47131488176175557,9.543233268165077
30.550176760646828,0.7499999999999992,812.5791101400297,0.46994922418812,9.580479504163032
30.550176760646828,0.7499999999999992,812.5791101400297,0.46994922418812,9.580479504163032
30.55139093119314,0.7499999999999993,802.944517235917,0.45080681656764604,9.558585813197661
30.55139093119314,0.7499999999999993,802.944517235917,0.45080681656764604,9.558585813197661
30.55139093119314,0.7499999999999993,802.944517235917,0.45080681656764604,9.558585813197661
30.55139093119314,0.7499999999999993,802.944517235917,0.45080681656764604,9.558585813197661
30.55139093119314,0.7499999999999993,802.944517235917,0.45080681656764604,9.558585813197661
30.55139093119314,0.7499999999999993,802.944517235917,0.45080681656764604,9.558585813197661
30.37995679766425,0.7499999999999993,809.6781792524514,0.4439263874850047,9.500621866186986
30.37995679766425,0.7499999999999993,809.6781792524514,0.4439263874850047,9.500621866186986
29.986692466151283,0.7499999999999999,817.4969260700442,0.4505124865208524,9.580709761344195
30.387424723944154,0.7499999999999984,817.9099764755982,0.44171310297481603,9.59946068025054
30.387424723944154,0.7499999999999984,817.9099764755982,0.44171310297481603,9.59946068025054
30.532338284175143,0.749999999999999,812.6701342681753,0.4337043440134622,9.583950679182532
30.305589901876374,0.7499999999999986,816.6854419671139,0.43002218038303003,9.5046064416272
30.305589901876374,0.7499999999999986,816.6854419671139,0.43002218038303003,9.5046064416272
30.821760703366266,0.75,810.3537894987587,0.4316610919779335,9.429584325022432
30.3246027932029,0.7499999999999994,830.3715682724286,0.44340282954955007,9.458268551929589
30.22820655707083,0.7499999999999996,813.8003572718179,0.4421612481667611,9.402060059776494
29.99590989531244,0.7499999999999998,815.2164111925739,0.42948656071056657,9.286450606607229
29.99590989531244,0.7499999999999998,815.2164111925739,0.42948656071056657,9.286450606607229
30.257675140995147,0.7499999999999997,811.1733040081697,0.4269859457676967,9.305182711179373
30.313679380001915,0.7499999999999991,802.7497945146362,0.4193559590509054,9.370005244919895
29.579301986339647,0.7499999999999998,808.0078836731197,0.432512469895909,9.469143823277381
29.870667553682924,0.7499999999999973,805.9382099478818,0.4382357813919354,9.432416754913286
29.979162640444823,0.749999999999999,808.7586410309132,0.4457054969248665,9.597104711323459
30.755354256017174,0.7499999999999989,805.7308840923163,0.4440020550760458,9.578028598721854
30.47784421672022,0.7499999999999983,811.2951545893261,0.44643296206428384,9.605044127412139
29.894810766575937,0.7499999999999979,817.4567301676589,0.4438959817536873,9.63646870828527
30.016798140747888,0.7499999999999998,816.0388336693923,0.44272907877166506,9.683982130030495
31.049546089949644,0.7499999999999998,809.8497899112516,0.4332175108362599,9.791528949765283
31.049546089949644,0.7499999999999998,809.8497899112516,0.4332175108362599,9.791528949765283
31.210343317196177,0.7499999999999982,811.7203366121527,0.4244125725233281,9.741770983235543
31.210343317196177,0.7499999999999982,811.7203366121527,0.4244125725233281,9.741770983235543
31.210343317196177,0.7499999999999982,811.7203366121527,0.4244125725233281,9.741770983235543
31.14526124692891,0.7499999999999993,809.7421507247043,0.40420972517042003,9.666687553245774
31.14526124692891,0.7499999999999993,809.7421507247043,0.40420972517042003,9.666687553245774
31.14526124692891,0.7499999999999993,809.7421507247043,0.40420972517042003,9.666687553245774
31.093741597726066,0.7499999999999994,801.8624938678363,0.39158898240913015,9.56498114980079
30.316052381345415,0.7499999999999993,810.1153586543306,0.39348860796895835,9.592995987281963
29.921116463253,0.749999999999999,813.4333900171839,0.40044187731582165,9.717582584405864
29.921116463253,0.749999999999999,813.4333900171839,0.40044187731582165,9.717582584405864
29.75482263391665,0.7499999999999993,813.6300010632435,0.4109798746959951,9.638905098320175
29.75482263391665,0.7499999999999993,813.6300010632435,0.4109798746959951,9.638905098320175
29.75482263391665,0.7499999999999993,813.6300010632435,0.4109798746959951,9.638905098320175
29.027521074506197,0.7499999999999999,813.8652487998128,0.4124965116830092,9.504959073677753
29.027521074506197,0.7499999999999999,813.8652487998128,0.4124965116830092,9.504959073677753
29.027521074506197,0.7499999999999999,813.8652487998128,0.4124965116830092,9.504959073677753
28.60679665743428,0.7499999999999988,823.7567661353866,0.4081496143161101,9.526752375807837
29.12167479722917,0.7499999999999997,814.2226267829698,0.40859304490083015,9.6304443565095
29.12167479722917,0.7499999999999997,814.2226267829698,0.40859304490083015,9.6304443565095
29.072052976209353,0.7499999999999989,820.9316207571272,0.407785586852944,9.639502187812605
29.072052976209353,0.7499999999999989,820.9316207571272,0.407785586852944,9.639502187812605
29.447318022495033,0.749999999999999,821.9705420264497,0.41161366250558584,9.801692619812394
29.613331435640603,0.7499999999999997,819.0879601768959,0.4077564079629264,9.73338481554185
29.613331435640603,0.7499999999999997,819.0879601768959,0.4077564079629264,9.73338481554185
30.270874492365344,0.7499999999999994,807.4864942762782,0.40792127365839803,9.727150056210712
30.404809743195177,0.7499999999999984,806.0034727449146,0.3962271286002892,9.599076875332898
30.404809743195177,0.7499999999999984,806.0034727449146,0.3962271286002892,9.599076875332898
30.22091992038588,0.7499999999999993,814.9572441439499,0.411025806140919,9.653884430365206
30.22091992038588,0.7499999999999993,814.9572441439499,0.411025806140919,9.653884430365206
30.160983773240236,0.7499999999999993,815.7498767737849,0.41027981667693464,9.654403863471533
30.160983773240236,0.7499999999999993,815.7498767737849,0.41027981667693464,9.654403863471533
30.160983773240236,0.7499999999999993,815.7498767737849,0.41027981667693464,9.654403863471533
30.160983773240236,0.7499999999999993,815.7498767737849,0.41027981667693464,9.654403863471533
30.160983773240236,0.7499999999999993,815.7498767737849,0.41027981667693464,9.654403863471533
30.160983773240236,0.7499999999999993,815.7498767737849,0.41027981667693464,9.654403863471533
30.45816205112942,0.7499999999999994,806.3822445516711,0.4082405522230893,9.647784952455629
30.45816205112942,0.7499999999999994,806.3822445516711,0.4082405522230893,9.647784952455629
30.45816205112942,0.7499999999999994,806.3822445516711,0.4082405522230893,9.647784952455629
30.45816205112942,0.7499999999999994,806.3822445516711,0.4082405522230893,9.647784952455629
30.803452408045978,0.7499999999999996,809.5462919868772,0.4076363287660636,9.692986819841346
30.803452408045978,0.7499999999999996,809.5462919868772,0.4076363287660636,9.692986819841346
30.803452408045978,0.7499999999999996,809.5462919868772,0.4076363287660636,9.692986819841346
30.803452408045978,0.7499999999999996,809.5462919868772,0.4076363287660636,9.692986819841346
30.803452408045978,0.7499999999999996,809.5462919868772,0.4076363287660636,9.692986819841346
30.803452408045978,0.7499999999999996,809.5462919868772,0.4076363287660636,9.692986819841346
30.803452408045978,0.7499999999999996,809.5462919868772,0.4076363287660636,9.692986819841346
30.32784618816017,0.7499999999999997,805.4196009921213,0.3948599513890865,9.604385254749479
30.32784618816017,0.7499999999999997,805.4196009921213,0.3948599513890865,9.604385254749479
30.574632620470155,0.75,801.2209356481917,0.3864260103810491,9.624599421538836
29.836958179301003,0.7499999999999989,806.0449872119899,0.38129206843639063,9.525732968475523
29.836958179301003,0.7499999999999989,806.0449872119899,0.38129206843639063,9.525732968475523
29.836958179301003,0.7499999999999989,806.0449872119899,0.38129206843639063,9.525732968475523
29.564056661787777,0.7499999999999993,809.9870342199337,0.3821446691707893,9.575030136976673
29.564056661787777,0.7499999999999993,809.9870342199337,0.3821446691707893,9.575030136976673
29.79665676680214,0.7499999999999994,807.395271506565,0.38961533910114626,9.580637287921146
29.807040478719014,0.7499999999999993,802.6007667930406,0.3874583204942649,9.5344631005436
29.807040478719014,0.7499999999999993,802.6007667930406,0.3874583204942649,9.5344631005436
29.66133082383404,0.7499999999999988,805.0564548936565,0.38312023627753183,9.566674228144374
29.66133082383404,0.7499999999999988,805.0564548936565,0.38312023627753183,9.566674228144374
29.66133082383404,0.7499999999999988,805.0564548936565,0.38312023627753183,9.566674228144374
29.362242365700737,0.7499999999999993,817.3214080788605,0.39830672612005885,9.608600755544003
29.362242365700737,0.7499999999999993,817.3214080788605,0.39830672612005885,9.608600755544003
29.362242365700737,0.7499999999999993,817.3214080788605,0.39830672612005885,9.608600755544003
29.362242365700737,0.7499999999999993,817.3214080788605,0.39830672612005885,9.608600755544003
29.80714371560038,0.7499999999999998,808.055373189518,0.39060979299299986,9.619784110007524
29.80714371560038,0.7499999999999998,808.055373189518,0.39060979299299986,9.619784110007524
29.571698439490582,0.7499999999999992,807.9286810745997,0.38660714079474645,9.597563873794607
29.581266886619105,0.7499999999999988,817.0531666055778,0.38272907908628145,9.546599555570086
29.68073534013758,0.7499999999999997,806.9990189588984,0.3760558114067289,9.477288836937555
29.836689277337133,0.7499999999999996,798.4554065710655,0.37027832202039357,9.315045481718291
29.836689277337133,0.7499999999999996,798.4554065710655,0.37027832202039357,9.315045481718291
29.836689277337133,0.7499999999999996,798.4554065710655,0.37027832202039357,9.315045481718291
29.242986114613778,0.7499999999999987,802.6544358688856,0.3782156134664236,9.27840828572476
29.242986114613778,0.7499999999999987,802.6544358688856,0.3782156134664236,9.27840828572476
29.242986114613778,0.7499999999999987,802.6544358688856,0.3782156134664236,9.27840828572476
29.242986114613778,0.7499999999999987,802.6544358688856,0.3782156134664236,9.27840828572476
29.646054450427652,0.749999999999999,801.1192079584073,0.38382288110393464,9.336850577915886
30.059872814035877,0.7499999999999997,802.935224837317,0.3829835432844182,9.331072381058897
30.059872814035877,0.7499999999999997,802.935224837317,0.3829835432844182,9.331072381058897
30.24065535503766,0.7499999999999987,800.0846727154767,0.3962816454663214,9.405099972315094
30.24065535503766,0.7499999999999987,800.0846727154767,0.3962816454663214,9.405099972315094
30.24065535503766,0.7499999999999987,800.0846727154767,0.3962816454663214,9.405099972315094
30.627233789186523,0.7499999999999992,801.3471637555327,0.4040202467208592,9.568272273534044
31.06816359410094,0.7499999999999992,803.7447070916483,0.41154903360593736,9.628750911710558
31.06816359410094,0.7499999999999992,803.7447070916483,0.41154903360593736,9.628750911710558
31.06816359410094,0.7499999999999992,803.7447070916483,0.41154903360593736,9.628750911710558
31.18099905426903,0.7499999999999987,804.0193133257525,0.4116987980893957,9.511999438519592
31.460175366151173,0.7499999999999994,804.9754679537731,0.41316099385132987,9.607533986108752
31.460175366151173,0.7499999999999994,804.9754679537731,0.41316099385132987,9.607533986108752
30.97422786162088,0.7499999999999992,812.1337434711186,0.4110795202992251,9.591265674329344
29.99683952297949,0.7499999999999986,819.4825309468423,0.4089406326257086,9.559612051640034
29.5428635361156,0.7499999999999991,829.6638326848018,0.4041602441525548,9.656314304123702
29.5428635361156,0.7499999999999991,829.6638326848018,0.4041602441525548,9.656314304123702
29.5428635361156,0.7499999999999991,829.6638326848018,0.4041602441525548,9.656314304123702
29.5428635361156,0.7499999999999991,829.6638326848018,0.4041602441525548,9.656314304123702
29.5428635361156,0.7499999999999991,829.6638326848018,0.4041602441525548,9.656314304123702
29.5428635361156,0.7499999999999991,829.6638326848018,0.4041602441525548,9.656314304123702
29.5428635361156,0.7499999999999991,829.6638326848018,0.4041602441525548,9.656314304123702
29.453782994193354,0.7499999999999992,817.8934160860408,0.39488427174874813,9.503564949755681
29.453782994193354,0.7499999999999992,817.8934160860408,0.39488427174874813,9.503564949755681
29.453782994193354,0.7499999999999992,817.8934160860408,0.39488427174874813,9.503564949755681
29.453782994193354,0.7499999999999992,817.8934160860408,0.39488427174874813,9.503564949755681
29.453782994193354,0.7499999999999992,817.8934160860408,0.39488427174874813,9.503564949755681
29.453782994193354,0.7499999999999992,817.8934160860408,0.39488427174874813,9.503564949755681
29.18288728848119,0.7499999999999993,815.788333567376,0.3916536603333942,9.533229380627002
29.18288728848119,0.7499999999999993,815.788333567376,0.3916536603333942,9.533229380627002
28.565717768807176,0.7500000000000004,830.2816528164368,0.3987064753884271,9.606805028399744
28.780687373937152,0.7499999999999993,825.0111645865693,0.4049599640973378,9.676949294400117
28.780687373937152,0.7499999999999993,825.0111645865693,0.4049599640973378,9.676949294400117
28.780687373937152,0.7499999999999993,825.0111645865693,0.4049599640973378,9.676949294400117
28.780687373937152,0.7499999999999993,825.0111645865693,0.4049599640973378,9.676949294400117
29.10192239716392,0.7499999999999994,818.947329775179,0.40880464930057286,9.658923239365896
29.10192239716392,0.7499999999999994,818.947329775179,0.40880464930057286,9.658923239365896
29.10192239716392,0.7499999999999994,818.947329775179,0.40880464930057286,9.658923239365896
28.725383438082588,0.7499999999999992,814.8415997343983,0.3986048196313421,9.556989372576542
28.889307390619997,0.7499999999999993,815.8741962041352,0.39477753950320815,9.546539060446118
28.889307390619997,0.7499999999999993,815.8741962041352,0.39477753950320815,9.546539060446118
28.405437055465896,0.7499999999999998,824.2888858407613,0.40809283948307973,9.656292836673535
28.143339440983425,0.7499999999999997,824.7094035000241,0.4013494064044413,9.686439491633815
28.79544328963425,0.7499999999999991,821.0725338233158,0.41629059506199706,9.723939683954569
28.79544328963425,0.7499999999999991,821.0725338233158,0.41629059506199706,9.723939683954569
28.803220991987438,0.7499999999999993,828.9636371855964,0.4171032536568343,9.830245229718324
29.347611356550612,0.7499999999999994,820.1782995417166,0.42285131143148347,9.789555241995762
29.347611356550612,0.7499999999999994,820.1782995417166,0.42285131143148347,9.789555241995762
29.593389802430313,0.7499999999999992,825.5538119871986,0.43563915734292114,9.713800051728047
29.593389802430313,0.7499999999999992,825.5538119871986,0.43563915734292114,9.713800051728047
29.593389802430313,0.7499999999999992,825.5538119871986,0.43563915734292114,9.713800051728047
30.069285422568285,0.7499999999999993,813.5356054455065,0.4305963443395972,9.622640783208535
30.295739077248637,0.7499999999999991,809.3992612250452,0.4266558593274437,9.571300107417676
30.060909483073363,0.7499999999999982,814.0444831350044,0.4349268741652123,9.584151415183285
30.060909483073363,0.7499999999999982,814.0444831350044,0.4349268741652123,9.584151415183285
30.060909483073363,0.7499999999999982,814.0444831350044,0.4349268741652123,9.584151415183285
30.060909483073363,0.7499999999999982,814.0444831350044,0.4349268741652123,9.584151415183285
30.060909483073363,0.7499999999999982,814.0444831350044,0.4349268741652123,9.584151415183285
30.02222474540596,0.7499999999999998,816.6010043945208,0.44739481669117226,9.640998432460643
30.218212373070717,0.7499999999999994,807.5492717600255,0.4461002494207645,9.626469513985253
30.218212373070717,0.7499999999999994,807.5492717600255,0.4461002494207645,9.626469513985253
30.031293553197834,0.7499999999999988,802.5673283685546,0.446303358200215,9.621153694799279
30.031293553197834,0.7499999999999988,802.5673283685546,0.446303358200215,9.621153694799279
28.953200752044506,0.749999999999999,808.6118594668965,0.4525746159327192,9.591312535084835
28.295442428447856,0.7499999999999988,813.7327933847785,0.45183811332261015,9.474280190247853
28.295442428447856,0.7499999999999988,813.7327933847785,0.45183811332261015,9.474280190247853
28.295442428447856,0.7499999999999988,813.7327933847785,0.45183811332261015,9.474280190247853
28.295442428447856,0.7499999999999988,813.7327933847785,0.45183811332261015,9.474280190247853
28.295442428447856,0.7499999999999988,813.7327933847785,0.45183811332261015,9.474280190247853
28.295442428447856,0.7499999999999988,813.7327933847785,0.45183811332261015,9.474280190247853
28.295442428447856,0.7499999999999988,813.7327933847785,0.45183811332261015,9.474280190247853
28.295442428447856,0.7499999999999988,813.7327933847785,0.45183811332261015,9.474280190247853
28.25691936941329,0.7499999999999987,815.2680097446273,0.46142132985122836,9.538142313642691
28.48418900706087,0.7499999999999997,813.3372964671382,0.45862220144671073,9.566019318090502
28.48418900706087,0.7499999999999997,813.3372964671382,0.45862220144671073,9.566019318090502
28.48418900706087,0.7499999999999997,813.3372964671382,0.45862220144671073,9.566019318090502
29.64240593617729,0.7499999999999996,799.9570913242006,0.4561043141976362,9.653304483458868
29.64240593617729,0.7499999999999996,799.9570913242006,0.4561043141976362,9.653304483458868
29.736900477550517,0.7499999999999996,799.5764090016239,0.4591778135712777,9.673814591318688
29.562225806806854,0.7499999999999994,817.4873281277141,0.4662858982404571,9.72738310537061
29.741961699236494,0.7499999999999996,812.0247724189512,0.46602115834262814,9.76979105560097
30.028276564342313,0.7499999999999998,813.935470474075,0.48360578008782273,9.883645553119385
30.028276564342313,0.7499999999999998,813.935470474075,0.48360578008782273,9.883645553119385
29.80069766492924,0.7499999999999998,815.942779270358,0.48467061755743396,9.824155161959535
29.768221335128946,0.7500000000000002,811.8231496558659,0.4737719471841511,9.800900038317337
29.673612991445523,0.7499999999999984,813.6252548903731,0.4845864731729373,9.808792962180807
29.673612991445523,0.7499999999999984,813.6252548903731,0.4845864731729373,9.808792962180807
29.673612991445523,0.7499999999999984,813.6252548903731,0.4845864731729373,9.808792962180807
29.96978919061813,0.7500000000000003,813.8975140529925,0.4966675321577407,9.847375189472956
30.30073573846668,0.7499999999999992,810.1957668165777,0.4945296758387968,9.702525042518488
29.33898505384155,0.749999999999999,812.5920280993975,0.49007034973725283,9.573270513809252
29.11799964200915,0.7499999999999989,814.2494744799324,0.5016719914402975,9.598238980598344
29.11799964200915,0.7499999999999989,814.2494744799324,0.5016719914402975,9.598238980598344
29.11799964200915,0.7499999999999989,814.2494744799324,0.5016719914402975,9.598238980598344
29.133116789766103,0.7499999999999996,821.9181899129007,0.506379535827794,9.628970907520294
29.997794005532487,0.7499999999999998,819.181295976668,0.5108967266591372,9.70158430055145
30.06735434644939,0.7499999999999989,813.219210739585,0.5047460733980104,9.72960604900599
30.06735434644939,0.7499999999999989,813.219210739585,0.5047460733980104,9.72960604900599
29.985553816277566,0.7500000000000001,823.4793638387283,0.525051931017325,9.952013949481156
29.985553816277566,0.7500000000000001,823.4793638387283,0.525051931017325,9.952013949481156
29.723340254270152,0.7499999999999991,826.3684803798957,0.513398923994166,9.893246676046953
30.351628625312784,0.7499999999999989,814.2402699970153,0.5181144898047252,9.92002449647228
30.700781416308775,0.7499999999999998,813.8183824826008,0.5227760997321639,9.887284293102203
30.700781416308775,0.7499999999999998,813.8183824826008,0.5227760997321639,9.887284293102203
30.649725826773057,0.7499999999999992,811.9420154655163,0.5177383505275651,9.858141210780591
30.649725826773057,0.7499999999999992,811.9420154655163,0.5177383505275651,9.858141210780591
30.33322195152244,0.7499999999999997,819.9205732480167,0.5219921590762991,9.902506096887356
30.279009180211887,0.7499999999999994,820.0012691076327,0.5344855278947019,9.878231424736915
30.279009180211887,0.7499999999999994,820.0012691076327,0.5344855278947019,9.878231424736915
30.13280248183368,0.7499999999999993,819.2085535681726,0.5420818471852049,9.955985677369446
30.851427004935452,0.7499999999999993,815.2567939074337,0.5312515085887416,9.914712577765467
30.166863906662087,0.7499999999999997,820.3651712251157,0.519433772371253,9.810322488952181
30.349309271313565,0.7499999999999998,818.2463037449496,0.5158679818197006,9.762032041570157
30.251989940295513,0.7499999999999989,815.2955154130705,0.5160646092616484,9.672146550082399
30.251989940295513,0.7499999999999989,815.2955154130705,0.5160646092616484,9.672146550082399
30.251989940295513,0.7499999999999989,815.2955154130705,0.5160646092616484,9.672146550082399
30.251989940295513,0.7499999999999989,815.2955154130705,0.5160646092616484,9.672146550082399
30.251989940295513,0.7499999999999989,815.2955154130705,0.5160646092616484,9.672146550082399
30.312907584108267,0.749999999999999,817.8704340840134,0.5242522915421652,9.787551656310402
30.487072626572562,0.7499999999999997,813.2488480264194,0.5267233233899256,9.744460864859136
30.092836628457633,0.749999999999998,809.2504977631611,0.5269935661510037,9.802728138368796
30.092836628457633,0.749999999999998,809.2504977631611,0.5269935661510037,9.802728138368796
29.689630425044093,0.7499999999999983,814.9783396545256,0.5327761279656066,9.72857635803507
29.46294529341801,0.7499999999999997,820.5400417738782,0.5302407212236457,9.741069374911897
29.082009474609116,0.7499999999999999,827.6057304837299,0.5298873239357409,9.743063780976305
29.082009474609116,0.7499999999999999,827.6057304837299,0.5298873239357409,9.743063780976305
29.082009474609116,0.7499999999999999,827.6057304837299,0.5298873239357409,9.743063780976305
29.082009474609116,0.7499999999999999,827.6057304837299,0.5298873239357409,9.743063780976305
29.082009474609116,0.7499999999999999,827.6057304837299,0.5298873239357409,9.743063780976305
29.562014428194406,0.7500000000000001,821.1612929725605,0.5495655548874064,9.73308579609748
29.562014428194406,0.7500000000000001,821.1612929725605,0.5495655548874064,9.73308579609748
30.260432304703457,0.7499999999999988,816.2884445394459,0.5502460935625211,9.725840164710135
30.002501397713235,0.7500000000000001,818.193962055806,0.5413079431383403,9.763819310739615
30.002501397713235,0.7500000000000001,818.193962055806,0.5413079431383403,9.763819310739615
30.002501397713235,0.7500000000000001,818.193962055806,0.5413079431383403,9.763819310739615
30.002501397713235,0.7500000000000001,818.193962055806,0.5413079431383403,9.763819310739615
30.002501397713235,0.7500000000000001,818.193962055806,0.5413079431383403,9.763819310739615
30.117794265007866,0.7499999999999997,812.3326616455349,0.5483266554127879,9.935199382100857
30.406318798920804,0.7500000000000002,807.3763331961085,0.5413032729672818,9.919129165164998
29.583632361556017,0.7499999999999998,814.5282375588313,0.5578815609851364,9.899200081557954
29.583632361556017,0.7499999999999998,814.5282375588313,0.5578815609851364,9.899200081557954
29.697064865825514,0.7499999999999991,817.5574227268154,0.5680082982787074,10.02649365475699
29.215994214193465,0.7499999999999997,825.7877183462882,0.5645622271467752,10.07594488270002
29.8268297394103,0.7499999999999993,815.8010995400678,0.562896517595803,10.02769740009833
29.773565463346905,0.7499999999999994,809.1135331832627,0.5521083480023121,9.938808236058595
29.773565463346905,0.7499999999999994,809.1135331832627,0.5521083480023121,9.938808236058595
29.238802731903743,0.7499999999999987,818.5403305711129,0.553087730590744,9.947233634130678
29.238802731903743,0.7499999999999987,818.5403305711129,0.553087730590744,9.947233634130678
29.238802731903743,0.7499999999999987,818.5403305711129,0.553087730590744,9.947233634130678
29.872209426008812,0.7499999999999987,818.2021507572426,0.5447961376332736,10.015769924898219
29.872209426008812,0.7499999999999987,818.2021507572426,0.5447961376332736,10.015769924898219
30.102293580901616,0.7499999999999998,814.4772547510286,0.5475584885547922,10.06923359349669
30.102293580901616,0.7499999999999998,814.4772547510286,0.5475584885547922,10.06923359349669
29.676805929059597,0.7499999999999999,823.541423750057,0.5378641323647093,9.990367964153009
29.67305549205652,0.7499999999999986,822.6497677699418,0.5372353294211591,9.898015089127577
29.67305549205652,0.7499999999999986,822.6497677699418,0.5372353294211591,9.898015089127577
29.67305549205652,0.7499999999999986,822.6497677699418,0.5372353294211591,9.898015089127577
29.67305549205652,0.7499999999999986,822.6497677699418,0.5372353294211591,9.898015089127577
29.67305549205652,0.7499999999999986,822.6497677699418,0.5372353294211591,9.898015089127577
29.67305549205652,0.7499999999999986,822.6497677699418,0.5372353294211591,9.898015089127577
29.67305549205652,0.7499999999999986,822.6497677699418,0.5372353294211591,9.898015089127577
29.43819254218808,0.7499999999999996,819.7559772464136,0.532748804047972,9.881678899628634
29.43819254218808,0.7499999999999996,819.7559772464136,0.532748804047972,9.881678899628634
29.43819254218808,0.7499999999999996,819.7559772464136,0.532748804047972,9.881678899628634
29.43819254218808,0.7499999999999996,819.7559772464136,0.532748804047972,9.881678899628634
29.43819254218808,0.7499999999999996,819.7559772464136,0.532748804047972,9.881678899628634
29.43819254218808,0.7499999999999996,819.7559772464136,0.532748804047972,9.881678899628634
29.43819254218808,0.7499999999999996,819.7559772464136,0.532748804047972,9.881678899628634
29.43819254218808,0.7499999999999996,819.7559772464136,0.532748804047972,9.881678899628634
29.43819254218808,0.7499999999999996,819.7559772464136,0.532748804047972,9.881678899628634
29.43819254218808,0.7499999999999996,819.7559772464136,0.532748804047972,9.881678899628634
29.528342784386982,0.7499999999999986,825.1175230990797,0.5400158356742576,9.974656453263048
29.72863755087568,0.7499999999999996,821.4230817928976,0.5343537797302167,9.990193137057608
29.72863755087568,0.7499999999999996,821.4230817928976,0.5343537797302167,9.990193137057608
29.72863755087568,0.7499999999999996,821.4230817928976,0.5343537797302167,9.990193137057608
29.72863755087568,0.7499999999999996,821.4230817928976,0.5343537797302167,9.990193137057608
29.72863755087568,0.7499999999999996,821.4230817928976,0.5343537797302167,9.990193137057608
29.72863755087568,0.7499999999999996,821.4230817928976,0.5343537797302167,9.990193137057608
29.194492296199723,0.7499999999999997,834.7293957175123,0.5414052598150609,10.130045643300255
29.194492296199723,0.7499999999999997,834.7293957175123,0.5414052598150609,10.130045643300255
29.194492296199723,0.7499999999999997,834.7293957175123,0.5414052598150609,10.130045643300255
29.194492296199723,0.7499999999999997,834.7293957175123,0.5414052598150609,10.130045643300255
29.194492296199723,0.7499999999999997,834.7293957175123,0.5414052598150609,10.130045643300255
28.591188414094646,0.7499999999999988,838.7225782262556,0.5276631828368404,9.981388588455406
28.591188414094646,0.7499999999999988,838.7225782262556,0.5276631828368404,9.981388588455406
29.627408258825408,0.7500000000000003,829.7462898347331,0.5344000893897799,10.017112993719513
30.043702786160583,0.7499999999999993,830.7631253733415,0.5477307579327645,10.044233739753434
29.34651393001756,0.7499999999999996,831.9238343214288,0.540905784999492,9.951412138597618
29.76335328772988,0.7500000000000006,827.608389233347,0.5376829663895172,9.991695016269114
29.76335328772988,0.7500000000000006,827.608389233347,0.5376829663895172,9.991695016269114
29.76335328772988,0.7500000000000006,827.608389233347,0.5376829663895172,9.991695016269114
29.76335328772988,0.7500000000000006,827.608389233347,0.5376829663895172,9.991695016269114
30.195167204524775,0.7499999999999993,817.9879553265041,0.5234245560795705,9.928610591714328
30.195167204524775,0.7499999999999993,817.9879553265041,0.5234245560795705,9.928610591714328
30.436962500419018,0.7499999999999983,816.7006477018246,0.529173981763763,9.99836251283811
30.875996359090642,0.7499999999999994,815.2371524132446,0.534827037146839,10.030406528643132
30.875996359090642,0.7499999999999994,815.2371524132446,0.534827037146839,10.030406528643132
30.54482294185215,0.7499999999999987,822.255376277762,0.5258874224083037,10.126993279614652
30.54482294185215,0.7499999999999987,822.255376277762,0.5258874224083037,10.126993279614652
30.553921710700035,0.7499999999999992,820.9597412847951,0.5272493362083279,10.075245421003867
30.553921710700035,0.7499999999999992,820.9597412847951,0.5272493362083279,10.075245421003867
30.5726950347379,0.7499999999999981,827.2117833421316,0.536868381944332,10.12056711219033
30.86165187327098,0.7499999999999984,825.3035524645679,0.5329229822950385,10.109002513838254
30.86165187327098,0.7499999999999984,825.3035524645679,0.5329229822950385,10.109002513838254
30.86165187327098,0.7499999999999984,825.3035524645679,0.5329229822950385,10.109002513838254
30.412963946548732,0.749999999999999,831.2853319460075,0.5208710193261883,10.059798974227627
29.98537951382662,0.7499999999999997,825.3170422799423,0.5154445505751488,9.967222741041311
29.98537951382662,0.7499999999999997,825.3170422799423,0.5154445505751488,9.967222741041311
29.98537951382662,0.7499999999999997,825.3170422799423,0.5154445505751488,9.967222741041311
29.782799119862716,0.7499999999999997,827.5174231822044,0.5193031452905165,9.944043090899873
29.782799119862716,0.7499999999999997,827.5174231822044,0.5193031452905165,9.944043090899873
29.782799119862716,0.7499999999999997,827.5174231822044,0.5193031452905165,9.944043090899873
29.782799119862716,0.7499999999999997,827.5174231822044,0.5193031452905165,9.944043090899873
30.02218632601235,0.7499999999999994,821.9500463484636,0.5030028691142286,9.795001360357976
30.02218632601235,0.7499999999999994,821.9500463484636,0.5030028691142286,9.795001360357976
30.191435355466318,0.7499999999999994,819.7602189948349,0.5202435224573329,9.844534943040326
29.544066492312357,0.7499999999999997,833.6689239396626,0.52657954515624,9.800419416120302
30.064716397697577,0.7499999999999991,825.5518704590788,0.5364666434247116,9.741520209705342
30.064716397697577,0.7499999999999991,825.5518704590788,0.5364666434247116,9.741520209705342
30.064716397697577,0.7499999999999991,825.5518704590788,0.5364666434247116,9.741520209705342
29.74036641527548,0.7499999999999987,823.4424819324797,0.5299020107554108,9.72618955430607
29.74036641527548,0.7499999999999987,823.4424819324797,0.5299020107554108,9.72618955430607
29.74036641527548,0.7499999999999987,823.4424819324797,0.5299020107554108,9.72618955430607
29.74036641527548,0.7499999999999987,823.4424819324797,0.5299020107554108,9.72618955430607
30.183856780747696,0.7499999999999989,819.2375708047609,0.5285468888145011,9.751605732631651
29.59276399920204,0.749999999999999,818.7991934749755,0.5229789675675722,9.637381544158686
30.346828086807907,0.75,817.7274270428239,0.5342634390625428,9.730130203401497
30.26269046818606,0.7499999999999996,819.4170759756299,0.532931937019354,9.756870603559287
30.26269046818606,0.7499999999999996,819.4170759756299,0.532931937019354,9.756870603559287
30.26269046818606,0.7499999999999996,819.4170759756299,0.532931937019354,9.756870603559287
30.26269046818606,0.7499999999999996,819.4170759756299,0.532931937019354,9.756870603559287
30.26269046818606,0.7499999999999996,819.4170759756299,0.532931937019354,9.756870603559287
30.692595979997222,0.749999999999999,817.7058943135655,0.5252056852462847,9.776126281215003
30.692595979997222,0.749999999999999,817.7058943135655,0.5252056852462847,9.776126281215003
30.692595979997222,0.749999999999999,817.7058943135655,0.5252056852462847,9.776126281215003
29.52781920084036,0.7499999999999996,817.079012459667,0.5124587254964581,9.606101409923394
29.55449513689067,0.75,815.9819482804182,0.509508665558818,9.473109011840668
29.06755794070808,0.75,817.5635252578396,0.5182150630156509,9.562365886144232
29.35189462484129,0.7499999999999994,814.9028974024227,0.51414908409001,9.570809964144805
29.35189462484129,0.7499999999999994,814.9028974024227,0.51414908409001,9.570809964144805
29.35189462484129,0.7499999999999994,814.9028974024227,0.51414908409001,9.570809964144805
29.35189462484129,0.7499999999999994,814.9028974024227,0.51414908409001,9.570809964144805
29.229740089111388,0.7499999999999989,816.9587403180609,0.5174744438677275,9.60591872090912
29.229740089111388,0.7499999999999989,816.9587403180609,0.5174744438677275,9.60591872090912
29.229740089111388,0.7499999999999989,816.9587403180609,0.5174744438677275,9.60591872090912
29.229740089111388,0.7499999999999989,816.9587403180609,0.5174744438677275,9.60591872090912
29.229740089111388,0.7499999999999989,816.9587403180609,0.5174744438677275,9.60591872090912
29.229740089111388,0.7499999999999989,816.9587403180609,0.5174744438677275,9.60591872090912
29.229740089111388,0.7499999999999989,816.9587403180609,0.5174744438677275,9.60591872090912
29.551716429469153,0.7499999999999993,818.5946292565803,0.5155597260604798,9.689358224826696
30.047227470415248,0.7499999999999983,819.5158388592312,0.5266978531911611,9.823632973663397
30.047227470415248,0.7499999999999983,819.5158388592312,0.5266978531911611,9.823632973663397
29.45258135988377,0.7499999999999993,823.6657533152213,0.5111252871363071,9.609157980846565
29.45258135988377,0.7499999999999993,823.6657533152213,0.5111252871363071,9.609157980846565
29.45258135988377,0.7499999999999993,823.6657533152213,0.5111252871363071,9.609157980846565
29.45258135988377,0.7499999999999993,823.6657533152213,0.5111252871363071,9.609157980846565
29.45258135988377,0.7499999999999993,823.6657533152213,0.5111252871363071,9.609157980846565
29.45258135988377,0.7499999999999993,823.6657533152213,0.5111252871363071,9.609157980846565
29.45258135988377,0.7499999999999993,823.6657533152213,0.5111252871363071,9.609157980846565
29.45258135988377,0.7499999999999993,823.6657533152213,0.5111252871363071,9.609157980846565
29.45258135988377,0.7499999999999993,823.6657533152213,0.5111252871363071,9.609157980846565
29.45258135988377,0.7499999999999993,823.6657533152213,0.5111252871363071,9.609157980846565
29.45258135988377,0.7499999999999993,823.6657533152213,0.5111252871363071,9.609157980846565
29.45258135988377,0.7499999999999993,823.6657533152213,0.5111252871363071,9.609157980846565
29.45258135988377,0.7499999999999993,823.6657533152213,0.5111252871363071,9.609157980846565
29.45258135988377,0.7499999999999993,823.6657533152213,0.5111252871363071,9.609157980846565
29.45258135988377,0.7499999999999993,823.6657533152213,0.5111252871363071,9.609157980846565
29.45258135988377,0.7499999999999993,823.6657533152213,0.5111252871363071,9.609157980846565
29.45258135988377,0.7499999999999993,823.6657533152213,0.5111252871363071,9.609157980846565
29.45258135988377,0.7499999999999993,823.6657533152213,0.5111252871363071,9.609157980846565
29.63819360932456,0.7499999999999991,817.9706435448508,0.5094201204124305,9.620360027348156
29.730412752508457,0.7499999999999993,818.7554418544216,0.5063325069297351,9.700317923049331
30.336078889019777,0.7499999999999983,821.7048603165749,0.5071128098061852,9.712315642942505
29.90477446200032,0.7499999999999999,814.5703516842555,0.500289837091092,9.55902513337102
29.73108871654277,0.7499999999999989,813.9748850899233,0.5065805991362098,9.65338886333513
29.73108871654277,0.7499999999999989,813.9748850899233,0.5065805991362098,9.65338886333513
29.885051542594937,0.7499999999999991,813.6794035144039,0.5109878408394741,9.658965264248602
29.885051542594937,0.7499999999999991,813.6794035144039,0.5109878408394741,9.658965264248602
29.838975898355987,0.75,813.8784450854091,0.5248634612186935,9.688327800211724
29.883473277994483,0.7499999999999994,811.3950637413736,0.5233076098946974,9.58207011017878
29.74244884664663,0.7499999999999997,815.0982144457109,0.5098346183148961,9.594738222952188
29.74244884664663,0.7499999999999997,815.0982144457109,0.5098346183148961,9.594738222952188
29.74244884664663,0.7499999999999997,815.0982144457109,0.5098346183148961,9.594738222952188
29.74244884664663,0.7499999999999997,815.0982144457109,0.5098346183148961,9.594738222952188
29.74244884664663,0.7499999999999997,815.0982144457109,0.5098346183148961,9.594738222952188
30.170717898731226,0.7499999999999984,802.2257503968808,0.49010173881185715,9.472001306530093
30.388429300600574,0.7499999999999988,800.7987535015764,0.4935624145136541,9.447013370722882
30.388429300600574,0.7499999999999988,800.7987535015764,0.4935624145136541,9.447013370722882
29.910170030749615,0.749999999999999,804.2408374364645,0.4839025813100956,9.430300495151386
29.910170030749615,0.749999999999999,804.2408374364645,0.4839025813100956,9.430300495151386
29.910170030749615,0.749999999999999,804.2408374364645,0.4839025813100956,9.430300495151386
30.305385525399515,0.7499999999999992,798.3949981357974,0.47867832036883035,9.373424613189064
30.305385525399515,0.7499999999999992,798.3949981357974,0.47867832036883035,9.373424613189064
30.33672249097001,0.7499999999999997,804.1919954126122,0.4845972111520939,9.331868234801306
30.33672249097001,0.7499999999999997,804.1919954126122,0.4845972111520939,9.331868234801306
30.33672249097001,0.7499999999999997,804.1919954126122,0.4845972111520939,9.331868234801306
29.930420692705553,0.7499999999999994,808.4069570788282,0.4783949380333715,9.260447442887784
29.930420692705553,0.7499999999999994,808.4069570788282,0.4783949380333715,9.260447442887784
29.930420692705553,0.7499999999999994,808.4069570788282,0.4783949380333715,9.260447442887784
29.930420692705553,0.7499999999999994,808.4069570788282,0.4783949380333715,9.260447442887784
29.731689847771058,0.7499999999999983,813.4463409101013,0.47995540481130616,9.187933335805813
29.731689847771058,0.7499999999999983,813.4463409101013,0.47995540481130616,9.187933335805813
30.014544176769697,0.7499999999999989,810.0081890080759,0.48408084770222404,9.222905085517553
30.038197071874777,0.7499999999999983,802.9407479495972,0.471385622886583,9.164896611483817
30.204961109189313,0.7499999999999986,807.4347260585675,0.4755515486222432,9.234436509708226
30.248429879461575,0.7499999999999999,805.932515588851,0.4722713416928899,9.218897560083741
30.083575855396834,0.7499999999999994,804.4409497760756,0.46876403790481513,9.248105220253896
30.083575855396834,0.7499999999999994,804.4409497760756,0.46876403790481513,9.248105220253896
30.083575855396834,0.7499999999999994,804.4409497760756,0.46876403790481513,9.248105220253896
30.083575855396834,0.7499999999999994,804.4409497760756,0.46876403790481513,9.248105220253896
30.083575855396834,0.7499999999999994,804.4409497760756,0.46876403790481513,9.248105220253896
30.083575855396834,0.7499999999999994,804.4409497760756,0.46876403790481513,9.248105220253896
29.35164340620643,0.7499999999999994,817.8455396759678,0.4869646509211956,9.33282409920992
29.35164340620643,0.7499999999999994,817.8455396759678,0.4869646509211956,9.33282409920992
29.35164340620643,0.7499999999999994,817.8455396759678,0.4869646509211956,9.33282409920992
29.35164340620643,0.7499999999999994,817.8455396759678,0.4869646509211956,9.33282409920992
28.876157520273757,0.7499999999999996,823.1165601095402,0.4709219304232263,9.25749960713938
29.302150371733287,0.7499999999999984,818.5635176344687,0.46422040628241773,9.158202451432519
29.302150371733287,0.7499999999999984,818.5635176344687,0.46422040628241773,9.158202451432519
29.302150371733287,0.7499999999999984,818.5635176344687,0.46422040628241773,9.158202451432519
29.302150371733287,0.7499999999999984,818.5635176344687,0.46422040628241773,9.158202451432519
29.302150371733287,0.7499999999999984,818.5635176344687,0.46422040628241773,9.158202451432519
29.302150371733287,0.7499999999999984,818.5635176344687,0.46422040628241773,9.158202451432519
29.302150371733287,0.7499999999999984,818.5635176344687,0.46422040628241773,9.158202451432519
29.302150371733287,0.7499999999999984,818.5635176344687,0.46422040628241773,9.158202451432519
29.302150371733287,0.7499999999999984,818.5635176344687,0.46422040628241773,9.158202451432519
29.50614518874926,0.7499999999999997,804.0341097506303,0.4575021823150464,9.218540456645275
29.50614518874926,0.7499999999999997,804.0341097506303,0.4575021823150464,9.218540456645275
29.50614518874926,0.7499999999999997,804.0341097506303,0.4575021823150464,9.218540456645275
29.50614518874926,0.7499999999999997,804.0341097506303,0.4575021823150464,9.218540456645275
29.50614518874926,0.7499999999999997,804.0341097506303,0.4575021823150464,9.218540456645275
29.66378681377183,0.749999999999998,809.6213251500333,0.44586260919806897,9.18998720413752
29.86490950468564,0.7499999999999992,803.520794850426,0.4374042194453922,9.150972179829967
29.231937708419863,0.7499999999999991,810.8050787679637,0.4489440157630711,9.219026358718853
29.64928058156595,0.7499999999999992,806.1330907782692,0.44904907505273356,9.245605696208534
29.35619106581951,0.7499999999999983,811.0219527182671,0.4383190913358038,9.285204111204337
29.35619106581951,0.7499999999999983,811.0219527182671,0.4383190913358038,9.285204111204337
29.57057311065074,0.7499999999999998,816.0974639724438,0.4342491863902396,9.354902925765842
29.433232440019353,0.7499999999999993,811.3036696335929,0.44234581696365,9.362943250512327
29.19267228869596,0.7499999999999996,810.6040486546848,0.44294599401364815,9.358568808948453
29.19267228869596,0.7499999999999996,810.6040486546848,0.44294599401364815,9.358568808948453
29.19267228869596,0.7499999999999996,810.6040486546848,0.44294599401364815,9.358568808948453
29.19267228869596,0.7499999999999996,810.6040486546848,0.44294599401364815,9.358568808948453
29.12219266985767,0.75,811.1341254366758,0.44666060923681833,9.406939498920883
29.62196395753195,0.7499999999999994,810.2473936568367,0.4340082217803807,9.38521742670215
29.988935348315028,0.7499999999999996,810.653649467932,0.4416133620316729,9.420458863116343
30.17068003749228,0.7499999999999999,808.7305279195189,0.4475330883024671,9.45175393911343
30.17068003749228,0.7499999999999999,808.7305279195189,0.4475330883024671,9.45175393911343
30.21495373365817,0.7499999999999993,804.365837351793,0.4508709570308848,9.477830273805461
29.843073360469727,0.7499999999999993,810.0080185238771,0.4455879043488135,9.387794999482452
29.843073360469727,0.7499999999999993,810.0080185238771,0.4455879043488135,9.387794999482452
29.732626718401058,0.7499999999999996,811.023703060837,0.45456493896753664,9.428195831728733
29.396116554087605,0.75,811.1253602205857,0.45786791862402093,9.487682932972604
30.300235498144293,0.7499999999999993,807.6334107090831,0.4732370779441489,9.571286686119143
30.14009249538987,0.749999999999998,809.283344069386,0.4769007510073503,9.5939844546776
30.14009249538987,0.749999999999998,809.283344069386,0.4769007510073503,9.5939844546776
30.49482779800318,0.7499999999999997,806.7123060915078,0.47788116523291196,9.558629921894854
30.49482779800318,0.7499999999999997,806.7123060915078,0.47788116523291196,9.558629921894854
30.49482779800318,0.7499999999999997,806.7123060915078,0.47788116523291196,9.558629921894854
30.49482779800318,0.7499999999999997,806.7123060915078,0.47788116523291196,9.558629921894854
30.49482779800318,0.7499999999999997,806.7123060915078,0.47788116523291196,9.558629921894854
30.49482779800318,0.7499999999999997,806.7123060915078,0.47788116523291196,9.558629921894854
30.7590689058963,0.7499999999999999,802.0518672465377,0.4750310198697179,9.517310944876803
30.543627612860522,0.7499999999999993,807.1568368334111,0.4724399923914033,9.533303834895264
30.686033469366,0.7499999999999994,803.2740359215479,0.4595005457059119,9.439601167786815
30.686033469366,0.7499999999999994,803.2740359215479,0.4595005457059119,9.439601167786815
30.86518555125836,0.7499999999999991,804.1975559729608,0.4536737477965802,9.411690308419626
30.83342134765278,0.7499999999999993,801.481212168818,0.45597553437747607,9.38041664832962
30.83342134765278,0.7499999999999993,801.481212168818,0.45597553437747607,9.38041664832962
30.17213264521361,0.7499999999999993,801.6194035220573,0.4424467615498973,9.310731495544378
30.17097987006024,0.7500000000000004,804.8863628353938,0.44361530167393914,9.322352111626575
30.115748525085575,0.7499999999999998,803.5632147075769,0.44844823970601455,9.359135589730144
30.555316888322665,0.7499999999999996,796.2077602627093,0.44257984000279654,9.397181351711975
30.555316888322665,0.7499999999999996,796.2077602627093,0.44257984000279654,9.397181351711975
30.555316888322665,0.7499999999999996,796.2077602627093,0.44257984000279654,9.397181351711975
30.555316888322665,0.7499999999999996,796.2077602627093,0.44257984000279654,9.397181351711975
30.555316888322665,0.7499999999999996,796.2077602627093,0.44257984000279654,9.397181351711975
30.555316888322665,0.7499999999999996,796.2077602627093,0.44257984000279654,9.397181351711975
30.898864547397935,0.7499999999999994,792.205513822272,0.43747499540390916,9.47052275188245
30.96643711029148,0.7499999999999993,799.966610546637,0.46418084697430345,9.700257972830439
30.96643711029148,0.7499999999999993,799.966610546637,0.46418084697430345,9.700257972830439
30.96643711029148,0.7499999999999993,799.966610546637,0.46418084697430345,9.700257972830439
30.739146315019173,0.7499999999999994,803.1952072635065,0.45204285829600527,9.740332577316428
30.739146315019173,0.7499999999999994,803.1952072635065,0.45204285829600527,9.740332577316428
30.739146315019173,0.7499999999999994,803.1952072635065,0.45204285829600527,9.740332577316428
30.700804154116685,0.7499999999999981,814.6457014504542,0.45448587288047604,9.792549843979032
30.700804154116685,0.7499999999999981,814.6457014504542,0.45448587288047604,9.792549843979032
30.700804154116685,0.7499999999999981,814.6457014504542,0.45448587288047604,9.792549843979032
30.700804154116685,0.7499999999999981,814.6457014504542,0.45448587288047604,9.792549843979032
30.700804154116685,0.7499999999999981,814.6457014504542,0.45448587288047604,9.792549843979032
30.700804154116685,0.7499999999999981,814.6457014504542,0.45448587288047604,9.792549843979032
30.700804154116685,0.7499999999999981,814.6457014504542,0.45448587288047604,9.792549843979032
30.700804154116685,0.7499999999999981,814.6457014504542,0.45448587288047604,9.792549843979032
30.700804154116685,0.7499999999999981,814.6457014504542,0.45448587288047604,9.792549843979032
30.700804154116685,0.7499999999999981,814.6457014504542,0.45448587288047604,9.792549843979032
30.700804154116685,0.7499999999999981,814.6457014504542,0.45448587288047604,9.792549843979032
30.700804154116685,0.7499999999999981,814.6457014504542,0.45448587288047604,9.792549843979032
30.79194112440864,0.7499999999999993,808.4854663046602,0.45904916350945774,9.753341423060823
30.79194112440864,0.7499999999999993,808.4854663046602,0.45904916350945774,9.753341423060823
30.79194112440864,0.7499999999999993,808.4854663046602,0.45904916350945774,9.753341423060823
30.87742748412633,0.7499999999999991,812.9974982174961,0.45515549197503785,9.737694751886059
30.87742748412633,0.7499999999999991,812.9974982174961,0.45515549197503785,9.737694751886059
30.87742748412633,0.7499999999999991,812.9974982174961,0.45515549197503785,9.737694751886059
30.87742748412633,0.7499999999999991,812.9974982174961,0.45515549197503785,9.737694751886059
30.87742748412633,0.7499999999999991,812.9974982174961,0.45515549197503785,9.737694751886059
30.87742748412633,0.7499999999999991,812.9974982174961,0.45515549197503785,9.737694751886059
30.87742748412633,0.7499999999999991,812.9974982174961,0.45515549197503785,9.737694751886059
30.87742748412633,0.7499999999999991,812.9974982174961,0.45515549197503785,9.737694751886059
30.87742748412633,0.7499999999999991,812.9974982174961,0.45515549197503785,9.737694751886059
30.87742748412633,0.7499999999999991,812.9974982174961,0.45515549197503785,9.737694751886059
31.50270815136692,0.749999999999999,805.9477192852669,0.4648895746616658,9.808175900870165
31.50270815136692,0.749999999999999,805.9477192852669,0.4648895746616658,9.808175900870165
31.529465977500394,0.7499999999999999,808.0670326343991,0.4676924961593222,9.80428980927083
31.60939992338866,0.7499999999999993,807.4533964812291,0.46195843161598554,9.786194103177271
31.60939992338866,0.7499999999999993,807.4533964812291,0.46195843161598554,9.786194103177271
31.60939992338866,0.7499999999999993,807.4533964812291,0.46195843161598554,9.786194103177271
31.60939992338866,0.7499999999999993,807.4533964812291,0.46195843161598554,9.786194103177271
31.676712518851595,0.7499999999999999,806.0344367996975,0.4649770168565367,9.739310980706449
31.676712518851595,0.7499999999999999,806.0344367996975,0.4649770168565367,9.739310980706449
31.51219863131365,0.7499999999999999,804.6372736376546,0.47155076812026664,9.691643083087381
31.51219863131365,0.7499999999999999,804.6372736376546,0.47155076812026664,9.691643083087381
30.846973357043144,0.75,809.0433083506367,0.4730721603006843,9.626574056242314
30.915432091446377,0.7499999999999988,818.779946917822,0.4749129353965679,9.583100567855618
30.84198419747623,0.749999999999998,808.6663338909349,0.47607231175142295,9.498301990384203
30.167993570677503,0.749999999999999,819.1456191887148,0.4876530765100526,9.541978987162462
30.167993570677503,0.749999999999999,819.1456191887148,0.4876530765100526,9.541978987162462
30.167993570677503,0.749999999999999,819.1456191887148,0.4876530765100526,9.541978987162462
30.167993570677503,0.749999999999999,819.1456191887148,0.4876530765100526,9.541978987162462
30.167993570677503,0.749999999999999,819.1456191887148,0.4876530765100526,9.541978987162462
30.167993570677503,0.749999999999999,819.1456191887148,0.4876530765100526,9.541978987162462
30.167993570677503,0.749999999999999,819.1456191887148,0.4876530765100526,9.541978987162462
30.167993570677503,0.749999999999999,819.1456191887148,0.4876530765100526,9.541978987162462
30.33458618098172,0.7499999999999991,820.455986489154,0.4967967960531426,9.686973102789262
30.34997361184053,0.7499999999999996,817.1984721354571,0.486475505734346,9.61794864087066
30.34997361184053,0.7499999999999996,817.1984721354571,0.486475505734346,9.61794864087066
30.587380298826062,0.7499999999999988,806.4924097928784,0.4734875098248556,9.533921190941044
30.587380298826062,0.7499999999999988,806.4924097928784,0.4734875098248556,9.533921190941044
30.285404878024796,0.7499999999999988,807.9221808286495,0.47366907283181564,9.498773628831774
30.285404878024796,0.7499999999999988,807.9221808286495,0.47366907283181564,9.498773628831774
30.468825855245914,0.7499999999999992,808.6082108252713,0.4677320986685091,9.528367153989336
30.49970560421199,0.7499999999999996,803.7566320716087,0.4656780044897299,9.548179131061707
29.849164206804193,0.7499999999999982,811.8067118322039,0.45757495255925573,9.531609963934809
29.849164206804193,0.7499999999999982,811.8067118322039,0.45757495255925573,9.531609963934809
29.849164206804193,0.7499999999999982,811.8067118322039,0.45757495255925573,9.531609963934809
29.849164206804193,0.7499999999999982,811.8067118322039,0.45757495255925573,9.531609963934809
29.748593719586033,0.7499999999999998,808.4300960067469,0.4537495611985062,9.517571302231474
30.06674136023735,0.7499999999999996,805.1112587629792,0.4538348552071832,9.572851460726124
30.23910435338029,0.7499999999999983,803.0652269609277,0.4507590403992829,9.565980570305536
30.08023482600098,0.7499999999999997,800.9301397832969,0.4467432414476631,9.523700879913909
30.992096733094087,0.7499999999999996,797.4782016010249,0.4471388931345683,9.562760875710586
31.077533704456656,0.749999999999997,793.8151054525554,0.4468462936585358,9.584973551961493
31.107449124653073,0.7499999999999993,794.3383384117708,0.44555410961029723,9.57595265192939
30.967237657334824,0.7499999999999997,796.4727076719888,0.4571309991540881,9.586193332733533
30.406673989734916,0.7499999999999994,803.9084651920573,0.4676536963406143,9.513409305729983
30.406673989734916,0.7499999999999994,803.9084651920573,0.4676536963406143,9.513409305729983
30.406673989734916,0.7499999999999994,803.9084651920573,0.4676536963406143,9.513409305729983
30.873226821300026,0.7499999999999984,796.5229353250642,0.45823603995789963,9.469201683097598
31.1873229646667,0.7499999999999994,794.7823889399323,0.4549997404910658,9.606450372578143
31.1873229646667,0.7499999999999994,794.7823889399323,0.4549997404910658,9.606450372578143
31.1873229646667,0.7499999999999994,794.7823889399323,0.4549997404910658,9.606450372578143
30.84805677787447,0.749999999999998,800.4606734490745,0.45885100947129964,9.683183233933416
30.84805677787447,0.749999999999998,800.4606734490745,0.45885100947129964,9.683183233933416
30.84805677787447,0.749999999999998,800.4606734490745,0.45885100947129964,9.683183233933416
30.84805677787447,0.749999999999998,800.4606734490745,0.45885100947129964,9.683183233933416
30.84805677787447,0.749999999999998,800.4606734490745,0.45885100947129964,9.683183233933416
30.84805677787447,0.749999999999998,800.4606734490745,0.45885100947129964,9.683183233933416
30.84805677787447,0.749999999999998,800.4606734490745,0.45885100947129964,9.683183233933416
30.84805677787447,0.749999999999998,800.4606734490745,0.45885100947129964,9.683183233933416
30.981833289171664,0.7499999999999993,796.8270625115277,0.4520422456620517,9.576487721005645
30.981833289171664,0.7499999999999993,796.8270625115277,0.4520422456620517,9.576487721005645
31.13176162242034,0.7499999999999979,803.728242838257,0.4476561391627187,9.574823806517363
31.13176162242034,0.7499999999999979,803.728242838257,0.4476561391627187,9.574823806517363
31.857403656008234,0.7499999999999993,788.3529899666668,0.440493571946955,9.620762877293853
31.767333979765755,0.7499999999999996,791.7871855586797,0.4448931786662649,9.614667893468908
31.61518686228887,0.75,789.2921028102905,0.43682002230178835,9.51445712446116
31.61518686228887,0.75,789.2921028102905,0.43682002230178835,9.51445712446116
31.42876800691285,0.7499999999999997,793.8832811437416,0.4413686985297193,9.594987725132672
31.42876800691285,0.7499999999999997,793.8832811437416,0.4413686985297193,9.594987725132672
31.066482694729793,0.7499999999999993,802.5805926952959,0.46211925220922456,9.652734279185768
31.066482694729793,0.7499999999999993,802.5805926952959,0.46211925220922456,9.652734279185768
31.443612154781945,0.7499999999999983,798.2476759472908,0.45661788003734066,9.647109605574792
31.426711420677833,0.7499999999999993,802.0458842163196,0.4574353359447176,9.555376201034658
31.951063455218975,0.7499999999999993,799.7943013708721,0.46841224775372803,9.586048608611467
31.962660846755064,0.7499999999999998,800.4825616482833,0.476814554820396,9.613875780990687
32.02524777652791,0.7499999999999981,802.577871823419,0.48591505934060963,9.686814653698438
31.48818577601299,0.7499999999999989,805.4635382610636,0.48537357455552554,9.616789866357522
30.976937478636465,0.7499999999999987,808.0654176054434,0.509319695780319,9.605918920548504
30.976937478636465,0.7499999999999987,808.0654176054434,0.509319695780319,9.605918920548504
30.976937478636465,0.7499999999999987,808.0654176054434,0.509319695780319,9.605918920548504
30.976471080962877,0.7499999999999991,808.8614538008694,0.515490297806119,9.642394017922484
30.502983114567087,0.7499999999999996,812.1430337085396,0.4976221810579392,9.521369065859687
30.502983114567087,0.7499999999999996,812.1430337085396,0.4976221810579392,9.521369065859687
30.502983114567087,0.7499999999999996,812.1430337085396,0.4976221810579392,9.521369065859687
30.502983114567087,0.7499999999999996,812.1430337085396,0.4976221810579392,9.521369065859687
30.502983114567087,0.7499999999999996,812.1430337085396,0.4976221810579392,9.521369065859687
31.193813481097973,0.7499999999999979,801.5126638630692,0.5042150858037905,9.527047524507262
31.219824408576347,0.7499999999999997,808.168557974244,0.5086523726751823,9.5141447917677
31.219824408576347,0.7499999999999997,808.168557974244,0.5086523726751823,9.5141447917677
31.219824408576347,0.7499999999999997,808.168557974244,0.5086523726751823,9.5141447917677
30.82228994825525,0.7499999999999994,805.974767819486,0.5063559052821988,9.411326264743945
30.769069944590694,0.7499999999999998,802.7991816123488,0.4888731694820047,9.37252880685914
31.535855669674785,0.7499999999999986,795.697400949759,0.49666499282529714,9.448973445255282
31.535855669674785,0.7499999999999986,795.697400949759,0.49666499282529714,9.448973445255282
31.535855669674785,0.7499999999999986,795.697400949759,0.49666499282529714,9.448973445255282
31.312502183901188,0.7499999999999993,797.8625577698542,0.5047479606283022,9.51331852466202
30.362818352944835,0.7499999999999998,810.1357925549805,0.5131695475694362,9.500349710683574
30.48247914133518,0.7499999999999993,799.6632139873402,0.48980321196088367,9.368670236461181
30.48247914133518,0.7499999999999993,799.6632139873402,0.48980321196088367,9.368670236461181
30.03542247232564,0.749999999999999,805.7936896516399,0.4908686604231772,9.401642084853469
30.03542247232564,0.749999999999999,805.7936896516399,0.4908686604231772,9.401642084853469
30.227573101712434,0.75,803.1453730362072,0.48185008923338385,9.411189425384174
30.580098764922244,0.7499999999999993,802.8766577932029,0.4789826771610948,9.388234179215706
30.580098764922244,0.7499999999999993,802.8766577932029,0.4789826771610948,9.388234179215706
30.580098764922244,0.7499999999999993,802.8766577932029,0.4789826771610948,9.388234179215706
31.534148696470037,0.75,800.3263785760757,0.489862480567774,9.470306223890187
31.09427858686433,0.7499999999999992,801.5739618277715,0.48427260406306843,9.486057938306683
31.913285674286534,0.7499999999999992,799.7310806787805,0.48553828773051344,9.603724179945084
31.276135842066108,0.7499999999999982,803.3598730531759,0.503205791681495,9.57620688609536
31.05194511062579,0.7499999999999994,809.5672319124624,0.5068245961392628,9.614112932999797
31.05194511062579,0.7499999999999994,809.5672319124624,0.5068245961392628,9.614112932999797
31.05194511062579,0.7499999999999994,809.5672319124624,0.5068245961392628,9.614112932999797
31.44452640270852,0.7499999999999987,814.9699070090969,0.5027326768143849,9.656580173547123
31.44452640270852,0.7499999999999987,814.9699070090969,0.5027326768143849,9.656580173547123
31.44452640270852,0.7499999999999987,814.9699070090969,0.5027326768143849,9.656580173547123
31.44452640270852,0.7499999999999987,814.9699070090969,0.5027326768143849,9.656580173547123
31.422496989072265,0.7499999999999992,801.731822103292,0.49444639385588823,9.648102322742066
31.422496989072265,0.7499999999999992,801.731822103292,0.49444639385588823,9.648102322742066
31.570518454140046,0.7499999999999996,810.749135630408,0.4929253133379017,9.667227397402224
31.570518454140046,0.7499999999999996,810.749135630408,0.4929253133379017,9.667227397402224
32.05383737616464,0.7499999999999988,810.3740286851146,0.5122409717255013,9.774468393767282
31.892051512557188,0.7499999999999988,812.7043995826314,0.510300882701928,9.770376685768076
31.892051512557188,0.7499999999999988,812.7043995826314,0.510300882701928,9.770376685768076
31.892051512557188,0.7499999999999988,812.7043995826314,0.510300882701928,9.770376685768076
31.94042840724687,0.7499999999999986,804.8304131995758,0.5074752265005823,9.781341019492583
31.94042840724687,0.7499999999999986,804.8304131995758,0.5074752265005823,9.781341019492583
31.94042840724687,0.7499999999999986,804.8304131995758,0.5074752265005823,9.781341019492583
30.713657931295945,0.7499999999999991,819.5583021862111,0.4987604823409458,9.767151743303817
30.68278263420345,0.7499999999999989,815.3479688571674,0.5017310692636641,9.709322749401888
30.6245549080004,0.7499999999999998,807.5586004513152,0.48948746889456274,9.723092840034218
29.915753749982667,0.7499999999999991,814.5283499574379,0.48618655230518326,9.642604960715847
29.915753749982667,0.7499999999999991,814.5283499574379,0.48618655230518326,9.642604960715847
29.915753749982667,0.7499999999999991,814.5283499574379,0.48618655230518326,9.642604960715847
30.406387939124116,0.7499999999999994,810.0469794169779,0.5031327904206516,9.665094445925977
30.49415313938771,0.7499999999999997,808.6185774913955,0.5138330676533327,9.703836521792358
30.49415313938771,0.7499999999999997,808.6185774913955,0.5138330676533327,9.703836521792358
31.107536396451753,0.7499999999999986,807.5456961346971,0.5231852685963075,9.838135326025375
31.158669363419236,0.7499999999999977,806.9766098708717,0.5199773469800311,9.856238251619198
31.158669363419236,0.7499999999999977,806.9766098708717,0.5199773469800311,9.856238251619198
31.158669363419236,0.7499999999999977,806.9766098708717,0.5199773469800311,9.856238251619198
30.82086499486957,0.7499999999999983,810.3728926925659,0.5042386201674902,9.87742303834681
30.34799382505194,0.7499999999999997,812.522209713024,0.5080789550561996,9.80059394425167
30.34799382505194,0.7499999999999997,812.522209713024,0.5080789550561996,9.80059394425167
30.34799382505194,0.7499999999999997,812.522209713024,0.5080789550561996,9.80059394425167
30.296586015953263,0.75,812.8948754275932,0.502988296197157,9.84564464683
30.296586015953263,0.75,812.8948754275932,0.502988296197157,9.84564464683
30.296586015953263,0.75,812.8948754275932,0.502988296197157,9.84564464683
30.296586015953263,0.75,812.8948754275932,0.502988296197157,9.84564464683
30.296586015953263,0.75,812.8948754275932,0.502988296197157,9.84564464683
30.088786804160513,0.7499999999999988,820.7893278269607,0.511454878572803,9.858242796747358
30.088786804160513,0.7499999999999988,820.7893278269607,0.511454878572803,9.858242796747358
30.088786804160513,0.7499999999999988,820.7893278269607,0.511454878572803,9.858242796747358
30.441990883139862,0.749999999999999,818.015525454354,0.5165403153747178,9.874695330058653
30.002770292776976,0.7499999999999992,823.7836068140704,0.5304992814540168,9.9691190439576
30.002770292776976,0.7499999999999992,823.7836068140704,0.5304992814540168,9.9691190439576
30.002770292776976,0.7499999999999992,823.7836068140704,0.5304992814540168,9.9691190439576
30.72787149753068,0.7499999999999994,813.5003008136811,0.5336688492676711,10.002280636143857
30.72787149753068,0.7499999999999994,813.5003008136811,0.5336688492676711,10.002280636143857
30.72787149753068,0.7499999999999994,813.5003008136811,0.5336688492676711,10.002280636143857
30.72787149753068,0.7499999999999994,813.5003008136811,0.5336688492676711,10.002280636143857
31.108368112656706,0.75,814.589054496942,0.5230831239901241,9.961646694298091
31.29027350063285,0.7499999999999991,810.3352374882621,0.5234841118044012,9.9662421489076
31.021969662645716,0.7499999999999999,810.8691147093627,0.5192166338502959,9.95165646972823
29.950083642402195,0.7499999999999994,823.4650435077971,0.5244139630909682,9.928292802858632
29.950083642402195,0.7499999999999994,823.4650435077971,0.5244139630909682,9.928292802858632
29.950083642402195,0.7499999999999994,823.4650435077971,0.5244139630909682,9.928292802858632
29.950083642402195,0.7499999999999994,823.4650435077971,0.5244139630909682,9.928292802858632
29.950083642402195,0.7499999999999994,823.4650435077971,0.5244139630909682,9.928292802858632
29.950083642402195,0.7499999999999994,823.4650435077971,0.5244139630909682,9.928292802858632
29.950083642402195,0.7499999999999994,823.4650435077971,0.5244139630909682,9.928292802858632
29.950083642402195,0.7499999999999994,823.4650435077971,0.5244139630909682,9.928292802858632
29.950083642402195,0.7499999999999994,823.4650435077971,0.5244139630909682,9.928292802858632
29.950083642402195,0.7499999999999994,823.4650435077971,0.5244139630909682,9.928292802858632
29.950083642402195,0.7499999999999994,823.4650435077971,0.5244139630909682,9.928292802858632
29.950083642402195,0.7499999999999994,823.4650435077971,0.5244139630909682,9.928292802858632
30.49657908606101,0.7499999999999994,814.4328986784446,0.5307179390344958,9.991524189551305
30.49657908606101,0.7499999999999994,814.4328986784446,0.5307179390344958,9.991524189551305
30.49657908606101,0.7499999999999994,814.4328986784446,0.5307179390344958,9.991524189551305
30.49657908606101,0.7499999999999994,814.4328986784446,0.5307179390344958,9.991524189551305
30.49657908606101,0.7499999999999994,814.4328986784446,0.5307179390344958,9.991524189551305
30.34993580404475,0.7500000000000001,815.6258363821289,0.5392955929175691,10.013462710327271
30.34993580404475,0.7500000000000001,815.6258363821289,0.5392955929175691,10.013462710327271
30.3681548097823,0.7499999999999981,817.7121070696538,0.5337717634961876,9.968266333328838
30.486883286829766,0.7499999999999992,815.4203057015442,0.5309995117586932,9.910319192820102
30.210592895295388,0.7499999999999996,822.9272266087653,0.5283863916638214,9.858773740346923
30.210592895295388,0.7499999999999996,822.9272266087653,0.5283863916638214,9.858773740346923
30.543488645617916,0.7499999999999996,814.093071859518,0.524302925227231,9.848649444686297
30.543488645617916,0.7499999999999996,814.093071859518,0.524302925227231,9.848649444686297
30.543488645617916,0.7499999999999996,814.093071859518,0.524302925227231,9.848649444686297
30.543488645617916,0.7499999999999996,814.093071859518,0.524302925227231,9.848649444686297
30.543488645617916,0.7499999999999996,814.093071859518,0.524302925227231,9.848649444686297
30.543488645617916,0.7499999999999996,814.093071859518,0.524302925227231,9.848649444686297
30.320615700671322,0.7499999999999989,815.2103994378058,0.5148537380961025,9.75471782953196
30.73799841090281,0.7499999999999989,806.6738341599215,0.507725446112067,9.642198991366277
30.409909866908315,0.7499999999999997,808.0542824094358,0.5018257753054506,9.650297015092686
31.038381902042314,0.7499999999999998,801.5204902358457,0.4989836393104873,9.525526568243734
31.038381902042314,0.7499999999999998,801.5204902358457,0.4989836393104873,9.525526568243734
31.038381902042314,0.7499999999999998,801.5204902358457,0.4989836393104873,9.525526568243734
31.038381902042314,0.7499999999999998,801.5204902358457,0.4989836393104873,9.525526568243734
31.038381902042314,0.7499999999999998,801.5204902358457,0.4989836393104873,9.525526568243734
30.7663586294172,0.7499999999999992,802.128016487553,0.4879129637560418,9.587335279067435
30.85236744304362,0.7499999999999998,804.1422603306885,0.47413794750484983,9.550657842778776
31.300840887886082,0.7499999999999989,795.9175902056201,0.47803325551626824,9.49118603005632
30.884688889447805,0.7499999999999991,796.4469553175761,0.47758534187827545,9.506488177973214
30.945202202465275,0.7499999999999988,793.6268878890043,0.4861761583491181,9.556641997213385
30.439492053354037,0.7499999999999998,802.432149362446,0.48680997865846964,9.503474976738099
30.439492053354037,0.7499999999999998,802.432149362446,0.48680997865846964,9.503474976738099
30.439492053354037,0.7499999999999998,802.432149362446,0.48680997865846964,9.503474976738099
30.439492053354037,0.7499999999999998,802.432149362446,0.48680997865846964,9.503474976738099
30.439492053354037,0.7499999999999998,802.432149362446,0.48680997865846964,9.503474976738099
30.439492053354037,0.7499999999999998,802.432149362446,0.48680997865846964,9.503474976738099
31.384838382255868,0.7499999999999992,791.678623663132,0.48001583164752576,9.460799498787088
31.435149213876677,0.7499999999999987,792.729547077209,0.48648220366086037,9.509809068340815
31.435149213876677,0.7499999999999987,792.729547077209,0.48648220366086037,9.509809068340815
30.954542304533124,0.7500000000000001,800.9559617005751,0.48055862041677844,9.549705042552365
30.80949659018667,0.7499999999999998,799.0778916304121,0.478527926394435,9.510792651052622
30.80949659018667,0.7499999999999998,799.0778916304121,0.478527926394435,9.510792651052622
30.80949659018667,0.7499999999999998,799.0778916304121,0.478527926394435,9.510792651052622
30.80949659018667,0.7499999999999998,799.0778916304121,0.478527926394435,9.510792651052622
30.80949659018667,0.7499999999999998,799.0778916304121,0.478527926394435,9.510792651052622
30.80949659018667,0.7499999999999998,799.0778916304121,0.478527926394435,9.510792651052622
30.80949659018667,0.7499999999999998,799.0778916304121,0.478527926394435,9.510792651052622
30.80949659018667,0.7499999999999998,799.0778916304121,0.478527926394435,9.510792651052622
30.841964462675776,0.7499999999999989,804.5806719565213,0.48022730510832007,9.504060763512769
30.383939550100553,0.7499999999999993,802.7769856654277,0.4682835281039296,9.482142507861166
30.83940260101262,0.7499999999999986,809.8906634213878,0.47546622538554906,9.520449575654178
30.83940260101262,0.7499999999999986,809.8906634213878,0.47546622538554906,9.520449575654178
30.83940260101262,0.7499999999999986,809.8906634213878,0.47546622538554906,9.520449575654178
30.83940260101262,0.7499999999999986,809.8906634213878,0.47546622538554906,9.520449575654178
31.686612083631275,0.749999999999999,803.772604620114,0.4844304090590925,9.616123393869085
31.686612083631275,0.749999999999999,803.772604620114,0.4844304090590925,9.616123393869085
31.49143209028,0.7499999999999998,810.6484083821856,0.483178429559767,9.578668375699383
31.49143209028,0.7499999999999998,810.6484083821856,0.483178429559767,9.578668375699383
31.49143209028,0.7499999999999998,810.6484083821856,0.483178429559767,9.578668375699383
31.49143209028,0.7499999999999998,810.6484083821856,0.483178429559767,9.578668375699383
31.49143209028,0.7499999999999998,810.6484083821856,0.483178429559767,9.578668375699383
31.272743975096052,0.7499999999999994,805.3712557434518,0.48765558435705325,9.615241157121858
31.444390550547517,0.7499999999999988,799.6475622067479,0.48590864479647633,9.642284480522761
31.56817793814831,0.7499999999999992,797.573533872427,0.4822088490805756,9.611334979418208
31.660421652309118,0.7499999999999996,798.8980850854045,0.4891400707223868,9.576908808410632
31.569054955933076,0.7499999999999997,812.1525919553296,0.49235225367692675,9.637503442075868
31.569054955933076,0.7499999999999997,812.1525919553296,0.49235225367692675,9.637503442075868
31.569054955933076,0.7499999999999997,812.1525919553296,0.49235225367692675,9.637503442075868
31.569054955933076,0.7499999999999997,812.1525919553296,0.49235225367692675,9.637503442075868
31.569054955933076,0.7499999999999997,812.1525919553296,0.49235225367692675,9.637503442075868
31.569054955933076,0.7499999999999997,812.1525919553296,0.49235225367692675,9.637503442075868
31.569054955933076,0.7499999999999997,812.1525919553296,0.49235225367692675,9.637503442075868
31.275149482555054,0.7499999999999997,809.7600899523637,0.4937960281226812,9.636501415596769
31.275149482555054,0.7499999999999997,809.7600899523637,0.4937960281226812,9.636501415596769
31.275149482555054,0.7499999999999997,809.7600899523637,0.4937960281226812,9.636501415596769
31.0202772497065,0.7499999999999989,810.4350245929172,0.49370831435800844,9.751243760903403
31.0202772497065,0.7499999999999989,810.4350245929172,0.49370831435800844,9.751243760903403
31.0202772497065,0.7499999999999989,810.4350245929172,0.49370831435800844,9.751243760903403
31.17199078624895,0.7499999999999994,811.7703937503525,0.48361356640480824,9.735388323552172
31.17199078624895,0.7499999999999994,811.7703937503525,0.48361356640480824,9.735388323552172
31.17199078624895,0.7499999999999994,811.7703937503525,0.48361356640480824,9.735388323552172
31.17199078624895,0.7499999999999994,811.7703937503525,0.48361356640480824,9.735388323552172
31.07910415863091,0.7499999999999993,804.8787906322517,0.48597248167159907,9.747731883557236
31.07910415863091,0.7499999999999993,804.8787906322517,0.48597248167159907,9.747731883557236
31.360877583552444,0.7499999999999982,806.9306717859699,0.4799140672555227,9.805247167888817
31.376439016677647,0.7499999999999998,802.7281120323825,0.4931764897946052,9.940586035409927
30.801631802115907,0.7499999999999997,806.2002866850382,0.4884732758013736,9.93380037704858
30.801631802115907,0.7499999999999997,806.2002866850382,0.4884732758013736,9.93380037704858
30.801631802115907,0.7499999999999997,806.2002866850382,0.4884732758013736,9.93380037704858
30.801631802115907,0.7499999999999997,806.2002866850382,0.4884732758013736,9.93380037704858
30.448546907777963,0.7499999999999994,819.435912532685,0.49276452744786325,9.919463359212267
30.448546907777963,0.7499999999999994,819.435912532685,0.49276452744786325,9.919463359212267
30.448546907777963,0.7499999999999994,819.435912532685,0.49276452744786325,9.919463359212267
30.448546907777963,0.7499999999999994,819.435912532685,0.49276452744786325,9.919463359212267
30.448546907777963,0.7499999999999994,819.435912532685,0.49276452744786325,9.919463359212267
30.77703997774343,0.7500000000000002,806.6102581175807,0.49078895565529723,9.876566339090292
30.32033834873853,0.75,807.0932963322596,0.4742731352132745,9.799832782192174
30.32033834873853,0.75,807.0932963322596,0.4742731352132745,9.799832782192174
30.32033834873853,0.75,807.0932963322596,0.4742731352132745,9.799832782192174
30.16993665203573,0.7499999999999993,803.8809254966808,0.4704762995968593,9.765713919943309
30.170122862521005,0.7499999999999996,810.8092014345457,0.47199859915593584,9.799683150419119
30.170122862521005,0.7499999999999996,810.8092014345457,0.47199859915593584,9.799683150419119
30.170122862521005,0.7499999999999996,810.8092014345457,0.47199859915593584,9.799683150419119
30.096309738935663,0.7499999999999998,808.4764225187947,0.4655273676347081,9.712964830485623
29.73542523226092,0.7499999999999991,809.3983052236433,0.4540294921505473,9.652373592411863
29.73542523226092,0.7499999999999991,809.3983052236433,0.4540294921505473,9.652373592411863
29.114906654321004,0.7499999999999984,815.400622903489,0.45655504279576553,9.584665042266176
29.114906654321004,0.7499999999999984,815.400622903489,0.45655504279576553,9.584665042266176
29.114906654321004,0.7499999999999984,815.400622903489,0.45655504279576553,9.584665042266176
29.114906654321004,0.7499999999999984,815.400622903489,0.45655504279576553,9.584665042266176
29.114906654321004,0.7499999999999984,815.400622903489,0.45655504279576553,9.584665042266176
29.114906654321004,0.7499999999999984,815.400622903489,0.45655504279576553,9.584665042266176
29.114906654321004,0.7499999999999984,815.400622903489,0.45655504279576553,9.584665042266176
29.114906654321004,0.7499999999999984,815.400622903489,0.45655504279576553,9.584665042266176
29.3383414035716,0.7499999999999972,803.0420054488754,0.45084673145498483,9.52673877842516
29.3383414035716,0.7499999999999972,803.0420054488754,0.45084673145498483,9.52673877842516
29.40090228771252,0.7499999999999998,803.6100231997083,0.4516589047792985,9.628818074655618
29.808281624664453,0.7499999999999997,801.174470614797,0.45965542597799125,9.643847620074094
29.808281624664453,0.7499999999999997,801.174470614797,0.45965542597799125,9.643847620074094
30.333649211554338,0.7499999999999984,800.8293932269013,0.4631836584123694,9.733871736995505
30.703968297506933,0.7499999999999974,803.5998390940406,0.4623673555587539,9.736804791550608
30.703968297506933,0.7499999999999974,803.5998390940406,0.4623673555587539,9.736804791550608
30.703968297506933,0.7499999999999974,803.5998390940406,0.4623673555587539,9.736804791550608
30.32488311202685,0.7499999999999984,807.673974123531,0.4861300222639607,9.688474103433345
30.141286117086935,0.7499999999999968,819.3955943238716,0.49518199581055045,9.784463127157235
30.303507017767856,0.7500000000000001,813.6329312098053,0.4945871044376278,9.785802048847845
30.303507017767856,0.7500000000000001,813.6329312098053,0.4945871044376278,9.785802048847845
30.303507017767856,0.7500000000000001,813.6329312098053,0.4945871044376278,9.785802048847845
29.80959428573008,0.7499999999999999,820.7659165381571,0.49446169317261307,9.740624025910275
29.80959428573008,0.7499999999999999,820.7659165381571,0.49446169317261307,9.740624025910275
28.7873643348434,0.7499999999999992,833.9717693381486,0.5065095102661465,9.83337262406088
28.7873643348434,0.7499999999999992,833.9717693381486,0.5065095102661465,9.83337262406088
28.7873643348434,0.7499999999999992,833.9717693381486,0.5065095102661465,9.83337262406088
29.53263780529748,0.7499999999999987,821.3113639811338,0.4929320014331298,9.784163845477545
29.53263780529748,0.7499999999999987,821.3113639811338,0.4929320014331298,9.784163845477545
30.304701040333306,0.7499999999999998,814.7240165034832,0.4964711014568938,9.72811657780692
30.254000018392322,0.749999999999998,818.6993545060473,0.4912642623147489,9.788116156614823
29.92322006389981,0.7499999999999982,820.1818302019192,0.483305744844091,9.78683869868694
29.92322006389981,0.7499999999999982,820.1818302019192,0.483305744844091,9.78683869868694
30.110644344770595,0.7499999999999993,818.2968165923695,0.4869179659455675,9.809709250898072
30.41792841618535,0.7499999999999998,818.2984319224072,0.48291288072003585,9.735936980275273
30.53561064963846,0.7499999999999989,813.4728059777713,0.48481698016223235,9.64552153144258
30.332648810587038,0.7499999999999987,816.1884309576607,0.49990002674411244,9.731722389630017
30.332648810587038,0.7499999999999987,816.1884309576607,0.49990002674411244,9.731722389630017
30.303141366804272,0.7499999999999997,816.4140876747722,0.4879425633380898,9.670918738523886
30.303141366804272,0.7499999999999997,816.4140876747722,0.4879425633380898,9.670918738523886
30.303141366804272,0.7499999999999997,816.4140876747722,0.4879425633380898,9.670918738523886
30.303141366804272,0.7499999999999997,816.4140876747722,0.4879425633380898,9.670918738523886
30.303141366804272,0.7499999999999997,816.4140876747722,0.4879425633380898,9.670918738523886
30.658528643244438,0.7499999999999989,813.661888476957,0.4945883867517157,9.764144892843637
29.89675384756929,0.7499999999999989,821.0326019397132,0.4902600085583499,9.761012770654535
29.89675384756929,0.7499999999999989,821.0326019397132,0.4902600085583499,9.761012770654535
29.89675384756929,0.7499999999999989,821.0326019397132,0.4902600085583499,9.761012770654535
29.759433881560998,0.7499999999999989,831.0110507392299,0.49621552822963966,9.807107249545334
29.759433881560998,0.7499999999999989,831.0110507392299,0.49621552822963966,9.807107249545334
29.759433881560998,0.7499999999999989,831.0110507392299,0.49621552822963966,9.807107249545334
29.759433881560998,0.7499999999999989,831.0110507392299,0.49621552822963966,9.807107249545334
29.759433881560998,0.7499999999999989,831.0110507392299,0.49621552822963966,9.807107249545334
30.035611749455462,0.7499999999999998,823.5753931564606,0.48462462147639745,9.682548631441952
30.035611749455462,0.7499999999999998,823.5753931564606,0.48462462147639745,9.682548631441952
30.29442366797998,0.7499999999999999,825.64668261419,0.4862334357109696,9.685731431085467
30.29442366797998,0.7499999999999999,825.64668261419,0.4862334357109696,9.685731431085467
30.265834981921007,0.7499999999999999,823.7791885797072,0.47594168210138815,9.553099236498335
30.267135242497023,0.7499999999999999,821.9944749451633,0.462082060042547,9.556345532696184
30.267135242497023,0.7499999999999999,821.9944749451633,0.462082060042547,9.556345532696184
30.267135242497023,0.7499999999999999,821.9944749451633,0.462082060042547,9.556345532696184
30.267135242497023,0.7499999999999999,821.9944749451633,0.462082060042547,9.556345532696184
30.267135242497023,0.7499999999999999,821.9944749451633,0.462082060042547,9.556345532696184
30.267135242497023,0.7499999999999999,821.9944749451633,0.462082060042547,9.556345532696184
30.267135242497023,0.7499999999999999,821.9944749451633,0.462082060042547,9.556345532696184
30.267135242497023,0.7499999999999999,821.9944749451633,0.462082060042547,9.556345532696184
30.267135242497023,0.7499999999999999,821.9944749451633,0.462082060042547,9.556345532696184
29.73201049662583,0.7499999999999997,823.6924278144417,0.4755600375545178,9.606617380948151
30.157860477512113,0.7499999999999973,823.4582041655306,0.4742859012302533,9.715798805876442
30.783051220842445,0.7499999999999984,828.1667334048177,0.48672365701554055,9.800206357805468
30.783051220842445,0.7499999999999984,828.1667334048177,0.48672365701554055,9.800206357805468
30.783051220842445,0.7499999999999984,828.1667334048177,0.48672365701554055,9.800206357805468
30.62450492699986,0.7499999999999996,833.513791062641,0.4787245376133313,9.702576036606132
30.666696921579767,0.7499999999999987,823.3684692521747,0.4761564373282759,9.693775465241412
30.672840308389162,0.7499999999999992,827.664448783747,0.4669462458599565,9.679162402708977
30.672840308389162,0.7499999999999992,827.664448783747,0.4669462458599565,9.679162402708977
31.196890619686833,0.749999999999999,817.8606302959041,0.4673985305647217,9.607514496345612
31.019417436511,0.7499999999999991,816.5363332108354,0.47220534207124587,9.518964521412602
31.47348798872409,0.75,815.8555755745036,0.4779145381974563,9.598198037293614
31.891291609807233,0.7499999999999992,813.3623788050261,0.4776919433807446,9.521743854416531
31.93337024853858,0.7499999999999988,808.6505302092284,0.4677752171462621,9.62325915558626
31.93337024853858,0.7499999999999988,808.6505302092284,0.4677752171462621,9.62325915558626
31.340771756114748,0.7499999999999997,807.9744448721567,0.46194050255353136,9.516201554794483
30.553678100061614,0.749999999999999,809.9388040689474,0.4579712145457393,9.47592299758062
30.553678100061614,0.749999999999999,809.9388040689474,0.4579712145457393,9.47592299758062
30.553678100061614,0.749999999999999,809.9388040689474,0.4579712145457393,9.47592299758062
30.994230570775482,0.7499999999999996,808.5149515544649,0.4595486782833821,9.539184959009848
30.994230570775482,0.7499999999999996,808.5149515544649,0.4595486782833821,9.539184959009848
30.994230570775482,0.7499999999999996,808.5149515544649,0.4595486782833821,9.539184959009848
30.994230570775482,0.7499999999999996,808.5149515544649,0.4595486782833821,9.539184959009848
30.185516532784632,0.7500000000000001,815.1719232910434,0.4498197135290331,9.503276321756298
30.185516532784632,0.7500000000000001,815.1719232910434,0.4498197135290331,9.503276321756298
30.294853131381785,0.7499999999999992,819.1499421360671,0.4345748204461596,9.379583580045335
30.294853131381785,0.7499999999999992,819.1499421360671,0.4345748204461596,9.379583580045335
29.803867530069688,0.75,818.7642576393511,0.4469085846560749,9.415021796750514
29.684223350435072,0.7499999999999984,827.2895878871584,0.44511156257956025,9.437531017717404
29.684223350435072,0.7499999999999984,827.2895878871584,0.44511156257956025,9.437531017717404
29.684223350435072,0.7499999999999984,827.2895878871584,0.44511156257956025,9.437531017717404
29.684223350435072,0.7499999999999984,827.2895878871584,0.44511156257956025,9.437531017717404
29.684223350435072,0.7499999999999984,827.2895878871584,0.44511156257956025,9.437531017717404
29.684223350435072,0.7499999999999984,827.2895878871584,0.44511156257956025,9.437531017717404
30.390533140514457,0.749999999999999,813.2608673736946,0.44846130020944336,9.383895301389462
30.390533140514457,0.749999999999999,813.2608673736946,0.44846130020944336,9.383895301389462
30.390533140514457,0.749999999999999,813.2608673736946,0.44846130020944336,9.383895301389462
30.390533140514457,0.749999999999999,813.2608673736946,0.44846130020944336,9.383895301389462
30.34890293888526,0.7499999999999989,824.6118774931098,0.45122562613493694,9.62365910096869
30.34890293888526,0.7499999999999989,824.6118774931098,0.45122562613493694,9.62365910096869
30.34890293888526,0.7499999999999989,824.6118774931098,0.45122562613493694,9.62365910096869
30.725494147281896,0.7499999999999993,816.597881267534,0.4432936493548502,9.605907744011455
30.725494147281896,0.7499999999999993,816.597881267534,0.4432936493548502,9.605907744011455
30.725494147281896,0.7499999999999993,816.597881267534,0.4432936493548502,9.605907744011455
30.865731642775536,0.749999999999999,821.1601833923055,0.45357794172214055,9.609809771000636
30.865731642775536,0.749999999999999,821.1601833923055,0.45357794172214055,9.609809771000636
30.41138426891352,0.7499999999999993,823.6203459888526,0.45147099674213986,9.604785162480187
30.41138426891352,0.7499999999999993,823.6203459888526,0.45147099674213986,9.604785162480187
30.42095760574788,0.7499999999999982,815.7112268000991,0.43653167526264636,9.37472672472224
30.42095760574788,0.7499999999999982,815.7112268000991,0.43653167526264636,9.37472672472224
30.085606608211084,0.7499999999999999,809.1350361778152,0.430482473928956,9.262205730341531
29.44502331739763,0.7499999999999994,820.3456900717974,0.4229739287726237,9.268255401681277
29.44502331739763,0.7499999999999994,820.3456900717974,0.4229739287726237,9.268255401681277
29.44502331739763,0.7499999999999994,820.3456900717974,0.4229739287726237,9.268255401681277
29.44502331739763,0.7499999999999994,820.3456900717974,0.4229739287726237,9.268255401681277
29.426373175013925,0.7499999999999992,814.3925153110957,0.4049633643650373,9.272515368998507
29.56102427718583,0.7500000000000003,815.9807788533833,0.42076188211835225,9.362258810283047
29.56102427718583,0.7500000000000003,815.9807788533833,0.42076188211835225,9.362258810283047
29.812838309955424,0.7499999999999993,813.6636316160484,0.42532722032122433,9.379296557503512
29.812838309955424,0.7499999999999993,813.6636316160484,0.42532722032122433,9.379296557503512
29.76972443220565,0.75,815.9654884378515,0.4132048385976416,9.272123006064206
29.76972443220565,0.75,815.9654884378515,0.4132048385976416,9.272123006064206
29.757644759217893,0.7499999999999999,820.4747245299144,0.4128945174793981,9.30007021057924
29.757644759217893,0.7499999999999999,820.4747245299144,0.4128945174793981,9.30007021057924
29.757644759217893,0.7499999999999999,820.4747245299144,0.4128945174793981,9.30007021057924
29.757644759217893,0.7499999999999999,820.4747245299144,0.4128945174793981,9.30007021057924
29.757644759217893,0.7499999999999999,820.4747245299144,0.4128945174793981,9.30007021057924
29.741096866963822,0.7499999999999984,814.6058930215057,0.4116436341222709,9.364748545156512
30.09772262373166,0.7499999999999998,810.6702479316776,0.4147849168127912,9.398668099418577
30.09772262373166,0.7499999999999998,810.6702479316776,0.4147849168127912,9.398668099418577
30.09772262373166,0.7499999999999998,810.6702479316776,0.4147849168127912,9.398668099418577
30.09772262373166,0.7499999999999998,810.6702479316776,0.4147849168127912,9.398668099418577
30.315382378236453,0.7499999999999987,812.9263500439965,0.4213321516712321,9.44887876152338
30.315382378236453,0.7499999999999987,812.9263500439965,0.4213321516712321,9.44887876152338
30.315382378236453,0.7499999999999987,812.9263500439965,0.4213321516712321,9.44887876152338
30.315382378236453,0.7499999999999987,812.9263500439965,0.4213321516712321,9.44887876152338
30.315382378236453,0.7499999999999987,812.9263500439965,0.4213321516712321,9.44887876152338
30.93569828213032,0.7499999999999996,812.4231261222405,0.42124675659729,9.555179070186213
31.17639382806,0.7499999999999991,812.5029230061863,0.41918181935133036,9.650225445570277
31.17639382806,0.7499999999999991,812.5029230061863,0.41918181935133036,9.650225445570277
31.17639382806,0.7499999999999991,812.5029230061863,0.41918181935133036,9.650225445570277
31.256519273147923,0.7499999999999981,815.1954969796814,0.4366153847037963,9.683006703163972
31.256519273147923,0.7499999999999981,815.1954969796814,0.4366153847037963,9.683006703163972
31.256519273147923,0.7499999999999981,815.1954969796814,0.4366153847037963,9.683006703163972
31.286543007599846,0.7499999999999997,812.1144236750242,0.4480725545131767,9.621102444458547
30.960402003183933,0.7499999999999991,819.1670080564863,0.44042983648132256,9.57989109994603
30.960402003183933,0.7499999999999991,819.1670080564863,0.44042983648132256,9.57989109994603
31.222896082052767,0.7499999999999993,819.9232480302747,0.4403590197815375,9.68622691602523
31.222896082052767,0.7499999999999993,819.9232480302747,0.4403590197815375,9.68622691602523
31.12580903905021,0.7499999999999994,820.5471908830501,0.44470637534106133,9.630793640964848
31.544133273406395,0.7499999999999996,815.2184349886543,0.4428698195405326,9.615641594752754
31.544133273406395,0.7499999999999996,815.2184349886543,0.4428698195405326,9.615641594752754
30.61396619167853,0.7499999999999991,826.1681504370691,0.44692723368731796,9.654827652444308
30.61396619167853,0.7499999999999991,826.1681504370691,0.44692723368731796,9.654827652444308
30.61396619167853,0.7499999999999991,826.1681504370691,0.44692723368731796,9.654827652444308
30.61396619167853,0.7499999999999991,826.1681504370691,0.44692723368731796,9.654827652444308
30.20061338711757,0.7500000000000001,830.6306103573592,0.4523673370340594,9.765994664186028
30.20061338711757,0.7500000000000001,830.6306103573592,0.4523673370340594,9.765994664186028
30.20061338711757,0.7500000000000001,830.6306103573592,0.4523673370340594,9.765994664186028
30.979230019767687,0.7499999999999992,824.696941344284,0.44797833954205757,9.7216560729178
30.979230019767687,0.7499999999999992,824.696941344284,0.44797833954205757,9.7216560729178
30.979230019767687,0.7499999999999992,824.696941344284,0.44797833954205757,9.7216560729178
31.20702070920317,0.7499999999999992,820.9121796288204,0.4409225003171993,9.711318512529207
31.14159033881826,0.7499999999999998,816.7604882069629,0.43900585781736795,9.742907507450742
31.14159033881826,0.7499999999999998,816.7604882069629,0.43900585781736795,9.742907507450742
31.14159033881826,0.7499999999999998,816.7604882069629,0.43900585781736795,9.742907507450742
31.14159033881826,0.7499999999999998,816.7604882069629,0.43900585781736795,9.742907507450742
31.149225411973166,0.7499999999999996,826.8184723098458,0.4582520194018611,9.804920492201541
31.149225411973166,0.7499999999999996,826.8184723098458,0.4582520194018611,9.804920492201541
31.149225411973166,0.7499999999999996,826.8184723098458,0.4582520194018611,9.804920492201541
31.149225411973166,0.7499999999999996,826.8184723098458,0.4582520194018611,9.804920492201541
31.149225411973166,0.7499999999999996,826.8184723098458,0.4582520194018611,9.804920492201541
31.149225411973166,0.7499999999999996,826.8184723098458,0.4582520194018611,9.804920492201541
31.149225411973166,0.7499999999999996,826.8184723098458,0.4582520194018611,9.804920492201541
31.134610829813038,0.7499999999999993,820.0705310080708,0.4575348241657893,9.825089593547736
30.76086569885869,0.7499999999999996,818.7048563856531,0.45257145821661415,9.61858079293766
30.42821979143579,0.7499999999999988,820.5742296234322,0.4497197213085174,9.56697399470674
30.42821979143579,0.7499999999999988,820.5742296234322,0.4497197213085174,9.56697399470674
30.143124084530346,0.7499999999999991,818.4984184346386,0.43662745324755975,9.508895199345407
30.143124084530346,0.7499999999999991,818.4984184346386,0.43662745324755975,9.508895199345407
30.072529240837223,0.7499999999999996,824.5858033889092,0.4429086983905133,9.602573182811156
30.072529240837223,0.7499999999999996,824.5858033889092,0.4429086983905133,9.602573182811156
30.072529240837223,0.7499999999999996,824.5858033889092,0.4429086983905133,9.602573182811156
30.072529240837223,0.7499999999999996,824.5858033889092,0.4429086983905133,9.602573182811156
30.072529240837223,0.7499999999999996,824.5858033889092,0.4429086983905133,9.602573182811156
30.072529240837223,0.7499999999999996,824.5858033889092,0.4429086983905133,9.602573182811156
30.072529240837223,0.7499999999999996,824.5858033889092,0.4429086983905133,9.602573182811156
30.236233254211218,0.7499999999999997,816.7626165665325,0.45055374975319384,9.590815043483934
30.236233254211218,0.7499999999999997,816.7626165665325,0.45055374975319384,9.590815043483934
30.236233254211218,0.7499999999999997,816.7626165665325,0.45055374975319384,9.590815043483934
29.915433947752952,0.7499999999999989,812.6804321888703,0.45107223339637714,9.64216241999404
30.097032466229024,0.7499999999999992,807.5500491384582,0.43999964489494753,9.596954739885149
29.65509441019541,0.7499999999999991,808.4553286544383,0.4512298414692322,9.580291325482316
29.726735661675352,0.7499999999999978,811.1439536388376,0.4390953085002874,9.45123315711155
29.601135835871606,0.7499999999999998,812.5061693034986,0.4304228678676948,9.417171127696296
29.097764201336048,0.7499999999999996,810.4269982943479,0.43106963696223266,9.325264372467245
28.650767078295154,0.7499999999999993,814.0307961912936,0.4201802342824262,9.270628784311715
29.26741728874852,0.7499999999999991,805.4082863294911,0.4243532985361909,9.396538503667756
29.566946121799898,0.7499999999999998,807.3774625175649,0.4390263370076099,9.41802403492692
29.566946121799898,0.7499999999999998,807.3774625175649,0.4390263370076099,9.41802403492692
29.407011995949073,0.7499999999999991,804.8776292892609,0.4489052785420996,9.514695336865241
29.407011995949073,0.7499999999999991,804.8776292892609,0.4489052785420996,9.514695336865241
29.784262619066574,0.7499999999999998,807.7719955145919,0.4443228155908366,9.705115583024641
29.87320051677055,0.7499999999999969,812.1379540327325,0.44134597464149483,9.739361657660234
29.87320051677055,0.7499999999999969,812.1379540327325,0.44134597464149483,9.739361657660234
29.87320051677055,0.7499999999999969,812.1379540327325,0.44134597464149483,9.739361657660234
29.03453793247076,0.7499999999999994,822.4058016511692,0.44130576880104017,9.729017558535073
29.03453793247076,0.7499999999999994,822.4058016511692,0.44130576880104017,9.729017558535073
29.469186374619653,0.7499999999999992,812.5301821143031,0.4315003238358609,9.65590508166816
29.469186374619653,0.7499999999999992,812.5301821143031,0.4315003238358609,9.65590508166816
29.572957830566278,0.7499999999999992,813.9636836056044,0.4454154081736017,9.677896705498018
29.520254740002706,0.7499999999999994,815.8791274137704,0.4590777796099685,9.73828498617659
29.520254740002706,0.7499999999999994,815.8791274137704,0.4590777796099685,9.73828498617659
29.933011697094685,0.7499999999999999,809.2849509645336,0.4617870027640631,9.627973678726466
29.933011697094685,0.7499999999999999,809.2849509645336,0.4617870027640631,9.627973678726466
30.1395907410884,0.749999999999999,807.5411011908496,0.4572024667620927,9.659767707354382
30.226122501195924,0.7499999999999993,803.5995340810161,0.452866344372322,9.684370211522728
30.06153422868863,0.749999999999999,803.5554894996603,0.4463822533641463,9.697725019863606
30.06153422868863,0.749999999999999,803.5554894996603,0.4463822533641463,9.697725019863606
30.016294620643084,0.7499999999999992,799.8819953776542,0.42994533187421086,9.592579268828464
30.016294620643084,0.7499999999999992,799.8819953776542,0.42994533187421086,9.592579268828464
30.058806604715734,0.7499999999999989,799.4006438683366,0.42913940339485607,9.659124010813462
30.20361368213094,0.7499999999999992,796.9878575161721,0.4338059364560479,9.595923929600321
30.772511188997324,0.7500000000000001,797.4441969656798,0.44141392749796804,9.610094713552575
30.772511188997324,0.7500000000000001,797.4441969656798,0.44141392749796804,9.610094713552575
30.772511188997324,0.7500000000000001,797.4441969656798,0.44141392749796804,9.610094713552575
30.761294481765987,0.7499999999999991,803.9519400767575,0.4393044594482381,9.598514646680503
31.397051589086338,0.7499999999999986,797.7975501638197,0.4518549085798632,9.747440404638473
31.16624134542702,0.7499999999999992,809.5103337642335,0.4667605830170671,9.868503842008007
31.16624134542702,0.7499999999999992,809.5103337642335,0.4667605830170671,9.868503842008007
31.3644267159606,0.7499999999999999,808.7480293379717,0.4700488860313145,9.906201085128558
31.3644267159606,0.7499999999999999,808.7480293379717,0.4700488860313145,9.906201085128558
32.01034121190791,0.7499999999999996,797.3559129578797,0.46022467875197376,9.838885225953657
32.04180152110396,0.749999999999998,798.9314630460993,0.46552669786324746,9.887331779150347
32.04180152110396,0.749999999999998,798.9314630460993,0.46552669786324746,9.887331779150347
31.57086417793057,0.7499999999999983,804.1971066294088,0.4682382566447945,9.823817588338613
31.171116710898623,0.7499999999999991,814.4585928371569,0.45957305513056707,9.781129515726331
31.171116710898623,0.7499999999999991,814.4585928371569,0.45957305513056707,9.781129515726331
31.171116710898623,0.7499999999999991,814.4585928371569,0.45957305513056707,9.781129515726331
31.171116710898623,0.7499999999999991,814.4585928371569,0.45957305513056707,9.781129515726331
31.171116710898623,0.7499999999999991,814.4585928371569,0.45957305513056707,9.781129515726331
31.171116710898623,0.7499999999999991,814.4585928371569,0.45957305513056707,9.781129515726331
31.171116710898623,0.7499999999999991,814.4585928371569,0.45957305513056707,9.781129515726331
31.171116710898623,0.7499999999999991,814.4585928371569,0.45957305513056707,9.781129515726331
30.79999340397261,0.7499999999999992,816.4370356182254,0.4586519089822324,9.743072862166807
31.05389251442014,0.7499999999999993,809.3024977887452,0.45975508780739066,9.816958030155117
31.145193179584982,0.7499999999999994,808.9013013332693,0.47030945793518386,9.908859873372446
31.145193179584982,0.7499999999999994,808.9013013332693,0.47030945793518386,9.908859873372446
31.145193179584982,0.7499999999999994,808.9013013332693,0.47030945793518386,9.908859873372446
30.954979583062002,0.7499999999999989,809.4543318634601,0.47394543033791436,9.879143117496776
30.926512910064236,0.7499999999999994,810.9953095761309,0.4831859186083439,9.874763234853475
30.926512910064236,0.7499999999999994,810.9953095761309,0.4831859186083439,9.874763234853475
30.358183943484224,0.7499999999999997,820.6079146594188,0.4827284662400168,9.837904283307916
30.358183943484224,0.7499999999999997,820.6079146594188,0.4827284662400168,9.837904283307916
30.358183943484224,0.7499999999999997,820.6079146594188,0.4827284662400168,9.837904283307916
30.358183943484224,0.7499999999999997,820.6079146594188,0.4827284662400168,9.837904283307916
30.358183943484224,0.7499999999999997,820.6079146594188,0.4827284662400168,9.837904283307916
30.342307306426378,0.7499999999999996,813.7576657401,0.47606991849395497,9.826903564148816
30.342307306426378,0.7499999999999996,813.7576657401,0.47606991849395497,9.826903564148816
30.11410962926676,0.7499999999999988,818.1160454558897,0.47577940023973736,9.840070300315706
30.11410962926676,0.7499999999999988,818.1160454558897,0.47577940023973736,9.840070300315706
30.11410962926676,0.7499999999999988,818.1160454558897,0.47577940023973736,9.840070300315706
29.655673568581555,0.7499999999999993,820.5162002193524,0.48469713352359156,9.80934408780027
29.655673568581555,0.7499999999999993,820.5162002193524,0.48469713352359156,9.80934408780027
29.655673568581555,0.7499999999999993,820.5162002193524,0.48469713352359156,9.80934408780027
30.198840323982633,0.7499999999999988,814.1502548820258,0.48440201289594464,9.923397616346254
29.541440005433014,0.749999999999999,824.147545683471,0.48465713934298493,9.966739783648034
28.894355805742258,0.75,832.4690059733492,0.48030456411316186,9.944342927083412
28.894355805742258,0.75,832.4690059733492,0.48030456411316186,9.944342927083412
28.894355805742258,0.75,832.4690059733492,0.48030456411316186,9.944342927083412
28.894355805742258,0.75,832.4690059733492,0.48030456411316186,9.944342927083412
29.76316031251125,0.7499999999999988,817.4324792428298,0.47969715217926473,9.86540598196001
29.76316031251125,0.7499999999999988,817.4324792428298,0.47969715217926473,9.86540598196001
29.76316031251125,0.7499999999999988,817.4324792428298,0.47969715217926473,9.86540598196001
29.76316031251125,0.7499999999999988,817.4324792428298,0.47969715217926473,9.86540598196001
29.76316031251125,0.7499999999999988,817.4324792428298,0.47969715217926473,9.86540598196001
29.76316031251125,0.7499999999999988,817.4324792428298,0.47969715217926473,9.86540598196001
29.98511388439691,0.7499999999999986,809.6865759605522,0.47559405155417206,9.75339718583648
29.976568604441805,0.7499999999999999,808.3307985065808,0.46143201614270535,9.756218209156723
29.976568604441805,0.7499999999999999,808.3307985065808,0.46143201614270535,9.756218209156723
29.976568604441805,0.7499999999999999,808.3307985065808,0.46143201614270535,9.756218209156723
29.41836089862957,0.7499999999999984,817.0197793573079,0.473905270871386,9.834791902097365
29.41836089862957,0.7499999999999984,817.0197793573079,0.473905270871386,9.834791902097365
29.41836089862957,0.7499999999999984,817.0197793573079,0.473905270871386,9.834791902097365
29.460373559256524,0.7499999999999996,820.1823485431444,0.4709185479158942,9.7672655719043
29.460373559256524,0.7499999999999996,820.1823485431444,0.4709185479158942,9.7672655719043
29.460373559256524,0.7499999999999996,820.1823485431444,0.4709185479158942,9.7672655719043
29.460373559256524,0.7499999999999996,820.1823485431444,0.4709185479158942,9.7672655719043
29.460373559256524,0.7499999999999996,820.1823485431444,0.4709185479158942,9.7672655719043
29.558907488671153,0.7499999999999989,828.540499265375,0.47610266993988454,9.832014425174497
29.558907488671153,0.7499999999999989,828.540499265375,0.47610266993988454,9.832014425174497
29.558907488671153,0.7499999999999989,828.540499265375,0.47610266993988454,9.832014425174497
29.051885056636245,0.7499999999999996,825.7599522506873,0.4602031450571414,9.655159515462213
29.051885056636245,0.7499999999999996,825.7599522506873,0.4602031450571414,9.655159515462213
29.051885056636245,0.7499999999999996,825.7599522506873,0.4602031450571414,9.655159515462213
29.051885056636245,0.7499999999999996,825.7599522506873,0.4602031450571414,9.655159515462213
29.051885056636245,0.7499999999999996,825.7599522506873,0.4602031450571414,9.655159515462213
29.051885056636245,0.7499999999999996,825.7599522506873,0.4602031450571414,9.655159515462213
29.051885056636245,0.7499999999999996,825.7599522506873,0.4602031450571414,9.655159515462213
29.051885056636245,0.7499999999999996,825.7599522506873,0.4602031450571414,9.655159515462213
29.051885056636245,0.7499999999999996,825.7599522506873,0.4602031450571414,9.655159515462213
29.051885056636245,0.7499999999999996,825.7599522506873,0.4602031450571414,9.655159515462213
29.356808665679058,0.7499999999999992,819.1750018580938,0.4594031864959655,9.746347724861172
29.356808665679058,0.7499999999999992,819.1750018580938,0.4594031864959655,9.746347724861172
29.97715577903791,0.7499999999999992,804.745496542966,0.444359436479934,9.712597927209458
29.97715577903791,0.7499999999999992,804.745496542966,0.444359436479934,9.712597927209458
29.553678925821817,0.7499999999999991,815.7785588661038,0.44172172300776724,9.818389148384114
29.3830122166421,0.7499999999999991,821.7268286372363,0.4387584231150746,9.804951685989726
29.558847633593565,0.7499999999999994,817.3622660554093,0.44730472189776027,9.855761600513656
30.029819536844997,0.749999999999999,807.7932066581058,0.44047919229813753,9.758570817838876
30.029819536844997,0.749999999999999,807.7932066581058,0.44047919229813753,9.758570817838876
30.241985562354795,0.7500000000000001,811.1326780670777,0.44971929586041004,9.773578873337144
30.241985562354795,0.7500000000000001,811.1326780670777,0.44971929586041004,9.773578873337144
29.931837896765746,0.7499999999999982,809.1812303369791,0.46283589343346565,9.685019948881907
29.071347939049108,0.7499999999999992,815.4255361971592,0.4627089246954748,9.7053449022709
29.071347939049108,0.7499999999999992,815.4255361971592,0.4627089246954748,9.7053449022709
29.071347939049108,0.7499999999999992,815.4255361971592,0.4627089246954748,9.7053449022709
29.1383028928822,0.7499999999999991,811.8687453530054,0.4538786228943164,9.657522569366815
29.1383028928822,0.7499999999999991,811.8687453530054,0.4538786228943164,9.657522569366815
29.1383028928822,0.7499999999999991,811.8687453530054,0.4538786228943164,9.657522569366815
29.459902414321963,0.7499999999999984,809.2019630136693,0.4409296998310169,9.62172258970649
29.2941111884935,0.7499999999999993,817.438897624856,0.43294417967414256,9.630381600711221
29.2941111884935,0.7499999999999993,817.438897624856,0.43294417967414256,9.630381600711221
29.85708009135813,0.7499999999999993,814.6380517310763,0.44144372842598306,9.710311159765038
29.93614599637731,0.7499999999999993,814.367976117341,0.44202317491973603,9.760561275201919
29.93614599637731,0.7499999999999993,814.367976117341,0.44202317491973603,9.760561275201919
30.33475680848146,0.7499999999999994,813.361670836754,0.44138328766518053,9.781635224805493
30.156588421681136,0.7499999999999989,812.6358470523826,0.4502869830418432,9.764567485406953
30.156588421681136,0.7499999999999989,812.6358470523826,0.4502869830418432,9.764567485406953
30.156588421681136,0.7499999999999989,812.6358470523826,0.4502869830418432,9.764567485406953
30.156588421681136,0.7499999999999989,812.6358470523826,0.4502869830418432,9.764567485406953
30.156588421681136,0.7499999999999989,812.6358470523826,0.4502869830418432,9.764567485406953
29.73436540687468,0.7499999999999996,818.494672219594,0.4544213058998998,9.677022754329428
29.48556277905227,0.7499999999999984,825.3650129259121,0.4533184484709313,9.687548671667761
29.969974475393172,0.7499999999999991,813.3860805956555,0.44615187843938187,9.580454302985359
29.20865398586619,0.7499999999999994,823.2322069832026,0.44825969905094143,9.571779459324418
28.471311040724043,0.7499999999999996,829.7298043459755,0.4420828144368151,9.493507855057876
28.7751917026415,0.75,820.2828275543907,0.4343712026242035,9.521076644160777
29.624308475991572,0.7499999999999996,804.5702834777128,0.4266948721120826,9.616754908443799
29.624308475991572,0.7499999999999996,804.5702834777128,0.4266948721120826,9.616754908443799
29.562262599734236,0.75,809.2322480282066,0.432949141548936,9.606374440846128
30.303034250634152,0.7499999999999999,810.516946833132,0.4381050006715112,9.619264766663838
30.170698213998865,0.7499999999999986,809.2354208357096,0.44357097173272536,9.70436403240332
30.59867101175888,0.7499999999999988,818.7372205286941,0.46031020467845124,9.808274564898472
30.77255315217394,0.7499999999999993,813.0638959489511,0.45298592926280085,9.75908901056259
31.296370987325417,0.7499999999999994,809.6942678449309,0.4498907726522845,9.873609918995294
30.25381267312095,0.7499999999999993,809.135905351773,0.43697033663797163,9.695720120836233
30.3946265964556,0.7499999999999999,807.3430679684737,0.4257631196884151,9.624573956193903
30.35118244959505,0.7499999999999993,811.0042323211763,0.42769081159858285,9.644726004581921
30.35118244959505,0.7499999999999993,811.0042323211763,0.42769081159858285,9.644726004581921
30.35740158146603,0.7500000000000002,804.6464637118524,0.42444246912801803,9.58162953277187
30.438495835501318,0.7499999999999997,808.2288753748795,0.42404367994238235,9.552749668181537
30.438495835501318,0.7499999999999997,808.2288753748795,0.42404367994238235,9.552749668181537
30.327185073851542,0.7499999999999988,818.0592336462169,0.4300123150358207,9.634913453303657
30.327185073851542,0.7499999999999988,818.0592336462169,0.4300123150358207,9.634913453303657
29.275873027039594,0.7499999999999994,818.9823040113403,0.4288960928366356,9.613670344567385
29.69091684833925,0.7499999999999997,816.6873073570667,0.422541398517949,9.493226373956668
29.058206892499786,0.7499999999999997,811.6733401182315,0.42187157141413445,9.575042238396312
29.163976435399725,0.7499999999999998,806.0996994144076,0.4161906953191172,9.559069582367405
29.07616607240006,0.7499999999999987,805.0367064201321,0.41674554824864124,9.595268053084585
29.266712678952956,0.7499999999999997,818.6318425336094,0.4347686465601693,9.736226706639318
29.017914277274503,0.7499999999999992,818.8946640552869,0.44578890830046,9.619678123908198
29.017914277274503,0.7499999999999992,818.8946640552869,0.44578890830046,9.619678123908198
28.8547834751894,0.7499999999999993,824.8267049524891,0.43733117132551313,9.584387814073121
28.96992428004973,0.749999999999999,826.06046299086,0.4420063273817138,9.61321534702412
28.96992428004973,0.749999999999999,826.06046299086,0.4420063273817138,9.61321534702412
28.917508181333943,0.7499999999999998,830.8498365514113,0.4441948203604311,9.620148679986764
28.917508181333943,0.7499999999999998,830.8498365514113,0.4441948203604311,9.620148679986764
28.929915729049288,0.7499999999999997,826.0430653420995,0.4299409295598818,9.567906562622905
28.603874789798326,0.7499999999999993,825.1922764432567,0.42655323342655743,9.529377600886628
28.603874789798326,0.7499999999999993,825.1922764432567,0.42655323342655743,9.529377600886628
28.603874789798326,0.7499999999999993,825.1922764432567,0.42655323342655743,9.529377600886628
28.603874789798326,0.7499999999999993,825.1922764432567,0.42655323342655743,9.529377600886628
28.603874789798326,0.7499999999999993,825.1922764432567,0.42655323342655743,9.529377600886628
29.303920447737614,0.7499999999999988,819.7998569251322,0.42888007630396024,9.596503964944603
29.303920447737614,0.7499999999999988,819.7998569251322,0.42888007630396024,9.596503964944603
29.512987496821566,0.7499999999999988,822.8852739513407,0.44197613596541835,9.727156900901537
29.512987496821566,0.7499999999999988,822.8852739513407,0.44197613596541835,9.727156900901537
29.512987496821566,0.7499999999999988,822.8852739513407,0.44197613596541835,9.727156900901537
29.14326540492089,0.7499999999999993,833.5272001141436,0.44201219445249984,9.812538381129647
28.84612217856944,0.7499999999999998,835.0675984972607,0.4553612688223557,9.772291844265876
28.84612217856944,0.7499999999999998,835.0675984972607,0.4553612688223557,9.772291844265876
28.84612217856944,0.7499999999999998,835.0675984972607,0.4553612688223557,9.772291844265876
29.026355278495735,0.7499999999999993,831.1562160718343,0.44997588596096366,9.820485709332988
29.026355278495735,0.7499999999999993,831.1562160718343,0.44997588596096366,9.820485709332988
29.845455641617843,0.7499999999999991,830.5048357319635,0.45786484581910797,9.871602750419552
29.845455641617843,0.7499999999999991,830.5048357319635,0.45786484581910797,9.871602750419552
29.845455641617843,0.7499999999999991,830.5048357319635,0.45786484581910797,9.871602750419552
29.845455641617843,0.7499999999999991,830.5048357319635,0.45786484581910797,9.871602750419552
29.845455641617843,0.7499999999999991,830.5048357319635,0.45786484581910797,9.871602750419552
29.845455641617843,0.7499999999999991,830.5048357319635,0.45786484581910797,9.871602750419552
29.845455641617843,0.7499999999999991,830.5048357319635,0.45786484581910797,9.871602750419552
29.845455641617843,0.7499999999999991,830.5048357319635,0.45786484581910797,9.871602750419552
29.845455641617843,0.7499999999999991,830.5048357319635,0.45786484581910797,9.871602750419552
29.845455641617843,0.7499999999999991,830.5048357319635,0.45786484581910797,9.871602750419552
29.845455641617843,0.7499999999999991,830.5048357319635,0.45786484581910797,9.871602750419552
29.845455641617843,0.7499999999999991,830.5048357319635,0.45786484581910797,9.871602750419552
29.845455641617843,0.7499999999999991,830.5048357319635,0.45786484581910797,9.871602750419552
29.845455641617843,0.7499999999999991,830.5048357319635,0.45786484581910797,9.871602750419552
29.845455641617843,0.7499999999999991,830.5048357319635,0.45786484581910797,9.871602750419552
29.845455641617843,0.7499999999999991,830.5048357319635,0.45786484581910797,9.871602750419552
29.845455641617843,0.7499999999999991,830.5048357319635,0.45786484581910797,9.871602750419552
29.845455641617843,0.7499999999999991,830.5048357319635,0.45786484581910797,9.871602750419552
29.473993481663225,0.7499999999999993,831.0848762474308,0.4622539388668429,9.788764452598054
29.309209548763807,0.7499999999999988,838.5052491703473,0.4647130692103209,9.797818042276603
29.309209548763807,0.7499999999999988,838.5052491703473,0.4647130692103209,9.797818042276603
29.87208073486028,0.7499999999999993,829.4835715902109,0.4589860042601417,9.758237373683576
29.87208073486028,0.7499999999999993,829.4835715902109,0.4589860042601417,9.758237373683576
29.87208073486028,0.7499999999999993,829.4835715902109,0.4589860042601417,9.758237373683576
29.45604730229313,0.7499999999999999,833.3330312706197,0.45043498451386405,9.72461473869364
29.91881206827299,0.7499999999999991,832.9803286440332,0.45847602664814746,9.79880246500978
29.91881206827299,0.7499999999999991,832.9803286440332,0.45847602664814746,9.79880246500978
29.91881206827299,0.7499999999999991,832.9803286440332,0.45847602664814746,9.79880246500978
29.91881206827299,0.7499999999999991,832.9803286440332,0.45847602664814746,9.79880246500978
30.054294293122982,0.7499999999999994,819.3405958853485,0.436101811860266,9.71700931980844
30.054294293122982,0.7499999999999994,819.3405958853485,0.436101811860266,9.71700931980844
30.054294293122982,0.7499999999999994,819.3405958853485,0.436101811860266,9.71700931980844
30.127993368926415,0.7499999999999998,814.1144668729087,0.44363529435643484,9.658199772662243
30.127993368926415,0.7499999999999998,814.1144668729087,0.44363529435643484,9.658199772662243
30.467161334174808,0.7499999999999998,814.3202089746945,0.43571558051390835,9.643188289422184
30.467161334174808,0.7499999999999998,814.3202089746945,0.43571558051390835,9.643188289422184
29.990755883329467,0.7499999999999991,823.7532026220928,0.44586771964725447,9.67378995010684
29.990755883329467,0.7499999999999991,823.7532026220928,0.44586771964725447,9.67378995010684
29.990755883329467,0.7499999999999991,823.7532026220928,0.44586771964725447,9.67378995010684
29.990755883329467,0.7499999999999991,823.7532026220928,0.44586771964725447,9.67378995010684
29.990755883329467,0.7499999999999991,823.7532026220928,0.44586771964725447,9.67378995010684
29.990755883329467,0.7499999999999991,823.7532026220928,0.44586771964725447,9.67378995010684
30.180209702676954,0.7499999999999998,811.9648958219541,0.4420815437938031,9.630371505877012
30.180209702676954,0.7499999999999998,811.9648958219541,0.4420815437938031,9.630371505877012
30.728922294268678,0.7499999999999993,812.2745608134269,0.439980056410455,9.671875088542285
30.728922294268678,0.7499999999999993,812.2745608134269,0.439980056410455,9.671875088542285
30.728922294268678,0.7499999999999993,812.2745608134269,0.439980056410455,9.671875088542285
30.028185842080873,0.7499999999999999,820.6117854022488,0.4357916967048481,9.529895314239374
30.173388623576894,0.7499999999999993,823.2346134509752,0.435838937434214,9.6387133962676
30.173388623576894,0.7499999999999993,823.2346134509752,0.435838937434214,9.6387133962676
30.173388623576894,0.7499999999999993,823.2346134509752,0.435838937434214,9.6387133962676
30.173388623576894,0.7499999999999993,823.2346134509752,0.435838937434214,9.6387133962676
30.173388623576894,0.7499999999999993,823.2346134509752,0.435838937434214,9.6387133962676
30.173388623576894,0.7499999999999993,823.2346134509752,0.435838937434214,9.6387133962676
30.133919071116285,0.7499999999999996,813.3264256030584,0.4369918528767658,9.675159920144631
30.133919071116285,0.7499999999999996,813.3264256030584,0.4369918528767658,9.675159920144631
30.39202995794986,0.7499999999999982,810.784748583717,0.4382280084883277,9.770488468950607
30.340662577974282,0.7499999999999996,809.453261472822,0.43876431765882057,9.603016138777438
30.526775859769383,0.7499999999999993,811.7170912691931,0.4351143014893338,9.57565746493295
29.991199054512425,0.7499999999999993,813.5601087224309,0.43470457726970996,9.377328241906753
29.90330253743898,0.7499999999999992,816.8979126142254,0.42827086268367454,9.43645146877687
29.90330253743898,0.7499999999999992,816.8979126142254,0.42827086268367454,9.43645146877687
29.90330253743898,0.7499999999999992,816.8979126142254,0.42827086268367454,9.43645146877687
29.90330253743898,0.7499999999999992,816.8979126142254,0.42827086268367454,9.43645146877687
29.90330253743898,0.7499999999999992,816.8979126142254,0.42827086268367454,9.43645146877687
29.90330253743898,0.7499999999999992,816.8979126142254,0.42827086268367454,9.43645146877687
29.75338839455731,0.7499999999999993,815.6331163193396,0.43238798672940915,9.534079575674841
30.36796461245175,0.7499999999999992,812.1131000738374,0.44071675093291124,9.608296542030056
30.36796461245175,0.7499999999999992,812.1131000738374,0.44071675093291124,9.608296542030056
30.36796461245175,0.7499999999999992,812.1131000738374,0.44071675093291124,9.608296542030056
29.94219190632046,0.7499999999999993,817.0579354005822,0.454498272304462,9.584584066886404
29.89471410358304,0.7499999999999991,811.3828369182336,0.4483897926718199,9.471853449700955
29.48604185671977,0.7499999999999979,811.9528792183763,0.43732521483106823,9.463517767899472
29.41399541160679,0.749999999999999,820.1019092510455,0.4479794287388093,9.553338493415342
30.021159759730555,0.749999999999999,812.0328134869769,0.4435894254686315,9.560410041873393
29.750077461766917,0.75,812.0483374056228,0.4444599009347465,9.53477452146698
29.750077461766917,0.75,812.0483374056228,0.4444599009347465,9.53477452146698
29.266838350236625,0.7499999999999991,810.1685996981569,0.4373708686483499,9.476088004884954
28.820227094854893,0.7499999999999997,812.8526091892925,0.44008235039575216,9.506492811418628
29.089631217530375,0.7499999999999997,815.2851568721451,0.4308808932688596,9.523304391110983
29.089631217530375,0.7499999999999997,815.2851568721451,0.4308808932688596,9.523304391110983
28.699538518238654,0.7500000000000001,815.4437919025696,0.4180812049371893,9.40052217889558
27.947533567111414,0.7499999999999976,823.9473512263392,0.42501094360394415,9.431250030888842
27.947533567111414,0.7499999999999976,823.9473512263392,0.42501094360394415,9.431250030888842
27.947533567111414,0.7499999999999976,823.9473512263392,0.42501094360394415,9.431250030888842
27.947533567111414,0.7499999999999976,823.9473512263392,0.42501094360394415,9.431250030888842
27.947533567111414,0.7499999999999976,823.9473512263392,0.42501094360394415,9.431250030888842
27.225096843944605,0.7499999999999994,833.8600092231451,0.4320941171515712,9.563263783222087
27.225096843944605,0.7499999999999994,833.8600092231451,0.4320941171515712,9.563263783222087
28.469135279527674,0.75,817.8881175975376,0.42547982362756315,9.529291543198095
28.30030312245078,0.7499999999999999,822.0834130575688,0.4272450744032551,9.556030927931236
28.30030312245078,0.7499999999999999,822.0834130575688,0.4272450744032551,9.556030927931236
29.727612060986218,0.7499999999999994,814.3750507741992,0.4384317791872067,9.595620313082694
30.08356284686572,0.7499999999999992,816.4139936717877,0.44150685772686743,9.677480009512148
29.268557956909184,0.7499999999999997,827.760855067108,0.4388003673923574,9.645777970735324
29.268557956909184,0.7499999999999997,827.760855067108,0.4388003673923574,9.645777970735324
29.10296317965234,0.7499999999999992,819.6907281543226,0.43990966730430764,9.550824883602655
29.10296317965234,0.7499999999999992,819.6907281543226,0.43990966730430764,9.550824883602655
29.10296317965234,0.7499999999999992,819.6907281543226,0.43990966730430764,9.550824883602655
29.10296317965234,0.7499999999999992,819.6907281543226,0.43990966730430764,9.550824883602655
29.594055202253582,0.7499999999999993,808.4135995785049,0.41928704044588216,9.484379322917647
29.184586907636447,0.7499999999999996,815.1516609282754,0.42017955023560716,9.43058360176955
28.282407120706594,0.7500000000000003,824.2940311116267,0.41688676005798553,9.455485748733627
28.282407120706594,0.7500000000000003,824.2940311116267,0.41688676005798553,9.455485748733627
28.57333979900822,0.7499999999999991,808.8802398630828,0.40957224982655094,9.394168492005216
28.57333979900822,0.7499999999999991,808.8802398630828,0.40957224982655094,9.394168492005216
28.57333979900822,0.7499999999999991,808.8802398630828,0.40957224982655094,9.394168492005216
28.57333979900822,0.7499999999999991,808.8802398630828,0.40957224982655094,9.394168492005216
28.84885605394669,0.7499999999999974,804.3060016119407,0.41196457808296133,9.403093472645722
28.922105516771996,0.7499999999999994,807.2198635072516,0.40466567967976824,9.286451089275605
28.922105516771996,0.7499999999999994,807.2198635072516,0.40466567967976824,9.286451089275605
29.380019195027455,0.7499999999999981,806.5458926756525,0.41835480466291575,9.345178921758897
29.03475201332323,0.7499999999999997,814.5191918113067,0.41422180964437416,9.348272868073968
29.03475201332323,0.7499999999999997,814.5191918113067,0.41422180964437416,9.348272868073968
29.03475201332323,0.7499999999999997,814.5191918113067,0.41422180964437416,9.348272868073968
28.928881494921875,0.7499999999999989,813.0040598824504,0.4239364817143298,9.428215173427276
29.591313127104137,0.7499999999999991,809.8579995217023,0.422603551529445,9.581089331813493
29.280265472050583,0.7499999999999994,811.8499417957942,0.42656358796576843,9.547571352896673
29.280265472050583,0.7499999999999994,811.8499417957942,0.42656358796576843,9.547571352896673
29.280265472050583,0.7499999999999994,811.8499417957942,0.42656358796576843,9.547571352896673
29.305901688740562,0.7499999999999996,808.7327886462065,0.42334065531998527,9.475572925855616
29.305901688740562,0.7499999999999996,808.7327886462065,0.42334065531998527,9.475572925855616
29.305901688740562,0.7499999999999996,808.7327886462065,0.42334065531998527,9.475572925855616
29.305901688740562,0.7499999999999996,808.7327886462065,0.42334065531998527,9.475572925855616
29.305901688740562,0.7499999999999996,808.7327886462065,0.42334065531998527,9.475572925855616
29.305901688740562,0.7499999999999996,808.7327886462065,0.42334065531998527,9.475572925855616
29.367019958313747,0.7499999999999992,807.6537662473272,0.42872119751809107,9.541263978453728
29.367019958313747,0.7499999999999992,807.6537662473272,0.42872119751809107,9.541263978453728
29.64573913382549,0.7499999999999983,804.8474172908525,0.419246746861832,9.538026427058877
29.131528176964192,0.7499999999999993,816.1400799362116,0.425079414039876,9.553163240020575
29.060579496363196,0.7499999999999991,807.3204615617764,0.4097728531363582,9.490858271519977
28.554710547392983,0.75,807.4240804492374,0.4001173599892154,9.398837422809127
28.554710547392983,0.75,807.4240804492374,0.4001173599892154,9.398837422809127
28.573687655054872,0.7499999999999989,808.991684669578,0.39384414312589433,9.325577881405724
28.14994444412175,0.75,814.488401384926,0.4015783689103021,9.419965448337596
28.14994444412175,0.75,814.488401384926,0.4015783689103021,9.419965448337596
28.14994444412175,0.75,814.488401384926,0.4015783689103021,9.419965448337596
28.61339028880773,0.7499999999999992,807.5510953574708,0.39762159935653485,9.355907430467933
28.17252375844802,0.7499999999999987,812.4435551368141,0.3944292606969652,9.281737046955982
28.17252375844802,0.7499999999999987,812.4435551368141,0.3944292606969652,9.281737046955982
29.393210082349768,0.7499999999999992,797.7876950486404,0.40239224914483085,9.323276633105944
29.298223807375933,0.7499999999999984,802.84748942077,0.41412750726133113,9.411427909796506
29.231798007397046,0.75,805.2516595440372,0.4185291618767681,9.477918515777116
29.231798007397046,0.75,805.2516595440372,0.4185291618767681,9.477918515777116
28.98965542526318,0.7500000000000002,809.2857789971598,0.4201411665225482,9.478503008060496
29.017249087006523,0.7499999999999999,805.3336276638607,0.4123488429558294,9.522058411535053
29.017249087006523,0.7499999999999999,805.3336276638607,0.4123488429558294,9.522058411535053
29.144923832173518,0.7499999999999999,803.7914470979647,0.4063402408550869,9.51233655648402
29.17644904632212,0.75,812.8569837703275,0.40398683498585564,9.611604095264685
28.86701379353545,0.7499999999999993,805.6723983198472,0.4073980306916888,9.603007458091335
28.25209685086653,0.7499999999999996,810.5854290331309,0.40529892564694425,9.62518704318974
28.21822973069518,0.7499999999999996,817.9557330500701,0.4076170567738977,9.663735640621491
28.5488581599625,0.7500000000000001,813.0570985985545,0.397415674970798,9.619175207769164
28.917701449184943,0.7499999999999989,803.2927998221477,0.3950986588631542,9.613311787542447
28.811470787453946,0.7499999999999989,805.5582153995563,0.38071582490271133,9.59684347164981
28.811470787453946,0.7499999999999989,805.5582153995563,0.38071582490271133,9.59684347164981
28.811470787453946,0.7499999999999989,805.5582153995563,0.38071582490271133,9.59684347164981
28.756680046521975,0.7499999999999997,813.0578744756941,0.3987763214684235,9.674949157360183
28.756680046521975,0.7499999999999997,813.0578744756941,0.3987763214684235,9.674949157360183
28.756680046521975,0.7499999999999997,813.0578744756941,0.3987763214684235,9.674949157360183
28.994088470627993,0.75,807.8035032312856,0.4095361628624183,9.660681143040346
28.376581273523538,0.7499999999999987,818.6502411624334,0.4045943604732522,9.745827993329083
28.376581273523538,0.7499999999999987,818.6502411624334,0.4045943604732522,9.745827993329083
28.376581273523538,0.7499999999999987,818.6502411624334,0.4045943604732522,9.745827993329083
28.351605706582454,0.7499999999999996,812.222040279602,0.39847895160699565,9.71929808536236
28.351605706582454,0.7499999999999996,812.222040279602,0.39847895160699565,9.71929808536236
28.351605706582454,0.7499999999999996,812.222040279602,0.39847895160699565,9.71929808536236
28.351605706582454,0.7499999999999996,812.222040279602,0.39847895160699565,9.71929808536236
28.345845178755514,0.7499999999999997,817.1147684138687,0.40042191489116696,9.71145493060197
28.345845178755514,0.7499999999999997,817.1147684138687,0.40042191489116696,9.71145493060197
28.345845178755514,0.7499999999999997,817.1147684138687,0.40042191489116696,9.71145493060197
28.345845178755514,0.7499999999999997,817.1147684138687,0.40042191489116696,9.71145493060197
28.345845178755514,0.7499999999999997,817.1147684138687,0.40042191489116696,9.71145493060197
28.345845178755514,0.7499999999999997,817.1147684138687,0.40042191489116696,9.71145493060197
28.345845178755514,0.7499999999999997,817.1147684138687,0.40042191489116696,9.71145493060197
28.345845178755514,0.7499999999999997,817.1147684138687,0.40042191489116696,9.71145493060197
28.52603272326895,0.7499999999999983,812.3532162029255,0.4025581827975196,9.748182509557443
28.13031960652448,0.7499999999999988,807.1953723437985,0.39854159549788915,9.677618309032615
28.13031960652448,0.7499999999999988,807.1953723437985,0.39854159549788915,9.677618309032615
28.833575137883813,0.7499999999999991,807.8491157000861,0.4001966193755107,9.737964923227446
28.9773552656439,0.749999999999999,810.3955278469881,0.38564247479939956,9.682974034983664
28.9773552656439,0.749999999999999,810.3955278469881,0.38564247479939956,9.682974034983664
28.9773552656439,0.749999999999999,810.3955278469881,0.38564247479939956,9.682974034983664
28.9773552656439,0.749999999999999,810.3955278469881,0.38564247479939956,9.682974034983664
28.605709042852833,0.7499999999999994,799.6575212748153,0.3761292352294863,9.605789529674306
28.605709042852833,0.7499999999999994,799.6575212748153,0.3761292352294863,9.605789529674306
28.10895512694376,0.7499999999999997,799.5380608024319,0.3641226188716012,9.523070093211174
28.10895512694376,0.7499999999999997,799.5380608024319,0.3641226188716012,9.523070093211174
27.36667329682849,0.7499999999999981,812.1012394343563,0.35886432128516915,9.5727151437911
27.36667329682849,0.7499999999999981,812.1012394343563,0.35886432128516915,9.5727151437911
27.943635364626115,0.7499999999999998,809.7230636310096,0.3551296626746405,9.65885463197574
28.09761431756465,0.7499999999999994,810.9545797125304,0.36115945134198063,9.597850974488228
28.09761431756465,0.7499999999999994,810.9545797125304,0.36115945134198063,9.597850974488228
28.341651095223114,0.7499999999999993,814.5861053715525,0.37116869512482337,9.713245180741145
28.341651095223114,0.7499999999999993,814.5861053715525,0.37116869512482337,9.713245180741145
28.341651095223114,0.7499999999999993,814.5861053715525,0.37116869512482337,9.713245180741145
28.341651095223114,0.7499999999999993,814.5861053715525,0.37116869512482337,9.713245180741145
28.35909642229726,0.7499999999999993,814.5049362363352,0.38099454592221726,9.6788401764008
29.16503650391964,0.7499999999999999,817.2005030051982,0.395998827252215,9.82814646772179
29.16503650391964,0.7499999999999999,817.2005030051982,0.395998827252215,9.82814646772179
29.722577956175876,0.7499999999999996,819.6591921637836,0.4110296971125712,10.046695753197046
29.068712419638057,0.7499999999999987,824.2052365814412,0.3995852831724552,9.95863042211413
29.77006286707494,0.7499999999999987,807.1785619589577,0.38336103956532175,9.877752813894
29.79318187828855,0.7499999999999994,805.0012347026682,0.38063802764483107,9.899322571781976
29.79318187828855,0.7499999999999994,805.0012347026682,0.38063802764483107,9.899322571781976
29.01088662137955,0.7499999999999993,815.4406823021113,0.3935748445946539,9.885514528292365
29.01088662137955,0.7499999999999993,815.4406823021113,0.3935748445946539,9.885514528292365
28.829846317241202,0.7499999999999993,816.7609674353199,0.38829756024014683,9.837472349310639
29.037209769810815,0.75,814.1821409805981,0.3958060081099006,9.884574112699308
28.849715311292332,0.7499999999999992,817.6369076677079,0.38584599082468846,9.798980804022609
28.924635508719838,0.7499999999999991,809.6818047212018,0.39405507415907415,9.75703969415981
28.924635508719838,0.7499999999999991,809.6818047212018,0.39405507415907415,9.75703969415981
28.924635508719838,0.7499999999999991,809.6818047212018,0.39405507415907415,9.75703969415981
28.12828762871036,0.7499999999999993,817.6829385874433,0.3898201648993356,9.748613620466589
27.85130516168201,0.7499999999999993,822.1639094290559,0.40768621313058145,9.821271110137948
28.41730160027852,0.7499999999999987,812.742621283242,0.3989922492899103,9.774130250423358
28.41730160027852,0.7499999999999987,812.742621283242,0.3989922492899103,9.774130250423358
28.668922007061823,0.7499999999999992,817.3653270770908,0.3884537518163585,9.66550602764163
28.160340250398708,0.749999999999999,818.6295301183653,0.395930315165209,9.700182569253098
28.160340250398708,0.749999999999999,818.6295301183653,0.395930315165209,9.700182569253098
28.160340250398708,0.749999999999999,818.6295301183653,0.395930315165209,9.700182569253098
28.160340250398708,0.749999999999999,818.6295301183653,0.395930315165209,9.700182569253098
28.160340250398708,0.749999999999999,818.6295301183653,0.395930315165209,9.700182569253098
28.160340250398708,0.749999999999999,818.6295301183653,0.395930315165209,9.700182569253098
28.97195230611103,0.7499999999999991,801.8301526164565,0.39095805494897534,9.64404330226147
28.97195230611103,0.7499999999999991,801.8301526164565,0.39095805494897534,9.64404330226147
28.89535276183578,0.7499999999999996,811.6196337743338,0.3981576995032326,9.718600229324206
28.89535276183578,0.7499999999999996,811.6196337743338,0.3981576995032326,9.718600229324206
28.89535276183578,0.7499999999999996,811.6196337743338,0.3981576995032326,9.718600229324206
29.36264856301355,0.7499999999999991,807.8163272200532,0.40199210335897195,9.739918473034786
29.36264856301355,0.7499999999999991,807.8163272200532,0.40199210335897195,9.739918473034786
29.89904365330153,0.749999999999999,803.0107949268298,0.40287522789168595,9.74647253198126
29.551116637600757,0.7499999999999993,808.9525125427975,0.40092387415509434,9.845164909307048
28.94296527432458,0.7499999999999999,813.5319725958374,0.40447598051318956,9.840835672959617
29.228582716003082,0.7499999999999996,814.1949402499037,0.40893656453078286,9.854205753246953
29.228582716003082,0.7499999999999996,814.1949402499037,0.40893656453078286,9.854205753246953
29.187184535244768,0.7499999999999982,814.5240165720006,0.4058832866093583,9.835471365958956
29.187184535244768,0.7499999999999982,814.5240165720006,0.4058832866093583,9.835471365958956
29.042457149970932,0.7499999999999997,814.9917825554496,0.41069155283155084,9.843791164630748
30.009154276375344,0.7499999999999989,809.9604472117765,0.4033588419003768,9.791178284504596
29.14038496267902,0.7499999999999998,825.2050764971922,0.41739654813234367,9.901208735212936
29.14038496267902,0.7499999999999998,825.2050764971922,0.41739654813234367,9.901208735212936
29.14038496267902,0.7499999999999998,825.2050764971922,0.41739654813234367,9.901208735212936
29.768224758171918,0.75,816.1908961739202,0.4230828280152571,9.893468540230874
29.75862747459996,0.7499999999999992,811.6810392512253,0.42032000525282254,9.82594966653277
29.57301799171828,0.749999999999998,815.1859989825562,0.4193920034972926,9.840989500847252
29.454167745138896,0.7499999999999996,813.5528350957638,0.4198430461786026,9.791886849500951
29.454167745138896,0.7499999999999996,813.5528350957638,0.4198430461786026,9.791886849500951
29.047504994107122,0.7499999999999993,821.3776177083002,0.42013734577507306,9.732257020536153
29.047504994107122,0.7499999999999993,821.3776177083002,0.42013734577507306,9.732257020536153
29.047504994107122,0.7499999999999993,821.3776177083002,0.42013734577507306,9.732257020536153
29.047504994107122,0.7499999999999993,821.3776177083002,0.42013734577507306,9.732257020536153
29.765769105001798,0.75,814.0067460760988,0.4219848424397834,9.763741141794885
29.765769105001798,0.75,814.0067460760988,0.4219848424397834,9.763741141794885
29.765769105001798,0.75,814.0067460760988,0.4219848424397834,9.763741141794885
30.00219946410529,0.75,814.5922618373212,0.4125313150887726,9.850824835007842
29.365051439833458,0.7499999999999991,818.5739103675588,0.4260603512103162,9.823651741463987
29.365051439833458,0.7499999999999991,818.5739103675588,0.4260603512103162,9.823651741463987
29.365051439833458,0.7499999999999991,818.5739103675588,0.4260603512103162,9.823651741463987
29.14484096640242,0.7499999999999976,815.7164500471154,0.4250048115803446,9.843211865300171
29.14484096640242,0.7499999999999976,815.7164500471154,0.4250048115803446,9.843211865300171
28.981536732533876,0.7499999999999989,818.5911730382306,0.4186093122179053,9.881542556654324
28.981536732533876,0.7499999999999989,818.5911730382306,0.4186093122179053,9.881542556654324
28.981536732533876,0.7499999999999989,818.5911730382306,0.4186093122179053,9.881542556654324
28.81583554028523,0.7499999999999994,819.6768028335299,0.4139938784443532,9.920866774380494
29.18209474613986,0.75,819.2283791799598,0.414835074991716,9.859849186649726
29.18209474613986,0.75,819.2283791799598,0.414835074991716,9.859849186649726
29.18209474613986,0.75,819.2283791799598,0.414835074991716,9.859849186649726
29.18209474613986,0.75,819.2283791799598,0.414835074991716,9.859849186649726
29.18209474613986,0.75,819.2283791799598,0.414835074991716,9.859849186649726
29.59031935108801,0.749999999999999,810.9093626943561,0.4182595731847845,9.819284467104245
29.64903932356016,0.7499999999999997,809.8512019933216,0.40245853779128266,9.686669773002027
29.45806434559187,0.7499999999999997,809.1765743179288,0.3969608542282579,9.655366413556322
29.45806434559187,0.7499999999999997,809.1765743179288,0.3969608542282579,9.655366413556322
29.68638572208437,0.7499999999999993,805.7859396569719,0.38781612045074726,9.547166742717469
29.960553582738125,0.7499999999999996,813.5141956745794,0.38202464614508425,9.579928745340926
29.960553582738125,0.7499999999999996,813.5141956745794,0.38202464614508425,9.579928745340926
30.08545467056393,0.7499999999999991,803.7881227590561,0.38260517947487027,9.548853872390225
30.38269159330093,0.7499999999999984,799.435690520516,0.3798023350163541,9.501721649011893
29.507660977728108,0.7499999999999997,810.2558924616445,0.3815122966522599,9.501587722226068
29.507660977728108,0.7499999999999997,810.2558924616445,0.3815122966522599,9.501587722226068
29.507660977728108,0.7499999999999997,810.2558924616445,0.3815122966522599,9.501587722226068
29.507660977728108,0.7499999999999997,810.2558924616445,0.3815122966522599,9.501587722226068
28.93428384924424,0.7499999999999992,808.2901952432726,0.37192349458650065,9.392586373858105
29.139570731948925,0.7500000000000003,808.3523258292856,0.3673009272464732,9.4578833394475
29.676259069566758,0.7499999999999987,802.786706889233,0.3707529608245371,9.532070407925275
29.676259069566758,0.7499999999999987,802.786706889233,0.3707529608245371,9.532070407925275
29.706817324417838,0.7499999999999978,812.6076088966913,0.3864340742900028,9.665779810663787
29.706817324417838,0.7499999999999978,812.6076088966913,0.3864340742900028,9.665779810663787
29.706817324417838,0.7499999999999978,812.6076088966913,0.3864340742900028,9.665779810663787
29.706817324417838,0.7499999999999978,812.6076088966913,0.3864340742900028,9.665779810663787
29.706817324417838,0.7499999999999978,812.6076088966913,0.3864340742900028,9.665779810663787
29.706817324417838,0.7499999999999978,812.6076088966913,0.3864340742900028,9.665779810663787
29.706817324417838,0.7499999999999978,812.6076088966913,0.3864340742900028,9.665779810663787
29.706817324417838,0.7499999999999978,812.6076088966913,0.3864340742900028,9.665779810663787
29.7537437529567,0.75,803.3445794876424,0.37111388079738256,9.528182278908229
29.687230073806465,0.7499999999999986,810.7157137351987,0.37825603004868436,9.54417680543275
29.792987237635387,0.7499999999999996,811.1280621511783,0.3978750158931749,9.654645025527717
29.44226126781394,0.7499999999999991,819.6258037837172,0.39912345480354383,9.664500736600072
29.941265917356535,0.7499999999999993,815.6923254869847,0.4009921378003292,9.648513984173755
29.941265917356535,0.7499999999999993,815.6923254869847,0.4009921378003292,9.648513984173755
29.660620040417584,0.7499999999999993,812.6306291304816,0.39350341204938577,9.591959171750656
29.12320800033848,0.7499999999999994,814.4849365243184,0.38045494100014676,9.586898949600698
29.12320800033848,0.7499999999999994,814.4849365243184,0.38045494100014676,9.586898949600698
29.56945562077671,0.7499999999999999,808.8860831784148,0.3928191462872955,9.658574803703818
29.56945562077671,0.7499999999999999,808.8860831784148,0.3928191462872955,9.658574803703818
29.95211998623929,0.7499999999999992,811.1429861859932,0.3940059755082207,9.643110793134017
29.95211998623929,0.7499999999999992,811.1429861859932,0.3940059755082207,9.643110793134017
30.297621750151666,0.7499999999999997,807.9375796074618,0.3889881639327598,9.569356581920658
30.297621750151666,0.7499999999999997,807.9375796074618,0.3889881639327598,9.569356581920658
30.297621750151666,0.7499999999999997,807.9375796074618,0.3889881639327598,9.569356581920658
30.297621750151666,0.7499999999999997,807.9375796074618,0.3889881639327598,9.569356581920658
30.297621750151666,0.7499999999999997,807.9375796074618,0.3889881639327598,9.569356581920658
30.297621750151666,0.7499999999999997,807.9375796074618,0.3889881639327598,9.569356581920658
30.217489890876184,0.7499999999999993,813.71078644901,0.38252378889191063,9.557656469446945
29.865233596552784,0.7499999999999996,808.6859898148681,0.38780625166867594,9.497208268289203
29.954808789868867,0.7499999999999988,810.5084310026804,0.3950765577307771,9.498599011124975
29.954808789868867,0.7499999999999988,810.5084310026804,0.3950765577307771,9.498599011124975
29.954808789868867,0.7499999999999988,810.5084310026804,0.3950765577307771,9.498599011124975
30.05643119442196,0.7499999999999987,804.031527419666,0.39228623375560534,9.485407600711088
30.057500590711463,0.7499999999999996,798.4305930042345,0.3928633096670958,9.42938957212102
29.20609013254117,0.7499999999999996,809.7017343568072,0.3941961288265674,9.480422370255075
29.20609013254117,0.7499999999999996,809.7017343568072,0.3941961288265674,9.480422370255075
29.154225225280243,0.7499999999999993,809.3628013608593,0.4037634457427737,9.523645725132155
29.670721228746327,0.75,804.2829630826039,0.4159958593580468,9.490310718573586
29.670721228746327,0.75,804.2829630826039,0.4159958593580468,9.490310718573586
29.670721228746327,0.75,804.2829630826039,0.4159958593580468,9.490310718573586
29.748106444319653,0.7499999999999994,804.3198185479498,0.43203623800319574,9.560417367517081
29.316779845623095,0.7500000000000001,807.3652623828712,0.4309495913085014,9.516284197257146
29.316779845623095,0.7500000000000001,807.3652623828712,0.4309495913085014,9.516284197257146
29.75070238024077,0.7499999999999982,804.9156025810797,0.4422321189172394,9.662512364940687
29.75070238024077,0.7499999999999982,804.9156025810797,0.4422321189172394,9.662512364940687
29.75070238024077,0.7499999999999982,804.9156025810797,0.4422321189172394,9.662512364940687
29.45488397286715,0.7499999999999998,813.7405902133696,0.44484118951956625,9.677383757631057
30.08135883118091,0.75,804.3000204337866,0.44193720624280686,9.661898916808402
30.08135883118091,0.75,804.3000204337866,0.44193720624280686,9.661898916808402
30.444471843259112,0.7500000000000003,806.5088947535916,0.44593937362562597,9.743547888568466
30.444471843259112,0.7500000000000003,806.5088947535916,0.44593937362562597,9.743547888568466
30.215408148080655,0.7499999999999994,802.3754495754807,0.45004523141759667,9.712070916372701
30.40881602690548,0.7499999999999992,805.3078018089976,0.4491858077280225,9.758510547718188
30.31831592298126,0.7499999999999989,811.789901614353,0.4520718541252242,9.748536777231873
30.09373823523658,0.7499999999999997,821.3961776541673,0.4537666912541089,9.745717820482028
30.471142679185828,0.7499999999999982,811.7775159607382,0.4600789522945278,9.625771077696324
30.471142679185828,0.7499999999999982,811.7775159607382,0.4600789522945278,9.625771077696324
30.20497379094652,0.7499999999999981,819.4089435033809,0.469409122258921,9.730103372365601
30.20497379094652,0.7499999999999981,819.4089435033809,0.469409122258921,9.730103372365601
30.20497379094652,0.7499999999999981,819.4089435033809,0.469409122258921,9.730103372365601
30.20497379094652,0.7499999999999981,819.4089435033809,0.469409122258921,9.730103372365601
29.779122970567524,0.7499999999999999,819.4215536646286,0.476811635340592,9.659161043848414
29.779122970567524,0.7499999999999999,819.4215536646286,0.476811635340592,9.659161043848414
29.779122970567524,0.7499999999999999,819.4215536646286,0.476811635340592,9.659161043848414
29.779122970567524,0.7499999999999999,819.4215536646286,0.476811635340592,9.659161043848414
29.779122970567524,0.7499999999999999,819.4215536646286,0.476811635340592,9.659161043848414
29.779122970567524,0.7499999999999999,819.4215536646286,0.476811635340592,9.659161043848414
29.779122970567524,0.7499999999999999,819.4215536646286,0.476811635340592,9.659161043848414
29.779122970567524,0.7499999999999999,819.4215536646286,0.476811635340592,9.659161043848414
29.779122970567524,0.7499999999999999,819.4215536646286,0.476811635340592,9.659161043848414
29.334240688527743,0.7499999999999991,827.7248349683143,0.47124551909298734,9.705789962016388
29.334240688527743,0.7499999999999991,827.7248349683143,0.47124551909298734,9.705789962016388
29.334240688527743,0.7499999999999991,827.7248349683143,0.47124551909298734,9.705789962016388
29.591657145917896,0.7500000000000004,825.1493587848291,0.47403299740697546,9.785310435318047
30.81072638689801,0.7499999999999987,811.1837174537446,0.4725916703598864,9.70905456713557
30.305962308935143,0.7499999999999991,821.6317883036078,0.46819732836855343,9.740698276638517
30.012966098882792,0.7499999999999994,827.5239844258683,0.45858082300877345,9.663957497011495
29.69944128999393,0.7499999999999997,820.1090255682907,0.46375348076712963,9.679011873414918
29.69944128999393,0.7499999999999997,820.1090255682907,0.46375348076712963,9.679011873414918
29.69944128999393,0.7499999999999997,820.1090255682907,0.46375348076712963,9.679011873414918
29.80025604477445,0.75,823.2555006160832,0.4682469608999998,9.687813493674074
29.80025604477445,0.75,823.2555006160832,0.4682469608999998,9.687813493674074
29.811218542820537,0.7499999999999996,832.9397365415044,0.47606543002783713,9.666238238525725
29.811218542820537,0.7499999999999996,832.9397365415044,0.47606543002783713,9.666238238525725
29.788562769544377,0.7499999999999994,818.1678941275745,0.46938949685257236,9.560345191981273
30.50174587000204,0.7499999999999987,809.2265037063819,0.46182382995497745,9.626273113854575
30.45288799408884,0.7499999999999983,817.262105341424,0.46114882085857106,9.761981518143477
30.217592740139658,0.7499999999999964,826.3528032392616,0.4722058800281708,9.863985296275164
30.06036793804882,0.749999999999999,822.061303031094,0.4740372306802308,9.802558095996227
30.294905855276316,0.7499999999999991,823.5168810397927,0.4719377682490907,9.794492723272521
29.980861193646493,0.749999999999999,822.5070885008917,0.47504319785422144,9.83162015442366
29.875368171215346,0.7499999999999991,826.0167162151362,0.4647445239862868,9.785201617510026
29.875368171215346,0.7499999999999991,826.0167162151362,0.4647445239862868,9.785201617510026
29.875368171215346,0.7499999999999991,826.0167162151362,0.4647445239862868,9.785201617510026
29.875368171215346,0.7499999999999991,826.0167162151362,0.4647445239862868,9.785201617510026
29.875368171215346,0.7499999999999991,826.0167162151362,0.4647445239862868,9.785201617510026
29.920646727267275,0.7500000000000001,831.9693416958601,0.4644590440543774,9.833947587825312
29.920646727267275,0.7500000000000001,831.9693416958601,0.4644590440543774,9.833947587825312
30.012581195656217,0.7499999999999994,833.2627133830248,0.47309252093194987,9.77290021097021
30.012581195656217,0.7499999999999994,833.2627133830248,0.47309252093194987,9.77290021097021
30.012581195656217,0.7499999999999994,833.2627133830248,0.47309252093194987,9.77290021097021
30.012581195656217,0.7499999999999994,833.2627133830248,0.47309252093194987,9.77290021097021
30.012581195656217,0.7499999999999994,833.2627133830248,0.47309252093194987,9.77290021097021
30.344327752343954,0.7499999999999993,819.9910814064496,0.47124685433956864,9.79412987360998
30.439620022994816,0.7499999999999997,813.429891765064,0.46659457058081055,9.833795634243463
29.74454405602795,0.7499999999999996,816.9915589724475,0.46078031980986783,9.76052296117283
29.74454405602795,0.7499999999999996,816.9915589724475,0.46078031980986783,9.76052296117283
29.74454405602795,0.7499999999999996,816.9915589724475,0.46078031980986783,9.76052296117283
30.540377020906845,0.75,806.1534415506704,0.46089049554762734,9.688486926862746
30.875843829008275,0.7499999999999973,799.5296316961612,0.46798119180570363,9.682094029443856
31.003211627246955,0.7499999999999999,798.8500632027527,0.4789847621878604,9.801212124425433
31.17889506421314,0.7499999999999991,799.3687771734872,0.47255324570230384,9.860158781741442
30.888935668883093,0.75,800.3086922026349,0.4566102767730903,9.827583555568967
30.662160569356896,0.7499999999999996,799.2276193729446,0.46327907416770403,9.720778239155848
30.104575171715105,0.7499999999999994,808.4822679370272,0.46261523959878464,9.74312031989397
30.305566263786233,0.7499999999999994,807.5207768411656,0.46312707018358495,9.80547444555811
30.91903191568451,0.7500000000000002,804.0011097914409,0.45641462087065227,9.815594647826114
30.91903191568451,0.7500000000000002,804.0011097914409,0.45641462087065227,9.815594647826114
30.097060778415308,0.749999999999999,811.9861369112683,0.44850486809098516,9.70031383688055
29.932010473661713,0.7499999999999997,808.2475061237612,0.43078024108198115,9.612273237297632
29.95937624851743,0.7499999999999989,804.1774898169475,0.4506855155980484,9.652571946814913
30.064636826056482,0.7499999999999996,808.7808670916634,0.4437159324918527,9.644820855422529
30.064636826056482,0.7499999999999996,808.7808670916634,0.4437159324918527,9.644820855422529
29.784712463760126,0.7499999999999993,815.1742475096839,0.445943361326188,9.62238551078308
29.784712463760126,0.7499999999999993,815.1742475096839,0.445943361326188,9.62238551078308
29.840035677847094,0.7499999999999987,805.1461606063593,0.42467942796835334,9.619411583874799
29.840035677847094,0.7499999999999987,805.1461606063593,0.42467942796835334,9.619411583874799
29.840035677847094,0.7499999999999987,805.1461606063593,0.42467942796835334,9.619411583874799
29.99471189842108,0.7499999999999991,801.8336812392945,0.4423765585733438,9.6799224679453
30.05575797076434,0.7499999999999999,804.2063198387225,0.4445605838355104,9.705060337747033
30.05575797076434,0.7499999999999999,804.2063198387225,0.4445605838355104,9.705060337747033
30.05575797076434,0.7499999999999999,804.2063198387225,0.4445605838355104,9.705060337747033
30.05575797076434,0.7499999999999999,804.2063198387225,0.4445605838355104,9.705060337747033
30.05575797076434,0.7499999999999999,804.2063198387225,0.4445605838355104,9.705060337747033
30.37452865135484,0.7499999999999982,800.1203129950331,0.4461566383758481,9.669670523356547
30.78404969810287,0.7499999999999992,803.1341503071781,0.4479047399280521,9.887693320996316
30.86315891978803,0.7499999999999992,806.6708676108303,0.4603043314177827,9.97427824523283
30.709848724346262,0.7499999999999997,810.7755133961127,0.4557137811480286,10.015618449040327
30.880572900670902,0.7499999999999992,806.3704286525762,0.4522730884181997,9.95347614111318
30.880572900670902,0.7499999999999992,806.3704286525762,0.4522730884181997,9.95347614111318
30.880572900670902,0.7499999999999992,806.3704286525762,0.4522730884181997,9.95347614111318
30.929386767891973,0.7499999999999996,811.5235604154162,0.4656830836320679,10.103563499701732
31.45505533099526,0.7499999999999997,816.5668456601991,0.47450155730108295,10.293095050315392
32.067109143765805,0.75,807.4103140304995,0.4805944431566897,10.315664863361869
32.00465740355034,0.7499999999999993,808.897023639542,0.48203339298589165,10.28104187583626
32.11415523740225,0.7499999999999993,804.9539857372719,0.4640229014253374,10.203397602313927
32.11415523740225,0.7499999999999993,804.9539857372719,0.4640229014253374,10.203397602313927
32.11415523740225,0.7499999999999993,804.9539857372719,0.4640229014253374,10.203397602313927
31.159337902233855,0.7499999999999987,810.2686396791775,0.46060804001717753,10.089090026996015
31.37410842586498,0.7499999999999984,813.1579533560459,0.46578685947131965,10.032615310733249
31.37410842586498,0.7499999999999984,813.1579533560459,0.46578685947131965,10.032615310733249
31.37410842586498,0.7499999999999984,813.1579533560459,0.46578685947131965,10.032615310733249
31.37410842586498,0.7499999999999984,813.1579533560459,0.46578685947131965,10.032615310733249
31.37410842586498,0.7499999999999984,813.1579533560459,0.46578685947131965,10.032615310733249
31.25572489316039,0.7499999999999988,803.6047879381575,0.46223191979376493,9.938887626353992
31.25572489316039,0.7499999999999988,803.6047879381575,0.46223191979376493,9.938887626353992
31.25572489316039,0.7499999999999988,803.6047879381575,0.46223191979376493,9.938887626353992
31.01025039312816,0.7500000000000006,802.9694252010563,0.46963184438268446,9.902681240114038
31.01025039312816,0.7500000000000006,802.9694252010563,0.46963184438268446,9.902681240114038
31.462838921490526,0.7499999999999993,800.7999997961249,0.4614675485087411,9.833735378921858
32.21480950856981,0.7499999999999997,797.3325518009043,0.4652176823640467,9.923135616112194
31.793537957594857,0.7500000000000002,802.6533756197016,0.45910883439777017,9.817415942640292
31.793537957594857,0.7500000000000002,802.6533756197016,0.45910883439777017,9.817415942640292
31.76799423940338,0.7499999999999992,795.5840144317285,0.45268790229428224,9.789960072727018
31.551434140426174,0.7499999999999999,807.2107393175152,0.45727159491144875,9.731468813596416
31.551434140426174,0.7499999999999999,807.2107393175152,0.45727159491144875,9.731468813596416
31.551434140426174,0.7499999999999999,807.2107393175152,0.45727159491144875,9.731468813596416
31.551434140426174,0.7499999999999999,807.2107393175152,0.45727159491144875,9.731468813596416
31.551434140426174,0.7499999999999999,807.2107393175152,0.45727159491144875,9.731468813596416
31.551434140426174,0.7499999999999999,807.2107393175152,0.45727159491144875,9.731468813596416
31.551434140426174,0.7499999999999999,807.2107393175152,0.45727159491144875,9.731468813596416
31.551434140426174,0.7499999999999999,807.2107393175152,0.45727159491144875,9.731468813596416
31.34388055506887,0.7499999999999989,802.1535951119453,0.45381341380437706,9.734428157534202
31.30879733772661,0.7499999999999996,806.1089567720041,0.4680580528575909,9.821827027550492
31.30879733772661,0.7499999999999996,806.1089567720041,0.4680580528575909,9.821827027550492
31.30879733772661,0.7499999999999996,806.1089567720041,0.4680580528575909,9.821827027550492
31.393860411825514,0.7499999999999994,802.7998915733223,0.4618162416818788,9.732225808686877
31.393860411825514,0.7499999999999994,802.7998915733223,0.4618162416818788,9.732225808686877
31.393860411825514,0.7499999999999994,802.7998915733223,0.4618162416818788,9.732225808686877
30.995734393615066,0.7499999999999993,799.9454267074668,0.4580062864320286,9.640232242922412
30.995734393615066,0.7499999999999993,799.9454267074668,0.4580062864320286,9.640232242922412
30.995734393615066,0.7499999999999993,799.9454267074668,0.4580062864320286,9.640232242922412
31.098185782754435,0.7499999999999989,807.7637067347874,0.46635958022613216,9.724665813945112
31.45945205252527,0.7499999999999984,801.7800849142462,0.450958036336899,9.693924942702898
31.45945205252527,0.7499999999999984,801.7800849142462,0.450958036336899,9.693924942702898
31.45945205252527,0.7499999999999984,801.7800849142462,0.450958036336899,9.693924942702898
30.606831026251825,0.7499999999999989,812.0380310960718,0.4450053065560247,9.671136550328551
30.606831026251825,0.7499999999999989,812.0380310960718,0.4450053065560247,9.671136550328551
30.606831026251825,0.7499999999999989,812.0380310960718,0.4450053065560247,9.671136550328551
30.606831026251825,0.7499999999999989,812.0380310960718,0.4450053065560247,9.671136550328551
30.940328496852473,0.7499999999999994,801.1343042734358,0.44352278092474356,9.620222137692991
30.18277727225714,0.7500000000000003,807.0786483725784,0.43895187886290205,9.621009051008803
30.79558577872511,0.7499999999999996,795.6213093063553,0.431583197601864,9.704082793251235
30.79558577872511,0.7499999999999996,795.6213093063553,0.431583197601864,9.704082793251235
31.096097814232543,0.7499999999999994,796.0433925541366,0.42857513319580376,9.626883553253474
31.262102914142638,0.7499999999999989,803.923489295929,0.4433683823283989,9.695647195650597
31.01358349947849,0.7499999999999981,812.8676998330097,0.4525743870547582,9.859426965913347
30.803377739874225,0.7499999999999989,811.8407918639308,0.4618922631017664,9.806250153490584
30.977156125852346,0.7499999999999987,814.4913117825157,0.47020710086584167,9.964526706797887
30.977156125852346,0.7499999999999987,814.4913117825157,0.47020710086584167,9.964526706797887
30.977156125852346,0.7499999999999987,814.4913117825157,0.47020710086584167,9.964526706797887
30.977156125852346,0.7499999999999987,814.4913117825157,0.47020710086584167,9.964526706797887
30.977156125852346,0.7499999999999987,814.4913117825157,0.47020710086584167,9.964526706797887
30.977156125852346,0.7499999999999987,814.4913117825157,0.47020710086584167,9.964526706797887
30.977156125852346,0.7499999999999987,814.4913117825157,0.47020710086584167,9.964526706797887
30.54044767577246,0.7499999999999992,811.6571279951798,0.47253772420136914,9.909764001653727
30.296669752379568,0.75,822.7536018615516,0.47003280746704373,9.9174385081723
30.296669752379568,0.75,822.7536018615516,0.47003280746704373,9.9174385081723
30.296669752379568,0.75,822.7536018615516,0.47003280746704373,9.9174385081723
30.647827627342476,0.7499999999999989,810.5661882790434,0.4624321931540965,9.75174405966161
30.647827627342476,0.7499999999999989,810.5661882790434,0.4624321931540965,9.75174405966161
31.095888710178006,0.749999999999998,806.2870762812471,0.4509990534030175,9.779714730970483
31.095888710178006,0.749999999999998,806.2870762812471,0.4509990534030175,9.779714730970483
31.410982226574397,0.7499999999999976,797.5416380114264,0.4608420426862042,9.783714719618132
31.580618798943426,0.7499999999999989,809.7868223600532,0.4762382593847814,9.821445460451177
30.83770194240405,0.7499999999999992,810.5453984588901,0.46762888008517567,9.752876456047321
30.802563208241832,0.7499999999999989,816.9329949018755,0.4517638381229106,9.598363068922177
30.802563208241832,0.7499999999999989,816.9329949018755,0.4517638381229106,9.598363068922177
30.802563208241832,0.7499999999999989,816.9329949018755,0.4517638381229106,9.598363068922177
30.802563208241832,0.7499999999999989,816.9329949018755,0.4517638381229106,9.598363068922177
30.802563208241832,0.7499999999999989,816.9329949018755,0.4517638381229106,9.598363068922177
30.802563208241832,0.7499999999999989,816.9329949018755,0.4517638381229106,9.598363068922177
31.11422871533881,0.7499999999999994,810.7512466622194,0.46471998367409095,9.576156851543221
31.11422871533881,0.7499999999999994,810.7512466622194,0.46471998367409095,9.576156851543221
31.11422871533881,0.7499999999999994,810.7512466622194,0.46471998367409095,9.576156851543221
31.11422871533881,0.7499999999999994,810.7512466622194,0.46471998367409095,9.576156851543221
30.45978595697641,0.7499999999999999,823.6375424653129,0.4608448798114046,9.557422389199829
30.45978595697641,0.7499999999999999,823.6375424653129,0.4608448798114046,9.557422389199829
30.45978595697641,0.7499999999999999,823.6375424653129,0.4608448798114046,9.557422389199829
30.02384937476509,0.7500000000000001,820.920085588929,0.46126124335421476,9.519951397309516
30.439076006285685,0.7499999999999999,810.2734328536279,0.4673051850876537,9.554466506869346
30.154698576530414,0.7499999999999996,802.1514908982265,0.4587955914663844,9.534677599872442
30.73643833547014,0.7499999999999994,796.6488388836071,0.45626078319824065,9.612399787315727
31.406658912354807,0.7499999999999999,793.221045869698,0.4642935080618559,9.649342269881696
31.406658912354807,0.7499999999999999,793.221045869698,0.4642935080618559,9.649342269881696
30.864761753177355,0.7499999999999999,790.8428773440392,0.45822142193507187,9.58079714680919
30.75653293097974,0.7499999999999997,790.4641364752845,0.46147525053984384,9.565087286222616
30.927180436146507,0.7499999999999992,791.5022012499254,0.46113739435528805,9.66429245218047
31.62214526898564,0.7499999999999998,790.8246096622343,0.4543171672132992,9.644913078033287
31.62214526898564,0.7499999999999998,790.8246096622343,0.4543171672132992,9.644913078033287
31.62214526898564,0.7499999999999998,790.8246096622343,0.4543171672132992,9.644913078033287
30.7009324015335,0.7499999999999997,800.453096439011,0.46343440660585633,9.745178788897553
30.7009324015335,0.7499999999999997,800.453096439011,0.46343440660585633,9.745178788897553
30.79601835821975,0.7499999999999989,799.1905836383844,0.4512301328366559,9.713929324649262
31.17706429345329,0.7499999999999997,802.8896082091621,0.4551497448778222,9.738693670190623
31.17706429345329,0.7499999999999997,802.8896082091621,0.4551497448778222,9.738693670190623
31.17706429345329,0.7499999999999997,802.8896082091621,0.4551497448778222,9.738693670190623
31.17706429345329,0.7499999999999997,802.8896082091621,0.4551497448778222,9.738693670190623
31.070219361664687,0.7499999999999991,800.5438342034952,0.45555528212438096,9.699296425225782
31.43321844255941,0.7499999999999991,799.3614697866446,0.4528566028838278,9.823760128384242
31.43321844255941,0.7499999999999991,799.3614697866446,0.4528566028838278,9.823760128384242
30.968196117462085,0.7499999999999998,803.4513226675792,0.4535074577745355,9.855990584914963
30.968196117462085,0.7499999999999998,803.4513226675792,0.4535074577745355,9.855990584914963
29.719042942767494,0.7499999999999998,812.1734138917977,0.4429609210330751,9.797964358021469
29.720386793625543,0.7499999999999997,806.7406869497995,0.421948212852125,9.595722668121109
29.720386793625543,0.7499999999999997,806.7406869497995,0.421948212852125,9.595722668121109
29.315518268311624,0.7499999999999992,810.0183474744607,0.41700929138809323,9.512098288774851
29.652788196143973,0.7499999999999994,800.8693177327974,0.41426019481424686,9.480796347140947
29.652788196143973,0.7499999999999994,800.8693177327974,0.41426019481424686,9.480796347140947
29.652788196143973,0.7499999999999994,800.8693177327974,0.41426019481424686,9.480796347140947
29.215750043252292,0.7499999999999992,809.3449741345661,0.4056476426076737,9.518202507766926
29.215750043252292,0.7499999999999992,809.3449741345661,0.4056476426076737,9.518202507766926
29.16033314805599,0.7499999999999994,810.2741652747443,0.4088756134093296,9.519284733636766
29.16033314805599,0.7499999999999994,810.2741652747443,0.4088756134093296,9.519284733636766
29.16033314805599,0.7499999999999994,810.2741652747443,0.4088756134093296,9.519284733636766
29.16033314805599,0.7499999999999994,810.2741652747443,0.4088756134093296,9.519284733636766
29.16033314805599,0.7499999999999994,810.2741652747443,0.4088756134093296,9.519284733636766
29.16033314805599,0.7499999999999994,810.2741652747443,0.4088756134093296,9.519284733636766
29.05591403538483,0.7499999999999988,811.5813307938848,0.41902191284089974,9.585858011758265
29.05591403538483,0.7499999999999988,811.5813307938848,0.41902191284089974,9.585858011758265
28.77090587337031,0.7499999999999988,812.6779859022126,0.40727620714887786,9.476312299058407
28.94175352685173,0.749999999999999,814.8910632747397,0.4125043086971805,9.437870675507833
29.04214545693081,0.7499999999999989,812.2447389273518,0.41924705311514254,9.421428353234038
29.04214545693081,0.7499999999999989,812.2447389273518,0.41924705311514254,9.421428353234038
29.04214545693081,0.7499999999999989,812.2447389273518,0.41924705311514254,9.421428353234038
29.04214545693081,0.7499999999999989,812.2447389273518,0.41924705311514254,9.421428353234038
29.04214545693081,0.7499999999999989,812.2447389273518,0.41924705311514254,9.421428353234038
29.145402864136383,0.7499999999999994,811.2182783279972,0.4069136990311736,9.342774760494299
29.07876134136224,0.7499999999999994,817.8407898032963,0.4196289305485868,9.457447239133597
29.07876134136224,0.7499999999999994,817.8407898032963,0.4196289305485868,9.457447239133597
29.934374739185973,0.7499999999999991,802.9174242497762,0.41611755828699254,9.365023867829091
29.934374739185973,0.7499999999999991,802.9174242497762,0.41611755828699254,9.365023867829091
29.934374739185973,0.7499999999999991,802.9174242497762,0.41611755828699254,9.365023867829091
29.57366709051457,0.75,803.1508608000631,0.4128463851922651,9.313547518616431
29.57366709051457,0.75,803.1508608000631,0.4128463851922651,9.313547518616431
29.57366709051457,0.75,803.1508608000631,0.4128463851922651,9.313547518616431
30.139409717733496,0.7499999999999987,802.3676384867659,0.41088073494068866,9.325582565631837
30.459436272941208,0.7499999999999972,804.6791631291001,0.4185699967991191,9.483516990904459
29.90522870265336,0.7499999999999971,807.1479331883094,0.4205541382482007,9.380753903231792
29.90522870265336,0.7499999999999971,807.1479331883094,0.4205541382482007,9.380753903231792
29.90522870265336,0.7499999999999971,807.1479331883094,0.4205541382482007,9.380753903231792
29.90522870265336,0.7499999999999971,807.1479331883094,0.4205541382482007,9.380753903231792
29.90522870265336,0.7499999999999971,807.1479331883094,0.4205541382482007,9.380753903231792
29.90522870265336,0.7499999999999971,807.1479331883094,0.4205541382482007,9.380753903231792
29.90522870265336,0.7499999999999971,807.1479331883094,0.4205541382482007,9.380753903231792
29.90522870265336,0.7499999999999971,807.1479331883094,0.4205541382482007,9.380753903231792
29.835480962572593,0.7499999999999991,806.0890368700691,0.41816546718405745,9.360638606125004
29.835480962572593,0.7499999999999991,806.0890368700691,0.41816546718405745,9.360638606125004
29.835480962572593,0.7499999999999991,806.0890368700691,0.41816546718405745,9.360638606125004
30.057848521054517,0.7499999999999987,801.3942464865514,0.42916857067982206,9.380263722686127
30.057848521054517,0.7499999999999987,801.3942464865514,0.42916857067982206,9.380263722686127
29.697986312681174,0.7499999999999996,809.1426269578712,0.42342748961455545,9.321411472580824
29.697986312681174,0.7499999999999996,809.1426269578712,0.42342748961455545,9.321411472580824
29.924135755265517,0.7499999999999992,815.4769532196337,0.4455296410225298,9.421176331019714
29.924135755265517,0.7499999999999992,815.4769532196337,0.4455296410225298,9.421176331019714
30.393132547233765,0.75,808.3489355308644,0.4458594111971091,9.547787447328508
30.393132547233765,0.75,808.3489355308644,0.4458594111971091,9.547787447328508
30.393132547233765,0.75,808.3489355308644,0.4458594111971091,9.547787447328508
30.021798884139997,0.7499999999999987,806.806420382171,0.4394173245283645,9.452577889677315
30.021798884139997,0.7499999999999987,806.806420382171,0.4394173245283645,9.452577889677315
30.021798884139997,0.7499999999999987,806.806420382171,0.4394173245283645,9.452577889677315
29.759359207421593,0.7499999999999999,800.9143182205135,0.4395441025382476,9.404044163566832
29.759359207421593,0.7499999999999999,800.9143182205135,0.4395441025382476,9.404044163566832
29.759359207421593,0.7499999999999999,800.9143182205135,0.4395441025382476,9.404044163566832
29.741986737504483,0.7499999999999989,804.8649988097914,0.4477984430812301,9.40141526663265
29.741986737504483,0.7499999999999989,804.8649988097914,0.4477984430812301,9.40141526663265
29.741986737504483,0.7499999999999989,804.8649988097914,0.4477984430812301,9.40141526663265
29.741986737504483,0.7499999999999989,804.8649988097914,0.4477984430812301,9.40141526663265
29.666022152887923,0.75,807.9587983563787,0.45475453383519054,9.402256055604004
30.036178594123054,0.75,803.6187767823598,0.4614482149253294,9.334152714577915
29.576596588782945,0.7499999999999989,801.3073657138914,0.45749292651675366,9.297614848542286
29.861409916475804,0.7499999999999977,802.4333830214113,0.46518739927925856,9.331690113101407
29.861409916475804,0.7499999999999977,802.4333830214113,0.46518739927925856,9.331690113101407
29.464312687825878,0.7499999999999988,808.1775796774589,0.46847482703141957,9.372770243574497
29.464312687825878,0.7499999999999988,808.1775796774589,0.46847482703141957,9.372770243574497
29.464312687825878,0.7499999999999988,808.1775796774589,0.46847482703141957,9.372770243574497
29.464312687825878,0.7499999999999988,808.1775796774589,0.46847482703141957,9.372770243574497
29.863916203427085,0.7499999999999983,804.5956836975336,0.4770944655123047,9.42159931083853
29.863916203427085,0.7499999999999983,804.5956836975336,0.4770944655123047,9.42159931083853
29.863916203427085,0.7499999999999983,804.5956836975336,0.4770944655123047,9.42159931083853
29.790558454775706,0.7499999999999998,815.3443165348675,0.48583231518955844,9.497619101604835
29.790558454775706,0.7499999999999998,815.3443165348675,0.48583231518955844,9.497619101604835
29.790558454775706,0.7499999999999998,815.3443165348675,0.48583231518955844,9.497619101604835
30.1170385235716,0.749999999999998,805.8029828236802,0.5030042595504327,9.572619316617892
30.1170385235716,0.749999999999998,805.8029828236802,0.5030042595504327,9.572619316617892
30.1170385235716,0.749999999999998,805.8029828236802,0.5030042595504327,9.572619316617892
30.1170385235716,0.749999999999998,805.8029828236802,0.5030042595504327,9.572619316617892
30.1170385235716,0.749999999999998,805.8029828236802,0.5030042595504327,9.572619316617892
30.1170385235716,0.749999999999998,805.8029828236802,0.5030042595504327,9.572619316617892
29.558453166638884,0.7499999999999989,804.4683321384321,0.49440750569973463,9.479747581240137
30.05740086671618,0.7499999999999996,802.8883635839688,0.5068456866582178,9.603079348134969
30.05740086671618,0.7499999999999996,802.8883635839688,0.5068456866582178,9.603079348134969
30.05740086671618,0.7499999999999996,802.8883635839688,0.5068456866582178,9.603079348134969
30.55596189157773,0.7499999999999984,798.6362417019748,0.5060799048445246,9.67692715462089
30.43093676525457,0.7499999999999999,804.7880812601214,0.5024422325434411,9.67096086898675
30.471018207238583,0.7500000000000001,803.520647656917,0.4987335437085384,9.625895289064129
30.61978485722432,0.7499999999999996,804.1640774185654,0.5085054741145466,9.57568755643197
30.35485651927357,0.7499999999999996,808.0736803748696,0.507421807881414,9.515667202145426
30.35485651927357,0.7499999999999996,808.0736803748696,0.507421807881414,9.515667202145426
30.35485651927357,0.7499999999999996,808.0736803748696,0.507421807881414,9.515667202145426
30.35485651927357,0.7499999999999996,808.0736803748696,0.507421807881414,9.515667202145426
30.35485651927357,0.7499999999999996,808.0736803748696,0.507421807881414,9.515667202145426
30.35485651927357,0.7499999999999996,808.0736803748696,0.507421807881414,9.515667202145426
30.35485651927357,0.7499999999999996,808.0736803748696,0.507421807881414,9.515667202145426
29.890335382965326,0.7499999999999978,805.5604817069913,0.5117953243341734,9.561278431411415
29.890335382965326,0.7499999999999978,805.5604817069913,0.5117953243341734,9.561278431411415
30.441766068921943,0.7499999999999988,808.9613387266616,0.49310244418542193,9.557262293029234
30.34251089917982,0.7499999999999991,800.261614854912,0.47406809721434245,9.434870357891878
30.34251089917982,0.7499999999999991,800.261614854912,0.47406809721434245,9.434870357891878
30.34251089917982,0.7499999999999991,800.261614854912,0.47406809721434245,9.434870357891878
30.34251089917982,0.7499999999999991,800.261614854912,0.47406809721434245,9.434870357891878
30.34251089917982,0.7499999999999991,800.261614854912,0.47406809721434245,9.434870357891878
29.993338920730057,0.7499999999999989,800.1239259556882,0.4804759944946378,9.469496979164864
29.993338920730057,0.7499999999999989,800.1239259556882,0.4804759944946378,9.469496979164864
30.28379601634896,0.7499999999999996,803.0350184716257,0.4940197297670649,9.47271501556815
30.600612164034427,0.7499999999999989,801.7593423041014,0.5080867778350494,9.555415463447329
30.52907030314439,0.749999999999999,798.4015915044582,0.4990449332750092,9.56727363513516
30.52907030314439,0.749999999999999,798.4015915044582,0.4990449332750092,9.56727363513516
30.409293799493962,0.7499999999999996,797.5900929665985,0.5076984504901001,9.560048335231238
30.409293799493962,0.7499999999999996,797.5900929665985,0.5076984504901001,9.560048335231238
30.604485587948574,0.7499999999999994,797.0391193016414,0.5074203748769243,9.523000989990194
30.686939482448686,0.7499999999999989,795.8057972366873,0.5016208112535717,9.582964515722228
30.812759994440754,0.7499999999999987,797.1922596356849,0.4997362626290427,9.54652374831503
30.070200851999225,0.7499999999999991,797.6882176049581,0.4910135807007874,9.575076752262845
29.67904704992952,0.7499999999999991,796.3928975267244,0.47097366576670596,9.526798154565858
29.144421273879274,0.7500000000000002,794.6117420623896,0.45981405306304834,9.47767786822713
29.144421273879274,0.7500000000000002,794.6117420623896,0.45981405306304834,9.47767786822713
29.626088799689057,0.7499999999999993,789.7952572301275,0.4600638546771681,9.434499706993668
30.11670418460311,0.7499999999999992,792.7772878421148,0.46080528877924815,9.506616524500316
30.019692364182326,0.7499999999999976,790.1102680333005,0.456974759520642,9.509395382994038
30.019692364182326,0.7499999999999976,790.1102680333005,0.456974759520642,9.509395382994038
29.727274348885185,0.7499999999999991,800.6563218794342,0.4735311462455374,9.58772456486401
29.87404599043351,0.7499999999999991,799.3701716662744,0.4709356927814564,9.575450427938737
29.87404599043351,0.7499999999999991,799.3701716662744,0.4709356927814564,9.575450427938737
29.87404599043351,0.7499999999999991,799.3701716662744,0.4709356927814564,9.575450427938737
29.87404599043351,0.7499999999999991,799.3701716662744,0.4709356927814564,9.575450427938737
29.87404599043351,0.7499999999999991,799.3701716662744,0.4709356927814564,9.575450427938737
29.655067795124022,0.7499999999999996,806.1525982169419,0.4740100686942403,9.651950193026812
29.655067795124022,0.7499999999999996,806.1525982169419,0.4740100686942403,9.651950193026812
29.848698516984992,0.7500000000000002,808.3425767472015,0.49406089088964056,9.858508561846183
30.26532170515825,0.7499999999999997,799.3627431231785,0.49886547089737215,9.79713171709852
30.231909022004327,0.749999999999999,802.9897753537437,0.5114989292917931,9.838294948487455
30.710584814155748,0.7499999999999982,798.1593903024528,0.515837482220488,9.848285939340832
30.710584814155748,0.7499999999999982,798.1593903024528,0.515837482220488,9.848285939340832
30.278392952183722,0.7499999999999994,806.2423469195389,0.5055911794310682,9.814090814774548
30.48941571831292,0.7499999999999992,805.0666904020924,0.496798505585767,9.799144145981122
29.97151477028709,0.7500000000000001,812.9182256604734,0.49629715418306924,9.88991257875199
29.863493060712933,0.7499999999999992,806.9225048349132,0.5005949494747292,9.782310826862433
29.863493060712933,0.7499999999999992,806.9225048349132,0.5005949494747292,9.782310826862433
30.282065713235344,0.7499999999999973,806.8098583256411,0.5116984538285763,9.821959121303044
30.308253002238686,0.7499999999999992,807.9703022602064,0.5014058451826786,9.898723675123417
30.04357515122111,0.7499999999999997,812.6362921496944,0.49296032266968426,9.903482868198884
30.069933405716153,0.7499999999999992,809.0472044027679,0.48923284458230104,9.864225233816049
29.82553060439167,0.7499999999999998,806.7633019715686,0.4853661282838978,9.752471392485248
29.82553060439167,0.7499999999999998,806.7633019715686,0.4853661282838978,9.752471392485248
29.600549106106904,0.7499999999999992,806.8971389840141,0.47498241500478633,9.692610118893231
30.034559841191104,0.7499999999999996,802.7454007072731,0.49316282674728157,9.657011464143062
30.034559841191104,0.7499999999999996,802.7454007072731,0.49316282674728157,9.657011464143062
30.161024539783384,0.7499999999999989,814.9802789969582,0.5174974505856537,9.801014596325192
29.689282723417747,0.7499999999999982,815.4344336465593,0.5253932445958717,9.726983071182733
29.689282723417747,0.7499999999999982,815.4344336465593,0.5253932445958717,9.726983071182733
29.397941368795195,0.7499999999999994,812.5872634957636,0.5230594782785841,9.648931082614595
29.397941368795195,0.7499999999999994,812.5872634957636,0.5230594782785841,9.648931082614595
29.397941368795195,0.7499999999999994,812.5872634957636,0.5230594782785841,9.648931082614595
29.397941368795195,0.7499999999999994,812.5872634957636,0.5230594782785841,9.648931082614595
29.397941368795195,0.7499999999999994,812.5872634957636,0.5230594782785841,9.648931082614595
29.397941368795195,0.7499999999999994,812.5872634957636,0.5230594782785841,9.648931082614595
29.502610656278698,0.7499999999999999,810.2347242682309,0.5229710245511084,9.6162266352078
28.896157883076068,0.7499999999999989,811.8990958274895,0.5123667080554116,9.691000621568932
28.896157883076068,0.7499999999999989,811.8990958274895,0.5123667080554116,9.691000621568932
28.896157883076068,0.7499999999999989,811.8990958274895,0.5123667080554116,9.691000621568932
28.896157883076068,0.7499999999999989,811.8990958274895,0.5123667080554116,9.691000621568932
28.896157883076068,0.7499999999999989,811.8990958274895,0.5123667080554116,9.691000621568932
28.896157883076068,0.7499999999999989,811.8990958274895,0.5123667080554116,9.691000621568932
28.896157883076068,0.7499999999999989,811.8990958274895,0.5123667080554116,9.691000621568932
28.896157883076068,0.7499999999999989,811.8990958274895,0.5123667080554116,9.691000621568932
29.64911945323295,0.7499999999999997,805.3162088270792,0.5280521181402458,9.761389400769966
29.64911945323295,0.7499999999999997,805.3162088270792,0.5280521181402458,9.761389400769966
29.64911945323295,0.7499999999999997,805.3162088270792,0.5280521181402458,9.761389400769966
29.36205211386675,0.7499999999999989,805.7495258552298,0.5208781341491991,9.694648106929753
29.36205211386675,0.7499999999999989,805.7495258552298,0.5208781341491991,9.694648106929753
29.298754316080878,0.7499999999999996,804.7630075125397,0.507726499288834,9.693280368135794
29.770678981852488,0.7499999999999986,805.8516712868178,0.5113305662120066,9.734891478765729
29.770678981852488,0.7499999999999986,805.8516712868178,0.5113305662120066,9.734891478765729
29.770678981852488,0.7499999999999986,805.8516712868178,0.5113305662120066,9.734891478765729
29.770678981852488,0.7499999999999986,805.8516712868178,0.5113305662120066,9.734891478765729
29.770678981852488,0.7499999999999986,805.8516712868178,0.5113305662120066,9.734891478765729
29.770678981852488,0.7499999999999986,805.8516712868178,0.5113305662120066,9.734891478765729
29.770678981852488,0.7499999999999986,805.8516712868178,0.5113305662120066,9.734891478765729
29.532459281594402,0.7499999999999981,807.8068779432688,0.5146309300637377,9.726879403049102
29.532459281594402,0.7499999999999981,807.8068779432688,0.5146309300637377,9.726879403049102
29.532459281594402,0.7499999999999981,807.8068779432688,0.5146309300637377,9.726879403049102
29.422168054954376,0.7499999999999999,818.4697425481908,0.5217103277333104,9.745246845404708
29.422168054954376,0.7499999999999999,818.4697425481908,0.5217103277333104,9.745246845404708
29.422168054954376,0.7499999999999999,818.4697425481908,0.5217103277333104,9.745246845404708
30.4139849077335,0.7499999999999991,807.0952917161753,0.5182422399010336,9.789814105868151
30.4139849077335,0.7499999999999991,807.0952917161753,0.5182422399010336,9.789814105868151
30.4139849077335,0.7499999999999991,807.0952917161753,0.5182422399010336,9.789814105868151
29.978357772957942,0.7499999999999999,817.1649653812374,0.5239295037806506,9.81771740321862
29.978357772957942,0.7499999999999999,817.1649653812374,0.5239295037806506,9.81771740321862
29.978357772957942,0.7499999999999999,817.1649653812374,0.5239295037806506,9.81771740321862
29.835451250767242,0.749999999999999,814.2805980018725,0.5121451725865659,9.776795515508983
29.835451250767242,0.749999999999999,814.2805980018725,0.5121451725865659,9.776795515508983
29.63296884358813,0.7500000000000008,807.0979333841367,0.5044629793900244,9.650649758946193
29.63296884358813,0.7500000000000008,807.0979333841367,0.5044629793900244,9.650649758946193
29.436841250571774,0.7499999999999993,812.3946694632043,0.4903896489181758,9.687122560088778
29.436841250571774,0.7499999999999993,812.3946694632043,0.4903896489181758,9.687122560088778
29.304483166530286,0.7499999999999998,810.0649823611582,0.4961698863377855,9.609230151576543
29.304483166530286,0.7499999999999998,810.0649823611582,0.4961698863377855,9.609230151576543
28.93685176525445,0.7499999999999996,812.7628088081423,0.49863464884895725,9.66571390276405
29.814124391356735,0.7499999999999984,803.2481252000629,0.4938049175928969,9.628640050490933
29.814124391356735,0.7499999999999984,803.2481252000629,0.4938049175928969,9.628640050490933
29.814124391356735,0.7499999999999984,803.2481252000629,0.4938049175928969,9.628640050490933
29.814124391356735,0.7499999999999984,803.2481252000629,0.4938049175928969,9.628640050490933
29.814124391356735,0.7499999999999984,803.2481252000629,0.4938049175928969,9.628640050490933
29.814124391356735,0.7499999999999984,803.2481252000629,0.4938049175928969,9.628640050490933
29.814124391356735,0.7499999999999984,803.2481252000629,0.4938049175928969,9.628640050490933
29.814124391356735,0.7499999999999984,803.2481252000629,0.4938049175928969,9.628640050490933
29.814124391356735,0.7499999999999984,803.2481252000629,0.4938049175928969,9.628640050490933
29.947661080461483,0.7500000000000001,796.6969758753887,0.4937706203396066,9.570937601576706
30.09603732969759,0.7499999999999999,809.1874650113521,0.501325454998585,9.635590871059344
30.09603732969759,0.7499999999999999,809.1874650113521,0.501325454998585,9.635590871059344
29.429327683552902,0.7499999999999994,821.0466895879321,0.5088855558977222,9.574205403269056
29.429327683552902,0.7499999999999994,821.0466895879321,0.5088855558977222,9.574205403269056
29.429327683552902,0.7499999999999994,821.0466895879321,0.5088855558977222,9.574205403269056
29.429327683552902,0.7499999999999994,821.0466895879321,0.5088855558977222,9.574205403269056
29.429327683552902,0.7499999999999994,821.0466895879321,0.5088855558977222,9.574205403269056
29.429327683552902,0.7499999999999994,821.0466895879321,0.5088855558977222,9.574205403269056
29.429327683552902,0.7499999999999994,821.0466895879321,0.5088855558977222,9.574205403269056
29.429327683552902,0.7499999999999994,821.0466895879321,0.5088855558977222,9.574205403269056
29.429327683552902,0.7499999999999994,821.0466895879321,0.5088855558977222,9.574205403269056
29.747851642464806,0.7499999999999996,811.8446946978158,0.5082698613043781,9.565776686920941
30.215262545577385,0.7499999999999992,806.0345728048693,0.5052298865619267,9.471220761297719
30.215262545577385,0.7499999999999992,806.0345728048693,0.5052298865619267,9.471220761297719
30.17484533272656,0.7499999999999991,802.6594262316789,0.5204217585689139,9.52341918817192
30.234394570704797,0.7499999999999996,799.3538404657767,0.5225893691087558,9.560568552398166
30.649633753506123,0.7499999999999992,794.501618843105,0.5122214971168151,9.519730443483066
30.649633753506123,0.7499999999999992,794.501618843105,0.5122214971168151,9.519730443483066
30.649633753506123,0.7499999999999992,794.501618843105,0.5122214971168151,9.519730443483066
29.8981275007782,0.7499999999999997,804.5611665664372,0.506919095946287,9.599423287640164
29.8981275007782,0.7499999999999997,804.5611665664372,0.506919095946287,9.599423287640164
30.400514070606597,0.7499999999999988,804.4354063659467,0.5071521223809171,9.48348073251675
30.400514070606597,0.7499999999999988,804.4354063659467,0.5071521223809171,9.48348073251675
30.53161587309985,0.7499999999999986,811.5632374772522,0.5194683443819632,9.587599585266721
30.53161587309985,0.7499999999999986,811.5632374772522,0.5194683443819632,9.587599585266721
30.53161587309985,0.7499999999999986,811.5632374772522,0.5194683443819632,9.587599585266721
30.300292580201994,0.7499999999999993,805.9562111727521,0.502998268250344,9.535616213745573
30.300292580201994,0.7499999999999993,805.9562111727521,0.502998268250344,9.535616213745573
30.744379694196414,0.7499999999999994,803.2359635094483,0.4948193729641393,9.569242240304138
30.744379694196414,0.7499999999999994,803.2359635094483,0.4948193729641393,9.569242240304138
30.744379694196414,0.7499999999999994,803.2359635094483,0.4948193729641393,9.569242240304138
30.744379694196414,0.7499999999999994,803.2359635094483,0.4948193729641393,9.569242240304138
30.744379694196414,0.7499999999999994,803.2359635094483,0.4948193729641393,9.569242240304138
30.744379694196414,0.7499999999999994,803.2359635094483,0.4948193729641393,9.569242240304138
30.744379694196414,0.7499999999999994,803.2359635094483,0.4948193729641393,9.569242240304138
30.744379694196414,0.7499999999999994,803.2359635094483,0.4948193729641393,9.569242240304138
30.744379694196414,0.7499999999999994,803.2359635094483,0.4948193729641393,9.569242240304138
30.744379694196414,0.7499999999999994,803.2359635094483,0.4948193729641393,9.569242240304138
30.484435145217436,0.7499999999999993,808.9996914677332,0.4968429994299725,9.683929062862068
30.484435145217436,0.7499999999999993,808.9996914677332,0.4968429994299725,9.683929062862068
30.326921535605283,0.7499999999999988,814.0261060591399,0.4954309934576058,9.679622321263675
30.322863966189033,0.7499999999999982,812.2044897484475,0.48965305208747,9.58044529992928
30.792142058494708,0.749999999999998,804.8394908383491,0.4949546279120034,9.540694534549942
30.792142058494708,0.749999999999998,804.8394908383491,0.4949546279120034,9.540694534549942
30.792142058494708,0.749999999999998,804.8394908383491,0.4949546279120034,9.540694534549942
30.792142058494708,0.749999999999998,804.8394908383491,0.4949546279120034,9.540694534549942
30.28943354702971,0.7499999999999993,803.4673006745065,0.48704817937966316,9.552063701726885
30.7715431910003,0.7499999999999993,802.1504305958841,0.4862321185776015,9.605505029273962
30.7715431910003,0.7499999999999993,802.1504305958841,0.4862321185776015,9.605505029273962
30.7715431910003,0.7499999999999993,802.1504305958841,0.4862321185776015,9.605505029273962
30.7715431910003,0.7499999999999993,802.1504305958841,0.4862321185776015,9.605505029273962
30.7715431910003,0.7499999999999993,802.1504305958841,0.4862321185776015,9.605505029273962
30.7715431910003,0.7499999999999993,802.1504305958841,0.4862321185776015,9.605505029273962
31.138262044856685,0.7499999999999999,798.2906644636938,0.48506383872714837,9.589946289231785
30.41439443436988,0.7499999999999996,808.3480478397116,0.4842215746053456,9.617517289448884
30.41439443436988,0.7499999999999996,808.3480478397116,0.4842215746053456,9.617517289448884
30.41439443436988,0.7499999999999996,808.3480478397116,0.4842215746053456,9.617517289448884
30.41439443436988,0.7499999999999996,808.3480478397116,0.4842215746053456,9.617517289448884
30.41439443436988,0.7499999999999996,808.3480478397116,0.4842215746053456,9.617517289448884
30.41439443436988,0.7499999999999996,808.3480478397116,0.4842215746053456,9.617517289448884
30.41439443436988,0.7499999999999996,808.3480478397116,0.4842215746053456,9.617517289448884
30.41439443436988,0.7499999999999996,808.3480478397116,0.4842215746053456,9.617517289448884
30.41439443436988,0.7499999999999996,808.3480478397116,0.4842215746053456,9.617517289448884
30.41439443436988,0.7499999999999996,808.3480478397116,0.4842215746053456,9.617517289448884
30.679386047472942,0.7499999999999992,809.8887851318909,0.48816235879333814,9.693934281689973
30.337279867744755,0.7499999999999996,820.2042524149573,0.5040447266037904,9.938609642987274
30.337279867744755,0.7499999999999996,820.2042524149573,0.5040447266037904,9.938609642987274
30.107040358270737,0.7499999999999989,823.478846734404,0.5133604572036039,9.97736609652307
30.107040358270737,0.7499999999999989,823.478846734404,0.5133604572036039,9.97736609652307
30.05022679509232,0.7499999999999968,823.8746388105046,0.5135820158609407,9.980043637064204
29.714747063498226,0.7499999999999994,833.0248360650272,0.515118363781544,10.022335687148408
29.714747063498226,0.7499999999999994,833.0248360650272,0.515118363781544,10.022335687148408
30.256597465376203,0.7499999999999983,819.2600929271447,0.5212110590113768,9.975862852823292
30.256597465376203,0.7499999999999983,819.2600929271447,0.5212110590113768,9.975862852823292
30.256597465376203,0.7499999999999983,819.2600929271447,0.5212110590113768,9.975862852823292
30.272456156503434,0.7499999999999991,821.0362469746633,0.5196973718173451,9.983599303942743
30.272456156503434,0.7499999999999991,821.0362469746633,0.5196973718173451,9.983599303942743
30.332132792847926,0.7499999999999998,823.2327697082001,0.5124516339258276,10.002779131234126
30.332132792847926,0.7499999999999998,823.2327697082001,0.5124516339258276,10.002779131234126
30.332132792847926,0.7499999999999998,823.2327697082001,0.5124516339258276,10.002779131234126
30.332132792847926,0.7499999999999998,823.2327697082001,0.5124516339258276,10.002779131234126
30.332132792847926,0.7499999999999998,823.2327697082001,0.5124516339258276,10.002779131234126
30.332132792847926,0.7499999999999998,823.2327697082001,0.5124516339258276,10.002779131234126
30.13615241761312,0.7499999999999994,819.0117086907003,0.4929916332605046,9.893303550141379
30.24050368779902,0.7499999999999998,813.8539567449953,0.5014293800615476,9.859622878144592
30.24050368779902,0.7499999999999998,813.8539567449953,0.5014293800615476,9.859622878144592
30.57092411521387,0.7499999999999997,815.1576798046127,0.5059045920845392,9.911922035690154
30.47997667960386,0.7499999999999992,817.944007298358,0.5171841681810269,9.875535729276148
30.47997667960386,0.7499999999999992,817.944007298358,0.5171841681810269,9.875535729276148
30.47997667960386,0.7499999999999992,817.944007298358,0.5171841681810269,9.875535729276148
30.47997667960386,0.7499999999999992,817.944007298358,0.5171841681810269,9.875535729276148
30.47997667960386,0.7499999999999992,817.944007298358,0.5171841681810269,9.875535729276148
30.47997667960386,0.7499999999999992,817.944007298358,0.5171841681810269,9.875535729276148
30.47997667960386,0.7499999999999992,817.944007298358,0.5171841681810269,9.875535729276148
30.094606853334952,0.7499999999999979,810.0298525493412,0.5136867557783931,9.807227676087143
29.894116099807093,0.7499999999999991,810.0546537450031,0.5082528918464208,9.854920683252647
29.249141507279166,0.7499999999999997,820.4660684020773,0.5019839735696044,9.806613035895372
29.249141507279166,0.7499999999999997,820.4660684020773,0.5019839735696044,9.806613035895372
29.249141507279166,0.7499999999999997,820.4660684020773,0.5019839735696044,9.806613035895372
29.842615345073686,0.7499999999999987,812.2576437575018,0.4994471409311072,9.809888279562106
29.341945477827757,0.7499999999999992,816.8968912303792,0.5016221587825678,9.798177600002315
29.492855925571316,0.7499999999999997,811.2878254745748,0.5086894292638722,9.87452761706299
29.1560702765344,0.7500000000000002,814.8744204552727,0.5113451581712454,9.90311330098137
29.1560702765344,0.7500000000000002,814.8744204552727,0.5113451581712454,9.90311330098137
29.1560702765344,0.7500000000000002,814.8744204552727,0.5113451581712454,9.90311330098137
29.1560702765344,0.7500000000000002,814.8744204552727,0.5113451581712454,9.90311330098137
29.17364405366556,0.7499999999999988,816.8702361065124,0.5086555606019707,9.896757306136925
29.17364405366556,0.7499999999999988,816.8702361065124,0.5086555606019707,9.896757306136925
29.17364405366556,0.7499999999999988,816.8702361065124,0.5086555606019707,9.896757306136925
29.17364405366556,0.7499999999999988,816.8702361065124,0.5086555606019707,9.896757306136925
29.17364405366556,0.7499999999999988,816.8702361065124,0.5086555606019707,9.896757306136925
29.17364405366556,0.7499999999999988,816.8702361065124,0.5086555606019707,9.896757306136925
29.09145605601533,0.7499999999999989,819.7063839973473,0.49780037794939747,9.84159956276996
29.09145605601533,0.7499999999999989,819.7063839973473,0.49780037794939747,9.84159956276996
30.060736135553505,0.7499999999999992,806.5068456674135,0.49128738630309965,9.846137730611076
30.060736135553505,0.7499999999999992,806.5068456674135,0.49128738630309965,9.846137730611076
30.060736135553505,0.7499999999999992,806.5068456674135,0.49128738630309965,9.846137730611076
30.060736135553505,0.7499999999999992,806.5068456674135,0.49128738630309965,9.846137730611076
30.060736135553505,0.7499999999999992,806.5068456674135,0.49128738630309965,9.846137730611076
30.060736135553505,0.7499999999999992,806.5068456674135,0.49128738630309965,9.846137730611076
30.060736135553505,0.7499999999999992,806.5068456674135,0.49128738630309965,9.846137730611076
30.060736135553505,0.7499999999999992,806.5068456674135,0.49128738630309965,9.846137730611076
30.482759369070422,0.7499999999999991,803.6199741345089,0.4968611470751985,9.964650606383946
30.53599135463953,0.7499999999999991,803.2048348621303,0.5112945499773637,9.964797350226462
30.53599135463953,0.7499999999999991,803.2048348621303,0.5112945499773637,9.964797350226462
30.53599135463953,0.7499999999999991,803.2048348621303,0.5112945499773637,9.964797350226462
29.967661847920304,0.7499999999999989,804.2795733531392,0.5049837931618223,9.866733806919694
29.967661847920304,0.7499999999999989,804.2795733531392,0.5049837931618223,9.866733806919694
29.967661847920304,0.7499999999999989,804.2795733531392,0.5049837931618223,9.866733806919694
29.967661847920304,0.7499999999999989,804.2795733531392,0.5049837931618223,9.866733806919694
29.27678983517592,0.749999999999999,817.5861314903741,0.5008141532289012,9.823648858531405
29.27678983517592,0.749999999999999,817.5861314903741,0.5008141532289012,9.823648858531405
29.27678983517592,0.749999999999999,817.5861314903741,0.5008141532289012,9.823648858531405
29.27678983517592,0.749999999999999,817.5861314903741,0.5008141532289012,9.823648858531405
29.100043526591204,0.7499999999999976,815.0240959196545,0.5027268822806182,9.789516182260076
30.089742658473128,0.7499999999999984,809.7616379449312,0.5058602553473039,9.8711041954894
30.089742658473128,0.7499999999999984,809.7616379449312,0.5058602553473039,9.8711041954894
29.874640219760686,0.7499999999999996,817.1813219153106,0.5164711649148692,9.889432125730352
29.929755385588532,0.7499999999999982,816.1870468503283,0.5106683436091508,9.910990480746335
29.702276981397777,0.7499999999999987,825.5107002689385,0.5126473012440477,9.988792007099125
29.702276981397777,0.7499999999999987,825.5107002689385,0.5126473012440477,9.988792007099125
30.41971015028252,0.7499999999999979,823.1482644643589,0.5156060438139471,9.919586189731897
30.41971015028252,0.7499999999999979,823.1482644643589,0.5156060438139471,9.919586189731897
30.41971015028252,0.7499999999999979,823.1482644643589,0.5156060438139471,9.919586189731897
30.175653036563748,0.7499999999999996,817.2404014422148,0.5107397461349634,9.882515744304673
29.38247737121823,0.7499999999999994,814.3972543046777,0.4951481792643834,9.742560309494944
29.38247737121823,0.7499999999999994,814.3972543046777,0.4951481792643834,9.742560309494944
29.50726448370814,0.7499999999999973,813.2377330752353,0.4982130709250487,9.76572051169991
29.50726448370814,0.7499999999999973,813.2377330752353,0.4982130709250487,9.76572051169991
29.753676269534406,0.7500000000000004,819.4198687558408,0.5030141066234508,9.790067554516877
29.908301834544293,0.7499999999999973,814.6548339374814,0.5036533257425043,9.892230744796526
29.54968888504711,0.749999999999999,826.6666586032029,0.5088821948119188,9.92111589665445
29.59254312471508,0.7499999999999987,824.4178262454667,0.5097958657484951,9.908880315008512
29.59254312471508,0.7499999999999987,824.4178262454667,0.5097958657484951,9.908880315008512
29.59254312471508,0.7499999999999987,824.4178262454667,0.5097958657484951,9.908880315008512
29.59254312471508,0.7499999999999987,824.4178262454667,0.5097958657484951,9.908880315008512
30.20695739102489,0.7499999999999987,810.903115570529,0.5048457426622734,9.882715812103763
30.423659041985744,0.7499999999999996,815.7880891841085,0.5177138176229363,9.95965910683113
30.423659041985744,0.7499999999999996,815.7880891841085,0.5177138176229363,9.95965910683113
30.423659041985744,0.7499999999999996,815.7880891841085,0.5177138176229363,9.95965910683113
30.423659041985744,0.7499999999999996,815.7880891841085,0.5177138176229363,9.95965910683113
30.518618187531928,0.7500000000000002,812.7429097395309,0.5282716681540393,9.906866898486252
30.767707664416026,0.7499999999999994,810.3557927616391,0.534592097559199,9.869977572134058
30.489948338701073,0.7499999999999994,810.1607726987398,0.54421950675269,9.805078142098987
30.834209793601914,0.7499999999999977,813.3976737239346,0.5517293937723258,9.826573837681858
31.540554098224828,0.7499999999999978,812.4105953337263,0.5728169298136926,10.009859346146115
31.540554098224828,0.7499999999999978,812.4105953337263,0.5728169298136926,10.009859346146115
30.810568775281535,0.7499999999999981,834.0210983997895,0.5773652674916016,10.125509593421265
30.810568775281535,0.7499999999999981,834.0210983997895,0.5773652674916016,10.125509593421265
30.810568775281535,0.7499999999999981,834.0210983997895,0.5773652674916016,10.125509593421265
30.810568775281535,0.7499999999999981,834.0210983997895,0.5773652674916016,10.125509593421265
30.810568775281535,0.7499999999999981,834.0210983997895,0.5773652674916016,10.125509593421265
30.781524537162927,0.7499999999999988,820.933680723013,0.5616979605189273,10.072296712958817
30.781524537162927,0.7499999999999988,820.933680723013,0.5616979605189273,10.072296712958817
30.781524537162927,0.7499999999999988,820.933680723013,0.5616979605189273,10.072296712958817
30.781524537162927,0.7499999999999988,820.933680723013,0.5616979605189273,10.072296712958817
30.781524537162927,0.7499999999999988,820.933680723013,0.5616979605189273,10.072296712958817
31.569669337693192,0.749999999999999,813.2998431029398,0.5491475440230335,9.939752007491316
31.50888903962607,0.7499999999999994,812.4441099744594,0.5520403781151625,9.884483531258685
30.868267204381475,0.7499999999999977,833.8673931281952,0.5671562317703994,9.982997825692195
30.868267204381475,0.7499999999999977,833.8673931281952,0.5671562317703994,9.982997825692195
30.868267204381475,0.7499999999999977,833.8673931281952,0.5671562317703994,9.982997825692195
30.868267204381475,0.7499999999999977,833.8673931281952,0.5671562317703994,9.982997825692195
30.868267204381475,0.7499999999999977,833.8673931281952,0.5671562317703994,9.982997825692195
31.69356095270881,0.7499999999999994,822.6718369682756,0.5688613491536916,9.896486463314108
31.69356095270881,0.7499999999999994,822.6718369682756,0.5688613491536916,9.896486463314108
31.69356095270881,0.7499999999999994,822.6718369682756,0.5688613491536916,9.896486463314108
32.2783102888014,0.7499999999999973,819.6354600466162,0.5698156433951698,9.963410580721819
32.2783102888014,0.7499999999999973,819.6354600466162,0.5698156433951698,9.963410580721819
32.2783102888014,0.7499999999999973,819.6354600466162,0.5698156433951698,9.963410580721819
32.2783102888014,0.7499999999999973,819.6354600466162,0.5698156433951698,9.963410580721819
32.63452112335714,0.7499999999999988,817.2981151790552,0.5779433538628084,10.069971534419073
32.63452112335714,0.7499999999999988,817.2981151790552,0.5779433538628084,10.069971534419073
32.63452112335714,0.7499999999999988,817.2981151790552,0.5779433538628084,10.069971534419073
32.63452112335714,0.7499999999999988,817.2981151790552,0.5779433538628084,10.069971534419073
32.72272557719456,0.7499999999999994,803.4239410213203,0.564753608525468,9.967079272125233
32.72272557719456,0.7499999999999994,803.4239410213203,0.564753608525468,9.967079272125233
33.158873858216865,0.7500000000000001,807.5922700701678,0.565130944846434,10.005930927421735
32.974349142167945,0.7499999999999986,810.9386538046735,0.5570673127784269,10.06974505704419
32.974349142167945,0.7499999999999986,810.9386538046735,0.5570673127784269,10.06974505704419
32.974349142167945,0.7499999999999986,810.9386538046735,0.5570673127784269,10.06974505704419
33.358171358806764,0.7499999999999987,807.3996519361025,0.5680875795490764,10.187811677646343
32.47687702170674,0.7499999999999988,810.0458665971704,0.5725139034191034,10.206001003394022
31.55542142276184,0.7499999999999999,814.7608442771283,0.5695096558793005,10.133427033973195
31.51595413821942,0.7499999999999998,809.7673970586739,0.5594307226864162,10.0646232370699
30.376369485861414,0.7499999999999999,826.9893889862146,0.5610384732802415,10.048731912389107
30.376369485861414,0.7499999999999999,826.9893889862146,0.5610384732802415,10.048731912389107
30.376369485861414,0.7499999999999999,826.9893889862146,0.5610384732802415,10.048731912389107
30.376369485861414,0.7499999999999999,826.9893889862146,0.5610384732802415,10.048731912389107
30.376369485861414,0.7499999999999999,826.9893889862146,0.5610384732802415,10.048731912389107
30.376369485861414,0.7499999999999999,826.9893889862146,0.5610384732802415,10.048731912389107
31.50727254317098,0.7499999999999994,813.1188809011766,0.5496307232475616,10.059303164227927
31.841373619338377,0.7499999999999998,804.7748900440507,0.544861959237956,9.997013080228811
31.27754078410012,0.7499999999999997,805.6471633141923,0.5415972624634974,9.915485636751828
31.126275846477494,0.7499999999999991,809.6494820841627,0.5512542743461648,9.830978099398587
31.13110531167698,0.7499999999999976,811.2071459418278,0.5561573269918907,9.91111875224432
31.13110531167698,0.7499999999999976,811.2071459418278,0.5561573269918907,9.91111875224432
31.13110531167698,0.7499999999999976,811.2071459418278,0.5561573269918907,9.91111875224432
30.53730272602471,0.7499999999999988,815.1725193877835,0.5458491394237013,9.837756058207365
30.76862208438032,0.7499999999999994,815.7805691109614,0.5490402925836539,9.874264092183754
30.3381840440242,0.7499999999999994,817.4394643716458,0.543830085620292,9.80603295164921
30.3381840440242,0.7499999999999994,817.4394643716458,0.543830085620292,9.80603295164921
30.3381840440242,0.7499999999999994,817.4394643716458,0.543830085620292,9.80603295164921
31.14544898830358,0.7499999999999993,807.3688505801941,0.5404348686565726,9.861699802287182
31.288883701548276,0.7499999999999991,810.117197364906,0.5380575463145216,9.884689481394323
30.72761510856459,0.7499999999999991,813.8564072542548,0.5411209425266927,9.830089707615894
30.861806979998377,0.749999999999999,809.4279854441814,0.5340886203862091,9.826841926718956
31.19291377250531,0.7499999999999996,811.0587178819541,0.5344554162388883,9.86461159530123
30.9825965309963,0.7499999999999992,806.091929967239,0.5331089310488517,9.820893992120546
30.9825965309963,0.7499999999999992,806.091929967239,0.5331089310488517,9.820893992120546
30.9825965309963,0.7499999999999992,806.091929967239,0.5331089310488517,9.820893992120546
30.49613245412048,0.749999999999998,810.7240974034369,0.5351816585178958,9.770096877370765
30.60586535444222,0.7499999999999996,809.5457187032941,0.5476563742744734,9.773709606484662
30.60586535444222,0.7499999999999996,809.5457187032941,0.5476563742744734,9.773709606484662
30.208737805024846,0.7499999999999982,814.1027679806219,0.5348230887606212,9.670106042745052
30.200853536773018,0.7499999999999997,811.2647392103258,0.5360522540630719,9.681446998583812
30.200853536773018,0.7499999999999997,811.2647392103258,0.5360522540630719,9.681446998583812
30.35083733522963,0.7499999999999996,813.6469985528656,0.5290284253209915,9.664370210293825
30.35083733522963,0.7499999999999996,813.6469985528656,0.5290284253209915,9.664370210293825
31.044452046957772,0.7500000000000002,809.5710234049338,0.5360158822103852,9.723479079342235
31.641257008953648,0.7499999999999987,804.9088618160068,0.5259074782487938,9.768123014808111
30.984510305832316,0.7499999999999996,803.9461345613549,0.520207589450944,9.761011850548513
30.409388360243025,0.7499999999999996,804.9696411500756,0.5147112488599921,9.76066051126008
30.409388360243025,0.7499999999999996,804.9696411500756,0.5147112488599921,9.76066051126008
29.88873484586689,0.7499999999999976,817.1098805507474,0.5163072763962187,9.793347592867818
29.88873484586689,0.7499999999999976,817.1098805507474,0.5163072763962187,9.793347592867818
29.88873484586689,0.7499999999999976,817.1098805507474,0.5163072763962187,9.793347592867818
29.88873484586689,0.7499999999999976,817.1098805507474,0.5163072763962187,9.793347592867818
29.88873484586689,0.7499999999999976,817.1098805507474,0.5163072763962187,9.793347592867818
29.88873484586689,0.7499999999999976,817.1098805507474,0.5163072763962187,9.793347592867818
29.88873484586689,0.7499999999999976,817.1098805507474,0.5163072763962187,9.793347592867818
29.88873484586689,0.7499999999999976,817.1098805507474,0.5163072763962187,9.793347592867818
30.31418838663057,0.7499999999999988,800.8793859172208,0.5089282902902187,9.594725074107066
30.428493825774428,0.7499999999999991,799.9497544286936,0.5098436439257359,9.647649712325165
30.428493825774428,0.7499999999999991,799.9497544286936,0.5098436439257359,9.647649712325165
30.198539127819064,0.7499999999999997,795.989716497885,0.4950622746396897,9.527409317221451
29.898238563573777,0.7499999999999994,801.6474283024342,0.49653204378675336,9.594596244577682
29.898238563573777,0.7499999999999994,801.6474283024342,0.49653204378675336,9.594596244577682
29.260829118151978,0.7499999999999967,806.9761923535369,0.5025716266637976,9.607332505005042
29.260829118151978,0.7499999999999967,806.9761923535369,0.5025716266637976,9.607332505005042
29.260829118151978,0.7499999999999967,806.9761923535369,0.5025716266637976,9.607332505005042
29.260829118151978,0.7499999999999967,806.9761923535369,0.5025716266637976,9.607332505005042
29.260829118151978,0.7499999999999967,806.9761923535369,0.5025716266637976,9.607332505005042
29.79079283297058,0.7499999999999996,806.5087695012213,0.517210988310149,9.658964668286634
30.535991903449812,0.7499999999999998,802.8075284092413,0.5232014777036339,9.624039487040534
30.11420690027557,0.7500000000000001,809.3072375115415,0.5299429798195031,9.607961547628573
30.234980052215302,0.7499999999999996,801.7969676543282,0.5273956767045452,9.692823961315076
30.029671636511814,0.7499999999999967,802.5530748205348,0.5399095123439261,9.690454027579978
30.029671636511814,0.7499999999999967,802.5530748205348,0.5399095123439261,9.690454027579978
30.700868678141564,0.7499999999999996,801.2907090665261,0.5426826821668638,9.764543868614936
30.700868678141564,0.7499999999999996,801.2907090665261,0.5426826821668638,9.764543868614936
31.09654978435647,0.7499999999999997,801.4657046848018,0.5369850035641968,9.75329480973958
30.581897638431037,0.7499999999999997,802.2108624445676,0.5522134628560826,9.815200723842404
29.771994679931584,0.7499999999999993,807.8645113272605,0.5639013175510685,9.80632075726221
29.771994679931584,0.7499999999999993,807.8645113272605,0.5639013175510685,9.80632075726221
29.771994679931584,0.7499999999999993,807.8645113272605,0.5639013175510685,9.80632075726221
29.771994679931584,0.7499999999999993,807.8645113272605,0.5639013175510685,9.80632075726221
29.771994679931584,0.7499999999999993,807.8645113272605,0.5639013175510685,9.80632075726221
30.106853482696327,0.7499999999999988,811.1418992956797,0.563020416974996,9.904867387073248
30.106853482696327,0.7499999999999988,811.1418992956797,0.563020416974996,9.904867387073248
30.106853482696327,0.7499999999999988,811.1418992956797,0.563020416974996,9.904867387073248
30.396449605799134,0.7499999999999984,806.5417256513432,0.5619811795524126,9.85633584581901
30.10217187101707,0.7499999999999993,811.7265063799342,0.5693323997554478,9.940671768967439
30.65841163171796,0.7499999999999991,803.2088811515553,0.5627899782283867,9.818697257743398
30.42725101176266,0.7499999999999993,800.890448939046,0.559231520902758,9.700249314866884
30.83972891755799,0.749999999999999,802.7935978988716,0.5592189224944975,9.822409810979247
30.85910430781807,0.7499999999999988,792.0551858116364,0.5512130196340655,9.852936961385378
30.900288152873287,0.749999999999999,800.0172114215071,0.5599936105140078,9.93632080677682
30.900288152873287,0.749999999999999,800.0172114215071,0.5599936105140078,9.93632080677682
30.900288152873287,0.749999999999999,800.0172114215071,0.5599936105140078,9.93632080677682
30.388948805073667,0.749999999999999,799.4194677941404,0.5482111272477651,9.832400494749672
30.388948805073667,0.749999999999999,799.4194677941404,0.5482111272477651,9.832400494749672
30.388948805073667,0.749999999999999,799.4194677941404,0.5482111272477651,9.832400494749672
31.28888509466131,0.7499999999999997,790.5035748301915,0.5554801715220875,9.81887655541577
30.947078562608702,0.7499999999999993,795.3943116166993,0.5531611453410419,9.80607894811815
30.947078562608702,0.7499999999999993,795.3943116166993,0.5531611453410419,9.80607894811815
30.80736423756555,0.7499999999999992,806.962293554285,0.5660020773110167,9.86608722760812
30.353424809708343,0.7499999999999988,809.5472733092761,0.583847959055532,9.950203045573375
30.102861426224397,0.7499999999999997,814.5565702125824,0.5839225803088448,9.791629068449513
30.102861426224397,0.7499999999999997,814.5565702125824,0.5839225803088448,9.791629068449513
30.102861426224397,0.7499999999999997,814.5565702125824,0.5839225803088448,9.791629068449513
30.783316310133113,0.7499999999999994,815.196025614464,0.5776853237406613,9.928501381786855
30.783316310133113,0.7499999999999994,815.196025614464,0.5776853237406613,9.928501381786855
31.302751233168586,0.75,818.8211824331829,0.5832566906760004,10.057123633972443
31.64584620028445,0.7499999999999999,811.3441630667287,0.5813620359353061,10.075230237462279
31.64584620028445,0.7499999999999999,811.3441630667287,0.5813620359353061,10.075230237462279
31.778302546135592,0.7499999999999994,802.1046689696639,0.5859440741854933,10.045584360240525
31.778302546135592,0.7499999999999994,802.1046689696639,0.5859440741854933,10.045584360240525
31.702390089300405,0.7499999999999998,805.6146001541537,0.5871966897073679,10.027772594658208
31.338763111608024,0.7499999999999982,806.7447162962771,0.5929346212144266,9.945332670112332
31.338763111608024,0.7499999999999982,806.7447162962771,0.5929346212144266,9.945332670112332
31.569310219316964,0.7499999999999984,803.2750860922845,0.578329042217658,9.91486337936291
31.376314580225998,0.7499999999999996,803.4474126845511,0.5592210479977304,9.890587110311696
31.376314580225998,0.7499999999999996,803.4474126845511,0.5592210479977304,9.890587110311696
30.679953167010275,0.7499999999999992,822.5365889655646,0.5585874641302745,9.891847604934863
30.679953167010275,0.7499999999999992,822.5365889655646,0.5585874641302745,9.891847604934863
31.45674137538024,0.7499999999999996,811.7052022623758,0.5577402342340548,9.921989127829573
31.45674137538024,0.7499999999999996,811.7052022623758,0.5577402342340548,9.921989127829573
31.45674137538024,0.7499999999999996,811.7052022623758,0.5577402342340548,9.921989127829573
31.45674137538024,0.7499999999999996,811.7052022623758,0.5577402342340548,9.921989127829573
31.92975140639321,0.7499999999999994,804.851043773944,0.5619544428722755,9.868267897242072
31.92975140639321,0.7499999999999994,804.851043773944,0.5619544428722755,9.868267897242072
32.141900799837465,0.7499999999999991,803.5372502302843,0.5599969138689417,9.856800361135814
31.757984160519158,0.7499999999999996,808.4024679159161,0.5720125399644307,9.819413297470353
31.757984160519158,0.7499999999999996,808.4024679159161,0.5720125399644307,9.819413297470353
31.53979334584684,0.7499999999999992,828.7071875182678,0.5832964796705653,9.863514640154609
31.53979334584684,0.7499999999999992,828.7071875182678,0.5832964796705653,9.863514640154609
31.436446523121138,0.7499999999999999,817.6543593320682,0.5846371228630076,9.933366252575246
31.436446523121138,0.7499999999999999,817.6543593320682,0.5846371228630076,9.933366252575246
31.436446523121138,0.7499999999999999,817.6543593320682,0.5846371228630076,9.933366252575246
31.436446523121138,0.7499999999999999,817.6543593320682,0.5846371228630076,9.933366252575246
31.43779521444981,0.7499999999999999,797.1834489917135,0.5686062468145043,9.753273549225332
31.18251188560611,0.7499999999999979,805.7175720328987,0.5711781400513076,9.794440250094823
31.239470416984215,0.7499999999999979,797.3049696566788,0.5533542361751315,9.698684976443428
32.00890641903355,0.7499999999999999,795.4116118212154,0.5549631733819494,9.711861065970123
32.00890641903355,0.7499999999999999,795.4116118212154,0.5549631733819494,9.711861065970123
31.574079910853722,0.7499999999999994,794.3906977922202,0.5444973236602914,9.608023030958213
31.677896796880173,0.7499999999999983,795.3369801284375,0.5571235476605563,9.654488653382765
31.235969419374154,0.7499999999999987,797.499847340222,0.5474314822533564,9.51396640982667
31.213631959335398,0.7499999999999989,795.980851472989,0.5418065714630289,9.542739536770606
30.547222146278614,0.7499999999999996,798.4403152698035,0.5336458940959432,9.58702132158641
30.547222146278614,0.7499999999999996,798.4403152698035,0.5336458940959432,9.58702132158641
30.935998521905045,0.7499999999999992,795.377525239693,0.5461570968887398,9.763699531207536
31.202937332720953,0.75,794.6739826732039,0.538390296346943,9.805956216183592
30.242105281650492,0.7499999999999994,805.1482424550516,0.5457719812161256,9.82035897011672
30.242105281650492,0.7499999999999994,805.1482424550516,0.5457719812161256,9.82035897011672
30.602982500669192,0.7499999999999988,799.3510891851232,0.5450307754766431,9.866919055573817
30.602982500669192,0.7499999999999988,799.3510891851232,0.5450307754766431,9.866919055573817
30.940706868281325,0.7499999999999999,801.6495874755287,0.5402470476872201,9.902043170200525
30.947685697492176,0.7499999999999978,807.1563822022681,0.5499278543457797,10.016528759223224
30.947685697492176,0.7499999999999978,807.1563822022681,0.5499278543457797,10.016528759223224
31.091376705266196,0.7499999999999996,800.4947698817073,0.5487721861335653,9.875438505182208
31.019218475642983,0.7499999999999982,805.7883805874828,0.5511603347256581,9.837906462230709
31.015850413563342,0.7499999999999997,800.0923794131782,0.5495230993802872,9.870328864741595
31.015850413563342,0.7499999999999997,800.0923794131782,0.5495230993802872,9.870328864741595
31.143267139582335,0.7500000000000001,800.1517467728361,0.554113210430821,9.802236371167547
31.143267139582335,0.7500000000000001,800.1517467728361,0.554113210430821,9.802236371167547
31.24624328805544,0.7499999999999992,803.3114173440177,0.558007038521507,9.746785208915592
31.28605695463282,0.75,796.4770939509252,0.5518172432752857,9.641901699950484
31.28605695463282,0.75,796.4770939509252,0.5518172432752857,9.641901699950484
30.75710832514557,0.7499999999999987,803.2448920218435,0.548319583109158,9.674058156429755
30.75710832514557,0.7499999999999987,803.2448920218435,0.548319583109158,9.674058156429755
30.89912157215608,0.7499999999999979,803.4136833653262,0.5488117564334423,9.744327495516572
30.89912157215608,0.7499999999999979,803.4136833653262,0.5488117564334423,9.744327495516572
30.89912157215608,0.7499999999999979,803.4136833653262,0.5488117564334423,9.744327495516572
30.89912157215608,0.7499999999999979,803.4136833653262,0.5488117564334423,9.744327495516572
30.89912157215608,0.7499999999999979,803.4136833653262,0.5488117564334423,9.744327495516572
29.835204444249317,0.7499999999999998,820.1711646254828,0.5348435253805497,9.633486415643299
29.80393699949713,0.7499999999999989,807.73746779401,0.523329743450554,9.632998982409532
29.80393699949713,0.7499999999999989,807.73746779401,0.523329743450554,9.632998982409532
30.94516073777252,0.7499999999999992,804.3746563437267,0.5359219834943575,9.711737295972219
30.575618465349045,0.7499999999999994,809.1216412081995,0.5421552615800824,9.725085527267876
30.334986713027725,0.7499999999999999,812.1168542142306,0.5414054949509924,9.760209859989724
30.334986713027725,0.7499999999999999,812.1168542142306,0.5414054949509924,9.760209859989724
30.59840453998625,0.7499999999999987,803.3730815919669,0.5452170569720668,9.763888528666843
31.142005296771558,0.7499999999999998,803.5080052708115,0.5495883642546945,9.888662826129513
30.32080916025382,0.7499999999999996,812.0818656434135,0.5685714076859647,9.830087153631686
30.25569699216059,0.7500000000000001,813.9317868631651,0.562280396880086,9.844471495579802
30.25569699216059,0.7500000000000001,813.9317868631651,0.562280396880086,9.844471495579802
30.25569699216059,0.7500000000000001,813.9317868631651,0.562280396880086,9.844471495579802
30.25569699216059,0.7500000000000001,813.9317868631651,0.562280396880086,9.844471495579802
30.25569699216059,0.7500000000000001,813.9317868631651,0.562280396880086,9.844471495579802
30.25569699216059,0.7500000000000001,813.9317868631651,0.562280396880086,9.844471495579802
30.25569699216059,0.7500000000000001,813.9317868631651,0.562280396880086,9.844471495579802
30.25569699216059,0.7500000000000001,813.9317868631651,0.562280396880086,9.844471495579802
30.25569699216059,0.7500000000000001,813.9317868631651,0.562280396880086,9.844471495579802
30.25569699216059,0.7500000000000001,813.9317868631651,0.562280396880086,9.844471495579802
30.320779904419474,0.7499999999999994,817.0457139965912,0.5598135185742421,9.840224818188261
30.453776500582805,0.749999999999999,809.471983959831,0.5533345712035145,9.802756339152683
30.936351693613105,0.7499999999999992,804.3202344518924,0.5519915616316567,9.79800035565751
30.936351693613105,0.7499999999999992,804.3202344518924,0.5519915616316567,9.79800035565751
30.936351693613105,0.7499999999999992,804.3202344518924,0.5519915616316567,9.79800035565751
30.936351693613105,0.7499999999999992,804.3202344518924,0.5519915616316567,9.79800035565751
30.086313606650116,0.7499999999999994,814.1165196889721,0.5371450657212326,9.792212311273207
30.086313606650116,0.7499999999999994,814.1165196889721,0.5371450657212326,9.792212311273207
29.846499035066905,0.7500000000000001,812.8303665211788,0.5381639161202575,9.767165681765807
29.846499035066905,0.7500000000000001,812.8303665211788,0.5381639161202575,9.767165681765807
29.01809682823782,0.7499999999999996,831.3064021920856,0.527430946204523,9.80175068779053
29.01809682823782,0.7499999999999996,831.3064021920856,0.527430946204523,9.80175068779053
29.01809682823782,0.7499999999999996,831.3064021920856,0.527430946204523,9.80175068779053
29.01809682823782,0.7499999999999996,831.3064021920856,0.527430946204523,9.80175068779053
29.105436301986064,0.7499999999999996,817.3839953171968,0.516772354531507,9.790383132209296
29.105436301986064,0.7499999999999996,817.3839953171968,0.516772354531507,9.790383132209296
29.105436301986064,0.7499999999999996,817.3839953171968,0.516772354531507,9.790383132209296
29.800254176178612,0.7499999999999991,799.4502166901523,0.5087779501172548,9.693657122676282
29.72273227124089,0.7499999999999996,805.0497298595151,0.5101263226270846,9.800564168212508
29.72273227124089,0.7499999999999996,805.0497298595151,0.5101263226270846,9.800564168212508
29.72273227124089,0.7499999999999996,805.0497298595151,0.5101263226270846,9.800564168212508
30.65075321814833,0.7499999999999997,798.0242323041501,0.5160124232330803,9.869071334436033
30.65075321814833,0.7499999999999997,798.0242323041501,0.5160124232330803,9.869071334436033
30.65075321814833,0.7499999999999997,798.0242323041501,0.5160124232330803,9.869071334436033
29.979196481633704,0.7499999999999988,810.8281078915969,0.5133200474781108,9.776633202019848
29.979196481633704,0.7499999999999988,810.8281078915969,0.5133200474781108,9.776633202019848
29.979196481633704,0.7499999999999988,810.8281078915969,0.5133200474781108,9.776633202019848
29.70248490745079,0.7499999999999993,806.1788611209955,0.5029158073540204,9.660466403936226
29.5885552092392,0.7499999999999979,809.9702116429567,0.5113117057404828,9.683397837215079
29.5885552092392,0.7499999999999979,809.9702116429567,0.5113117057404828,9.683397837215079
29.666916874144743,0.7499999999999992,811.394851417676,0.5066363050675049,9.735230677378874
29.390739047768072,0.7499999999999993,812.1250898993161,0.49428669829173494,9.716054580102469
29.390739047768072,0.7499999999999993,812.1250898993161,0.49428669829173494,9.716054580102469
29.390739047768072,0.7499999999999993,812.1250898993161,0.49428669829173494,9.716054580102469
29.8089946870694,0.7499999999999994,806.1829566137133,0.5023094794715004,9.658092843364148
29.8089946870694,0.7499999999999994,806.1829566137133,0.5023094794715004,9.658092843364148
29.8089946870694,0.7499999999999994,806.1829566137133,0.5023094794715004,9.658092843364148
29.8089946870694,0.7499999999999994,806.1829566137133,0.5023094794715004,9.658092843364148
29.8089946870694,0.7499999999999994,806.1829566137133,0.5023094794715004,9.658092843364148
30.136323372809574,0.7499999999999989,797.3185495289936,0.4887046256190853,9.594305318372125
30.136323372809574,0.7499999999999989,797.3185495289936,0.4887046256190853,9.594305318372125
30.136323372809574,0.7499999999999989,797.3185495289936,0.4887046256190853,9.594305318372125
30.021810234622283,0.7499999999999996,794.9226369332649,0.49501784067388627,9.580195130121405
29.868160772788876,0.7499999999999994,805.0240729946856,0.514809017659399,9.563908969812584
30.01800053708385,0.7499999999999986,801.4827064224379,0.5035521519002172,9.538574459069912
30.01800053708385,0.7499999999999986,801.4827064224379,0.5035521519002172,9.538574459069912
30.01800053708385,0.7499999999999986,801.4827064224379,0.5035521519002172,9.538574459069912
30.360111833332688,0.7499999999999994,798.0975852951965,0.5087927279241762,9.657963531691198
30.814080754391444,0.7499999999999982,796.2973477767698,0.5163605974176713,9.719990371594463
30.814080754391444,0.7499999999999982,796.2973477767698,0.5163605974176713,9.719990371594463
30.814080754391444,0.7499999999999982,796.2973477767698,0.5163605974176713,9.719990371594463
30.814080754391444,0.7499999999999982,796.2973477767698,0.5163605974176713,9.719990371594463
30.99940115126912,0.7499999999999988,799.2796270575618,0.5190509554587684,9.71041726028005
30.921605361302948,0.7499999999999982,799.267651736379,0.5168441987304265,9.598812730605482
30.921605361302948,0.7499999999999982,799.267651736379,0.5168441987304265,9.598812730605482
30.921605361302948,0.7499999999999982,799.267651736379,0.5168441987304265,9.598812730605482
30.636521901258956,0.7499999999999994,806.6952806587419,0.5131951803007971,9.637978018373591
30.944697999044337,0.7499999999999994,798.343024162408,0.5196194712216285,9.583244621571637
30.833409019102113,0.7499999999999993,808.5078680027589,0.5281658336681175,9.686024415211497
30.833409019102113,0.7499999999999993,808.5078680027589,0.5281658336681175,9.686024415211497
31.31605584795627,0.7500000000000002,798.1576605708,0.5441001054855334,9.650509818230919
30.47775319041266,0.75,807.5671015878111,0.5317319110728782,9.636147645482215
30.47775319041266,0.75,807.5671015878111,0.5317319110728782,9.636147645482215
30.47775319041266,0.75,807.5671015878111,0.5317319110728782,9.636147645482215
30.47775319041266,0.75,807.5671015878111,0.5317319110728782,9.636147645482215
30.47775319041266,0.75,807.5671015878111,0.5317319110728782,9.636147645482215
30.47775319041266,0.75,807.5671015878111,0.5317319110728782,9.636147645482215
30.749487172289392,0.7499999999999972,807.3048110498368,0.5146998691868973,9.69225654440998
31.06398118443048,0.7499999999999992,800.0550572212786,0.5223717355792832,9.704092771827941
31.06398118443048,0.7499999999999992,800.0550572212786,0.5223717355792832,9.704092771827941
30.106004454469183,0.7499999999999983,807.4497163785263,0.517848744634324,9.64301422450633
30.106004454469183,0.7499999999999983,807.4497163785263,0.517848744634324,9.64301422450633
30.1224758811861,0.749999999999997,803.9393614776409,0.5245288522653246,9.689480517033719
30.1224758811861,0.749999999999997,803.9393614776409,0.5245288522653246,9.689480517033719
30.09423780502982,0.7499999999999992,810.840941846091,0.5393335363626978,9.729458321048025
30.0780932751224,0.749999999999998,813.7809342862897,0.5586425017951319,9.74063073490376
30.0780932751224,0.749999999999998,813.7809342862897,0.5586425017951319,9.74063073490376
30.0780932751224,0.749999999999998,813.7809342862897,0.5586425017951319,9.74063073490376
29.915807849822453,0.7499999999999992,815.9120205468437,0.5585130823985915,9.633480490578972
29.915807849822453,0.7499999999999992,815.9120205468437,0.5585130823985915,9.633480490578972
30.793219779454972,0.7499999999999996,807.5001071717154,0.5619403724899302,9.783568876991314
30.166796515358065,0.7499999999999997,810.3438052569696,0.5560156424583725,9.667626102790695
30.395246514108262,0.7499999999999996,810.1898653003664,0.5578359578566513,9.589698311329602
30.395246514108262,0.7499999999999996,810.1898653003664,0.5578359578566513,9.589698311329602
29.992133572831666,0.7499999999999989,805.4182542731726,0.5542583104152723,9.579131921580275
30.525495467356876,0.7499999999999999,806.7472461614739,0.5489581806823592,9.726575256282382
30.525495467356876,0.7499999999999999,806.7472461614739,0.5489581806823592,9.726575256282382
30.525495467356876,0.7499999999999999,806.7472461614739,0.5489581806823592,9.726575256282382
30.328325344864336,0.7499999999999986,808.9380783581744,0.5435550778323527,9.690418726887476
29.9577207069317,0.7499999999999996,814.5937070507896,0.5539437489810568,9.619084532549769
29.9577207069317,0.7499999999999996,814.5937070507896,0.5539437489810568,9.619084532549769
29.9577207069317,0.7499999999999996,814.5937070507896,0.5539437489810568,9.619084532549769
29.9577207069317,0.7499999999999996,814.5937070507896,0.5539437489810568,9.619084532549769
29.9577207069317,0.7499999999999996,814.5937070507896,0.5539437489810568,9.619084532549769
29.9577207069317,0.7499999999999996,814.5937070507896,0.5539437489810568,9.619084532549769
29.9577207069317,0.7499999999999996,814.5937070507896,0.5539437489810568,9.619084532549769
30.333082326882415,0.7500000000000001,822.6279065136318,0.5605755708671537,9.74028017961292
30.333082326882415,0.7500000000000001,822.6279065136318,0.5605755708671537,9.74028017961292
30.333082326882415,0.7500000000000001,822.6279065136318,0.5605755708671537,9.74028017961292
30.876714536947762,0.7499999999999989,810.8787246213269,0.5707783792733216,9.841568393818255
30.334135723127805,0.7499999999999991,809.4078410945573,0.5557944445636155,9.80030533093518
30.334135723127805,0.7499999999999991,809.4078410945573,0.5557944445636155,9.80030533093518
30.831062095353513,0.7499999999999997,803.8975534896232,0.5678042041565577,9.73480590629336
30.831062095353513,0.7499999999999997,803.8975534896232,0.5678042041565577,9.73480590629336
30.831062095353513,0.7499999999999997,803.8975534896232,0.5678042041565577,9.73480590629336
30.31216488655313,0.7500000000000003,805.869881353934,0.5734928583905577,9.75834430680178
30.31216488655313,0.7500000000000003,805.869881353934,0.5734928583905577,9.75834430680178
30.282368809686293,0.7499999999999997,815.3282991137349,0.5729219581072112,9.866268251783978
30.282368809686293,0.7499999999999997,815.3282991137349,0.5729219581072112,9.866268251783978
30.676878082135687,0.7499999999999989,814.0504354766978,0.5723630339680156,9.930218993569815
30.676878082135687,0.7499999999999989,814.0504354766978,0.5723630339680156,9.930218993569815
30.676878082135687,0.7499999999999989,814.0504354766978,0.5723630339680156,9.930218993569815
30.32539007363083,0.7499999999999988,813.3556027096341,0.5640214014769391,9.817244715802738
30.32539007363083,0.7499999999999988,813.3556027096341,0.5640214014769391,9.817244715802738
30.800811840593006,0.7499999999999997,801.6947291695033,0.56504719073462,9.846760508724492
30.800811840593006,0.7499999999999997,801.6947291695033,0.56504719073462,9.846760508724492
30.59338860156878,0.7499999999999987,805.6045074538547,0.5742539567242971,9.78900856572559
30.525187939442112,0.7499999999999998,806.1923112615215,0.5578182521213816,9.866286648165346
30.525187939442112,0.7499999999999998,806.1923112615215,0.5578182521213816,9.866286648165346
30.597485141366562,0.7499999999999991,807.8734739858329,0.5515646010629365,9.792164962400358
30.838184467454305,0.7499999999999989,806.7461069157977,0.546613690253518,9.792275068791048
30.838184467454305,0.7499999999999989,806.7461069157977,0.546613690253518,9.792275068791048
30.838184467454305,0.7499999999999989,806.7461069157977,0.546613690253518,9.792275068791048
30.838184467454305,0.7499999999999989,806.7461069157977,0.546613690253518,9.792275068791048
31.09734065169589,0.7500000000000003,804.8656119505512,0.5459421428729163,9.794684918922531
30.54401631600721,0.7499999999999994,815.0088438761622,0.548852851425811,9.750344480599457
30.54401631600721,0.7499999999999994,815.0088438761622,0.548852851425811,9.750344480599457
30.54401631600721,0.7499999999999994,815.0088438761622,0.548852851425811,9.750344480599457
30.54401631600721,0.7499999999999994,815.0088438761622,0.548852851425811,9.750344480599457
30.396652280233138,0.7499999999999991,812.4877481211493,0.5407836344596999,9.704042876173716
30.396652280233138,0.7499999999999991,812.4877481211493,0.5407836344596999,9.704042876173716
30.26103184057664,0.7499999999999997,819.242395508125,0.5365507626108255,9.7029767074088
30.26103184057664,0.7499999999999997,819.242395508125,0.5365507626108255,9.7029767074088
31.30228963765694,0.7499999999999988,799.2611815808672,0.528383428982663,9.739027142012526
31.30228963765694,0.7499999999999988,799.2611815808672,0.528383428982663,9.739027142012526
30.70522659401087,0.7499999999999987,802.8443412277054,0.5220152902399623,9.595290290086414
30.46263260442325,0.7499999999999996,810.5266858711155,0.523621500118702,9.747477622971804
30.46263260442325,0.7499999999999996,810.5266858711155,0.523621500118702,9.747477622971804
30.584443617293804,0.7499999999999994,805.6813896628456,0.5227212350214148,9.733338622675623
30.12082527976895,0.7499999999999993,821.7732440367267,0.5183267844222919,9.720333365605175
30.12082527976895,0.7499999999999993,821.7732440367267,0.5183267844222919,9.720333365605175
30.12082527976895,0.7499999999999993,821.7732440367267,0.5183267844222919,9.720333365605175
30.12082527976895,0.7499999999999993,821.7732440367267,0.5183267844222919,9.720333365605175
30.321319679455947,0.7499999999999996,814.4117941921679,0.5183257330294134,9.691903970900011
29.85270245051317,0.7499999999999994,817.0636455929765,0.5360350355984617,9.78664691128346
29.85270245051317,0.7499999999999994,817.0636455929765,0.5360350355984617,9.78664691128346
29.833766396796666,0.7499999999999994,815.6480699223558,0.5514003101623407,9.775663723674949
29.833766396796666,0.7499999999999994,815.6480699223558,0.5514003101623407,9.775663723674949
30.64994124520608,0.7499999999999994,802.1737204009255,0.5360767800279694,9.669166051064158
30.64994124520608,0.7499999999999994,802.1737204009255,0.5360767800279694,9.669166051064158
30.64994124520608,0.7499999999999994,802.1737204009255,0.5360767800279694,9.669166051064158
30.64994124520608,0.7499999999999994,802.1737204009255,0.5360767800279694,9.669166051064158
30.16613652944583,0.7499999999999988,808.4382592788755,0.5425997074529028,9.643999920916524
30.16613652944583,0.7499999999999988,808.4382592788755,0.5425997074529028,9.643999920916524
30.16613652944583,0.7499999999999988,808.4382592788755,0.5425997074529028,9.643999920916524
30.24186491623224,0.7499999999999993,811.0642402118676,0.5396849921136102,9.69488045159683
30.24186491623224,0.7499999999999993,811.0642402118676,0.5396849921136102,9.69488045159683
30.051253872147527,0.7499999999999972,815.4578038783179,0.5414863447061387,9.750981765503544
30.051253872147527,0.7499999999999972,815.4578038783179,0.5414863447061387,9.750981765503544
30.051253872147527,0.7499999999999972,815.4578038783179,0.5414863447061387,9.750981765503544
30.051253872147527,0.7499999999999972,815.4578038783179,0.5414863447061387,9.750981765503544
29.901225140928915,0.7499999999999993,811.5049325004491,0.5324140633516001,9.718744278011197
29.901225140928915,0.7499999999999993,811.5049325004491,0.5324140633516001,9.718744278011197
29.901225140928915,0.7499999999999993,811.5049325004491,0.5324140633516001,9.718744278011197
29.901225140928915,0.7499999999999993,811.5049325004491,0.5324140633516001,9.718744278011197
29.901225140928915,0.7499999999999993,811.5049325004491,0.5324140633516001,9.718744278011197
29.901225140928915,0.7499999999999993,811.5049325004491,0.5324140633516001,9.718744278011197
29.901225140928915,0.7499999999999993,811.5049325004491,0.5324140633516001,9.718744278011197
29.65547806388969,0.7499999999999991,823.3894210171611,0.5387785100008691,9.774618246793398
29.65547806388969,0.7499999999999991,823.3894210171611,0.5387785100008691,9.774618246793398
29.921050758201403,0.7499999999999992,807.1497364879535,0.5276023051900055,9.699358302947243
30.1830359863765,0.7499999999999991,801.9592839126524,0.5209884941153583,9.711411722381522
30.1830359863765,0.7499999999999991,801.9592839126524,0.5209884941153583,9.711411722381522
30.1830359863765,0.7499999999999991,801.9592839126524,0.5209884941153583,9.711411722381522
30.450647485994143,0.7499999999999989,801.2182637049758,0.5379394565074587,9.756866936345158
29.949490956188075,0.7499999999999998,805.9276793049117,0.543217450229101,9.602178209950926
29.671791639497133,0.7499999999999983,804.9455792668616,0.5267903271576261,9.53083617079181
29.671791639497133,0.7499999999999983,804.9455792668616,0.5267903271576261,9.53083617079181
29.427921350661162,0.7499999999999987,803.1186480266178,0.5251443460885232,9.553342407672417
29.54038353549004,0.7499999999999973,808.9757316166072,0.53228124644168,9.629445937808601
29.664181620233474,0.7499999999999989,814.0047443945808,0.550706569990373,9.7474337138604
29.664181620233474,0.7499999999999989,814.0047443945808,0.550706569990373,9.7474337138604
29.664181620233474,0.7499999999999989,814.0047443945808,0.550706569990373,9.7474337138604
29.664181620233474,0.7499999999999989,814.0047443945808,0.550706569990373,9.7474337138604
30.058021020763306,0.7499999999999992,809.667482032354,0.5469529720756395,9.864447103761389
30.058021020763306,0.7499999999999992,809.667482032354,0.5469529720756395,9.864447103761389
29.923695709061093,0.7499999999999987,810.5719559376187,0.5395806021165575,9.780584860109187
29.923695709061093,0.7499999999999987,810.5719559376187,0.5395806021165575,9.780584860109187
29.62022368176493,0.7500000000000001,817.7027107758553,0.5519285047816918,9.89200849022013
29.62022368176493,0.7500000000000001,817.7027107758553,0.5519285047816918,9.89200849022013
30.159379225267816,0.7499999999999994,819.1351093084635,0.5657868162630737,10.004282332786806
30.159379225267816,0.7499999999999994,819.1351093084635,0.5657868162630737,10.004282332786806
30.159379225267816,0.7499999999999994,819.1351093084635,0.5657868162630737,10.004282332786806
30.159379225267816,0.7499999999999994,819.1351093084635,0.5657868162630737,10.004282332786806
30.159379225267816,0.7499999999999994,819.1351093084635,0.5657868162630737,10.004282332786806
30.159379225267816,0.7499999999999994,819.1351093084635,0.5657868162630737,10.004282332786806
30.159379225267816,0.7499999999999994,819.1351093084635,0.5657868162630737,10.004282332786806
30.03509861162677,0.75,815.9691944276773,0.565109380175777,10.035265993551736
30.782721493634476,0.7499999999999999,811.0564078681616,0.5669689645864069,10.10420690720999
30.082255281811108,0.7500000000000001,814.2259724737613,0.563430464261144,10.078040517334776
30.389321446635154,0.7499999999999997,811.9849355823928,0.5553459640912763,10.09550046619455
30.30069432743611,0.7499999999999993,807.6666206593084,0.55840379743287,9.955375258245088
30.20274048764857,0.7500000000000001,813.7251623777886,0.5789087368621691,10.011613092878239
30.017730559000228,0.7499999999999986,811.5379057561705,0.5809284425859176,9.947298986649656
29.74112278655087,0.75,812.509313043928,0.5908817545255766,9.96039800397106
29.725539579510304,0.7499999999999998,814.0896096830766,0.5850888284070723,9.980315065233487
29.682326342220062,0.749999999999996,806.5831697769977,0.5761846932800498,9.924648225697178
29.076118231705948,0.7499999999999983,812.0210658968084,0.568032960233898,9.917830086103512
29.425101290309872,0.75,807.6608038634472,0.5686213422447156,9.895746082433789
28.842596308171924,0.7499999999999996,814.1748559590895,0.5593889739753032,9.797357022278007
28.842596308171924,0.7499999999999996,814.1748559590895,0.5593889739753032,9.797357022278007
28.842596308171924,0.7499999999999996,814.1748559590895,0.5593889739753032,9.797357022278007
29.092902594384448,0.7499999999999982,809.4586616229691,0.536869045380732,9.729220700365854
28.82464985861417,0.7499999999999982,812.6242097483027,0.534048149884167,9.72705180661226
28.69553914010101,0.7499999999999998,816.0009896439964,0.5356126326480599,9.75577672057461
28.64696006959802,0.749999999999999,819.4961340150248,0.5352304638259964,9.853734197416554
28.64696006959802,0.749999999999999,819.4961340150248,0.5352304638259964,9.853734197416554
28.147159516926518,0.7499999999999994,821.0598060949786,0.5186254526653873,9.760352660729804
28.610843721811946,0.7499999999999996,828.3682074377813,0.537441315111651,9.836906194893269
28.610843721811946,0.7499999999999996,828.3682074377813,0.537441315111651,9.836906194893269
28.610843721811946,0.7499999999999996,828.3682074377813,0.537441315111651,9.836906194893269
29.18664101862122,0.7499999999999991,821.3472961238789,0.5401128307715025,9.860161759611211
29.928179061564236,0.7499999999999992,819.2526298909579,0.5300912108441933,9.92509454893884
30.126441291417706,0.7499999999999976,817.890887902513,0.5276019695325237,10.00275162840712
29.93409446854994,0.7500000000000002,811.1513935706666,0.5209946036158846,9.979994572768316
29.729625560408778,0.7499999999999999,811.2718117033925,0.5107992926007249,9.84234869352547
30.013633547691757,0.7499999999999998,809.5261809717487,0.5104455266288594,9.871921303874652
29.832766241497136,0.7499999999999996,814.6908749100514,0.5214878949811418,9.91661692104525
29.832766241497136,0.7499999999999996,814.6908749100514,0.5214878949811418,9.91661692104525
29.805739288333662,0.7499999999999987,808.8090536955419,0.5300031628325984,9.93674293829215
29.805739288333662,0.7499999999999987,808.8090536955419,0.5300031628325984,9.93674293829215
29.805739288333662,0.7499999999999987,808.8090536955419,0.5300031628325984,9.93674293829215
29.805739288333662,0.7499999999999987,808.8090536955419,0.5300031628325984,9.93674293829215
29.880252102618908,0.7499999999999998,814.4674276938078,0.5345008794581853,9.971760737088093
29.26466464906041,0.7499999999999994,822.3620421080925,0.5338602398343597,10.054358203667906
29.157897202791393,0.7499999999999998,818.8315789594004,0.5317785895501922,10.044502537290148
29.157897202791393,0.7499999999999998,818.8315789594004,0.5317785895501922,10.044502537290148
29.79819602477734,0.7499999999999992,813.8632424229213,0.5425748279816014,10.089779503497615
29.79819602477734,0.7499999999999992,813.8632424229213,0.5425748279816014,10.089779503497615
29.79819602477734,0.7499999999999992,813.8632424229213,0.5425748279816014,10.089779503497615
29.871369086990562,0.7499999999999993,812.8399249867576,0.5357316369966714,10.07508498378408
29.714608554546015,0.7499999999999991,815.0596403971804,0.5431426228888856,10.083577318141494
30.153929474257623,0.7499999999999996,812.2909222402557,0.5398784234094111,10.002186775562127
30.153929474257623,0.7499999999999996,812.2909222402557,0.5398784234094111,10.002186775562127
30.364642000647784,0.7499999999999999,821.4259719972918,0.5431839321200628,10.116890518790829
30.507290229880727,0.749999999999999,816.0251779457534,0.5391091184228204,10.087355444111713
30.507290229880727,0.749999999999999,816.0251779457534,0.5391091184228204,10.087355444111713
30.056186394357216,0.7499999999999991,819.2786964376628,0.5303879629347186,10.052176510110721
30.07178881210935,0.7499999999999999,818.981365610336,0.5466196225462614,10.132022138403343
30.222294009446255,0.75,818.573639312207,0.5475842773795692,10.163259036365352
30.222294009446255,0.75,818.573639312207,0.5475842773795692,10.163259036365352
30.168688315878978,0.7499999999999992,821.0538591898452,0.5490821657396329,10.180887540532094
30.597716047970987,0.7499999999999997,812.861008590245,0.5555980480231488,10.147200676263088
30.597716047970987,0.7499999999999997,812.861008590245,0.5555980480231488,10.147200676263088
29.846745420161994,0.7499999999999984,813.6012500061578,0.5508125947195617,10.12526087573066
29.846745420161994,0.7499999999999984,813.6012500061578,0.5508125947195617,10.12526087573066
30.372634523880226,0.7499999999999998,801.9532328856832,0.5476809020268472,10.054375427991037
30.737537224554337,0.75,803.0150004207519,0.5471566018159921,10.129875814649944
30.431778915731407,0.7499999999999979,800.6503063204298,0.5586706092215724,10.1462529801484
30.431778915731407,0.7499999999999979,800.6503063204298,0.5586706092215724,10.1462529801484
30.431778915731407,0.7499999999999979,800.6503063204298,0.5586706092215724,10.1462529801484
30.85718132554946,0.7499999999999989,799.370474863072,0.5641931534451389,10.110655439804535
30.7827727959028,0.7499999999999999,807.438470353415,0.5614600237357351,10.202073894539629
30.418999725895862,0.749999999999999,802.3048325548037,0.546141535982748,10.01591804903334
30.80054543570191,0.7499999999999996,802.4814848003801,0.5506290009473118,10.065100992288865
30.439612811361194,0.7499999999999987,803.3779798333181,0.54714537711944,9.959744090524243
30.137203993606764,0.7499999999999991,803.1412691932527,0.5454311773876472,9.914991393779648
30.137203993606764,0.7499999999999991,803.1412691932527,0.5454311773876472,9.914991393779648
31.064445120431884,0.75,798.9392356439856,0.5342132307049758,9.806442053804005
31.064445120431884,0.75,798.9392356439856,0.5342132307049758,9.806442053804005
31.064445120431884,0.75,798.9392356439856,0.5342132307049758,9.806442053804005
30.3162980925213,0.7499999999999996,804.7318742332493,0.539698056092187,9.800353024591397
30.389238292840517,0.7499999999999999,805.0649701994852,0.5515265239458746,9.944973009738192
30.273884298187326,0.7499999999999998,802.1874614795007,0.5449760376305491,9.969968799750685
30.273884298187326,0.7499999999999998,802.1874614795007,0.5449760376305491,9.969968799750685
30.533980599774225,0.749999999999999,802.4274207768992,0.5568220381630037,9.92874675696859
30.533980599774225,0.749999999999999,802.4274207768992,0.5568220381630037,9.92874675696859
30.533980599774225,0.749999999999999,802.4274207768992,0.5568220381630037,9.92874675696859
30.533980599774225,0.749999999999999,802.4274207768992,0.5568220381630037,9.92874675696859
29.714033847153008,0.7499999999999989,811.1827844684508,0.5619941144336202,9.942096806682596
29.71260558135444,0.7499999999999997,816.7482113826129,0.5585314431454234,9.932186472501744
29.71260558135444,0.7499999999999997,816.7482113826129,0.5585314431454234,9.932186472501744
29.71260558135444,0.7499999999999997,816.7482113826129,0.5585314431454234,9.932186472501744
29.943518026283005,0.7499999999999996,815.0084454296336,0.5599741966433163,10.05713385467558
29.943518026283005,0.7499999999999996,815.0084454296336,0.5599741966433163,10.05713385467558
30.253355841833926,0.7499999999999992,817.8157814015123,0.55497505797587,10.06727305271076
30.253355841833926,0.7499999999999992,817.8157814015123,0.55497505797587,10.06727305271076
30.483780298674702,0.7499999999999996,816.9966922896348,0.5640562303723267,10.15753922679094
30.483780298674702,0.7499999999999996,816.9966922896348,0.5640562303723267,10.15753922679094
30.483780298674702,0.7499999999999996,816.9966922896348,0.5640562303723267,10.15753922679094
30.775937142148447,0.7499999999999986,811.6496646935497,0.5558820941499382,10.075957946541
30.404440093485455,0.7499999999999994,816.0004923589518,0.5540532942051951,10.129655800641086
29.75441075579781,0.7499999999999988,829.1003720082512,0.5616026322597858,10.096614505038275
29.75441075579781,0.7499999999999988,829.1003720082512,0.5616026322597858,10.096614505038275
29.117374041453026,0.7499999999999997,841.0824823740979,0.5590771109413091,10.176968370709321
29.507249173640872,0.7500000000000001,829.5974987844234,0.5548519170684697,10.099590457958627
29.507249173640872,0.7500000000000001,829.5974987844234,0.5548519170684697,10.099590457958627
29.507249173640872,0.7500000000000001,829.5974987844234,0.5548519170684697,10.099590457958627
30.23839359276275,0.7499999999999978,827.4650415394298,0.5504177626809574,10.05895932426636
30.23839359276275,0.7499999999999978,827.4650415394298,0.5504177626809574,10.05895932426636
29.94689335935949,0.7499999999999997,828.3058129153196,0.5586680042533834,10.0616160302906
30.2931906829145,0.7499999999999998,820.0271895833611,0.5633364108902394,10.056656736276675
30.2931906829145,0.7499999999999998,820.0271895833611,0.5633364108902394,10.056656736276675
29.428268054794298,0.75,824.7854745163862,0.5552133665011636,9.92562632286489
29.428268054794298,0.75,824.7854745163862,0.5552133665011636,9.92562632286489
29.756169753566965,0.7499999999999992,819.9709324582402,0.5417816635252078,9.918142806898055
29.756169753566965,0.7499999999999992,819.9709324582402,0.5417816635252078,9.918142806898055
29.693623508484073,0.7500000000000004,812.8525654255552,0.5298776489503179,9.78673192893228
30.070492019550272,0.7499999999999993,812.3839333479399,0.5159348367538624,9.817606965752358
29.947379874337567,0.7499999999999994,818.8030830639896,0.5285647840515246,9.907409365152906
30.35654614837415,0.7499999999999998,811.435438086127,0.5152739187616199,9.928983665771312
29.800802387167987,0.75,813.9981746148516,0.5129353544471984,9.93248551355891
29.800802387167987,0.75,813.9981746148516,0.5129353544471984,9.93248551355891
29.800802387167987,0.75,813.9981746148516,0.5129353544471984,9.93248551355891
29.30423745038048,0.7499999999999988,816.0365138344966,0.5155821760078633,9.915765690882887
29.985204778441506,0.75,812.4554620338473,0.5288617899251775,9.93171065584075
29.084484192088407,0.75,818.369431171007,0.5234364074452719,9.834679721956897
29.084484192088407,0.75,818.369431171007,0.5234364074452719,9.834679721956897
29.131230872889745,0.7499999999999991,805.6350235847477,0.5224572308079579,9.694056634102646
28.66941661807722,0.7499999999999988,815.9664615654353,0.5295860989298347,9.68773007531622
28.66941661807722,0.7499999999999988,815.9664615654353,0.5295860989298347,9.68773007531622
28.66941661807722,0.7499999999999988,815.9664615654353,0.5295860989298347,9.68773007531622
28.66941661807722,0.7499999999999988,815.9664615654353,0.5295860989298347,9.68773007531622
28.66941661807722,0.7499999999999988,815.9664615654353,0.5295860989298347,9.68773007531622
28.66941661807722,0.7499999999999988,815.9664615654353,0.5295860989298347,9.68773007531622
28.43109860750526,0.7499999999999992,819.1159408027873,0.5214132961521912,9.679826943171904
29.213593107849725,0.7499999999999998,806.3195411198592,0.5240399536708266,9.778715257858767
29.47556708759824,0.7499999999999993,807.5243697364721,0.5330917135246567,9.843296627489334
29.649772495610396,0.7499999999999998,819.1889407578547,0.54978893935096,9.872116421072642
29.649772495610396,0.7499999999999998,819.1889407578547,0.54978893935096,9.872116421072642
29.649772495610396,0.7499999999999998,819.1889407578547,0.54978893935096,9.872116421072642
29.649772495610396,0.7499999999999998,819.1889407578547,0.54978893935096,9.872116421072642
29.104778413164205,0.7499999999999997,816.8221899651879,0.5564393284491463,9.98449715135055
28.774580733155897,0.7499999999999999,821.4151856526884,0.553759703834672,10.009721685827648
28.774580733155897,0.7499999999999999,821.4151856526884,0.553759703834672,10.009721685827648
28.774580733155897,0.7499999999999999,821.4151856526884,0.553759703834672,10.009721685827648
28.774580733155897,0.7499999999999999,821.4151856526884,0.553759703834672,10.009721685827648
28.774580733155897,0.7499999999999999,821.4151856526884,0.553759703834672,10.009721685827648
28.774580733155897,0.7499999999999999,821.4151856526884,0.553759703834672,10.009721685827648
28.774580733155897,0.7499999999999999,821.4151856526884,0.553759703834672,10.009721685827648
28.431202539445156,0.7499999999999987,821.9264738009157,0.5503829738721194,10.006618810613745
28.431202539445156,0.7499999999999987,821.9264738009157,0.5503829738721194,10.006618810613745
28.24973071432664,0.7499999999999987,827.2545369680374,0.5506053439334808,10.080361937351611
28.673955872408925,0.7499999999999981,826.6449899305918,0.5532819987533054,10.048400129885167
28.673955872408925,0.7499999999999981,826.6449899305918,0.5532819987533054,10.048400129885167
28.673955872408925,0.7499999999999981,826.6449899305918,0.5532819987533054,10.048400129885167
28.673955872408925,0.7499999999999981,826.6449899305918,0.5532819987533054,10.048400129885167
29.344133425569563,0.7499999999999998,813.9343717377719,0.5452172438133638,9.90166392834593
29.344133425569563,0.7499999999999998,813.9343717377719,0.5452172438133638,9.90166392834593
29.344133425569563,0.7499999999999998,813.9343717377719,0.5452172438133638,9.90166392834593
29.344133425569563,0.7499999999999998,813.9343717377719,0.5452172438133638,9.90166392834593
29.11196706407375,0.7499999999999986,814.4384957068561,0.5483701457833153,9.979620336379648
28.490690273533453,0.7499999999999997,819.5905618031848,0.541954317225148,9.94537703539512
28.758690260956683,0.7499999999999996,813.1258216645832,0.5334634855815575,9.878120936391147
28.758690260956683,0.7499999999999996,813.1258216645832,0.5334634855815575,9.878120936391147
28.758690260956683,0.7499999999999996,813.1258216645832,0.5334634855815575,9.878120936391147
28.798234638744063,0.7499999999999987,811.6013461374955,0.5356745094857936,9.88488992126538
28.798234638744063,0.7499999999999987,811.6013461374955,0.5356745094857936,9.88488992126538
28.84577709699884,0.7499999999999979,813.9470584493945,0.5372106232503268,9.891586543381257
28.84577709699884,0.7499999999999979,813.9470584493945,0.5372106232503268,9.891586543381257
28.84577709699884,0.7499999999999979,813.9470584493945,0.5372106232503268,9.891586543381257
28.84577709699884,0.7499999999999979,813.9470584493945,0.5372106232503268,9.891586543381257
28.535544781126177,0.7499999999999994,819.2953196385663,0.5393391793926516,9.919429516851782
27.75004375502519,0.7499999999999993,825.234636446749,0.5306486855418233,9.868625973768095
27.75004375502519,0.7499999999999993,825.234636446749,0.5306486855418233,9.868625973768095
27.75004375502519,0.7499999999999993,825.234636446749,0.5306486855418233,9.868625973768095
27.78143878705012,0.7499999999999996,827.542256701772,0.5263741920663334,9.861674962720812
28.371983265536624,0.7499999999999992,834.1867151962485,0.526436596848948,9.95179489406145
28.371983265536624,0.7499999999999992,834.1867151962485,0.526436596848948,9.95179489406145
28.809007016114236,0.75,815.2319397658806,0.5326643666708397,9.841521636468652
28.809007016114236,0.75,815.2319397658806,0.5326643666708397,9.841521636468652
28.809007016114236,0.75,815.2319397658806,0.5326643666708397,9.841521636468652
29.243112348920278,0.749999999999997,810.939119547683,0.5342880771456419,9.872442715141977
29.243112348920278,0.749999999999997,810.939119547683,0.5342880771456419,9.872442715141977
28.97716100034763,0.7499999999999993,818.3837669038455,0.5283906297541497,9.92580477749394
28.97716100034763,0.7499999999999993,818.3837669038455,0.5283906297541497,9.92580477749394
29.094956227924783,0.7500000000000001,811.9750270094065,0.516445928323362,9.769288517726505
29.094956227924783,0.7500000000000001,811.9750270094065,0.516445928323362,9.769288517726505
28.81079832513965,0.7499999999999999,818.9959570118052,0.5178940133036349,9.841180187204875
28.756977924453206,0.75,818.0957581569619,0.5064288269725106,9.83735438191383
28.756977924453206,0.75,818.0957581569619,0.5064288269725106,9.83735438191383
28.756977924453206,0.75,818.0957581569619,0.5064288269725106,9.83735438191383
28.756977924453206,0.75,818.0957581569619,0.5064288269725106,9.83735438191383
28.756977924453206,0.75,818.0957581569619,0.5064288269725106,9.83735438191383
29.180469343441455,0.7499999999999989,816.1313147345593,0.4959967528854984,9.821579954683125
29.180469343441455,0.7499999999999989,816.1313147345593,0.4959967528854984,9.821579954683125
29.180469343441455,0.7499999999999989,816.1313147345593,0.4959967528854984,9.821579954683125
29.772447578562105,0.7499999999999988,805.6263732337836,0.4936300948752461,9.715603534242547
29.560389836353302,0.7499999999999997,810.7312259759327,0.48857891933247916,9.677000711725984
29.389731422464294,0.7499999999999991,824.9026691806558,0.5056265037902611,9.730798144164481
29.41082501068779,0.749999999999999,817.3880950340464,0.500739884796107,9.714298139572568
28.994619102523114,0.7499999999999991,814.8392107241923,0.4801622285861794,9.642311932327237
28.994619102523114,0.7499999999999991,814.8392107241923,0.4801622285861794,9.642311932327237
28.89420021511407,0.7499999999999993,820.837551054696,0.4781797894121157,9.685655145372976
29.50274785610027,0.7499999999999993,813.7584149721855,0.4940959986309918,9.746618549331032
29.50274785610027,0.7499999999999993,813.7584149721855,0.4940959986309918,9.746618549331032
28.622131764917807,0.7499999999999993,825.9260359818229,0.5018382361688961,9.636710727610895
28.92992057504962,0.7499999999999992,814.9525783212621,0.5062689540275596,9.606629116699661
28.92992057504962,0.7499999999999992,814.9525783212621,0.5062689540275596,9.606629116699661
28.92992057504962,0.7499999999999992,814.9525783212621,0.5062689540275596,9.606629116699661
29.026346177197833,0.7499999999999997,820.1128496353887,0.5067800716669763,9.65835064158399
29.026346177197833,0.7499999999999997,820.1128496353887,0.5067800716669763,9.65835064158399
29.14875755767905,0.7499999999999997,810.2543053156526,0.5094829945478181,9.636636550963914
28.774290358097392,0.7499999999999996,811.0170206226431,0.5125176362488939,9.605865648094317
28.680800892986014,0.75,818.7394699144279,0.512896707289063,9.570142917910454
28.802911144653617,0.7500000000000001,817.4744137807268,0.5045868101982036,9.494208461055589
28.802911144653617,0.7500000000000001,817.4744137807268,0.5045868101982036,9.494208461055589
28.802911144653617,0.7500000000000001,817.4744137807268,0.5045868101982036,9.494208461055589
29.257238618590538,0.7499999999999991,806.0160262087114,0.49273485011393786,9.44016507460967
29.257238618590538,0.7499999999999991,806.0160262087114,0.49273485011393786,9.44016507460967
29.257238618590538,0.7499999999999991,806.0160262087114,0.49273485011393786,9.44016507460967
29.257238618590538,0.7499999999999991,806.0160262087114,0.49273485011393786,9.44016507460967
29.257238618590538,0.7499999999999991,806.0160262087114,0.49273485011393786,9.44016507460967
29.257238618590538,0.7499999999999991,806.0160262087114,0.49273485011393786,9.44016507460967
29.257238618590538,0.7499999999999991,806.0160262087114,0.49273485011393786,9.44016507460967
29.257238618590538,0.7499999999999991,806.0160262087114,0.49273485011393786,9.44016507460967
29.08028924347998,0.7499999999999994,813.2504481306196,0.5110508664662745,9.56032280730408
29.08028924347998,0.7499999999999994,813.2504481306196,0.5110508664662745,9.56032280730408
29.08028924347998,0.7499999999999994,813.2504481306196,0.5110508664662745,9.56032280730408
28.68868132306018,0.7499999999999997,816.2227019319738,0.5137127995782741,9.60882377941157
28.23372897235463,0.749999999999999,817.3649106711646,0.5037585127646436,9.49079825717564
28.47066527803064,0.7499999999999992,814.2847032859609,0.4951764974424345,9.48132620791013
28.986774798639484,0.7499999999999981,809.0317343937375,0.5011567927950762,9.614526915372874
28.986774798639484,0.7499999999999981,809.0317343937375,0.5011567927950762,9.614526915372874
29.35634646604599,0.7499999999999988,814.0717015018554,0.5033917595636025,9.652226128964497
29.424650803001573,0.7499999999999994,808.353112514357,0.5029108252362264,9.664110698532955
29.424650803001573,0.7499999999999994,808.353112514357,0.5029108252362264,9.664110698532955
29.094710092263142,0.7499999999999996,803.4239400929409,0.4936185257829164,9.5930941607287
29.094710092263142,0.7499999999999996,803.4239400929409,0.4936185257829164,9.5930941607287
29.404182366943967,0.7499999999999993,807.0077272402982,0.48096602612622924,9.492025318841987
29.404182366943967,0.7499999999999993,807.0077272402982,0.48096602612622924,9.492025318841987
29.404182366943967,0.7499999999999993,807.0077272402982,0.48096602612622924,9.492025318841987
29.404182366943967,0.7499999999999993,807.0077272402982,0.48096602612622924,9.492025318841987
29.8152907330317,0.7499999999999993,802.2594620646554,0.482612209112556,9.47651850751563
30.205394446164764,0.7499999999999989,798.6065311862054,0.4742833258085011,9.568637046943943
29.938647490794455,0.7499999999999989,800.3285223977551,0.4602622654897359,9.539941795264179
29.70324829406215,0.7499999999999979,811.0783176105831,0.4617675521942206,9.667563516246258
29.70324829406215,0.7499999999999979,811.0783176105831,0.4617675521942206,9.667563516246258
29.70324829406215,0.7499999999999979,811.0783176105831,0.4617675521942206,9.667563516246258
29.8172218901063,0.7499999999999994,809.5712714275405,0.45158239101182984,9.637648654356358
29.8172218901063,0.7499999999999994,809.5712714275405,0.45158239101182984,9.637648654356358
29.8172218901063,0.7499999999999994,809.5712714275405,0.45158239101182984,9.637648654356358
29.245025264446195,0.7499999999999998,817.3692415413481,0.45864616297063854,9.673287708783741
29.245025264446195,0.7499999999999998,817.3692415413481,0.45864616297063854,9.673287708783741
29.245025264446195,0.7499999999999998,817.3692415413481,0.45864616297063854,9.673287708783741
29.245025264446195,0.7499999999999998,817.3692415413481,0.45864616297063854,9.673287708783741
29.831820392665737,0.7499999999999991,819.3801204652359,0.4611764540600241,9.67406047920564
29.423100479597643,0.7499999999999991,826.360499362258,0.4642465557935159,9.711001950428866
29.423100479597643,0.7499999999999991,826.360499362258,0.4642465557935159,9.711001950428866
29.423100479597643,0.7499999999999991,826.360499362258,0.4642465557935159,9.711001950428866
29.423100479597643,0.7499999999999991,826.360499362258,0.4642465557935159,9.711001950428866
29.423100479597643,0.7499999999999991,826.360499362258,0.4642465557935159,9.711001950428866
29.423100479597643,0.7499999999999991,826.360499362258,0.4642465557935159,9.711001950428866
29.423100479597643,0.7499999999999991,826.360499362258,0.4642465557935159,9.711001950428866
29.423100479597643,0.7499999999999991,826.360499362258,0.4642465557935159,9.711001950428866
29.423100479597643,0.7499999999999991,826.360499362258,0.4642465557935159,9.711001950428866
29.423100479597643,0.7499999999999991,826.360499362258,0.4642465557935159,9.711001950428866
29.423100479597643,0.7499999999999991,826.360499362258,0.4642465557935159,9.711001950428866
29.423100479597643,0.7499999999999991,826.360499362258,0.4642465557935159,9.711001950428866
29.423100479597643,0.7499999999999991,826.360499362258,0.4642465557935159,9.711001950428866
29.423100479597643,0.7499999999999991,826.360499362258,0.4642465557935159,9.711001950428866
29.423100479597643,0.7499999999999991,826.360499362258,0.4642465557935159,9.711001950428866
29.423100479597643,0.7499999999999991,826.360499362258,0.4642465557935159,9.711001950428866
29.423100479597643,0.7499999999999991,826.360499362258,0.4642465557935159,9.711001950428866
29.423100479597643,0.7499999999999991,826.360499362258,0.4642465557935159,9.711001950428866
29.423100479597643,0.7499999999999991,826.360499362258,0.4642465557935159,9.711001950428866
29.423100479597643,0.7499999999999991,826.360499362258,0.4642465557935159,9.711001950428866
29.423100479597643,0.7499999999999991,826.360499362258,0.4642465557935159,9.711001950428866
29.423100479597643,0.7499999999999991,826.360499362258,0.4642465557935159,9.711001950428866
29.423100479597643,0.7499999999999991,826.360499362258,0.4642465557935159,9.711001950428866
29.423100479597643,0.7499999999999991,826.360499362258,0.4642465557935159,9.711001950428866
29.423100479597643,0.7499999999999991,826.360499362258,0.4642465557935159,9.711001950428866
29.423100479597643,0.7499999999999991,826.360499362258,0.4642465557935159,9.711001950428866
29.423100479597643,0.7499999999999991,826.360499362258,0.4642465557935159,9.711001950428866
29.423100479597643,0.7499999999999991,826.360499362258,0.4642465557935159,9.711001950428866
29.423100479597643,0.7499999999999991,826.360499362258,0.4642465557935159,9.711001950428866
29.423100479597643,0.7499999999999991,826.360499362258,0.4642465557935159,9.711001950428866
29.423100479597643,0.7499999999999991,826.360499362258,0.4642465557935159,9.711001950428866
29.423100479597643,0.7499999999999991,826.360499362258,0.4642465557935159,9.711001950428866
29.423100479597643,0.7499999999999991,826.360499362258,0.4642465557935159,9.711001950428866
29.423100479597643,0.7499999999999991,826.360499362258,0.4642465557935159,9.711001950428866
29.423100479597643,0.7499999999999991,826.360499362258,0.4642465557935159,9.711001950428866
29.423100479597643,0.7499999999999991,826.360499362258,0.4642465557935159,9.711001950428866
29.423100479597643,0.7499999999999991,826.360499362258,0.4642465557935159,9.711001950428866
29.423100479597643,0.7499999999999991,826.360499362258,0.4642465557935159,9.711001950428866
29.423100479597643,0.7499999999999991,826.360499362258,0.4642465557935159,9.711001950428866
29.423100479597643,0.7499999999999991,826.360499362258,0.4642465557935159,9.711001950428866
29.423100479597643,0.7499999999999991,826.360499362258,0.4642465557935159,9.711001950428866
29.423100479597643,0.7499999999999991,826.360499362258,0.4642465557935159,9.711001950428866
29.423100479597643,0.7499999999999991,826.360499362258,0.4642465557935159,9.711001950428866
29.423100479597643,0.7499999999999991,826.360499362258,0.4642465557935159,9.711001950428866
29.423100479597643,0.7499999999999991,826.360499362258,0.4642465557935159,9.711001950428866
29.423100479597643,0.7499999999999991,826.360499362258,0.4642465557935159,9.711001950428866
29.423100479597643,0.7499999999999991,826.360499362258,0.4642465557935159,9.711001950428866
29.423100479597643,0.7499999999999991,826.360499362258,0.4642465557935159,9.711001950428866
29.423100479597643,0.7499999999999991,826.360499362258,0.4642465557935159,9.711001950428866
29.423100479597643,0.7499999999999991,826.360499362258,0.4642465557935159,9.711001950428866
29.423100479597643,0.7499999999999991,826.360499362258,0.4642465557935159,9.711001950428866
29.423100479597643,0.7499999999999991,826.360499362258,0.4642465557935159,9.711001950428866
29.423100479597643,0.7499999999999991,826.360499362258,0.4642465557935159,9.711001950428866
29.423100479597643,0.7499999999999991,826.360499362258,0.4642465557935159,9.711001950428866
29.423100479597643,0.7499999999999991,826.360499362258,0.4642465557935159,9.711001950428866
29.423100479597643,0.7499999999999991,826.360499362258,0.4642465557935159,9.711001950428866
29.423100479597643,0.7499999999999991,826.360499362258,0.4642465557935159,9.711001950428866
29.423100479597643,0.7499999999999991,826.360499362258,0.4642465557935159,9.711001950428866
29.423100479597643,0.7499999999999991,826.360499362258,0.4642465557935159,9.711001950428866
29.423100479597643,0.7499999999999991,826.360499362258,0.4642465557935159,9.711001950428866
29.423100479597643,0.7499999999999991,826.360499362258,0.4642465557935159,9.711001950428866
29.423100479597643,0.7499999999999991,826.360499362258,0.4642465557935159,9.711001950428866
29.423100479597643,0.7499999999999991,826.360499362258,0.4642465557935159,9.711001950428866
29.423100479597643,0.7499999999999991,826.360499362258,0.4642465557935159,9.711001950428866
29.423100479597643,0.7499999999999991,826.360499362258,0.4642465557935159,9.711001950428866
29.423100479597643,0.7499999999999991,826.360499362258,0.4642465557935159,9.711001950428866
29.423100479597643,0.7499999999999991,826.360499362258,0.4642465557935159,9.711001950428866
29.423100479597643,0.7499999999999991,826.360499362258,0.4642465557935159,9.711001950428866
29.423100479597643,0.7499999999999991,826.360499362258,0.4642465557935159,9.711001950428866
29.423100479597643,0.7499999999999991,826.360499362258,0.4642465557935159,9.711001950428866
29.423100479597643,0.7499999999999991,826.360499362258,0.4642465557935159,9.711001950428866
29.423100479597643,0.7499999999999991,826.360499362258,0.4642465557935159,9.711001950428866
29.423100479597643,0.7499999999999991,826.360499362258,0.4642465557935159,9.711001950428866
29.423100479597643,0.7499999999999991,826.360499362258,0.4642465557935159,9.711001950428866
29.423100479597643,0.7499999999999991,826.360499362258,0.4642465557935159,9.711001950428866
29.423100479597643,0.7499999999999991,826.360499362258,0.4642465557935159,9.711001950428866
29.423100479597643,0.7499999999999991,826.360499362258,0.4642465557935159,9.711001950428866
29.423100479597643,0.7499999999999991,826.360499362258,0.4642465557935159,9.711001950428866
29.423100479597643,0.7499999999999991,826.360499362258,0.4642465557935159,9.711001950428866
29.423100479597643,0.7499999999999991,826.360499362258,0.4642465557935159,9.711001950428866
29.423100479597643,0.7499999999999991,826.360499362258,0.4642465557935159,9.711001950428866
29.423100479597643,0.7499999999999991,826.360499362258,0.4642465557935159,9.711001950428866
29.423100479597643,0.7499999999999991,826.360499362258,0.4642465557935159,9.711001950428866
29.423100479597643,0.7499999999999991,826.360499362258,0.4642465557935159,9.711001950428866
29.423100479597643,0.7499999999999991,826.360499362258,0.4642465557935159,9.711001950428866
29.423100479597643,0.7499999999999991,826.360499362258,0.4642465557935159,9.711001950428866
29.423100479597643,0.7499999999999991,826.360499362258,0.4642465557935159,9.711001950428866
30.84881303566074,0.7499999999999998,802.5207968749576,0.4733339713829543,9.828959410313734
30.13539142416803,0.7499999999999993,809.057291421193,0.471574148101071,9.809129312224897
30.13539142416803,0.7499999999999993,809.057291421193,0.471574148101071,9.809129312224897
30.13539142416803,0.7499999999999993,809.057291421193,0.471574148101071,9.809129312224897
30.054488822762966,0.749999999999999,801.8230946418109,0.46562509288513754,9.742525480666313
30.054488822762966,0.749999999999999,801.8230946418109,0.46562509288513754,9.742525480666313
30.054488822762966,0.749999999999999,801.8230946418109,0.46562509288513754,9.742525480666313
30.054488822762966,0.749999999999999,801.8230946418109,0.46562509288513754,9.742525480666313
30.054488822762966,0.749999999999999,801.8230946418109,0.46562509288513754,9.742525480666313
30.054488822762966,0.749999999999999,801.8230946418109,0.46562509288513754,9.742525480666313
30.070165163083427,0.7499999999999992,795.1136082278201,0.4551093029857356,9.643353787463848
29.235552455537714,0.7499999999999997,813.6109129261107,0.47229554262772344,9.832114520515708
29.235552455537714,0.7499999999999997,813.6109129261107,0.47229554262772344,9.832114520515708
29.09339513497976,0.7499999999999991,817.1557365909536,0.4874894707637246,9.893683794968933
29.09339513497976,0.7499999999999991,817.1557365909536,0.4874894707637246,9.893683794968933
29.767592211885493,0.7499999999999999,814.4139275154789,0.4986916754919933,9.943982804059766
29.767592211885493,0.7499999999999999,814.4139275154789,0.4986916754919933,9.943982804059766
30.255931079356593,0.7499999999999996,810.2951942907332,0.4903001477521877,9.852476001993892
30.77232662238851,0.7499999999999991,804.1881523045435,0.5057549679363615,9.962840115917833
30.77232662238851,0.7499999999999991,804.1881523045435,0.5057549679363615,9.962840115917833
30.77232662238851,0.7499999999999991,804.1881523045435,0.5057549679363615,9.962840115917833
30.77232662238851,0.7499999999999991,804.1881523045435,0.5057549679363615,9.962840115917833
30.96985027384367,0.7499999999999993,802.1028077291962,0.5055185128202008,9.95408077271585
30.96985027384367,0.7499999999999993,802.1028077291962,0.5055185128202008,9.95408077271585
30.19317961558537,0.7499999999999998,816.5023671639022,0.5063453726958492,9.923932817223735
30.19317961558537,0.7499999999999998,816.5023671639022,0.5063453726958492,9.923932817223735
30.19317961558537,0.7499999999999998,816.5023671639022,0.5063453726958492,9.923932817223735
30.012049618639494,0.7499999999999973,822.3323042674944,0.5038853336560377,9.854668164285139
30.012049618639494,0.7499999999999973,822.3323042674944,0.5038853336560377,9.854668164285139
30.012049618639494,0.7499999999999973,822.3323042674944,0.5038853336560377,9.854668164285139
30.012049618639494,0.7499999999999973,822.3323042674944,0.5038853336560377,9.854668164285139
30.609674301969676,0.7499999999999997,809.7512010769555,0.5090687323517579,9.90672499824952
30.609674301969676,0.7499999999999997,809.7512010769555,0.5090687323517579,9.90672499824952
30.609674301969676,0.7499999999999997,809.7512010769555,0.5090687323517579,9.90672499824952
30.609674301969676,0.7499999999999997,809.7512010769555,0.5090687323517579,9.90672499824952
30.713273085367824,0.7499999999999996,806.3741942324011,0.4919767240285183,9.826127616983413
30.713273085367824,0.7499999999999996,806.3741942324011,0.4919767240285183,9.826127616983413
30.932882775051688,0.7499999999999984,805.85938338117,0.4926105758870908,9.896201738761851
30.85727415185406,0.7499999999999977,809.283589238361,0.4937636041798818,9.857987316415992
30.725670363333666,0.7499999999999988,805.1239088442998,0.4952723254351749,9.834428853980924
30.446442004651786,0.749999999999999,807.8389825292211,0.5080706563213592,9.793392000917455
29.944674586904696,0.7499999999999998,816.0685565083631,0.5053509163568637,9.799307175252821
29.944674586904696,0.7499999999999998,816.0685565083631,0.5053509163568637,9.799307175252821
29.944674586904696,0.7499999999999998,816.0685565083631,0.5053509163568637,9.799307175252821
29.944674586904696,0.7499999999999998,816.0685565083631,0.5053509163568637,9.799307175252821
30.423092436407103,0.7499999999999979,815.6594184610199,0.5074631576439542,9.784811196423078
31.165074950796416,0.7499999999999996,809.9157245712586,0.5205101177221537,9.932525260549108
31.165074950796416,0.7499999999999996,809.9157245712586,0.5205101177221537,9.932525260549108
31.241193130883147,0.7499999999999988,805.2064378422351,0.49966252984159404,9.75651009764617
31.44841077936591,0.7499999999999999,803.7688516836741,0.49825261984126296,9.84628187733389
31.121939172010773,0.7499999999999997,808.8008080264983,0.49767843744490053,9.770011787255743
30.979527839600596,0.7499999999999984,807.7677903484526,0.4966056293033335,9.790238556470063
31.500718129791082,0.7499999999999992,802.6680959780645,0.4809022841301929,9.791727235838156
31.547798054234715,0.749999999999999,801.2137057900006,0.48665494736338655,9.886163360777783
30.92464082284261,0.7499999999999992,812.7660588302346,0.48589490222966536,9.92011335186137
30.649873263491212,0.7499999999999994,803.4009430891682,0.49795851408650466,9.923847698399982
30.649873263491212,0.7499999999999994,803.4009430891682,0.49795851408650466,9.923847698399982
30.649873263491212,0.7499999999999994,803.4009430891682,0.49795851408650466,9.923847698399982
31.404904273968377,0.7499999999999993,792.9480208198717,0.4878789348567816,9.844344498296143
31.404904273968377,0.7499999999999993,792.9480208198717,0.4878789348567816,9.844344498296143
31.404904273968377,0.7499999999999993,792.9480208198717,0.4878789348567816,9.844344498296143
31.762008371693707,0.7499999999999994,794.4504214261858,0.4952678359104798,9.932997714327751
31.690758536475208,0.7499999999999992,792.5243858738953,0.48555856743762044,9.898556548825344
31.44506364450979,0.7499999999999988,795.4527066139416,0.4881109520617251,9.87728238360547
30.73051768139229,0.7499999999999991,805.4309998706035,0.47814137252820843,9.848260590022127
30.73051768139229,0.7499999999999991,805.4309998706035,0.47814137252820843,9.848260590022127
30.73051768139229,0.7499999999999991,805.4309998706035,0.47814137252820843,9.848260590022127
30.73051768139229,0.7499999999999991,805.4309998706035,0.47814137252820843,9.848260590022127
30.258397274532676,0.7499999999999994,806.4442533472844,0.47063906916287507,9.763602514601445
30.360404647812732,0.7499999999999994,799.7490340001146,0.4621204424432381,9.70581893211562
30.834459220515583,0.7499999999999996,791.9668953459034,0.4404280405846509,9.675126650042088
30.283282155751802,0.7500000000000001,797.3007438552048,0.4407436958253477,9.728877604807408
30.283282155751802,0.7500000000000001,797.3007438552048,0.4407436958253477,9.728877604807408
30.02146260328493,0.7499999999999987,801.4449735669714,0.4603668220128744,9.783887832093313
29.46619349528862,0.7499999999999993,804.057514851286,0.4606002964885659,9.85632309759951
29.41398530812435,0.7499999999999998,807.7274036066223,0.4497282673750245,9.77049633089905
29.759425079179966,0.7499999999999987,805.4535530637808,0.4584546234991468,9.723910109072747
29.705724624347088,0.749999999999999,810.5010945734473,0.45022365673024106,9.667496055081429
30.184923735699478,0.75,801.7462379344922,0.43256510923104224,9.584652680271839
30.08971258603263,0.7500000000000001,802.6915092566709,0.4263654858782328,9.558306002434483
30.08971258603263,0.7500000000000001,802.6915092566709,0.4263654858782328,9.558306002434483
30.365814914988885,0.7499999999999996,798.6186711390748,0.43252188807930386,9.595406091615976
30.47179288650466,0.7499999999999992,793.0594371510437,0.4190062068160757,9.528971753140116
30.650561357466977,0.7499999999999999,793.2612364096778,0.4186544120437071,9.571155156299032
30.516475306831598,0.7499999999999991,800.2079199271292,0.4164520788956705,9.62225451206966
30.35968499120727,0.7499999999999986,800.0577998399036,0.4090232210352016,9.537450316681443
30.35968499120727,0.7499999999999986,800.0577998399036,0.4090232210352016,9.537450316681443
30.445757701763057,0.7499999999999993,799.2659426043817,0.4158674148106781,9.647899083391653
29.588815915982828,0.7499999999999996,806.0685683106075,0.40785039618527175,9.466562705997399
29.588815915982828,0.7499999999999996,806.0685683106075,0.40785039618527175,9.466562705997399
30.051680022480223,0.7499999999999994,806.8409581852857,0.41528877432789546,9.479144152406267
30.051680022480223,0.7499999999999994,806.8409581852857,0.41528877432789546,9.479144152406267
30.897204041863482,0.7499999999999996,802.8523135748314,0.4263466408832091,9.585121642114355
30.968363455591824,0.7499999999999984,799.6839467126317,0.4366030490589393,9.578625724123299
31.004981842375305,0.7500000000000001,800.107153819178,0.4415957173926875,9.665098601977785
30.836651691771497,0.7500000000000003,803.4869650312968,0.44733264944116513,9.675599010357377
30.836651691771497,0.7500000000000003,803.4869650312968,0.44733264944116513,9.675599010357377
30.783360446008462,0.7499999999999992,797.3817047122291,0.4332483198699579,9.602942893280389
30.783360446008462,0.7499999999999992,797.3817047122291,0.4332483198699579,9.602942893280389
30.783360446008462,0.7499999999999992,797.3817047122291,0.4332483198699579,9.602942893280389
31.02603075853814,0.7499999999999992,798.6723315168442,0.4364150012295522,9.665117508839623
30.9672958147047,0.7499999999999997,796.0718398135689,0.4351411203215839,9.588509841136451
30.88100948741171,0.7499999999999977,794.4228569095372,0.4372158102220344,9.587656615493975
29.87953036660702,0.7499999999999996,803.0610110217384,0.4462730385524613,9.589717681912092
29.880643089905586,0.7499999999999994,808.3787396412388,0.4446140023003773,9.63452086395765
29.880643089905586,0.7499999999999994,808.3787396412388,0.4446140023003773,9.63452086395765
29.458536394113107,0.7499999999999981,806.1855355027858,0.4265725876371057,9.52988243916376
29.458536394113107,0.7499999999999981,806.1855355027858,0.4265725876371057,9.52988243916376
29.458536394113107,0.7499999999999981,806.1855355027858,0.4265725876371057,9.52988243916376
29.231058910307663,0.7499999999999984,816.0125479013441,0.4259019493723137,9.579191780679826
29.376965942460636,0.7500000000000002,815.5830823473702,0.4272830036358711,9.63901780733759
29.073566906807795,0.7499999999999988,827.1694023280886,0.4344256827329828,9.808437164762413
28.696232157261264,0.7499999999999998,816.3309378907691,0.42675179222110027,9.718165642069602
28.696232157261264,0.7499999999999998,816.3309378907691,0.42675179222110027,9.718165642069602
28.794169679019348,0.7499999999999984,814.1798392093167,0.4228513875643845,9.703741673887844
28.783534837928087,0.7499999999999986,817.6399687575536,0.437508816487054,9.830316125718776
28.783534837928087,0.7499999999999986,817.6399687575536,0.437508816487054,9.830316125718776
28.783534837928087,0.7499999999999986,817.6399687575536,0.437508816487054,9.830316125718776
28.575280448938432,0.7499999999999999,814.4727907997509,0.42450482692728303,9.787143889017674
28.575280448938432,0.7499999999999999,814.4727907997509,0.42450482692728303,9.787143889017674
29.397845387327482,0.7499999999999994,808.1570156758764,0.42378785750650116,9.821957770532554
29.397845387327482,0.7499999999999994,808.1570156758764,0.42378785750650116,9.821957770532554
30.100538801115533,0.75,807.5720417612241,0.43391232248259565,9.860197195832356
29.309166618201136,0.7499999999999988,813.7926435527775,0.43113537970819144,9.787535470594852
29.309166618201136,0.7499999999999988,813.7926435527775,0.43113537970819144,9.787535470594852
29.41133666262028,0.7499999999999991,808.3299171843232,0.42020821059553387,9.732758359321883
29.41133666262028,0.7499999999999991,808.3299171843232,0.42020821059553387,9.732758359321883
29.41133666262028,0.7499999999999991,808.3299171843232,0.42020821059553387,9.732758359321883
29.41133666262028,0.7499999999999991,808.3299171843232,0.42020821059553387,9.732758359321883
29.41133666262028,0.7499999999999991,808.3299171843232,0.42020821059553387,9.732758359321883
29.174460783105335,0.7499999999999994,807.8357781955676,0.40991296531107735,9.671328286032864
29.254695495815856,0.7499999999999987,812.2414201266863,0.4144730640353469,9.749691886242564
29.254695495815856,0.7499999999999987,812.2414201266863,0.4144730640353469,9.749691886242564
29.254695495815856,0.7499999999999987,812.2414201266863,0.4144730640353469,9.749691886242564
29.45653401415612,0.7499999999999997,817.0224265127721,0.406430178038466,9.782855854070732
29.45653401415612,0.7499999999999997,817.0224265127721,0.406430178038466,9.782855854070732
29.45653401415612,0.7499999999999997,817.0224265127721,0.406430178038466,9.782855854070732
29.49898362947955,0.7499999999999989,816.2093035839715,0.41235635433884427,9.814970224133708
29.49898362947955,0.7499999999999989,816.2093035839715,0.41235635433884427,9.814970224133708
29.587615321537236,0.7499999999999982,811.7449839233896,0.40979081941432344,9.745865413861768
29.587615321537236,0.7499999999999982,811.7449839233896,0.40979081941432344,9.745865413861768
29.587615321537236,0.7499999999999982,811.7449839233896,0.40979081941432344,9.745865413861768
29.621464216173635,0.7499999999999991,812.9940972074305,0.4066543583911078,9.696758925917726
29.621464216173635,0.7499999999999991,812.9940972074305,0.4066543583911078,9.696758925917726
29.621464216173635,0.7499999999999991,812.9940972074305,0.4066543583911078,9.696758925917726
29.621464216173635,0.7499999999999991,812.9940972074305,0.4066543583911078,9.696758925917726
29.26185257725545,0.7499999999999997,821.7398807177518,0.41037957309792517,9.68869622298352
29.26185257725545,0.7499999999999997,821.7398807177518,0.41037957309792517,9.68869622298352
29.441585599891436,0.7499999999999984,821.7984729007079,0.41406584290625176,9.65539730795209
29.441585599891436,0.7499999999999984,821.7984729007079,0.41406584290625176,9.65539730795209
29.441585599891436,0.7499999999999984,821.7984729007079,0.41406584290625176,9.65539730795209
29.441585599891436,0.7499999999999984,821.7984729007079,0.41406584290625176,9.65539730795209
29.441585599891436,0.7499999999999984,821.7984729007079,0.41406584290625176,9.65539730795209
29.16231762364671,0.749999999999999,820.3549391909379,0.41133279329035655,9.712642530100172
29.69256603606716,0.7499999999999999,818.8290708036465,0.4225544454729795,9.854180973899677
30.23737394970826,0.7499999999999996,816.268085741176,0.4230452957196848,9.841858661029146
29.949169895403582,0.7500000000000002,813.6053077304999,0.4137955556971612,9.766080467482885
29.949169895403582,0.7500000000000002,813.6053077304999,0.4137955556971612,9.766080467482885
30.231985992389674,0.7499999999999988,807.4239096722144,0.40676826491947177,9.698902876720462
30.231985992389674,0.7499999999999988,807.4239096722144,0.40676826491947177,9.698902876720462
30.1127372364954,0.7499999999999999,812.8176343003386,0.4048608062413953,9.749930282473304
30.1127372364954,0.7499999999999999,812.8176343003386,0.4048608062413953,9.749930282473304
30.18383062037512,0.7499999999999992,819.5640932046097,0.39753477560461914,9.726018254525457
30.18383062037512,0.7499999999999992,819.5640932046097,0.39753477560461914,9.726018254525457
30.18383062037512,0.7499999999999992,819.5640932046097,0.39753477560461914,9.726018254525457
29.963703557757622,0.7499999999999987,817.8595674848885,0.39502816938404955,9.68325712625717
29.963869945738136,0.7499999999999997,812.8461195864937,0.3998981990704165,9.735688298051226
29.98702076252875,0.7499999999999996,815.3497450270654,0.401638500711735,9.680859447200623
29.98702076252875,0.7499999999999996,815.3497450270654,0.401638500711735,9.680859447200623
29.98702076252875,0.7499999999999996,815.3497450270654,0.401638500711735,9.680859447200623
29.98702076252875,0.7499999999999996,815.3497450270654,0.401638500711735,9.680859447200623
29.98702076252875,0.7499999999999996,815.3497450270654,0.401638500711735,9.680859447200623
29.98702076252875,0.7499999999999996,815.3497450270654,0.401638500711735,9.680859447200623
29.98702076252875,0.7499999999999996,815.3497450270654,0.401638500711735,9.680859447200623
29.98702076252875,0.7499999999999996,815.3497450270654,0.401638500711735,9.680859447200623
29.631310278086076,0.7499999999999993,827.2210251126318,0.40843271834331596,9.773625674481675
29.79045436723622,0.7499999999999991,825.2628027153414,0.4147577452080445,9.803928251100539
30.119330084302597,0.7499999999999987,822.6051052449213,0.41998230152231764,9.807428085564704
29.916560765915907,0.7499999999999993,823.7073515074368,0.4168609124550908,9.779491822837812
29.916560765915907,0.7499999999999993,823.7073515074368,0.4168609124550908,9.779491822837812
29.33265477212403,0.7499999999999997,833.7932107555966,0.41015351280608303,9.736874797209884
29.33265477212403,0.7499999999999997,833.7932107555966,0.41015351280608303,9.736874797209884
29.013876856747796,0.7499999999999996,834.1292716055752,0.41584076168211914,9.633112507136412
29.168281056396847,0.7499999999999997,826.8230371889556,0.4083299053681507,9.57776392983051
28.9509807903066,0.749999999999999,829.4577028988831,0.41066210872845943,9.52995133739729
29.251771878126338,0.7499999999999999,833.4912965346819,0.40705407199164817,9.630063669638208
29.251771878126338,0.7499999999999999,833.4912965346819,0.40705407199164817,9.630063669638208
29.28025576357704,0.7499999999999996,822.3470189005934,0.38981077721337964,9.57756999005963
29.28025576357704,0.7499999999999996,822.3470189005934,0.38981077721337964,9.57756999005963
29.971543094339864,0.7499999999999997,812.2441489035568,0.3965609789685958,9.591293042381167
30.641779316600527,0.75,812.46497909614,0.4191037377575916,9.655518053426249
30.641779316600527,0.75,812.46497909614,0.4191037377575916,9.655518053426249
30.641779316600527,0.75,812.46497909614,0.4191037377575916,9.655518053426249
30.53444275166972,0.7499999999999993,805.2932953433815,0.41095278328419876,9.64484782437393
30.53444275166972,0.7499999999999993,805.2932953433815,0.41095278328419876,9.64484782437393
29.93540308208152,0.7499999999999989,822.0059663249831,0.4349037576784889,9.774331321486466
29.93540308208152,0.7499999999999989,822.0059663249831,0.4349037576784889,9.774331321486466
30.412467086222854,0.749999999999999,806.0800322644862,0.4248968975665402,9.672510984634304
30.665145086203978,0.7499999999999991,797.5084118037489,0.4161516488934647,9.663796329942937
30.665145086203978,0.7499999999999991,797.5084118037489,0.4161516488934647,9.663796329942937
30.665145086203978,0.7499999999999991,797.5084118037489,0.4161516488934647,9.663796329942937
30.665145086203978,0.7499999999999991,797.5084118037489,0.4161516488934647,9.663796329942937
30.032836451045103,0.7499999999999984,803.1271804900682,0.40896956277231206,9.620309203284913
29.806805527067976,0.7499999999999988,811.3633561506349,0.39532792597440736,9.582299118398401
29.806805527067976,0.7499999999999988,811.3633561506349,0.39532792597440736,9.582299118398401
29.806805527067976,0.7499999999999988,811.3633561506349,0.39532792597440736,9.582299118398401
29.452584121753738,0.7499999999999999,819.1354236744118,0.40096575199227785,9.562567913253815
29.70929235091804,0.7499999999999993,807.1509456517715,0.41004844640828664,9.679340425067068
29.70929235091804,0.7499999999999993,807.1509456517715,0.41004844640828664,9.679340425067068
29.70929235091804,0.7499999999999993,807.1509456517715,0.41004844640828664,9.679340425067068
30.46424554415806,0.7499999999999998,800.8518765066851,0.4078152893315344,9.694739182689855
30.46424554415806,0.7499999999999998,800.8518765066851,0.4078152893315344,9.694739182689855
30.46424554415806,0.7499999999999998,800.8518765066851,0.4078152893315344,9.694739182689855
30.46424554415806,0.7499999999999998,800.8518765066851,0.4078152893315344,9.694739182689855
30.46424554415806,0.7499999999999998,800.8518765066851,0.4078152893315344,9.694739182689855
30.243351238799644,0.7499999999999993,805.7925048850888,0.4108626109055978,9.700324838234497
30.243351238799644,0.7499999999999993,805.7925048850888,0.4108626109055978,9.700324838234497
30.243351238799644,0.7499999999999993,805.7925048850888,0.4108626109055978,9.700324838234497
30.368275188091456,0.7499999999999994,805.9602992693455,0.4195491068400953,9.733536760721302
29.99795508514396,0.7499999999999998,806.5799442989529,0.42979142889351774,9.719479546113087
30.53102127306124,0.7499999999999982,798.3437802365063,0.4089848143893492,9.687199083479717
30.487508836616062,0.7499999999999994,804.3761812258092,0.4054649207432233,9.71735263945148
30.392297966181147,0.7499999999999992,804.961625065926,0.41097270831671434,9.604044579746262
30.392297966181147,0.7499999999999992,804.961625065926,0.41097270831671434,9.604044579746262
30.312807364940888,0.7499999999999996,807.9416928023986,0.4031232485001518,9.530603186968218
30.312807364940888,0.7499999999999996,807.9416928023986,0.4031232485001518,9.530603186968218
30.312807364940888,0.7499999999999996,807.9416928023986,0.4031232485001518,9.530603186968218
30.312807364940888,0.7499999999999996,807.9416928023986,0.4031232485001518,9.530603186968218
30.312807364940888,0.7499999999999996,807.9416928023986,0.4031232485001518,9.530603186968218
30.312807364940888,0.7499999999999996,807.9416928023986,0.4031232485001518,9.530603186968218
30.312807364940888,0.7499999999999996,807.9416928023986,0.4031232485001518,9.530603186968218
30.312807364940888,0.7499999999999996,807.9416928023986,0.4031232485001518,9.530603186968218
30.312807364940888,0.7499999999999996,807.9416928023986,0.4031232485001518,9.530603186968218
30.312807364940888,0.7499999999999996,807.9416928023986,0.4031232485001518,9.530603186968218
30.312807364940888,0.7499999999999996,807.9416928023986,0.4031232485001518,9.530603186968218
30.312807364940888,0.7499999999999996,807.9416928023986,0.4031232485001518,9.530603186968218
30.312807364940888,0.7499999999999996,807.9416928023986,0.4031232485001518,9.530603186968218
30.810905693682425,0.7499999999999992,794.686612932705,0.4081438732318959,9.513020868628226
30.810905693682425,0.7499999999999992,794.686612932705,0.4081438732318959,9.513020868628226
30.7056491719276,0.7499999999999997,802.3948455890926,0.42230351609144207,9.572257713565213
30.7056491719276,0.7499999999999997,802.3948455890926,0.42230351609144207,9.572257713565213
30.7056491719276,0.7499999999999997,802.3948455890926,0.42230351609144207,9.572257713565213
30.7056491719276,0.7499999999999997,802.3948455890926,0.42230351609144207,9.572257713565213
30.47094653056976,0.7500000000000002,809.1550212171721,0.44204449489320913,9.723401371511821
31.11563431866863,0.7499999999999996,804.768675426953,0.460049685957489,9.83931235086853
31.33524504560707,0.749999999999998,812.172402149038,0.4576289816923062,9.940693844217176
31.33524504560707,0.749999999999998,812.172402149038,0.4576289816923062,9.940693844217176
31.33524504560707,0.749999999999998,812.172402149038,0.4576289816923062,9.940693844217176
31.33524504560707,0.749999999999998,812.172402149038,0.4576289816923062,9.940693844217176
31.33524504560707,0.749999999999998,812.172402149038,0.4576289816923062,9.940693844217176
31.33524504560707,0.749999999999998,812.172402149038,0.4576289816923062,9.940693844217176
31.33524504560707,0.749999999999998,812.172402149038,0.4576289816923062,9.940693844217176
31.36340047126709,0.7499999999999997,810.2927012434977,0.46505697636226284,9.962478337897599
31.36340047126709,0.7499999999999997,810.2927012434977,0.46505697636226284,9.962478337897599
31.07326762900908,0.75,811.0878672224283,0.46678809860291587,9.993114091810762
31.07326762900908,0.75,811.0878672224283,0.46678809860291587,9.993114091810762
31.29826577775411,0.7499999999999993,812.9820158427557,0.45621316338566503,9.999108858460641
31.29826577775411,0.7499999999999993,812.9820158427557,0.45621316338566503,9.999108858460641
31.413776820029973,0.7499999999999986,815.4194337374305,0.4583108880991925,10.09893815976702
31.266743758625807,0.7499999999999994,810.2653366076419,0.45910133043875534,9.997913413191407
30.964187474675462,0.7499999999999991,818.4852041994783,0.45855495414052055,9.998657818843219
31.465009854031948,0.7499999999999994,805.0117931135053,0.4446333290408902,9.936648948872175
31.021317183472775,0.7500000000000003,810.979301332394,0.45397337197057935,9.961281640362515
31.021317183472775,0.7500000000000003,810.979301332394,0.45397337197057935,9.961281640362515
31.021317183472775,0.7500000000000003,810.979301332394,0.45397337197057935,9.961281640362515
31.021317183472775,0.7500000000000003,810.979301332394,0.45397337197057935,9.961281640362515
31.021317183472775,0.7500000000000003,810.979301332394,0.45397337197057935,9.961281640362515
31.021317183472775,0.7500000000000003,810.979301332394,0.45397337197057935,9.961281640362515
31.021317183472775,0.7500000000000003,810.979301332394,0.45397337197057935,9.961281640362515
30.76697078698058,0.7499999999999997,812.5339293561512,0.4590488945074709,9.934861274391807
30.76697078698058,0.7499999999999997,812.5339293561512,0.4590488945074709,9.934861274391807
30.99848403487783,0.7499999999999993,816.5695349467563,0.46021586169023776,10.014911216393987
30.99848403487783,0.7499999999999993,816.5695349467563,0.46021586169023776,10.014911216393987
31.32978302946824,0.7499999999999989,808.1028737326416,0.46316180964802833,9.9118977345512
30.68171825050498,0.7499999999999976,811.0572734183676,0.46226137676551227,9.88687886575409
30.93774274181463,0.7499999999999993,806.2490715241016,0.4640138000657979,9.967642627397606
30.93774274181463,0.7499999999999993,806.2490715241016,0.4640138000657979,9.967642627397606
30.234633334054873,0.7499999999999998,814.5153292247528,0.4621531217999473,9.914846709727277
31.017799910296446,0.7499999999999991,807.7140066524144,0.46357623753854665,9.862387938917383
31.017799910296446,0.7499999999999991,807.7140066524144,0.46357623753854665,9.862387938917383
31.204645775070983,0.7499999999999994,811.655494491977,0.4693718244348893,9.9665681170593
31.204645775070983,0.7499999999999994,811.655494491977,0.4693718244348893,9.9665681170593
30.54878917013304,0.7499999999999988,814.8451100842259,0.4734246280731599,9.936685005613507
30.81542852547943,0.7499999999999994,811.3675680533624,0.47964708988847865,9.944694753988305
30.79093949536006,0.7499999999999994,807.6283962693375,0.48010232551305504,9.948676719575014
30.373334432275367,0.7500000000000002,819.7862422719495,0.4745225540591828,9.918472974940888
30.373334432275367,0.7500000000000002,819.7862422719495,0.4745225540591828,9.918472974940888
30.373334432275367,0.7500000000000002,819.7862422719495,0.4745225540591828,9.918472974940888
30.373334432275367,0.7500000000000002,819.7862422719495,0.4745225540591828,9.918472974940888
30.373334432275367,0.7500000000000002,819.7862422719495,0.4745225540591828,9.918472974940888
30.373334432275367,0.7500000000000002,819.7862422719495,0.4745225540591828,9.918472974940888
30.373334432275367,0.7500000000000002,819.7862422719495,0.4745225540591828,9.918472974940888
30.373334432275367,0.7500000000000002,819.7862422719495,0.4745225540591828,9.918472974940888
30.373334432275367,0.7500000000000002,819.7862422719495,0.4745225540591828,9.918472974940888
30.373334432275367,0.7500000000000002,819.7862422719495,0.4745225540591828,9.918472974940888
30.373334432275367,0.7500000000000002,819.7862422719495,0.4745225540591828,9.918472974940888
30.373334432275367,0.7500000000000002,819.7862422719495,0.4745225540591828,9.918472974940888
30.373334432275367,0.7500000000000002,819.7862422719495,0.4745225540591828,9.918472974940888
30.373334432275367,0.7500000000000002,819.7862422719495,0.4745225540591828,9.918472974940888
30.373334432275367,0.7500000000000002,819.7862422719495,0.4745225540591828,9.918472974940888
30.373334432275367,0.7500000000000002,819.7862422719495,0.4745225540591828,9.918472974940888
30.373334432275367,0.7500000000000002,819.7862422719495,0.4745225540591828,9.918472974940888
30.46116641321122,0.7499999999999992,816.4818077308679,0.4803864683429831,9.882263519218816
30.46116641321122,0.7499999999999992,816.4818077308679,0.4803864683429831,9.882263519218816
30.46116641321122,0.7499999999999992,816.4818077308679,0.4803864683429831,9.882263519218816
30.46116641321122,0.7499999999999992,816.4818077308679,0.4803864683429831,9.882263519218816
30.46116641321122,0.7499999999999992,816.4818077308679,0.4803864683429831,9.882263519218816
30.46116641321122,0.7499999999999992,816.4818077308679,0.4803864683429831,9.882263519218816
30.46116641321122,0.7499999999999992,816.4818077308679,0.4803864683429831,9.882263519218816
30.46116641321122,0.7499999999999992,816.4818077308679,0.4803864683429831,9.882263519218816
30.474879762066003,0.7499999999999991,825.3121432481016,0.49276117620053506,10.025560305682806
30.474879762066003,0.7499999999999991,825.3121432481016,0.49276117620053506,10.025560305682806
30.474879762066003,0.7499999999999991,825.3121432481016,0.49276117620053506,10.025560305682806
30.474879762066003,0.7499999999999991,825.3121432481016,0.49276117620053506,10.025560305682806
30.474879762066003,0.7499999999999991,825.3121432481016,0.49276117620053506,10.025560305682806
30.474879762066003,0.7499999999999991,825.3121432481016,0.49276117620053506,10.025560305682806
30.474879762066003,0.7499999999999991,825.3121432481016,0.49276117620053506,10.025560305682806
30.474879762066003,0.7499999999999991,825.3121432481016,0.49276117620053506,10.025560305682806
30.413736619041792,0.7500000000000003,823.5304459536591,0.4853432249167799,9.954931574329308
30.413736619041792,0.7500000000000003,823.5304459536591,0.4853432249167799,9.954931574329308
30.413736619041792,0.7500000000000003,823.5304459536591,0.4853432249167799,9.954931574329308
30.413736619041792,0.7500000000000003,823.5304459536591,0.4853432249167799,9.954931574329308
30.413736619041792,0.7500000000000003,823.5304459536591,0.4853432249167799,9.954931574329308
30.413736619041792,0.7500000000000003,823.5304459536591,0.4853432249167799,9.954931574329308
31.1078641299755,0.7499999999999993,821.6229519506196,0.5016805213005827,10.027692404693274
31.079485637035997,0.7499999999999989,819.2230638245326,0.5012024643011216,9.921392709131629
31.095017900602635,0.7499999999999996,819.163198149548,0.5010131212519743,9.963910188656868
31.395478590504695,0.7499999999999999,814.8114427015227,0.4962398947361763,9.960838820912523
30.36559963210228,0.7499999999999998,826.5350918982035,0.4969825251102347,9.963030047520181
30.36559963210228,0.7499999999999998,826.5350918982035,0.4969825251102347,9.963030047520181
30.36559963210228,0.7499999999999998,826.5350918982035,0.4969825251102347,9.963030047520181
30.36559963210228,0.7499999999999998,826.5350918982035,0.4969825251102347,9.963030047520181
30.36559963210228,0.7499999999999998,826.5350918982035,0.4969825251102347,9.963030047520181
30.36559963210228,0.7499999999999998,826.5350918982035,0.4969825251102347,9.963030047520181
31.150802476800894,0.7499999999999994,815.185782037189,0.4800695069996712,9.874984565538943
31.150802476800894,0.7499999999999994,815.185782037189,0.4800695069996712,9.874984565538943
30.87010807769847,0.7499999999999989,824.1125302882868,0.4840428678361439,9.947233624927406
32.283987306013316,0.7499999999999992,816.323685863371,0.48718273683220675,10.01373424161206
32.21788852604177,0.7499999999999989,814.801856391536,0.47590915477507356,10.051711054510559
32.21788852604177,0.7499999999999989,814.801856391536,0.47590915477507356,10.051711054510559
32.23450809807653,0.7499999999999994,814.2309886364145,0.48093221283522725,10.07146265081565
31.731064847449776,0.749999999999999,810.7228932995126,0.4731204555149786,9.965732137902782
31.132511044651054,0.7499999999999993,816.3124663246535,0.47830456558295886,10.040159035694506
31.132511044651054,0.7499999999999993,816.3124663246535,0.47830456558295886,10.040159035694506
31.132511044651054,0.7499999999999993,816.3124663246535,0.47830456558295886,10.040159035694506
31.132511044651054,0.7499999999999993,816.3124663246535,0.47830456558295886,10.040159035694506
31.568079791540253,0.7499999999999993,807.5382927485144,0.4713908572004092,9.967756971188209
31.568079791540253,0.7499999999999993,807.5382927485144,0.4713908572004092,9.967756971188209
31.63125551474191,0.7499999999999989,801.5797492601799,0.4732492670395602,9.869130029771304
31.63125551474191,0.7499999999999989,801.5797492601799,0.4732492670395602,9.869130029771304
31.67148786617871,0.7499999999999989,808.8545193298334,0.4788896860908419,9.912012602781232
31.67148786617871,0.7499999999999989,808.8545193298334,0.4788896860908419,9.912012602781232
31.34175525384083,0.7499999999999988,804.2667968642535,0.47379502918689337,9.865542291162456
30.835202492488,0.7499999999999998,822.1198050251942,0.4786847871965231,9.873697608992668
30.835202492488,0.7499999999999998,822.1198050251942,0.4786847871965231,9.873697608992668
30.835202492488,0.7499999999999998,822.1198050251942,0.4786847871965231,9.873697608992668
30.835202492488,0.7499999999999998,822.1198050251942,0.4786847871965231,9.873697608992668
30.835202492488,0.7499999999999998,822.1198050251942,0.4786847871965231,9.873697608992668
30.835202492488,0.7499999999999998,822.1198050251942,0.4786847871965231,9.873697608992668
30.835202492488,0.7499999999999998,822.1198050251942,0.4786847871965231,9.873697608992668
30.835202492488,0.7499999999999998,822.1198050251942,0.4786847871965231,9.873697608992668
30.835202492488,0.7499999999999998,822.1198050251942,0.4786847871965231,9.873697608992668
30.835202492488,0.7499999999999998,822.1198050251942,0.4786847871965231,9.873697608992668
30.807791258694813,0.7499999999999998,814.0502458797422,0.4851565841639946,9.853410019007232
30.807791258694813,0.7499999999999998,814.0502458797422,0.4851565841639946,9.853410019007232
30.807791258694813,0.7499999999999998,814.0502458797422,0.4851565841639946,9.853410019007232
30.601572312780227,0.7500000000000001,814.4533221995899,0.4768625096515367,9.870539176887231
30.601572312780227,0.7500000000000001,814.4533221995899,0.4768625096515367,9.870539176887231
30.601572312780227,0.7500000000000001,814.4533221995899,0.4768625096515367,9.870539176887231
30.601572312780227,0.7500000000000001,814.4533221995899,0.4768625096515367,9.870539176887231
30.601572312780227,0.7500000000000001,814.4533221995899,0.4768625096515367,9.870539176887231
30.99116116652965,0.7499999999999994,812.1642243789634,0.4764625590960999,9.885827094791335
30.99116116652965,0.7499999999999994,812.1642243789634,0.4764625590960999,9.885827094791335
30.99116116652965,0.7499999999999994,812.1642243789634,0.4764625590960999,9.885827094791335
30.99116116652965,0.7499999999999994,812.1642243789634,0.4764625590960999,9.885827094791335
30.99116116652965,0.7499999999999994,812.1642243789634,0.4764625590960999,9.885827094791335
31.15426202817386,0.7499999999999997,815.9555629542557,0.4873721676502801,9.993708804010527
31.15426202817386,0.7499999999999997,815.9555629542557,0.4873721676502801,9.993708804010527
31.027921738721023,0.7499999999999992,818.9413607281635,0.4915925035525386,9.930841183250843
31.027921738721023,0.7499999999999992,818.9413607281635,0.4915925035525386,9.930841183250843
31.027921738721023,0.7499999999999992,818.9413607281635,0.4915925035525386,9.930841183250843
31.027921738721023,0.7499999999999992,818.9413607281635,0.4915925035525386,9.930841183250843
31.027921738721023,0.7499999999999992,818.9413607281635,0.4915925035525386,9.930841183250843
31.027921738721023,0.7499999999999992,818.9413607281635,0.4915925035525386,9.930841183250843
31.356915144117945,0.7499999999999992,810.8768083197313,0.48041502472495634,9.978565438671705
31.23096853090466,0.7500000000000001,808.1713104029837,0.47464904137065184,9.900166648481406
31.07975310155014,0.7499999999999996,810.859581243325,0.4787656110357629,9.932384976579149
31.42671781852011,0.7499999999999993,807.5711387648324,0.47383933107913484,9.914129353833895
31.144352458915854,0.7499999999999998,806.8847920386523,0.47175670729650787,9.94443323318695
31.41339327928432,0.7499999999999998,802.3751220985663,0.4650618705056566,9.877415381896487
31.332015013977355,0.7499999999999996,801.3682201782576,0.4444177129268972,9.819883117954333
31.332015013977355,0.7499999999999996,801.3682201782576,0.4444177129268972,9.819883117954333
30.977204072274418,0.7499999999999994,801.6374880107463,0.4417135797301847,9.752741858827765
31.36194693811034,0.7499999999999989,801.7607719782211,0.4414289907536303,9.785500923784829
30.83792821640204,0.7499999999999997,806.5669757240242,0.42620885033390166,9.70065268511225
30.77306845476786,0.7500000000000002,807.7837278646682,0.42317785105365846,9.722029319606335
30.05027832012595,0.7499999999999988,805.5719180161019,0.40838414688515845,9.71058649520675
30.05027832012595,0.7499999999999988,805.5719180161019,0.40838414688515845,9.71058649520675
30.05027832012595,0.7499999999999988,805.5719180161019,0.40838414688515845,9.71058649520675
29.91806359858769,0.7499999999999993,810.7706962114107,0.4030524333429774,9.672997288239893
31.114409003699624,0.7499999999999989,804.3147713261959,0.41183900555054315,9.712236607158308
31.114409003699624,0.7499999999999989,804.3147713261959,0.41183900555054315,9.712236607158308
31.481720281229773,0.7499999999999994,802.0049573203837,0.40981391541851486,9.74532277446843
31.481720281229773,0.7499999999999994,802.0049573203837,0.40981391541851486,9.74532277446843
31.636016912771073,0.7499999999999994,803.4645151634677,0.40480185022813914,9.717189407110016
31.636016912771073,0.7499999999999994,803.4645151634677,0.40480185022813914,9.717189407110016
31.636016912771073,0.7499999999999994,803.4645151634677,0.40480185022813914,9.717189407110016
31.636016912771073,0.7499999999999994,803.4645151634677,0.40480185022813914,9.717189407110016
31.316338946496582,0.7499999999999991,806.0052586341058,0.41105093913162294,9.616368514536386
31.316338946496582,0.7499999999999991,806.0052586341058,0.41105093913162294,9.616368514536386
31.067870476508755,0.749999999999999,800.954990667058,0.40669539412838457,9.581167674282716
31.113784573545537,0.7499999999999991,805.8037656701792,0.40198877556703466,9.574246729157029
31.545744164251776,0.7499999999999987,798.5790910763345,0.3944307514134614,9.549437972328516
31.2172062414705,0.7499999999999994,800.7362422168038,0.39113481207791656,9.556786969510807
31.194319021208642,0.7499999999999999,801.1544576362726,0.3940125148503185,9.642548624038138
31.194319021208642,0.7499999999999999,801.1544576362726,0.3940125148503185,9.642548624038138
30.528092678082015,0.7499999999999991,802.373383794261,0.39275201493796646,9.576771595496144
30.528092678082015,0.7499999999999991,802.373383794261,0.39275201493796646,9.576771595496144
31.135377289168293,0.7499999999999993,801.8147095283151,0.396269338315692,9.608172184626273
31.135377289168293,0.7499999999999993,801.8147095283151,0.396269338315692,9.608172184626273
31.062719650670182,0.7499999999999993,806.5849671454857,0.39560925424506227,9.67010748325618
31.062719650670182,0.7499999999999993,806.5849671454857,0.39560925424506227,9.67010748325618
31.042359002821858,0.7499999999999991,809.9301734748451,0.39618165964068147,9.616632884539754
31.042359002821858,0.7499999999999991,809.9301734748451,0.39618165964068147,9.616632884539754
31.042359002821858,0.7499999999999991,809.9301734748451,0.39618165964068147,9.616632884539754
31.313397991289175,0.7499999999999986,807.3028696794786,0.40811615455294215,9.701193008812448
31.317479003490657,0.7499999999999998,809.6818179382491,0.40591175431463533,9.672170333430202
31.5133001492898,0.7499999999999996,813.3620906530064,0.4193072737127505,9.680163795565552
31.5133001492898,0.7499999999999996,813.3620906530064,0.4193072737127505,9.680163795565552
32.04844859489776,0.7499999999999991,802.0274200491788,0.4247667675502188,9.777476301521983
31.581870820394613,0.7499999999999993,807.2557461385669,0.4280219445301002,9.772851044662428
31.581870820394613,0.7499999999999993,807.2557461385669,0.4280219445301002,9.772851044662428
31.581870820394613,0.7499999999999993,807.2557461385669,0.4280219445301002,9.772851044662428
31.581870820394613,0.7499999999999993,807.2557461385669,0.4280219445301002,9.772851044662428
31.164187017103664,0.7499999999999997,808.0978984428152,0.4324396471269451,9.84164076774463
31.164187017103664,0.7499999999999997,808.0978984428152,0.4324396471269451,9.84164076774463
31.164187017103664,0.7499999999999997,808.0978984428152,0.4324396471269451,9.84164076774463
31.164187017103664,0.7499999999999997,808.0978984428152,0.4324396471269451,9.84164076774463
31.164187017103664,0.7499999999999997,808.0978984428152,0.4324396471269451,9.84164076774463
31.27678550039594,0.7499999999999991,811.8775917709812,0.43921117639297114,9.885043952586253
31.27678550039594,0.7499999999999991,811.8775917709812,0.43921117639297114,9.885043952586253
31.27678550039594,0.7499999999999991,811.8775917709812,0.43921117639297114,9.885043952586253
31.044331300992365,0.7499999999999997,811.8869192380139,0.4288234530210542,9.819238096164915
30.532091933446274,0.7499999999999993,814.0185038963566,0.4423731992277989,9.77760150980996
29.563919668035876,0.7500000000000001,825.5942881236308,0.4576685442606715,9.889940086441502
29.563919668035876,0.7500000000000001,825.5942881236308,0.4576685442606715,9.889940086441502
29.563919668035876,0.7500000000000001,825.5942881236308,0.4576685442606715,9.889940086441502
28.91490024896739,0.749999999999998,835.6990314917274,0.4423923706219246,9.873432968047121
28.91490024896739,0.749999999999998,835.6990314917274,0.4423923706219246,9.873432968047121
29.191406088821942,0.7499999999999991,833.7077587032343,0.43728802210564277,9.852927390489748
29.89842852015451,0.7499999999999991,831.7976161929716,0.4451366315695292,9.9328593554381
29.89842852015451,0.7499999999999991,831.7976161929716,0.4451366315695292,9.9328593554381
29.53468856629943,0.7499999999999988,830.3308001534742,0.44402968169883544,9.95476234521299
29.53468856629943,0.7499999999999988,830.3308001534742,0.44402968169883544,9.95476234521299
29.55909654629168,0.7499999999999999,825.9331399828924,0.4257672963677703,9.896504629906616
29.347196299937707,0.7499999999999991,827.0555879631913,0.4426907896014664,9.912433586843566
29.347196299937707,0.7499999999999991,827.0555879631913,0.4426907896014664,9.912433586843566
29.347196299937707,0.7499999999999991,827.0555879631913,0.4426907896014664,9.912433586843566
29.54107386679402,0.7499999999999989,823.1876524947568,0.4324511179525632,9.905198991742017
29.415224646241587,0.7499999999999996,828.0639195711694,0.42878077904826334,9.877128209847427
29.478883449768677,0.7500000000000001,827.3899902173565,0.4227757326841652,9.881992469581386
29.068251952334208,0.7499999999999993,828.4253786402246,0.42093472722265346,9.842007900886676
29.068251952334208,0.7499999999999993,828.4253786402246,0.42093472722265346,9.842007900886676
28.74826262117534,0.7499999999999999,827.2253182855915,0.40609853698761106,9.677781838355006
28.74826262117534,0.7499999999999999,827.2253182855915,0.40609853698761106,9.677781838355006
28.507856209998646,0.749999999999999,825.1877830517998,0.3960505890854864,9.642974598352543
28.73071444999005,0.7499999999999984,822.9125191160515,0.3954208861521805,9.628764310378832
28.73071444999005,0.7499999999999984,822.9125191160515,0.3954208861521805,9.628764310378832
28.73071444999005,0.7499999999999984,822.9125191160515,0.3954208861521805,9.628764310378832
28.73071444999005,0.7499999999999984,822.9125191160515,0.3954208861521805,9.628764310378832
28.73071444999005,0.7499999999999984,822.9125191160515,0.3954208861521805,9.628764310378832
28.73071444999005,0.7499999999999984,822.9125191160515,0.3954208861521805,9.628764310378832
29.275958330806134,0.7499999999999996,811.2094229499334,0.38916714961358356,9.619212974476184
29.275958330806134,0.7499999999999996,811.2094229499334,0.38916714961358356,9.619212974476184
29.275958330806134,0.7499999999999996,811.2094229499334,0.38916714961358356,9.619212974476184
29.11118140186759,0.7499999999999997,811.693290371655,0.3902024614622539,9.505246579132097
29.678559845610252,0.7499999999999991,806.4158861033534,0.398386871808585,9.612942580166436
29.468361141664182,0.7499999999999998,810.5047748974391,0.3845943487389158,9.572045250554392
28.751000217705407,0.7499999999999989,817.7166272050605,0.38836415907098104,9.717854883113532
28.751000217705407,0.7499999999999989,817.7166272050605,0.38836415907098104,9.717854883113532
29.1545732261838,0.7499999999999998,816.7821316171776,0.39209236464245056,9.723533279108697
28.618589866003862,0.7499999999999983,820.6160297603162,0.38769993611773756,9.633429256540273
29.371561504914634,0.7499999999999992,815.5732052389162,0.3874840039140488,9.566825247491284
29.749029948657242,0.7499999999999992,805.153015658238,0.37222178082458346,9.541763425262246
29.761362810743144,0.7500000000000002,813.0076317004889,0.37886742159754944,9.612055615095375
30.45088929227266,0.7499999999999994,805.5886771277466,0.3757376329080271,9.547290208600984
30.33419977469635,0.7499999999999992,806.2008351084966,0.3653392239146054,9.471100868834847
30.33419977469635,0.7499999999999992,806.2008351084966,0.3653392239146054,9.471100868834847
30.33419977469635,0.7499999999999992,806.2008351084966,0.3653392239146054,9.471100868834847
30.33419977469635,0.7499999999999992,806.2008351084966,0.3653392239146054,9.471100868834847
30.195247404091766,0.7499999999999996,807.2173554151782,0.37018112889615995,9.487630392659014
30.472721010220713,0.7499999999999997,805.2233971404856,0.3693729715677654,9.50962854012973
30.334627305447786,0.7499999999999986,813.2275473615174,0.3905342150730391,9.560045331988539
30.334627305447786,0.7499999999999986,813.2275473615174,0.3905342150730391,9.560045331988539
30.334627305447786,0.7499999999999986,813.2275473615174,0.3905342150730391,9.560045331988539
30.62063764610388,0.7499999999999982,816.1321865381019,0.39301084536938424,9.620904416220835
30.62063764610388,0.7499999999999982,816.1321865381019,0.39301084536938424,9.620904416220835
30.62063764610388,0.7499999999999982,816.1321865381019,0.39301084536938424,9.620904416220835
29.419833554628994,0.7499999999999991,827.2266547905405,0.3850502468252286,9.517929468450768
30.06947464888951,0.7499999999999987,812.7214068617205,0.385902162271006,9.565601231380933
30.06947464888951,0.7499999999999987,812.7214068617205,0.385902162271006,9.565601231380933
30.1687990652801,0.7499999999999996,817.3109257362962,0.3974798696269561,9.605298299311816
29.948771976705856,0.7499999999999984,807.2163829945897,0.3775166378706776,9.476312253724771
30.19087430184234,0.7499999999999992,806.4511664704764,0.3851045520904474,9.544199498118868
30.19087430184234,0.7499999999999992,806.4511664704764,0.3851045520904474,9.544199498118868
30.295833054371585,0.7499999999999969,800.2844200290707,0.3841783591114039,9.526795669203073
30.687729068601506,0.7499999999999994,804.3814165402629,0.38934924966682033,9.494697553257845
31.476476300765736,0.75,798.5629841202964,0.3929643698708224,9.501867136269322
31.318689528900844,0.7499999999999993,797.4036457929719,0.39093654239218584,9.46530846150846
31.318689528900844,0.7499999999999993,797.4036457929719,0.39093654239218584,9.46530846150846
31.254316272063782,0.7499999999999998,802.3408543631214,0.3988669689441859,9.505581857571267
31.210800361809518,0.75,802.7457291944611,0.39898782102878355,9.513046751094157
31.210800361809518,0.75,802.7457291944611,0.39898782102878355,9.513046751094157
30.763916746916234,0.7499999999999993,799.8715738053577,0.38680597051900106,9.409401451751354
31.133594596212408,0.7499999999999978,799.1504746682272,0.37281412801593106,9.497096054696453
31.15439875779232,0.749999999999999,800.377101253502,0.37185591281827574,9.439885650794892
31.336860952864445,0.7499999999999989,801.2633421055497,0.36737519997020357,9.490039256311665
30.395180297604547,0.7499999999999989,804.8376895154379,0.3704181516983162,9.43382671642414
30.395180297604547,0.7499999999999989,804.8376895154379,0.3704181516983162,9.43382671642414
30.395180297604547,0.7499999999999989,804.8376895154379,0.3704181516983162,9.43382671642414
30.395180297604547,0.7499999999999989,804.8376895154379,0.3704181516983162,9.43382671642414
30.08137955247916,0.7499999999999993,804.3672784372548,0.37340683620403253,9.38684143569225
29.63137500367396,0.7499999999999992,810.5342218760437,0.3768151016037755,9.437436005752852
29.63137500367396,0.7499999999999992,810.5342218760437,0.3768151016037755,9.437436005752852
29.63137500367396,0.7499999999999992,810.5342218760437,0.3768151016037755,9.437436005752852
30.049796057335197,0.7499999999999992,805.2787031169677,0.3807184022058813,9.419739426574305
29.451693484933557,0.7499999999999987,811.5489901893187,0.37589679622087074,9.337454338650764
29.396301367286114,0.75,819.6748567649362,0.3867913639938964,9.40897203877699
29.396301367286114,0.75,819.6748567649362,0.3867913639938964,9.40897203877699
29.396301367286114,0.75,819.6748567649362,0.3867913639938964,9.40897203877699
29.396301367286114,0.75,819.6748567649362,0.3867913639938964,9.40897203877699
29.396301367286114,0.75,819.6748567649362,0.3867913639938964,9.40897203877699
29.48213872273814,0.7499999999999996,815.2831494353754,0.3814973018380322,9.383000227751177
29.48213872273814,0.7499999999999996,815.2831494353754,0.3814973018380322,9.383000227751177
29.777669946779564,0.7499999999999986,811.9913489044094,0.39059735948939495,9.378163289676118
29.777669946779564,0.7499999999999986,811.9913489044094,0.39059735948939495,9.378163289676118
30.18926040787402,0.7499999999999989,806.5095823208558,0.3909880250944068,9.383127486006094
30.44694833891588,0.7499999999999997,803.5790166061703,0.3855455861184106,9.420490970078271
30.426597255165714,0.75,801.7857850086469,0.3814654561193178,9.424722051272976
30.629118420526687,0.7499999999999993,797.4909492294754,0.37622181540383726,9.518651871304389
30.13842562570561,0.75,798.4688766228809,0.3615316721815066,9.438008868722601
30.13842562570561,0.75,798.4688766228809,0.3615316721815066,9.438008868722601
30.227292804797514,0.75,803.964937815729,0.36816633613693367,9.494632287544889
30.227292804797514,0.75,803.964937815729,0.36816633613693367,9.494632287544889
29.95177939316373,0.7499999999999992,814.1373299908802,0.37188337601019233,9.588889068029484
29.95177939316373,0.7499999999999992,814.1373299908802,0.37188337601019233,9.588889068029484
29.95177939316373,0.7499999999999992,814.1373299908802,0.37188337601019233,9.588889068029484
29.532380429722732,0.7499999999999993,817.0974319342179,0.37135555804611303,9.572803780722774
29.532380429722732,0.7499999999999993,817.0974319342179,0.37135555804611303,9.572803780722774
29.532380429722732,0.7499999999999993,817.0974319342179,0.37135555804611303,9.572803780722774
29.532380429722732,0.7499999999999993,817.0974319342179,0.37135555804611303,9.572803780722774
30.034290470279384,0.7499999999999997,807.7284124988189,0.36527047642662,9.559791145705628
30.034290470279384,0.7499999999999997,807.7284124988189,0.36527047642662,9.559791145705628
29.87094395463744,0.7499999999999983,809.4988372227631,0.3718463927474731,9.514593408365894
29.645518778706908,0.7499999999999991,816.1523649763699,0.3830914051944739,9.472090556919667
29.645518778706908,0.7499999999999991,816.1523649763699,0.3830914051944739,9.472090556919667
29.437949515519506,0.75,815.4169307523946,0.37349665729182147,9.498258710680911
29.347468321968748,0.7499999999999994,818.5206483899931,0.3824500576005988,9.570455740848118
29.347468321968748,0.7499999999999994,818.5206483899931,0.3824500576005988,9.570455740848118
29.347468321968748,0.7499999999999994,818.5206483899931,0.3824500576005988,9.570455740848118
29.347468321968748,0.7499999999999994,818.5206483899931,0.3824500576005988,9.570455740848118
29.497988372857836,0.7499999999999992,813.5462460205613,0.36754353521873623,9.541365658009601
30.07397379126529,0.749999999999999,809.7711707064567,0.3590055041019427,9.500594689270596
30.00928235710494,0.7499999999999999,812.1012167394057,0.3632406076325319,9.510161936573468
30.00928235710494,0.7499999999999999,812.1012167394057,0.3632406076325319,9.510161936573468
30.49738628952662,0.7499999999999993,808.6635356627309,0.3733754282972439,9.507803312367159
30.724111015111802,0.7499999999999992,805.7920265934254,0.3764719108551614,9.500782768393748
30.48665351249901,0.7499999999999993,810.539240387634,0.37637569250740094,9.50455048533173
30.48665351249901,0.7499999999999993,810.539240387634,0.37637569250740094,9.50455048533173
30.48665351249901,0.7499999999999993,810.539240387634,0.37637569250740094,9.50455048533173
30.48665351249901,0.7499999999999993,810.539240387634,0.37637569250740094,9.50455048533173
30.48665351249901,0.7499999999999993,810.539240387634,0.37637569250740094,9.50455048533173
30.48665351249901,0.7499999999999993,810.539240387634,0.37637569250740094,9.50455048533173
30.48665351249901,0.7499999999999993,810.539240387634,0.37637569250740094,9.50455048533173
30.48665351249901,0.7499999999999993,810.539240387634,0.37637569250740094,9.50455048533173
30.48665351249901,0.7499999999999993,810.539240387634,0.37637569250740094,9.50455048533173
30.48665351249901,0.7499999999999993,810.539240387634,0.37637569250740094,9.50455048533173
31.094007401719146,0.7499999999999989,803.6465295606273,0.3815362446626046,9.496236960553308
31.094007401719146,0.7499999999999989,803.6465295606273,0.3815362446626046,9.496236960553308
30.86391377699752,0.7499999999999993,812.7725882055668,0.3856169667568507,9.57648600451562
30.86391377699752,0.7499999999999993,812.7725882055668,0.3856169667568507,9.57648600451562
30.85433558941895,0.75,808.8595327645633,0.3935231461027585,9.564839956296101
30.401462783169787,0.7499999999999992,819.5233263655867,0.393779923702451,9.517148085606872
30.798623447065474,0.7499999999999986,812.5687531247268,0.39744233719584776,9.698375403577623
30.714629766434857,0.7499999999999994,808.6044870279915,0.40010604329108385,9.673484317374278
30.714629766434857,0.7499999999999994,808.6044870279915,0.40010604329108385,9.673484317374278
29.97516173007451,0.7499999999999992,816.7011897287791,0.40700172792800826,9.69816518075865
30.271694357755308,0.7499999999999998,817.137944141234,0.4067152539045566,9.769061081928545
29.019014623286576,0.7499999999999998,818.5119076869145,0.38210695047261545,9.613401132438913
29.019014623286576,0.7499999999999998,818.5119076869145,0.38210695047261545,9.613401132438913
29.019014623286576,0.7499999999999998,818.5119076869145,0.38210695047261545,9.613401132438913
29.09957097520228,0.7499999999999992,816.9825020606031,0.38400789327267537,9.62892859485812
29.09957097520228,0.7499999999999992,816.9825020606031,0.38400789327267537,9.62892859485812
29.151002667154643,0.7499999999999997,819.9222938860757,0.3853218200537542,9.628532801131072
29.151002667154643,0.7499999999999997,819.9222938860757,0.3853218200537542,9.628532801131072
29.151002667154643,0.7499999999999997,819.9222938860757,0.3853218200537542,9.628532801131072
29.151002667154643,0.7499999999999997,819.9222938860757,0.3853218200537542,9.628532801131072
29.151002667154643,0.7499999999999997,819.9222938860757,0.3853218200537542,9.628532801131072
29.151002667154643,0.7499999999999997,819.9222938860757,0.3853218200537542,9.628532801131072
29.151002667154643,0.7499999999999997,819.9222938860757,0.3853218200537542,9.628532801131072
29.151002667154643,0.7499999999999997,819.9222938860757,0.3853218200537542,9.628532801131072
29.151002667154643,0.7499999999999997,819.9222938860757,0.3853218200537542,9.628532801131072
29.151002667154643,0.7499999999999997,819.9222938860757,0.3853218200537542,9.628532801131072
29.151002667154643,0.7499999999999997,819.9222938860757,0.3853218200537542,9.628532801131072
29.151002667154643,0.7499999999999997,819.9222938860757,0.3853218200537542,9.628532801131072
29.151002667154643,0.7499999999999997,819.9222938860757,0.3853218200537542,9.628532801131072
