logdet_Q,lambda_min_Q,Phi,rel_W_error,test_nll
28.958404000793887,0.7499999999999997,813.2030983043117,0.4153731460261884,9.881230418528162
28.958404000793887,0.7499999999999997,813.2030983043117,0.4153731460261884,9.881230418528162
28.958404000793887,0.7499999999999997,813.2030983043117,0.4153731460261884,9.881230418528162
28.958404000793887,0.7499999999999997,813.2030983043117,0.4153731460261884,9.881230418528162
28.958404000793887,0.7499999999999997,813.2030983043117,0.4153731460261884,9.881230418528162
28.958404000793887,0.7499999999999997,813.2030983043117,0.4153731460261884,9.881230418528162
29.367206094636888,0.7499999999999994,809.9738496083673,0.4238238209240679,9.882404843369198
29.172544899470847,0.7499999999999992,808.5878662763539,0.42095883797286465,9.845262083964272
29.172544899470847,0.7499999999999992,808.5878662763539,0.42095883797286465,9.845262083964272
29.172544899470847,0.7499999999999992,808.5878662763539,0.42095883797286465,9.845262083964272
28.724712845009062,0.7499999999999993,809.4381630196118,0.4351583580464528,9.857762595309822
28.724712845009062,0.7499999999999993,809.4381630196118,0.4351583580464528,9.857762595309822
28.98330730918898,0.7499999999999992,809.1634762714152,0.4218957348163673,9.86504464897485
28.98330730918898,0.7499999999999992,809.1634762714152,0.4218957348163673,9.86504464897485
28.98330730918898,0.7499999999999992,809.1634762714152,0.4218957348163673,9.86504464897485
28.98330730918898,0.7499999999999992,809.1634762714152,0.4218957348163673,9.86504464897485
28.98330730918898,0.7499999999999992,809.1634762714152,0.4218957348163673,9.86504464897485
28.98330730918898,0.7499999999999992,809.1634762714152,0.4218957348163673,9.86504464897485
28.98330730918898,0.7499999999999992,809.1634762714152,0.4218957348163673,9.86504464897485
28.98330730918898,0.7499999999999992,809.1634762714152,0.4218957348163673,9.86504464897485
28.98330730918898,0.7499999999999992,809.1634762714152,0.4218957348163673,9.86504464897485
28.531426165906936,0.7499999999999994,811.8832670456451,0.4255049105069225,9.854088778956953
28.531426165906936,0.7499999999999994,811.8832670456451,0.4255049105069225,9.854088778956953
28.109655082645137,0.75,816.2363734052502,0.4346695718227655,9.936791177262512
28.109655082645137,0.75,816.2363734052502,0.4346695718227655,9.936791177262512
28.109655082645137,0.75,816.2363734052502,0.4346695718227655,9.936791177262512
28.880026214622085,0.749999999999998,805.3592760573852,0.43394755298724597,9.839869107599094
28.550499149810623,0.7500000000000003,806.5314421356758,0.4191409897487095,9.721712412193346
29.248346544674025,0.7499999999999998,805.3779004523918,0.41809530078462703,9.757354202621325
29.248346544674025,0.7499999999999998,805.3779004523918,0.41809530078462703,9.757354202621325
28.652940091569796,0.7499999999999999,814.869365481304,0.41566163377307147,9.78335315600124
29.27293876380263,0.7499999999999986,804.397691164958,0.41214984318840253,9.739414884303585
28.778651189192203,0.7499999999999997,809.1733907070059,0.42259056896066427,9.686162458903382
28.43259386827229,0.75,816.6787495818437,0.42663369609414575,9.803238194492522
28.43259386827229,0.75,816.6787495818437,0.42663369609414575,9.803238194492522
28.43259386827229,0.75,816.6787495818437,0.42663369609414575,9.803238194492522
28.43259386827229,0.75,816.6787495818437,0.42663369609414575,9.803238194492522
28.43259386827229,0.75,816.6787495818437,0.42663369609414575,9.803238194492522
28.43259386827229,0.75,816.6787495818437,0.42663369609414575,9.803238194492522
28.695508761344637,0.7499999999999986,807.7384424861027,0.42356236042024054,9.781997737554278
28.652862676322094,0.7499999999999984,802.9774906761814,0.4232668248599512,9.783332863104045
28.80416171558812,0.7499999999999993,804.2022913630755,0.42204119861311395,9.764134371284388
28.80416171558812,0.7499999999999993,804.2022913630755,0.42204119861311395,9.764134371284388
28.80416171558812,0.7499999999999993,804.2022913630755,0.42204119861311395,9.764134371284388
28.80416171558812,0.7499999999999993,804.2022913630755,0.42204119861311395,9.764134371284388
28.80416171558812,0.7499999999999993,804.2022913630755,0.42204119861311395,9.764134371284388
28.586868880161553,0.7499999999999994,807.723396056587,0.4306133427129351,9.77171045676695
29.17106649762362,0.7499999999999989,812.6025334887609,0.43237668487645375,9.855575046119744
29.17106649762362,0.7499999999999989,812.6025334887609,0.43237668487645375,9.855575046119744
29.529758238613546,0.7499999999999986,802.7987052114534,0.4283744764988117,9.743440333244148
29.250076460278354,0.7499999999999996,810.8939236490692,0.4382516950525378,9.781488061878298
29.432787015374764,0.7499999999999992,808.3217089789769,0.4379654202375489,9.800461549222149
29.432787015374764,0.7499999999999992,808.3217089789769,0.4379654202375489,9.800461549222149
30.03974732231304,0.7499999999999993,810.1582987093849,0.4339317982811428,9.737737902586176
30.03974732231304,0.7499999999999993,810.1582987093849,0.4339317982811428,9.737737902586176
30.03974732231304,0.7499999999999993,810.1582987093849,0.4339317982811428,9.737737902586176
30.03974732231304,0.7499999999999993,810.1582987093849,0.4339317982811428,9.737737902586176
29.638048492021646,0.7499999999999987,808.4764283050357,0.44075427966572917,9.790121976032221
29.638048492021646,0.7499999999999987,808.4764283050357,0.44075427966572917,9.790121976032221
29.239041357301453,0.749999999999999,806.7620670295578,0.432556054229235,9.734166337846892
29.239041357301453,0.749999999999999,806.7620670295578,0.432556054229235,9.734166337846892
29.239041357301453,0.749999999999999,806.7620670295578,0.432556054229235,9.734166337846892
29.239041357301453,0.749999999999999,806.7620670295578,0.432556054229235,9.734166337846892
29.092159847267745,0.7499999999999993,805.820975162734,0.4234175194938143,9.729456225493971
29.427079986169133,0.7499999999999993,795.6486685707275,0.41556889604045477,9.673622860687269
29.244176160816195,0.7499999999999997,796.4289442811576,0.41875736342498404,9.710644051296146
29.244176160816195,0.7499999999999997,796.4289442811576,0.41875736342498404,9.710644051296146
29.197909237605725,0.7499999999999998,795.7609049149185,0.39514343972746147,9.543531292189513
29.197909237605725,0.7499999999999998,795.7609049149185,0.39514343972746147,9.543531292189513
28.507945566814826,0.7499999999999996,795.6717257672614,0.3857677615641218,9.450493389572127
28.507945566814826,0.7499999999999996,795.6717257672614,0.3857677615641218,9.450493389572127
28.64536074400578,0.7499999999999981,802.0808995160676,0.3880903553520101,9.509178608242783
28.60990358638592,0.7499999999999998,807.0446285554236,0.41016195650434817,9.516286446997658
28.23097751714484,0.7499999999999993,816.7201657455506,0.4096591755903658,9.64185486022603
28.705207787711174,0.7499999999999993,811.9813172660605,0.39748711613984256,9.523955804712637
28.705207787711174,0.7499999999999993,811.9813172660605,0.39748711613984256,9.523955804712637
28.705207787711174,0.7499999999999993,811.9813172660605,0.39748711613984256,9.523955804712637
28.865443626033354,0.7499999999999994,805.8534098452046,0.3964235140950256,9.469288292421576
28.808730837295556,0.749999999999998,799.9139704809371,0.40366019914222295,9.538653659163028
28.808730837295556,0.749999999999998,799.9139704809371,0.40366019914222295,9.538653659163028
28.84874365249069,0.7499999999999978,803.810857669994,0.39270855717858044,9.528018547067484
28.84874365249069,0.7499999999999978,803.810857669994,0.39270855717858044,9.528018547067484
29.181757283748922,0.7499999999999991,801.7672425545431,0.3991553224550347,9.641468919741556
29.181757283748922,0.7499999999999991,801.7672425545431,0.3991553224550347,9.641468919741556
29.192825273201983,0.7499999999999991,800.0379689303518,0.3996684259657334,9.574680741720107
28.910412118665747,0.7499999999999994,812.3227789571048,0.38772357151949033,9.45770274902301
29.406555968270812,0.7499999999999998,800.0375359586144,0.375490756516404,9.377190946615505
29.347048947649952,0.7499999999999987,810.2661660078029,0.39141130215526077,9.445293167620473
29.347048947649952,0.7499999999999987,810.2661660078029,0.39141130215526077,9.445293167620473
29.50226929763552,0.7499999999999988,807.0309671056208,0.3851925096854707,9.380697985796521
29.345015701557514,0.7499999999999979,811.7389710953477,0.39999276950088536,9.453390234066422
29.722142058781458,0.7499999999999996,796.8156385755509,0.39341869687035647,9.410054420208041
29.906352173509053,0.7499999999999993,798.5816323550255,0.3940781395102351,9.403739208717585
29.906352173509053,0.7499999999999993,798.5816323550255,0.3940781395102351,9.403739208717585
29.79830510468552,0.7499999999999997,798.7713529532539,0.3934032690112267,9.396071331140956
30.484464430557654,0.7499999999999991,811.7862617511129,0.4102783643466746,9.60121644166521
30.484464430557654,0.7499999999999991,811.7862617511129,0.4102783643466746,9.60121644166521
30.484464430557654,0.7499999999999991,811.7862617511129,0.4102783643466746,9.60121644166521
30.484464430557654,0.7499999999999991,811.7862617511129,0.4102783643466746,9.60121644166521
30.484464430557654,0.7499999999999991,811.7862617511129,0.4102783643466746,9.60121644166521
30.48142900840187,0.7500000000000002,815.1222256654817,0.43008450518871466,9.716370338250087
30.528362530155476,0.7499999999999991,810.964527163319,0.43288380363184287,9.780629684542054
30.612163743700922,0.7499999999999999,808.8967890067773,0.4449921942127616,9.753384987663523
30.612163743700922,0.7499999999999999,808.8967890067773,0.4449921942127616,9.753384987663523
30.077027593271584,0.7500000000000002,809.1155552396267,0.42856983199541754,9.598537634672649
30.077027593271584,0.7500000000000002,809.1155552396267,0.42856983199541754,9.598537634672649
30.25736301225406,0.7499999999999989,806.7975162971834,0.4348894019734101,9.674649953045327
30.25736301225406,0.7499999999999989,806.7975162971834,0.4348894019734101,9.674649953045327
29.99291075129322,0.7499999999999992,804.0594339075333,0.43203873477732363,9.813490558313404
29.99291075129322,0.7499999999999992,804.0594339075333,0.43203873477732363,9.813490558313404
29.99291075129322,0.7499999999999992,804.0594339075333,0.43203873477732363,9.813490558313404
29.99291075129322,0.7499999999999992,804.0594339075333,0.43203873477732363,9.813490558313404
30.052925760805834,0.7499999999999998,798.722727068179,0.4203270049037402,9.568163679948029
30.052925760805834,0.7499999999999998,798.722727068179,0.4203270049037402,9.568163679948029
30.052925760805834,0.7499999999999998,798.722727068179,0.4203270049037402,9.568163679948029
30.052925760805834,0.7499999999999998,798.722727068179,0.4203270049037402,9.568163679948029
30.052925760805834,0.7499999999999998,798.722727068179,0.4203270049037402,9.568163679948029
30.052925760805834,0.7499999999999998,798.722727068179,0.4203270049037402,9.568163679948029
30.052925760805834,0.7499999999999998,798.722727068179,0.4203270049037402,9.568163679948029
30.052925760805834,0.7499999999999998,798.722727068179,0.4203270049037402,9.568163679948029
29.834171625929564,0.7499999999999996,806.6556458912031,0.41459980562990745,9.511822217364848
29.834171625929564,0.7499999999999996,806.6556458912031,0.41459980562990745,9.511822217364848
30.219964711696317,0.7499999999999997,810.9977966094913,0.41805454199743136,9.518532962791586
30.219964711696317,0.7499999999999997,810.9977966094913,0.41805454199743136,9.518532962791586
30.219964711696317,0.7499999999999997,810.9977966094913,0.41805454199743136,9.518532962791586
30.219964711696317,0.7499999999999997,810.9977966094913,0.41805454199743136,9.518532962791586
30.219964711696317,0.7499999999999997,810.9977966094913,0.41805454199743136,9.518532962791586
30.219964711696317,0.7499999999999997,810.9977966094913,0.41805454199743136,9.518532962791586
30.219964711696317,0.7499999999999997,810.9977966094913,0.41805454199743136,9.518532962791586
30.219964711696317,0.7499999999999997,810.9977966094913,0.41805454199743136,9.518532962791586
30.219964711696317,0.7499999999999997,810.9977966094913,0.41805454199743136,9.518532962791586
30.53014101330244,0.7499999999999993,800.8412845909753,0.416393117921014,9.579512911603672
30.088303087559282,0.7499999999999996,807.968981108701,0.43340131585284647,9.679325465555323
30.088303087559282,0.7499999999999996,807.968981108701,0.43340131585284647,9.679325465555323
29.883009938952874,0.7499999999999994,809.358009363344,0.425222326821153,9.68715436606704
29.883009938952874,0.7499999999999994,809.358009363344,0.425222326821153,9.68715436606704
29.879812698761825,0.7499999999999991,799.6340946375108,0.4001511794769198,9.663945745712278
29.691950161259488,0.7499999999999997,804.622065490689,0.40979687531691406,9.615004586177609
29.696597457185447,0.7500000000000001,805.198753198674,0.4111681137584986,9.54376443525218
29.394228156758253,0.7499999999999992,809.9819879726722,0.4071521118096501,9.417407500587384
29.394228156758253,0.7499999999999992,809.9819879726722,0.4071521118096501,9.417407500587384
29.394228156758253,0.7499999999999992,809.9819879726722,0.4071521118096501,9.417407500587384
29.394228156758253,0.7499999999999992,809.9819879726722,0.4071521118096501,9.417407500587384
29.394228156758253,0.7499999999999992,809.9819879726722,0.4071521118096501,9.417407500587384
30.0104859249357,0.749999999999998,812.062433342319,0.41339374350617475,9.549542971509306
30.28408753230997,0.7499999999999992,797.3992595267418,0.4065784905494731,9.567886267429339
30.36509414971077,0.7499999999999988,798.4272870145953,0.40172743157722945,9.54011243742229
30.36509414971077,0.7499999999999988,798.4272870145953,0.40172743157722945,9.54011243742229
30.479332242188466,0.7499999999999988,797.69835273128,0.4007230205016091,9.433589696888912
30.479332242188466,0.7499999999999988,797.69835273128,0.4007230205016091,9.433589696888912
30.479332242188466,0.7499999999999988,797.69835273128,0.4007230205016091,9.433589696888912
30.855027452290713,0.7499999999999998,794.7538181567277,0.3940165004898756,9.498232746545233
31.225361285148203,0.7499999999999979,792.2994734510241,0.38411473827624787,9.496631103646877
31.225361285148203,0.7499999999999979,792.2994734510241,0.38411473827624787,9.496631103646877
30.43650595067051,0.75,802.1283068902213,0.37783558355240215,9.461531333564006
30.251902165687262,0.7499999999999994,806.4421470842028,0.37963861919142,9.389827455189955
30.251902165687262,0.7499999999999994,806.4421470842028,0.37963861919142,9.389827455189955
30.251902165687262,0.7499999999999994,806.4421470842028,0.37963861919142,9.389827455189955
30.251902165687262,0.7499999999999994,806.4421470842028,0.37963861919142,9.389827455189955
30.251902165687262,0.7499999999999994,806.4421470842028,0.37963861919142,9.389827455189955
30.251902165687262,0.7499999999999994,806.4421470842028,0.37963861919142,9.389827455189955
30.251902165687262,0.7499999999999994,806.4421470842028,0.37963861919142,9.389827455189955
30.251902165687262,0.7499999999999994,806.4421470842028,0.37963861919142,9.389827455189955
30.251902165687262,0.7499999999999994,806.4421470842028,0.37963861919142,9.389827455189955
30.251902165687262,0.7499999999999994,806.4421470842028,0.37963861919142,9.389827455189955
30.251902165687262,0.7499999999999994,806.4421470842028,0.37963861919142,9.389827455189955
30.251902165687262,0.7499999999999994,806.4421470842028,0.37963861919142,9.389827455189955
30.251902165687262,0.7499999999999994,806.4421470842028,0.37963861919142,9.389827455189955
30.251902165687262,0.7499999999999994,806.4421470842028,0.37963861919142,9.389827455189955
30.251902165687262,0.7499999999999994,806.4421470842028,0.37963861919142,9.389827455189955
30.251902165687262,0.7499999999999994,806.4421470842028,0.37963861919142,9.389827455189955
30.251902165687262,0.7499999999999994,806.4421470842028,0.37963861919142,9.389827455189955
30.251902165687262,0.7499999999999994,806.4421470842028,0.37963861919142,9.389827455189955
30.251902165687262,0.7499999999999994,806.4421470842028,0.37963861919142,9.389827455189955
30.251902165687262,0.7499999999999994,806.4421470842028,0.37963861919142,9.389827455189955
30.67836007973672,0.7499999999999987,795.6293001531487,0.38548471144519536,9.453174828177723
30.67836007973672,0.7499999999999987,795.6293001531487,0.38548471144519536,9.453174828177723
30.67836007973672,0.7499999999999987,795.6293001531487,0.38548471144519536,9.453174828177723
30.67836007973672,0.7499999999999987,795.6293001531487,0.38548471144519536,9.453174828177723
30.67836007973672,0.7499999999999987,795.6293001531487,0.38548471144519536,9.453174828177723
30.67836007973672,0.7499999999999987,795.6293001531487,0.38548471144519536,9.453174828177723
30.69345613335255,0.7499999999999999,804.9293278253386,0.39527973657640364,9.545366421367897
31.835016698054595,0.7499999999999991,796.5974500471758,0.4117156570385412,9.678465528742853
30.597270860463777,0.7499999999999988,809.3053025395247,0.40282436009832634,9.70829220895656
30.541988968942807,0.7499999999999998,808.7064097424867,0.41063473525424693,9.63404527850697
30.541988968942807,0.7499999999999998,808.7064097424867,0.41063473525424693,9.63404527850697
30.679177994769873,0.7499999999999999,803.2786862062276,0.4037135708442222,9.607521826436704
30.691010253222295,0.7499999999999989,803.3614592837731,0.3989928928328445,9.601357947287152
30.691010253222295,0.7499999999999989,803.3614592837731,0.3989928928328445,9.601357947287152
31.33668088008606,0.7499999999999989,798.5748808201038,0.40017506921410345,9.719648703014704
30.835509450596867,0.7499999999999991,805.0128546012743,0.40713337990370174,9.75771477758112
30.806060379048144,0.7499999999999994,806.4022671876843,0.40484436112936084,9.792150345983378
31.29022693561218,0.7500000000000002,805.4986837625977,0.41133163443669524,9.791122160650588
31.240865228699896,0.7499999999999997,805.9119235384661,0.4106289203902663,9.804693961190846
30.970638065600642,0.7499999999999992,801.3072050984005,0.4118015171135204,9.7749557864181
30.25013351340197,0.7499999999999989,810.9632080610822,0.4130772699876462,9.787163770838603
30.25013351340197,0.7499999999999989,810.9632080610822,0.4130772699876462,9.787163770838603
30.25013351340197,0.7499999999999989,810.9632080610822,0.4130772699876462,9.787163770838603
30.335378386072232,0.7499999999999993,819.2030363450488,0.42120091925744996,9.796126384347303
30.335378386072232,0.7499999999999993,819.2030363450488,0.42120091925744996,9.796126384347303
30.335378386072232,0.7499999999999993,819.2030363450488,0.42120091925744996,9.796126384347303
30.335378386072232,0.7499999999999993,819.2030363450488,0.42120091925744996,9.796126384347303
30.335378386072232,0.7499999999999993,819.2030363450488,0.42120091925744996,9.796126384347303
30.335378386072232,0.7499999999999993,819.2030363450488,0.42120091925744996,9.796126384347303
30.417931497606002,0.7499999999999989,804.3066775070565,0.4062659847891655,9.70507323823224
30.417931497606002,0.7499999999999989,804.3066775070565,0.4062659847891655,9.70507323823224
30.417931497606002,0.7499999999999989,804.3066775070565,0.4062659847891655,9.70507323823224
31.011692012940195,0.7499999999999996,798.8497267719282,0.3969919576414649,9.6744326676381
31.011692012940195,0.7499999999999996,798.8497267719282,0.3969919576414649,9.6744326676381
31.011692012940195,0.7499999999999996,798.8497267719282,0.3969919576414649,9.6744326676381
31.011692012940195,0.7499999999999996,798.8497267719282,0.3969919576414649,9.6744326676381
30.950280962894038,0.749999999999999,802.2579898774886,0.4096410780158999,9.779060914230419
30.52071615652944,0.7500000000000002,812.1003618387496,0.40404361544133754,9.688184408731335
30.52071615652944,0.7500000000000002,812.1003618387496,0.40404361544133754,9.688184408731335
30.52071615652944,0.7500000000000002,812.1003618387496,0.40404361544133754,9.688184408731335
30.52071615652944,0.7500000000000002,812.1003618387496,0.40404361544133754,9.688184408731335
30.91823682923522,0.7499999999999994,811.0728497845124,0.4120348777621125,9.763926145569082
30.91823682923522,0.7499999999999994,811.0728497845124,0.4120348777621125,9.763926145569082
30.787591498312704,0.7499999999999997,819.119266711131,0.41620959329052765,9.76820203006011
30.787591498312704,0.7499999999999997,819.119266711131,0.41620959329052765,9.76820203006011
30.787591498312704,0.7499999999999997,819.119266711131,0.41620959329052765,9.76820203006011
30.74834912243951,0.75,802.3793589866884,0.4077306581393075,9.673891385120907
30.74834912243951,0.75,802.3793589866884,0.4077306581393075,9.673891385120907
30.74834912243951,0.75,802.3793589866884,0.4077306581393075,9.673891385120907
29.835863537494824,0.7499999999999981,814.639765602418,0.4205501149827629,9.70001472532069
29.835863537494824,0.7499999999999981,814.639765602418,0.4205501149827629,9.70001472532069
30.1866389238019,0.7499999999999997,806.0034142480947,0.42551696780262016,9.630035929861076
30.224772805621168,0.7499999999999998,809.9498637541806,0.4243754097136712,9.68295043194301
29.795206727213028,0.7499999999999988,820.9926120537516,0.4360269163297273,9.787651535527095
29.795206727213028,0.7499999999999988,820.9926120537516,0.4360269163297273,9.787651535527095
29.795206727213028,0.7499999999999988,820.9926120537516,0.4360269163297273,9.787651535527095
30.35772333673802,0.7499999999999999,806.7735425353404,0.4260991354504104,9.789849464299133
30.35772333673802,0.7499999999999999,806.7735425353404,0.4260991354504104,9.789849464299133
30.35772333673802,0.7499999999999999,806.7735425353404,0.4260991354504104,9.789849464299133
30.35772333673802,0.7499999999999999,806.7735425353404,0.4260991354504104,9.789849464299133
30.115736612008085,0.7499999999999987,813.9758026235345,0.4244996524952208,9.794936749817177
30.115736612008085,0.7499999999999987,813.9758026235345,0.4244996524952208,9.794936749817177
30.115736612008085,0.7499999999999987,813.9758026235345,0.4244996524952208,9.794936749817177
30.115736612008085,0.7499999999999987,813.9758026235345,0.4244996524952208,9.794936749817177
29.93348603959807,0.7499999999999994,820.5069638628107,0.417662654721793,9.807471687551153
29.93348603959807,0.7499999999999994,820.5069638628107,0.417662654721793,9.807471687551153
30.641531696083245,0.7499999999999993,802.5070858685301,0.41515259442220526,9.848501328291661
30.371193873177255,0.75,801.7678593553748,0.41145212662055974,9.785703588500121
30.83801131557276,0.7499999999999996,801.530418023006,0.4012115537746953,9.784641431982013
30.646101572239676,0.7499999999999998,793.9682665147935,0.4007596897615784,9.61332026287256
30.532938809877297,0.7499999999999987,810.4531621767036,0.42850829621493713,9.731801190588978
30.622621413806048,0.7499999999999999,805.0003063433018,0.4230233609365736,9.61149252896501
29.945850815044135,0.7499999999999996,813.5152931938647,0.42823822098463554,9.64531216141188
29.945850815044135,0.7499999999999996,813.5152931938647,0.42823822098463554,9.64531216141188
29.945850815044135,0.7499999999999996,813.5152931938647,0.42823822098463554,9.64531216141188
29.945850815044135,0.7499999999999996,813.5152931938647,0.42823822098463554,9.64531216141188
30.404483599125395,0.7500000000000006,800.7782867155149,0.40672282143356475,9.534890002257919
30.111364535076227,0.7499999999999992,797.1584139216812,0.4002555887290176,9.652098150775567
30.68727062181301,0.7499999999999987,798.2792080622933,0.414103283825181,9.81341372015089
30.68727062181301,0.7499999999999987,798.2792080622933,0.414103283825181,9.81341372015089
30.68727062181301,0.7499999999999987,798.2792080622933,0.414103283825181,9.81341372015089
30.23587461861113,0.7499999999999988,800.7447412655448,0.4100267312415714,9.764499861840113
30.15990415787505,0.7499999999999987,801.4948381868451,0.41611653495464984,9.720528223954133
30.335841677981197,0.749999999999999,803.6609936447571,0.43614809352076495,9.83456182366505
30.243893882145567,0.7499999999999986,804.9535027229626,0.4364936391084529,9.897909572435717
30.243893882145567,0.7499999999999986,804.9535027229626,0.4364936391084529,9.897909572435717
30.243893882145567,0.7499999999999986,804.9535027229626,0.4364936391084529,9.897909572435717
29.9735480289314,0.75,820.4507682066233,0.44596996183364324,10.023040658461184
29.9735480289314,0.75,820.4507682066233,0.44596996183364324,10.023040658461184
29.9735480289314,0.75,820.4507682066233,0.44596996183364324,10.023040658461184
30.203717755145338,0.75,809.000295797855,0.4530213081959692,9.964095709650058
30.203717755145338,0.75,809.000295797855,0.4530213081959692,9.964095709650058
30.203717755145338,0.75,809.000295797855,0.4530213081959692,9.964095709650058
29.826981056309094,0.7499999999999996,813.7304878964943,0.4581393343064582,9.94686269959501
29.478834531693945,0.7499999999999997,818.264095006434,0.4675141688829006,9.886260116534334
29.478834531693945,0.7499999999999997,818.264095006434,0.4675141688829006,9.886260116534334
29.478834531693945,0.7499999999999997,818.264095006434,0.4675141688829006,9.886260116534334
29.478834531693945,0.7499999999999997,818.264095006434,0.4675141688829006,9.886260116534334
29.193767590046573,0.7499999999999996,819.5238796443856,0.468235834171821,9.919452110973126
28.577487377528804,0.7499999999999999,832.8448896587299,0.45496948144726224,9.871348431158898
29.896214383327475,0.7499999999999999,809.622736699293,0.45283408594618146,9.755886042620157
29.58073797488558,0.7499999999999993,817.725545438568,0.4559508351438961,9.772950531330409
29.58073797488558,0.7499999999999993,817.725545438568,0.4559508351438961,9.772950531330409
29.58073797488558,0.7499999999999993,817.725545438568,0.4559508351438961,9.772950531330409
29.973190990862523,0.7499999999999982,808.6621669019652,0.4653991371638405,9.755453631257334
29.973190990862523,0.7499999999999982,808.6621669019652,0.4653991371638405,9.755453631257334
30.456715190209348,0.7499999999999994,800.6296450845699,0.46145037043862724,9.73408134312876
30.456715190209348,0.7499999999999994,800.6296450845699,0.46145037043862724,9.73408134312876
29.817032948557838,0.7499999999999993,803.061709297165,0.46657214492040483,9.701686547649299
29.525100915293823,0.7499999999999987,806.865790109913,0.4655152161455771,9.62599161422465
29.525100915293823,0.7499999999999987,806.865790109913,0.4655152161455771,9.62599161422465
29.77833520246388,0.7499999999999992,806.1384214214206,0.46472544717524134,9.726738303943161
29.77833520246388,0.7499999999999992,806.1384214214206,0.46472544717524134,9.726738303943161
29.77833520246388,0.7499999999999992,806.1384214214206,0.46472544717524134,9.726738303943161
30.460466772966427,0.7499999999999996,803.6662477722934,0.4703504402918536,9.699674536795019
29.53309990174747,0.7499999999999998,816.9042074614058,0.47659042448898,9.720015787746215
29.765243039498266,0.7499999999999992,810.3102728505066,0.4578005178028905,9.633645761290348
28.99789275753196,0.7499999999999994,819.2560978313256,0.4508351407932672,9.480913750433308
28.99789275753196,0.7499999999999994,819.2560978313256,0.4508351407932672,9.480913750433308
28.99789275753196,0.7499999999999994,819.2560978313256,0.4508351407932672,9.480913750433308
28.99789275753196,0.7499999999999994,819.2560978313256,0.4508351407932672,9.480913750433308
29.54489003128146,0.7499999999999992,814.424795442274,0.4584281693108337,9.622478444378382
29.54489003128146,0.7499999999999992,814.424795442274,0.4584281693108337,9.622478444378382
29.54489003128146,0.7499999999999992,814.424795442274,0.4584281693108337,9.622478444378382
29.31147817198149,0.7499999999999987,811.6562389365496,0.4494738837978449,9.575375310826526
29.37662007954275,0.7499999999999997,812.2652903374127,0.44268205025361423,9.628418882687438
29.37662007954275,0.7499999999999997,812.2652903374127,0.44268205025361423,9.628418882687438
29.64920570561729,0.7499999999999999,811.1219380659966,0.4407625563669587,9.636000119993724
29.522393560981648,0.7499999999999989,816.7615918592883,0.45128346576764944,9.685236355198516
30.100582282138145,0.7499999999999991,816.0552573844091,0.4412793345622829,9.629024949004243
30.100582282138145,0.7499999999999991,816.0552573844091,0.4412793345622829,9.629024949004243
30.100582282138145,0.7499999999999991,816.0552573844091,0.4412793345622829,9.629024949004243
30.100582282138145,0.7499999999999991,816.0552573844091,0.4412793345622829,9.629024949004243
30.100582282138145,0.7499999999999991,816.0552573844091,0.4412793345622829,9.629024949004243
30.100582282138145,0.7499999999999991,816.0552573844091,0.4412793345622829,9.629024949004243
30.100582282138145,0.7499999999999991,816.0552573844091,0.4412793345622829,9.629024949004243
30.100582282138145,0.7499999999999991,816.0552573844091,0.4412793345622829,9.629024949004243
30.100582282138145,0.7499999999999991,816.0552573844091,0.4412793345622829,9.629024949004243
30.100582282138145,0.7499999999999991,816.0552573844091,0.4412793345622829,9.629024949004243
30.100582282138145,0.7499999999999991,816.0552573844091,0.4412793345622829,9.629024949004243
30.100582282138145,0.7499999999999991,816.0552573844091,0.4412793345622829,9.629024949004243
30.100582282138145,0.7499999999999991,816.0552573844091,0.4412793345622829,9.629024949004243
30.100582282138145,0.7499999999999991,816.0552573844091,0.4412793345622829,9.629024949004243
30.100582282138145,0.7499999999999991,816.0552573844091,0.4412793345622829,9.629024949004243
30.100582282138145,0.7499999999999991,816.0552573844091,0.4412793345622829,9.629024949004243
30.100582282138145,0.7499999999999991,816.0552573844091,0.4412793345622829,9.629024949004243
30.100582282138145,0.7499999999999991,816.0552573844091,0.4412793345622829,9.629024949004243
30.100582282138145,0.7499999999999991,816.0552573844091,0.4412793345622829,9.629024949004243
30.100582282138145,0.7499999999999991,816.0552573844091,0.4412793345622829,9.629024949004243
30.100582282138145,0.7499999999999991,816.0552573844091,0.4412793345622829,9.629024949004243
30.100582282138145,0.7499999999999991,816.0552573844091,0.4412793345622829,9.629024949004243
30.100582282138145,0.7499999999999991,816.0552573844091,0.4412793345622829,9.629024949004243
30.100582282138145,0.7499999999999991,816.0552573844091,0.4412793345622829,9.629024949004243
30.100582282138145,0.7499999999999991,816.0552573844091,0.4412793345622829,9.629024949004243
30.100582282138145,0.7499999999999991,816.0552573844091,0.4412793345622829,9.629024949004243
30.910576007926164,0.749999999999999,808.0954022556202,0.44234316254116696,9.653941972644054
30.910576007926164,0.749999999999999,808.0954022556202,0.44234316254116696,9.653941972644054
30.910576007926164,0.749999999999999,808.0954022556202,0.44234316254116696,9.653941972644054
30.230902953019626,0.7499999999999984,811.8918168793963,0.4363193164630375,9.639330875878034
30.172249484003565,0.749999999999999,814.3878846665701,0.4362975337964801,9.695014152290852
30.172249484003565,0.749999999999999,814.3878846665701,0.4362975337964801,9.695014152290852
30.636175873525243,0.7499999999999991,802.2844964484011,0.4414244666154095,9.782560440308256
30.397449858844013,0.7499999999999993,807.1115379227626,0.4584885067639667,9.910611168413363
30.397449858844013,0.7499999999999993,807.1115379227626,0.4584885067639667,9.910611168413363
30.15349729308237,0.7499999999999989,811.4043394815144,0.4547774002441265,9.938095696359095
30.15349729308237,0.7499999999999989,811.4043394815144,0.4547774002441265,9.938095696359095
30.15349729308237,0.7499999999999989,811.4043394815144,0.4547774002441265,9.938095696359095
30.521406660995975,0.7499999999999996,809.5224091168976,0.4631307697139607,10.001944688151337
30.273667487453864,0.7499999999999987,808.9659319602761,0.46329517423737765,9.999037373357023
30.37109062870639,0.7500000000000002,804.7741642898818,0.45039265544105966,9.879051599808474
30.37109062870639,0.7500000000000002,804.7741642898818,0.45039265544105966,9.879051599808474
30.37109062870639,0.7500000000000002,804.7741642898818,0.45039265544105966,9.879051599808474
30.549108430377636,0.7499999999999986,805.1498257934664,0.4455418003012197,9.837150920089405
30.576444738514677,0.7499999999999977,810.4781688185793,0.44064775655966076,9.90202376338448
30.576444738514677,0.7499999999999977,810.4781688185793,0.44064775655966076,9.90202376338448
30.576444738514677,0.7499999999999977,810.4781688185793,0.44064775655966076,9.90202376338448
30.34997254112667,0.7499999999999973,805.8492770328884,0.44411008868439905,9.863790900837092
29.918179846042854,0.7499999999999989,813.8215680306308,0.4339843639238552,9.835536684350496
29.918179846042854,0.7499999999999989,813.8215680306308,0.4339843639238552,9.835536684350496
29.918179846042854,0.7499999999999989,813.8215680306308,0.4339843639238552,9.835536684350496
29.918179846042854,0.7499999999999989,813.8215680306308,0.4339843639238552,9.835536684350496
30.037314482814583,0.7499999999999996,814.0587948397807,0.4380961569674172,9.86947948157479
30.037314482814583,0.7499999999999996,814.0587948397807,0.4380961569674172,9.86947948157479
29.98799600753648,0.75,810.9446011391261,0.42504760754315274,9.874336563410466
29.98799600753648,0.75,810.9446011391261,0.42504760754315274,9.874336563410466
30.16873186073249,0.7499999999999993,806.6001939070217,0.42698354482847417,9.903350360734105
30.16873186073249,0.7499999999999993,806.6001939070217,0.42698354482847417,9.903350360734105
30.22892240883833,0.7499999999999989,809.7092188299825,0.42297610564970145,9.86746860388432
30.22892240883833,0.7499999999999989,809.7092188299825,0.42297610564970145,9.86746860388432
30.663737980853867,0.75,807.180225841591,0.43605121088041604,9.941666603560307
30.733485155039336,0.7499999999999994,807.9161377597276,0.42684496813165584,9.983367588832195
30.733485155039336,0.7499999999999994,807.9161377597276,0.42684496813165584,9.983367588832195
30.252358799057383,0.7499999999999998,818.9716337147216,0.429919546651335,10.04970277975112
30.835974424394887,0.7499999999999993,814.1415666600386,0.43965529669829856,10.157433951875799
30.835974424394887,0.7499999999999993,814.1415666600386,0.43965529669829856,10.157433951875799
30.835974424394887,0.7499999999999993,814.1415666600386,0.43965529669829856,10.157433951875799
30.835974424394887,0.7499999999999993,814.1415666600386,0.43965529669829856,10.157433951875799
31.458527189415108,0.7499999999999993,807.2994009764045,0.4289278039430591,10.192036248664824
31.458527189415108,0.7499999999999993,807.2994009764045,0.4289278039430591,10.192036248664824
31.4594506034176,0.7499999999999999,812.8325365702148,0.4366160135807213,10.281548037450625
30.915028932580828,0.7499999999999988,813.6107101115246,0.4287913838475324,10.153258683284097
30.915028932580828,0.7499999999999988,813.6107101115246,0.4287913838475324,10.153258683284097
30.915028932580828,0.7499999999999988,813.6107101115246,0.4287913838475324,10.153258683284097
30.915028932580828,0.7499999999999988,813.6107101115246,0.4287913838475324,10.153258683284097
30.915028932580828,0.7499999999999988,813.6107101115246,0.4287913838475324,10.153258683284097
30.120785931101025,0.7499999999999991,811.4186653852332,0.42122145755898716,9.986121313814484
30.120785931101025,0.7499999999999991,811.4186653852332,0.42122145755898716,9.986121313814484
30.132493267901218,0.7499999999999996,810.4092913845722,0.41290956765240966,9.903888299633028
30.132493267901218,0.7499999999999996,810.4092913845722,0.41290956765240966,9.903888299633028
30.132493267901218,0.7499999999999996,810.4092913845722,0.41290956765240966,9.903888299633028
30.132493267901218,0.7499999999999996,810.4092913845722,0.41290956765240966,9.903888299633028
30.132493267901218,0.7499999999999996,810.4092913845722,0.41290956765240966,9.903888299633028
30.417865872085486,0.7499999999999993,807.2903461938246,0.4160525530183593,9.862016030966382
30.417865872085486,0.7499999999999993,807.2903461938246,0.4160525530183593,9.862016030966382
30.417865872085486,0.7499999999999993,807.2903461938246,0.4160525530183593,9.862016030966382
30.417865872085486,0.7499999999999993,807.2903461938246,0.4160525530183593,9.862016030966382
30.417865872085486,0.7499999999999993,807.2903461938246,0.4160525530183593,9.862016030966382
30.474833927268495,0.75,800.1030661478884,0.4029773889103277,9.871597494746553
30.320288596910196,0.7499999999999997,805.9814040320456,0.4082773645157564,9.927439047648997
29.684925115767633,0.7499999999999991,808.0241454446897,0.4155115370790836,9.833609588269443
29.684925115767633,0.7499999999999991,808.0241454446897,0.4155115370790836,9.833609588269443
29.78503589853346,0.75,806.3943046018775,0.4261825932403824,9.872891211436041
29.78503589853346,0.75,806.3943046018775,0.4261825932403824,9.872891211436041
30.396661501172964,0.7499999999999993,801.377652187221,0.412018033274551,9.811675885474887
30.65362764879708,0.749999999999999,799.0664028545552,0.3984016051729718,9.824999904963002
30.623220375458565,0.7499999999999997,799.6781998737355,0.3845858545137541,9.780963504745614
30.053390050735295,0.7499999999999992,801.1871354047827,0.3849381905446799,9.816001970615005
30.053390050735295,0.7499999999999992,801.1871354047827,0.3849381905446799,9.816001970615005
30.053390050735295,0.7499999999999992,801.1871354047827,0.3849381905446799,9.816001970615005
30.05972050890486,0.749999999999998,805.0363684582302,0.3892925576424362,9.802681447132949
30.05972050890486,0.749999999999998,805.0363684582302,0.3892925576424362,9.802681447132949
30.05972050890486,0.749999999999998,805.0363684582302,0.3892925576424362,9.802681447132949
30.05972050890486,0.749999999999998,805.0363684582302,0.3892925576424362,9.802681447132949
30.198923705748285,0.7499999999999998,804.0048992842044,0.398984766790367,9.774922206302794
30.198923705748285,0.7499999999999998,804.0048992842044,0.398984766790367,9.774922206302794
29.96251752203491,0.7499999999999998,798.5684217537703,0.4009995217643026,9.74285772163095
29.96251752203491,0.7499999999999998,798.5684217537703,0.4009995217643026,9.74285772163095
29.972554745049315,0.7499999999999998,804.4135478861022,0.4117302058898191,9.877689725589795
29.972554745049315,0.7499999999999998,804.4135478861022,0.4117302058898191,9.877689725589795
30.0839729050752,0.7499999999999994,799.0961626845115,0.4125831680581289,9.903297386149285
30.0839729050752,0.7499999999999994,799.0961626845115,0.4125831680581289,9.903297386149285
29.708218162673198,0.7499999999999999,801.8320528780727,0.4117737549451945,9.850966022340405
29.708218162673198,0.7499999999999999,801.8320528780727,0.4117737549451945,9.850966022340405
28.859269482423397,0.7499999999999983,811.7623085717245,0.414248459960979,9.800629433134043
29.332089236399515,0.7499999999999989,799.7640708484726,0.4006551939468805,9.682511244993435
29.863350266597145,0.7499999999999989,804.2130001381548,0.40265271700520916,9.767562632865317
29.863350266597145,0.7499999999999989,804.2130001381548,0.40265271700520916,9.767562632865317
29.43372710295717,0.7499999999999992,811.0315436343003,0.4072861137302016,9.78947074344047
29.43372710295717,0.7499999999999992,811.0315436343003,0.4072861137302016,9.78947074344047
29.43372710295717,0.7499999999999992,811.0315436343003,0.4072861137302016,9.78947074344047
29.43372710295717,0.7499999999999992,811.0315436343003,0.4072861137302016,9.78947074344047
29.43372710295717,0.7499999999999992,811.0315436343003,0.4072861137302016,9.78947074344047
28.857921175369775,0.7500000000000002,815.7391107838539,0.4122111863879337,9.715193562139074
28.857921175369775,0.7500000000000002,815.7391107838539,0.4122111863879337,9.715193562139074
28.857921175369775,0.7500000000000002,815.7391107838539,0.4122111863879337,9.715193562139074
28.857921175369775,0.7500000000000002,815.7391107838539,0.4122111863879337,9.715193562139074
29.005328898235334,0.7499999999999997,814.9338398571002,0.412835891985232,9.784735257321467
28.826698677526892,0.7499999999999999,822.2408571211735,0.39904282787136336,9.750765460551946
28.826698677526892,0.7499999999999999,822.2408571211735,0.39904282787136336,9.750765460551946
29.059894699865485,0.7499999999999994,819.8888242485292,0.4057634996823317,9.74990292265704
29.059894699865485,0.7499999999999994,819.8888242485292,0.4057634996823317,9.74990292265704
29.059894699865485,0.7499999999999994,819.8888242485292,0.4057634996823317,9.74990292265704
29.059894699865485,0.7499999999999994,819.8888242485292,0.4057634996823317,9.74990292265704
29.718956775840663,0.7499999999999981,809.6274696567,0.4005519747073073,9.699110239796326
29.718956775840663,0.7499999999999981,809.6274696567,0.4005519747073073,9.699110239796326
30.199448140788217,0.7499999999999993,809.4000282634595,0.4015287560766756,9.720783232723743
30.862036978344207,0.7499999999999999,802.357654777388,0.4008978340251455,9.725846535387072
30.751657002749283,0.7499999999999997,799.8378506595387,0.39496371070998526,9.721522517146218
30.82403720192213,0.7499999999999987,809.2162858620343,0.3958126205042112,9.79412194447905
30.82403720192213,0.7499999999999987,809.2162858620343,0.3958126205042112,9.79412194447905
30.475778227600433,0.7500000000000003,806.1107696504943,0.37894416786202567,9.728337655703257
30.475778227600433,0.7500000000000003,806.1107696504943,0.37894416786202567,9.728337655703257
30.475778227600433,0.7500000000000003,806.1107696504943,0.37894416786202567,9.728337655703257
30.475778227600433,0.7500000000000003,806.1107696504943,0.37894416786202567,9.728337655703257
30.0791574218246,0.7499999999999994,813.8021718752998,0.3773168145982071,9.726115847622939
30.58080483832949,0.7499999999999994,798.788574864878,0.3963692137742675,9.845114314773673
30.53695792841092,0.7499999999999989,803.3566141653915,0.39752331045819056,9.733478543631174
30.919006963303637,0.7499999999999991,799.2091905877547,0.4060282500032719,9.756340247362989
31.400806117777723,0.7499999999999991,801.4678178825071,0.4193187077647951,9.865269350225768
31.086290768406368,0.7499999999999994,802.0765473706315,0.4150685059035264,9.990131188874908
31.53441707751459,0.7499999999999993,801.5786747523201,0.418193877093481,10.043217002175476
30.738272784862207,0.7499999999999994,805.8148112031683,0.415440918710125,9.928808736292913
30.738272784862207,0.7499999999999994,805.8148112031683,0.415440918710125,9.928808736292913
30.738272784862207,0.7499999999999994,805.8148112031683,0.415440918710125,9.928808736292913
30.738272784862207,0.7499999999999994,805.8148112031683,0.415440918710125,9.928808736292913
30.58797409594426,0.7499999999999997,809.887303682661,0.41695212789978736,9.97026871480018
30.58797409594426,0.7499999999999997,809.887303682661,0.41695212789978736,9.97026871480018
30.247947578756094,0.7499999999999983,809.8436451022856,0.40284155480575057,9.890693819392391
30.247947578756094,0.7499999999999983,809.8436451022856,0.40284155480575057,9.890693819392391
30.247947578756094,0.7499999999999983,809.8436451022856,0.40284155480575057,9.890693819392391
30.247947578756094,0.7499999999999983,809.8436451022856,0.40284155480575057,9.890693819392391
30.247947578756094,0.7499999999999983,809.8436451022856,0.40284155480575057,9.890693819392391
30.247947578756094,0.7499999999999983,809.8436451022856,0.40284155480575057,9.890693819392391
30.247947578756094,0.7499999999999983,809.8436451022856,0.40284155480575057,9.890693819392391
30.247947578756094,0.7499999999999983,809.8436451022856,0.40284155480575057,9.890693819392391
30.247947578756094,0.7499999999999983,809.8436451022856,0.40284155480575057,9.890693819392391
29.826871467338222,0.7499999999999996,814.5747181870058,0.3963978735223769,9.902115435193267
29.826871467338222,0.7499999999999996,814.5747181870058,0.3963978735223769,9.902115435193267
29.826871467338222,0.7499999999999996,814.5747181870058,0.3963978735223769,9.902115435193267
30.37029362610649,0.7499999999999999,808.4480160349397,0.40671344464478343,9.874029953528225
30.478697324198276,0.7499999999999991,808.156991576364,0.39677314906397154,9.762910201499707
30.478697324198276,0.7499999999999991,808.156991576364,0.39677314906397154,9.762910201499707
30.478697324198276,0.7499999999999991,808.156991576364,0.39677314906397154,9.762910201499707
30.478697324198276,0.7499999999999991,808.156991576364,0.39677314906397154,9.762910201499707
30.478697324198276,0.7499999999999991,808.156991576364,0.39677314906397154,9.762910201499707
30.478697324198276,0.7499999999999991,808.156991576364,0.39677314906397154,9.762910201499707
30.478697324198276,0.7499999999999991,808.156991576364,0.39677314906397154,9.762910201499707
30.973869969963214,0.7499999999999993,808.5270553062521,0.4103153568844155,9.843576237397409
31.12656466136236,0.7499999999999973,812.2270409230294,0.4113180626193541,9.839524215769526
31.39992944417927,0.7499999999999983,805.1772519126923,0.42205953093740306,9.988827793977412
30.955891133055374,0.7499999999999988,807.1553394443027,0.4141560042707151,9.935953046686436
30.897239979079185,0.7499999999999988,811.8911233490396,0.41607123419912606,9.997089295271135
30.897239979079185,0.7499999999999988,811.8911233490396,0.41607123419912606,9.997089295271135
30.897239979079185,0.7499999999999988,811.8911233490396,0.41607123419912606,9.997089295271135
31.322492805669512,0.7499999999999993,808.7885584102164,0.41863361868534144,10.178902402160844
31.322492805669512,0.7499999999999993,808.7885584102164,0.41863361868534144,10.178902402160844
31.322492805669512,0.7499999999999993,808.7885584102164,0.41863361868534144,10.178902402160844
31.322492805669512,0.7499999999999993,808.7885584102164,0.41863361868534144,10.178902402160844
30.22850393670564,0.7499999999999994,820.3168356909381,0.4257999799354281,10.173705408757058
29.997476144728708,0.7499999999999984,813.7264849320558,0.41332558714064466,10.013800794760627
29.997476144728708,0.7499999999999984,813.7264849320558,0.41332558714064466,10.013800794760627
30.237933076578003,0.7499999999999997,815.2160530678427,0.4250387788231125,10.05721400792483
30.237933076578003,0.7499999999999997,815.2160530678427,0.4250387788231125,10.05721400792483
30.593051566841133,0.7499999999999999,810.0908504175682,0.4280029764764372,10.0612135367235
30.093129118260435,0.7499999999999993,817.4222175994151,0.4282862879295193,9.919883398214003
30.0835219802273,0.7499999999999971,816.4013377821256,0.4393050791903084,9.910750987493367
30.261652117972556,0.75,803.8154083964005,0.4369833502972301,9.816471234480826
30.261652117972556,0.75,803.8154083964005,0.4369833502972301,9.816471234480826
30.261652117972556,0.75,803.8154083964005,0.4369833502972301,9.816471234480826
29.638122949036866,0.7499999999999991,812.659722432394,0.4324465426102087,9.941280794988199
29.34776654678302,0.7500000000000002,817.4533159329144,0.45508879375026134,9.967770173813491
29.34776654678302,0.7500000000000002,817.4533159329144,0.45508879375026134,9.967770173813491
29.34776654678302,0.7500000000000002,817.4533159329144,0.45508879375026134,9.967770173813491
29.34776654678302,0.7500000000000002,817.4533159329144,0.45508879375026134,9.967770173813491
29.34776654678302,0.7500000000000002,817.4533159329144,0.45508879375026134,9.967770173813491
29.34776654678302,0.7500000000000002,817.4533159329144,0.45508879375026134,9.967770173813491
29.469089475555204,0.7499999999999988,821.0016143672063,0.4506111330618996,9.951423383509265
29.83127743083417,0.7499999999999986,821.3071279138835,0.46138195592646447,10.078359530978528
29.78091439830534,0.7499999999999972,818.4601828856092,0.44968192652705585,9.964436044985849
29.93836716828869,0.7499999999999998,816.9769391268748,0.44516350190733006,9.884019031434622
29.93836716828869,0.7499999999999998,816.9769391268748,0.44516350190733006,9.884019031434622
29.93836716828869,0.7499999999999998,816.9769391268748,0.44516350190733006,9.884019031434622
29.93836716828869,0.7499999999999998,816.9769391268748,0.44516350190733006,9.884019031434622
29.93836716828869,0.7499999999999998,816.9769391268748,0.44516350190733006,9.884019031434622
30.078985895039906,0.7499999999999998,816.5901299908417,0.4447443453997085,9.936522545922216
30.422329230617517,0.7499999999999997,808.7697344501553,0.4450464500526783,9.93093056270627
30.422329230617517,0.7499999999999997,808.7697344501553,0.4450464500526783,9.93093056270627
30.732328341023372,0.7499999999999992,816.3214962433665,0.44047759215437815,9.936805229691853
31.112433504922947,0.7499999999999998,803.1386748856896,0.4265617704219771,9.85061478113056
31.402429727199227,0.7499999999999999,809.7901533546432,0.4400323383798495,9.963029503058397
31.402429727199227,0.7499999999999999,809.7901533546432,0.4400323383798495,9.963029503058397
31.16156426582586,0.7499999999999984,814.3989337001707,0.4379578515270795,9.885010445539947
30.470058583940368,0.7499999999999988,817.2900423044059,0.4381012131130385,9.80909347199032
30.470058583940368,0.7499999999999988,817.2900423044059,0.4381012131130385,9.80909347199032
30.470058583940368,0.7499999999999988,817.2900423044059,0.4381012131130385,9.80909347199032
30.470058583940368,0.7499999999999988,817.2900423044059,0.4381012131130385,9.80909347199032
30.470058583940368,0.7499999999999988,817.2900423044059,0.4381012131130385,9.80909347199032
30.582491088919273,0.7499999999999996,817.5450467730479,0.4444395892870576,9.859798453591756
30.582491088919273,0.7499999999999996,817.5450467730479,0.4444395892870576,9.859798453591756
31.27035234532416,0.7499999999999996,815.3220614735267,0.4420825891995064,9.946479557376412
30.96054346133329,0.7499999999999987,820.752585348101,0.44023251128929375,9.943509399905986
30.96054346133329,0.7499999999999987,820.752585348101,0.44023251128929375,9.943509399905986
30.96054346133329,0.7499999999999987,820.752585348101,0.44023251128929375,9.943509399905986
30.96054346133329,0.7499999999999987,820.752585348101,0.44023251128929375,9.943509399905986
30.96054346133329,0.7499999999999987,820.752585348101,0.44023251128929375,9.943509399905986
30.96054346133329,0.7499999999999987,820.752585348101,0.44023251128929375,9.943509399905986
30.96054346133329,0.7499999999999987,820.752585348101,0.44023251128929375,9.943509399905986
30.85725100706187,0.7499999999999987,819.2815762321454,0.4398064520211362,9.983691986594469
30.78814724781922,0.7499999999999991,820.4191432201765,0.4585633762064227,9.940898860731703
30.78814724781922,0.7499999999999991,820.4191432201765,0.4585633762064227,9.940898860731703
31.372272835805127,0.75,818.0086700067561,0.47104342846110736,10.058398273965256
31.876300068205044,0.7499999999999994,812.7097986978022,0.4700059487163965,9.984508562868182
31.412993865890627,0.7500000000000002,810.9055529522968,0.47232488119169336,9.979162950657942
30.827709162227222,0.7499999999999992,815.4869177461987,0.48233721238519567,9.994522721193349
30.821777586852395,0.7499999999999998,813.127625250283,0.47865821711846046,10.018940742675742
30.971338775101362,0.7499999999999998,811.3820987307113,0.47966230286613387,10.015575497809724
31.66344463800331,0.7499999999999998,806.522530961417,0.47025143130962166,9.977952095657173
31.648419582797843,0.7499999999999987,804.8924643800905,0.48532530683913777,10.06404356796632
31.633645698432492,0.7499999999999994,815.8970639157287,0.4920650545174659,10.11383542121006
31.633645698432492,0.7499999999999994,815.8970639157287,0.4920650545174659,10.11383542121006
31.633645698432492,0.7499999999999994,815.8970639157287,0.4920650545174659,10.11383542121006
31.633645698432492,0.7499999999999994,815.8970639157287,0.4920650545174659,10.11383542121006
31.633645698432492,0.7499999999999994,815.8970639157287,0.4920650545174659,10.11383542121006
31.389165556354875,0.7499999999999992,815.7346821420442,0.4888912386993751,10.0980738536768
31.389165556354875,0.7499999999999992,815.7346821420442,0.4888912386993751,10.0980738536768
31.389165556354875,0.7499999999999992,815.7346821420442,0.4888912386993751,10.0980738536768
31.62583907225641,0.7499999999999987,817.9648545633249,0.4959929951477433,10.207597285216414
31.62583907225641,0.7499999999999987,817.9648545633249,0.4959929951477433,10.207597285216414
31.374083600912613,0.7499999999999996,823.2941483771835,0.4960494653593715,10.210587807856024
31.374083600912613,0.7499999999999996,823.2941483771835,0.4960494653593715,10.210587807856024
31.447428122142625,0.7499999999999989,819.0028710134804,0.5035536330513273,10.252389897798054
31.44874647518273,0.7499999999999999,818.4868775138129,0.5031702398025619,10.21180213552449
31.44874647518273,0.7499999999999999,818.4868775138129,0.5031702398025619,10.21180213552449
31.44874647518273,0.7499999999999999,818.4868775138129,0.5031702398025619,10.21180213552449
31.44874647518273,0.7499999999999999,818.4868775138129,0.5031702398025619,10.21180213552449
31.44874647518273,0.7499999999999999,818.4868775138129,0.5031702398025619,10.21180213552449
31.44874647518273,0.7499999999999999,818.4868775138129,0.5031702398025619,10.21180213552449
31.44874647518273,0.7499999999999999,818.4868775138129,0.5031702398025619,10.21180213552449
31.44874647518273,0.7499999999999999,818.4868775138129,0.5031702398025619,10.21180213552449
30.92425390679426,0.7499999999999972,820.1495937801826,0.5082049598873427,10.147027752691164
30.933936038896267,0.7499999999999998,819.561354377643,0.5179487072878094,10.159991267814197
30.51882764069587,0.749999999999999,830.0546136700282,0.5188987629766048,10.151954989940492
30.754446539365002,0.7499999999999989,829.1761948883675,0.5159188547379948,10.21897909356577
30.606909154382507,0.7499999999999993,825.3954519884041,0.5108968232106296,10.082540512078998
30.606909154382507,0.7499999999999993,825.3954519884041,0.5108968232106296,10.082540512078998
31.037423426370463,0.7499999999999996,820.74267609094,0.5217263343322385,10.168920597805563
31.037423426370463,0.7499999999999996,820.74267609094,0.5217263343322385,10.168920597805563
31.037423426370463,0.7499999999999996,820.74267609094,0.5217263343322385,10.168920597805563
31.059666187518715,0.7499999999999996,821.6653157878693,0.5199966489562051,10.173243420749396
31.059666187518715,0.7499999999999996,821.6653157878693,0.5199966489562051,10.173243420749396
31.288372810615847,0.7499999999999982,812.3018558672316,0.5165291927635113,10.020507744678943
30.93365278145192,0.7499999999999996,821.6005882332635,0.523665017436072,10.168142405348476
31.031619648184204,0.7499999999999997,820.0761809806321,0.5211128464114584,10.129577419048635
30.794157463731977,0.7499999999999992,818.2927114912002,0.5096091414544075,10.04844019284217
30.794157463731977,0.7499999999999992,818.2927114912002,0.5096091414544075,10.04844019284217
30.5060172922878,0.7499999999999992,813.7646830125715,0.5225399709007676,10.150657823690844
30.5060172922878,0.7499999999999992,813.7646830125715,0.5225399709007676,10.150657823690844
30.5060172922878,0.7499999999999992,813.7646830125715,0.5225399709007676,10.150657823690844
30.5060172922878,0.7499999999999992,813.7646830125715,0.5225399709007676,10.150657823690844
30.5060172922878,0.7499999999999992,813.7646830125715,0.5225399709007676,10.150657823690844
30.5060172922878,0.7499999999999992,813.7646830125715,0.5225399709007676,10.150657823690844
30.474668670517865,0.7499999999999989,818.4362782866368,0.5320775726984789,10.172847968064525
30.45176007134295,0.75,818.8122606384647,0.5329823823616262,10.20140572212637
30.01789849987632,0.7499999999999989,821.1485192139935,0.5309779247105242,10.132541356645513
30.01789849987632,0.7499999999999989,821.1485192139935,0.5309779247105242,10.132541356645513
30.01789849987632,0.7499999999999989,821.1485192139935,0.5309779247105242,10.132541356645513
30.01789849987632,0.7499999999999989,821.1485192139935,0.5309779247105242,10.132541356645513
30.01789849987632,0.7499999999999989,821.1485192139935,0.5309779247105242,10.132541356645513
30.01789849987632,0.7499999999999989,821.1485192139935,0.5309779247105242,10.132541356645513
30.01789849987632,0.7499999999999989,821.1485192139935,0.5309779247105242,10.132541356645513
30.01789849987632,0.7499999999999989,821.1485192139935,0.5309779247105242,10.132541356645513
30.28626005340966,0.7499999999999993,820.2505207129765,0.5422550573375765,10.15690302706964
30.28626005340966,0.7499999999999993,820.2505207129765,0.5422550573375765,10.15690302706964
30.28626005340966,0.7499999999999993,820.2505207129765,0.5422550573375765,10.15690302706964
30.51804540662694,0.7499999999999997,819.5347207023254,0.5346789309947696,10.105614414022295
30.51804540662694,0.7499999999999997,819.5347207023254,0.5346789309947696,10.105614414022295
30.51804540662694,0.7499999999999997,819.5347207023254,0.5346789309947696,10.105614414022295
30.51804540662694,0.7499999999999997,819.5347207023254,0.5346789309947696,10.105614414022295
30.7298462222935,0.75,825.0873928630324,0.5278646345997151,10.138766836879276
30.7298462222935,0.75,825.0873928630324,0.5278646345997151,10.138766836879276
30.7298462222935,0.75,825.0873928630324,0.5278646345997151,10.138766836879276
31.408754543090748,0.7499999999999996,820.3452704008321,0.530411182080263,10.228727193224657
31.090804324396927,0.7499999999999994,820.9071267120034,0.5325609758740271,10.213411533299574
31.090804324396927,0.7499999999999994,820.9071267120034,0.5325609758740271,10.213411533299574
31.090804324396927,0.7499999999999994,820.9071267120034,0.5325609758740271,10.213411533299574
31.090804324396927,0.7499999999999994,820.9071267120034,0.5325609758740271,10.213411533299574
31.090804324396927,0.7499999999999994,820.9071267120034,0.5325609758740271,10.213411533299574
31.770370538002524,0.7499999999999998,822.2253982271733,0.5472514260807892,10.214887374547583
31.453781310866987,0.7499999999999999,818.3010044758421,0.5439078037851995,10.10388968900063
31.45291667596305,0.7499999999999991,819.8088593230125,0.5407860844429978,10.179733412284582
31.072132529352075,0.7499999999999993,820.7365089998026,0.535300494015632,10.14656943267716
31.074573006694482,0.7499999999999988,810.5395393844412,0.5330927315367092,10.07703882531979
30.94456474461789,0.7499999999999997,815.1793720427119,0.552847553541086,10.19553020355961
30.86436841429071,0.7499999999999992,821.9898374339491,0.5473654112844348,10.14532955701055
30.806064083253403,0.7499999999999991,821.8544983840421,0.5380876151239933,10.148107988196838
30.806064083253403,0.7499999999999991,821.8544983840421,0.5380876151239933,10.148107988196838
30.519248329719048,0.7499999999999978,823.6724283923324,0.5547151758013305,10.197059863931704
31.011223460000576,0.7499999999999987,814.659477263061,0.549776624323992,10.06514236013022
31.112561551327403,0.7499999999999978,820.4428776905626,0.5433017486082792,10.089380085244182
31.107374469975817,0.7499999999999999,813.7443057776142,0.5235140430921162,10.017596536886263
30.87082181895916,0.7499999999999998,814.3885637344525,0.5129955778025388,9.982509128514957
31.308199716398285,0.7499999999999993,806.7669366924097,0.5109839269132643,9.926644459771804
30.314369741053156,0.749999999999999,813.5310456201112,0.5076188388005046,9.908658598633886
29.8730022612833,0.7499999999999994,814.0285123214794,0.5003565073345144,9.861828744446402
29.731789334126724,0.7499999999999997,819.5770126642522,0.5123849479949825,9.92567337162327
29.90534700120032,0.75,826.0936949386513,0.5161350421046977,10.051340372461732
29.90534700120032,0.75,826.0936949386513,0.5161350421046977,10.051340372461732
29.90534700120032,0.75,826.0936949386513,0.5161350421046977,10.051340372461732
29.90534700120032,0.75,826.0936949386513,0.5161350421046977,10.051340372461732
29.90534700120032,0.75,826.0936949386513,0.5161350421046977,10.051340372461732
29.90534700120032,0.75,826.0936949386513,0.5161350421046977,10.051340372461732
29.90534700120032,0.75,826.0936949386513,0.5161350421046977,10.051340372461732
29.90534700120032,0.75,826.0936949386513,0.5161350421046977,10.051340372461732
30.125553343436586,0.7499999999999986,816.0085614547198,0.5147735823988253,10.074283414861133
30.125553343436586,0.7499999999999986,816.0085614547198,0.5147735823988253,10.074283414861133
29.77684142372044,0.7500000000000001,816.3559931926948,0.5056183487383957,9.987787212587808
29.77684142372044,0.7500000000000001,816.3559931926948,0.5056183487383957,9.987787212587808
29.77684142372044,0.7500000000000001,816.3559931926948,0.5056183487383957,9.987787212587808
29.761923840439337,0.749999999999999,818.4860789024482,0.5090790737301304,9.805941077410683
29.68948990075085,0.7499999999999993,820.6320602365815,0.5167346502445277,9.8442177672385
28.851773342311116,0.7499999999999996,829.5071650175129,0.5235797430851528,9.798123305221065
28.851773342311116,0.7499999999999996,829.5071650175129,0.5235797430851528,9.798123305221065
28.851773342311116,0.7499999999999996,829.5071650175129,0.5235797430851528,9.798123305221065
29.602377300826134,0.7499999999999997,820.993580472738,0.5174963809858398,9.84035174226257
29.60786919111476,0.7499999999999999,824.8306002913973,0.5206725784515116,9.898049121651894
29.89426473154724,0.7499999999999993,821.1375855829665,0.5237525666857145,9.906614022616623
29.89426473154724,0.7499999999999993,821.1375855829665,0.5237525666857145,9.906614022616623
29.89426473154724,0.7499999999999993,821.1375855829665,0.5237525666857145,9.906614022616623
29.89426473154724,0.7499999999999993,821.1375855829665,0.5237525666857145,9.906614022616623
29.89426473154724,0.7499999999999993,821.1375855829665,0.5237525666857145,9.906614022616623
29.89426473154724,0.7499999999999993,821.1375855829665,0.5237525666857145,9.906614022616623
29.89426473154724,0.7499999999999993,821.1375855829665,0.5237525666857145,9.906614022616623
30.36102844690296,0.7499999999999986,815.7555575709029,0.5297988895304346,10.022179667441833
30.36102844690296,0.7499999999999986,815.7555575709029,0.5297988895304346,10.022179667441833
30.995262171660443,0.7499999999999994,814.2997538741123,0.5321335823474659,10.098015229323462
30.995262171660443,0.7499999999999994,814.2997538741123,0.5321335823474659,10.098015229323462
30.995262171660443,0.7499999999999994,814.2997538741123,0.5321335823474659,10.098015229323462
31.035883657421994,0.7499999999999983,814.6216377947796,0.525530684274614,10.146297558017869
31.035883657421994,0.7499999999999983,814.6216377947796,0.525530684274614,10.146297558017869
30.892105414164003,0.7499999999999997,824.6327157588287,0.5191068010821767,10.198229267129406
31.029655590046524,0.7499999999999998,821.1561727437035,0.5216025347561389,10.256596922378908
31.029655590046524,0.7499999999999998,821.1561727437035,0.5216025347561389,10.256596922378908
31.029655590046524,0.7499999999999998,821.1561727437035,0.5216025347561389,10.256596922378908
31.291063125503424,0.7499999999999992,811.6973503621055,0.5194546405918912,10.210755602812906
31.291063125503424,0.7499999999999992,811.6973503621055,0.5194546405918912,10.210755602812906
31.291063125503424,0.7499999999999992,811.6973503621055,0.5194546405918912,10.210755602812906
31.65649780251906,0.7499999999999998,810.0082714945271,0.5201539958172775,10.256879575714436
31.604517836178697,0.7499999999999993,807.3198761870561,0.5229753005640793,10.251897846145829
31.604517836178697,0.7499999999999993,807.3198761870561,0.5229753005640793,10.251897846145829
31.604517836178697,0.7499999999999993,807.3198761870561,0.5229753005640793,10.251897846145829
31.604517836178697,0.7499999999999993,807.3198761870561,0.5229753005640793,10.251897846145829
31.548555576505155,0.7499999999999998,801.9203394903527,0.5016585176454085,10.100166649738435
31.548555576505155,0.7499999999999998,801.9203394903527,0.5016585176454085,10.100166649738435
31.548555576505155,0.7499999999999998,801.9203394903527,0.5016585176454085,10.100166649738435
31.548555576505155,0.7499999999999998,801.9203394903527,0.5016585176454085,10.100166649738435
30.863405960646833,0.7499999999999998,808.0036418492319,0.494099469745539,10.022985395610755
30.863405960646833,0.7499999999999998,808.0036418492319,0.494099469745539,10.022985395610755
30.863405960646833,0.7499999999999998,808.0036418492319,0.494099469745539,10.022985395610755
30.863405960646833,0.7499999999999998,808.0036418492319,0.494099469745539,10.022985395610755
30.299331227195616,0.7499999999999981,812.7709172842284,0.5032178797598875,10.15439828709032
30.464117844729113,0.7499999999999994,803.6112412561604,0.5039903195596476,10.035771442686286
30.464117844729113,0.7499999999999994,803.6112412561604,0.5039903195596476,10.035771442686286
30.333818942231307,0.7499999999999979,805.8746954220237,0.5029992953781725,9.979055097298987
30.698037405425314,0.7499999999999989,811.2644472025121,0.5032862795838648,9.879076526074524
30.698037405425314,0.7499999999999989,811.2644472025121,0.5032862795838648,9.879076526074524
30.262960360027982,0.7499999999999996,813.3655320441352,0.5072188292868464,9.842247023628744
30.262960360027982,0.7499999999999996,813.3655320441352,0.5072188292868464,9.842247023628744
30.262960360027982,0.7499999999999996,813.3655320441352,0.5072188292868464,9.842247023628744
30.132157800475895,0.7499999999999992,811.7766860672142,0.5084878854015817,9.748105007587162
30.102218134170435,0.7499999999999996,808.4398275082247,0.5119392840219791,9.809786479801863
30.102218134170435,0.7499999999999996,808.4398275082247,0.5119392840219791,9.809786479801863
29.58004843650472,0.7499999999999993,817.6738205592995,0.5040938810714777,9.821224156171226
29.58004843650472,0.7499999999999993,817.6738205592995,0.5040938810714777,9.821224156171226
30.088961544220222,0.7499999999999999,811.7101454034914,0.49812854160048853,9.729896913431139
30.54975638521254,0.7500000000000001,806.2611842192671,0.49011214147292853,9.774966513120727
30.54975638521254,0.7500000000000001,806.2611842192671,0.49011214147292853,9.774966513120727
30.54975638521254,0.7500000000000001,806.2611842192671,0.49011214147292853,9.774966513120727
30.265157044058896,0.7499999999999994,819.7420532853426,0.4878696494656154,9.776519322215856
30.265157044058896,0.7499999999999994,819.7420532853426,0.4878696494656154,9.776519322215856
30.577599435769525,0.7499999999999994,802.0317571456692,0.4876017371873349,9.706999845542544
30.414090044173378,0.7499999999999996,807.7434694112068,0.4865564581550125,9.662687634001207
30.414090044173378,0.7499999999999996,807.7434694112068,0.4865564581550125,9.662687634001207
30.414090044173378,0.7499999999999996,807.7434694112068,0.4865564581550125,9.662687634001207
30.414090044173378,0.7499999999999996,807.7434694112068,0.4865564581550125,9.662687634001207
30.968357304120413,0.7499999999999996,808.1415513930591,0.48842146012039467,9.80735786748313
31.637202063849205,0.7499999999999999,804.3106684239078,0.5047095386721073,9.91223732353067
32.010381157761415,0.7499999999999998,800.8828801889329,0.5079880157462447,9.928452701891638
32.010381157761415,0.7499999999999998,800.8828801889329,0.5079880157462447,9.928452701891638
32.0400790602621,0.7499999999999986,803.8638582865276,0.5118023606366783,9.97889059635985
32.0400790602621,0.7499999999999986,803.8638582865276,0.5118023606366783,9.97889059635985
32.0400790602621,0.7499999999999986,803.8638582865276,0.5118023606366783,9.97889059635985
32.0400790602621,0.7499999999999986,803.8638582865276,0.5118023606366783,9.97889059635985
31.93308431470389,0.7500000000000001,809.0521558493575,0.5208962131717402,10.067817555597907
31.93308431470389,0.7500000000000001,809.0521558493575,0.5208962131717402,10.067817555597907
31.93308431470389,0.7500000000000001,809.0521558493575,0.5208962131717402,10.067817555597907
32.09594282575029,0.7499999999999991,803.2986041204006,0.5262853071886978,10.106032361641983
32.21573417039966,0.7499999999999989,803.891700561729,0.5301040116650876,10.146977418722448
32.06930891196526,0.7499999999999984,806.60761744159,0.5287499672008479,10.029160424875377
31.612779073047715,0.7499999999999992,804.3759442325828,0.5366887275408729,10.058735255372596
31.612779073047715,0.7499999999999992,804.3759442325828,0.5366887275408729,10.058735255372596
31.550037100979576,0.7499999999999996,807.1868654468246,0.5278752558454868,9.98640056073755
31.430043227734515,0.7499999999999998,806.6404013569403,0.525498139377467,9.961041313272665
31.430043227734515,0.7499999999999998,806.6404013569403,0.525498139377467,9.961041313272665
31.274793339682475,0.7499999999999991,813.2969392911695,0.5398016317094643,10.015598808509784
31.7557425131225,0.7499999999999994,817.0429179903016,0.5430715851966136,10.042184594578933
31.85034193558575,0.7499999999999994,814.2221281872751,0.5373336865742028,9.978162341610803
31.85034193558575,0.7499999999999994,814.2221281872751,0.5373336865742028,9.978162341610803
31.487660801107854,0.7499999999999994,819.1395281877022,0.5467053485503223,9.923224663119052
31.487660801107854,0.7499999999999994,819.1395281877022,0.5467053485503223,9.923224663119052
30.695502162467477,0.7499999999999989,818.7050346278893,0.5406722558461,9.831941849266443
30.695502162467477,0.7499999999999989,818.7050346278893,0.5406722558461,9.831941849266443
30.48648411059072,0.75,817.4208435443036,0.5304176065572977,9.841011564043402
30.77089595751964,0.7499999999999987,810.2796066453136,0.5243677428361293,9.79138917708508
30.77089595751964,0.7499999999999987,810.2796066453136,0.5243677428361293,9.79138917708508
30.98025274682498,0.7499999999999994,810.1271942513443,0.5392905259394578,9.847770139908311
29.81393605571375,0.7499999999999987,822.076354506717,0.536219565371137,9.945462419791259
29.81393605571375,0.7499999999999987,822.076354506717,0.536219565371137,9.945462419791259
30.218198013995558,0.7499999999999992,812.6303140907028,0.5415322401984272,9.891744740403556
30.218198013995558,0.7499999999999992,812.6303140907028,0.5415322401984272,9.891744740403556
29.578250739170493,0.749999999999999,818.4885434522661,0.5398358737570956,9.888371771946769
29.578250739170493,0.749999999999999,818.4885434522661,0.5398358737570956,9.888371771946769
29.578250739170493,0.749999999999999,818.4885434522661,0.5398358737570956,9.888371771946769
29.578250739170493,0.749999999999999,818.4885434522661,0.5398358737570956,9.888371771946769
29.578250739170493,0.749999999999999,818.4885434522661,0.5398358737570956,9.888371771946769
29.578250739170493,0.749999999999999,818.4885434522661,0.5398358737570956,9.888371771946769
29.78484958117957,0.7499999999999999,816.915761091515,0.5442103392456039,9.947122437887675
29.78484958117957,0.7499999999999999,816.915761091515,0.5442103392456039,9.947122437887675
29.78484958117957,0.7499999999999999,816.915761091515,0.5442103392456039,9.947122437887675
29.09498686688357,0.7500000000000001,828.3372813072192,0.5531068309850338,10.068460422878422
29.09498686688357,0.7500000000000001,828.3372813072192,0.5531068309850338,10.068460422878422
29.09498686688357,0.7500000000000001,828.3372813072192,0.5531068309850338,10.068460422878422
29.222273847001965,0.7500000000000002,823.1027026891625,0.5369391386586075,9.95731188054396
29.367310548843424,0.7499999999999989,812.7466542113184,0.5273772373892832,9.884765742644452
28.449493088069744,0.7499999999999997,827.3644184015268,0.532924411313554,10.004586471860858
28.449493088069744,0.7499999999999997,827.3644184015268,0.532924411313554,10.004586471860858
28.606573180303396,0.7499999999999994,826.4952761957353,0.5237752090393712,10.068989947948221
28.9969620256145,0.7499999999999999,823.0122621798267,0.5315211801798913,10.075234832206593
28.9969620256145,0.7499999999999999,823.0122621798267,0.5315211801798913,10.075234832206593
29.34390258317006,0.7499999999999998,818.0959442555203,0.5292363385572547,10.043573433688106
30.111714893101198,0.749999999999999,811.996272906759,0.5253847610569928,10.035210662730076
29.805245457275724,0.7499999999999998,813.9536943273549,0.5424560248169717,10.065012337708868
29.72178075916207,0.7499999999999996,810.4432916116625,0.5269422795281992,9.93442381233325
29.563448786772703,0.7499999999999994,814.5190566832974,0.5379148059379303,9.944792195480176
29.394855546428488,0.7499999999999996,818.8208913485469,0.532600408235469,9.991987214894468
29.394855546428488,0.7499999999999996,818.8208913485469,0.532600408235469,9.991987214894468
29.394855546428488,0.7499999999999996,818.8208913485469,0.532600408235469,9.991987214894468
29.394855546428488,0.7499999999999996,818.8208913485469,0.532600408235469,9.991987214894468
30.358587118270126,0.7499999999999998,805.0974800798322,0.5316959386334666,10.033947182573916
30.244565546623118,0.7499999999999988,812.5987139021502,0.527549716111041,10.074132062970435
30.281555099690333,0.7499999999999988,804.4448424188081,0.5201111218774579,9.951108823266901
30.564485695940885,0.7499999999999997,802.5698869091129,0.5091013616214037,9.889228719541265
30.331713673541998,0.7499999999999987,809.0447919076603,0.5073931050052727,9.855575482947938
30.165661837942267,0.749999999999999,803.2832624463356,0.49021981912196166,9.859621627731007
29.576982619926778,0.7499999999999998,808.1475811921857,0.46876931664828414,9.775751373744885
29.201361139709952,0.7499999999999988,815.5662337160554,0.4799377147507146,9.735378636875279
29.201361139709952,0.7499999999999988,815.5662337160554,0.4799377147507146,9.735378636875279
29.201361139709952,0.7499999999999988,815.5662337160554,0.4799377147507146,9.735378636875279
29.898503275234425,0.7499999999999998,810.3298790074698,0.49030373597566573,9.779103673745851
29.898503275234425,0.7499999999999998,810.3298790074698,0.49030373597566573,9.779103673745851
29.898503275234425,0.7499999999999998,810.3298790074698,0.49030373597566573,9.779103673745851
30.069544588882167,0.7499999999999988,818.2219533791757,0.4981207816739847,9.751845048558621
30.069544588882167,0.7499999999999988,818.2219533791757,0.4981207816739847,9.751845048558621
30.069544588882167,0.7499999999999988,818.2219533791757,0.4981207816739847,9.751845048558621
29.944053601119183,0.7499999999999992,814.9521340474746,0.5054381257625254,9.775320093227776
30.140028956100153,0.7499999999999986,820.8012115172827,0.5005289582481802,9.818764522643917
30.140028956100153,0.7499999999999986,820.8012115172827,0.5005289582481802,9.818764522643917
30.140028956100153,0.7499999999999986,820.8012115172827,0.5005289582481802,9.818764522643917
30.65381294458521,0.7499999999999966,809.843256742817,0.4876464700391254,9.730822696730144
31.127675976746694,0.7499999999999993,807.3074344765498,0.4828863120121913,9.628341504789564
31.47595800163177,0.7499999999999997,800.1180179329914,0.4800872851104797,9.677066846044639
30.837380027278094,0.7500000000000002,811.7467150939814,0.4797679042596699,9.689880548781066
30.837380027278094,0.7500000000000002,811.7467150939814,0.4797679042596699,9.689880548781066
30.837380027278094,0.7500000000000002,811.7467150939814,0.4797679042596699,9.689880548781066
30.837380027278094,0.7500000000000002,811.7467150939814,0.4797679042596699,9.689880548781066
30.941751353785378,0.7499999999999992,811.4263797832405,0.48510683920504505,9.767549805076504
30.941751353785378,0.7499999999999992,811.4263797832405,0.48510683920504505,9.767549805076504
30.310788949509707,0.7499999999999992,815.114381200851,0.4773736021427298,9.70725970119337
30.310788949509707,0.7499999999999992,815.114381200851,0.4773736021427298,9.70725970119337
30.310788949509707,0.7499999999999992,815.114381200851,0.4773736021427298,9.70725970119337
30.310788949509707,0.7499999999999992,815.114381200851,0.4773736021427298,9.70725970119337
30.310788949509707,0.7499999999999992,815.114381200851,0.4773736021427298,9.70725970119337
30.310788949509707,0.7499999999999992,815.114381200851,0.4773736021427298,9.70725970119337
30.856991945942113,0.7499999999999989,802.8494806914755,0.4667539890201173,9.597496736337309
30.856991945942113,0.7499999999999989,802.8494806914755,0.4667539890201173,9.597496736337309
31.74206713644924,0.7499999999999993,801.2087632407072,0.4723364253217774,9.747892479289229
31.74206713644924,0.7499999999999993,801.2087632407072,0.4723364253217774,9.747892479289229
31.74206713644924,0.7499999999999993,801.2087632407072,0.4723364253217774,9.747892479289229
31.554642852127156,0.7499999999999997,810.1137128585895,0.464589061525907,9.64927872636093
32.399213460189515,0.7500000000000002,807.1987835722227,0.4745338619495359,9.775902295916518
32.30879769186181,0.7499999999999988,803.0835801977679,0.47164050083035997,9.67064784375152
31.88635382254498,0.7499999999999993,804.3038434597007,0.4799487137677546,9.675443819795897
31.88635382254498,0.7499999999999993,804.3038434597007,0.4799487137677546,9.675443819795897
31.303331537222068,0.7499999999999987,801.3706631007472,0.47639490892173886,9.526321691963412
31.540690739729556,0.749999999999999,798.630021529847,0.4771303932435566,9.565821610324964
31.247800483531314,0.7499999999999988,796.4005175563688,0.4790958842036878,9.633299725170158
30.991326702225468,0.7499999999999997,807.8253953598379,0.4798866303200275,9.648906985087354
30.991326702225468,0.7499999999999997,807.8253953598379,0.4798866303200275,9.648906985087354
30.991326702225468,0.7499999999999997,807.8253953598379,0.4798866303200275,9.648906985087354
31.329266054589397,0.7499999999999987,804.3658213085765,0.4657798444691727,9.620274028972583
31.329266054589397,0.7499999999999987,804.3658213085765,0.4657798444691727,9.620274028972583
31.246789797142167,0.7499999999999989,809.0161116066341,0.4644556660596615,9.70234076158562
31.246789797142167,0.7499999999999989,809.0161116066341,0.4644556660596615,9.70234076158562
31.246789797142167,0.7499999999999989,809.0161116066341,0.4644556660596615,9.70234076158562
31.246789797142167,0.7499999999999989,809.0161116066341,0.4644556660596615,9.70234076158562
31.246789797142167,0.7499999999999989,809.0161116066341,0.4644556660596615,9.70234076158562
31.526441146799396,0.7499999999999994,803.458110240498,0.46012770550953336,9.624823668928883
31.918582527261314,0.7499999999999982,798.9208216259149,0.46367224726209155,9.67432219224025
31.918582527261314,0.7499999999999982,798.9208216259149,0.46367224726209155,9.67432219224025
31.340554012973342,0.7499999999999996,806.7410256084456,0.4643857629674997,9.63731668342562
31.340554012973342,0.7499999999999996,806.7410256084456,0.4643857629674997,9.63731668342562
30.658442205452605,0.7500000000000003,804.9352253637646,0.47658591880738144,9.56629021772394
30.658442205452605,0.7500000000000003,804.9352253637646,0.47658591880738144,9.56629021772394
30.658442205452605,0.7500000000000003,804.9352253637646,0.47658591880738144,9.56629021772394
31.060194058316664,0.7499999999999993,804.2267570253539,0.48988953454527,9.64386870783251
31.52467333954989,0.7499999999999986,806.6086783239961,0.4823928580850677,9.802591629997636
31.5554537422297,0.7499999999999994,793.9777874543778,0.492761639471417,9.662468426046797
31.225568321841166,0.7499999999999983,792.6913445693539,0.4771890524158685,9.561979120034431
31.225568321841166,0.7499999999999983,792.6913445693539,0.4771890524158685,9.561979120034431
31.957205710228358,0.7499999999999989,787.5985662871655,0.49015939994928137,9.705204114251085
32.03058634718662,0.75,788.9893496758116,0.4972092431378667,9.726111239146755
31.86687301843788,0.7500000000000001,796.6555423113148,0.5176774985140433,9.880695144188872
31.86687301843788,0.7500000000000001,796.6555423113148,0.5176774985140433,9.880695144188872
31.665625410543516,0.7499999999999993,801.4702981839905,0.5236013260555403,9.844776094541269
31.665625410543516,0.7499999999999993,801.4702981839905,0.5236013260555403,9.844776094541269
32.1282111598742,0.7499999999999998,793.2734073537554,0.517723628033658,9.89641579321314
31.63741783376828,0.7499999999999997,800.6615314039054,0.5173354525200325,9.826546227334598
31.63741783376828,0.7499999999999997,800.6615314039054,0.5173354525200325,9.826546227334598
31.145798043395608,0.7499999999999991,797.7469913448792,0.5136768447837542,9.691528346011879
31.145798043395608,0.7499999999999991,797.7469913448792,0.5136768447837542,9.691528346011879
31.145798043395608,0.7499999999999991,797.7469913448792,0.5136768447837542,9.691528346011879
30.6481800695402,0.749999999999999,803.7431528105357,0.5211039799214351,9.787802656965201
30.72063584608399,0.7499999999999997,799.8420018547305,0.5218934930778272,9.807024630502971
29.860942861655516,0.7499999999999996,810.6723891033635,0.5121108659569312,9.771195345710714
29.860942861655516,0.7499999999999996,810.6723891033635,0.5121108659569312,9.771195345710714
29.860942861655516,0.7499999999999996,810.6723891033635,0.5121108659569312,9.771195345710714
29.860942861655516,0.7499999999999996,810.6723891033635,0.5121108659569312,9.771195345710714
29.860942861655516,0.7499999999999996,810.6723891033635,0.5121108659569312,9.771195345710714
30.143958888855302,0.7499999999999997,806.1275615987952,0.5052641937237964,9.62049486568292
30.143958888855302,0.7499999999999997,806.1275615987952,0.5052641937237964,9.62049486568292
30.718002227862765,0.7499999999999998,800.4079031450973,0.5064927376172947,9.653287871940094
30.55878424160728,0.7499999999999991,810.7160825593069,0.525568293201622,9.710077596329882
30.55878424160728,0.7499999999999991,810.7160825593069,0.525568293201622,9.710077596329882
30.55878424160728,0.7499999999999991,810.7160825593069,0.525568293201622,9.710077596329882
30.55878424160728,0.7499999999999991,810.7160825593069,0.525568293201622,9.710077596329882
30.55878424160728,0.7499999999999991,810.7160825593069,0.525568293201622,9.710077596329882
30.55878424160728,0.7499999999999991,810.7160825593069,0.525568293201622,9.710077596329882
30.342730296076112,0.7499999999999984,810.2102522626863,0.5115841485618615,9.635058837356363
30.342730296076112,0.7499999999999984,810.2102522626863,0.5115841485618615,9.635058837356363
31.11642159611135,0.7499999999999988,808.5104789419277,0.5012392374450831,9.597023789413731
31.11642159611135,0.7499999999999988,808.5104789419277,0.5012392374450831,9.597023789413731
31.11642159611135,0.7499999999999988,808.5104789419277,0.5012392374450831,9.597023789413731
31.11642159611135,0.7499999999999988,808.5104789419277,0.5012392374450831,9.597023789413731
31.11642159611135,0.7499999999999988,808.5104789419277,0.5012392374450831,9.597023789413731
30.660792040743473,0.7499999999999997,814.0272959546352,0.5070265910628378,9.61583348630503
30.660792040743473,0.7499999999999997,814.0272959546352,0.5070265910628378,9.61583348630503
30.660792040743473,0.7499999999999997,814.0272959546352,0.5070265910628378,9.61583348630503
30.660792040743473,0.7499999999999997,814.0272959546352,0.5070265910628378,9.61583348630503
30.660792040743473,0.7499999999999997,814.0272959546352,0.5070265910628378,9.61583348630503
30.660792040743473,0.7499999999999997,814.0272959546352,0.5070265910628378,9.61583348630503
30.660792040743473,0.7499999999999997,814.0272959546352,0.5070265910628378,9.61583348630503
30.660792040743473,0.7499999999999997,814.0272959546352,0.5070265910628378,9.61583348630503
30.660792040743473,0.7499999999999997,814.0272959546352,0.5070265910628378,9.61583348630503
30.660792040743473,0.7499999999999997,814.0272959546352,0.5070265910628378,9.61583348630503
30.660792040743473,0.7499999999999997,814.0272959546352,0.5070265910628378,9.61583348630503
30.660792040743473,0.7499999999999997,814.0272959546352,0.5070265910628378,9.61583348630503
30.660792040743473,0.7499999999999997,814.0272959546352,0.5070265910628378,9.61583348630503
30.660792040743473,0.7499999999999997,814.0272959546352,0.5070265910628378,9.61583348630503
30.660792040743473,0.7499999999999997,814.0272959546352,0.5070265910628378,9.61583348630503
30.966579904732193,0.7499999999999989,803.4532630895761,0.5003770439451852,9.653674703386997
31.739235425013785,0.7499999999999998,810.6804433346005,0.5103178599447422,9.78108781898905
31.461317121527273,0.7499999999999992,806.5849361784725,0.5184731543573287,9.704842724045458
31.354428345766642,0.7500000000000001,802.6994620316829,0.5109427155272587,9.641646058594215
31.938148182949586,0.7499999999999989,802.3396500057127,0.5113748954310963,9.650428874997957
31.812137649978705,0.7499999999999981,801.7866106874534,0.4989477704279763,9.556087291936285
31.812137649978705,0.7499999999999981,801.7866106874534,0.4989477704279763,9.556087291936285
31.812137649978705,0.7499999999999981,801.7866106874534,0.4989477704279763,9.556087291936285
31.407649353011035,0.7500000000000002,805.1456416114071,0.5054161855428193,9.630207039998236
31.199355215602996,0.7499999999999997,814.1732388482887,0.5134999092891753,9.715775735566917
31.199355215602996,0.7499999999999997,814.1732388482887,0.5134999092891753,9.715775735566917
31.103539825680723,0.7499999999999988,808.9208742414908,0.5017278616057715,9.715015598443818
31.010813626248726,0.7499999999999987,799.7157501215748,0.4940536605812872,9.60109592310421
31.27331430658149,0.7499999999999988,802.1527880133306,0.4995538591141448,9.743630560468764
30.762941853568652,0.7499999999999976,814.1892093160569,0.5011616582929455,9.893338283140276
30.762941853568652,0.7499999999999976,814.1892093160569,0.5011616582929455,9.893338283140276
30.762941853568652,0.7499999999999976,814.1892093160569,0.5011616582929455,9.893338283140276
30.762941853568652,0.7499999999999976,814.1892093160569,0.5011616582929455,9.893338283140276
31.476174578878254,0.7499999999999992,812.8662805057924,0.504056246827996,9.870275310665088
31.476174578878254,0.7499999999999992,812.8662805057924,0.504056246827996,9.870275310665088
31.476174578878254,0.7499999999999992,812.8662805057924,0.504056246827996,9.870275310665088
31.756354108319083,0.7499999999999986,805.4092172636716,0.5001698199476116,9.82023012871505
31.626108407433332,0.7499999999999986,804.5456751087206,0.5001656451069062,9.813128823609736
31.196717001210484,0.7499999999999988,805.6338864248124,0.5113643670817448,9.786417314059383
30.722797172778673,0.7499999999999998,813.1662820482347,0.5135228424517679,9.819069163138414
30.722797172778673,0.7499999999999998,813.1662820482347,0.5135228424517679,9.819069163138414
30.722797172778673,0.7499999999999998,813.1662820482347,0.5135228424517679,9.819069163138414
30.722797172778673,0.7499999999999998,813.1662820482347,0.5135228424517679,9.819069163138414
30.722797172778673,0.7499999999999998,813.1662820482347,0.5135228424517679,9.819069163138414
30.722797172778673,0.7499999999999998,813.1662820482347,0.5135228424517679,9.819069163138414
30.722797172778673,0.7499999999999998,813.1662820482347,0.5135228424517679,9.819069163138414
31.061758131711642,0.7499999999999986,804.3951892505459,0.5023127118077029,9.718146809881295
30.637424405477947,0.7500000000000001,806.066107104813,0.48874257626835116,9.749465837643447
30.637424405477947,0.7500000000000001,806.066107104813,0.48874257626835116,9.749465837643447
30.637424405477947,0.7500000000000001,806.066107104813,0.48874257626835116,9.749465837643447
30.637424405477947,0.7500000000000001,806.066107104813,0.48874257626835116,9.749465837643447
30.637424405477947,0.7500000000000001,806.066107104813,0.48874257626835116,9.749465837643447
30.637424405477947,0.7500000000000001,806.066107104813,0.48874257626835116,9.749465837643447
30.637424405477947,0.7500000000000001,806.066107104813,0.48874257626835116,9.749465837643447
30.704380442831212,0.7499999999999997,801.7954792035667,0.47232213069512674,9.673159700100976
30.704380442831212,0.7499999999999997,801.7954792035667,0.47232213069512674,9.673159700100976
30.63050613495529,0.7499999999999998,802.4621070345706,0.4721104535577352,9.712543232276506
30.51867331330189,0.7499999999999994,807.2937391374481,0.4603954730702974,9.732784303627096
30.51867331330189,0.7499999999999994,807.2937391374481,0.4603954730702974,9.732784303627096
30.5604356109034,0.7499999999999992,797.1704195540149,0.45894815099301667,9.690246260080372
30.5604356109034,0.7499999999999992,797.1704195540149,0.45894815099301667,9.690246260080372
30.5604356109034,0.7499999999999992,797.1704195540149,0.45894815099301667,9.690246260080372
30.5604356109034,0.7499999999999992,797.1704195540149,0.45894815099301667,9.690246260080372
30.05488679832488,0.7499999999999992,802.3750044060449,0.4658542776354622,9.653050129813034
30.05488679832488,0.7499999999999992,802.3750044060449,0.4658542776354622,9.653050129813034
30.05488679832488,0.7499999999999992,802.3750044060449,0.4658542776354622,9.653050129813034
30.05488679832488,0.7499999999999992,802.3750044060449,0.4658542776354622,9.653050129813034
30.30124778520223,0.7499999999999992,799.102025929877,0.4637963829268285,9.66180925118321
30.42240617439331,0.7499999999999976,797.8535806110306,0.4615986674842401,9.69016770364269
30.42240617439331,0.7499999999999976,797.8535806110306,0.4615986674842401,9.69016770364269
30.281578446705566,0.7499999999999992,803.516252098673,0.45496600301187784,9.664090635011885
30.281578446705566,0.7499999999999992,803.516252098673,0.45496600301187784,9.664090635011885
30.281578446705566,0.7499999999999992,803.516252098673,0.45496600301187784,9.664090635011885
30.281578446705566,0.7499999999999992,803.516252098673,0.45496600301187784,9.664090635011885
30.281578446705566,0.7499999999999992,803.516252098673,0.45496600301187784,9.664090635011885
30.281578446705566,0.7499999999999992,803.516252098673,0.45496600301187784,9.664090635011885
30.281578446705566,0.7499999999999992,803.516252098673,0.45496600301187784,9.664090635011885
31.581840031110225,0.7499999999999993,791.9773256602039,0.45199159059414395,9.725509962658517
31.14981399783894,0.7499999999999991,804.1926512596635,0.4651125220026426,9.925356998309098
30.768685991573875,0.7499999999999992,816.2296327202221,0.4754953849099267,10.034827433164986
30.768685991573875,0.7499999999999992,816.2296327202221,0.4754953849099267,10.034827433164986
30.768685991573875,0.7499999999999992,816.2296327202221,0.4754953849099267,10.034827433164986
30.768685991573875,0.7499999999999992,816.2296327202221,0.4754953849099267,10.034827433164986
30.45675823441871,0.7499999999999991,814.0230035646771,0.4696623985186063,10.012047871906386
30.099068334206873,0.7499999999999991,810.5247335020651,0.45791363815046876,9.870911067126684
29.539808729713737,0.7499999999999987,813.2885822249586,0.46448613761348734,9.880843780041015
29.539808729713737,0.7499999999999987,813.2885822249586,0.46448613761348734,9.880843780041015
30.29379833469802,0.7499999999999993,807.385697557793,0.4606957555217536,9.853583914941094
30.29379833469802,0.7499999999999993,807.385697557793,0.4606957555217536,9.853583914941094
30.06773823037276,0.7499999999999988,811.4221847796081,0.47130415749563315,9.892554972360113
30.06773823037276,0.7499999999999988,811.4221847796081,0.47130415749563315,9.892554972360113
29.35840582559685,0.7499999999999993,816.6344186716112,0.46153826915758744,9.79838077292242
29.45007069394656,0.75,822.4519106751593,0.45789290592750054,9.720711174840371
29.45007069394656,0.75,822.4519106751593,0.45789290592750054,9.720711174840371
29.45007069394656,0.75,822.4519106751593,0.45789290592750054,9.720711174840371
29.45007069394656,0.75,822.4519106751593,0.45789290592750054,9.720711174840371
29.45007069394656,0.75,822.4519106751593,0.45789290592750054,9.720711174840371
29.45007069394656,0.75,822.4519106751593,0.45789290592750054,9.720711174840371
30.095203089126525,0.7499999999999994,808.1649009520262,0.4551788701866371,9.66043632449608
30.070052141038985,0.7499999999999991,815.2039287627434,0.46784947913188674,9.779619791936488
30.070052141038985,0.7499999999999991,815.2039287627434,0.46784947913188674,9.779619791936488
29.916866226271672,0.7499999999999997,812.6841783433409,0.450282377285147,9.631653680787764
29.9367342021928,0.75,818.2116622151068,0.46089963829356295,9.741440107325042
29.782553991395233,0.7499999999999993,822.341962379966,0.48178830657028143,9.889649957021618
29.782553991395233,0.7499999999999993,822.341962379966,0.48178830657028143,9.889649957021618
29.949967898661612,0.7499999999999997,815.568663935012,0.4736153690651575,9.834261557655726
29.949967898661612,0.7499999999999997,815.568663935012,0.4736153690651575,9.834261557655726
30.05536540119285,0.7499999999999998,818.2383593796875,0.49177763269909947,9.883131003311956
30.15394824148189,0.7499999999999993,820.7220488754971,0.4847120524423459,9.912945645988689
29.90282516854269,0.7499999999999993,818.9125632926759,0.4815352284844186,9.808267998994774
29.55872149009764,0.7499999999999993,814.3308630288882,0.4770670018158989,9.756485551764229
29.26733450991541,0.7499999999999996,818.1635051728838,0.4791718817820988,9.827049262701356
29.319577468803235,0.7499999999999984,819.9252206521152,0.4705526041108671,9.763190252673146
29.998160788655102,0.7499999999999982,812.5368264920132,0.46456834697466176,9.74524868847231
29.505210046471507,0.7499999999999996,821.89988759312,0.47403611824110337,9.836298799363638
29.505210046471507,0.7499999999999996,821.89988759312,0.47403611824110337,9.836298799363638
29.803152644184493,0.7499999999999992,818.2146337599577,0.4805233453307784,9.87247384192467
29.29686608616943,0.7499999999999984,817.5375899679416,0.48272631446180764,9.818544639986115
29.29686608616943,0.7499999999999984,817.5375899679416,0.48272631446180764,9.818544639986115
29.6916636368717,0.7499999999999996,818.5629167887452,0.47120511021678974,9.818988912956632
29.07179241823384,0.75,823.7586417124228,0.48045599439515985,9.708110595621672
29.07179241823384,0.75,823.7586417124228,0.48045599439515985,9.708110595621672
29.07179241823384,0.75,823.7586417124228,0.48045599439515985,9.708110595621672
29.07179241823384,0.75,823.7586417124228,0.48045599439515985,9.708110595621672
29.07179241823384,0.75,823.7586417124228,0.48045599439515985,9.708110595621672
29.07179241823384,0.75,823.7586417124228,0.48045599439515985,9.708110595621672
29.07179241823384,0.75,823.7586417124228,0.48045599439515985,9.708110595621672
29.07179241823384,0.75,823.7586417124228,0.48045599439515985,9.708110595621672
29.07179241823384,0.75,823.7586417124228,0.48045599439515985,9.708110595621672
29.40240311352409,0.7499999999999996,817.1745088594836,0.47923548843105596,9.766589024557783
29.40240311352409,0.7499999999999996,817.1745088594836,0.47923548843105596,9.766589024557783
29.810570851082268,0.7499999999999993,810.8537424533525,0.47603449497234646,9.738899015100518
29.810570851082268,0.7499999999999993,810.8537424533525,0.47603449497234646,9.738899015100518
29.85021319236462,0.7499999999999991,812.1575506285286,0.48028970636564,9.725747851186563
29.85021319236462,0.7499999999999991,812.1575506285286,0.48028970636564,9.725747851186563
30.02512462225553,0.7499999999999973,813.4905683195234,0.49354110258031114,9.792527011166623
29.95995970648855,0.7499999999999994,818.7094396213421,0.49195315283786384,9.764498239523453
29.95995970648855,0.7499999999999994,818.7094396213421,0.49195315283786384,9.764498239523453
30.486897661790465,0.7499999999999991,804.7800252203823,0.4968235209993094,9.738224728473948
29.629638273431198,0.7499999999999988,811.5282979055768,0.4918651000409604,9.66473627974761
29.629638273431198,0.7499999999999988,811.5282979055768,0.4918651000409604,9.66473627974761
30.159568391387197,0.75,816.767328724327,0.49183995378896544,9.768888742271063
30.20526807353498,0.7499999999999978,810.0339325419444,0.5029347089620307,9.724213256559178
29.931552695767746,0.7499999999999996,814.0875007232376,0.5135810205355279,9.82677605752894
29.971471668310144,0.7499999999999991,813.2234783001323,0.5144904925959813,9.782016425328033
29.971471668310144,0.7499999999999991,813.2234783001323,0.5144904925959813,9.782016425328033
29.971471668310144,0.7499999999999991,813.2234783001323,0.5144904925959813,9.782016425328033
29.429145992968053,0.7499999999999981,820.0037556199969,0.5100415021050436,9.839930509997341
29.771460662652224,0.7499999999999972,817.4571925928583,0.5132896028075032,9.790488953917082
29.831512398135622,0.7499999999999998,819.6580529292347,0.5060314758466501,9.835270099622079
29.765119173421493,0.7499999999999988,821.9666493561565,0.4967467069983093,9.817290713205725
29.765119173421493,0.7499999999999988,821.9666493561565,0.4967467069983093,9.817290713205725
29.213851836427285,0.7499999999999997,821.6302192157724,0.5102289019697425,9.719325059638283
29.213851836427285,0.7499999999999997,821.6302192157724,0.5102289019697425,9.719325059638283
29.165281395757273,0.7499999999999994,820.8307345942699,0.4974347844023143,9.719557424133432
29.165281395757273,0.7499999999999994,820.8307345942699,0.4974347844023143,9.719557424133432
29.63346017903289,0.7499999999999991,817.4920292696481,0.5042344331451561,9.797449645533074
29.63346017903289,0.7499999999999991,817.4920292696481,0.5042344331451561,9.797449645533074
29.98054428277434,0.7499999999999993,812.6947378241902,0.5052869219390167,9.83403076695985
29.98054428277434,0.7499999999999993,812.6947378241902,0.5052869219390167,9.83403076695985
29.98054428277434,0.7499999999999993,812.6947378241902,0.5052869219390167,9.83403076695985
29.98054428277434,0.7499999999999993,812.6947378241902,0.5052869219390167,9.83403076695985
29.98054428277434,0.7499999999999993,812.6947378241902,0.5052869219390167,9.83403076695985
29.98054428277434,0.7499999999999993,812.6947378241902,0.5052869219390167,9.83403076695985
30.31310616373389,0.7499999999999997,808.4250910126365,0.5067509257685618,9.882916083184218
30.41181935960115,0.7499999999999996,804.7012528360125,0.5039248604017916,9.900935373052047
30.820847219205316,0.7499999999999994,807.5102941920836,0.49487544671231376,9.957882597370642
30.44512689624266,0.7499999999999998,805.6147142234191,0.4818324847870607,9.748370545207127
30.44512689624266,0.7499999999999998,805.6147142234191,0.4818324847870607,9.748370545207127
29.55755562414362,0.7499999999999989,815.810450763513,0.4656114647014891,9.689275739692757
29.50319533956396,0.7500000000000001,803.3825438476413,0.4535421384126974,9.660567641914676
28.657041827213433,0.7499999999999998,811.0726941688322,0.4626182434486974,9.665590177327502
28.657041827213433,0.7499999999999998,811.0726941688322,0.4626182434486974,9.665590177327502
28.657041827213433,0.7499999999999998,811.0726941688322,0.4626182434486974,9.665590177327502
28.51922160945337,0.7499999999999991,816.0216713147211,0.4701065627665354,9.624828305122142
28.748227947682707,0.7499999999999996,808.0349542965582,0.4658997408367962,9.580775418056856
28.748227947682707,0.7499999999999996,808.0349542965582,0.4658997408367962,9.580775418056856
29.17107253053181,0.7499999999999992,804.0471796257497,0.47103543590733954,9.58442739213876
29.17107253053181,0.7499999999999992,804.0471796257497,0.47103543590733954,9.58442739213876
29.17107253053181,0.7499999999999992,804.0471796257497,0.47103543590733954,9.58442739213876
29.48099500993945,0.749999999999999,803.190651059769,0.45806905789495955,9.505298860254698
29.48099500993945,0.749999999999999,803.190651059769,0.45806905789495955,9.505298860254698
29.48099500993945,0.749999999999999,803.190651059769,0.45806905789495955,9.505298860254698
29.31920728183107,0.7499999999999991,809.1488658593026,0.4629059469943288,9.512983637874484
29.101950115803024,0.7499999999999993,813.585492269605,0.47193992421362274,9.460913871551659
29.101950115803024,0.7499999999999993,813.585492269605,0.47193992421362274,9.460913871551659
29.101950115803024,0.7499999999999993,813.585492269605,0.47193992421362274,9.460913871551659
29.101950115803024,0.7499999999999993,813.585492269605,0.47193992421362274,9.460913871551659
29.101950115803024,0.7499999999999993,813.585492269605,0.47193992421362274,9.460913871551659
29.101950115803024,0.7499999999999993,813.585492269605,0.47193992421362274,9.460913871551659
29.00184646612139,0.7499999999999988,805.230892712463,0.4673076088001574,9.48344518700905
29.00184646612139,0.7499999999999988,805.230892712463,0.4673076088001574,9.48344518700905
29.00184646612139,0.7499999999999988,805.230892712463,0.4673076088001574,9.48344518700905
29.133376876231058,0.7499999999999996,809.6129206420932,0.46371567588751555,9.59139719567597
29.133376876231058,0.7499999999999996,809.6129206420932,0.46371567588751555,9.59139719567597
29.243892060452627,0.7499999999999998,809.0305186281854,0.45455407865568376,9.614309673609174
29.243892060452627,0.7499999999999998,809.0305186281854,0.45455407865568376,9.614309673609174
29.303498973106713,0.7499999999999987,808.7021962893496,0.4402130415155784,9.559431702623275
29.303498973106713,0.7499999999999987,808.7021962893496,0.4402130415155784,9.559431702623275
29.0700572426033,0.749999999999999,808.7734590613001,0.4233302683861231,9.550544586607487
29.261336114024854,0.7499999999999997,806.236655116423,0.4316780177195357,9.524162148387763
29.261336114024854,0.7499999999999997,806.236655116423,0.4316780177195357,9.524162148387763
29.261336114024854,0.7499999999999997,806.236655116423,0.4316780177195357,9.524162148387763
28.70991124641798,0.7499999999999994,814.365507788694,0.41780251903428517,9.580718349163622
28.70991124641798,0.7499999999999994,814.365507788694,0.41780251903428517,9.580718349163622
28.70991124641798,0.7499999999999994,814.365507788694,0.41780251903428517,9.580718349163622
28.986726557180585,0.749999999999999,814.3698940049806,0.4234406983436786,9.617922450772138
29.2706820697651,0.7499999999999989,809.4710404002863,0.41862160484642974,9.61725866466609
29.2706820697651,0.7499999999999989,809.4710404002863,0.41862160484642974,9.61725866466609
29.2706820697651,0.7499999999999989,809.4710404002863,0.41862160484642974,9.61725866466609
28.794463944039823,0.7499999999999997,814.5687835300757,0.4186626964833983,9.578163236108063
28.794463944039823,0.7499999999999997,814.5687835300757,0.4186626964833983,9.578163236108063
28.794463944039823,0.7499999999999997,814.5687835300757,0.4186626964833983,9.578163236108063
28.794463944039823,0.7499999999999997,814.5687835300757,0.4186626964833983,9.578163236108063
28.794463944039823,0.7499999999999997,814.5687835300757,0.4186626964833983,9.578163236108063
29.030603882086957,0.7499999999999998,816.43790331863,0.42367600597701016,9.50809818317705
29.030603882086957,0.7499999999999998,816.43790331863,0.42367600597701016,9.50809818317705
29.170970066790872,0.7500000000000002,819.9223282062846,0.4356629295413054,9.540042235418492
30.133332373358673,0.7499999999999984,811.8202581349229,0.4461775846313219,9.645174731086797
30.133332373358673,0.7499999999999984,811.8202581349229,0.4461775846313219,9.645174731086797
29.925822801656413,0.7499999999999999,807.1289138566802,0.43213936361573624,9.589110737434723
29.925822801656413,0.7499999999999999,807.1289138566802,0.43213936361573624,9.589110737434723
29.925822801656413,0.7499999999999999,807.1289138566802,0.43213936361573624,9.589110737434723
29.925822801656413,0.7499999999999999,807.1289138566802,0.43213936361573624,9.589110737434723
29.925822801656413,0.7499999999999999,807.1289138566802,0.43213936361573624,9.589110737434723
29.741827617569594,0.7499999999999993,811.9469312023499,0.4448836368081312,9.617884674121765
30.34617951363383,0.7499999999999983,811.486690733764,0.44265179482007266,9.639518373907
30.34617951363383,0.7499999999999983,811.486690733764,0.44265179482007266,9.639518373907
30.34617951363383,0.7499999999999983,811.486690733764,0.44265179482007266,9.639518373907
29.964977000563906,0.7499999999999994,813.9674896963317,0.43879827103272767,9.659964711118212
29.78173399679441,0.749999999999999,818.0812449791825,0.4289283478385734,9.660626479161682
29.588646802476685,0.7499999999999998,813.4148933606466,0.4113183775746669,9.575232274882074
29.588646802476685,0.7499999999999998,813.4148933606466,0.4113183775746669,9.575232274882074
29.654484177119866,0.7499999999999996,808.8738336931259,0.40217435547255037,9.559860793387424
29.654484177119866,0.7499999999999996,808.8738336931259,0.40217435547255037,9.559860793387424
29.654484177119866,0.7499999999999996,808.8738336931259,0.40217435547255037,9.559860793387424
29.747923027049165,0.7499999999999994,815.3512212669627,0.4110869887390365,9.554013019307153
29.747923027049165,0.7499999999999994,815.3512212669627,0.4110869887390365,9.554013019307153
29.747923027049165,0.7499999999999994,815.3512212669627,0.4110869887390365,9.554013019307153
29.747923027049165,0.7499999999999994,815.3512212669627,0.4110869887390365,9.554013019307153
29.747923027049165,0.7499999999999994,815.3512212669627,0.4110869887390365,9.554013019307153
29.73056274281851,0.7499999999999986,812.900282238182,0.42109430379868085,9.507834410111467
30.042199397857903,0.7499999999999993,815.3923157445239,0.4296785482637282,9.613110952327053
29.279843732447763,0.7499999999999987,811.4722687651638,0.42822265559468325,9.615121834052498
29.34530511819808,0.749999999999999,814.0160424147499,0.431485649079204,9.635991022020523
29.506678784056206,0.7499999999999994,821.5534339131482,0.4312291070151953,9.731996147499629
29.696695294109826,0.7499999999999997,814.7022049241302,0.43062683509438504,9.746467360791007
28.82525759662674,0.7499999999999997,818.3911856279117,0.4340672386923769,9.742598702824688
28.82525759662674,0.7499999999999997,818.3911856279117,0.4340672386923769,9.742598702824688
29.17102426399841,0.7499999999999976,828.4012138477904,0.45526996491584376,9.914111606302418
29.17102426399841,0.7499999999999976,828.4012138477904,0.45526996491584376,9.914111606302418
29.756428264848154,0.749999999999999,810.3139452143178,0.45089901050949677,9.903633176996442
29.756428264848154,0.749999999999999,810.3139452143178,0.45089901050949677,9.903633176996442
29.756428264848154,0.749999999999999,810.3139452143178,0.45089901050949677,9.903633176996442
29.756428264848154,0.749999999999999,810.3139452143178,0.45089901050949677,9.903633176996442
29.551921598168207,0.7499999999999993,819.4162403962885,0.45243628155754206,9.927632660771149
28.931579559997992,0.7499999999999996,826.1501039183604,0.45342927827450613,9.964735984109657
28.931579559997992,0.7499999999999996,826.1501039183604,0.45342927827450613,9.964735984109657
29.170146965513176,0.7499999999999993,825.0935168081546,0.450397504783148,10.009099798072736
29.22859045951326,0.7499999999999992,823.4288568193435,0.4499334999595367,9.961800600623352
29.307099670417802,0.7499999999999996,818.4973082921322,0.4568641176559196,9.821190929424489
29.307099670417802,0.7499999999999996,818.4973082921322,0.4568641176559196,9.821190929424489
30.19656285958277,0.7499999999999996,808.6824974748986,0.4486053968797557,9.880617879981745
30.45374743953667,0.7499999999999993,808.3336856362773,0.4471228591839492,9.954188155408357
30.3867663786782,0.7499999999999986,814.3247073144661,0.4401759204279938,9.970677775380334
30.3867663786782,0.7499999999999986,814.3247073144661,0.4401759204279938,9.970677775380334
30.3867663786782,0.7499999999999986,814.3247073144661,0.4401759204279938,9.970677775380334
30.675411832545688,0.7499999999999996,811.7775142509306,0.44048157696309537,10.038674377326732
30.675411832545688,0.7499999999999996,811.7775142509306,0.44048157696309537,10.038674377326732
30.675411832545688,0.7499999999999996,811.7775142509306,0.44048157696309537,10.038674377326732
31.007219144518842,0.7499999999999991,811.5237453250379,0.43052218108149054,9.914680874012046
30.384676786388955,0.7499999999999991,816.9096175328395,0.44311179647948284,9.943552170161396
30.49379897155197,0.7499999999999993,816.6224152414228,0.4528035301906342,9.989374765926225
30.49379897155197,0.7499999999999993,816.6224152414228,0.4528035301906342,9.989374765926225
30.311394628589007,0.75,809.9792919697693,0.46051561570553357,9.877198832665277
30.352304460115928,0.7499999999999992,820.0351899066611,0.4605657139586056,9.951634651454706
30.352304460115928,0.7499999999999992,820.0351899066611,0.4605657139586056,9.951634651454706
30.352304460115928,0.7499999999999992,820.0351899066611,0.4605657139586056,9.951634651454706
30.352304460115928,0.7499999999999992,820.0351899066611,0.4605657139586056,9.951634651454706
30.352304460115928,0.7499999999999992,820.0351899066611,0.4605657139586056,9.951634651454706
29.58089904778731,0.7499999999999991,830.8099625659233,0.47079396949185803,9.921354385210421
29.58089904778731,0.7499999999999991,830.8099625659233,0.47079396949185803,9.921354385210421
29.58089904778731,0.7499999999999991,830.8099625659233,0.47079396949185803,9.921354385210421
29.58089904778731,0.7499999999999991,830.8099625659233,0.47079396949185803,9.921354385210421
29.58089904778731,0.7499999999999991,830.8099625659233,0.47079396949185803,9.921354385210421
29.959283931552523,0.7499999999999998,821.499444059484,0.45903253609282596,9.815241001162395
29.821464991694103,0.749999999999999,826.6735742401138,0.46205872123079805,9.84300911465886
29.821464991694103,0.749999999999999,826.6735742401138,0.46205872123079805,9.84300911465886
29.821464991694103,0.749999999999999,826.6735742401138,0.46205872123079805,9.84300911465886
30.488833092720625,0.7500000000000001,812.6329205209637,0.4529986640929805,9.769033820252773
30.488833092720625,0.7500000000000001,812.6329205209637,0.4529986640929805,9.769033820252773
30.749904368954216,0.7499999999999989,811.874259293578,0.45427760028538494,9.794153583177774
31.095110404515882,0.7499999999999993,802.2401865674422,0.43680627511001646,9.733413347643829
31.19548927681306,0.7499999999999988,799.874249043672,0.4341234887645188,9.61993836603086
31.19548927681306,0.7499999999999988,799.874249043672,0.4341234887645188,9.61993836603086
30.818331039024386,0.7499999999999991,804.0301302569794,0.4270017996917431,9.605672235966162
30.818331039024386,0.7499999999999991,804.0301302569794,0.4270017996917431,9.605672235966162
30.76405333460831,0.7499999999999993,799.2837907375673,0.4172988875131763,9.497085886439157
29.965619175867996,0.749999999999999,814.1139039188412,0.4197106087486806,9.544886532223149
29.965619175867996,0.749999999999999,814.1139039188412,0.4197106087486806,9.544886532223149
29.965619175867996,0.749999999999999,814.1139039188412,0.4197106087486806,9.544886532223149
29.48798929772581,0.7499999999999984,816.5292074407555,0.42525370305966254,9.480052165158861
30.235597759053743,0.7499999999999986,808.3511371245064,0.4146997634360116,9.554188728601412
30.235597759053743,0.7499999999999986,808.3511371245064,0.4146997634360116,9.554188728601412
30.071376156301675,0.75,804.4397440465774,0.39425968783755555,9.445085165906534
29.932927379149113,0.7499999999999989,804.0228267353949,0.3888132162763324,9.469852026127645
30.021073945468878,0.7499999999999999,801.4706779115774,0.3838693863429917,9.44947329640629
30.422415451573602,0.7499999999999999,801.088132491268,0.3942930035327023,9.490146072490527
29.44529325249273,0.7500000000000003,812.7104369265294,0.40797020885834817,9.607623746728171
28.99094773897346,0.749999999999999,819.4553236680766,0.41094901398792605,9.587999959742485
29.06069201013157,0.7499999999999998,819.5990220872087,0.41079047091394477,9.50238577802187
29.06069201013157,0.7499999999999998,819.5990220872087,0.41079047091394477,9.50238577802187
29.19799632608193,0.7499999999999996,817.5454591348971,0.41179624441520724,9.589529189612254
29.19799632608193,0.7499999999999996,817.5454591348971,0.41179624441520724,9.589529189612254
29.19799632608193,0.7499999999999996,817.5454591348971,0.41179624441520724,9.589529189612254
29.252880097847967,0.7499999999999999,819.7931358830726,0.4154166966364153,9.659228620861942
29.412054434964446,0.7499999999999998,815.5982043857617,0.41168497444767355,9.622997442704317
29.64886614954651,0.7499999999999998,817.5211372513023,0.41196772603929055,9.58258202396093
29.64886614954651,0.7499999999999998,817.5211372513023,0.41196772603929055,9.58258202396093
29.64886614954651,0.7499999999999998,817.5211372513023,0.41196772603929055,9.58258202396093
29.848712164336042,0.7499999999999998,816.7577409140014,0.418178637670847,9.624210046474223
30.008719470040468,0.7499999999999993,818.0512095093343,0.41484843429787005,9.598967523967374
30.008719470040468,0.7499999999999993,818.0512095093343,0.41484843429787005,9.598967523967374
29.800975808043454,0.7499999999999991,806.3054343232559,0.3971363519247153,9.535477307108522
29.99906631447904,0.7499999999999994,812.7363357335965,0.40964418924589296,9.717427179516411
29.367050827834586,0.7499999999999993,809.2937194744469,0.39476323426190096,9.596262849778805
29.367050827834586,0.7499999999999993,809.2937194744469,0.39476323426190096,9.596262849778805
29.40546290299434,0.7499999999999982,807.745608048976,0.38777167190321393,9.622736884230559
29.40546290299434,0.7499999999999982,807.745608048976,0.38777167190321393,9.622736884230559
29.40546290299434,0.7499999999999982,807.745608048976,0.38777167190321393,9.622736884230559
29.517545207566464,0.75,804.0923992340964,0.38776523072021296,9.632406984998724
29.397593538349927,0.7499999999999993,807.5107094236529,0.38322235201689175,9.62212888073592
29.397593538349927,0.7499999999999993,807.5107094236529,0.38322235201689175,9.62212888073592
29.397593538349927,0.7499999999999993,807.5107094236529,0.38322235201689175,9.62212888073592
29.397593538349927,0.7499999999999993,807.5107094236529,0.38322235201689175,9.62212888073592
29.524219867973997,0.7499999999999993,808.0836768973134,0.38263238776533637,9.660540657453135
29.749650698361325,0.7499999999999996,806.2664965191245,0.38003224875541064,9.649826980516503
29.749650698361325,0.7499999999999996,806.2664965191245,0.38003224875541064,9.649826980516503
29.749650698361325,0.7499999999999996,806.2664965191245,0.38003224875541064,9.649826980516503
29.749650698361325,0.7499999999999996,806.2664965191245,0.38003224875541064,9.649826980516503
29.749650698361325,0.7499999999999996,806.2664965191245,0.38003224875541064,9.649826980516503
29.749650698361325,0.7499999999999996,806.2664965191245,0.38003224875541064,9.649826980516503
29.749650698361325,0.7499999999999996,806.2664965191245,0.38003224875541064,9.649826980516503
29.749650698361325,0.7499999999999996,806.2664965191245,0.38003224875541064,9.649826980516503
29.749650698361325,0.7499999999999996,806.2664965191245,0.38003224875541064,9.649826980516503
29.749650698361325,0.7499999999999996,806.2664965191245,0.38003224875541064,9.649826980516503
29.749650698361325,0.7499999999999996,806.2664965191245,0.38003224875541064,9.649826980516503
29.749650698361325,0.7499999999999996,806.2664965191245,0.38003224875541064,9.649826980516503
29.749650698361325,0.7499999999999996,806.2664965191245,0.38003224875541064,9.649826980516503
29.749650698361325,0.7499999999999996,806.2664965191245,0.38003224875541064,9.649826980516503
29.749650698361325,0.7499999999999996,806.2664965191245,0.38003224875541064,9.649826980516503
29.532906229126656,0.7499999999999982,796.9859262796151,0.3652785119442889,9.512312359544765
29.112456722303705,0.7499999999999989,803.2596515288569,0.36770945107682584,9.56072588112687
29.112456722303705,0.7499999999999989,803.2596515288569,0.36770945107682584,9.56072588112687
29.112456722303705,0.7499999999999989,803.2596515288569,0.36770945107682584,9.56072588112687
29.112456722303705,0.7499999999999989,803.2596515288569,0.36770945107682584,9.56072588112687
28.760682219168228,0.7499999999999989,804.2725011889567,0.37246277075092826,9.484245053262342
28.760682219168228,0.7499999999999989,804.2725011889567,0.37246277075092826,9.484245053262342
28.760682219168228,0.7499999999999989,804.2725011889567,0.37246277075092826,9.484245053262342
28.980357128525068,0.7499999999999997,810.2895228193682,0.3799173663978607,9.540262882534416
28.980357128525068,0.7499999999999997,810.2895228193682,0.3799173663978607,9.540262882534416
29.15051561966987,0.749999999999999,804.7712036938651,0.38333736463455065,9.510796681504146
29.15051561966987,0.749999999999999,804.7712036938651,0.38333736463455065,9.510796681504146
29.302290542134738,0.7499999999999989,803.8355061772161,0.3778531635959247,9.513291401225269
29.273185569658278,0.7499999999999997,807.8087675952324,0.37808909457730316,9.57718601575987
29.273185569658278,0.7499999999999997,807.8087675952324,0.37808909457730316,9.57718601575987
29.273185569658278,0.7499999999999997,807.8087675952324,0.37808909457730316,9.57718601575987
29.273185569658278,0.7499999999999997,807.8087675952324,0.37808909457730316,9.57718601575987
29.273185569658278,0.7499999999999997,807.8087675952324,0.37808909457730316,9.57718601575987
29.273185569658278,0.7499999999999997,807.8087675952324,0.37808909457730316,9.57718601575987
28.933525862874777,0.7499999999999993,810.5428464577319,0.36340188052113725,9.590757705875248
28.933525862874777,0.7499999999999993,810.5428464577319,0.36340188052113725,9.590757705875248
28.462952206850918,0.7499999999999993,819.6959454600217,0.36850215690922333,9.734870650142744
28.64082158827793,0.7499999999999998,823.5957168749546,0.3839089104867623,9.755513326428936
29.016995776692113,0.7499999999999982,815.6545157818416,0.37856978929087415,9.779905564724885
29.016995776692113,0.7499999999999982,815.6545157818416,0.37856978929087415,9.779905564724885
29.016995776692113,0.7499999999999982,815.6545157818416,0.37856978929087415,9.779905564724885
29.016995776692113,0.7499999999999982,815.6545157818416,0.37856978929087415,9.779905564724885
29.016995776692113,0.7499999999999982,815.6545157818416,0.37856978929087415,9.779905564724885
29.016995776692113,0.7499999999999982,815.6545157818416,0.37856978929087415,9.779905564724885
29.016995776692113,0.7499999999999982,815.6545157818416,0.37856978929087415,9.779905564724885
28.555275615052064,0.7499999999999986,817.5208124249269,0.390374074247596,9.73729115215733
28.30241494124368,0.7499999999999996,823.4348678596298,0.3802174830873179,9.677107595050293
28.42841726192911,0.7499999999999996,819.5043086024934,0.36798098250752226,9.687687159039886
28.77862543367388,0.7499999999999993,820.1557372745136,0.3771975605974229,9.813191521023427
28.77862543367388,0.7499999999999993,820.1557372745136,0.3771975605974229,9.813191521023427
28.357653726430126,0.75,829.1068049392549,0.37499778822626506,9.722599116982574
28.357653726430126,0.75,829.1068049392549,0.37499778822626506,9.722599116982574
28.357653726430126,0.75,829.1068049392549,0.37499778822626506,9.722599116982574
28.357653726430126,0.75,829.1068049392549,0.37499778822626506,9.722599116982574
28.357653726430126,0.75,829.1068049392549,0.37499778822626506,9.722599116982574
28.509648559723114,0.749999999999999,826.7333581957437,0.37095788042837397,9.711983884676652
28.509648559723114,0.749999999999999,826.7333581957437,0.37095788042837397,9.711983884676652
28.855566996043304,0.7499999999999994,821.4798833689101,0.37597118574838373,9.686461694353875
28.855566996043304,0.7499999999999994,821.4798833689101,0.37597118574838373,9.686461694353875
28.855566996043304,0.7499999999999994,821.4798833689101,0.37597118574838373,9.686461694353875
29.194019611136603,0.7499999999999993,815.0623370825961,0.37291814455247896,9.74430068960524
29.194019611136603,0.7499999999999993,815.0623370825961,0.37291814455247896,9.74430068960524
29.12500424079992,0.7499999999999994,817.0734123513678,0.36559662237283613,9.771429111674195
29.105104924140345,0.7499999999999996,818.9935502095528,0.37434376560173327,9.770474631390044
28.64130231934668,0.75,818.3863088231931,0.36924309764659213,9.726918916115698
28.673803072845363,0.7499999999999997,808.7710745344962,0.37121386284231844,9.706669247152726
28.673803072845363,0.7499999999999997,808.7710745344962,0.37121386284231844,9.706669247152726
28.850493260595833,0.7499999999999984,809.2646988287408,0.3691141004751592,9.739694239529559
28.850493260595833,0.7499999999999984,809.2646988287408,0.3691141004751592,9.739694239529559
28.850493260595833,0.7499999999999984,809.2646988287408,0.3691141004751592,9.739694239529559
28.961008628951916,0.7499999999999997,803.3160637424161,0.373744748107931,9.781122876629144
28.7360279050449,0.7499999999999989,817.8511480425208,0.39095565097309065,9.938407457165255
28.7360279050449,0.7499999999999989,817.8511480425208,0.39095565097309065,9.938407457165255
29.28728650447757,0.7499999999999982,817.6016141738631,0.3999366588148061,10.075110083839055
29.043973726974016,0.7500000000000002,828.6173392523001,0.40362322801993133,10.183256165959563
29.043973726974016,0.7500000000000002,828.6173392523001,0.40362322801993133,10.183256165959563
29.043973726974016,0.7500000000000002,828.6173392523001,0.40362322801993133,10.183256165959563
29.043973726974016,0.7500000000000002,828.6173392523001,0.40362322801993133,10.183256165959563
28.848509166321218,0.7499999999999999,832.5552433022056,0.40155881415054556,10.223707076727573
28.9182417965938,0.7499999999999997,825.4743570676604,0.3964709821234968,10.245579884713127
28.9182417965938,0.7499999999999997,825.4743570676604,0.3964709821234968,10.245579884713127
28.9182417965938,0.7499999999999997,825.4743570676604,0.3964709821234968,10.245579884713127
28.9182417965938,0.7499999999999997,825.4743570676604,0.3964709821234968,10.245579884713127
29.130048148247162,0.7499999999999988,826.8232872849954,0.39687616967241796,10.230474040705525
29.57837863046356,0.7499999999999989,821.3552894309829,0.40546615204513214,10.257499211894565
30.19907768244467,0.7499999999999994,813.997792767527,0.39843245506893227,10.283066411287274
29.99381256787126,0.7499999999999988,813.6730742092391,0.3858908624507853,10.127156041129515
29.99381256787126,0.7499999999999988,813.6730742092391,0.3858908624507853,10.127156041129515
29.99381256787126,0.7499999999999988,813.6730742092391,0.3858908624507853,10.127156041129515
30.068532497519616,0.7499999999999997,822.8954988239789,0.3878022213885676,10.15786384363681
30.068532497519616,0.7499999999999997,822.8954988239789,0.3878022213885676,10.15786384363681
30.15322387396677,0.7500000000000004,811.1434966722679,0.39052923540317624,10.08055315732913
30.15322387396677,0.7500000000000004,811.1434966722679,0.39052923540317624,10.08055315732913
29.89719109322947,0.7499999999999989,808.8017878444255,0.38566149401745425,9.943566553416522
29.89719109322947,0.7499999999999989,808.8017878444255,0.38566149401745425,9.943566553416522
29.89719109322947,0.7499999999999989,808.8017878444255,0.38566149401745425,9.943566553416522
29.678948032022138,0.7499999999999993,810.0190646667581,0.39512425551783853,9.99634444099675
29.999832822777496,0.7499999999999987,804.4313807695181,0.38674256265883283,9.88016967697862
29.999832822777496,0.7499999999999987,804.4313807695181,0.38674256265883283,9.88016967697862
29.599724182673548,0.7499999999999998,803.8178536739163,0.3926184921299764,9.918488658755473
29.445786188056303,0.7499999999999998,805.4935506566944,0.3869606585006094,9.854796524408542
29.445786188056303,0.7499999999999998,805.4935506566944,0.3869606585006094,9.854796524408542
29.858557096139076,0.7499999999999991,803.104132043328,0.39425483641665166,9.906497105855532
29.883293448420044,0.7499999999999993,804.778233780997,0.3884906328410035,9.941226857055582
29.883293448420044,0.7499999999999993,804.778233780997,0.3884906328410035,9.941226857055582
29.883293448420044,0.7499999999999993,804.778233780997,0.3884906328410035,9.941226857055582
29.595332150507254,0.7499999999999986,806.0186520334971,0.395827063732161,10.013061189972628
29.595332150507254,0.7499999999999986,806.0186520334971,0.395827063732161,10.013061189972628
28.960524785814645,0.7499999999999989,815.5258337883466,0.38624367382967445,9.926019927605543
28.960524785814645,0.7499999999999989,815.5258337883466,0.38624367382967445,9.926019927605543
28.960524785814645,0.7499999999999989,815.5258337883466,0.38624367382967445,9.926019927605543
28.960524785814645,0.7499999999999989,815.5258337883466,0.38624367382967445,9.926019927605543
28.960524785814645,0.7499999999999989,815.5258337883466,0.38624367382967445,9.926019927605543
28.960524785814645,0.7499999999999989,815.5258337883466,0.38624367382967445,9.926019927605543
28.960524785814645,0.7499999999999989,815.5258337883466,0.38624367382967445,9.926019927605543
28.960524785814645,0.7499999999999989,815.5258337883466,0.38624367382967445,9.926019927605543
28.960524785814645,0.7499999999999989,815.5258337883466,0.38624367382967445,9.926019927605543
28.960524785814645,0.7499999999999989,815.5258337883466,0.38624367382967445,9.926019927605543
28.960524785814645,0.7499999999999989,815.5258337883466,0.38624367382967445,9.926019927605543
28.960524785814645,0.7499999999999989,815.5258337883466,0.38624367382967445,9.926019927605543
28.960524785814645,0.7499999999999989,815.5258337883466,0.38624367382967445,9.926019927605543
28.960524785814645,0.7499999999999989,815.5258337883466,0.38624367382967445,9.926019927605543
28.640853996101722,0.7499999999999989,806.4470223905807,0.39111229898011823,9.88518330766542
29.130080955958732,0.7499999999999993,806.5064389584483,0.39484695046572665,9.957523844149781
29.07866532291348,0.7499999999999992,806.3023952913022,0.40372805491570246,9.937364180135337
29.467791607556713,0.7499999999999988,803.4083229174456,0.40525516607046175,9.862959029523617
29.4476405536494,0.7499999999999993,808.1365205050678,0.40628454959970167,9.855591479371148
29.608954087053945,0.7499999999999992,806.8242839313381,0.40680044590325687,9.768020296466082
29.608954087053945,0.7499999999999992,806.8242839313381,0.40680044590325687,9.768020296466082
28.88109310555815,0.7499999999999999,821.2071604300097,0.40820041774185467,9.734343630762595
29.03209136140837,0.7499999999999998,817.7628085040963,0.39968825813518344,9.669211558664548
29.03209136140837,0.7499999999999998,817.7628085040963,0.39968825813518344,9.669211558664548
29.03209136140837,0.7499999999999998,817.7628085040963,0.39968825813518344,9.669211558664548
29.03209136140837,0.7499999999999998,817.7628085040963,0.39968825813518344,9.669211558664548
29.03209136140837,0.7499999999999998,817.7628085040963,0.39968825813518344,9.669211558664548
29.03209136140837,0.7499999999999998,817.7628085040963,0.39968825813518344,9.669211558664548
29.03209136140837,0.7499999999999998,817.7628085040963,0.39968825813518344,9.669211558664548
29.03209136140837,0.7499999999999998,817.7628085040963,0.39968825813518344,9.669211558664548
29.03209136140837,0.7499999999999998,817.7628085040963,0.39968825813518344,9.669211558664548
29.03209136140837,0.7499999999999998,817.7628085040963,0.39968825813518344,9.669211558664548
29.79739277680445,0.7499999999999994,807.5119030147591,0.39323220882314613,9.654769715976386
29.96334349136068,0.7499999999999991,808.6696659098214,0.39530587274352086,9.654755883441414
30.29649080259766,0.7499999999999986,808.737317965108,0.39393203559767104,9.737532128327265
30.312960169009852,0.7499999999999989,811.5037956348989,0.38554379883611184,9.672409341511335
30.398459845834886,0.7499999999999979,820.4304896977791,0.38258792141385345,9.633615100525347
30.208891799838604,0.7499999999999992,822.3575914903738,0.4004332650061361,9.700277114625518
30.208891799838604,0.7499999999999992,822.3575914903738,0.4004332650061361,9.700277114625518
30.208891799838604,0.7499999999999992,822.3575914903738,0.4004332650061361,9.700277114625518
29.962662389235685,0.7499999999999997,832.0436935016155,0.4052548212520465,9.714542086714104
30.68535371063003,0.7499999999999988,816.5811461744413,0.3943399186208671,9.685924000072742
30.68535371063003,0.7499999999999988,816.5811461744413,0.3943399186208671,9.685924000072742
30.138469215552703,0.7499999999999991,811.9198751822782,0.3802571536463222,9.569805057775786
30.138469215552703,0.7499999999999991,811.9198751822782,0.3802571536463222,9.569805057775786
30.138469215552703,0.7499999999999991,811.9198751822782,0.3802571536463222,9.569805057775786
30.000672807950917,0.7499999999999998,811.2729934571139,0.3693754573273624,9.476338997246657
30.21133159250517,0.7499999999999992,804.9257579180853,0.36438979194004634,9.511316249725507
30.710610716107663,0.7499999999999997,798.2369911655745,0.37733550422135875,9.556513236450263
30.710610716107663,0.7499999999999997,798.2369911655745,0.37733550422135875,9.556513236450263
30.208892649790194,0.7499999999999989,803.5777209182071,0.3827279429394118,9.690958588449837
29.542626128503706,0.7499999999999989,808.3541083463867,0.3776990363677536,9.701995462633274
29.12941037895514,0.7499999999999988,817.4755275412592,0.3902224694204084,9.753101396228947
29.12941037895514,0.7499999999999988,817.4755275412592,0.3902224694204084,9.753101396228947
29.12941037895514,0.7499999999999988,817.4755275412592,0.3902224694204084,9.753101396228947
29.12941037895514,0.7499999999999988,817.4755275412592,0.3902224694204084,9.753101396228947
29.12941037895514,0.7499999999999988,817.4755275412592,0.3902224694204084,9.753101396228947
29.12941037895514,0.7499999999999988,817.4755275412592,0.3902224694204084,9.753101396228947
29.407809673424527,0.7499999999999989,806.3372528153744,0.388855407135204,9.677099211664006
29.277768081115692,0.7499999999999994,816.1990374334379,0.40114169794505294,9.750622803372924
29.277768081115692,0.7499999999999994,816.1990374334379,0.40114169794505294,9.750622803372924
29.277768081115692,0.7499999999999994,816.1990374334379,0.40114169794505294,9.750622803372924
29.277768081115692,0.7499999999999994,816.1990374334379,0.40114169794505294,9.750622803372924
29.277768081115692,0.7499999999999994,816.1990374334379,0.40114169794505294,9.750622803372924
29.277768081115692,0.7499999999999994,816.1990374334379,0.40114169794505294,9.750622803372924
29.277768081115692,0.7499999999999994,816.1990374334379,0.40114169794505294,9.750622803372924
29.277768081115692,0.7499999999999994,816.1990374334379,0.40114169794505294,9.750622803372924
29.752106831243854,0.75,812.0472724216835,0.403116495169382,9.795781196290173
29.761451816662454,0.7499999999999993,806.4927558575625,0.3914770399937668,9.744719229793514
29.3205435208987,0.7499999999999994,816.5583454675925,0.3978148177682089,9.675514613886449
29.3205435208987,0.7499999999999994,816.5583454675925,0.3978148177682089,9.675514613886449
29.304779295706386,0.7499999999999997,810.3355406864354,0.39344960680886554,9.636634825706816
29.304779295706386,0.7499999999999997,810.3355406864354,0.39344960680886554,9.636634825706816
29.70130968791554,0.7499999999999998,805.6601478560543,0.38928746050872304,9.581569196776055
29.70130968791554,0.7499999999999998,805.6601478560543,0.38928746050872304,9.581569196776055
29.70130968791554,0.7499999999999998,805.6601478560543,0.38928746050872304,9.581569196776055
28.83300186573506,0.7499999999999998,815.5129656466148,0.40684999585261106,9.62044976292008
28.83300186573506,0.7499999999999998,815.5129656466148,0.40684999585261106,9.62044976292008
29.405025569710666,0.7499999999999997,813.9742513412797,0.4125010234622377,9.707358147573995
29.405025569710666,0.7499999999999997,813.9742513412797,0.4125010234622377,9.707358147573995
28.983778038904752,0.7499999999999998,815.703970858739,0.4134535361268026,9.622518784342622
28.983778038904752,0.7499999999999998,815.703970858739,0.4134535361268026,9.622518784342622
28.92176188222138,0.7499999999999982,823.3034282566848,0.4108140043905959,9.632981254959224
29.494241883497594,0.7499999999999996,820.3544910975252,0.4142837071498369,9.614196774988045
29.271459565933277,0.7499999999999989,816.8483609951229,0.4195146758000157,9.617475411641564
29.023307533480374,0.7499999999999996,829.5583155150644,0.43856125133595636,9.700448740924974
29.023307533480374,0.7499999999999996,829.5583155150644,0.43856125133595636,9.700448740924974
29.023307533480374,0.7499999999999996,829.5583155150644,0.43856125133595636,9.700448740924974
29.17619863142578,0.7499999999999998,826.7459068027573,0.44197405064369355,9.82261890110782
28.54467618392321,0.7499999999999979,829.2438408163387,0.44324750414799663,9.716195639494321
29.0466179716776,0.749999999999999,826.3590146018663,0.4425661456985095,9.732882163935301
29.0466179716776,0.749999999999999,826.3590146018663,0.4425661456985095,9.732882163935301
29.393082435576478,0.7499999999999997,820.160657683699,0.4254555685695049,9.665569234303248
29.76146341677227,0.7499999999999997,825.0710104695106,0.4338394541156437,9.773624689861538
29.76146341677227,0.7499999999999997,825.0710104695106,0.4338394541156437,9.773624689861538
29.76146341677227,0.7499999999999997,825.0710104695106,0.4338394541156437,9.773624689861538
29.76523304565959,0.7499999999999993,815.1417413068045,0.4373535062676043,9.774093260094684
29.946299613897267,0.7499999999999991,812.6300192537906,0.42812821263396766,9.750565584959139
29.946299613897267,0.7499999999999991,812.6300192537906,0.42812821263396766,9.750565584959139
29.837304892185273,0.7499999999999996,817.3513133613513,0.43837094134231347,9.720323375445014
29.455070096949814,0.7499999999999993,826.8521876754063,0.44171580583136344,9.714901540817973
29.8428456834774,0.7499999999999992,820.3879924243868,0.4448661206135808,9.668127470743434
29.8428456834774,0.7499999999999992,820.3879924243868,0.4448661206135808,9.668127470743434
29.8428456834774,0.7499999999999992,820.3879924243868,0.4448661206135808,9.668127470743434
29.8428456834774,0.7499999999999992,820.3879924243868,0.4448661206135808,9.668127470743434
29.8428456834774,0.7499999999999992,820.3879924243868,0.4448661206135808,9.668127470743434
30.503828697287567,0.7499999999999997,818.0379421743054,0.4411787444707583,9.695028696879646
30.503828697287567,0.7499999999999997,818.0379421743054,0.4411787444707583,9.695028696879646
30.503828697287567,0.7499999999999997,818.0379421743054,0.4411787444707583,9.695028696879646
30.852956516455123,0.7499999999999989,814.9905850870317,0.43287098493015874,9.637960546030993
31.191486153168217,0.7499999999999993,820.281357271896,0.44599522429608207,9.721956517021919
30.874498420188505,0.7499999999999994,814.07405093785,0.4346970235983731,9.648061563009403
31.10948232135498,0.7499999999999998,808.845547701099,0.42621798671196853,9.53468989659071
31.345386429979108,0.7499999999999996,806.3048914373938,0.421749266447086,9.574732094303386
31.093659571792024,0.7499999999999996,815.9352687312903,0.442501157810328,9.628349908068776
31.093659571792024,0.7499999999999996,815.9352687312903,0.442501157810328,9.628349908068776
31.093659571792024,0.7499999999999996,815.9352687312903,0.442501157810328,9.628349908068776
31.093659571792024,0.7499999999999996,815.9352687312903,0.442501157810328,9.628349908068776
30.068868511592157,0.7499999999999993,825.0236943013033,0.4419100639734706,9.553620558816437
30.068868511592157,0.7499999999999993,825.0236943013033,0.4419100639734706,9.553620558816437
30.068868511592157,0.7499999999999993,825.0236943013033,0.4419100639734706,9.553620558816437
31.152124691126353,0.7499999999999987,805.1645107267334,0.43771444383431896,9.668983187296973
31.253924004001313,0.749999999999999,812.6400592257671,0.4479311303334596,9.697453000344245
31.253924004001313,0.749999999999999,812.6400592257671,0.4479311303334596,9.697453000344245
31.153397015287474,0.7499999999999986,812.7441014150431,0.4518911490060008,9.719398946962224
31.1542783693234,0.7500000000000002,810.5501450027358,0.44479275663258844,9.714388677678212
31.1542783693234,0.7500000000000002,810.5501450027358,0.44479275663258844,9.714388677678212
31.1542783693234,0.7500000000000002,810.5501450027358,0.44479275663258844,9.714388677678212
31.367155866669734,0.7499999999999996,809.3632795439291,0.44421544800449,9.814630973194562
31.367155866669734,0.7499999999999996,809.3632795439291,0.44421544800449,9.814630973194562
30.717975324404012,0.7499999999999997,808.7752103651416,0.4430798463181985,9.783447224725132
30.717975324404012,0.7499999999999997,808.7752103651416,0.4430798463181985,9.783447224725132
30.717975324404012,0.7499999999999997,808.7752103651416,0.4430798463181985,9.783447224725132
31.10812331106102,0.7499999999999999,804.613106535112,0.4418127370491203,9.784861483633573
30.379934671574443,0.7499999999999992,811.613071746226,0.4353288890638636,9.782247536439119
30.379934671574443,0.7499999999999992,811.613071746226,0.4353288890638636,9.782247536439119
30.874078448367086,0.7499999999999992,807.6517594679248,0.4281732604604551,9.784232978581281
30.874078448367086,0.7499999999999992,807.6517594679248,0.4281732604604551,9.784232978581281
30.938715070214467,0.7499999999999992,804.6879209822257,0.4183847480878426,9.792027100564685
30.916650690234178,0.7499999999999993,804.7058799477462,0.4225419233385681,9.784802800641845
30.995336023286388,0.7499999999999989,808.9301456439648,0.4193786397099413,9.836739095953012
31.543444973039414,0.7499999999999998,808.0713243636105,0.4388379035798843,9.89278361192297
31.543444973039414,0.7499999999999998,808.0713243636105,0.4388379035798843,9.89278361192297
31.543444973039414,0.7499999999999998,808.0713243636105,0.4388379035798843,9.89278361192297
31.437022881036068,0.7499999999999999,808.4861516576219,0.43996479189122384,9.849544753628797
31.12924433974279,0.7499999999999996,820.0519724159305,0.44229343776061286,9.841908687529392
31.12924433974279,0.7499999999999996,820.0519724159305,0.44229343776061286,9.841908687529392
30.667856288445048,0.7499999999999994,824.1495588741631,0.44530582191707213,9.854820336146418
30.667856288445048,0.7499999999999994,824.1495588741631,0.44530582191707213,9.854820336146418
30.667856288445048,0.7499999999999994,824.1495588741631,0.44530582191707213,9.854820336146418
30.667856288445048,0.7499999999999994,824.1495588741631,0.44530582191707213,9.854820336146418
30.667856288445048,0.7499999999999994,824.1495588741631,0.44530582191707213,9.854820336146418
30.593107866846992,0.7499999999999989,824.896199397369,0.4403387385273134,9.869429026152762
30.593107866846992,0.7499999999999989,824.896199397369,0.4403387385273134,9.869429026152762
30.606807931002248,0.7499999999999992,820.0122801086279,0.43850349871175526,9.830086332686815
30.606807931002248,0.7499999999999992,820.0122801086279,0.43850349871175526,9.830086332686815
30.606807931002248,0.7499999999999992,820.0122801086279,0.43850349871175526,9.830086332686815
31.576657003830494,0.7499999999999996,810.4943102788496,0.4373548914895434,9.792493789948633
31.70478880958605,0.7499999999999989,818.1218056597304,0.4323992777202812,9.853518303310114
31.70478880958605,0.7499999999999989,818.1218056597304,0.4323992777202812,9.853518303310114
31.167190995600816,0.7499999999999993,819.2968072678046,0.43845392601193506,9.782709090671688
30.623754628463264,0.75,824.8840724152143,0.43102755987788494,9.699894850667125
30.623754628463264,0.75,824.8840724152143,0.43102755987788494,9.699894850667125
30.623754628463264,0.75,824.8840724152143,0.43102755987788494,9.699894850667125
30.623754628463264,0.75,824.8840724152143,0.43102755987788494,9.699894850667125
30.81961238435043,0.7499999999999992,819.9206678642587,0.4322681116716125,9.746423730264365
30.704668719633258,0.7499999999999987,814.0322821033416,0.43356303030291043,9.681542379392644
30.704668719633258,0.7499999999999987,814.0322821033416,0.43356303030291043,9.681542379392644
30.99195994602418,0.7499999999999997,811.0760522148324,0.4369313260799823,9.670902882089521
30.534313240305295,0.7499999999999992,822.1774910520667,0.44812032800683876,9.622017810693828
30.748551544247956,0.7499999999999978,811.0428524320383,0.4405459858362997,9.630618631022724
29.944577855397537,0.7499999999999988,819.5924915386739,0.4290687730556263,9.562199651623914
29.944577855397537,0.7499999999999988,819.5924915386739,0.4290687730556263,9.562199651623914
30.026354139327765,0.7499999999999998,814.0502750649615,0.43066476586973246,9.56006507582957
30.58031407058104,0.7499999999999994,809.4165244344141,0.44126366104443226,9.686927150389533
31.734020235490586,0.7499999999999987,798.1161156440656,0.43569867200568796,9.650219756376737
31.734020235490586,0.7499999999999987,798.1161156440656,0.43569867200568796,9.650219756376737
31.106016157291055,0.7500000000000001,799.120273933337,0.42960283372751684,9.655187667175317
31.25156317092006,0.7499999999999997,797.5566023373752,0.425416514473648,9.631341082750435
31.435464100282115,0.7499999999999996,796.9294107231418,0.431127757362232,9.729931625538976
31.91908122111062,0.7499999999999988,796.4865857049053,0.44088607044701356,9.782525927569342
31.91908122111062,0.7499999999999988,796.4865857049053,0.44088607044701356,9.782525927569342
31.91908122111062,0.7499999999999988,796.4865857049053,0.44088607044701356,9.782525927569342
31.91908122111062,0.7499999999999988,796.4865857049053,0.44088607044701356,9.782525927569342
31.91908122111062,0.7499999999999988,796.4865857049053,0.44088607044701356,9.782525927569342
31.91908122111062,0.7499999999999988,796.4865857049053,0.44088607044701356,9.782525927569342
31.846657904139402,0.7499999999999993,793.9003814385883,0.43871884938224054,9.770988869915882
31.741876296899978,0.7499999999999993,797.5709947592019,0.436905376135844,9.754696238120413
31.876345750182715,0.7499999999999997,800.3013303799142,0.4333871657016458,9.798180749104569
32.01694712460971,0.7499999999999997,798.8094984955635,0.43161690783630685,9.800028532817404
31.669394998068036,0.7499999999999991,806.7084472195022,0.4380825895359159,9.874601837719752
31.669394998068036,0.7499999999999991,806.7084472195022,0.4380825895359159,9.874601837719752
31.922497379194,0.7499999999999993,807.9291264783013,0.4397706110344729,9.866827358786702
32.20906636638192,0.7499999999999994,805.6991964171233,0.4327339291503611,9.944532565431388
32.320479610515534,0.7499999999999992,806.8876463952736,0.44330853869182946,10.00414299865742
32.18869563376077,0.749999999999999,806.6943809564592,0.43505421619886486,9.884277267186357
32.18869563376077,0.749999999999999,806.6943809564592,0.43505421619886486,9.884277267186357
31.78226067024021,0.7499999999999991,808.5452810950374,0.4339423048034384,9.790225250989725
31.60101128728162,0.7499999999999999,809.6039753843315,0.4433150692668625,9.726472821132187
31.60101128728162,0.7499999999999999,809.6039753843315,0.4433150692668625,9.726472821132187
31.837097609725983,0.7499999999999992,805.6802440373799,0.44688193037808144,9.835515061736805
31.817316767575157,0.749999999999999,809.3183935264497,0.4458831510809996,9.803775741742422
31.817316767575157,0.749999999999999,809.3183935264497,0.4458831510809996,9.803775741742422
31.741798768653815,0.7499999999999992,810.1806851909514,0.44731395020408043,9.773899193464866
31.741798768653815,0.7499999999999992,810.1806851909514,0.44731395020408043,9.773899193464866
30.907596918676177,0.7499999999999992,815.0093096280269,0.44409018386138116,9.710015965219636
30.907596918676177,0.7499999999999992,815.0093096280269,0.44409018386138116,9.710015965219636
30.907596918676177,0.7499999999999992,815.0093096280269,0.44409018386138116,9.710015965219636
30.907596918676177,0.7499999999999992,815.0093096280269,0.44409018386138116,9.710015965219636
30.907596918676177,0.7499999999999992,815.0093096280269,0.44409018386138116,9.710015965219636
30.907596918676177,0.7499999999999992,815.0093096280269,0.44409018386138116,9.710015965219636
30.907596918676177,0.7499999999999992,815.0093096280269,0.44409018386138116,9.710015965219636
31.174184848255045,0.7499999999999974,805.7037632709948,0.45283075498639125,9.700009128988441
31.174184848255045,0.7499999999999974,805.7037632709948,0.45283075498639125,9.700009128988441
31.754869356830973,0.7499999999999998,795.2963504870319,0.4448249158658431,9.655371566495125
31.754869356830973,0.7499999999999998,795.2963504870319,0.4448249158658431,9.655371566495125
31.323183393950288,0.7499999999999988,810.1328049177714,0.4658359051676981,9.728320700774585
31.243087435509405,0.7499999999999994,814.7633333506517,0.46863179836734264,9.713635346167118
31.243087435509405,0.7499999999999994,814.7633333506517,0.46863179836734264,9.713635346167118
31.243087435509405,0.7499999999999994,814.7633333506517,0.46863179836734264,9.713635346167118
31.243087435509405,0.7499999999999994,814.7633333506517,0.46863179836734264,9.713635346167118
31.243087435509405,0.7499999999999994,814.7633333506517,0.46863179836734264,9.713635346167118
31.401959174343723,0.7499999999999991,813.5092198126961,0.46677523534518567,9.748157112256294
31.401959174343723,0.7499999999999991,813.5092198126961,0.46677523534518567,9.748157112256294
31.401959174343723,0.7499999999999991,813.5092198126961,0.46677523534518567,9.748157112256294
31.401959174343723,0.7499999999999991,813.5092198126961,0.46677523534518567,9.748157112256294
31.389824243073395,0.7499999999999987,809.6401016463649,0.467475558537108,9.68623850638827
31.389824243073395,0.7499999999999987,809.6401016463649,0.467475558537108,9.68623850638827
31.389824243073395,0.7499999999999987,809.6401016463649,0.467475558537108,9.68623850638827
31.440824257962905,0.7499999999999996,809.0913298939394,0.463969527553662,9.686683018387333
31.440824257962905,0.7499999999999996,809.0913298939394,0.463969527553662,9.686683018387333
30.8218539261513,0.7499999999999986,822.6408950748497,0.46240803787105217,9.670090795755666
30.449559568469354,0.7499999999999984,823.2756155047971,0.4585406825153992,9.698983418140468
30.449559568469354,0.7499999999999984,823.2756155047971,0.4585406825153992,9.698983418140468
30.449559568469354,0.7499999999999984,823.2756155047971,0.4585406825153992,9.698983418140468
30.847158641975252,0.7499999999999998,812.2106043394327,0.45094679857440567,9.745814850241185
30.847158641975252,0.7499999999999998,812.2106043394327,0.45094679857440567,9.745814850241185
30.201675775116904,0.7499999999999993,815.2576563392246,0.4375730030209219,9.678906089527734
30.201675775116904,0.7499999999999993,815.2576563392246,0.4375730030209219,9.678906089527734
30.201675775116904,0.7499999999999993,815.2576563392246,0.4375730030209219,9.678906089527734
30.541569337849957,0.7499999999999997,815.9695226951625,0.44391290584842025,9.7558641106962
30.541569337849957,0.7499999999999997,815.9695226951625,0.44391290584842025,9.7558641106962
30.541569337849957,0.7499999999999997,815.9695226951625,0.44391290584842025,9.7558641106962
30.541569337849957,0.7499999999999997,815.9695226951625,0.44391290584842025,9.7558641106962
30.541569337849957,0.7499999999999997,815.9695226951625,0.44391290584842025,9.7558641106962
30.541569337849957,0.7499999999999997,815.9695226951625,0.44391290584842025,9.7558641106962
30.541569337849957,0.7499999999999997,815.9695226951625,0.44391290584842025,9.7558641106962
30.541569337849957,0.7499999999999997,815.9695226951625,0.44391290584842025,9.7558641106962
30.30120632743405,0.7500000000000004,809.7993626666697,0.4350286400542444,9.68792775773909
30.810230751622097,0.7499999999999986,810.9120859798019,0.43600902163565697,9.711842343690758
30.810230751622097,0.7499999999999986,810.9120859798019,0.43600902163565697,9.711842343690758
30.810230751622097,0.7499999999999986,810.9120859798019,0.43600902163565697,9.711842343690758
30.810230751622097,0.7499999999999986,810.9120859798019,0.43600902163565697,9.711842343690758
30.810230751622097,0.7499999999999986,810.9120859798019,0.43600902163565697,9.711842343690758
31.200784895280833,0.749999999999999,803.9155896847066,0.43989230752714203,9.695089873307918
31.074412738327695,0.7499999999999997,806.4113168073212,0.42608964722593334,9.701866053536875
31.346783703923958,0.7499999999999981,802.0184912443676,0.4330837638585302,9.73614916590527
30.66963469749822,0.7499999999999983,801.9433816038911,0.4236357570939834,9.638138629826003
30.81641812044249,0.7499999999999992,804.7907371015312,0.4242698024795531,9.643361833837725
30.81641812044249,0.7499999999999992,804.7907371015312,0.4242698024795531,9.643361833837725
30.865407883582147,0.7499999999999998,808.3697453200782,0.4235280038128622,9.751426636930816
30.865407883582147,0.7499999999999998,808.3697453200782,0.4235280038128622,9.751426636930816
30.865407883582147,0.7499999999999998,808.3697453200782,0.4235280038128622,9.751426636930816
30.865407883582147,0.7499999999999998,808.3697453200782,0.4235280038128622,9.751426636930816
30.865407883582147,0.7499999999999998,808.3697453200782,0.4235280038128622,9.751426636930816
30.932235479809854,0.7499999999999991,814.1597578080804,0.4213484455192711,9.715763337907276
30.583472373642334,0.7499999999999977,802.1666717308055,0.4102565308055675,9.629601877426571
30.468402397691104,0.7499999999999984,817.1762456134039,0.42793994269097263,9.840091034199002
30.468402397691104,0.7499999999999984,817.1762456134039,0.42793994269097263,9.840091034199002
30.468402397691104,0.7499999999999984,817.1762456134039,0.42793994269097263,9.840091034199002
30.468402397691104,0.7499999999999984,817.1762456134039,0.42793994269097263,9.840091034199002
30.468402397691104,0.7499999999999984,817.1762456134039,0.42793994269097263,9.840091034199002
30.468402397691104,0.7499999999999984,817.1762456134039,0.42793994269097263,9.840091034199002
30.468402397691104,0.7499999999999984,817.1762456134039,0.42793994269097263,9.840091034199002
30.468402397691104,0.7499999999999984,817.1762456134039,0.42793994269097263,9.840091034199002
30.468402397691104,0.7499999999999984,817.1762456134039,0.42793994269097263,9.840091034199002
30.784173321182237,0.7499999999999999,810.3636040271059,0.42056355183562255,9.74529964966988
31.41862484410169,0.749999999999999,798.6502451755042,0.40825759562191183,9.694799364094072
31.496042158623727,0.749999999999998,797.8848000378997,0.4030727692579218,9.652958502908385
31.057569059802198,0.7499999999999991,805.4125656724204,0.4065936964725787,9.706497779976207
31.057569059802198,0.7499999999999991,805.4125656724204,0.4065936964725787,9.706497779976207
30.581024594613922,0.749999999999999,810.1060576476742,0.4095386850834654,9.63960266497505
30.953414919535334,0.7499999999999997,808.8953171884144,0.4178932761900843,9.828453683343866
31.26997019272944,0.749999999999999,804.424752359388,0.41523440802368816,9.811339814444006
30.881232916650738,0.7499999999999998,803.8831018662922,0.4096402857687523,9.688276253361218
30.881232916650738,0.7499999999999998,803.8831018662922,0.4096402857687523,9.688276253361218
29.884197215208157,0.7499999999999992,807.7930906948836,0.4108309306712304,9.755661466643994
29.884197215208157,0.7499999999999992,807.7930906948836,0.4108309306712304,9.755661466643994
29.884197215208157,0.7499999999999992,807.7930906948836,0.4108309306712304,9.755661466643994
29.884197215208157,0.7499999999999992,807.7930906948836,0.4108309306712304,9.755661466643994
29.862264714350587,0.7499999999999993,804.2884406685863,0.3938474473999544,9.66617693109391
29.38329802330964,0.7499999999999989,803.1968500251087,0.3935065827098658,9.567503872509018
29.112580418135956,0.7499999999999992,810.9868044312798,0.40251529430824,9.630799795272244
29.112580418135956,0.7499999999999992,810.9868044312798,0.40251529430824,9.630799795272244
29.495005923405454,0.7499999999999998,810.397951308791,0.39811430389913066,9.617676209004884
29.495005923405454,0.7499999999999998,810.397951308791,0.39811430389913066,9.617676209004884
29.495005923405454,0.7499999999999998,810.397951308791,0.39811430389913066,9.617676209004884
29.632084411733775,0.7499999999999979,812.8006127128261,0.41479025525847824,9.746912239543414
29.908127469343817,0.7499999999999994,811.6271480225613,0.42814211174124345,9.809463359541994
29.908127469343817,0.7499999999999994,811.6271480225613,0.42814211174124345,9.809463359541994
30.103712866461894,0.7500000000000001,810.2913948382499,0.42707257226481965,9.752221064525434
30.103712866461894,0.7500000000000001,810.2913948382499,0.42707257226481965,9.752221064525434
30.103712866461894,0.7500000000000001,810.2913948382499,0.42707257226481965,9.752221064525434
30.103712866461894,0.7500000000000001,810.2913948382499,0.42707257226481965,9.752221064525434
30.43110224283439,0.7499999999999991,800.2745281851992,0.43212484053726236,9.701797652353855
30.43110224283439,0.7499999999999991,800.2745281851992,0.43212484053726236,9.701797652353855
30.43110224283439,0.7499999999999991,800.2745281851992,0.43212484053726236,9.701797652353855
30.60643662437191,0.7499999999999993,805.6801874150215,0.43594909661253284,9.646553776023087
30.60643662437191,0.7499999999999993,805.6801874150215,0.43594909661253284,9.646553776023087
30.66940525499983,0.7499999999999994,806.0394307175134,0.4299385058585194,9.620263968460842
30.66940525499983,0.7499999999999994,806.0394307175134,0.4299385058585194,9.620263968460842
30.66940525499983,0.7499999999999994,806.0394307175134,0.4299385058585194,9.620263968460842
30.361681877635405,0.7499999999999997,810.9897511260828,0.4345167279811605,9.731968371887302
30.361681877635405,0.7499999999999997,810.9897511260828,0.4345167279811605,9.731968371887302
30.361681877635405,0.7499999999999997,810.9897511260828,0.4345167279811605,9.731968371887302
30.361681877635405,0.7499999999999997,810.9897511260828,0.4345167279811605,9.731968371887302
31.10803080765618,0.7499999999999994,812.1035863725102,0.451769492927613,9.862783462562797
31.10803080765618,0.7499999999999994,812.1035863725102,0.451769492927613,9.862783462562797
31.23267546497249,0.75,814.7223826373054,0.461276260993698,9.929176955025095
31.602042685278455,0.7499999999999998,805.5799495403243,0.45705239430474803,9.831369142320028
31.510262393059676,0.7499999999999998,812.219379890686,0.471548470006282,9.896437350988219
31.0629407727074,0.7499999999999992,818.2572104077626,0.484246292926781,9.87717381242654
30.53269006161899,0.7499999999999989,819.6290322231004,0.4772725878108303,9.82364146743962
31.427593503514444,0.7500000000000002,814.509428763604,0.47436720868058146,9.822905561688447
31.764696970619152,0.7499999999999996,819.5214126419352,0.47322605209913543,9.867855375127714
31.764696970619152,0.7499999999999996,819.5214126419352,0.47322605209913543,9.867855375127714
31.81595274261875,0.7499999999999994,814.6998660623065,0.4882730134022374,9.98037488329905
31.751856373252608,0.7499999999999989,806.0666976433228,0.48686221092607723,9.975962188677887
31.751856373252608,0.7499999999999989,806.0666976433228,0.48686221092607723,9.975962188677887
31.751856373252608,0.7499999999999989,806.0666976433228,0.48686221092607723,9.975962188677887
31.243713500772294,0.7499999999999992,818.2637573272748,0.4928585789983649,10.078641399571634
31.243713500772294,0.7499999999999992,818.2637573272748,0.4928585789983649,10.078641399571634
31.243713500772294,0.7499999999999992,818.2637573272748,0.4928585789983649,10.078641399571634
31.243713500772294,0.7499999999999992,818.2637573272748,0.4928585789983649,10.078641399571634
31.243713500772294,0.7499999999999992,818.2637573272748,0.4928585789983649,10.078641399571634
31.243713500772294,0.7499999999999992,818.2637573272748,0.4928585789983649,10.078641399571634
31.243713500772294,0.7499999999999992,818.2637573272748,0.4928585789983649,10.078641399571634
31.275263083733094,0.7500000000000001,803.382129559765,0.48527836645782785,10.065230486678075
31.468578843257,0.7499999999999992,805.457141493292,0.478850622059833,10.142303413696823
31.60286382265364,0.7499999999999999,809.2048497865592,0.4901008722254134,10.134049257736354
31.178268693377177,0.7499999999999988,806.8842672280564,0.4810752134165299,10.057599388000796
31.010790293181287,0.7499999999999993,810.2630797242846,0.4944259370935638,10.094390882502628
31.010790293181287,0.7499999999999993,810.2630797242846,0.4944259370935638,10.094390882502628
31.010790293181287,0.7499999999999993,810.2630797242846,0.4944259370935638,10.094390882502628
30.775841162171915,0.7499999999999987,825.0710506285615,0.5036164042200436,10.151657352924436
30.775841162171915,0.7499999999999987,825.0710506285615,0.5036164042200436,10.151657352924436
30.775841162171915,0.7499999999999987,825.0710506285615,0.5036164042200436,10.151657352924436
30.775841162171915,0.7499999999999987,825.0710506285615,0.5036164042200436,10.151657352924436
30.775841162171915,0.7499999999999987,825.0710506285615,0.5036164042200436,10.151657352924436
30.775841162171915,0.7499999999999987,825.0710506285615,0.5036164042200436,10.151657352924436
30.775841162171915,0.7499999999999987,825.0710506285615,0.5036164042200436,10.151657352924436
30.775841162171915,0.7499999999999987,825.0710506285615,0.5036164042200436,10.151657352924436
30.775841162171915,0.7499999999999987,825.0710506285615,0.5036164042200436,10.151657352924436
30.775841162171915,0.7499999999999987,825.0710506285615,0.5036164042200436,10.151657352924436
30.775841162171915,0.7499999999999987,825.0710506285615,0.5036164042200436,10.151657352924436
30.570373665712356,0.7499999999999996,820.9024484487759,0.49611300130304925,10.094533627725431
30.570373665712356,0.7499999999999996,820.9024484487759,0.49611300130304925,10.094533627725431
30.570373665712356,0.7499999999999996,820.9024484487759,0.49611300130304925,10.094533627725431
30.570373665712356,0.7499999999999996,820.9024484487759,0.49611300130304925,10.094533627725431
30.570373665712356,0.7499999999999996,820.9024484487759,0.49611300130304925,10.094533627725431
30.570373665712356,0.7499999999999996,820.9024484487759,0.49611300130304925,10.094533627725431
30.570373665712356,0.7499999999999996,820.9024484487759,0.49611300130304925,10.094533627725431
30.7651440736754,0.7499999999999988,818.1006994266261,0.4983800212132682,10.161000396554305
30.7651440736754,0.7499999999999988,818.1006994266261,0.4983800212132682,10.161000396554305
30.7651440736754,0.7499999999999988,818.1006994266261,0.4983800212132682,10.161000396554305
30.639212220161067,0.749999999999999,815.944056641801,0.5037289914139216,10.2660295350577
30.639212220161067,0.749999999999999,815.944056641801,0.5037289914139216,10.2660295350577
31.047786984836783,0.7499999999999994,810.4417688303598,0.49321034467609726,10.230093586791162
30.820712299582027,0.7499999999999997,815.1759612533026,0.49013246716486547,10.224815262189205
31.009134500036225,0.7499999999999997,813.2860077583791,0.48654138288636445,10.231496843645516
31.009134500036225,0.7499999999999997,813.2860077583791,0.48654138288636445,10.231496843645516
31.2997452782096,0.7499999999999994,809.0456547606027,0.48929948845780263,10.275509425452995
31.2997452782096,0.7499999999999994,809.0456547606027,0.48929948845780263,10.275509425452995
30.809334132286644,0.7499999999999987,819.7891466906601,0.48370881502133983,10.20657523143338
30.488760507354762,0.7499999999999997,826.4437162844267,0.47420643558653003,10.095545634080532
31.131176594035665,0.7499999999999989,822.9503299577634,0.4767470419903636,10.175025748321588
31.131176594035665,0.7499999999999989,822.9503299577634,0.4767470419903636,10.175025748321588
31.39825939697395,0.7499999999999997,817.3592140856687,0.47981610959969007,10.197357448971326
31.58018342261074,0.7499999999999986,811.0945120356143,0.4721458771738532,10.173214288152957
31.58018342261074,0.7499999999999986,811.0945120356143,0.4721458771738532,10.173214288152957
30.993198254187003,0.7499999999999992,827.9586320777895,0.48965924129785066,10.294164057301
30.974184886244778,0.7499999999999991,822.8826918391891,0.4903444833693741,10.19976001838557
30.974184886244778,0.7499999999999991,822.8826918391891,0.4903444833693741,10.19976001838557
30.58869652113073,0.7499999999999996,827.8369247295486,0.4981772729768491,10.139682977340735
30.58869652113073,0.7499999999999996,827.8369247295486,0.4981772729768491,10.139682977340735
30.332234497707468,0.7499999999999988,830.3839860453829,0.49699650784251154,10.04516852184226
30.332234497707468,0.7499999999999988,830.3839860453829,0.49699650784251154,10.04516852184226
30.982803275300903,0.7499999999999998,816.9594900042672,0.48607096932858723,10.03793444394197
30.982803275300903,0.7499999999999998,816.9594900042672,0.48607096932858723,10.03793444394197
31.34328637599597,0.7499999999999981,809.8455428983764,0.46658473108623016,9.923438818358639
31.57092841124505,0.7499999999999992,812.5798336753709,0.4750740010050212,10.061577989221854
31.57092841124505,0.7499999999999992,812.5798336753709,0.4750740010050212,10.061577989221854
31.61666639460272,0.7499999999999988,812.175068241397,0.46438146768244026,10.063602699681407
31.61666639460272,0.7499999999999988,812.175068241397,0.46438146768244026,10.063602699681407
31.61666639460272,0.7499999999999988,812.175068241397,0.46438146768244026,10.063602699681407
31.253564354418252,0.7499999999999997,813.3144028056789,0.45324412124760716,9.924829962037757
31.253564354418252,0.7499999999999997,813.3144028056789,0.45324412124760716,9.924829962037757
31.906081109092106,0.7499999999999996,818.1240377757243,0.45381119593032343,9.956518233131337
31.906081109092106,0.7499999999999996,818.1240377757243,0.45381119593032343,9.956518233131337
31.906081109092106,0.7499999999999996,818.1240377757243,0.45381119593032343,9.956518233131337
31.906081109092106,0.7499999999999996,818.1240377757243,0.45381119593032343,9.956518233131337
31.906081109092106,0.7499999999999996,818.1240377757243,0.45381119593032343,9.956518233131337
31.906081109092106,0.7499999999999996,818.1240377757243,0.45381119593032343,9.956518233131337
31.853907254855542,0.7499999999999989,809.7083953112278,0.4424259877367389,9.914405561650085
31.853907254855542,0.7499999999999989,809.7083953112278,0.4424259877367389,9.914405561650085
32.02209548997762,0.7499999999999993,808.3970813940128,0.4480415941048466,9.935028094262586
32.02209548997762,0.7499999999999993,808.3970813940128,0.4480415941048466,9.935028094262586
32.02209548997762,0.7499999999999993,808.3970813940128,0.4480415941048466,9.935028094262586
32.02209548997762,0.7499999999999993,808.3970813940128,0.4480415941048466,9.935028094262586
31.498158350972183,0.7499999999999986,816.7987071805201,0.45220638231237614,9.94659017967712
31.498158350972183,0.7499999999999986,816.7987071805201,0.45220638231237614,9.94659017967712
31.498158350972183,0.7499999999999986,816.7987071805201,0.45220638231237614,9.94659017967712
31.498158350972183,0.7499999999999986,816.7987071805201,0.45220638231237614,9.94659017967712
31.498158350972183,0.7499999999999986,816.7987071805201,0.45220638231237614,9.94659017967712
31.498158350972183,0.7499999999999986,816.7987071805201,0.45220638231237614,9.94659017967712
31.050606215819,0.7499999999999997,808.7314783002938,0.4351510332737071,9.77266717826869
31.050606215819,0.7499999999999997,808.7314783002938,0.4351510332737071,9.77266717826869
31.050606215819,0.7499999999999997,808.7314783002938,0.4351510332737071,9.77266717826869
31.050606215819,0.7499999999999997,808.7314783002938,0.4351510332737071,9.77266717826869
31.050606215819,0.7499999999999997,808.7314783002938,0.4351510332737071,9.77266717826869
31.050606215819,0.7499999999999997,808.7314783002938,0.4351510332737071,9.77266717826869
31.050606215819,0.7499999999999997,808.7314783002938,0.4351510332737071,9.77266717826869
31.050606215819,0.7499999999999997,808.7314783002938,0.4351510332737071,9.77266717826869
31.046971120039423,0.7499999999999997,811.5219687937125,0.43476723647171533,9.825748588268066
31.148436827027044,0.7500000000000001,806.9028319536644,0.43392390743469,9.796644311407771
31.38479109185443,0.7499999999999992,799.5641672158084,0.44589092092591864,9.82756324376659
31.38479109185443,0.7499999999999992,799.5641672158084,0.44589092092591864,9.82756324376659
31.176285874502504,0.7499999999999994,800.702859999464,0.4494129972580471,9.900515070792
31.339550305210064,0.7499999999999973,807.428820024526,0.4499947599923244,10.002725583351857
31.286673128504102,0.7499999999999977,809.8685842063662,0.45062139309791016,9.900306386960201
31.286673128504102,0.7499999999999977,809.8685842063662,0.45062139309791016,9.900306386960201
31.397697706041832,0.7500000000000001,795.640524135987,0.44040688484395357,9.81364315437311
31.397697706041832,0.7500000000000001,795.640524135987,0.44040688484395357,9.81364315437311
30.779601890488944,0.7499999999999999,806.3893621915907,0.44307929571459825,9.878595249014646
30.779601890488944,0.7499999999999999,806.3893621915907,0.44307929571459825,9.878595249014646
30.73477849787731,0.7499999999999997,803.7811914729684,0.4434891395372472,9.814767037335127
29.819100494669193,0.7499999999999999,816.6781220699743,0.4489235613574223,9.78158568014982
29.819100494669193,0.7499999999999999,816.6781220699743,0.4489235613574223,9.78158568014982
29.819100494669193,0.7499999999999999,816.6781220699743,0.4489235613574223,9.78158568014982
30.06004630075867,0.7499999999999996,814.3213634149209,0.4474203254217194,9.748479131405421
30.06004630075867,0.7499999999999996,814.3213634149209,0.4474203254217194,9.748479131405421
30.06004630075867,0.7499999999999996,814.3213634149209,0.4474203254217194,9.748479131405421
30.06004630075867,0.7499999999999996,814.3213634149209,0.4474203254217194,9.748479131405421
30.06004630075867,0.7499999999999996,814.3213634149209,0.4474203254217194,9.748479131405421
30.06004630075867,0.7499999999999996,814.3213634149209,0.4474203254217194,9.748479131405421
30.06004630075867,0.7499999999999996,814.3213634149209,0.4474203254217194,9.748479131405421
30.06004630075867,0.7499999999999996,814.3213634149209,0.4474203254217194,9.748479131405421
29.831241870534868,0.7499999999999996,810.7573491248176,0.4479837593220311,9.614922744520523
30.16334412623647,0.749999999999999,808.480297833195,0.4439033312157152,9.570937451190762
30.16334412623647,0.749999999999999,808.480297833195,0.4439033312157152,9.570937451190762
30.16334412623647,0.749999999999999,808.480297833195,0.4439033312157152,9.570937451190762
30.16334412623647,0.749999999999999,808.480297833195,0.4439033312157152,9.570937451190762
30.16334412623647,0.749999999999999,808.480297833195,0.4439033312157152,9.570937451190762
30.16334412623647,0.749999999999999,808.480297833195,0.4439033312157152,9.570937451190762
29.722031435165245,0.7499999999999991,815.0909556964848,0.447067693355303,9.616794823369684
29.722031435165245,0.7499999999999991,815.0909556964848,0.447067693355303,9.616794823369684
29.722031435165245,0.7499999999999991,815.0909556964848,0.447067693355303,9.616794823369684
29.950609249768313,0.7499999999999989,811.0784086909816,0.43771110416604214,9.598213474161494
29.950609249768313,0.7499999999999989,811.0784086909816,0.43771110416604214,9.598213474161494
31.01669636655811,0.749999999999998,803.0441073384343,0.44171060184008804,9.723285373918348
30.452418728438964,0.7499999999999999,808.6857457353444,0.43361828511323275,9.754784140603991
30.070378763138972,0.7500000000000002,807.3697827827906,0.4313576872537508,9.624233553793308
29.934690801183,0.7499999999999987,805.0886903882699,0.41751401421777146,9.617927883861048
29.934690801183,0.7499999999999987,805.0886903882699,0.41751401421777146,9.617927883861048
29.934690801183,0.7499999999999987,805.0886903882699,0.41751401421777146,9.617927883861048
29.934690801183,0.7499999999999987,805.0886903882699,0.41751401421777146,9.617927883861048
29.934690801183,0.7499999999999987,805.0886903882699,0.41751401421777146,9.617927883861048
29.934690801183,0.7499999999999987,805.0886903882699,0.41751401421777146,9.617927883861048
30.746244089740248,0.7499999999999993,809.4528261112886,0.4498703454788507,9.686816245899806
30.746244089740248,0.7499999999999993,809.4528261112886,0.4498703454788507,9.686816245899806
30.746244089740248,0.7499999999999993,809.4528261112886,0.4498703454788507,9.686816245899806
30.746244089740248,0.7499999999999993,809.4528261112886,0.4498703454788507,9.686816245899806
30.746244089740248,0.7499999999999993,809.4528261112886,0.4498703454788507,9.686816245899806
30.746244089740248,0.7499999999999993,809.4528261112886,0.4498703454788507,9.686816245899806
30.318316336914698,0.7499999999999999,809.347668752289,0.44127596906655514,9.644865430914326
30.318316336914698,0.7499999999999999,809.347668752289,0.44127596906655514,9.644865430914326
30.318316336914698,0.7499999999999999,809.347668752289,0.44127596906655514,9.644865430914326
30.22731893839424,0.749999999999999,810.8683368793367,0.4443394774863327,9.66822283982403
30.22731893839424,0.749999999999999,810.8683368793367,0.4443394774863327,9.66822283982403
30.22731893839424,0.749999999999999,810.8683368793367,0.4443394774863327,9.66822283982403
30.22731893839424,0.749999999999999,810.8683368793367,0.4443394774863327,9.66822283982403
30.22731893839424,0.749999999999999,810.8683368793367,0.4443394774863327,9.66822283982403
30.48382837088429,0.7499999999999993,808.2053430288669,0.4434706033931443,9.790541061885378
30.48382837088429,0.7499999999999993,808.2053430288669,0.4434706033931443,9.790541061885378
30.734408092263646,0.7500000000000001,807.3599666757887,0.4480979791192038,9.956498541295815
30.734408092263646,0.7500000000000001,807.3599666757887,0.4480979791192038,9.956498541295815
30.734408092263646,0.7500000000000001,807.3599666757887,0.4480979791192038,9.956498541295815
31.133002626974612,0.7499999999999999,810.2757973509316,0.4493659354272609,9.891831952471367
31.133002626974612,0.7499999999999999,810.2757973509316,0.4493659354272609,9.891831952471367
31.283273375044928,0.7499999999999993,810.4470609757009,0.45200157185347317,9.93048308453805
31.144305372983837,0.7499999999999991,808.7762444400483,0.44769330976444266,9.868238950567033
31.144305372983837,0.7499999999999991,808.7762444400483,0.44769330976444266,9.868238950567033
31.144305372983837,0.7499999999999991,808.7762444400483,0.44769330976444266,9.868238950567033
31.40950219914903,0.7499999999999999,805.840083868789,0.44758108379566436,9.869305548782759
31.40950219914903,0.7499999999999999,805.840083868789,0.44758108379566436,9.869305548782759
31.40950219914903,0.7499999999999999,805.840083868789,0.44758108379566436,9.869305548782759
31.116768016985173,0.7499999999999999,810.0851818193756,0.4562134477474952,9.77990271477457
31.116768016985173,0.7499999999999999,810.0851818193756,0.4562134477474952,9.77990271477457
31.116768016985173,0.7499999999999999,810.0851818193756,0.4562134477474952,9.77990271477457
31.116768016985173,0.7499999999999999,810.0851818193756,0.4562134477474952,9.77990271477457
31.116768016985173,0.7499999999999999,810.0851818193756,0.4562134477474952,9.77990271477457
31.116768016985173,0.7499999999999999,810.0851818193756,0.4562134477474952,9.77990271477457
31.058118149362883,0.7499999999999996,808.8462217504348,0.45243471121404927,9.754774766575858
30.427237483267835,0.7499999999999999,817.7079352189905,0.44642160275881,9.823079913247472
30.427237483267835,0.7499999999999999,817.7079352189905,0.44642160275881,9.823079913247472
30.427237483267835,0.7499999999999999,817.7079352189905,0.44642160275881,9.823079913247472
31.213834728957377,0.7499999999999979,807.9504418676731,0.4467917668589929,9.83397883340454
31.213834728957377,0.7499999999999979,807.9504418676731,0.4467917668589929,9.83397883340454
31.213834728957377,0.7499999999999979,807.9504418676731,0.4467917668589929,9.83397883340454
31.213834728957377,0.7499999999999979,807.9504418676731,0.4467917668589929,9.83397883340454
30.869072518293574,0.7499999999999993,813.3293306544264,0.44057221924446033,9.74610460510253
30.717533364500902,0.7499999999999997,815.9044303193983,0.4460450698391384,9.7712797711448
30.717533364500902,0.7499999999999997,815.9044303193983,0.4460450698391384,9.7712797711448
30.50127290319987,0.7499999999999996,818.608856718411,0.4360396960504521,9.729140157611031
30.50127290319987,0.7499999999999996,818.608856718411,0.4360396960504521,9.729140157611031
30.50127290319987,0.7499999999999996,818.608856718411,0.4360396960504521,9.729140157611031
30.510725392206798,0.7499999999999996,812.1308138175671,0.4236227477257939,9.624090040978732
30.510725392206798,0.7499999999999996,812.1308138175671,0.4236227477257939,9.624090040978732
30.7174089073259,0.7499999999999989,802.6891707992932,0.4114675826524554,9.536260651415471
31.22803648657221,0.7499999999999989,800.7043608307878,0.4116609444116475,9.654089077085763
31.22803648657221,0.7499999999999989,800.7043608307878,0.4116609444116475,9.654089077085763
31.187457704102222,0.7499999999999988,809.1667724539311,0.4188789984302447,9.717499853207197
31.187457704102222,0.7499999999999988,809.1667724539311,0.4188789984302447,9.717499853207197
31.187457704102222,0.7499999999999988,809.1667724539311,0.4188789984302447,9.717499853207197
31.187457704102222,0.7499999999999988,809.1667724539311,0.4188789984302447,9.717499853207197
31.101345792962775,0.7500000000000002,809.863161758854,0.4229879140099034,9.769967412026535
30.59612975342379,0.7500000000000002,817.8270482719764,0.4335855966491699,9.783339703147542
30.209431846500216,0.7499999999999992,811.4758188688342,0.4212739541198388,9.663018007774465
30.209431846500216,0.7499999999999992,811.4758188688342,0.4212739541198388,9.663018007774465
30.55116493044247,0.7500000000000002,807.3512567067396,0.419965986970358,9.576733576779805
30.55116493044247,0.7500000000000002,807.3512567067396,0.419965986970358,9.576733576779805
30.55116493044247,0.7500000000000002,807.3512567067396,0.419965986970358,9.576733576779805
30.523587135763645,0.7499999999999998,810.0798278886951,0.42088844013677185,9.659214078431102
31.006169513374413,0.7499999999999997,809.4734327085301,0.42503839759482775,9.71883230784739
30.539621766520444,0.7499999999999989,807.2495108186839,0.41871736875967547,9.62239283827623
30.539621766520444,0.7499999999999989,807.2495108186839,0.41871736875967547,9.62239283827623
30.539621766520444,0.7499999999999989,807.2495108186839,0.41871736875967547,9.62239283827623
30.171886633962856,0.7499999999999983,816.083964569068,0.42584669273437004,9.668147705313682
30.327397927823668,0.7499999999999986,813.6513035467547,0.42285041030531784,9.65107078309508
30.327397927823668,0.7499999999999986,813.6513035467547,0.42285041030531784,9.65107078309508
29.47035734868873,0.7499999999999996,824.4112172181003,0.42057316887190743,9.656883022585465
29.47035734868873,0.7499999999999996,824.4112172181003,0.42057316887190743,9.656883022585465
29.47035734868873,0.7499999999999996,824.4112172181003,0.42057316887190743,9.656883022585465
29.483971289601385,0.7499999999999986,819.0799419356396,0.4260342525521713,9.681725329412043
30.2229686499553,0.7499999999999982,810.5312649456208,0.42152362164206136,9.748409564829876
30.49059158123354,0.7499999999999986,816.0901686083206,0.43222787589069706,9.863995581203714
30.68112735404452,0.749999999999999,823.2055383236233,0.44048171148978305,9.948906097329054
31.008082519701638,0.7500000000000002,818.6955536176945,0.4366397587669672,9.852760514200634
31.008082519701638,0.7500000000000002,818.6955536176945,0.4366397587669672,9.852760514200634
31.008082519701638,0.7500000000000002,818.6955536176945,0.4366397587669672,9.852760514200634
31.008082519701638,0.7500000000000002,818.6955536176945,0.4366397587669672,9.852760514200634
30.87325183415282,0.7499999999999989,818.1969758909682,0.42776661013262396,9.887483915079631
30.87325183415282,0.7499999999999989,818.1969758909682,0.42776661013262396,9.887483915079631
30.87325183415282,0.7499999999999989,818.1969758909682,0.42776661013262396,9.887483915079631
30.87325183415282,0.7499999999999989,818.1969758909682,0.42776661013262396,9.887483915079631
30.517379299305087,0.7499999999999978,817.0263436007689,0.43696712548896494,9.932802236531211
30.517379299305087,0.7499999999999978,817.0263436007689,0.43696712548896494,9.932802236531211
30.517379299305087,0.7499999999999978,817.0263436007689,0.43696712548896494,9.932802236531211
30.517379299305087,0.7499999999999978,817.0263436007689,0.43696712548896494,9.932802236531211
30.517379299305087,0.7499999999999978,817.0263436007689,0.43696712548896494,9.932802236531211
30.109753389181563,0.7499999999999998,821.1940407866887,0.4414215582017242,9.9563494535844
30.109753389181563,0.7499999999999998,821.1940407866887,0.4414215582017242,9.9563494535844
30.109753389181563,0.7499999999999998,821.1940407866887,0.4414215582017242,9.9563494535844
30.109753389181563,0.7499999999999998,821.1940407866887,0.4414215582017242,9.9563494535844
30.109753389181563,0.7499999999999998,821.1940407866887,0.4414215582017242,9.9563494535844
30.109753389181563,0.7499999999999998,821.1940407866887,0.4414215582017242,9.9563494535844
30.109753389181563,0.7499999999999998,821.1940407866887,0.4414215582017242,9.9563494535844
30.109753389181563,0.7499999999999998,821.1940407866887,0.4414215582017242,9.9563494535844
30.109753389181563,0.7499999999999998,821.1940407866887,0.4414215582017242,9.9563494535844
30.293764424635828,0.7499999999999996,812.8109588272014,0.4353066477467492,9.9372412661727
30.293764424635828,0.7499999999999996,812.8109588272014,0.4353066477467492,9.9372412661727
30.293764424635828,0.7499999999999996,812.8109588272014,0.4353066477467492,9.9372412661727
30.293764424635828,0.7499999999999996,812.8109588272014,0.4353066477467492,9.9372412661727
30.293764424635828,0.7499999999999996,812.8109588272014,0.4353066477467492,9.9372412661727
30.293764424635828,0.7499999999999996,812.8109588272014,0.4353066477467492,9.9372412661727
29.334883404897177,0.7499999999999981,827.3400983860585,0.4315283783924294,9.82397971291141
29.334883404897177,0.7499999999999981,827.3400983860585,0.4315283783924294,9.82397971291141
29.95740333898927,0.749999999999998,815.2759704734817,0.4338209245516314,9.932405749768687
29.72953425568673,0.749999999999999,813.4437123420118,0.4219912991519539,9.815078359105627
29.72953425568673,0.749999999999999,813.4437123420118,0.4219912991519539,9.815078359105627
29.72953425568673,0.749999999999999,813.4437123420118,0.4219912991519539,9.815078359105627
29.52122073624405,0.7499999999999996,813.7073361787825,0.43241320269283945,9.82203106190978
29.376489773099415,0.7499999999999992,822.2313798163558,0.4361068854721227,9.876908006030385
29.376489773099415,0.7499999999999992,822.2313798163558,0.4361068854721227,9.876908006030385
29.376489773099415,0.7499999999999992,822.2313798163558,0.4361068854721227,9.876908006030385
29.376489773099415,0.7499999999999992,822.2313798163558,0.4361068854721227,9.876908006030385
29.376489773099415,0.7499999999999992,822.2313798163558,0.4361068854721227,9.876908006030385
29.376489773099415,0.7499999999999992,822.2313798163558,0.4361068854721227,9.876908006030385
29.376489773099415,0.7499999999999992,822.2313798163558,0.4361068854721227,9.876908006030385
29.376489773099415,0.7499999999999992,822.2313798163558,0.4361068854721227,9.876908006030385
29.376489773099415,0.7499999999999992,822.2313798163558,0.4361068854721227,9.876908006030385
29.376489773099415,0.7499999999999992,822.2313798163558,0.4361068854721227,9.876908006030385
29.376489773099415,0.7499999999999992,822.2313798163558,0.4361068854721227,9.876908006030385
29.376489773099415,0.7499999999999992,822.2313798163558,0.4361068854721227,9.876908006030385
29.376489773099415,0.7499999999999992,822.2313798163558,0.4361068854721227,9.876908006030385
29.376489773099415,0.7499999999999992,822.2313798163558,0.4361068854721227,9.876908006030385
29.376489773099415,0.7499999999999992,822.2313798163558,0.4361068854721227,9.876908006030385
29.773812481412687,0.7499999999999989,817.8825052583182,0.444288989773113,9.910224185156352
29.773812481412687,0.7499999999999989,817.8825052583182,0.444288989773113,9.910224185156352
28.885572539009555,0.7499999999999994,829.0746643984342,0.4451587059888069,9.817595874574058
28.885572539009555,0.7499999999999994,829.0746643984342,0.4451587059888069,9.817595874574058
29.294586174473572,0.7499999999999994,816.6329754603779,0.4495692357181995,9.854225010600405
29.294586174473572,0.7499999999999994,816.6329754603779,0.4495692357181995,9.854225010600405
29.294586174473572,0.7499999999999994,816.6329754603779,0.4495692357181995,9.854225010600405
29.102775812477777,0.75,813.3205347831363,0.4470252826629337,9.809654225829936
29.102775812477777,0.75,813.3205347831363,0.4470252826629337,9.809654225829936
29.102775812477777,0.75,813.3205347831363,0.4470252826629337,9.809654225829936
28.938682275989187,0.7500000000000004,821.0235233569781,0.44258964217769836,9.916508896568265
28.468196097274486,0.7499999999999994,821.1405789413107,0.44237913859376915,9.850703849222146
28.468196097274486,0.7499999999999994,821.1405789413107,0.44237913859376915,9.850703849222146
28.468196097274486,0.7499999999999994,821.1405789413107,0.44237913859376915,9.850703849222146
28.928941418358715,0.7499999999999999,823.9660759913214,0.4404793673473139,9.918481039740524
28.57897814252853,0.7499999999999994,821.6323532371447,0.43629624932760097,9.75878405527364
28.971441076935495,0.7499999999999992,815.8444439653608,0.4183738152005116,9.703576404836761
28.971441076935495,0.7499999999999992,815.8444439653608,0.4183738152005116,9.703576404836761
28.550046577969912,0.749999999999999,815.619300092275,0.41492642048706646,9.677796918106633
28.960867640522967,0.7499999999999986,809.0768007350075,0.41801941153381994,9.736433510009501
28.960867640522967,0.7499999999999986,809.0768007350075,0.41801941153381994,9.736433510009501
28.960867640522967,0.7499999999999986,809.0768007350075,0.41801941153381994,9.736433510009501
29.224905176712806,0.7499999999999991,813.3555971032266,0.4122033216352705,9.763014720582671
29.224905176712806,0.7499999999999991,813.3555971032266,0.4122033216352705,9.763014720582671
29.224905176712806,0.7499999999999991,813.3555971032266,0.4122033216352705,9.763014720582671
29.626829304836853,0.7499999999999997,817.8754102112892,0.4116283126797954,9.818761111093982
30.21787536502639,0.7499999999999998,814.6428026180198,0.40988952016751823,9.859395580047714
30.20616285869405,0.7499999999999989,819.8755700687764,0.4184208694660025,9.873144914221914
30.20616285869405,0.7499999999999989,819.8755700687764,0.4184208694660025,9.873144914221914
30.20616285869405,0.7499999999999989,819.8755700687764,0.4184208694660025,9.873144914221914
30.20616285869405,0.7499999999999989,819.8755700687764,0.4184208694660025,9.873144914221914
29.50595104871167,0.75,820.2894456600029,0.4181686010811944,9.864073013503893
29.50595104871167,0.75,820.2894456600029,0.4181686010811944,9.864073013503893
29.21282186565555,0.7499999999999978,822.5218416149438,0.4040118042662538,9.756076234960966
29.407196194600886,0.749999999999999,808.2835032138476,0.3954430996387967,9.631972993714362
28.91750018167604,0.7500000000000003,819.5653238839552,0.40009375479319953,9.743606873199969
28.91750018167604,0.7500000000000003,819.5653238839552,0.40009375479319953,9.743606873199969
29.256687838345783,0.7499999999999987,809.8721388869582,0.3904133620759313,9.67217473212745
29.761046624599707,0.7499999999999994,808.0040400991562,0.38889963102613684,9.700830618052445
29.184025483463657,0.7499999999999998,813.9635757298342,0.40094940345587743,9.744433036843457
29.421466695029633,0.7499999999999998,806.0107992025257,0.3922125506406351,9.687616798720523
28.786883736686143,0.7499999999999996,818.6443500118911,0.3787966472597311,9.714491851338014
28.45658276267192,0.7499999999999993,814.9581376452136,0.38365359484476264,9.672392136222593
28.45658276267192,0.7499999999999993,814.9581376452136,0.38365359484476264,9.672392136222593
29.660720594598548,0.7499999999999982,799.466784509025,0.3902354971503828,9.688836160932803
29.645912422739084,0.7499999999999999,804.9976839086844,0.41535861937736124,9.790757470884197
29.116377999600896,0.7499999999999997,807.7151974955539,0.41634450848025034,9.768739588749872
29.521469174462215,0.7499999999999989,807.9892918735968,0.4206145941417009,9.836811897836501
29.521469174462215,0.7499999999999989,807.9892918735968,0.4206145941417009,9.836811897836501
29.968401147181286,0.7499999999999998,796.6814736291271,0.41027190848471035,9.782911452707179
30.012922452364847,0.7499999999999992,799.7951639710567,0.41600016757313085,9.856932982148624
30.012922452364847,0.7499999999999992,799.7951639710567,0.41600016757313085,9.856932982148624
30.012922452364847,0.7499999999999992,799.7951639710567,0.41600016757313085,9.856932982148624
30.012922452364847,0.7499999999999992,799.7951639710567,0.41600016757313085,9.856932982148624
29.865138411329887,0.7499999999999988,799.7028511918106,0.4122872611473212,9.780128517924345
29.980220758969168,0.7499999999999984,804.8449792618488,0.39980567397964906,9.713494460238755
30.131175299983923,0.7499999999999993,802.4567815590487,0.40899660261461723,9.716282533289881
30.131175299983923,0.7499999999999993,802.4567815590487,0.40899660261461723,9.716282533289881
30.131175299983923,0.7499999999999993,802.4567815590487,0.40899660261461723,9.716282533289881
30.131175299983923,0.7499999999999993,802.4567815590487,0.40899660261461723,9.716282533289881
30.020095443916738,0.7499999999999984,802.5999517452719,0.3966324569218534,9.614202158258184
30.020095443916738,0.7499999999999984,802.5999517452719,0.3966324569218534,9.614202158258184
29.96403096727398,0.7499999999999993,799.762014905576,0.38818528967236177,9.550363625828743
30.031152968950938,0.7499999999999999,803.4238239919038,0.3884091560833379,9.516408103060181
30.34746043259919,0.75,796.9925971077876,0.38239387113578976,9.52969524946082
30.788609663165598,0.7499999999999987,787.1209392212617,0.36706171575254176,9.436097204797571
30.788609663165598,0.7499999999999987,787.1209392212617,0.36706171575254176,9.436097204797571
29.96239082728283,0.7499999999999987,792.0534273265134,0.36325118945090124,9.399344378046962
29.96239082728283,0.7499999999999987,792.0534273265134,0.36325118945090124,9.399344378046962
29.96239082728283,0.7499999999999987,792.0534273265134,0.36325118945090124,9.399344378046962
29.982099726597827,0.75,792.9774361537662,0.3638783105612136,9.441115088470028
29.982099726597827,0.75,792.9774361537662,0.3638783105612136,9.441115088470028
29.982099726597827,0.75,792.9774361537662,0.3638783105612136,9.441115088470028
29.80025565577423,0.7499999999999993,801.8620975207652,0.37537892994107847,9.582519659943301
29.80025565577423,0.7499999999999993,801.8620975207652,0.37537892994107847,9.582519659943301
29.63673770929702,0.7499999999999996,800.9948784627899,0.37502362885254126,9.552668898557783
29.63673770929702,0.7499999999999996,800.9948784627899,0.37502362885254126,9.552668898557783
30.518096595403975,0.7499999999999991,797.5575856893998,0.37850577566419186,9.572134039827713
30.609561780067445,0.7499999999999991,792.8767241321933,0.3706901942257895,9.488973791206437
30.391607161619373,0.7499999999999989,801.9338842732104,0.37518204231386415,9.57329389481948
31.0021178164365,0.7499999999999986,794.5883027751871,0.38021184872333635,9.572919758402339
31.0021178164365,0.7499999999999986,794.5883027751871,0.38021184872333635,9.572919758402339
30.596117878839625,0.7499999999999997,796.9061088858659,0.3739078806738832,9.519182175463921
30.596117878839625,0.7499999999999997,796.9061088858659,0.3739078806738832,9.519182175463921
30.596117878839625,0.7499999999999997,796.9061088858659,0.3739078806738832,9.519182175463921
30.6203932892432,0.7499999999999999,800.50108781037,0.37666717117007,9.553698399475701
31.241849403377415,0.7500000000000001,798.5947086545596,0.38968469846065906,9.622145563249465
30.43681691208194,0.749999999999998,803.5591387508855,0.3761569754826985,9.535966197811266
30.26241487407523,0.7499999999999989,805.5730018249278,0.36961734396329565,9.517579233162015
30.715496969403624,0.7499999999999997,809.3205123743097,0.38615729417518924,9.692111058246544
30.571130731375565,0.75,805.4112966359265,0.37984565865227166,9.673103309562986
30.919215340472995,0.7499999999999982,799.783072068139,0.3719669975646971,9.683125609724831
31.01371520354582,0.7499999999999996,797.4214143434098,0.35803391428423637,9.633039690619176
30.44099029354572,0.7499999999999993,801.5132467127879,0.35811247104382055,9.525818676156515
30.44099029354572,0.7499999999999993,801.5132467127879,0.35811247104382055,9.525818676156515
30.44099029354572,0.7499999999999993,801.5132467127879,0.35811247104382055,9.525818676156515
30.015563923758958,0.7499999999999994,807.7695005099883,0.35134389260959903,9.485272448251502
30.015563923758958,0.7499999999999994,807.7695005099883,0.35134389260959903,9.485272448251502
30.015563923758958,0.7499999999999994,807.7695005099883,0.35134389260959903,9.485272448251502
30.074055547747978,0.7500000000000001,803.4912040874026,0.347706921158523,9.58020671833693
29.799252479169052,0.7499999999999996,808.5992401991903,0.35453875406553054,9.55728195985165
29.799252479169052,0.7499999999999996,808.5992401991903,0.35453875406553054,9.55728195985165
29.378838014609563,0.7499999999999996,814.147168112513,0.34928060232184344,9.490686927574902
29.91656190330731,0.7499999999999989,810.0965133378666,0.3474129611035567,9.515055939571027
29.415940162732845,0.7500000000000001,818.3050883088074,0.348938240088333,9.423775858663333
29.47267665744986,0.7499999999999997,811.9871894147718,0.36687814420432835,9.4799638419004
29.47267665744986,0.7499999999999997,811.9871894147718,0.36687814420432835,9.4799638419004
29.47267665744986,0.7499999999999997,811.9871894147718,0.36687814420432835,9.4799638419004
30.197749354604397,0.7499999999999981,801.5663880294774,0.35814489150230827,9.486562159031243
30.197749354604397,0.7499999999999981,801.5663880294774,0.35814489150230827,9.486562159031243
30.197749354604397,0.7499999999999981,801.5663880294774,0.35814489150230827,9.486562159031243
30.340011209605535,0.7499999999999996,807.5070650640153,0.3697157451425757,9.449705701875123
29.752696829659705,0.749999999999999,814.5111283734403,0.37674586262481985,9.482406448260196
29.725060621486907,0.7499999999999991,807.8308042235709,0.3759105944476844,9.475920312110423
29.725060621486907,0.7499999999999991,807.8308042235709,0.3759105944476844,9.475920312110423
29.681650901313684,0.7499999999999997,809.4925070207312,0.3680971356653933,9.539624243702619
29.681650901313684,0.7499999999999997,809.4925070207312,0.3680971356653933,9.539624243702619
29.527879052828478,0.7499999999999979,810.8506777731627,0.3751378105431607,9.551121791491852
29.614222585454677,0.7499999999999992,812.8257876676512,0.38634829265289655,9.633875126000916
29.467762441956523,0.7499999999999996,818.1948927607186,0.38328359581484,9.626634229444523
29.467762441956523,0.7499999999999996,818.1948927607186,0.38328359581484,9.626634229444523
29.467762441956523,0.7499999999999996,818.1948927607186,0.38328359581484,9.626634229444523
29.114187437725395,0.7499999999999993,818.9456615561985,0.37113576541869553,9.564139490633886
29.646780200396908,0.7499999999999994,814.3092158979684,0.3666871530295625,9.566148977016084
29.646780200396908,0.7499999999999994,814.3092158979684,0.3666871530295625,9.566148977016084
29.646780200396908,0.7499999999999994,814.3092158979684,0.3666871530295625,9.566148977016084
29.646780200396908,0.7499999999999994,814.3092158979684,0.3666871530295625,9.566148977016084
29.646780200396908,0.7499999999999994,814.3092158979684,0.3666871530295625,9.566148977016084
29.646780200396908,0.7499999999999994,814.3092158979684,0.3666871530295625,9.566148977016084
29.15382657385314,0.7499999999999996,818.8353232106906,0.3733330780186943,9.576635429447188
29.15382657385314,0.7499999999999996,818.8353232106906,0.3733330780186943,9.576635429447188
29.15382657385314,0.7499999999999996,818.8353232106906,0.3733330780186943,9.576635429447188
29.15382657385314,0.7499999999999996,818.8353232106906,0.3733330780186943,9.576635429447188
29.15382657385314,0.7499999999999996,818.8353232106906,0.3733330780186943,9.576635429447188
29.15382657385314,0.7499999999999996,818.8353232106906,0.3733330780186943,9.576635429447188
29.15382657385314,0.7499999999999996,818.8353232106906,0.3733330780186943,9.576635429447188
29.15732088821534,0.7499999999999987,817.8049850172472,0.3724885328996949,9.556136816704221
29.15732088821534,0.7499999999999987,817.8049850172472,0.3724885328996949,9.556136816704221
29.37791979542863,0.7500000000000001,812.3125293699945,0.3737502814615664,9.545333564199868
29.37791979542863,0.7500000000000001,812.3125293699945,0.3737502814615664,9.545333564199868
29.37791979542863,0.7500000000000001,812.3125293699945,0.3737502814615664,9.545333564199868
29.37791979542863,0.7500000000000001,812.3125293699945,0.3737502814615664,9.545333564199868
29.37791979542863,0.7500000000000001,812.3125293699945,0.3737502814615664,9.545333564199868
29.37791979542863,0.7500000000000001,812.3125293699945,0.3737502814615664,9.545333564199868
29.37791979542863,0.7500000000000001,812.3125293699945,0.3737502814615664,9.545333564199868
29.37791979542863,0.7500000000000001,812.3125293699945,0.3737502814615664,9.545333564199868
29.064587474493432,0.7499999999999992,824.8633087584001,0.3806493139867307,9.653195365251568
29.064587474493432,0.7499999999999992,824.8633087584001,0.3806493139867307,9.653195365251568
28.924622458451985,0.7499999999999993,818.8088191609007,0.3741151425957822,9.564842526131008
28.924622458451985,0.7499999999999993,818.8088191609007,0.3741151425957822,9.564842526131008
29.15429701290817,0.7499999999999996,821.1896100384912,0.36949731492965754,9.589209465849896
29.15429701290817,0.7499999999999996,821.1896100384912,0.36949731492965754,9.589209465849896
28.68166516097379,0.7499999999999991,831.427810105419,0.3742100572713922,9.564960879499623
28.68166516097379,0.7499999999999991,831.427810105419,0.3742100572713922,9.564960879499623
28.68166516097379,0.7499999999999991,831.427810105419,0.3742100572713922,9.564960879499623
28.68166516097379,0.7499999999999991,831.427810105419,0.3742100572713922,9.564960879499623
28.093881546955327,0.7499999999999994,823.5110158358567,0.37270270981117126,9.490480384331164
28.093881546955327,0.7499999999999994,823.5110158358567,0.37270270981117126,9.490480384331164
28.093881546955327,0.7499999999999994,823.5110158358567,0.37270270981117126,9.490480384331164
28.093881546955327,0.7499999999999994,823.5110158358567,0.37270270981117126,9.490480384331164
28.249340447767064,0.7499999999999993,827.6978277798523,0.3813152158915799,9.533372392299409
28.249340447767064,0.7499999999999993,827.6978277798523,0.3813152158915799,9.533372392299409
28.249340447767064,0.7499999999999993,827.6978277798523,0.3813152158915799,9.533372392299409
28.946478998781018,0.75,815.2302053122012,0.37676585963657966,9.550170949838133
28.946478998781018,0.75,815.2302053122012,0.37676585963657966,9.550170949838133
28.83227437199921,0.7499999999999996,822.8242986707183,0.36876069761548075,9.564490724384182
28.83227437199921,0.7499999999999996,822.8242986707183,0.36876069761548075,9.564490724384182
28.83227437199921,0.7499999999999996,822.8242986707183,0.36876069761548075,9.564490724384182
28.890186393420024,0.7499999999999989,820.0875972206707,0.36749747279945355,9.513007611537706
28.890186393420024,0.7499999999999989,820.0875972206707,0.36749747279945355,9.513007611537706
29.59091376763669,0.7499999999999987,813.1246048795626,0.37161329287956424,9.647912274588027
29.83681619243567,0.749999999999999,814.9761208261699,0.3697281599144422,9.742897628689809
29.892322282570486,0.7499999999999996,812.7208234270704,0.3780044235826111,9.813594990862645
29.171972831759817,0.7499999999999999,815.091913169643,0.3770572229584636,9.762097379577847
29.171972831759817,0.7499999999999999,815.091913169643,0.3770572229584636,9.762097379577847
29.08788893123783,0.7499999999999984,810.6875975614453,0.3677272891952415,9.695659400835092
28.86673660264724,0.7499999999999997,812.2952577707397,0.3795618532951073,9.636907460482172
29.323174261743773,0.7499999999999989,810.2591903976734,0.36886064472920094,9.739585147218488
29.323174261743773,0.7499999999999989,810.2591903976734,0.36886064472920094,9.739585147218488
29.323174261743773,0.7499999999999989,810.2591903976734,0.36886064472920094,9.739585147218488
29.323174261743773,0.7499999999999989,810.2591903976734,0.36886064472920094,9.739585147218488
29.323174261743773,0.7499999999999989,810.2591903976734,0.36886064472920094,9.739585147218488
29.323174261743773,0.7499999999999989,810.2591903976734,0.36886064472920094,9.739585147218488
28.865295178115456,0.7499999999999994,821.4542583278097,0.37452018318691577,9.810512473276097
28.6558011847081,0.7499999999999996,825.7767453950428,0.3808131213346713,9.76444215588442
28.6558011847081,0.7499999999999996,825.7767453950428,0.3808131213346713,9.76444215588442
28.6558011847081,0.7499999999999996,825.7767453950428,0.3808131213346713,9.76444215588442
28.6558011847081,0.7499999999999996,825.7767453950428,0.3808131213346713,9.76444215588442
28.6558011847081,0.7499999999999996,825.7767453950428,0.3808131213346713,9.76444215588442
28.6558011847081,0.7499999999999996,825.7767453950428,0.3808131213346713,9.76444215588442
28.6558011847081,0.7499999999999996,825.7767453950428,0.3808131213346713,9.76444215588442
28.6558011847081,0.7499999999999996,825.7767453950428,0.3808131213346713,9.76444215588442
28.728331418051695,0.749999999999999,816.6028242772488,0.37729487892882363,9.725725442385217
28.189570556129205,0.7499999999999999,818.8831494687868,0.36778127176576103,9.614180582956688
28.189570556129205,0.7499999999999999,818.8831494687868,0.36778127176576103,9.614180582956688
28.189570556129205,0.7499999999999999,818.8831494687868,0.36778127176576103,9.614180582956688
28.189570556129205,0.7499999999999999,818.8831494687868,0.36778127176576103,9.614180582956688
28.189570556129205,0.7499999999999999,818.8831494687868,0.36778127176576103,9.614180582956688
28.436963371123284,0.7500000000000004,814.1037569867156,0.3735768097064587,9.57157169893912
28.436963371123284,0.7500000000000004,814.1037569867156,0.3735768097064587,9.57157169893912
28.731385647689454,0.7499999999999996,807.4641686776249,0.3622409331111402,9.429085229664633
28.731385647689454,0.7499999999999996,807.4641686776249,0.3622409331111402,9.429085229664633
28.896355640053297,0.7499999999999998,811.6522105120199,0.36703375826700013,9.45130320578051
28.930319211170914,0.7499999999999991,815.9637827391035,0.36207557298536636,9.52591772533317
29.36701568187033,0.7499999999999998,805.4514228848425,0.368457634017057,9.610677021493888
29.36701568187033,0.7499999999999998,805.4514228848425,0.368457634017057,9.610677021493888
29.523585298369017,0.7499999999999998,810.842735865076,0.3750133019057737,9.696241749994678
29.523585298369017,0.7499999999999998,810.842735865076,0.3750133019057737,9.696241749994678
29.523585298369017,0.7499999999999998,810.842735865076,0.3750133019057737,9.696241749994678
29.441355978959006,0.749999999999999,822.2617157299851,0.38698687690005934,9.725908042283148
29.441355978959006,0.749999999999999,822.2617157299851,0.38698687690005934,9.725908042283148
29.441355978959006,0.749999999999999,822.2617157299851,0.38698687690005934,9.725908042283148
29.707610846881263,0.7499999999999998,813.3755022968965,0.3775591195700574,9.640068945229961
29.707610846881263,0.7499999999999998,813.3755022968965,0.3775591195700574,9.640068945229961
29.92196919757633,0.7499999999999993,811.2925521909895,0.388121108721579,9.783222999110336
29.662677756265833,0.7499999999999993,817.5962262140598,0.38432915832826936,9.76261717372887
30.190541439562274,0.7499999999999997,814.3099085360203,0.37943622448533265,9.714026177283657
30.190541439562274,0.7499999999999997,814.3099085360203,0.37943622448533265,9.714026177283657
30.190541439562274,0.7499999999999997,814.3099085360203,0.37943622448533265,9.714026177283657
30.210730023987,0.7499999999999994,813.7397787356203,0.3823483019044018,9.728414403363029
30.55061507629746,0.7499999999999998,805.717934899415,0.3737699882375622,9.645685436250508
29.7078964093953,0.7499999999999993,822.6329869607798,0.37816818609175634,9.732795304086654
29.471148122166966,0.7499999999999993,825.8701673334119,0.39343342361103534,9.763686632139516
29.970295422143053,0.749999999999999,815.9333730876427,0.3965744084839835,9.811247061645213
29.940507577801004,0.7499999999999993,806.9556297644565,0.3952412984207652,9.824211649070687
29.73570469306173,0.7499999999999997,806.7998576754296,0.3890459911402693,9.822531048017254
29.73570469306173,0.7499999999999997,806.7998576754296,0.3890459911402693,9.822531048017254
29.702142322647664,0.7499999999999986,815.6781868429464,0.3977248738812355,9.988282073664319
29.702142322647664,0.7499999999999986,815.6781868429464,0.3977248738812355,9.988282073664319
30.433848311452586,0.7499999999999986,808.6492256968189,0.4048016284973807,9.9244786392776
29.78244656089677,0.7499999999999998,811.8917326449067,0.39765316998187256,9.940043645431933
29.78244656089677,0.7499999999999998,811.8917326449067,0.39765316998187256,9.940043645431933
29.78244656089677,0.7499999999999998,811.8917326449067,0.39765316998187256,9.940043645431933
29.479522650371774,0.7499999999999992,810.1855300559043,0.3970481361535277,9.91756726069032
29.479522650371774,0.7499999999999992,810.1855300559043,0.3970481361535277,9.91756726069032
28.901544726357624,0.7499999999999993,817.2083934996261,0.401194143142615,9.941752118392168
28.901544726357624,0.7499999999999993,817.2083934996261,0.401194143142615,9.941752118392168
28.901544726357624,0.7499999999999993,817.2083934996261,0.401194143142615,9.941752118392168
28.901544726357624,0.7499999999999993,817.2083934996261,0.401194143142615,9.941752118392168
28.901544726357624,0.7499999999999993,817.2083934996261,0.401194143142615,9.941752118392168
28.901544726357624,0.7499999999999993,817.2083934996261,0.401194143142615,9.941752118392168
28.901544726357624,0.7499999999999993,817.2083934996261,0.401194143142615,9.941752118392168
28.901544726357624,0.7499999999999993,817.2083934996261,0.401194143142615,9.941752118392168
28.901544726357624,0.7499999999999993,817.2083934996261,0.401194143142615,9.941752118392168
28.901544726357624,0.7499999999999993,817.2083934996261,0.401194143142615,9.941752118392168
29.162340673509924,0.7499999999999993,817.2776211326823,0.4074129458903033,10.010347308650719
29.162340673509924,0.7499999999999993,817.2776211326823,0.4074129458903033,10.010347308650719
29.40721890050798,0.749999999999999,813.9567507775762,0.41574459139114184,10.011224182118635
29.40721890050798,0.749999999999999,813.9567507775762,0.41574459139114184,10.011224182118635
29.40721890050798,0.749999999999999,813.9567507775762,0.41574459139114184,10.011224182118635
29.40721890050798,0.749999999999999,813.9567507775762,0.41574459139114184,10.011224182118635
29.40721890050798,0.749999999999999,813.9567507775762,0.41574459139114184,10.011224182118635
29.40721890050798,0.749999999999999,813.9567507775762,0.41574459139114184,10.011224182118635
29.27079761793286,0.7499999999999992,810.1532964487802,0.40966599985579527,9.919234498355653
29.27079761793286,0.7499999999999992,810.1532964487802,0.40966599985579527,9.919234498355653
29.27079761793286,0.7499999999999992,810.1532964487802,0.40966599985579527,9.919234498355653
29.27079761793286,0.7499999999999992,810.1532964487802,0.40966599985579527,9.919234498355653
29.4171946616626,0.7499999999999991,808.4750243598546,0.41091599518393707,9.930256002485375
29.4171946616626,0.7499999999999991,808.4750243598546,0.41091599518393707,9.930256002485375
29.4171946616626,0.7499999999999991,808.4750243598546,0.41091599518393707,9.930256002485375
28.70878161032699,0.7499999999999996,817.2806532925862,0.4014630649223905,9.902790713452962
28.70878161032699,0.7499999999999996,817.2806532925862,0.4014630649223905,9.902790713452962
28.70878161032699,0.7499999999999996,817.2806532925862,0.4014630649223905,9.902790713452962
29.410615210520554,0.7499999999999999,805.9513389747381,0.39301720592075845,9.923895138077722
28.993349721304334,0.7499999999999996,814.0540913021832,0.38599765438484696,9.91027038937192
28.79030415115577,0.7499999999999993,810.5863286305183,0.3834205559610232,9.897248818310853
28.79030415115577,0.7499999999999993,810.5863286305183,0.3834205559610232,9.897248818310853
28.79030415115577,0.7499999999999993,810.5863286305183,0.3834205559610232,9.897248818310853
28.735883399660803,0.7499999999999987,808.0921148569086,0.37107434023588404,9.852303700797174
28.735883399660803,0.7499999999999987,808.0921148569086,0.37107434023588404,9.852303700797174
28.51659146395808,0.7499999999999998,813.2735897542825,0.379232452046307,9.928042473416047
28.294122055152084,0.75,820.4716756595985,0.38980317669782366,9.92481758479868
28.294122055152084,0.75,820.4716756595985,0.38980317669782366,9.92481758479868
28.294122055152084,0.75,820.4716756595985,0.38980317669782366,9.92481758479868
28.294122055152084,0.75,820.4716756595985,0.38980317669782366,9.92481758479868
28.294122055152084,0.75,820.4716756595985,0.38980317669782366,9.92481758479868
28.294122055152084,0.75,820.4716756595985,0.38980317669782366,9.92481758479868
28.84506784964271,0.7499999999999992,812.2228823321639,0.3952713298892011,9.896663522847742
28.84506784964271,0.7499999999999992,812.2228823321639,0.3952713298892011,9.896663522847742
28.84506784964271,0.7499999999999992,812.2228823321639,0.3952713298892011,9.896663522847742
28.84506784964271,0.7499999999999992,812.2228823321639,0.3952713298892011,9.896663522847742
29.435902824402508,0.7499999999999992,815.596417793109,0.41576726171913697,9.993485053165804
29.355530118544948,0.7499999999999988,815.1262327314672,0.42307493620055114,10.017628605988458
29.355530118544948,0.7499999999999988,815.1262327314672,0.42307493620055114,10.017628605988458
29.355530118544948,0.7499999999999988,815.1262327314672,0.42307493620055114,10.017628605988458
29.355530118544948,0.7499999999999988,815.1262327314672,0.42307493620055114,10.017628605988458
28.849714413446648,0.7499999999999996,834.4966685573667,0.4287524101551686,9.997093134049745
28.849714413446648,0.7499999999999996,834.4966685573667,0.4287524101551686,9.997093134049745
28.849714413446648,0.7499999999999996,834.4966685573667,0.4287524101551686,9.997093134049745
28.849714413446648,0.7499999999999996,834.4966685573667,0.4287524101551686,9.997093134049745
29.324326882101964,0.7499999999999991,816.781010192597,0.4235316710065695,9.939413008477235
29.324326882101964,0.7499999999999991,816.781010192597,0.4235316710065695,9.939413008477235
29.324326882101964,0.7499999999999991,816.781010192597,0.4235316710065695,9.939413008477235
29.259994848372592,0.7499999999999982,821.2016710443036,0.4095435827493959,9.934047656146793
29.259994848372592,0.7499999999999982,821.2016710443036,0.4095435827493959,9.934047656146793
29.259994848372592,0.7499999999999982,821.2016710443036,0.4095435827493959,9.934047656146793
29.682154611730905,0.7500000000000007,810.7310226266409,0.4032745637392524,9.92406084731067
29.682154611730905,0.7500000000000007,810.7310226266409,0.4032745637392524,9.92406084731067
29.835288293162947,0.7499999999999997,813.2004250871997,0.41314568322320416,9.989109613760727
29.835288293162947,0.7499999999999997,813.2004250871997,0.41314568322320416,9.989109613760727
29.64917218750567,0.7499999999999992,812.7580754998254,0.4009568405877327,9.885898200987768
29.64917218750567,0.7499999999999992,812.7580754998254,0.4009568405877327,9.885898200987768
29.42146335031837,0.7499999999999998,809.0585019257131,0.38996620577611646,9.780252005089196
29.507428579832563,0.7499999999999999,811.5539744520395,0.3903915947856178,9.778573168767844
29.5789923079441,0.7499999999999987,808.2003105719556,0.4056800391742756,9.75117392868314
29.5789923079441,0.7499999999999987,808.2003105719556,0.4056800391742756,9.75117392868314
29.5789923079441,0.7499999999999987,808.2003105719556,0.4056800391742756,9.75117392868314
29.016414869780515,0.7499999999999994,822.1101396535128,0.3951307063390108,9.680050519807438
29.016414869780515,0.7499999999999994,822.1101396535128,0.3951307063390108,9.680050519807438
29.016414869780515,0.7499999999999994,822.1101396535128,0.3951307063390108,9.680050519807438
29.016414869780515,0.7499999999999994,822.1101396535128,0.3951307063390108,9.680050519807438
28.988532829738585,0.7499999999999978,815.1063830403901,0.37011813880192124,9.566067643355534
28.988532829738585,0.7499999999999978,815.1063830403901,0.37011813880192124,9.566067643355534
28.49887003772604,0.7499999999999987,833.711410350893,0.3764657688226979,9.594193698931605
28.49887003772604,0.7499999999999987,833.711410350893,0.3764657688226979,9.594193698931605
28.49887003772604,0.7499999999999987,833.711410350893,0.3764657688226979,9.594193698931605
28.49887003772604,0.7499999999999987,833.711410350893,0.3764657688226979,9.594193698931605
28.49887003772604,0.7499999999999987,833.711410350893,0.3764657688226979,9.594193698931605
28.49887003772604,0.7499999999999987,833.711410350893,0.3764657688226979,9.594193698931605
28.49887003772604,0.7499999999999987,833.711410350893,0.3764657688226979,9.594193698931605
28.49887003772604,0.7499999999999987,833.711410350893,0.3764657688226979,9.594193698931605
28.49887003772604,0.7499999999999987,833.711410350893,0.3764657688226979,9.594193698931605
29.07775477076952,0.7499999999999989,812.4296596340793,0.36973135989492345,9.52408185039269
28.894113492820377,0.7499999999999993,813.8623187212951,0.36097150653640503,9.381636410499363
28.894113492820377,0.7499999999999993,813.8623187212951,0.36097150653640503,9.381636410499363
28.894113492820377,0.7499999999999993,813.8623187212951,0.36097150653640503,9.381636410499363
28.767897560968223,0.7499999999999989,811.6588694151826,0.35119633646803083,9.338479696447658
28.767897560968223,0.7499999999999989,811.6588694151826,0.35119633646803083,9.338479696447658
28.767897560968223,0.7499999999999989,811.6588694151826,0.35119633646803083,9.338479696447658
28.767897560968223,0.7499999999999989,811.6588694151826,0.35119633646803083,9.338479696447658
28.767897560968223,0.7499999999999989,811.6588694151826,0.35119633646803083,9.338479696447658
29.478389919193717,0.7499999999999979,802.3714835100438,0.3454820987942124,9.388065742507905
29.478389919193717,0.7499999999999979,802.3714835100438,0.3454820987942124,9.388065742507905
29.478389919193717,0.7499999999999979,802.3714835100438,0.3454820987942124,9.388065742507905
29.478389919193717,0.7499999999999979,802.3714835100438,0.3454820987942124,9.388065742507905
29.478389919193717,0.7499999999999979,802.3714835100438,0.3454820987942124,9.388065742507905
29.478389919193717,0.7499999999999979,802.3714835100438,0.3454820987942124,9.388065742507905
29.40483128729283,0.7499999999999987,803.977834610921,0.3448482772900509,9.476595976341617
29.221448371935427,0.749999999999999,812.3410789991881,0.36111101183821226,9.599160497576516
29.221448371935427,0.749999999999999,812.3410789991881,0.36111101183821226,9.599160497576516
29.211648469796817,0.7499999999999986,803.2594470553194,0.359007508642986,9.574450119198431
29.211648469796817,0.7499999999999986,803.2594470553194,0.359007508642986,9.574450119198431
29.211648469796817,0.7499999999999986,803.2594470553194,0.359007508642986,9.574450119198431
29.211648469796817,0.7499999999999986,803.2594470553194,0.359007508642986,9.574450119198431
29.211648469796817,0.7499999999999986,803.2594470553194,0.359007508642986,9.574450119198431
29.211648469796817,0.7499999999999986,803.2594470553194,0.359007508642986,9.574450119198431
29.211648469796817,0.7499999999999986,803.2594470553194,0.359007508642986,9.574450119198431
29.535445896956976,0.7500000000000004,800.1465583588673,0.36199480003441,9.57585736201313
29.535445896956976,0.7500000000000004,800.1465583588673,0.36199480003441,9.57585736201313
29.535445896956976,0.7500000000000004,800.1465583588673,0.36199480003441,9.57585736201313
29.535445896956976,0.7500000000000004,800.1465583588673,0.36199480003441,9.57585736201313
30.063153889792318,0.749999999999999,793.920996947624,0.3624269276395736,9.626031618561502
29.27536712501353,0.7499999999999999,799.3703084027128,0.37076059588914834,9.58793526320645
28.872152412021208,0.7499999999999996,807.6800621364862,0.3660407427057997,9.61037089114527
28.872152412021208,0.7499999999999996,807.6800621364862,0.3660407427057997,9.61037089114527
28.872152412021208,0.7499999999999996,807.6800621364862,0.3660407427057997,9.61037089114527
28.872152412021208,0.7499999999999996,807.6800621364862,0.3660407427057997,9.61037089114527
29.2985996237723,0.749999999999999,800.9331122240561,0.3771761865990935,9.654526294261169
29.571088752967857,0.7499999999999989,804.078596735415,0.37806849347370663,9.652027633764567
29.20239373584582,0.7499999999999992,806.5713502532003,0.37190797608516574,9.605534607500678
29.20239373584582,0.7499999999999992,806.5713502532003,0.37190797608516574,9.605534607500678
30.154280037384943,0.7499999999999993,801.495896021226,0.363025757885998,9.604618784739383
30.154280037384943,0.7499999999999993,801.495896021226,0.363025757885998,9.604618784739383
29.92089701421167,0.7499999999999987,803.7919277390663,0.3682785186217977,9.684117381869864
29.70183025807683,0.7499999999999996,801.9245422896001,0.35917984582494056,9.60922468368933
29.07044399625024,0.7499999999999993,807.9348863210608,0.3586591137927475,9.540415912955677
29.276534608254856,0.7499999999999997,807.4133966986122,0.35552812834506675,9.571494374195648
29.355733452082376,0.749999999999999,809.772942332436,0.3468255114517634,9.57374353032824
29.668374816941526,0.7499999999999993,802.7427187064625,0.3385639067890579,9.592113058859507
29.529281669631953,0.7499999999999999,819.975959182352,0.3514451692616496,9.777710145671401
29.529281669631953,0.7499999999999999,819.975959182352,0.3514451692616496,9.777710145671401
29.756202038938895,0.7499999999999998,826.3032342439843,0.3622784897518839,9.863911819962098
30.078131538880434,0.7499999999999991,814.8314865186444,0.3596111601308707,9.692440840156564
30.078131538880434,0.7499999999999991,814.8314865186444,0.3596111601308707,9.692440840156564
30.006295461820706,0.7499999999999984,810.5334375983995,0.3555990475726756,9.703532120221137
30.006295461820706,0.7499999999999984,810.5334375983995,0.3555990475726756,9.703532120221137
29.46516738144255,0.7499999999999992,811.7632307011594,0.35881408257719605,9.580550997553905
29.46516738144255,0.7499999999999992,811.7632307011594,0.35881408257719605,9.580550997553905
29.46516738144255,0.7499999999999992,811.7632307011594,0.35881408257719605,9.580550997553905
29.46516738144255,0.7499999999999992,811.7632307011594,0.35881408257719605,9.580550997553905
29.46516738144255,0.7499999999999992,811.7632307011594,0.35881408257719605,9.580550997553905
29.501398390965022,0.7499999999999993,814.02866302452,0.3702996088739584,9.611873550450644
29.873661427590694,0.7499999999999996,805.6242018617766,0.3685928294401026,9.555891704016094
29.873661427590694,0.7499999999999996,805.6242018617766,0.3685928294401026,9.555891704016094
29.873661427590694,0.7499999999999996,805.6242018617766,0.3685928294401026,9.555891704016094
29.873661427590694,0.7499999999999996,805.6242018617766,0.3685928294401026,9.555891704016094
29.873661427590694,0.7499999999999996,805.6242018617766,0.3685928294401026,9.555891704016094
29.670095402845117,0.7499999999999994,803.6529661895962,0.3614135583962941,9.557381370005078
29.15938070200853,0.7499999999999994,804.9779665011581,0.3658239519238382,9.564715008241413
29.15938070200853,0.7499999999999994,804.9779665011581,0.3658239519238382,9.564715008241413
29.15938070200853,0.7499999999999994,804.9779665011581,0.3658239519238382,9.564715008241413
29.15938070200853,0.7499999999999994,804.9779665011581,0.3658239519238382,9.564715008241413
29.15938070200853,0.7499999999999994,804.9779665011581,0.3658239519238382,9.564715008241413
28.87960648276446,0.7499999999999992,811.211980202584,0.37856331355512896,9.557733053183465
28.87960648276446,0.7499999999999992,811.211980202584,0.37856331355512896,9.557733053183465
28.87960648276446,0.7499999999999992,811.211980202584,0.37856331355512896,9.557733053183465
28.87960648276446,0.7499999999999992,811.211980202584,0.37856331355512896,9.557733053183465
28.901334854692262,0.7499999999999989,812.3105150372687,0.3771429168204108,9.704386327211799
28.901334854692262,0.7499999999999989,812.3105150372687,0.3771429168204108,9.704386327211799
28.901334854692262,0.7499999999999989,812.3105150372687,0.3771429168204108,9.704386327211799
28.901334854692262,0.7499999999999989,812.3105150372687,0.3771429168204108,9.704386327211799
29.166244779390567,0.7499999999999994,809.7227284210487,0.39181133045129907,9.735515502097792
29.166244779390567,0.7499999999999994,809.7227284210487,0.39181133045129907,9.735515502097792
29.166244779390567,0.7499999999999994,809.7227284210487,0.39181133045129907,9.735515502097792
29.134990784152453,0.7499999999999993,818.2435958176172,0.3904459233999257,9.737885721039309
29.56150866433039,0.7499999999999997,811.111124304076,0.40049213408889994,9.785979327896566
29.56150866433039,0.7499999999999997,811.111124304076,0.40049213408889994,9.785979327896566
29.511175634455615,0.7499999999999992,808.4487167760905,0.4147314452759121,9.888427559525862
29.511175634455615,0.7499999999999992,808.4487167760905,0.4147314452759121,9.888427559525862
29.511175634455615,0.7499999999999992,808.4487167760905,0.4147314452759121,9.888427559525862
29.723247845606995,0.7499999999999991,812.743091309638,0.42114732301004604,9.926537097354924
29.723247845606995,0.7499999999999991,812.743091309638,0.42114732301004604,9.926537097354924
29.720487770323253,0.7499999999999993,814.601330588809,0.42324429890871496,9.967133761180103
29.65651110039178,0.7499999999999989,819.0026859995774,0.4286834877222642,9.906911280178765
29.65651110039178,0.7499999999999989,819.0026859995774,0.4286834877222642,9.906911280178765
30.080265335880096,0.7499999999999984,817.1158261793578,0.4360749546632543,9.838870243674034
30.080265335880096,0.7499999999999984,817.1158261793578,0.4360749546632543,9.838870243674034
30.080265335880096,0.7499999999999984,817.1158261793578,0.4360749546632543,9.838870243674034
30.345686081897885,0.7499999999999983,812.2406818890557,0.4377736523240622,9.93997593069428
30.345686081897885,0.7499999999999983,812.2406818890557,0.4377736523240622,9.93997593069428
30.203137204059534,0.7499999999999998,807.0521423197808,0.4311333990798297,9.907964299821222
30.203137204059534,0.7499999999999998,807.0521423197808,0.4311333990798297,9.907964299821222
30.62300743728491,0.7499999999999984,810.5649656927708,0.43096811339234986,10.0815872690583
30.710537687770064,0.7500000000000001,820.1597474067296,0.4427934404253331,10.190666893456271
30.542764780690664,0.7499999999999989,816.7253967822826,0.4431658873541791,10.169589651034874
30.408118387944977,0.7499999999999992,814.9966464304089,0.4347961040900058,10.03623219363646
31.07267721744118,0.7499999999999998,816.7626194271623,0.43560427707606664,10.002504610589174
31.07267721744118,0.7499999999999998,816.7626194271623,0.43560427707606664,10.002504610589174
31.058356174627875,0.7499999999999992,809.8738522542244,0.432006235857385,9.851093419970505
30.26478383327906,0.7499999999999982,819.411152318582,0.4183802412921754,9.711285203110444
30.26478383327906,0.7499999999999982,819.411152318582,0.4183802412921754,9.711285203110444
30.26478383327906,0.7499999999999982,819.411152318582,0.4183802412921754,9.711285203110444
30.26478383327906,0.7499999999999982,819.411152318582,0.4183802412921754,9.711285203110444
30.89252299994516,0.7499999999999999,805.1597908860186,0.4186289864845087,9.833431621322479
30.908387357570877,0.7499999999999996,800.5017719279567,0.4162025778746987,9.750848590851945
30.96631426982796,0.7499999999999993,797.6046321004928,0.41983687506799783,9.699909483018567
30.96631426982796,0.7499999999999993,797.6046321004928,0.41983687506799783,9.699909483018567
30.96631426982796,0.7499999999999993,797.6046321004928,0.41983687506799783,9.699909483018567
30.266434540857357,0.7499999999999989,808.0406279234375,0.42272838260468726,9.685921023633387
30.266434540857357,0.7499999999999989,808.0406279234375,0.42272838260468726,9.685921023633387
30.266434540857357,0.7499999999999989,808.0406279234375,0.42272838260468726,9.685921023633387
30.266434540857357,0.7499999999999989,808.0406279234375,0.42272838260468726,9.685921023633387
30.113137693629422,0.7499999999999989,803.6678203175613,0.4224349591512003,9.657451585791941
30.65470988288035,0.7499999999999991,799.9438770291753,0.43021272870534755,9.688035725199077
30.97997514524493,0.7499999999999991,798.581678156666,0.4298322499002468,9.745676750839502
30.97997514524493,0.7499999999999991,798.581678156666,0.4298322499002468,9.745676750839502
30.97997514524493,0.7499999999999991,798.581678156666,0.4298322499002468,9.745676750839502
30.623140136678607,0.7499999999999992,810.2359632193692,0.43419019623579064,9.810283224940633
30.623140136678607,0.7499999999999992,810.2359632193692,0.43419019623579064,9.810283224940633
30.283040934218057,0.7499999999999996,806.3494268672931,0.4257218775486885,9.783300612733061
30.283040934218057,0.7499999999999996,806.3494268672931,0.4257218775486885,9.783300612733061
30.440475483009976,0.7499999999999988,805.7535545115998,0.4215938553819032,9.744310095613798
30.42477600700869,0.7499999999999982,806.1715929359676,0.42634443423400825,9.774061375697443
30.42477600700869,0.7499999999999982,806.1715929359676,0.42634443423400825,9.774061375697443
30.42477600700869,0.7499999999999982,806.1715929359676,0.42634443423400825,9.774061375697443
30.570584073260967,0.7499999999999984,808.2468000631629,0.4307911816721268,9.752928792017872
30.49344831705815,0.7499999999999986,812.6999469517611,0.4325648794076207,9.668232734729665
30.49344831705815,0.7499999999999986,812.6999469517611,0.4325648794076207,9.668232734729665
30.08598169715632,0.7499999999999998,810.5275571606609,0.4357950311407296,9.651622037990057
29.93148686277031,0.7499999999999991,813.5827638794904,0.44293472935771866,9.67575428554736
30.536720718310796,0.7499999999999987,809.273506744495,0.45621764075399324,9.713997590959801
30.272401378981208,0.7499999999999996,812.0649305743251,0.4516944522507045,9.725707984146675
30.272401378981208,0.7499999999999996,812.0649305743251,0.4516944522507045,9.725707984146675
29.46216742088678,0.7499999999999994,827.4123113475632,0.4507589062305793,9.640975444645349
30.287385481413665,0.75,815.3369567941506,0.4536341459401614,9.707041730666452
30.287385481413665,0.75,815.3369567941506,0.4536341459401614,9.707041730666452
30.837460179226948,0.7499999999999984,810.0923735144047,0.4561565649901621,9.73076789735641
30.505963272243914,0.75,809.5963055866331,0.460059965726951,9.705450153039147
30.2407437386216,0.749999999999999,818.6301354579546,0.46717068177768967,9.730608416625477
30.2407437386216,0.749999999999999,818.6301354579546,0.46717068177768967,9.730608416625477
29.8291773041663,0.7499999999999993,817.4494049178004,0.4475722061431364,9.652240623083216
29.961014136943838,0.7499999999999997,823.2400357170521,0.4380878111257704,9.540310686663588
29.961014136943838,0.7499999999999997,823.2400357170521,0.4380878111257704,9.540310686663588
29.961014136943838,0.7499999999999997,823.2400357170521,0.4380878111257704,9.540310686663588
29.961014136943838,0.7499999999999997,823.2400357170521,0.4380878111257704,9.540310686663588
29.961014136943838,0.7499999999999997,823.2400357170521,0.4380878111257704,9.540310686663588
29.961014136943838,0.7499999999999997,823.2400357170521,0.4380878111257704,9.540310686663588
29.961014136943838,0.7499999999999997,823.2400357170521,0.4380878111257704,9.540310686663588
29.961014136943838,0.7499999999999997,823.2400357170521,0.4380878111257704,9.540310686663588
29.961014136943838,0.7499999999999997,823.2400357170521,0.4380878111257704,9.540310686663588
29.961014136943838,0.7499999999999997,823.2400357170521,0.4380878111257704,9.540310686663588
30.08647140081095,0.7499999999999993,815.2231583954566,0.4317737715585841,9.587357152266595
30.08647140081095,0.7499999999999993,815.2231583954566,0.4317737715585841,9.587357152266595
30.002430399467634,0.7499999999999996,823.8735315099523,0.43935787248251773,9.575854373586887
30.002430399467634,0.7499999999999996,823.8735315099523,0.43935787248251773,9.575854373586887
29.507320347746404,0.7499999999999986,831.029037336335,0.44323024884259515,9.58800765427605
30.370204903517745,0.7499999999999977,812.5671030848426,0.4328768717480609,9.566453694260085
30.49540415377859,0.7499999999999994,813.1108437102538,0.44198437887666864,9.648099905968923
30.49540415377859,0.7499999999999994,813.1108437102538,0.44198437887666864,9.648099905968923
30.49540415377859,0.7499999999999994,813.1108437102538,0.44198437887666864,9.648099905968923
30.95482541653503,0.749999999999999,808.9785493290749,0.4257336084291699,9.573877616990401
30.95482541653503,0.749999999999999,808.9785493290749,0.4257336084291699,9.573877616990401
30.37549944894118,0.7499999999999998,818.793436953601,0.4172097680343295,9.587258939781131
30.37549944894118,0.7499999999999998,818.793436953601,0.4172097680343295,9.587258939781131
30.37549944894118,0.7499999999999998,818.793436953601,0.4172097680343295,9.587258939781131
30.37549944894118,0.7499999999999998,818.793436953601,0.4172097680343295,9.587258939781131
30.97289852529526,0.7499999999999997,806.0650427216325,0.420976388401173,9.761367682676772
30.861386019422703,0.7499999999999994,810.1266967010498,0.41139733156784464,9.769049818451597
30.861386019422703,0.7499999999999994,810.1266967010498,0.41139733156784464,9.769049818451597
30.861386019422703,0.7499999999999994,810.1266967010498,0.41139733156784464,9.769049818451597
30.882183354670726,0.7499999999999994,806.7129417574245,0.40760855796423173,9.797667147442032
30.882183354670726,0.7499999999999994,806.7129417574245,0.40760855796423173,9.797667147442032
30.84908159235105,0.7499999999999997,818.4637490732853,0.41041721058390845,9.883505854021749
30.84908159235105,0.7499999999999997,818.4637490732853,0.41041721058390845,9.883505854021749
30.55580987119936,0.7499999999999998,801.8070968620681,0.39616493485068577,9.795106201086123
30.586330501971492,0.749999999999999,812.3800411744423,0.40494244054230627,9.869666837227522
30.586330501971492,0.749999999999999,812.3800411744423,0.40494244054230627,9.869666837227522
30.586330501971492,0.749999999999999,812.3800411744423,0.40494244054230627,9.869666837227522
30.586330501971492,0.749999999999999,812.3800411744423,0.40494244054230627,9.869666837227522
30.586330501971492,0.749999999999999,812.3800411744423,0.40494244054230627,9.869666837227522
30.36700897252461,0.7499999999999992,812.1313246711578,0.3985149038368585,9.791398590962412
30.36700897252461,0.7499999999999992,812.1313246711578,0.3985149038368585,9.791398590962412
30.200128347315225,0.7499999999999993,808.2780174819037,0.3820754302527498,9.662069419793568
30.124211569497902,0.7499999999999984,809.9967641010746,0.37670690219117126,9.61754004518977
30.124211569497902,0.7499999999999984,809.9967641010746,0.37670690219117126,9.61754004518977
30.06520775402322,0.7499999999999996,806.0254955478673,0.38082616749331516,9.603161554463986
30.198460358806987,0.7499999999999997,796.2587500811103,0.35838305217271504,9.477834856579795
30.345610691455008,0.7499999999999996,796.2674427711095,0.3535811690096194,9.429114729320542
30.345610691455008,0.7499999999999996,796.2674427711095,0.3535811690096194,9.429114729320542
29.78905202011079,0.749999999999999,805.2390836396406,0.3459442878817641,9.35435078556572
29.78905202011079,0.749999999999999,805.2390836396406,0.3459442878817641,9.35435078556572
29.979196953490064,0.7499999999999998,804.7582865210692,0.3481628245889882,9.415832093174808
29.305110933671916,0.7499999999999997,803.3801302569407,0.34468501177111954,9.46174759141437
29.305110933671916,0.7499999999999997,803.3801302569407,0.34468501177111954,9.46174759141437
29.305110933671916,0.7499999999999997,803.3801302569407,0.34468501177111954,9.46174759141437
29.305110933671916,0.7499999999999997,803.3801302569407,0.34468501177111954,9.46174759141437
29.305110933671916,0.7499999999999997,803.3801302569407,0.34468501177111954,9.46174759141437
28.7524816808192,0.7499999999999998,809.4732801788218,0.34309966714115,9.47963348678366
28.7524816808192,0.7499999999999998,809.4732801788218,0.34309966714115,9.47963348678366
28.7524816808192,0.7499999999999998,809.4732801788218,0.34309966714115,9.47963348678366
28.7524816808192,0.7499999999999998,809.4732801788218,0.34309966714115,9.47963348678366
28.7524816808192,0.7499999999999998,809.4732801788218,0.34309966714115,9.47963348678366
28.7524816808192,0.7499999999999998,809.4732801788218,0.34309966714115,9.47963348678366
28.7524816808192,0.7499999999999998,809.4732801788218,0.34309966714115,9.47963348678366
28.7524816808192,0.7499999999999998,809.4732801788218,0.34309966714115,9.47963348678366
28.7524816808192,0.7499999999999998,809.4732801788218,0.34309966714115,9.47963348678366
28.7524816808192,0.7499999999999998,809.4732801788218,0.34309966714115,9.47963348678366
28.7524816808192,0.7499999999999998,809.4732801788218,0.34309966714115,9.47963348678366
28.75226474534688,0.7499999999999992,801.2274021904293,0.33704958982724254,9.425286023545354
28.75226474534688,0.7499999999999992,801.2274021904293,0.33704958982724254,9.425286023545354
29.085409998704577,0.7499999999999997,800.1160846918053,0.3414767113955181,9.424099732619094
29.08188984012169,0.7499999999999996,804.5139627739094,0.34375424445426334,9.482075180429248
29.08188984012169,0.7499999999999996,804.5139627739094,0.34375424445426334,9.482075180429248
29.08188984012169,0.7499999999999996,804.5139627739094,0.34375424445426334,9.482075180429248
29.23005259565558,0.7499999999999998,808.3997961541003,0.36126201788480017,9.560392349156993
29.554557880404133,0.7499999999999996,798.795473788809,0.36086766374226303,9.575293453074579
29.364034188369626,0.7499999999999979,811.077022494226,0.3760359015406407,9.60917936825389
29.364034188369626,0.7499999999999979,811.077022494226,0.3760359015406407,9.60917936825389
29.51494305600419,0.7499999999999996,811.88789464625,0.38277808346044473,9.637898550542127
29.51494305600419,0.7499999999999996,811.88789464625,0.38277808346044473,9.637898550542127
29.51494305600419,0.7499999999999996,811.88789464625,0.38277808346044473,9.637898550542127
29.51494305600419,0.7499999999999996,811.88789464625,0.38277808346044473,9.637898550542127
29.51494305600419,0.7499999999999996,811.88789464625,0.38277808346044473,9.637898550542127
29.51494305600419,0.7499999999999996,811.88789464625,0.38277808346044473,9.637898550542127
29.654698410187446,0.7499999999999998,819.284983008726,0.3927633553623225,9.63320661002771
29.654698410187446,0.7499999999999998,819.284983008726,0.3927633553623225,9.63320661002771
29.81454218321554,0.7499999999999996,816.4973517620497,0.39218137020819444,9.655642864286255
29.198698423469274,0.7499999999999996,826.855080407543,0.4017824069058304,9.739033679216462
29.198698423469274,0.7499999999999996,826.855080407543,0.4017824069058304,9.739033679216462
29.072717983770417,0.7500000000000001,828.8039645785966,0.411722960188757,9.749834042978364
29.072717983770417,0.7500000000000001,828.8039645785966,0.411722960188757,9.749834042978364
29.072717983770417,0.7500000000000001,828.8039645785966,0.411722960188757,9.749834042978364
29.261885621679472,0.7499999999999991,821.9007418592441,0.404681632966041,9.636484866824805
29.243725636215185,0.7499999999999991,815.7394724114781,0.4030818630054064,9.56933409749703
29.243725636215185,0.7499999999999991,815.7394724114781,0.4030818630054064,9.56933409749703
29.243725636215185,0.7499999999999991,815.7394724114781,0.4030818630054064,9.56933409749703
28.943351922791493,0.7499999999999998,821.9859072315397,0.3912264955903743,9.50804679558387
28.67040086207879,0.7500000000000002,817.3423062011476,0.36578599717798627,9.456622800387688
28.67040086207879,0.7500000000000002,817.3423062011476,0.36578599717798627,9.456622800387688
28.67040086207879,0.7500000000000002,817.3423062011476,0.36578599717798627,9.456622800387688
28.67040086207879,0.7500000000000002,817.3423062011476,0.36578599717798627,9.456622800387688
28.67040086207879,0.7500000000000002,817.3423062011476,0.36578599717798627,9.456622800387688
28.67040086207879,0.7500000000000002,817.3423062011476,0.36578599717798627,9.456622800387688
29.426949188745105,0.7499999999999997,817.1191977042238,0.3615811091570054,9.477459991145773
29.426949188745105,0.7499999999999997,817.1191977042238,0.3615811091570054,9.477459991145773
29.426949188745105,0.7499999999999997,817.1191977042238,0.3615811091570054,9.477459991145773
29.426949188745105,0.7499999999999997,817.1191977042238,0.3615811091570054,9.477459991145773
29.426949188745105,0.7499999999999997,817.1191977042238,0.3615811091570054,9.477459991145773
29.426949188745105,0.7499999999999997,817.1191977042238,0.3615811091570054,9.477459991145773
29.426949188745105,0.7499999999999997,817.1191977042238,0.3615811091570054,9.477459991145773
29.426949188745105,0.7499999999999997,817.1191977042238,0.3615811091570054,9.477459991145773
29.426949188745105,0.7499999999999997,817.1191977042238,0.3615811091570054,9.477459991145773
29.330071161411883,0.749999999999999,821.4573167769947,0.34900194425516823,9.500228824244033
29.330071161411883,0.749999999999999,821.4573167769947,0.34900194425516823,9.500228824244033
29.330071161411883,0.749999999999999,821.4573167769947,0.34900194425516823,9.500228824244033
29.83690817837804,0.7499999999999991,819.624303103254,0.34072862816430416,9.479200580570966
29.83690817837804,0.7499999999999991,819.624303103254,0.34072862816430416,9.479200580570966
29.970289746977897,0.7499999999999992,817.3686539330038,0.33514901506069944,9.531841657436448
29.740454405944202,0.7499999999999994,816.2580405917967,0.3216170833719888,9.380373802820476
29.740454405944202,0.7499999999999994,816.2580405917967,0.3216170833719888,9.380373802820476
29.740454405944202,0.7499999999999994,816.2580405917967,0.3216170833719888,9.380373802820476
29.740454405944202,0.7499999999999994,816.2580405917967,0.3216170833719888,9.380373802820476
29.605178230154547,0.7499999999999992,804.927127978404,0.31333467406344145,9.304109973016727
29.75286504608873,0.7499999999999996,804.7702818482032,0.3160407643361151,9.39414484468241
29.503766977394523,0.7499999999999997,803.7152719934089,0.3219469263402944,9.458125331909548
29.697406721267935,0.749999999999999,809.546031110103,0.330010010133813,9.52441673744542
29.697406721267935,0.749999999999999,809.546031110103,0.330010010133813,9.52441673744542
30.572267273395894,0.7499999999999996,804.7816946843271,0.3321761304326677,9.554597448851121
30.659638376470223,0.7499999999999996,808.9362900239105,0.3236166187549961,9.49322461119028
30.47701066815433,0.7499999999999993,810.7665527748794,0.3263452412241899,9.532790321125532
30.88066721339738,0.7499999999999993,796.9717433999812,0.31537447399284435,9.452951469886528
30.85996208425978,0.7499999999999999,795.7948697030597,0.32409125616983975,9.4458723934869
30.816950369841983,0.7499999999999987,795.4343501280096,0.32786555593669864,9.470135839013803
30.816950369841983,0.7499999999999987,795.4343501280096,0.32786555593669864,9.470135839013803
30.76959234385313,0.7499999999999997,796.636527160906,0.3413458566262414,9.543730769549484
30.268083535807936,0.75,804.3886744960809,0.3701661319522021,9.717871734038704
30.059703513883456,0.7500000000000002,810.3345159911973,0.37822729143145023,9.80116630757233
30.059703513883456,0.7500000000000002,810.3345159911973,0.37822729143145023,9.80116630757233
30.059703513883456,0.7500000000000002,810.3345159911973,0.37822729143145023,9.80116630757233
30.077516367913315,0.7499999999999996,808.8836985445956,0.39471614424263013,9.81738516662061
30.077516367913315,0.7499999999999996,808.8836985445956,0.39471614424263013,9.81738516662061
30.186251814490074,0.7499999999999991,805.8302460745607,0.3832243730256621,9.738000491349277
30.186251814490074,0.7499999999999991,805.8302460745607,0.3832243730256621,9.738000491349277
30.340803144558183,0.7499999999999993,811.0784451758659,0.40542771486002194,9.837048723023225
30.340803144558183,0.7499999999999993,811.0784451758659,0.40542771486002194,9.837048723023225
29.97337589251234,0.749999999999999,817.5045060930219,0.41082297580344174,9.835136553419598
29.97337589251234,0.749999999999999,817.5045060930219,0.41082297580344174,9.835136553419598
29.90205181514338,0.7499999999999994,814.9734476335424,0.40452176440486276,9.799293660323453
29.90205181514338,0.7499999999999994,814.9734476335424,0.40452176440486276,9.799293660323453
29.90205181514338,0.7499999999999994,814.9734476335424,0.40452176440486276,9.799293660323453
30.22893569547036,0.7500000000000001,812.6875154712446,0.413222883776191,9.806728567872288
30.22893569547036,0.7500000000000001,812.6875154712446,0.413222883776191,9.806728567872288
30.15456136808728,0.7499999999999993,811.2763806500175,0.40891957962596853,9.779184827182203
30.15456136808728,0.7499999999999993,811.2763806500175,0.40891957962596853,9.779184827182203
30.15456136808728,0.7499999999999993,811.2763806500175,0.40891957962596853,9.779184827182203
30.15456136808728,0.7499999999999993,811.2763806500175,0.40891957962596853,9.779184827182203
30.302078342483455,0.7499999999999991,818.0724802966313,0.41687891425151496,9.764157167618885
30.302078342483455,0.7499999999999991,818.0724802966313,0.41687891425151496,9.764157167618885
30.302078342483455,0.7499999999999991,818.0724802966313,0.41687891425151496,9.764157167618885
30.413927629167738,0.7499999999999998,815.7072354309123,0.41914778081291376,9.8279813513285
30.413927629167738,0.7499999999999998,815.7072354309123,0.41914778081291376,9.8279813513285
30.413927629167738,0.7499999999999998,815.7072354309123,0.41914778081291376,9.8279813513285
30.800954073802686,0.7499999999999993,807.8131940371852,0.42508759424607395,9.809022735235175
30.408558596846103,0.7499999999999997,815.4462180193816,0.43610280702540416,9.871622639325793
29.927703052655367,0.7499999999999993,823.8033005554443,0.4298564233926649,9.885766386295765
30.066601180174334,0.7499999999999991,819.1182706259516,0.426614673894313,9.873343138781127
30.009829171974538,0.7500000000000001,820.3233247816048,0.4303970981864894,9.815276716895458
30.009829171974538,0.7500000000000001,820.3233247816048,0.4303970981864894,9.815276716895458
30.009829171974538,0.7500000000000001,820.3233247816048,0.4303970981864894,9.815276716895458
30.009829171974538,0.7500000000000001,820.3233247816048,0.4303970981864894,9.815276716895458
30.009829171974538,0.7500000000000001,820.3233247816048,0.4303970981864894,9.815276716895458
30.009829171974538,0.7500000000000001,820.3233247816048,0.4303970981864894,9.815276716895458
30.038413780030584,0.7500000000000002,823.0992827611055,0.41838052266279663,9.83342545545384
29.72534176019068,0.7499999999999991,826.72345193254,0.4109771550597249,9.774410065030377
29.72534176019068,0.7499999999999991,826.72345193254,0.4109771550597249,9.774410065030377
29.72534176019068,0.7499999999999991,826.72345193254,0.4109771550597249,9.774410065030377
29.802264247284807,0.7499999999999998,825.4452229706064,0.40354572233192426,9.743670895752151
29.802264247284807,0.7499999999999998,825.4452229706064,0.40354572233192426,9.743670895752151
29.802264247284807,0.7499999999999998,825.4452229706064,0.40354572233192426,9.743670895752151
29.802264247284807,0.7499999999999998,825.4452229706064,0.40354572233192426,9.743670895752151
29.758958987475804,0.7499999999999998,828.7086507673266,0.4027868974108712,9.75001234958927
30.61981955211934,0.7499999999999991,814.5384454675312,0.3954299930741943,9.659754130187409
29.84541973059634,0.7499999999999987,830.2895831389668,0.398146562805458,9.663380413595553
29.84541973059634,0.7499999999999987,830.2895831389668,0.398146562805458,9.663380413595553
29.84541973059634,0.7499999999999987,830.2895831389668,0.398146562805458,9.663380413595553
29.84541973059634,0.7499999999999987,830.2895831389668,0.398146562805458,9.663380413595553
29.672942080191454,0.7499999999999997,818.1886700643486,0.39206134047992725,9.649877610604818
29.672942080191454,0.7499999999999997,818.1886700643486,0.39206134047992725,9.649877610604818
29.169847195959385,0.7499999999999996,826.8803380360764,0.39092875514646525,9.699901045627595
29.169847195959385,0.7499999999999996,826.8803380360764,0.39092875514646525,9.699901045627595
29.373287698949717,0.7499999999999998,824.3505996944576,0.39148704111623833,9.714542811536182
29.373287698949717,0.7499999999999998,824.3505996944576,0.39148704111623833,9.714542811536182
29.1703762621319,0.7499999999999992,825.0447775833902,0.39569975883050706,9.74323373351416
28.99783507764126,0.7499999999999989,827.8145327576017,0.4023499863224858,9.85240432626083
29.370103226958154,0.749999999999998,817.2550348634502,0.4035638393861727,9.79151032394294
28.12115059236347,0.7499999999999984,830.7916393959503,0.4027242883655123,9.70643168077699
28.591301794358873,0.7499999999999993,819.9998649114518,0.396283331665057,9.644297663868917
28.591301794358873,0.7499999999999993,819.9998649114518,0.396283331665057,9.644297663868917
28.591301794358873,0.7499999999999993,819.9998649114518,0.396283331665057,9.644297663868917
28.591301794358873,0.7499999999999993,819.9998649114518,0.396283331665057,9.644297663868917
29.33427750214314,0.7499999999999989,808.8881632376239,0.40208326934396543,9.669287129816194
29.33427750214314,0.7499999999999989,808.8881632376239,0.40208326934396543,9.669287129816194
29.305364007378245,0.75,810.2210093747741,0.38485931045128435,9.621172238612994
29.305364007378245,0.75,810.2210093747741,0.38485931045128435,9.621172238612994
29.306521718764273,0.7500000000000001,808.6574435153428,0.3838376117719953,9.593726383696609
29.29170466303555,0.7500000000000003,808.9145644745124,0.3909576343803472,9.618228255832074
29.52285026086928,0.7499999999999994,807.7615167216497,0.38197001247387424,9.619173092961342
29.405832881555774,0.7499999999999986,808.51439242918,0.38155906366444553,9.55552307930318
29.106661098749854,0.7499999999999996,808.5374957943104,0.36488237743223856,9.441518544310142
29.063569366211844,0.7499999999999987,805.2734821800395,0.3628665169249024,9.428674981338506
29.433076463880894,0.7499999999999996,807.0705362227974,0.36242299728051164,9.567219422053213
29.433076463880894,0.7499999999999996,807.0705362227974,0.36242299728051164,9.567219422053213
29.76904378075104,0.7499999999999998,799.5805723672945,0.3733683648101205,9.633690250996413
29.76904378075104,0.7499999999999998,799.5805723672945,0.3733683648101205,9.633690250996413
29.76904378075104,0.7499999999999998,799.5805723672945,0.3733683648101205,9.633690250996413
29.90576907616131,0.7499999999999993,800.5516732035289,0.36269628158835937,9.579510155574203
29.292206949723543,0.7499999999999994,801.7170224114029,0.3659331021382075,9.59694643267078
29.292206949723543,0.7499999999999994,801.7170224114029,0.3659331021382075,9.59694643267078
29.257246245701364,0.7499999999999991,817.4568498545638,0.3620108572360993,9.754905835620809
29.257246245701364,0.7499999999999991,817.4568498545638,0.3620108572360993,9.754905835620809
29.257246245701364,0.7499999999999991,817.4568498545638,0.3620108572360993,9.754905835620809
29.3960623542146,0.7499999999999997,804.6903587992209,0.3594754184220438,9.626891388676967
29.840755269316368,0.7499999999999994,800.9364768934702,0.3668946292880299,9.634362159197234
29.840755269316368,0.7499999999999994,800.9364768934702,0.3668946292880299,9.634362159197234
29.478449461398192,0.7499999999999992,805.8173616560257,0.36750518673122784,9.617208809504998
29.478449461398192,0.7499999999999992,805.8173616560257,0.36750518673122784,9.617208809504998
29.478449461398192,0.7499999999999992,805.8173616560257,0.36750518673122784,9.617208809504998
29.478449461398192,0.7499999999999992,805.8173616560257,0.36750518673122784,9.617208809504998
29.478449461398192,0.7499999999999992,805.8173616560257,0.36750518673122784,9.617208809504998
29.478449461398192,0.7499999999999992,805.8173616560257,0.36750518673122784,9.617208809504998
29.602885927436123,0.7499999999999996,807.1003105037533,0.35707505197165995,9.60357528380511
29.602885927436123,0.7499999999999996,807.1003105037533,0.35707505197165995,9.60357528380511
29.055020454943815,0.7499999999999993,805.7750990071235,0.36821477956793847,9.5603314154396
29.377654087553505,0.7500000000000001,802.0520304217141,0.3684726681267827,9.522806722998478
29.55201063738194,0.75,800.70872599814,0.3692986124349408,9.557622218117459
29.544129376697946,0.7499999999999999,801.166888452256,0.3688814928427,9.573196471221797
28.69104431054185,0.7499999999999989,809.0449308439383,0.3694602069719003,9.57500086751013
29.173869475208242,0.7499999999999974,804.9615631519463,0.36782402106531203,9.54239906276122
29.43165234817136,0.7499999999999993,799.1377415905566,0.3671970965074925,9.533390842519077
28.80663827386444,0.7499999999999989,817.6776899268381,0.37626024944226,9.504605278916014
28.976731228762528,0.7499999999999998,821.1463526698724,0.3773954227851183,9.53569464725793
29.186637923916606,0.7499999999999997,818.697021313796,0.38142847844744887,9.586790010222478
29.186637923916606,0.7499999999999997,818.697021313796,0.38142847844744887,9.586790010222478
29.01476989324854,0.7499999999999996,815.0000475615745,0.38349404109158153,9.657496993377325
29.01476989324854,0.7499999999999996,815.0000475615745,0.38349404109158153,9.657496993377325
29.01476989324854,0.7499999999999996,815.0000475615745,0.38349404109158153,9.657496993377325
29.01476989324854,0.7499999999999996,815.0000475615745,0.38349404109158153,9.657496993377325
29.01476989324854,0.7499999999999996,815.0000475615745,0.38349404109158153,9.657496993377325
29.01476989324854,0.7499999999999996,815.0000475615745,0.38349404109158153,9.657496993377325
29.01476989324854,0.7499999999999996,815.0000475615745,0.38349404109158153,9.657496993377325
29.01476989324854,0.7499999999999996,815.0000475615745,0.38349404109158153,9.657496993377325
29.01476989324854,0.7499999999999996,815.0000475615745,0.38349404109158153,9.657496993377325
29.43255790474474,0.7499999999999996,810.4979068880504,0.38781913886200825,9.61808510175852
29.69038495997577,0.7499999999999989,805.889131295536,0.390943589149393,9.537400741407982
29.708130524505513,0.7499999999999989,813.0381415911186,0.39452546231158436,9.508547154065443
30.444062623504276,0.7499999999999998,806.3171966045546,0.407084204888148,9.530526864444457
30.22567002083989,0.7499999999999993,813.4060042615129,0.4014153098179908,9.50460985925533
30.22567002083989,0.7499999999999993,813.4060042615129,0.4014153098179908,9.50460985925533
30.26791149908462,0.7499999999999993,817.6163731988432,0.41167537391291514,9.585686845411066
30.26791149908462,0.7499999999999993,817.6163731988432,0.41167537391291514,9.585686845411066
30.26791149908462,0.7499999999999993,817.6163731988432,0.41167537391291514,9.585686845411066
29.270710378943033,0.7499999999999991,822.0596063653705,0.41488484712984286,9.55101735899081
29.700386204133853,0.7499999999999989,812.4528658358665,0.42332954096564,9.578847315959411
30.271802008672758,0.7499999999999988,810.772187347863,0.42777083471100846,9.739622188456707
30.119434611818022,0.7499999999999999,811.6278149685522,0.4209700542265385,9.769412667610874
30.75723507386479,0.7499999999999997,813.8621192698326,0.4366677141907004,9.809587547141993
30.75723507386479,0.7499999999999997,813.8621192698326,0.4366677141907004,9.809587547141993
30.3826376088359,0.7499999999999981,810.9534799800302,0.4360517172980366,9.777544109700571
30.20726801188226,0.7499999999999997,807.9172133203587,0.4352392915718816,9.78879422854275
30.20726801188226,0.7499999999999997,807.9172133203587,0.4352392915718816,9.78879422854275
30.308067047839504,0.749999999999999,806.7722523399015,0.43809617803116846,9.834142790341915
30.074619296487466,0.7499999999999992,809.3223250000165,0.43285454901386755,9.869313865642372
30.074619296487466,0.7499999999999992,809.3223250000165,0.43285454901386755,9.869313865642372
29.8943080111056,0.7499999999999994,811.6799696360154,0.4303133092493556,9.857411620339027
29.8943080111056,0.7499999999999994,811.6799696360154,0.4303133092493556,9.857411620339027
29.8943080111056,0.7499999999999994,811.6799696360154,0.4303133092493556,9.857411620339027
29.8943080111056,0.7499999999999994,811.6799696360154,0.4303133092493556,9.857411620339027
29.8943080111056,0.7499999999999994,811.6799696360154,0.4303133092493556,9.857411620339027
29.8943080111056,0.7499999999999994,811.6799696360154,0.4303133092493556,9.857411620339027
29.8943080111056,0.7499999999999994,811.6799696360154,0.4303133092493556,9.857411620339027
30.091323766153835,0.7499999999999994,800.9209674328696,0.42645837538154385,9.86250781427847
30.153015729254225,0.7499999999999994,800.7928628799857,0.4288889841328433,9.87892752680693
29.78527723899487,0.7499999999999991,806.7932520772198,0.4307215029888057,9.870692551704787
29.78527723899487,0.7499999999999991,806.7932520772198,0.4307215029888057,9.870692551704787
29.028844724816235,0.749999999999999,810.5707864371585,0.42601692728444457,9.811761655149388
29.198758662839072,0.749999999999999,816.2799508275114,0.42865881778193227,9.78742242365129
29.339503851085734,0.7499999999999997,807.8237958450068,0.42734771099046853,9.722111702931153
29.72350407058042,0.7499999999999986,808.1864437871327,0.43775410404082277,9.788579439159548
29.66293900177043,0.7499999999999984,808.4941081311445,0.4448507164275955,9.758847175575074
30.319579754367375,0.7499999999999993,805.32561239088,0.4422871041199649,9.724597794911011
30.319579754367375,0.7499999999999993,805.32561239088,0.4422871041199649,9.724597794911011
30.897819754399443,0.7499999999999989,811.5899922973916,0.45596625893934045,9.785325344899892
30.897819754399443,0.7499999999999989,811.5899922973916,0.45596625893934045,9.785325344899892
30.897819754399443,0.7499999999999989,811.5899922973916,0.45596625893934045,9.785325344899892
30.897819754399443,0.7499999999999989,811.5899922973916,0.45596625893934045,9.785325344899892
30.897819754399443,0.7499999999999989,811.5899922973916,0.45596625893934045,9.785325344899892
30.897819754399443,0.7499999999999989,811.5899922973916,0.45596625893934045,9.785325344899892
31.2178754697589,0.7499999999999992,810.2922743697524,0.45990045868657603,9.690698813523875
31.43019900937682,0.749999999999999,807.6350392187394,0.454166616291348,9.6474127467578
30.623944167228334,0.7499999999999992,812.4462116614105,0.4516857404393653,9.599741467195525
30.66605888619381,0.7499999999999994,812.9766299922151,0.4587877181242784,9.62350188006503
30.66605888619381,0.7499999999999994,812.9766299922151,0.4587877181242784,9.62350188006503
30.66605888619381,0.7499999999999994,812.9766299922151,0.4587877181242784,9.62350188006503
30.80891126390132,0.7499999999999998,813.9427293410773,0.45908838266676955,9.665301046252358
30.80891126390132,0.7499999999999998,813.9427293410773,0.45908838266676955,9.665301046252358
30.63123231827316,0.7499999999999993,815.7522822962092,0.45168763236280973,9.683023778793313
30.6607111338543,0.7499999999999981,812.2944126842341,0.45447667654737833,9.723879704319199
30.6607111338543,0.7499999999999981,812.2944126842341,0.45447667654737833,9.723879704319199
30.6607111338543,0.7499999999999981,812.2944126842341,0.45447667654737833,9.723879704319199
31.11169844694256,0.749999999999999,815.8327429277894,0.4445894419696194,9.776468001400001
31.235776963124472,0.749999999999999,827.0617035564477,0.4558975625475369,9.827088842468488
31.340158996383717,0.7499999999999999,823.590870743106,0.4566706449738914,9.784625308917148
31.256303430042127,0.7499999999999993,823.2139321543729,0.45728788841960305,9.644786959555358
31.6009430973931,0.7499999999999999,820.4407824951389,0.45988774019961315,9.599124393858101
31.6009430973931,0.7499999999999999,820.4407824951389,0.45988774019961315,9.599124393858101
31.6009430973931,0.7499999999999999,820.4407824951389,0.45988774019961315,9.599124393858101
31.271374890703,0.7499999999999996,820.2824409754252,0.45733860975462426,9.680210981678934
31.478835282524606,0.7499999999999997,816.8194987700963,0.45211919910449266,9.65308232162777
30.804585564446263,0.7499999999999983,813.7298620571008,0.42255228508357834,9.504712511385415
30.367220631075856,0.7499999999999993,821.8445239790618,0.425885981174221,9.459461455057328
30.367220631075856,0.7499999999999993,821.8445239790618,0.425885981174221,9.459461455057328
30.556797954053255,0.7499999999999996,816.5474188314895,0.4118444512352366,9.465194476661875
30.556797954053255,0.7499999999999996,816.5474188314895,0.4118444512352366,9.465194476661875
30.549294608972165,0.7499999999999991,820.2303626336972,0.4221889248096546,9.599933706138723
30.458677064971518,0.7499999999999993,826.8641064301144,0.42258530780743564,9.680003534301392
29.65637363299815,0.7499999999999994,826.6847487266082,0.4063314312779807,9.530700365123561
29.65637363299815,0.7499999999999994,826.6847487266082,0.4063314312779807,9.530700365123561
30.446590213547182,0.7499999999999977,818.695038303317,0.3999624286463717,9.52558010185063
30.446590213547182,0.7499999999999977,818.695038303317,0.3999624286463717,9.52558010185063
29.29782751970709,0.7499999999999996,836.5181580019602,0.4089131620901735,9.509916137824765
29.29782751970709,0.7499999999999996,836.5181580019602,0.4089131620901735,9.509916137824765
29.29782751970709,0.7499999999999996,836.5181580019602,0.4089131620901735,9.509916137824765
29.29782751970709,0.7499999999999996,836.5181580019602,0.4089131620901735,9.509916137824765
29.29782751970709,0.7499999999999996,836.5181580019602,0.4089131620901735,9.509916137824765
30.65882365752468,0.7499999999999994,817.293571643662,0.4145690452338213,9.518265780706082
30.256805213296452,0.7499999999999992,820.7378556956063,0.4196649351578102,9.558545244568043
30.374015679271896,0.7499999999999991,820.132172442721,0.42267627459754964,9.618980764931411
30.330593830622746,0.7499999999999996,818.6157540758737,0.43539039660479645,9.65976150545248
30.330593830622746,0.7499999999999996,818.6157540758737,0.43539039660479645,9.65976150545248
30.896078448279436,0.7499999999999996,809.6069961750746,0.42150153854223193,9.617180216324368
30.896078448279436,0.7499999999999996,809.6069961750746,0.42150153854223193,9.617180216324368
30.896078448279436,0.7499999999999996,809.6069961750746,0.42150153854223193,9.617180216324368
30.660003616885373,0.749999999999998,810.3813310853109,0.41938176796833454,9.600191204453074
30.660003616885373,0.749999999999998,810.3813310853109,0.41938176796833454,9.600191204453074
30.660003616885373,0.749999999999998,810.3813310853109,0.41938176796833454,9.600191204453074
30.40258401881554,0.7499999999999999,806.9625623075325,0.415235650481123,9.500503415736887
30.837183374272872,0.7499999999999993,804.7303817619974,0.4239954603563064,9.615656735227072
30.837183374272872,0.7499999999999993,804.7303817619974,0.4239954603563064,9.615656735227072
30.837183374272872,0.7499999999999993,804.7303817619974,0.4239954603563064,9.615656735227072
30.837183374272872,0.7499999999999993,804.7303817619974,0.4239954603563064,9.615656735227072
30.2734507041863,0.7499999999999999,816.3554119860282,0.4242464046380128,9.657907335853414
30.3586648540375,0.7499999999999998,816.9464163629427,0.4356112290662744,9.741068901333344
30.3586648540375,0.7499999999999998,816.9464163629427,0.4356112290662744,9.741068901333344
30.3586648540375,0.7499999999999998,816.9464163629427,0.4356112290662744,9.741068901333344
30.990117911256448,0.7499999999999986,812.8557249615299,0.4442202418313145,9.853168298972752
30.985301862997996,0.7499999999999991,810.6373707798894,0.4379467744536413,9.848958583598968
30.985301862997996,0.7499999999999991,810.6373707798894,0.4379467744536413,9.848958583598968
30.948586078569235,0.7499999999999988,809.8786110295915,0.4388641694373241,9.91569528084518
30.296053600863832,0.7499999999999983,812.956429709787,0.4390214486060596,9.86166102258375
30.296053600863832,0.7499999999999983,812.956429709787,0.4390214486060596,9.86166102258375
30.296053600863832,0.7499999999999983,812.956429709787,0.4390214486060596,9.86166102258375
31.08964101485747,0.7499999999999991,808.4783657902004,0.44206593712025877,9.951789761906062
31.68192577508634,0.7499999999999984,803.6625851336788,0.44442916420115425,9.860275844253309
31.210931058880245,0.7499999999999991,811.521460743877,0.4509574175720091,9.813990231260723
31.218140944445267,0.75,810.6819582009376,0.44541559593902513,9.79180024539555
31.218140944445267,0.75,810.6819582009376,0.44541559593902513,9.79180024539555
31.218140944445267,0.75,810.6819582009376,0.44541559593902513,9.79180024539555
31.218140944445267,0.75,810.6819582009376,0.44541559593902513,9.79180024539555
31.218140944445267,0.75,810.6819582009376,0.44541559593902513,9.79180024539555
31.218140944445267,0.75,810.6819582009376,0.44541559593902513,9.79180024539555
30.033683435567003,0.7499999999999993,823.721331727882,0.4365605644015723,9.678728239924265
30.033683435567003,0.7499999999999993,823.721331727882,0.4365605644015723,9.678728239924265
30.033683435567003,0.7499999999999993,823.721331727882,0.4365605644015723,9.678728239924265
30.479880900374223,0.75,810.6243230114924,0.42490456770869767,9.644220210528095
30.479880900374223,0.75,810.6243230114924,0.42490456770869767,9.644220210528095
30.479880900374223,0.75,810.6243230114924,0.42490456770869767,9.644220210528095
30.479880900374223,0.75,810.6243230114924,0.42490456770869767,9.644220210528095
30.479880900374223,0.75,810.6243230114924,0.42490456770869767,9.644220210528095
30.85938950979792,0.75,803.0315152609257,0.42806747985037974,9.560047883077289
30.497406222985514,0.7499999999999991,808.7554714427803,0.4263234227067833,9.569748749930104
30.497406222985514,0.7499999999999991,808.7554714427803,0.4263234227067833,9.569748749930104
30.641508993481416,0.7499999999999993,812.4206060279718,0.4353028572047412,9.712473334841448
30.81571130104064,0.7499999999999991,813.2662528714359,0.42433604872155345,9.737854831885992
30.81571130104064,0.7499999999999991,813.2662528714359,0.42433604872155345,9.737854831885992
30.479106996087722,0.7499999999999982,809.6134995277652,0.41177207042459774,9.670914258847082
30.74441652274747,0.7499999999999992,809.0635822050014,0.41138251691438615,9.652342181633196
31.349936072066356,0.7499999999999997,807.0711273476171,0.41830780072155166,9.602727716701565
31.592969159909327,0.7499999999999993,807.7560272858118,0.4195764569869022,9.56778381490239
31.592969159909327,0.7499999999999993,807.7560272858118,0.4195764569869022,9.56778381490239
31.592969159909327,0.7499999999999993,807.7560272858118,0.4195764569869022,9.56778381490239
30.751117596377394,0.7499999999999994,812.1168287796768,0.41819426156964923,9.454320549446702
31.040582785867223,0.7499999999999987,808.1349721639767,0.4236527482044068,9.435873980107095
31.224817450873466,0.7499999999999994,802.415629800305,0.4146909450300295,9.438512734064556
30.456076266749278,0.749999999999999,809.874574477151,0.4189901855821687,9.38893391667302
30.456076266749278,0.749999999999999,809.874574477151,0.4189901855821687,9.38893391667302
30.62009785064484,0.7499999999999992,808.2661623640075,0.4148101419612313,9.395213295298692
31.28765348039021,0.7499999999999996,805.2846339473233,0.42926279646070964,9.476717741148239
31.59207113690028,0.7500000000000004,807.4475756327205,0.4346016236521215,9.45714866466253
31.360262839912313,0.7499999999999999,812.6783182045644,0.43506642200667317,9.512107856232097
31.360262839912313,0.7499999999999999,812.6783182045644,0.43506642200667317,9.512107856232097
30.940994554862744,0.749999999999999,814.7647692323444,0.4348957122569003,9.448414757203414
30.940994554862744,0.749999999999999,814.7647692323444,0.4348957122569003,9.448414757203414
30.940994554862744,0.749999999999999,814.7647692323444,0.4348957122569003,9.448414757203414
30.37482644621803,0.7499999999999992,819.5181659951941,0.42572625310476686,9.529302641888327
30.37482644621803,0.7499999999999992,819.5181659951941,0.42572625310476686,9.529302641888327
30.37482644621803,0.7499999999999992,819.5181659951941,0.42572625310476686,9.529302641888327
30.37482644621803,0.7499999999999992,819.5181659951941,0.42572625310476686,9.529302641888327
30.56115651907949,0.75,814.346233540767,0.419864586921922,9.518254851176646
30.424769313522834,0.7499999999999991,820.8012280274494,0.42840137486800633,9.617142808417068
30.362990949930563,0.7499999999999983,823.1672116124224,0.4411480902281139,9.662684587300513
30.558452305832553,0.75,824.2064683236995,0.44376068344966774,9.74222840144219
30.486831061754792,0.7499999999999992,828.5320559626392,0.4402726512794768,9.76767306010063
31.102478477901563,0.749999999999999,828.219175543322,0.4533178800184506,9.871713710426391
31.102478477901563,0.749999999999999,828.219175543322,0.4533178800184506,9.871713710426391
31.362091633608813,0.749999999999999,838.8232682358316,0.4593367586882125,9.854217728095023
30.96277863199892,0.749999999999999,823.9419773386398,0.4430390299668455,9.677911601621119
30.96277863199892,0.749999999999999,823.9419773386398,0.4430390299668455,9.677911601621119
30.902617208161082,0.7499999999999999,815.682588661399,0.4313756260296182,9.580175322730994
30.902617208161082,0.7499999999999999,815.682588661399,0.4313756260296182,9.580175322730994
30.53782596501001,0.7499999999999996,826.5591080675454,0.43437839044123966,9.621889088724142
30.53782596501001,0.7499999999999996,826.5591080675454,0.43437839044123966,9.621889088724142
31.011390096752873,0.7499999999999988,812.3510610497469,0.4359019328068666,9.499771706848867
30.77412803866199,0.7500000000000001,810.381602387525,0.4278890877559581,9.46499185865262
30.301863104070645,0.7499999999999993,817.2573273929495,0.43805570214562906,9.504605327547818
30.698346938191943,0.7499999999999998,812.2743969633552,0.4435026232608239,9.419713270086953
31.17140126672615,0.7499999999999996,815.9487990662831,0.46091420316756004,9.478595837718657
31.17140126672615,0.7499999999999996,815.9487990662831,0.46091420316756004,9.478595837718657
31.17140126672615,0.7499999999999996,815.9487990662831,0.46091420316756004,9.478595837718657
31.17140126672615,0.7499999999999996,815.9487990662831,0.46091420316756004,9.478595837718657
31.17140126672615,0.7499999999999996,815.9487990662831,0.46091420316756004,9.478595837718657
31.205601088490358,0.7499999999999991,816.5467523971022,0.46371357164116134,9.479110789272841
30.981719607846536,0.7499999999999993,811.537996302456,0.44178230408196173,9.514411307196397
30.981719607846536,0.7499999999999993,811.537996302456,0.44178230408196173,9.514411307196397
30.981719607846536,0.7499999999999993,811.537996302456,0.44178230408196173,9.514411307196397
30.62515971691888,0.7499999999999991,814.3172517607518,0.44465650198857404,9.561667840768115
30.62515971691888,0.7499999999999991,814.3172517607518,0.44465650198857404,9.561667840768115
30.62515971691888,0.7499999999999991,814.3172517607518,0.44465650198857404,9.561667840768115
31.042869371806596,0.7499999999999996,813.1369402391364,0.443880767860111,9.640098589845163
31.042869371806596,0.7499999999999996,813.1369402391364,0.443880767860111,9.640098589845163
30.50126181758045,0.7499999999999994,807.7981475928038,0.4427337920955063,9.587830918817641
30.462681291596486,0.7499999999999996,810.3865177488893,0.44599744679073594,9.594651375438383
30.462681291596486,0.7499999999999996,810.3865177488893,0.44599744679073594,9.594651375438383
30.56257797179721,0.75,811.7479932246688,0.4448997472381785,9.565871693710168
30.11949875345465,0.7499999999999997,813.0776891804672,0.4318505611665533,9.43971545562322
29.639123822548676,0.7499999999999988,815.4034367313022,0.42728423598392434,9.418265822086752
30.003638464052155,0.7499999999999999,818.2177103768109,0.4322613758017832,9.490379031922263
29.261442185832507,0.7500000000000003,821.9591761206693,0.4450819453445853,9.4934859184071
29.261442185832507,0.7500000000000003,821.9591761206693,0.4450819453445853,9.4934859184071
29.261442185832507,0.7500000000000003,821.9591761206693,0.4450819453445853,9.4934859184071
29.261442185832507,0.7500000000000003,821.9591761206693,0.4450819453445853,9.4934859184071
29.261442185832507,0.7500000000000003,821.9591761206693,0.4450819453445853,9.4934859184071
29.261442185832507,0.7500000000000003,821.9591761206693,0.4450819453445853,9.4934859184071
29.261442185832507,0.7500000000000003,821.9591761206693,0.4450819453445853,9.4934859184071
29.261442185832507,0.7500000000000003,821.9591761206693,0.4450819453445853,9.4934859184071
29.261442185832507,0.7500000000000003,821.9591761206693,0.4450819453445853,9.4934859184071
29.261442185832507,0.7500000000000003,821.9591761206693,0.4450819453445853,9.4934859184071
29.261442185832507,0.7500000000000003,821.9591761206693,0.4450819453445853,9.4934859184071
29.261442185832507,0.7500000000000003,821.9591761206693,0.4450819453445853,9.4934859184071
29.718583032688834,0.749999999999999,809.6207683884204,0.44343588151983565,9.542574130697494
29.535722885686035,0.7499999999999983,808.562406599641,0.43812051295701965,9.500460414863621
29.118246430324675,0.7499999999999991,822.2379696060334,0.4368646873213102,9.535589891365024
29.118246430324675,0.7499999999999991,822.2379696060334,0.4368646873213102,9.535589891365024
29.118246430324675,0.7499999999999991,822.2379696060334,0.4368646873213102,9.535589891365024
29.118246430324675,0.7499999999999991,822.2379696060334,0.4368646873213102,9.535589891365024
29.118246430324675,0.7499999999999991,822.2379696060334,0.4368646873213102,9.535589891365024
29.828902025368436,0.7499999999999998,812.75936710479,0.4324893754567011,9.556317708053584
29.828902025368436,0.7499999999999998,812.75936710479,0.4324893754567011,9.556317708053584
29.828902025368436,0.7499999999999998,812.75936710479,0.4324893754567011,9.556317708053584
29.989606323299398,0.7499999999999988,806.1500611153807,0.42170880202675615,9.520926722982583
29.989606323299398,0.7499999999999988,806.1500611153807,0.42170880202675615,9.520926722982583
29.989606323299398,0.7499999999999988,806.1500611153807,0.42170880202675615,9.520926722982583
29.989606323299398,0.7499999999999988,806.1500611153807,0.42170880202675615,9.520926722982583
29.989606323299398,0.7499999999999988,806.1500611153807,0.42170880202675615,9.520926722982583
29.4041839848051,0.7499999999999997,813.3177483381556,0.41931239791389235,9.512816970402625
29.4041839848051,0.7499999999999997,813.3177483381556,0.41931239791389235,9.512816970402625
29.4041839848051,0.7499999999999997,813.3177483381556,0.41931239791389235,9.512816970402625
29.431570453918408,0.7499999999999989,812.5691717258137,0.4127721769685716,9.465154082431317
29.681915955094745,0.7499999999999996,815.5420276032369,0.4133421858848759,9.512767762723247
29.681915955094745,0.7499999999999996,815.5420276032369,0.4133421858848759,9.512767762723247
29.681915955094745,0.7499999999999996,815.5420276032369,0.4133421858848759,9.512767762723247
29.681915955094745,0.7499999999999996,815.5420276032369,0.4133421858848759,9.512767762723247
30.13545912227132,0.7499999999999983,814.6691953645822,0.4158389421981736,9.56142660761886
30.201649158947795,0.7499999999999988,813.9256160005168,0.4071266390478075,9.602288017909435
30.201649158947795,0.7499999999999988,813.9256160005168,0.4071266390478075,9.602288017909435
29.956349259922984,0.7499999999999991,818.3523560204786,0.40727920276741036,9.610979096272143
29.956349259922984,0.7499999999999991,818.3523560204786,0.40727920276741036,9.610979096272143
30.145867144912508,0.7499999999999993,817.0367047791381,0.40218365716553817,9.66128148578847
30.145867144912508,0.7499999999999993,817.0367047791381,0.40218365716553817,9.66128148578847
29.92939891135962,0.7499999999999993,815.3583277086612,0.3845721321105188,9.593138016458335
29.92939891135962,0.7499999999999993,815.3583277086612,0.3845721321105188,9.593138016458335
29.866939189688058,0.7499999999999999,812.9098273354451,0.3813231368116108,9.547443056080155
28.675465690606757,0.7499999999999999,820.550902110524,0.38155411933359407,9.5325727835489
28.77411438778456,0.7499999999999976,812.41142997424,0.38189595285048844,9.46404351652283
28.986313058958714,0.7499999999999988,811.598940672427,0.3826654283758468,9.49664370610964
28.986313058958714,0.7499999999999988,811.598940672427,0.3826654283758468,9.49664370610964
29.819778850076773,0.7499999999999996,806.1569644149713,0.3861985938097539,9.544956729417418
29.819778850076773,0.7499999999999996,806.1569644149713,0.3861985938097539,9.544956729417418
29.700916806534373,0.7499999999999993,807.1969855426521,0.38579336010893417,9.570751178362741
28.953258316674585,0.7499999999999998,809.2445932203871,0.3795318950755779,9.492338928402228
28.953258316674585,0.7499999999999998,809.2445932203871,0.3795318950755779,9.492338928402228
29.282344661718657,0.7499999999999996,811.830796809811,0.3768439472727896,9.420909634711876
28.840794508731193,0.7499999999999988,814.6482726939854,0.37266849321702505,9.363681744494357
29.20541114482894,0.7499999999999987,817.3602546131099,0.3962991315943004,9.469462319516438
29.20541114482894,0.7499999999999987,817.3602546131099,0.3962991315943004,9.469462319516438
29.20541114482894,0.7499999999999987,817.3602546131099,0.3962991315943004,9.469462319516438
28.890824540348486,0.7500000000000001,814.3347967994622,0.38864465643378665,9.478641843930276
28.811625112905563,0.7499999999999992,813.0932554521522,0.37936703275941464,9.412881096982707
29.298638268687117,0.7499999999999998,807.749365612347,0.3747584528745847,9.40029708148262
29.60645635302231,0.7499999999999998,812.7413796354992,0.38225212475904,9.47639347471769
29.6963807166581,0.7499999999999999,812.9331040332132,0.3825668645750313,9.43932411816607
29.6963807166581,0.7499999999999999,812.9331040332132,0.3825668645750313,9.43932411816607
30.304927183968942,0.7500000000000001,813.7486904168246,0.39324803556847227,9.503279512063248
30.304927183968942,0.7500000000000001,813.7486904168246,0.39324803556847227,9.503279512063248
30.304927183968942,0.7500000000000001,813.7486904168246,0.39324803556847227,9.503279512063248
29.351273321189446,0.7499999999999992,828.567511431789,0.39019350006991216,9.456298916722494
29.351273321189446,0.7499999999999992,828.567511431789,0.39019350006991216,9.456298916722494
29.351273321189446,0.7499999999999992,828.567511431789,0.39019350006991216,9.456298916722494
29.351273321189446,0.7499999999999992,828.567511431789,0.39019350006991216,9.456298916722494
29.594164556826,0.7499999999999997,823.1286864891499,0.3906828579856123,9.408582697451951
29.594164556826,0.7499999999999997,823.1286864891499,0.3906828579856123,9.408582697451951
29.594164556826,0.7499999999999997,823.1286864891499,0.3906828579856123,9.408582697451951
29.594164556826,0.7499999999999997,823.1286864891499,0.3906828579856123,9.408582697451951
29.594164556826,0.7499999999999997,823.1286864891499,0.3906828579856123,9.408582697451951
29.569745400300896,0.7500000000000002,820.13254053262,0.38937816899872973,9.393612796292848
29.329296138571305,0.7499999999999993,821.5312818259082,0.38506526542671304,9.38773534647485
29.693197664511107,0.7499999999999984,804.3206310599701,0.373807366291528,9.378539868540523
29.800438068334103,0.749999999999999,804.2272823664135,0.3696019655967858,9.421330173522469
29.772099638363557,0.7499999999999997,800.6741413293869,0.3722594085246301,9.43521419395027
29.772099638363557,0.7499999999999997,800.6741413293869,0.3722594085246301,9.43521419395027
29.661745158957217,0.7499999999999996,804.6907011181454,0.37669881712659775,9.559089207705544
29.758829513335314,0.75,801.7805815948574,0.3539955695927547,9.44006455876636
29.671127202754434,0.7499999999999991,804.9427056300339,0.34569437277455817,9.431819015375103
29.671127202754434,0.7499999999999991,804.9427056300339,0.34569437277455817,9.431819015375103
29.778550499176404,0.7499999999999993,796.6712007997164,0.34234037516647386,9.340754060378732
29.778550499176404,0.7499999999999993,796.6712007997164,0.34234037516647386,9.340754060378732
29.778550499176404,0.7499999999999993,796.6712007997164,0.34234037516647386,9.340754060378732
30.10971258877103,0.749999999999999,802.61385472881,0.36908134504157664,9.460541354334769
30.071668155484286,0.7499999999999989,799.743161266511,0.3523249034910308,9.426066037646606
30.071668155484286,0.7499999999999989,799.743161266511,0.3523249034910308,9.426066037646606
30.071668155484286,0.7499999999999989,799.743161266511,0.3523249034910308,9.426066037646606
30.071668155484286,0.7499999999999989,799.743161266511,0.3523249034910308,9.426066037646606
30.071668155484286,0.7499999999999989,799.743161266511,0.3523249034910308,9.426066037646606
30.071668155484286,0.7499999999999989,799.743161266511,0.3523249034910308,9.426066037646606
29.662981389423834,0.7499999999999992,802.7780179670247,0.3448774372992181,9.417674730011887
29.662981389423834,0.7499999999999992,802.7780179670247,0.3448774372992181,9.417674730011887
29.662981389423834,0.7499999999999992,802.7780179670247,0.3448774372992181,9.417674730011887
29.673695330601642,0.7499999999999992,805.6548581613496,0.3628926091076705,9.501484471366258
30.023775645831037,0.7499999999999993,807.519465080897,0.3568891305256894,9.616256248294945
30.344772608836028,0.7499999999999984,807.6990780285679,0.35215878725881306,9.72052169934336
30.344772608836028,0.7499999999999984,807.6990780285679,0.35215878725881306,9.72052169934336
30.344772608836028,0.7499999999999984,807.6990780285679,0.35215878725881306,9.72052169934336
30.5515149337113,0.7499999999999994,814.708910390887,0.3606913725326849,9.736893818409504
31.11669735919109,0.7499999999999991,810.6597865848947,0.3634858075773517,9.697743703229293
31.326117642633385,0.7499999999999992,806.6769297266932,0.3655924188286256,9.616234459237845
31.370837040710242,0.7499999999999996,803.8052944310598,0.36629315102427484,9.548391649606438
31.370837040710242,0.7499999999999996,803.8052944310598,0.36629315102427484,9.548391649606438
31.549223715064354,0.7499999999999996,802.1933813621929,0.3531190138294686,9.493514203939664
31.37733190911371,0.7499999999999988,800.9386626118406,0.3388610470260463,9.458396844432537
30.99849211855193,0.7499999999999996,794.6746662071339,0.33134399651798585,9.343796595856315
30.99849211855193,0.7499999999999996,794.6746662071339,0.33134399651798585,9.343796595856315
30.521678088621304,0.7499999999999997,798.8307165659911,0.3289538997919448,9.323777003425562
30.708138875368977,0.7499999999999994,797.639469605869,0.32835364753384355,9.254466847784027
30.66304507861102,0.7500000000000001,803.1088365459386,0.34429718268838705,9.301593476774773
30.66304507861102,0.7500000000000001,803.1088365459386,0.34429718268838705,9.301593476774773
30.822493222529545,0.7499999999999991,797.9770975041175,0.3422972012848175,9.318142094250998
30.764997168585506,0.7499999999999993,798.3808766960933,0.3497704667699156,9.386239328704708
29.96388745853627,0.7499999999999999,809.8490557226175,0.3500537962821575,9.269611860103485
30.65363806047771,0.7499999999999998,799.1673064330035,0.347780269744266,9.318295738607869
30.494553508590688,0.7499999999999988,816.149383549061,0.35010045528151973,9.393544385308207
30.610292997238986,0.7499999999999986,802.949286112181,0.3340688452301158,9.418572325799918
30.865360565294143,0.7499999999999992,803.8770070182647,0.34622351263001777,9.443175503030044
30.61425144607716,0.7499999999999996,810.2512487577778,0.35491664512431476,9.49545769555282
30.127197429938295,0.7499999999999992,812.5025104627837,0.360271164253798,9.511739241751147
29.863991245290915,0.7499999999999994,813.2214327730036,0.36615168891138106,9.531259666239984
29.496619234868955,0.7499999999999991,818.1777119510712,0.36620205834762176,9.54192700414175
29.00739340570788,0.7499999999999997,831.4777718459961,0.374648546126099,9.66792944904021
29.00739340570788,0.7499999999999997,831.4777718459961,0.374648546126099,9.66792944904021
29.00739340570788,0.7499999999999997,831.4777718459961,0.374648546126099,9.66792944904021
29.395588332961733,0.7499999999999991,814.7180564961855,0.37005201938654864,9.628476422966624
30.017685556332655,0.7499999999999993,810.421294655982,0.3725298572680429,9.687107144565228
30.389185724525383,0.7499999999999992,809.9423136999692,0.3740003576197133,9.842393290520937
30.498225525643335,0.7499999999999994,808.2017567365882,0.3804233230187494,9.915473542047204
30.498225525643335,0.7499999999999994,808.2017567365882,0.3804233230187494,9.915473542047204
30.498225525643335,0.7499999999999994,808.2017567365882,0.3804233230187494,9.915473542047204
30.883456353890274,0.7499999999999987,807.051139405415,0.3915117052848232,9.988980283340718
30.398064490522746,0.7500000000000001,807.8043713828285,0.3834013661315662,9.908396477872051
31.289766826668917,0.7499999999999982,800.0664619069335,0.3884438042483046,9.821219633799938
30.514069989435967,0.7499999999999994,806.4912657830471,0.3907183097690325,9.755727251465723
30.514069989435967,0.7499999999999994,806.4912657830471,0.3907183097690325,9.755727251465723
30.02572138023919,0.7499999999999994,819.4840418930237,0.38257723085804446,9.70223678325489
30.02572138023919,0.7499999999999994,819.4840418930237,0.38257723085804446,9.70223678325489
30.491566615255763,0.7499999999999994,808.4086314534104,0.383476719121521,9.711169226308641
30.491566615255763,0.7499999999999994,808.4086314534104,0.383476719121521,9.711169226308641
30.408536600583904,0.7499999999999998,811.825014150109,0.37604103587867943,9.656034519142233
30.408536600583904,0.7499999999999998,811.825014150109,0.37604103587867943,9.656034519142233
29.805198806611433,0.75,822.5724245219369,0.38474046914874693,9.691444856499478
29.805198806611433,0.75,822.5724245219369,0.38474046914874693,9.691444856499478
29.805198806611433,0.75,822.5724245219369,0.38474046914874693,9.691444856499478
29.805198806611433,0.75,822.5724245219369,0.38474046914874693,9.691444856499478
29.352372991482376,0.7499999999999991,825.6562690514683,0.3779372631870306,9.605052979262103
29.352372991482376,0.7499999999999991,825.6562690514683,0.3779372631870306,9.605052979262103
29.59210648795857,0.7499999999999992,815.5189387305358,0.3764385186764842,9.626804909901892
29.59210648795857,0.7499999999999992,815.5189387305358,0.3764385186764842,9.626804909901892
29.73151950867774,0.7499999999999992,815.9087653762055,0.3799890639646653,9.70745382765514
29.56585970508517,0.7499999999999991,811.0730317207558,0.3895576281661578,9.72256804955408
29.56585970508517,0.7499999999999991,811.0730317207558,0.3895576281661578,9.72256804955408
29.56585970508517,0.7499999999999991,811.0730317207558,0.3895576281661578,9.72256804955408
30.129559858971476,0.7499999999999991,805.5753808390596,0.38635246864198514,9.758080033085324
30.214934406360847,0.7499999999999993,802.1974542310069,0.3905630628418537,9.734644712657659
30.55694949619115,0.7499999999999991,797.4771924145452,0.3895948970446788,9.69358422472782
29.622401176903914,0.7499999999999986,814.5562115844269,0.3953944021385032,9.728489117570202
30.097830621069125,0.749999999999999,805.5374215425652,0.3983437959112289,9.764354684820981
30.0075646618788,0.7499999999999988,807.6412319195508,0.38560518385651016,9.747358165853987
30.0075646618788,0.7499999999999988,807.6412319195508,0.38560518385651016,9.747358165853987
30.0075646618788,0.7499999999999988,807.6412319195508,0.38560518385651016,9.747358165853987
30.173401093608458,0.7499999999999992,814.2102720171682,0.40450304325642045,9.907659052606766
30.077006677570616,0.7499999999999996,816.7091520783409,0.41540687936042164,9.982843264633143
30.077006677570616,0.7499999999999996,816.7091520783409,0.41540687936042164,9.982843264633143
30.081590014023057,0.7499999999999996,814.6929900787964,0.407488074204867,9.955205022571942
30.081590014023057,0.7499999999999996,814.6929900787964,0.407488074204867,9.955205022571942
30.081590014023057,0.7499999999999996,814.6929900787964,0.407488074204867,9.955205022571942
29.781837107364503,0.7499999999999986,818.9893118197496,0.40142735860277645,9.954704610898395
29.781837107364503,0.7499999999999986,818.9893118197496,0.40142735860277645,9.954704610898395
30.821867924312087,0.7499999999999988,804.2938395435492,0.4020438287731765,9.893680268677354
31.290500878250782,0.75,809.8810978488655,0.3999946990416268,9.810098566818613
31.133719270263366,0.7499999999999989,811.2148312860456,0.40654446808278966,9.795616781027594
30.958769347924513,0.7499999999999989,810.8134891325437,0.4067990949770957,9.783703660596123
30.958769347924513,0.7499999999999989,810.8134891325437,0.4067990949770957,9.783703660596123
30.958769347924513,0.7499999999999989,810.8134891325437,0.4067990949770957,9.783703660596123
31.087755685049657,0.75,804.4263138977856,0.40409718917785836,9.809143629105085
31.087755685049657,0.75,804.4263138977856,0.40409718917785836,9.809143629105085
30.727384986891856,0.7499999999999992,811.6450908290144,0.4230404676183649,9.811203218571587
30.609012348293973,0.7499999999999992,809.9911608568706,0.42486454015325376,9.801508606640056
30.609012348293973,0.7499999999999992,809.9911608568706,0.42486454015325376,9.801508606640056
30.390808890634535,0.7499999999999996,808.6430370494601,0.4179385480201924,9.758149457646644
30.587051790315222,0.7499999999999998,810.9747706302769,0.41364826123168685,9.859224151952969
30.36564200779878,0.7499999999999991,813.404089627153,0.4147533615112182,9.936302465756466
30.36564200779878,0.7499999999999991,813.404089627153,0.4147533615112182,9.936302465756466
30.030651379188733,0.7500000000000001,817.3245559208517,0.41821804548343217,9.935265580405154
30.32751830692971,0.7499999999999999,815.3272655261604,0.4095090703477432,9.87377437587512
30.679173382735293,0.7499999999999992,816.780811426851,0.40077057520739695,9.876908829901302
30.679173382735293,0.7499999999999992,816.780811426851,0.40077057520739695,9.876908829901302
30.66648178587959,0.75,815.6484763760749,0.40565214146862855,9.904705881086382
29.99453809818712,0.7499999999999991,819.6636109044155,0.4063091522301,9.863504681349628
29.99453809818712,0.7499999999999991,819.6636109044155,0.4063091522301,9.863504681349628
29.99453809818712,0.7499999999999991,819.6636109044155,0.4063091522301,9.863504681349628
29.99453809818712,0.7499999999999991,819.6636109044155,0.4063091522301,9.863504681349628
29.99453809818712,0.7499999999999991,819.6636109044155,0.4063091522301,9.863504681349628
29.802629409472594,0.7499999999999996,815.8996694879937,0.3946591233359652,9.729443858105242
30.23693627878266,0.7499999999999997,811.4270462774537,0.3979296072043362,9.727514144040189
30.712207788970503,0.7499999999999991,810.8484223024476,0.4008378918546233,9.770478634421584
31.321333940868016,0.7499999999999991,816.3983921050806,0.4006690217982712,9.816974110271323
31.599454896929515,0.7499999999999996,809.0448965835349,0.40940538105131896,9.840129564968056
31.599454896929515,0.7499999999999996,809.0448965835349,0.40940538105131896,9.840129564968056
31.599454896929515,0.7499999999999996,809.0448965835349,0.40940538105131896,9.840129564968056
31.01497016432401,0.7499999999999986,810.9080718497088,0.398350316922465,9.784507789536653
31.035318982271853,0.7499999999999996,799.0642485287449,0.3783601146410836,9.674183866912326
31.035318982271853,0.7499999999999996,799.0642485287449,0.3783601146410836,9.674183866912326
30.544326333804825,0.7499999999999987,800.7717170740016,0.38500059259656705,9.567395380423793
30.544326333804825,0.7499999999999987,800.7717170740016,0.38500059259656705,9.567395380423793
29.93750602216963,0.7499999999999987,814.8472828912085,0.3884905333060644,9.63277193365877
29.93750602216963,0.7499999999999987,814.8472828912085,0.3884905333060644,9.63277193365877
30.680873143175642,0.749999999999999,810.9011654181817,0.39543143054356733,9.737219310404802
30.680873143175642,0.749999999999999,810.9011654181817,0.39543143054356733,9.737219310404802
30.680873143175642,0.749999999999999,810.9011654181817,0.39543143054356733,9.737219310404802
30.680873143175642,0.749999999999999,810.9011654181817,0.39543143054356733,9.737219310404802
30.271862511242354,0.7499999999999993,809.2994118720874,0.3948111422845083,9.684382105566993
30.257920426563537,0.7499999999999987,803.430094105899,0.39821259530729014,9.631946383805547
30.257920426563537,0.7499999999999987,803.430094105899,0.39821259530729014,9.631946383805547
30.08732775577534,0.7499999999999999,801.5111387082071,0.39487986595030433,9.656180449346184
30.08732775577534,0.7499999999999999,801.5111387082071,0.39487986595030433,9.656180449346184
29.635686730651642,0.749999999999999,810.2904987622466,0.39425384107449224,9.666347015449542
29.635686730651642,0.749999999999999,810.2904987622466,0.39425384107449224,9.666347015449542
29.635686730651642,0.749999999999999,810.2904987622466,0.39425384107449224,9.666347015449542
29.398163259001176,0.7499999999999991,808.9831674398271,0.37918462742196796,9.617980386989274
29.398163259001176,0.7499999999999991,808.9831674398271,0.37918462742196796,9.617980386989274
28.860355218703045,0.7499999999999992,811.9512671231048,0.3742869569114796,9.555996853069185
29.63364114603742,0.7499999999999998,807.8963292166743,0.3681726207940214,9.532738415219248
29.63364114603742,0.7499999999999998,807.8963292166743,0.3681726207940214,9.532738415219248
29.63364114603742,0.7499999999999998,807.8963292166743,0.3681726207940214,9.532738415219248
29.63364114603742,0.7499999999999998,807.8963292166743,0.3681726207940214,9.532738415219248
29.855163765857725,0.7499999999999992,810.2871469279468,0.37180943085754453,9.555420610634608
29.855163765857725,0.7499999999999992,810.2871469279468,0.37180943085754453,9.555420610634608
29.855163765857725,0.7499999999999992,810.2871469279468,0.37180943085754453,9.555420610634608
30.050920410028795,0.7499999999999997,803.8518855438672,0.37628560474062894,9.679593586317285
30.050920410028795,0.7499999999999997,803.8518855438672,0.37628560474062894,9.679593586317285
30.050920410028795,0.7499999999999997,803.8518855438672,0.37628560474062894,9.679593586317285
29.870614962385297,0.75,806.63495261245,0.3693668973955342,9.66339535553745
30.021868828738995,0.7499999999999991,806.2997535081663,0.3738086216977588,9.682387651412046
30.919723400692924,0.7499999999999998,801.1719858280135,0.3750970681461706,9.687710700458812
30.919723400692924,0.7499999999999998,801.1719858280135,0.3750970681461706,9.687710700458812
30.919723400692924,0.7499999999999998,801.1719858280135,0.3750970681461706,9.687710700458812
30.919723400692924,0.7499999999999998,801.1719858280135,0.3750970681461706,9.687710700458812
30.919723400692924,0.7499999999999998,801.1719858280135,0.3750970681461706,9.687710700458812
31.048447093835726,0.7499999999999988,799.4644492091617,0.3695006687536613,9.69180935213337
30.820273183970617,0.7499999999999993,801.4605196064703,0.38471942444315155,9.74580642295425
31.02216470675181,0.7499999999999989,800.366649068383,0.38685512004445316,9.656515581603164
30.503904967431687,0.7499999999999989,807.0687614766181,0.3773292351036838,9.522817676296452
30.503904967431687,0.7499999999999989,807.0687614766181,0.3773292351036838,9.522817676296452
30.503904967431687,0.7499999999999989,807.0687614766181,0.3773292351036838,9.522817676296452
30.503904967431687,0.7499999999999989,807.0687614766181,0.3773292351036838,9.522817676296452
30.503904967431687,0.7499999999999989,807.0687614766181,0.3773292351036838,9.522817676296452
30.457003792431987,0.7499999999999992,805.8383590077103,0.3810573230773501,9.498339199852747
30.522765870342457,0.7499999999999989,806.4290699797334,0.38751523645405833,9.581654748050621
30.522765870342457,0.7499999999999989,806.4290699797334,0.38751523645405833,9.581654748050621
30.522765870342457,0.7499999999999989,806.4290699797334,0.38751523645405833,9.581654748050621
30.522765870342457,0.7499999999999989,806.4290699797334,0.38751523645405833,9.581654748050621
29.968822941204373,0.7499999999999993,816.62093608496,0.3951465433267453,9.6664145741934
29.968822941204373,0.7499999999999993,816.62093608496,0.3951465433267453,9.6664145741934
30.072953129672733,0.7499999999999997,808.37932402267,0.37418330375235254,9.602999434732457
30.072953129672733,0.7499999999999997,808.37932402267,0.37418330375235254,9.602999434732457
30.35334418991436,0.7499999999999997,798.0849653841706,0.3672938718291139,9.551692947573907
30.526270997919983,0.7499999999999996,800.5983137962012,0.3698596682711558,9.550444208640034
30.526270997919983,0.7499999999999996,800.5983137962012,0.3698596682711558,9.550444208640034
30.526270997919983,0.7499999999999996,800.5983137962012,0.3698596682711558,9.550444208640034
30.526270997919983,0.7499999999999996,800.5983137962012,0.3698596682711558,9.550444208640034
30.526270997919983,0.7499999999999996,800.5983137962012,0.3698596682711558,9.550444208640034
30.28526737850488,0.7499999999999999,801.8470482745347,0.37449299129626157,9.527049612534487
30.28526737850488,0.7499999999999999,801.8470482745347,0.37449299129626157,9.527049612534487
30.61323524703601,0.7499999999999982,796.5458348316745,0.36212781320735926,9.536868309703474
30.278344368399875,0.7499999999999992,796.0263926996288,0.3564789211671365,9.53451530575733
30.278344368399875,0.7499999999999992,796.0263926996288,0.3564789211671365,9.53451530575733
30.045914407022856,0.7499999999999997,802.9028347657321,0.35608733836371503,9.595649209786282
30.59474977943061,0.7499999999999992,802.8705362769564,0.3621852201355102,9.62227196091425
30.589378026030772,0.7499999999999987,802.7049502829979,0.3719820264890999,9.704208501254985
30.150621460669942,0.7499999999999996,810.2826260075162,0.38086334230619123,9.817683048114688
30.150621460669942,0.7499999999999996,810.2826260075162,0.38086334230619123,9.817683048114688
30.150621460669942,0.7499999999999996,810.2826260075162,0.38086334230619123,9.817683048114688
30.150621460669942,0.7499999999999996,810.2826260075162,0.38086334230619123,9.817683048114688
30.150621460669942,0.7499999999999996,810.2826260075162,0.38086334230619123,9.817683048114688
29.99307398967671,0.7499999999999992,805.0707247362864,0.3548997685373523,9.690022725257
29.80674953710076,0.7499999999999988,809.3994502240272,0.3503843878508309,9.698747304375951
29.54939161130229,0.7499999999999971,815.0329803343049,0.3476517882176818,9.688006558252738
29.54939161130229,0.7499999999999971,815.0329803343049,0.3476517882176818,9.688006558252738
29.54939161130229,0.7499999999999971,815.0329803343049,0.3476517882176818,9.688006558252738
29.54939161130229,0.7499999999999971,815.0329803343049,0.3476517882176818,9.688006558252738
29.54939161130229,0.7499999999999971,815.0329803343049,0.3476517882176818,9.688006558252738
30.12093752360032,0.7499999999999993,807.8121668467426,0.35881493146154964,9.739208554014567
29.861982196774857,0.7499999999999989,810.3278481915879,0.3602626506533943,9.759403750692112
29.861982196774857,0.7499999999999989,810.3278481915879,0.3602626506533943,9.759403750692112
29.861982196774857,0.7499999999999989,810.3278481915879,0.3602626506533943,9.759403750692112
30.135648431854317,0.7499999999999996,806.0021512840194,0.35354117847106287,9.700188275190609
30.135648431854317,0.7499999999999996,806.0021512840194,0.35354117847106287,9.700188275190609
30.12496944190845,0.7500000000000002,804.3098986505231,0.34697451991459966,9.666185285466307
30.12496944190845,0.7500000000000002,804.3098986505231,0.34697451991459966,9.666185285466307
30.209607522330046,0.7499999999999998,800.7207088118355,0.3309580661863395,9.529532821210433
30.209607522330046,0.7499999999999998,800.7207088118355,0.3309580661863395,9.529532821210433
30.209607522330046,0.7499999999999998,800.7207088118355,0.3309580661863395,9.529532821210433
29.497275470059304,0.7499999999999999,802.8054989657828,0.3342610550284729,9.524554055733045
29.31674592191909,0.7499999999999996,809.7925357747298,0.3429366576290385,9.594745996194902
29.65732178637926,0.7499999999999993,803.0704536174136,0.3412600568973457,9.541293253880577
29.507190611175464,0.7499999999999994,802.9671149957038,0.3495138929075871,9.51904438517678
29.607083854748407,0.749999999999999,803.5170077383435,0.3547592194399422,9.58213427194545
29.952061372239825,0.7499999999999998,802.3813503425657,0.35528936055925664,9.59402127406772
29.35693288731062,0.7499999999999997,798.4057039255677,0.3319981562110783,9.478973263222992
29.35693288731062,0.7499999999999997,798.4057039255677,0.3319981562110783,9.478973263222992
29.661239333490244,0.7499999999999999,798.1577964027748,0.3282864052898176,9.49992553464564
29.312175160203946,0.7499999999999993,798.9714297720857,0.32649412614828033,9.46466531264628
29.312175160203946,0.7499999999999993,798.9714297720857,0.32649412614828033,9.46466531264628
28.363416873031717,0.7499999999999996,813.973130084817,0.32351077247244087,9.516420726175273
28.363416873031717,0.7499999999999996,813.973130084817,0.32351077247244087,9.516420726175273
28.363416873031717,0.7499999999999996,813.973130084817,0.32351077247244087,9.516420726175273
28.537503419040696,0.7499999999999988,804.4840072207469,0.32848275975481994,9.511424457366214
28.537503419040696,0.7499999999999988,804.4840072207469,0.32848275975481994,9.511424457366214
28.287523422977262,0.749999999999999,811.0654226415143,0.3315890892175531,9.498574369379892
28.287523422977262,0.749999999999999,811.0654226415143,0.3315890892175531,9.498574369379892
28.287523422977262,0.749999999999999,811.0654226415143,0.3315890892175531,9.498574369379892
28.287523422977262,0.749999999999999,811.0654226415143,0.3315890892175531,9.498574369379892
28.287523422977262,0.749999999999999,811.0654226415143,0.3315890892175531,9.498574369379892
28.287523422977262,0.749999999999999,811.0654226415143,0.3315890892175531,9.498574369379892
28.287523422977262,0.749999999999999,811.0654226415143,0.3315890892175531,9.498574369379892
28.287523422977262,0.749999999999999,811.0654226415143,0.3315890892175531,9.498574369379892
28.758367530110867,0.7499999999999988,808.6691297997434,0.33045594016937735,9.469391619656449
28.758367530110867,0.7499999999999988,808.6691297997434,0.33045594016937735,9.469391619656449
28.97410671775241,0.7499999999999993,804.5983776533311,0.35713480197785064,9.634412745516846
28.97410671775241,0.7499999999999993,804.5983776533311,0.35713480197785064,9.634412745516846
29.51671029135113,0.7499999999999997,802.5156504560005,0.3641464920582412,9.547412803659295
29.67697817869405,0.7499999999999996,807.5553787596368,0.3739318700713152,9.581361221219202
29.67697817869405,0.7499999999999996,807.5553787596368,0.3739318700713152,9.581361221219202
29.94721727885741,0.7499999999999996,805.7002212024734,0.368382937380266,9.629265060805917
29.578046734092364,0.7499999999999999,814.6471142253184,0.3722693185178753,9.709491667123931
29.578046734092364,0.7499999999999999,814.6471142253184,0.3722693185178753,9.709491667123931
29.578046734092364,0.7499999999999999,814.6471142253184,0.3722693185178753,9.709491667123931
29.578046734092364,0.7499999999999999,814.6471142253184,0.3722693185178753,9.709491667123931
30.113092818265297,0.7499999999999986,803.1301841015322,0.36632843204310245,9.73868257871509
30.113092818265297,0.7499999999999986,803.1301841015322,0.36632843204310245,9.73868257871509
29.390272070608734,0.7500000000000001,803.7575393153231,0.35911932401363444,9.6646234010634
29.390272070608734,0.7500000000000001,803.7575393153231,0.35911932401363444,9.6646234010634
29.178233506920282,0.749999999999999,811.0945945732399,0.3694609602310213,9.75514757244603
30.314362025142145,0.7499999999999992,804.1560868007326,0.3795204750748233,9.863506626523698
30.72557158800173,0.7499999999999994,809.3050628932103,0.38550875929318645,9.878760149449445
30.72557158800173,0.7499999999999994,809.3050628932103,0.38550875929318645,9.878760149449445
31.06777571559136,0.7499999999999998,809.0664869025003,0.3797349000225749,9.806873441653073
30.60017566255432,0.7499999999999996,808.6607453870934,0.3782083788472719,9.81479356599056
30.60017566255432,0.7499999999999996,808.6607453870934,0.3782083788472719,9.81479356599056
30.60017566255432,0.7499999999999996,808.6607453870934,0.3782083788472719,9.81479356599056
30.065147335688412,0.7499999999999993,810.0833926763135,0.38718766884403233,9.867286138962925
30.15763610019018,0.7499999999999996,805.6815839782663,0.37268547701861826,9.934431597201021
29.541946526561507,0.7499999999999989,811.5028316281622,0.37755888934614334,9.76524347410864
29.90878226643886,0.7499999999999996,806.1681022879964,0.37007585766165235,9.79215359388923
29.90878226643886,0.7499999999999996,806.1681022879964,0.37007585766165235,9.79215359388923
28.98386634364278,0.749999999999999,815.6321075824442,0.3874502915688423,9.862449805037311
28.98386634364278,0.749999999999999,815.6321075824442,0.3874502915688423,9.862449805037311
28.98386634364278,0.749999999999999,815.6321075824442,0.3874502915688423,9.862449805037311
28.98386634364278,0.749999999999999,815.6321075824442,0.3874502915688423,9.862449805037311
28.98386634364278,0.749999999999999,815.6321075824442,0.3874502915688423,9.862449805037311
28.98386634364278,0.749999999999999,815.6321075824442,0.3874502915688423,9.862449805037311
28.98386634364278,0.749999999999999,815.6321075824442,0.3874502915688423,9.862449805037311
28.98386634364278,0.749999999999999,815.6321075824442,0.3874502915688423,9.862449805037311
28.98386634364278,0.749999999999999,815.6321075824442,0.3874502915688423,9.862449805037311
29.038658381710416,0.7499999999999994,807.6816123245948,0.3802638440547961,9.730812768842384
29.038658381710416,0.7499999999999994,807.6816123245948,0.3802638440547961,9.730812768842384
29.038658381710416,0.7499999999999994,807.6816123245948,0.3802638440547961,9.730812768842384
28.89781118576916,0.7500000000000001,815.8319793806234,0.3891597008133023,9.740109021711419
28.547559718179137,0.7499999999999991,829.1297975064601,0.4027751977309153,9.868947895861618
28.547559718179137,0.7499999999999991,829.1297975064601,0.4027751977309153,9.868947895861618
28.547559718179137,0.7499999999999991,829.1297975064601,0.4027751977309153,9.868947895861618
29.22467425603117,0.7499999999999989,819.0497867687435,0.39326499244825386,9.842408230554593
29.19936309145838,0.7499999999999994,809.6674788711011,0.3828321502391165,9.733968876605246
29.496334815981484,0.7499999999999998,804.8375171800972,0.38241915255522996,9.627638138384707
29.496334815981484,0.7499999999999998,804.8375171800972,0.38241915255522996,9.627638138384707
29.496334815981484,0.7499999999999998,804.8375171800972,0.38241915255522996,9.627638138384707
29.036893318552952,0.7499999999999999,811.0969406629332,0.3752648337935752,9.600169568879855
29.86326068319567,0.7499999999999988,798.7614708321815,0.37594770958287616,9.625244799881918
29.683528129434176,0.7499999999999994,806.6705715320043,0.37122354474886154,9.619524908911748
29.911687075574125,0.7499999999999988,802.2514045482401,0.3728337856338309,9.711858227531469
29.54437650641722,0.7499999999999992,804.2953198334551,0.3800992036521468,9.690990872357016
29.393185151470785,0.7499999999999989,810.7444195733008,0.37817339666093014,9.723374671769857
29.393185151470785,0.7499999999999989,810.7444195733008,0.37817339666093014,9.723374671769857
29.470101844429273,0.7500000000000001,809.748911085486,0.380718835379085,9.74532713015181
29.165244802395097,0.7499999999999993,810.1695726536873,0.3746028663834588,9.706044894806166
29.0162226946551,0.7499999999999998,818.1838780608915,0.3790819156460083,9.656457142516558
29.0162226946551,0.7499999999999998,818.1838780608915,0.3790819156460083,9.656457142516558
29.0162226946551,0.7499999999999998,818.1838780608915,0.3790819156460083,9.656457142516558
28.883663092579262,0.7499999999999998,820.4475423327494,0.38854735021683945,9.60777540023756
29.28337907017903,0.7499999999999997,812.7894870756661,0.39772935988482394,9.696038296050622
29.28337907017903,0.7499999999999997,812.7894870756661,0.39772935988482394,9.696038296050622
29.28337907017903,0.7499999999999997,812.7894870756661,0.39772935988482394,9.696038296050622
29.28337907017903,0.7499999999999997,812.7894870756661,0.39772935988482394,9.696038296050622
29.28337907017903,0.7499999999999997,812.7894870756661,0.39772935988482394,9.696038296050622
29.28337907017903,0.7499999999999997,812.7894870756661,0.39772935988482394,9.696038296050622
29.37543447116223,0.7499999999999997,805.7465781761423,0.38254307937950444,9.547186188649054
29.37543447116223,0.7499999999999997,805.7465781761423,0.38254307937950444,9.547186188649054
29.655788425821235,0.7499999999999992,797.7539339744116,0.36491256907081093,9.526980027565003
29.655788425821235,0.7499999999999992,797.7539339744116,0.36491256907081093,9.526980027565003
29.197703903668764,0.7499999999999988,804.236703451861,0.3646606629075457,9.664526897180076
29.860791673770773,0.7499999999999991,798.427570015848,0.3529513370535014,9.629144689115233
30.068915812011987,0.7499999999999988,795.7761264334075,0.3587039207324932,9.611322813766236
30.068915812011987,0.7499999999999988,795.7761264334075,0.3587039207324932,9.611322813766236
30.162711219535105,0.7499999999999997,799.6319875767036,0.3671281932880128,9.636312068410993
30.162711219535105,0.7499999999999997,799.6319875767036,0.3671281932880128,9.636312068410993
30.14423945907828,0.7499999999999997,804.1699197966284,0.36857081573187384,9.581216005843055
30.14423945907828,0.7499999999999997,804.1699197966284,0.36857081573187384,9.581216005843055
30.14423945907828,0.7499999999999997,804.1699197966284,0.36857081573187384,9.581216005843055
30.14423945907828,0.7499999999999997,804.1699197966284,0.36857081573187384,9.581216005843055
30.14423945907828,0.7499999999999997,804.1699197966284,0.36857081573187384,9.581216005843055
30.0055706661153,0.7499999999999997,806.2512535247056,0.37690452652385603,9.578554641658702
30.0055706661153,0.7499999999999997,806.2512535247056,0.37690452652385603,9.578554641658702
30.0055706661153,0.7499999999999997,806.2512535247056,0.37690452652385603,9.578554641658702
30.323864682629296,0.7499999999999998,800.5821476221254,0.39492271181950617,9.650399204920424
30.323864682629296,0.7499999999999998,800.5821476221254,0.39492271181950617,9.650399204920424
30.323864682629296,0.7499999999999998,800.5821476221254,0.39492271181950617,9.650399204920424
30.613626329827298,0.7499999999999988,798.4766350253035,0.3863690902404696,9.609560895169519
30.472634606595125,0.7499999999999979,807.0196436326121,0.3894737671669732,9.594325108344446
29.393149881851393,0.7499999999999991,817.8884226439671,0.3876620913322958,9.598512860132843
29.904586234327432,0.7499999999999998,803.358919569792,0.3881360841770287,9.616658794244819
29.904586234327432,0.7499999999999998,803.358919569792,0.3881360841770287,9.616658794244819
29.68357728924788,0.7500000000000001,811.1119691854767,0.3958881551709616,9.77530806416191
29.68357728924788,0.7500000000000001,811.1119691854767,0.3958881551709616,9.77530806416191
30.36113901041193,0.7499999999999989,804.9262871825488,0.3860202996492967,9.69496256361359
29.770805385747423,0.7499999999999998,810.6114360539013,0.39356002323582473,9.743396163315191
29.770805385747423,0.7499999999999998,810.6114360539013,0.39356002323582473,9.743396163315191
29.98535129322306,0.7499999999999987,805.4471093066106,0.3826197643591715,9.720145582865081
30.216499188183864,0.7499999999999988,801.5380027609722,0.38704978508951704,9.753890774742336
29.828142034667223,0.7499999999999982,811.5507288253307,0.39718347013846095,9.903626334575481
29.789439096162237,0.7499999999999991,809.3351277099028,0.4056246158237646,9.795093540734754
29.40645660348693,0.7499999999999986,815.0577131218568,0.40813671640241667,9.86130648481355
29.40645660348693,0.7499999999999986,815.0577131218568,0.40813671640241667,9.86130648481355
29.33820624207819,0.7499999999999987,806.8120469770288,0.39612972923568,9.733374247239874
29.025607733212794,0.7499999999999997,809.0486058282008,0.38715540919281866,9.69327035411943
28.816211747898507,0.7499999999999996,814.9961941006479,0.39486089769307525,9.759123900415215
28.816211747898507,0.7499999999999996,814.9961941006479,0.39486089769307525,9.759123900415215
29.07650681058833,0.749999999999999,804.424267248301,0.38680782682763665,9.664165834007107
29.07650681058833,0.749999999999999,804.424267248301,0.38680782682763665,9.664165834007107
29.07650681058833,0.749999999999999,804.424267248301,0.38680782682763665,9.664165834007107
29.07650681058833,0.749999999999999,804.424267248301,0.38680782682763665,9.664165834007107
29.07650681058833,0.749999999999999,804.424267248301,0.38680782682763665,9.664165834007107
29.07650681058833,0.749999999999999,804.424267248301,0.38680782682763665,9.664165834007107
29.07650681058833,0.749999999999999,804.424267248301,0.38680782682763665,9.664165834007107
29.07650681058833,0.749999999999999,804.424267248301,0.38680782682763665,9.664165834007107
29.07650681058833,0.749999999999999,804.424267248301,0.38680782682763665,9.664165834007107
28.636275283524146,0.7499999999999997,819.1873019232552,0.39304307465784843,9.706924399282062
28.636275283524146,0.7499999999999997,819.1873019232552,0.39304307465784843,9.706924399282062
29.10230767023711,0.7499999999999998,809.3850531839716,0.38928895619840614,9.673968107334597
29.10230767023711,0.7499999999999998,809.3850531839716,0.38928895619840614,9.673968107334597
28.916419544006555,0.7499999999999991,806.6816069771272,0.3804331038836448,9.620002611315087
28.916419544006555,0.7499999999999991,806.6816069771272,0.3804331038836448,9.620002611315087
28.962699589319502,0.7499999999999997,815.0697330346031,0.36954123182298815,9.768944339058928
28.686090997683422,0.7499999999999989,812.2917166510409,0.3669990664909006,9.773200070620709
28.686090997683422,0.7499999999999989,812.2917166510409,0.3669990664909006,9.773200070620709
28.686090997683422,0.7499999999999989,812.2917166510409,0.3669990664909006,9.773200070620709
28.686090997683422,0.7499999999999989,812.2917166510409,0.3669990664909006,9.773200070620709
28.686090997683422,0.7499999999999989,812.2917166510409,0.3669990664909006,9.773200070620709
28.4148116088669,0.7499999999999992,818.1614409536016,0.36622624092912803,9.732780483964557
28.4148116088669,0.7499999999999992,818.1614409536016,0.36622624092912803,9.732780483964557
28.4148116088669,0.7499999999999992,818.1614409536016,0.36622624092912803,9.732780483964557
28.4148116088669,0.7499999999999992,818.1614409536016,0.36622624092912803,9.732780483964557
28.4148116088669,0.7499999999999992,818.1614409536016,0.36622624092912803,9.732780483964557
28.4148116088669,0.7499999999999992,818.1614409536016,0.36622624092912803,9.732780483964557
28.4148116088669,0.7499999999999992,818.1614409536016,0.36622624092912803,9.732780483964557
28.850567424323348,0.7499999999999996,815.118476973471,0.36855652287506546,9.69993606094902
28.850567424323348,0.7499999999999996,815.118476973471,0.36855652287506546,9.69993606094902
28.850567424323348,0.7499999999999996,815.118476973471,0.36855652287506546,9.69993606094902
28.850567424323348,0.7499999999999996,815.118476973471,0.36855652287506546,9.69993606094902
28.395283247225116,0.7499999999999989,830.4721354714044,0.369884692626319,9.789476940705843
28.395283247225116,0.7499999999999989,830.4721354714044,0.369884692626319,9.789476940705843
28.395283247225116,0.7499999999999989,830.4721354714044,0.369884692626319,9.789476940705843
28.395283247225116,0.7499999999999989,830.4721354714044,0.369884692626319,9.789476940705843
28.395283247225116,0.7499999999999989,830.4721354714044,0.369884692626319,9.789476940705843
28.752970898544206,0.7499999999999994,820.4653229472677,0.3762648139815084,9.850395451712881
28.752970898544206,0.7499999999999994,820.4653229472677,0.3762648139815084,9.850395451712881
27.816296380439095,0.7499999999999997,819.8841346575658,0.3629281033455196,9.668907222330052
27.816296380439095,0.7499999999999997,819.8841346575658,0.3629281033455196,9.668907222330052
27.816296380439095,0.7499999999999997,819.8841346575658,0.3629281033455196,9.668907222330052
27.816296380439095,0.7499999999999997,819.8841346575658,0.3629281033455196,9.668907222330052
28.497050393186218,0.749999999999999,806.1001345194268,0.3634737264780486,9.730489213671607
28.497050393186218,0.749999999999999,806.1001345194268,0.3634737264780486,9.730489213671607
28.384203296551647,0.7499999999999993,809.6995393857605,0.36313109066620564,9.767139932909751
27.813302695199482,0.7499999999999994,816.1156534997717,0.3650580986367072,9.742750444940182
27.813302695199482,0.7499999999999994,816.1156534997717,0.3650580986367072,9.742750444940182
27.813302695199482,0.7499999999999994,816.1156534997717,0.3650580986367072,9.742750444940182
27.446899556154627,0.7500000000000004,825.0506283806169,0.3599186077898881,9.82591323694157
27.342206008623037,0.7499999999999994,825.4523639766054,0.35740537089988833,9.81125833383519
28.147610676868627,0.7499999999999998,808.4850346584076,0.3426761687051202,9.64273125224074
28.07568852559137,0.7499999999999983,811.0009729958098,0.348236113642973,9.731016145711743
27.741642003208575,0.7499999999999989,811.9580456006139,0.33859829623864335,9.707356775497342
28.418166915628156,0.7499999999999993,805.4513425298538,0.3441994803967835,9.686260806521716
28.418166915628156,0.7499999999999993,805.4513425298538,0.3441994803967835,9.686260806521716
28.158766357065005,0.7499999999999998,811.1014239734598,0.3435077550719092,9.711055306301521
28.158766357065005,0.7499999999999998,811.1014239734598,0.3435077550719092,9.711055306301521
28.119462526816704,0.7499999999999997,813.512129500816,0.3372805052023585,9.72227792949657
28.119462526816704,0.7499999999999997,813.512129500816,0.3372805052023585,9.72227792949657
28.119462526816704,0.7499999999999997,813.512129500816,0.3372805052023585,9.72227792949657
28.119462526816704,0.7499999999999997,813.512129500816,0.3372805052023585,9.72227792949657
28.119462526816704,0.7499999999999997,813.512129500816,0.3372805052023585,9.72227792949657
28.119462526816704,0.7499999999999997,813.512129500816,0.3372805052023585,9.72227792949657
28.119462526816704,0.7499999999999997,813.512129500816,0.3372805052023585,9.72227792949657
28.119462526816704,0.7499999999999997,813.512129500816,0.3372805052023585,9.72227792949657
28.514235952756064,0.7499999999999998,818.4145797125294,0.3452943424982141,9.821259727813842
28.514235952756064,0.7499999999999998,818.4145797125294,0.3452943424982141,9.821259727813842
28.609516855582154,0.7499999999999984,822.3801142491395,0.3597143107133829,9.805666402878856
29.20137908268616,0.7499999999999996,814.1188685851221,0.35337963894243735,9.7269335809478
29.20137908268616,0.7499999999999996,814.1188685851221,0.35337963894243735,9.7269335809478
29.20137908268616,0.7499999999999996,814.1188685851221,0.35337963894243735,9.7269335809478
29.20137908268616,0.7499999999999996,814.1188685851221,0.35337963894243735,9.7269335809478
29.16680476805854,0.7499999999999986,820.1392959983867,0.35959638677622846,9.733100225098818
29.16680476805854,0.7499999999999986,820.1392959983867,0.35959638677622846,9.733100225098818
29.16680476805854,0.7499999999999986,820.1392959983867,0.35959638677622846,9.733100225098818
29.16680476805854,0.7499999999999986,820.1392959983867,0.35959638677622846,9.733100225098818
29.16680476805854,0.7499999999999986,820.1392959983867,0.35959638677622846,9.733100225098818
29.16680476805854,0.7499999999999986,820.1392959983867,0.35959638677622846,9.733100225098818
28.62305091933276,0.7499999999999987,821.0171535728047,0.3608915544002355,9.681784944710387
28.62305091933276,0.7499999999999987,821.0171535728047,0.3608915544002355,9.681784944710387
28.40772222374016,0.7500000000000002,825.663594942446,0.3748236243774529,9.722646628630986
28.33729482106779,0.7499999999999997,828.5912779380693,0.3724793054946833,9.792780518406033
28.33729482106779,0.7499999999999997,828.5912779380693,0.3724793054946833,9.792780518406033
28.16320313120386,0.7499999999999994,818.9143427447466,0.3711112704218029,9.726112745886635
28.987862279392353,0.7499999999999986,809.2587419315905,0.3544557702265597,9.631693341131802
29.61716275193327,0.7499999999999999,802.8530084387401,0.3516665382026363,9.639723558803368
29.61716275193327,0.7499999999999999,802.8530084387401,0.3516665382026363,9.639723558803368
29.61716275193327,0.7499999999999999,802.8530084387401,0.3516665382026363,9.639723558803368
29.61716275193327,0.7499999999999999,802.8530084387401,0.3516665382026363,9.639723558803368
29.76461921841123,0.7499999999999992,813.0803966316624,0.3629264393575094,9.60618649502006
29.76461921841123,0.7499999999999992,813.0803966316624,0.3629264393575094,9.60618649502006
29.76461921841123,0.7499999999999992,813.0803966316624,0.3629264393575094,9.60618649502006
29.76461921841123,0.7499999999999992,813.0803966316624,0.3629264393575094,9.60618649502006
29.494831439986807,0.7499999999999988,815.3311297975608,0.3624019270256859,9.547976991183578
29.494831439986807,0.7499999999999988,815.3311297975608,0.3624019270256859,9.547976991183578
29.20321471664721,0.7499999999999982,812.4732947344014,0.35560195836826114,9.482034304098425
29.20321471664721,0.7499999999999982,812.4732947344014,0.35560195836826114,9.482034304098425
29.20321471664721,0.7499999999999982,812.4732947344014,0.35560195836826114,9.482034304098425
29.20321471664721,0.7499999999999982,812.4732947344014,0.35560195836826114,9.482034304098425
29.20321471664721,0.7499999999999982,812.4732947344014,0.35560195836826114,9.482034304098425
29.509432852015728,0.749999999999999,802.7788909716251,0.34661496317222246,9.533949742412199
28.929285578150058,0.7499999999999991,808.4388961242389,0.3383022301813823,9.434255363426777
28.980083915507517,0.7499999999999994,800.974474760266,0.3434467752224033,9.520457844846394
28.980083915507517,0.7499999999999994,800.974474760266,0.3434467752224033,9.520457844846394
28.980083915507517,0.7499999999999994,800.974474760266,0.3434467752224033,9.520457844846394
28.23975633395563,0.7499999999999994,820.2503520926685,0.37220591751788046,9.654876917223518
28.782166039472038,0.7499999999999998,809.34540049165,0.3719020031615666,9.717148169394335
29.293165228292317,0.7499999999999984,803.5166579743777,0.37557447331447097,9.71181361273654
29.293165228292317,0.7499999999999984,803.5166579743777,0.37557447331447097,9.71181361273654
28.23443496552797,0.7499999999999994,815.8090413157631,0.3846792790723162,9.720200307009042
28.23443496552797,0.7499999999999994,815.8090413157631,0.3846792790723162,9.720200307009042
28.23443496552797,0.7499999999999994,815.8090413157631,0.3846792790723162,9.720200307009042
27.603488457872224,0.749999999999999,826.06530679074,0.4000737146498253,9.737874979800853
27.603488457872224,0.749999999999999,826.06530679074,0.4000737146498253,9.737874979800853
27.603488457872224,0.749999999999999,826.06530679074,0.4000737146498253,9.737874979800853
27.263481536628625,0.7499999999999993,825.4365311289959,0.3965554807420132,9.763295716077096
27.263481536628625,0.7499999999999993,825.4365311289959,0.3965554807420132,9.763295716077096
27.263481536628625,0.7499999999999993,825.4365311289959,0.3965554807420132,9.763295716077096
27.88894264750916,0.7499999999999993,816.1105858203016,0.3989903701976937,9.784015073242188
28.242998423167855,0.7499999999999991,805.6335572369807,0.39159703634180265,9.706302736198737
28.242998423167855,0.7499999999999991,805.6335572369807,0.39159703634180265,9.706302736198737
28.242998423167855,0.7499999999999991,805.6335572369807,0.39159703634180265,9.706302736198737
28.417914271800836,0.7499999999999987,807.8101881539314,0.40252831895755564,9.784105023704583
28.481791285432234,0.7499999999999996,810.9275631045656,0.3986883649099714,9.672604849546904
28.87849303410001,0.7499999999999999,805.8488326865254,0.40297843018946555,9.747923041232156
28.87849303410001,0.7499999999999999,805.8488326865254,0.40297843018946555,9.747923041232156
28.87849303410001,0.7499999999999999,805.8488326865254,0.40297843018946555,9.747923041232156
28.947429599109746,0.749999999999999,808.150286378402,0.38003361485468484,9.712119682601749
28.947429599109746,0.749999999999999,808.150286378402,0.38003361485468484,9.712119682601749
28.779935476303095,0.7499999999999988,811.2487139426137,0.37713432209430253,9.666590312439192
28.779935476303095,0.7499999999999988,811.2487139426137,0.37713432209430253,9.666590312439192
28.779935476303095,0.7499999999999988,811.2487139426137,0.37713432209430253,9.666590312439192
28.779935476303095,0.7499999999999988,811.2487139426137,0.37713432209430253,9.666590312439192
28.779935476303095,0.7499999999999988,811.2487139426137,0.37713432209430253,9.666590312439192
29.228063130806188,0.7499999999999991,805.9661410032481,0.36666878311486384,9.58949960384667
29.228063130806188,0.7499999999999991,805.9661410032481,0.36666878311486384,9.58949960384667
29.459067032030447,0.7500000000000001,798.7189976877709,0.3528178529284623,9.493515633732533
29.459067032030447,0.7500000000000001,798.7189976877709,0.3528178529284623,9.493515633732533
29.771808706532358,0.75,797.4187272684687,0.3591479865141346,9.59830369265993
29.190267442905448,0.7499999999999988,805.5593532508044,0.3639397918974076,9.648544763952732
29.33708483413315,0.7499999999999993,800.9093470139234,0.3538279055185227,9.54648906132817
28.935050206944013,0.7499999999999982,811.7882949572875,0.367862950876281,9.58208257215008
29.78960010325808,0.7499999999999996,803.1247752763644,0.36846391152616037,9.667686590617484
29.58830989190058,0.7499999999999998,806.4664647244481,0.37643923474418006,9.745175966209336
29.993240908546568,0.7499999999999986,800.8138930994671,0.3777961575423642,9.64289904682698
29.539084035190466,0.7499999999999991,802.9315815961124,0.3837759484558646,9.786550008504516
29.539084035190466,0.7499999999999991,802.9315815961124,0.3837759484558646,9.786550008504516
29.539084035190466,0.7499999999999991,802.9315815961124,0.3837759484558646,9.786550008504516
29.084297227370737,0.7499999999999987,802.1734085140687,0.3864710272374454,9.823190041954229
29.54447461174722,0.7499999999999998,798.5602287513113,0.3844592149251748,9.775169177459698
29.54447461174722,0.7499999999999998,798.5602287513113,0.3844592149251748,9.775169177459698
29.415191915507947,0.7499999999999997,796.8221710815085,0.3774845557840028,9.796835828905234
29.360941801745213,0.7499999999999999,800.7032894088459,0.3747970454867527,9.741527194288176
29.18175154783888,0.7499999999999996,803.385278446478,0.3756158037371505,9.667866757263946
28.921012338311208,0.7499999999999984,814.1828636116014,0.399977761061379,9.755293408864887
28.921012338311208,0.7499999999999984,814.1828636116014,0.399977761061379,9.755293408864887
29.43064999550858,0.7499999999999994,813.6380942320699,0.402280597134674,9.781302461936528
29.43064999550858,0.7499999999999994,813.6380942320699,0.402280597134674,9.781302461936528
29.43064999550858,0.7499999999999994,813.6380942320699,0.402280597134674,9.781302461936528
29.370010961359046,0.7499999999999982,816.1401247516708,0.39859890067799036,9.768483910825399
29.370010961359046,0.7499999999999982,816.1401247516708,0.39859890067799036,9.768483910825399
29.370010961359046,0.7499999999999982,816.1401247516708,0.39859890067799036,9.768483910825399
29.370010961359046,0.7499999999999982,816.1401247516708,0.39859890067799036,9.768483910825399
29.370010961359046,0.7499999999999982,816.1401247516708,0.39859890067799036,9.768483910825399
29.370010961359046,0.7499999999999982,816.1401247516708,0.39859890067799036,9.768483910825399
29.429670380669755,0.7499999999999986,807.7105380999577,0.39740849195411737,9.756625133296486
29.36316048907331,0.7499999999999993,812.2938662489141,0.4022153499793273,9.85005335590858
29.36316048907331,0.7499999999999993,812.2938662489141,0.4022153499793273,9.85005335590858
29.578619972255915,0.7499999999999984,813.4881313177596,0.409021276721169,9.894565850235711
29.578619972255915,0.7499999999999984,813.4881313177596,0.409021276721169,9.894565850235711
29.79201886699083,0.7499999999999986,811.9015355614008,0.40725299560375794,9.866701460859279
29.79201886699083,0.7499999999999986,811.9015355614008,0.40725299560375794,9.866701460859279
29.79201886699083,0.7499999999999986,811.9015355614008,0.40725299560375794,9.866701460859279
29.79201886699083,0.7499999999999986,811.9015355614008,0.40725299560375794,9.866701460859279
29.79201886699083,0.7499999999999986,811.9015355614008,0.40725299560375794,9.866701460859279
29.79201886699083,0.7499999999999986,811.9015355614008,0.40725299560375794,9.866701460859279
29.79201886699083,0.7499999999999986,811.9015355614008,0.40725299560375794,9.866701460859279
29.227919680521403,0.75,823.1903954788478,0.41346163193876007,9.81200513163212
29.227919680521403,0.75,823.1903954788478,0.41346163193876007,9.81200513163212
29.227919680521403,0.75,823.1903954788478,0.41346163193876007,9.81200513163212
29.666816265375022,0.7499999999999984,825.1314507556253,0.4288443380791361,9.833722102960127
29.666816265375022,0.7499999999999984,825.1314507556253,0.4288443380791361,9.833722102960127
29.666816265375022,0.7499999999999984,825.1314507556253,0.4288443380791361,9.833722102960127
29.559275963267584,0.7499999999999993,824.5270305085344,0.42373998663807033,9.841942564145885
29.559275963267584,0.7499999999999993,824.5270305085344,0.42373998663807033,9.841942564145885
29.559275963267584,0.7499999999999993,824.5270305085344,0.42373998663807033,9.841942564145885
29.56009060369499,0.7499999999999993,819.2556582616468,0.4287985515841833,9.863491367569708
29.807645129823637,0.749999999999999,818.3194479662071,0.4229437344085966,9.886985308404665
29.807645129823637,0.749999999999999,818.3194479662071,0.4229437344085966,9.886985308404665
29.807645129823637,0.749999999999999,818.3194479662071,0.4229437344085966,9.886985308404665
29.68564181924055,0.7499999999999994,824.6391839612721,0.4287381832903926,9.872562463650556
29.68564181924055,0.7499999999999994,824.6391839612721,0.4287381832903926,9.872562463650556
29.68564181924055,0.7499999999999994,824.6391839612721,0.4287381832903926,9.872562463650556
29.68564181924055,0.7499999999999994,824.6391839612721,0.4287381832903926,9.872562463650556
29.68564181924055,0.7499999999999994,824.6391839612721,0.4287381832903926,9.872562463650556
30.46853762643628,0.7499999999999983,816.3722088187974,0.4315961217887757,9.929094952964125
30.14198979401074,0.7499999999999993,818.7996686300019,0.43529259601180187,9.9326428593148
31.110149296853326,0.75,803.0222089118699,0.4193131114749468,9.923871703424505
30.9052821016051,0.7499999999999993,805.7199181916548,0.424217524055502,9.91412414585636
30.158350638993777,0.7499999999999998,811.0857809777306,0.4244515440758602,10.004211381995358
30.626815513817103,0.7499999999999996,815.0767111077379,0.4300428299332179,10.07650656131961
30.626815513817103,0.7499999999999996,815.0767111077379,0.4300428299332179,10.07650656131961
30.189690414609743,0.7499999999999994,807.3941000620903,0.42036639960908784,9.854479787664776
30.189690414609743,0.7499999999999994,807.3941000620903,0.42036639960908784,9.854479787664776
30.296147432844112,0.75,804.4135344909414,0.4125476905088452,9.785870820189583
30.296147432844112,0.75,804.4135344909414,0.4125476905088452,9.785870820189583
30.367193462665206,0.7499999999999996,812.100742381075,0.4129649378165441,9.83559249652102
30.560016021236258,0.7499999999999991,812.4799667299344,0.4185136250116909,9.897949859608607
30.68783472848785,0.75,807.4460416277024,0.40674989354495805,9.878793309605664
30.68783472848785,0.75,807.4460416277024,0.40674989354495805,9.878793309605664
30.477165253563147,0.749999999999999,802.2150849485993,0.40220421422014635,9.793228791118159
30.477165253563147,0.749999999999999,802.2150849485993,0.40220421422014635,9.793228791118159
29.5606719344807,0.7500000000000001,810.2709084878966,0.4016960766818171,9.690282055629083
29.5606719344807,0.7500000000000001,810.2709084878966,0.4016960766818171,9.690282055629083
29.758054093983997,0.7499999999999993,806.7696858905217,0.4082676108813004,9.719772583476598
30.039794773284505,0.7499999999999996,805.8979085007572,0.40534242751527094,9.800289925692871
30.039794773284505,0.7499999999999996,805.8979085007572,0.40534242751527094,9.800289925692871
30.039794773284505,0.7499999999999996,805.8979085007572,0.40534242751527094,9.800289925692871
30.039794773284505,0.7499999999999996,805.8979085007572,0.40534242751527094,9.800289925692871
30.510384523561935,0.7499999999999998,803.6980577008886,0.404086707666293,9.77373199315286
30.510384523561935,0.7499999999999998,803.6980577008886,0.404086707666293,9.77373199315286
30.305095793809766,0.7499999999999994,804.4517154221,0.40703541327206033,9.805767059404427
29.51828242062211,0.7499999999999988,818.8016859452356,0.4060576411049509,9.875241081418286
29.51828242062211,0.7499999999999988,818.8016859452356,0.4060576411049509,9.875241081418286
29.51828242062211,0.7499999999999988,818.8016859452356,0.4060576411049509,9.875241081418286
29.51828242062211,0.7499999999999988,818.8016859452356,0.4060576411049509,9.875241081418286
29.51828242062211,0.7499999999999988,818.8016859452356,0.4060576411049509,9.875241081418286
29.51828242062211,0.7499999999999988,818.8016859452356,0.4060576411049509,9.875241081418286
30.39175488491343,0.7499999999999997,812.6621815941162,0.39886690346775056,9.85759789552873
30.024212514954293,0.7499999999999996,822.2651699553492,0.3999792233433933,9.812492799398234
30.024212514954293,0.7499999999999996,822.2651699553492,0.3999792233433933,9.812492799398234
30.024212514954293,0.7499999999999996,822.2651699553492,0.3999792233433933,9.812492799398234
30.024212514954293,0.7499999999999996,822.2651699553492,0.3999792233433933,9.812492799398234
30.024212514954293,0.7499999999999996,822.2651699553492,0.3999792233433933,9.812492799398234
30.25702055446995,0.7499999999999994,812.9398722199434,0.3950334916358859,9.835375418470695
30.25702055446995,0.7499999999999994,812.9398722199434,0.3950334916358859,9.835375418470695
30.076931498799095,0.7499999999999991,806.4030608833957,0.37918044526515693,9.831683712451973
29.80477411586901,0.7499999999999997,811.3634529737208,0.3850247699561873,9.76594084135225
29.80477411586901,0.7499999999999997,811.3634529737208,0.3850247699561873,9.76594084135225
30.088821669009032,0.7499999999999989,807.6574433866479,0.3920067853237022,9.779793274975413
30.088821669009032,0.7499999999999989,807.6574433866479,0.3920067853237022,9.779793274975413
30.088821669009032,0.7499999999999989,807.6574433866479,0.3920067853237022,9.779793274975413
30.310728942607465,0.7499999999999993,808.5055498902965,0.399527439349482,9.745596033640098
29.848736953709153,0.7499999999999996,805.4655649573938,0.39563116915561736,9.702672540051609
29.848736953709153,0.7499999999999996,805.4655649573938,0.39563116915561736,9.702672540051609
29.848736953709153,0.7499999999999996,805.4655649573938,0.39563116915561736,9.702672540051609
29.812798820639507,0.7499999999999989,816.5694480508566,0.3957752407342352,9.704605229933659
29.787415005347988,0.75,820.4183483624871,0.4112354223013667,9.762273776250755
29.890661535833157,0.7499999999999992,813.2429733228912,0.40973538521659686,9.792415132873776
29.696153516632705,0.7499999999999996,813.7011938978483,0.4093480590246936,9.827450432992695
29.557282183237966,0.7499999999999983,820.1546166290443,0.4183465300116867,9.792291843145065
29.557282183237966,0.7499999999999983,820.1546166290443,0.4183465300116867,9.792291843145065
29.821094876465747,0.7499999999999998,810.5303831518321,0.39350496584389105,9.699370054042163
29.65576389802425,0.7499999999999998,810.7584215906243,0.39188527443465154,9.66529353304109
29.75095976516682,0.749999999999998,806.0391950787676,0.3791035795844274,9.645255732459969
29.75095976516682,0.749999999999998,806.0391950787676,0.3791035795844274,9.645255732459969
29.75095976516682,0.749999999999998,806.0391950787676,0.3791035795844274,9.645255732459969
29.149363662394926,0.75,808.3485316267216,0.37948179684986516,9.653040722612749
29.149363662394926,0.75,808.3485316267216,0.37948179684986516,9.653040722612749
29.149363662394926,0.75,808.3485316267216,0.37948179684986516,9.653040722612749
29.022167362012247,0.7499999999999996,808.4430980305228,0.369480925723835,9.553769852888848
29.022167362012247,0.7499999999999996,808.4430980305228,0.369480925723835,9.553769852888848
28.879436262216505,0.7499999999999997,814.2058795974158,0.37699751381151303,9.636338039151843
28.879436262216505,0.7499999999999997,814.2058795974158,0.37699751381151303,9.636338039151843
29.478042648013233,0.7500000000000002,804.2198238247681,0.3743610613746099,9.67580004548994
28.965620321735756,0.7499999999999984,801.815025039754,0.35694771766404776,9.52985908215216
28.635468144289852,0.7499999999999996,812.9749263163519,0.3610563667556518,9.595025788459306
28.635468144289852,0.7499999999999996,812.9749263163519,0.3610563667556518,9.595025788459306
28.635468144289852,0.7499999999999996,812.9749263163519,0.3610563667556518,9.595025788459306
28.635468144289852,0.7499999999999996,812.9749263163519,0.3610563667556518,9.595025788459306
28.434077403676856,0.7499999999999987,814.6523587472979,0.3650292383032212,9.655230350010205
28.434077403676856,0.7499999999999987,814.6523587472979,0.3650292383032212,9.655230350010205
28.67828339606328,0.7499999999999986,810.5768519452033,0.35713444500954483,9.624912973994238
28.67828339606328,0.7499999999999986,810.5768519452033,0.35713444500954483,9.624912973994238
28.947348520761125,0.7499999999999998,804.1842704570388,0.3709676804453618,9.75954430175364
28.947348520761125,0.7499999999999998,804.1842704570388,0.3709676804453618,9.75954430175364
28.947348520761125,0.7499999999999998,804.1842704570388,0.3709676804453618,9.75954430175364
28.947348520761125,0.7499999999999998,804.1842704570388,0.3709676804453618,9.75954430175364
28.64887934029751,0.7499999999999993,813.0671326962353,0.3868545678015904,9.73627941550816
28.64887934029751,0.7499999999999993,813.0671326962353,0.3868545678015904,9.73627941550816
28.87823915353062,0.7499999999999988,804.4525903187689,0.3716612067243205,9.639981939004358
28.87823915353062,0.7499999999999988,804.4525903187689,0.3716612067243205,9.639981939004358
28.87823915353062,0.7499999999999988,804.4525903187689,0.3716612067243205,9.639981939004358
28.770672259628274,0.7499999999999991,802.5524454048508,0.37430276376861393,9.594678299638677
29.163314723576278,0.7499999999999999,798.8999196278189,0.36905148208388444,9.65732049330099
29.45584941359191,0.7499999999999993,799.9588111481604,0.3684255260224627,9.617213056503143
29.45584941359191,0.7499999999999993,799.9588111481604,0.3684255260224627,9.617213056503143
29.005976157506016,0.7499999999999992,801.177135707963,0.3648871180425273,9.494713670034596
29.005976157506016,0.7499999999999992,801.177135707963,0.3648871180425273,9.494713670034596
29.02356600108213,0.7499999999999996,799.6168532808882,0.36991527612562114,9.433366417856371
29.02356600108213,0.7499999999999996,799.6168532808882,0.36991527612562114,9.433366417856371
29.02356600108213,0.7499999999999996,799.6168532808882,0.36991527612562114,9.433366417856371
29.374626743327635,0.7499999999999987,807.9492964769856,0.37744244887310907,9.54384056011753
28.995409842780276,0.7499999999999997,812.9968220778655,0.3740024906773481,9.556413214197033
29.497248988168266,0.7499999999999984,803.7051319149074,0.37718712585253755,9.509173820353563
29.592147275721764,0.7499999999999989,803.6473173415086,0.3739359953570449,9.499407600854033
29.57890080949007,0.7499999999999986,804.644256486928,0.37560590775773045,9.482070319337414
29.434539407304037,0.7499999999999996,805.8131880428128,0.3691313180920674,9.521124758552375
29.134193766423216,0.7499999999999989,808.6890942963963,0.37183181766027734,9.576383723991029
29.503655444321705,0.7499999999999991,810.4503583585179,0.36627328195921655,9.542401497941688
29.503655444321705,0.7499999999999991,810.4503583585179,0.36627328195921655,9.542401497941688
29.591581001915177,0.7499999999999993,805.0949808077742,0.36849821680628303,9.531946665141163
30.018532565008424,0.7500000000000002,796.554846423768,0.36004052544102166,9.461191187686756
29.5769565466015,0.7499999999999996,804.604022695477,0.3757174494018333,9.529457729477821
29.30322810139699,0.7499999999999991,804.9618246429083,0.3520695500334735,9.44939392995612
29.30322810139699,0.7499999999999991,804.9618246429083,0.3520695500334735,9.44939392995612
29.30322810139699,0.7499999999999991,804.9618246429083,0.3520695500334735,9.44939392995612
28.780135601085615,0.7499999999999991,805.3047380097431,0.3472651154769921,9.450059800205656
28.780135601085615,0.7499999999999991,805.3047380097431,0.3472651154769921,9.450059800205656
28.780135601085615,0.7499999999999991,805.3047380097431,0.3472651154769921,9.450059800205656
28.780135601085615,0.7499999999999991,805.3047380097431,0.3472651154769921,9.450059800205656
27.81802281707963,0.749999999999999,810.100415251379,0.34583160135033914,9.509891948239666
28.46383844449419,0.7499999999999991,802.4330908534093,0.33663688842567313,9.446014949611742
28.46383844449419,0.7499999999999991,802.4330908534093,0.33663688842567313,9.446014949611742
28.46383844449419,0.7499999999999991,802.4330908534093,0.33663688842567313,9.446014949611742
28.510078590773865,0.7499999999999998,800.2190417058847,0.32764038535247936,9.398179536313595
28.7908313236805,0.7499999999999988,798.0396988366043,0.3343107823374121,9.360870723244044
28.551248097566525,0.7499999999999991,799.5620302207886,0.3322668570660341,9.326793425132362
28.922776300231533,0.7499999999999989,798.986106618038,0.3335556950042583,9.36757980430789
28.357350346161994,0.749999999999999,802.6484243792958,0.3363109109252782,9.271592364397344
27.702777206560175,0.7499999999999999,822.8807289617657,0.3474022229156376,9.281159789749202
28.399504984403187,0.7499999999999982,812.0843615228029,0.34207208218241697,9.280108056921398
27.923361202406717,0.7499999999999993,810.9328185974474,0.3349127867537246,9.27197173787593
28.08163290855454,0.7499999999999994,815.4757884168718,0.3400135326012319,9.24904910412297
27.948755495587797,0.7499999999999993,813.9080110025305,0.34345275270903686,9.311969702723394
27.436405381270784,0.7499999999999996,815.8633930631065,0.34398585669801135,9.359106795148278
27.436405381270784,0.7499999999999996,815.8633930631065,0.34398585669801135,9.359106795148278
27.436405381270784,0.7499999999999996,815.8633930631065,0.34398585669801135,9.359106795148278
27.436405381270784,0.7499999999999996,815.8633930631065,0.34398585669801135,9.359106795148278
28.112033908229765,0.7499999999999993,809.8410388959411,0.34981408335316205,9.412883029508587
28.112033908229765,0.7499999999999993,809.8410388959411,0.34981408335316205,9.412883029508587
28.112033908229765,0.7499999999999993,809.8410388959411,0.34981408335316205,9.412883029508587
27.997095980214393,0.7499999999999998,814.1308452069129,0.3601282703198432,9.500131335902463
27.997095980214393,0.7499999999999998,814.1308452069129,0.3601282703198432,9.500131335902463
28.63972100142427,0.7499999999999994,810.1460908032732,0.3447271349783203,9.451518835409725
28.63972100142427,0.7499999999999994,810.1460908032732,0.3447271349783203,9.451518835409725
28.171896477339736,0.7499999999999998,817.7237665533177,0.3522831454329075,9.389275111071361
28.171896477339736,0.7499999999999998,817.7237665533177,0.3522831454329075,9.389275111071361
28.171896477339736,0.7499999999999998,817.7237665533177,0.3522831454329075,9.389275111071361
28.439070851731014,0.7499999999999988,809.2802495957466,0.35405838126399586,9.325182592878846
28.37609747866323,0.7499999999999982,804.0968645284812,0.34235554095074605,9.31280002833083
28.71699899066895,0.7499999999999986,810.4833084404672,0.34243232142872204,9.330996281678683
29.098709335017066,0.7499999999999999,800.8854973027911,0.3282757173331591,9.289676439390934
29.098709335017066,0.7499999999999999,800.8854973027911,0.3282757173331591,9.289676439390934
29.098709335017066,0.7499999999999999,800.8854973027911,0.3282757173331591,9.289676439390934
28.195325685803034,0.7499999999999991,809.1021016568578,0.32650145477449216,9.295415538057128
28.454860401448897,0.7499999999999988,813.851154062358,0.3319757684494894,9.382696810107817
28.616958824834317,0.7499999999999996,813.4724194562054,0.33009251173509074,9.43141183703828
28.616958824834317,0.7499999999999996,813.4724194562054,0.33009251173509074,9.43141183703828
28.616958824834317,0.7499999999999996,813.4724194562054,0.33009251173509074,9.43141183703828
28.185840732318145,0.7499999999999991,812.1568063083002,0.329629680566266,9.375475063250127
28.857406114020264,0.7499999999999993,806.0772309341437,0.3245879802030322,9.3485543904157
28.75298127495158,0.7499999999999997,804.9622615595563,0.3310968475625341,9.491624261509335
29.047921265042483,0.7499999999999997,800.6405853259811,0.31971701930260593,9.427379379403652
29.087924088944295,0.7499999999999992,802.3558958524618,0.3246008258671156,9.496698949539446
29.087924088944295,0.7499999999999992,802.3558958524618,0.3246008258671156,9.496698949539446
29.087924088944295,0.7499999999999992,802.3558958524618,0.3246008258671156,9.496698949539446
28.984146641357444,0.749999999999999,802.8625354839672,0.33455836018829854,9.525710422030645
28.984146641357444,0.749999999999999,802.8625354839672,0.33455836018829854,9.525710422030645
28.531836904233963,0.7499999999999998,809.3358715999112,0.3309782029438674,9.583764915058797
28.608706833697543,0.7499999999999998,806.5796081225458,0.33528595720223314,9.563997553555826
28.608706833697543,0.7499999999999998,806.5796081225458,0.33528595720223314,9.563997553555826
28.46797018168194,0.7499999999999996,807.2297613635935,0.3420027084315178,9.560597413483944
28.46797018168194,0.7499999999999996,807.2297613635935,0.3420027084315178,9.560597413483944
28.712840447578937,0.7499999999999997,808.6002424727578,0.33990171365420696,9.655320505780566
29.25412962541251,0.7499999999999992,799.6734817174422,0.3460343502230407,9.66546236522839
28.788014253841343,0.7500000000000001,807.4648115968746,0.32692841564431546,9.585121668453576
28.788014253841343,0.7500000000000001,807.4648115968746,0.32692841564431546,9.585121668453576
28.788014253841343,0.7500000000000001,807.4648115968746,0.32692841564431546,9.585121668453576
28.788014253841343,0.7500000000000001,807.4648115968746,0.32692841564431546,9.585121668453576
28.788014253841343,0.7500000000000001,807.4648115968746,0.32692841564431546,9.585121668453576
28.788014253841343,0.7500000000000001,807.4648115968746,0.32692841564431546,9.585121668453576
28.788014253841343,0.7500000000000001,807.4648115968746,0.32692841564431546,9.585121668453576
28.788014253841343,0.7500000000000001,807.4648115968746,0.32692841564431546,9.585121668453576
28.788014253841343,0.7500000000000001,807.4648115968746,0.32692841564431546,9.585121668453576
29.12882474364978,0.7499999999999994,810.0197014815204,0.33616686220841435,9.63651270223192
29.12882474364978,0.7499999999999994,810.0197014815204,0.33616686220841435,9.63651270223192
29.64242874648728,0.7499999999999993,808.1112790280861,0.34005375146512945,9.665741073663089
29.018898141362328,0.7499999999999982,825.3857285086567,0.35470459816184696,9.712933384213008
28.879728385675993,0.7499999999999979,813.9198686671332,0.3383588663623162,9.623620937114904
28.879728385675993,0.7499999999999979,813.9198686671332,0.3383588663623162,9.623620937114904
28.479639720388196,0.7499999999999993,808.3752116913649,0.3357980179925023,9.533271570193715
28.479639720388196,0.7499999999999993,808.3752116913649,0.3357980179925023,9.533271570193715
28.479639720388196,0.7499999999999993,808.3752116913649,0.3357980179925023,9.533271570193715
29.06825444528317,0.7500000000000001,813.414109925174,0.33333524032757367,9.553802594855124
28.944166999819043,0.7499999999999993,811.6113119869258,0.3518230557198898,9.648779744187802
29.0975670784333,0.7499999999999991,810.3884761701956,0.3474785006492046,9.64813714888515
28.83190134461347,0.749999999999999,807.0860063199249,0.3385335141068631,9.512008689813246
28.83190134461347,0.749999999999999,807.0860063199249,0.3385335141068631,9.512008689813246
28.83190134461347,0.749999999999999,807.0860063199249,0.3385335141068631,9.512008689813246
28.83190134461347,0.749999999999999,807.0860063199249,0.3385335141068631,9.512008689813246
28.841790978833657,0.7499999999999987,806.3782292065857,0.33634570132934416,9.513069570526781
28.88170283917652,0.7499999999999992,808.8953993750733,0.3454896226548968,9.463125649584907
28.88170283917652,0.7499999999999992,808.8953993750733,0.3454896226548968,9.463125649584907
28.88170283917652,0.7499999999999992,808.8953993750733,0.3454896226548968,9.463125649584907
28.88170283917652,0.7499999999999992,808.8953993750733,0.3454896226548968,9.463125649584907
28.88170283917652,0.7499999999999992,808.8953993750733,0.3454896226548968,9.463125649584907
29.247307668218756,0.7499999999999987,810.9796948859886,0.3335852355209734,9.41614470641685
29.304684951467937,0.7499999999999988,806.866135568232,0.32434127768367543,9.390430995360376
28.996711214861545,0.7499999999999987,809.53878956054,0.3213643862288687,9.369662582047837
28.217670703483577,0.7499999999999996,811.9538770014166,0.32037578534625355,9.36544477462741
28.217670703483577,0.7499999999999996,811.9538770014166,0.32037578534625355,9.36544477462741
28.911773401773477,0.749999999999999,801.5965924054328,0.3121325567135042,9.393184181090357
28.911773401773477,0.749999999999999,801.5965924054328,0.3121325567135042,9.393184181090357
29.110901222039484,0.7499999999999994,804.5641382727929,0.31410613168192647,9.488283292356636
29.475985438071106,0.75,804.4638308105366,0.3242757216083771,9.459118688183034
30.392103150910707,0.7500000000000002,801.3745071635151,0.3462508465290818,9.539456539954383
30.410602060991927,0.7499999999999989,804.7022561364209,0.3332830641273247,9.481204678836491
30.646689073904263,0.7500000000000003,795.5453769819545,0.335157143584084,9.557742704952446
30.646689073904263,0.7500000000000003,795.5453769819545,0.335157143584084,9.557742704952446
29.901420551698635,0.7499999999999989,812.3379168461115,0.3493888856204591,9.706236074666837
30.40012336173412,0.7499999999999997,802.3950661168501,0.3588418011032394,9.695168607136486
30.70976653167478,0.7499999999999996,799.8245402765423,0.35586126719116024,9.781635569457967
30.70976653167478,0.7499999999999996,799.8245402765423,0.35586126719116024,9.781635569457967
30.505266414565316,0.7499999999999997,806.7439205477802,0.3837572026371349,9.882229207778789
29.637917516048148,0.7499999999999994,810.7965997002943,0.3869904813951288,9.886569287962303
29.637917516048148,0.7499999999999994,810.7965997002943,0.3869904813951288,9.886569287962303
29.637917516048148,0.7499999999999994,810.7965997002943,0.3869904813951288,9.886569287962303
29.89829599432854,0.7500000000000001,809.8187034777018,0.3856195806558586,9.882697162291123
29.62795755124787,0.7500000000000001,806.6353367178834,0.3829936448435348,9.75316693855414
29.62795755124787,0.7500000000000001,806.6353367178834,0.3829936448435348,9.75316693855414
29.569037617704073,0.7499999999999992,804.6764920542869,0.3687987184008424,9.631665572495189
30.031453459261403,0.7499999999999997,806.6012659358868,0.3758617800971113,9.673106276810515
29.726530438189478,0.7499999999999994,808.0828385527801,0.3730574680587261,9.52258936420301
29.726530438189478,0.7499999999999994,808.0828385527801,0.3730574680587261,9.52258936420301
29.47336110297268,0.7499999999999992,814.155680356703,0.37773382843280723,9.659256369618925
30.37149165244405,0.7499999999999998,799.8339162506355,0.36791870830563195,9.618921361213115
30.37149165244405,0.7499999999999998,799.8339162506355,0.36791870830563195,9.618921361213115
30.37149165244405,0.7499999999999998,799.8339162506355,0.36791870830563195,9.618921361213115
30.31139481510425,0.7499999999999994,802.7411654077214,0.3694389958975974,9.54436486201559
29.831413785483864,0.7499999999999983,803.6432886892331,0.37418009372839484,9.488985034733215
29.68229769346089,0.7499999999999993,812.0213696955468,0.3859663103756245,9.598374277263147
29.68229769346089,0.7499999999999993,812.0213696955468,0.3859663103756245,9.598374277263147
29.86913563113493,0.7499999999999997,816.5198758780102,0.3936413193270988,9.7388552313902
29.442963592799753,0.7499999999999992,817.3498197658253,0.3923345190927441,9.750002929272076
29.728436606465642,0.7499999999999993,809.7919598268996,0.3831864712966712,9.688649736302654
29.96574068873851,0.7499999999999987,803.3960858615119,0.38187768045529646,9.659627801750778
30.182321510995447,0.7499999999999992,799.0213598880964,0.38067404195137533,9.675002900197848
30.747633483873614,0.7499999999999989,801.5694792027898,0.379639357944238,9.718901174262339
30.176985553269148,0.7499999999999997,806.7483928875574,0.3769297250936257,9.733561001899385
30.307138664420247,0.7499999999999989,798.41336905234,0.3715925792178029,9.682312897881465
30.398247436703308,0.7499999999999993,798.6319486755106,0.3705948143102208,9.619832448815526
30.398247436703308,0.7499999999999993,798.6319486755106,0.3705948143102208,9.619832448815526
30.398247436703308,0.7499999999999993,798.6319486755106,0.3705948143102208,9.619832448815526
30.99924171846192,0.7499999999999989,799.9761641512564,0.3812925753633844,9.605649113252838
30.143636967785277,0.7499999999999991,806.3251527186607,0.3834820449439106,9.590688024425816
30.385001626851146,0.7499999999999993,799.7050974708875,0.3861050323708857,9.624899968649284
30.57674606121024,0.7499999999999999,798.6775391376711,0.37804100990480094,9.641292112628841
29.985969969602397,0.7499999999999997,799.868401035147,0.37469243800113794,9.652203239684237
29.812963584371406,0.7499999999999999,805.1154664617978,0.36921056938254654,9.654678907093063
29.812963584371406,0.7499999999999999,805.1154664617978,0.36921056938254654,9.654678907093063
29.75082570214698,0.7499999999999998,809.3094735480154,0.36729648743627014,9.624070535389802
29.351569530944403,0.7499999999999994,814.0066082529917,0.36644400851519343,9.606000616294391
29.14266745609223,0.7499999999999997,813.7191573294574,0.36299385069207113,9.614342622115405
28.663984940681914,0.7499999999999999,812.8513164514599,0.3595348283599243,9.489004707154507
28.663984940681914,0.7499999999999999,812.8513164514599,0.3595348283599243,9.489004707154507
28.663984940681914,0.7499999999999999,812.8513164514599,0.3595348283599243,9.489004707154507
28.16230142975304,0.7499999999999994,819.7950596552387,0.3675756346669301,9.563880389184064
28.16230142975304,0.7499999999999994,819.7950596552387,0.3675756346669301,9.563880389184064
28.16230142975304,0.7499999999999994,819.7950596552387,0.3675756346669301,9.563880389184064
28.16230142975304,0.7499999999999994,819.7950596552387,0.3675756346669301,9.563880389184064
28.27696401390879,0.7499999999999993,815.5600519978059,0.37706443673548434,9.618373065590243
28.27696401390879,0.7499999999999993,815.5600519978059,0.37706443673548434,9.618373065590243
28.27696401390879,0.7499999999999993,815.5600519978059,0.37706443673548434,9.618373065590243
28.17246402327934,0.7499999999999994,819.9101380507743,0.3789341451843026,9.597430929576044
28.17246402327934,0.7499999999999994,819.9101380507743,0.3789341451843026,9.597430929576044
28.17246402327934,0.7499999999999994,819.9101380507743,0.3789341451843026,9.597430929576044
28.145265015626215,0.7499999999999992,813.8749152103456,0.3779899733895875,9.577600083883809
28.116023535946585,0.7499999999999993,809.7559889282034,0.3644126344961411,9.54593636403489
28.08490315990075,0.749999999999999,812.110849746115,0.3640907649153861,9.590892159571263
28.08490315990075,0.749999999999999,812.110849746115,0.3640907649153861,9.590892159571263
27.197866867505706,0.7499999999999992,823.7245860154007,0.36216806146151154,9.56773137900917
27.197866867505706,0.7499999999999992,823.7245860154007,0.36216806146151154,9.56773137900917
27.324628715238568,0.7499999999999992,820.6941963281414,0.3548374876898864,9.573250934410137
27.324628715238568,0.7499999999999992,820.6941963281414,0.3548374876898864,9.573250934410137
27.324628715238568,0.7499999999999992,820.6941963281414,0.3548374876898864,9.573250934410137
27.561236568751458,0.7499999999999998,818.5212910330777,0.37008097324497574,9.600744057694135
27.561236568751458,0.7499999999999998,818.5212910330777,0.37008097324497574,9.600744057694135
27.561236568751458,0.7499999999999998,818.5212910330777,0.37008097324497574,9.600744057694135
27.561236568751458,0.7499999999999998,818.5212910330777,0.37008097324497574,9.600744057694135
27.663095895396946,0.7499999999999994,821.0716590624778,0.36994093992064336,9.605930002845813
27.663095895396946,0.7499999999999994,821.0716590624778,0.36994093992064336,9.605930002845813
27.663095895396946,0.7499999999999994,821.0716590624778,0.36994093992064336,9.605930002845813
27.663095895396946,0.7499999999999994,821.0716590624778,0.36994093992064336,9.605930002845813
27.663095895396946,0.7499999999999994,821.0716590624778,0.36994093992064336,9.605930002845813
27.804860748153214,0.7499999999999991,813.744396400881,0.36686333683932654,9.589408469440935
27.73594136074591,0.7499999999999996,809.0985083813158,0.35298578089074656,9.598375076789306
27.905870198684248,0.7499999999999989,814.3878455991153,0.3656002738339042,9.62365951752082
27.905870198684248,0.7499999999999989,814.3878455991153,0.3656002738339042,9.62365951752082
27.419352942560447,0.749999999999999,805.3876756987693,0.3563494496822164,9.50347705771917
27.83718992040061,0.749999999999999,805.5572652975358,0.3614537061861394,9.495661429876401
27.83718992040061,0.749999999999999,805.5572652975358,0.3614537061861394,9.495661429876401
27.83718992040061,0.749999999999999,805.5572652975358,0.3614537061861394,9.495661429876401
27.83718992040061,0.749999999999999,805.5572652975358,0.3614537061861394,9.495661429876401
27.83718992040061,0.749999999999999,805.5572652975358,0.3614537061861394,9.495661429876401
27.603613626455918,0.7499999999999996,807.5269115229046,0.3711292482755367,9.476146356550345
28.287547183081784,0.7499999999999999,806.8328388956246,0.3690604598826266,9.501673805651723
28.209944714280578,0.7500000000000002,811.0910647667489,0.37938046115364715,9.55921567262233
29.11105907698506,0.7499999999999994,804.56961784741,0.36964743916272175,9.549984107300935
29.373271330234328,0.7499999999999993,808.2116176970222,0.3738525825378328,9.657420884113279
29.319045646831714,0.7499999999999984,809.9349877170603,0.3716039512773724,9.690024821073644
29.192488921842056,0.75,810.9471390176947,0.36721083322060105,9.582131115392395
29.0708190030921,0.7499999999999998,807.9595279080942,0.3640054695133574,9.546786310462016
29.0708190030921,0.7499999999999998,807.9595279080942,0.3640054695133574,9.546786310462016
29.430611668150632,0.7499999999999992,807.5030555182651,0.3724279063505923,9.562103689711506
28.81188333936814,0.75,816.4965413432835,0.3690609766847675,9.498625118803485
29.455924860482114,0.7499999999999996,805.8053987305871,0.37616892403659596,9.56322761167037
28.75405412508147,0.7499999999999993,811.9712906354566,0.37159788723891435,9.494040625508172
29.17200088364334,0.7499999999999999,804.8499228021186,0.365906645925609,9.524869504679685
29.34786784705408,0.7499999999999986,811.5272123320717,0.37857853050413715,9.513400037101396
29.34786784705408,0.7499999999999986,811.5272123320717,0.37857853050413715,9.513400037101396
29.899584020128806,0.7499999999999991,809.8973846013794,0.3853467571590367,9.516167438756346
29.34696674789501,0.7499999999999997,808.1752026939166,0.3776276187374621,9.491109190099024
29.34696674789501,0.7499999999999997,808.1752026939166,0.3776276187374621,9.491109190099024
29.618439369440217,0.7499999999999988,809.8408954147101,0.38649280351864307,9.517529096732213
30.158394173079138,0.7499999999999996,802.4833564514412,0.3884368082291644,9.509798092665687
30.26460621767107,0.7499999999999998,807.0831874091372,0.4020521175821337,9.599837087638013
30.26460621767107,0.7499999999999998,807.0831874091372,0.4020521175821337,9.599837087638013
30.39943501830778,0.7500000000000001,808.8740169388985,0.40617413851671097,9.50856019209533
30.351461962592623,0.749999999999998,817.286404673566,0.4128442893669071,9.565699628062916
29.196820376935737,0.7499999999999994,827.5330881893408,0.40888134288468736,9.57681251229881
30.050031728827456,0.7499999999999996,813.4594978601814,0.41286397806207037,9.543066154383856
29.644722409637453,0.7499999999999992,822.4850152159637,0.4121177263073495,9.518953022910532
29.644722409637453,0.7499999999999992,822.4850152159637,0.4121177263073495,9.518953022910532
29.233791151863098,0.7499999999999987,826.8462992256713,0.42089894145564205,9.610775497928378
29.71390244523337,0.7499999999999988,813.4967648927782,0.40633584780632576,9.619105291761496
29.425781541982854,0.7499999999999987,815.1501308262829,0.4131012926218578,9.584760405791519
29.29817931509559,0.7499999999999998,817.4130870863512,0.4100002368645304,9.58174604720988
29.29817931509559,0.7499999999999998,817.4130870863512,0.4100002368645304,9.58174604720988
29.29817931509559,0.7499999999999998,817.4130870863512,0.4100002368645304,9.58174604720988
29.999330623804724,0.7499999999999994,810.754213670602,0.4129451670114913,9.514820336812083
29.78515506458652,0.7499999999999998,814.1251870966635,0.41364149019284063,9.648857358834267
30.097994674501372,0.749999999999999,810.1592935434983,0.3993450875810615,9.611828402529378
29.940516783779316,0.7499999999999992,812.4342418274157,0.40577380100950133,9.583304340917897
29.940516783779316,0.7499999999999992,812.4342418274157,0.40577380100950133,9.583304340917897
29.707714373502473,0.7499999999999993,815.5050962904872,0.41076388971481376,9.67288618237536
29.645865548684835,0.7499999999999993,814.0010487964281,0.39896950979833556,9.583255986092857
29.645865548684835,0.7499999999999993,814.0010487964281,0.39896950979833556,9.583255986092857
29.645865548684835,0.7499999999999993,814.0010487964281,0.39896950979833556,9.583255986092857
29.681235761966597,0.7499999999999994,812.0133888032071,0.3908852499586886,9.516662422578928
29.681235761966597,0.7499999999999994,812.0133888032071,0.3908852499586886,9.516662422578928
29.681235761966597,0.7499999999999994,812.0133888032071,0.3908852499586886,9.516662422578928
29.681235761966597,0.7499999999999994,812.0133888032071,0.3908852499586886,9.516662422578928
29.589704071205045,0.7499999999999996,810.8062264439941,0.3880614812691323,9.48216216952088
30.297390560103864,0.7499999999999994,807.1479191339452,0.3919148619657233,9.553976057545304
30.107173097486527,0.7499999999999996,808.8396956211215,0.38885848787241806,9.528295930231911
30.22655359158461,0.7499999999999988,804.2422396144364,0.3819571062383123,9.460121628730652
30.22655359158461,0.7499999999999988,804.2422396144364,0.3819571062383123,9.460121628730652
30.22655359158461,0.7499999999999988,804.2422396144364,0.3819571062383123,9.460121628730652
30.38722151960931,0.7499999999999996,807.649766438228,0.3947637786883835,9.51986403439472
30.38722151960931,0.7499999999999996,807.649766438228,0.3947637786883835,9.51986403439472
30.38722151960931,0.7499999999999996,807.649766438228,0.3947637786883835,9.51986403439472
30.38722151960931,0.7499999999999996,807.649766438228,0.3947637786883835,9.51986403439472
30.469212088642536,0.7500000000000001,813.8397152253766,0.39174196152004936,9.584354835624845
30.469212088642536,0.7500000000000001,813.8397152253766,0.39174196152004936,9.584354835624845
30.469212088642536,0.7500000000000001,813.8397152253766,0.39174196152004936,9.584354835624845
30.469212088642536,0.7500000000000001,813.8397152253766,0.39174196152004936,9.584354835624845
30.469212088642536,0.7500000000000001,813.8397152253766,0.39174196152004936,9.584354835624845
30.469212088642536,0.7500000000000001,813.8397152253766,0.39174196152004936,9.584354835624845
30.469212088642536,0.7500000000000001,813.8397152253766,0.39174196152004936,9.584354835624845
30.469212088642536,0.7500000000000001,813.8397152253766,0.39174196152004936,9.584354835624845
30.619772659464008,0.75,808.7028310574459,0.3913705959637913,9.58739253266442
30.531714599872252,0.7499999999999992,816.5046674933399,0.3766023545527448,9.599462258903525
30.549606351661794,0.7499999999999997,806.8239578945784,0.3660201079713251,9.581306791944263
30.549606351661794,0.7499999999999997,806.8239578945784,0.3660201079713251,9.581306791944263
30.549606351661794,0.7499999999999997,806.8239578945784,0.3660201079713251,9.581306791944263
30.018437543474736,0.7499999999999988,818.2747561189899,0.3805180245318741,9.567841510101848
30.018437543474736,0.7499999999999988,818.2747561189899,0.3805180245318741,9.567841510101848
30.018437543474736,0.7499999999999988,818.2747561189899,0.3805180245318741,9.567841510101848
30.018437543474736,0.7499999999999988,818.2747561189899,0.3805180245318741,9.567841510101848
30.018437543474736,0.7499999999999988,818.2747561189899,0.3805180245318741,9.567841510101848
30.018437543474736,0.7499999999999988,818.2747561189899,0.3805180245318741,9.567841510101848
30.018437543474736,0.7499999999999988,818.2747561189899,0.3805180245318741,9.567841510101848
30.018437543474736,0.7499999999999988,818.2747561189899,0.3805180245318741,9.567841510101848
30.018437543474736,0.7499999999999988,818.2747561189899,0.3805180245318741,9.567841510101848
30.018437543474736,0.7499999999999988,818.2747561189899,0.3805180245318741,9.567841510101848
30.018437543474736,0.7499999999999988,818.2747561189899,0.3805180245318741,9.567841510101848
30.018437543474736,0.7499999999999988,818.2747561189899,0.3805180245318741,9.567841510101848
30.018437543474736,0.7499999999999988,818.2747561189899,0.3805180245318741,9.567841510101848
31.027686900954542,0.7499999999999991,800.7684815654269,0.3710976732674674,9.517696948089887
31.027686900954542,0.7499999999999991,800.7684815654269,0.3710976732674674,9.517696948089887
31.027686900954542,0.7499999999999991,800.7684815654269,0.3710976732674674,9.517696948089887
30.294831032734596,0.7499999999999989,813.8087859134621,0.3581837766208674,9.511615877746133
30.294831032734596,0.7499999999999989,813.8087859134621,0.3581837766208674,9.511615877746133
30.185314211331896,0.7499999999999992,808.1308848884406,0.3673936219763812,9.520793197135228
30.30487499645108,0.7499999999999986,806.7189130478769,0.3631012518444098,9.5494409050711
30.30487499645108,0.7499999999999986,806.7189130478769,0.3631012518444098,9.5494409050711
30.30487499645108,0.7499999999999986,806.7189130478769,0.3631012518444098,9.5494409050711
30.30487499645108,0.7499999999999986,806.7189130478769,0.3631012518444098,9.5494409050711
30.055412546390432,0.7499999999999989,811.5026163384065,0.37711470299512073,9.642973275437004
30.055412546390432,0.7499999999999989,811.5026163384065,0.37711470299512073,9.642973275437004
30.87319108850419,0.7500000000000001,803.8497270606639,0.3763756353185305,9.698468337890887
30.876044682317723,0.749999999999999,806.6045745092442,0.3859338057626834,9.780569634168458
30.30229409687577,0.749999999999999,815.6736129438885,0.3750281181297721,9.71268233565777
30.30229409687577,0.749999999999999,815.6736129438885,0.3750281181297721,9.71268233565777
30.525066299192513,0.75,806.125865946562,0.3734617302151926,9.649972701547593
29.85063120228764,0.7499999999999999,813.9827443729887,0.37613012755430475,9.640174392639036
30.294665081413296,0.7499999999999991,811.7800991098773,0.38314564254162614,9.785012881978076
30.06968085783508,0.7499999999999994,811.2708065050465,0.3765452464545537,9.82048767826922
30.06968085783508,0.7499999999999994,811.2708065050465,0.3765452464545537,9.82048767826922
30.06968085783508,0.7499999999999994,811.2708065050465,0.3765452464545537,9.82048767826922
30.06968085783508,0.7499999999999994,811.2708065050465,0.3765452464545537,9.82048767826922
29.44988320712009,0.7499999999999992,820.9910095201553,0.3792053857011368,9.887583121159917
29.44988320712009,0.7499999999999992,820.9910095201553,0.3792053857011368,9.887583121159917
29.44988320712009,0.7499999999999992,820.9910095201553,0.3792053857011368,9.887583121159917
29.44988320712009,0.7499999999999992,820.9910095201553,0.3792053857011368,9.887583121159917
29.44988320712009,0.7499999999999992,820.9910095201553,0.3792053857011368,9.887583121159917
29.532163268298508,0.7499999999999992,818.8663685995101,0.3749524202548183,9.899122152330344
30.205912413150827,0.7499999999999994,812.5211504556144,0.3703398139483908,9.874448832489628
30.205912413150827,0.7499999999999994,812.5211504556144,0.3703398139483908,9.874448832489628
30.205912413150827,0.7499999999999994,812.5211504556144,0.3703398139483908,9.874448832489628
29.511756083579876,0.7499999999999999,814.4029942485832,0.35859708667474055,9.855073543274779
29.511756083579876,0.7499999999999999,814.4029942485832,0.35859708667474055,9.855073543274779
29.511756083579876,0.7499999999999999,814.4029942485832,0.35859708667474055,9.855073543274779
29.511756083579876,0.7499999999999999,814.4029942485832,0.35859708667474055,9.855073543274779
29.200852416090182,0.7499999999999996,805.3578505380009,0.3380533391224373,9.674546951912003
29.200852416090182,0.7499999999999996,805.3578505380009,0.3380533391224373,9.674546951912003
29.16501365753619,0.749999999999999,798.1310524738799,0.33019127096442785,9.616282510322842
29.36422957926051,0.7500000000000001,799.9418191650379,0.3316706173562297,9.605114334966151
29.36422957926051,0.7500000000000001,799.9418191650379,0.3316706173562297,9.605114334966151
29.36422957926051,0.7500000000000001,799.9418191650379,0.3316706173562297,9.605114334966151
29.36422957926051,0.7500000000000001,799.9418191650379,0.3316706173562297,9.605114334966151
29.6672435525646,0.7499999999999994,800.7550878912803,0.3422649836334411,9.647416692276309
29.268674236579102,0.7499999999999991,805.643883643509,0.34143730280101453,9.57455860789515
29.475564008740946,0.7499999999999997,802.6588896193714,0.34929121352613746,9.639420806053906
29.312906934442843,0.7499999999999998,814.8012253473106,0.36668922821166705,9.717488694503052
29.184842340316745,0.7500000000000002,809.2563535568436,0.36446872714996953,9.648958499169103
29.184842340316745,0.7500000000000002,809.2563535568436,0.36446872714996953,9.648958499169103
29.184842340316745,0.7500000000000002,809.2563535568436,0.36446872714996953,9.648958499169103
29.184842340316745,0.7500000000000002,809.2563535568436,0.36446872714996953,9.648958499169103
29.184842340316745,0.7500000000000002,809.2563535568436,0.36446872714996953,9.648958499169103
29.184842340316745,0.7500000000000002,809.2563535568436,0.36446872714996953,9.648958499169103
29.184842340316745,0.7500000000000002,809.2563535568436,0.36446872714996953,9.648958499169103
29.06688108588365,0.7499999999999994,806.7347469318304,0.354534046739737,9.587139336904741
29.06688108588365,0.7499999999999994,806.7347469318304,0.354534046739737,9.587139336904741
28.986772610965506,0.7499999999999998,806.0746669933675,0.3638612715155152,9.539609191933272
29.321733009583333,0.75,804.9342855673177,0.3635984292921142,9.536800258033164
29.321733009583333,0.75,804.9342855673177,0.3635984292921142,9.536800258033164
29.321733009583333,0.75,804.9342855673177,0.3635984292921142,9.536800258033164
30.188698292425162,0.749999999999998,800.7256411851573,0.35252584246030666,9.621066348204659
30.350219245329523,0.7499999999999998,799.5818452967325,0.3512994922813275,9.60748989055
30.350219245329523,0.7499999999999998,799.5818452967325,0.3512994922813275,9.60748989055
30.370272139991286,0.7499999999999998,794.6132649347342,0.3515333039916267,9.57899828474881
30.096922490590703,0.7499999999999999,799.6992878249913,0.34856948892397416,9.526793584534431
29.314076497115472,0.7499999999999989,805.5971228951053,0.34860742603223144,9.595575893872152
29.314076497115472,0.7499999999999989,805.5971228951053,0.34860742603223144,9.595575893872152
29.314076497115472,0.7499999999999989,805.5971228951053,0.34860742603223144,9.595575893872152
29.34384196279324,0.7499999999999993,799.695001200554,0.3363585519475484,9.508144038848002
28.981570537786045,0.7499999999999991,804.6760743385737,0.3425964775985197,9.456066608824013
28.981570537786045,0.7499999999999991,804.6760743385737,0.3425964775985197,9.456066608824013
28.981570537786045,0.7499999999999991,804.6760743385737,0.3425964775985197,9.456066608824013
28.91166309427926,0.7499999999999997,802.5910491550163,0.34311404461986994,9.378551462954983
28.91166309427926,0.7499999999999997,802.5910491550163,0.34311404461986994,9.378551462954983
28.8947840109734,0.7499999999999991,807.4794625958707,0.3504933195547968,9.373068952261486
28.76847531868334,0.7499999999999991,812.9327312710213,0.36000571965025446,9.578418199518415
28.76847531868334,0.7499999999999991,812.9327312710213,0.36000571965025446,9.578418199518415
28.76847531868334,0.7499999999999991,812.9327312710213,0.36000571965025446,9.578418199518415
27.978915486968365,0.7499999999999981,817.1628277051215,0.35777912827026703,9.567134054124912
27.830875449180336,0.7499999999999997,827.346677897584,0.3558324617355514,9.603431650516075
27.830875449180336,0.7499999999999997,827.346677897584,0.3558324617355514,9.603431650516075
29.022069048042333,0.7499999999999999,808.0506830882888,0.3518360009361958,9.594516908640239
29.382997456326464,0.7499999999999993,797.6972429218432,0.3409852545921966,9.457272402734205
28.306131481589592,0.7499999999999996,806.8705794905312,0.3326588049620107,9.352744891808774
28.306131481589592,0.7499999999999996,806.8705794905312,0.3326588049620107,9.352744891808774
28.306131481589592,0.7499999999999996,806.8705794905312,0.3326588049620107,9.352744891808774
27.49908726446839,0.7499999999999998,822.0813631585796,0.34025174258909546,9.346120326431011
27.49908726446839,0.7499999999999998,822.0813631585796,0.34025174258909546,9.346120326431011
27.49908726446839,0.7499999999999998,822.0813631585796,0.34025174258909546,9.346120326431011
27.970182663680767,0.7499999999999987,811.8356911649195,0.3404763906682172,9.402261853792254
27.970182663680767,0.7499999999999987,811.8356911649195,0.3404763906682172,9.402261853792254
28.02405294705573,0.7499999999999999,807.6925864085135,0.3479108477374964,9.403542310684909
28.542424424986457,0.7499999999999988,804.6751068380108,0.34972954730217526,9.274409532195975
28.542424424986457,0.7499999999999988,804.6751068380108,0.34972954730217526,9.274409532195975
28.542424424986457,0.7499999999999988,804.6751068380108,0.34972954730217526,9.274409532195975
28.543012691423574,0.7499999999999994,811.7806959396245,0.35986684703312016,9.414695379330931
28.171831955595074,0.7499999999999991,810.0923631437668,0.3519329314737512,9.45743319680617
28.174833255059184,0.749999999999999,803.3024325518477,0.33959570714131965,9.34264011039437
27.553979388175684,0.7499999999999987,803.7348042867814,0.34629304988036536,9.317000052847856
27.553979388175684,0.7499999999999987,803.7348042867814,0.34629304988036536,9.317000052847856
27.553979388175684,0.7499999999999987,803.7348042867814,0.34629304988036536,9.317000052847856
27.553979388175684,0.7499999999999987,803.7348042867814,0.34629304988036536,9.317000052847856
27.591880709077767,0.7499999999999996,814.1770274964865,0.3601409250475842,9.419919825222092
27.591880709077767,0.7499999999999996,814.1770274964865,0.3601409250475842,9.419919825222092
27.591880709077767,0.7499999999999996,814.1770274964865,0.3601409250475842,9.419919825222092
28.38662686341868,0.749999999999998,805.2248890518804,0.3549667952336949,9.436477403095475
28.38662686341868,0.749999999999998,805.2248890518804,0.3549667952336949,9.436477403095475
28.147159687983944,0.7499999999999992,802.6053242868547,0.3379917204862109,9.424011826236939
27.892033027641432,0.7499999999999993,810.8398323918059,0.3444133894896127,9.406613803989458
27.892033027641432,0.7499999999999993,810.8398323918059,0.3444133894896127,9.406613803989458
28.108122646487764,0.7499999999999998,809.1507850065693,0.3487652176014731,9.361867052732862
28.90670289737181,0.7499999999999984,806.9484184760702,0.3503827239622136,9.424054426122789
29.278126965343716,0.7499999999999993,802.3146366398415,0.3508492357031416,9.443388137630588
28.829979723360125,0.7500000000000001,806.1614428580688,0.33130637392469675,9.394914284210387
28.607673308972707,0.7499999999999992,813.5968827958725,0.336501435656098,9.362607270770662
28.606776153110683,0.7499999999999993,805.2814730156539,0.3312773063783772,9.319489760680003
28.366480646089524,0.7499999999999997,807.1388654826754,0.3347195546613757,9.3764042656709
28.366480646089524,0.7499999999999997,807.1388654826754,0.3347195546613757,9.3764042656709
28.366480646089524,0.7499999999999997,807.1388654826754,0.3347195546613757,9.3764042656709
27.954705985213344,0.7499999999999996,803.4589476011528,0.32407640039454705,9.29886670763444
27.916446528496618,0.749999999999999,795.1198888190967,0.33100172780579573,9.275595043981117
27.41289783509605,0.7499999999999991,799.3983306571569,0.32994466367049025,9.242933877403445
27.41289783509605,0.7499999999999991,799.3983306571569,0.32994466367049025,9.242933877403445
27.09315797522447,0.7499999999999991,800.2990408123435,0.3357994805876403,9.261510738577774
27.0623623752563,0.7499999999999992,808.0905041107826,0.337282389420748,9.330931306753902
27.344995867971242,0.7499999999999998,808.0888907068199,0.35256789890918167,9.453263868498286
27.344995867971242,0.7499999999999998,808.0888907068199,0.35256789890918167,9.453263868498286
27.130502728485286,0.7499999999999993,811.0791770908781,0.35715828179226033,9.537873685277276
27.130502728485286,0.7499999999999993,811.0791770908781,0.35715828179226033,9.537873685277276
27.130502728485286,0.7499999999999993,811.0791770908781,0.35715828179226033,9.537873685277276
27.130502728485286,0.7499999999999993,811.0791770908781,0.35715828179226033,9.537873685277276
27.068141915628562,0.7499999999999982,820.6306434707282,0.37982667616904886,9.605221521918589
27.313444592818794,0.7499999999999993,819.2193893335034,0.37907872489944017,9.492151711084622
27.313444592818794,0.7499999999999993,819.2193893335034,0.37907872489944017,9.492151711084622
28.425939302560856,0.7499999999999996,809.5493655761629,0.3749205895849944,9.463410612788593
28.425939302560856,0.7499999999999996,809.5493655761629,0.3749205895849944,9.463410612788593
29.01193308507946,0.7499999999999987,807.5409267991976,0.36744080209703806,9.422676740167034
29.01193308507946,0.7499999999999987,807.5409267991976,0.36744080209703806,9.422676740167034
29.01193308507946,0.7499999999999987,807.5409267991976,0.36744080209703806,9.422676740167034
29.01193308507946,0.7499999999999987,807.5409267991976,0.36744080209703806,9.422676740167034
28.450837781654823,0.7499999999999994,808.9452255037396,0.3666181209863976,9.463876047819081
28.450837781654823,0.7499999999999994,808.9452255037396,0.3666181209863976,9.463876047819081
28.450837781654823,0.7499999999999994,808.9452255037396,0.3666181209863976,9.463876047819081
28.450837781654823,0.7499999999999994,808.9452255037396,0.3666181209863976,9.463876047819081
28.120609729333573,0.7499999999999992,811.3043842391095,0.3609980440081558,9.436610558558405
28.120609729333573,0.7499999999999992,811.3043842391095,0.3609980440081558,9.436610558558405
28.030906474386075,0.7499999999999992,809.194671876499,0.35064382324636656,9.406095091950828
28.030906474386075,0.7499999999999992,809.194671876499,0.35064382324636656,9.406095091950828
27.906004512527833,0.7499999999999999,806.4573369723831,0.34503593699991486,9.338365690554147
27.97294763586501,0.7499999999999997,815.8836420643843,0.3646439543739927,9.392598373069294
28.450285741767246,0.7499999999999994,807.5919156482678,0.3532420245760646,9.37024516449963
29.346523368356053,0.7499999999999989,805.5183917047362,0.36791104680436437,9.453763119828494
29.272900370384573,0.7499999999999999,805.548860006243,0.3633176062053812,9.410997725461971
29.272900370384573,0.7499999999999999,805.548860006243,0.3633176062053812,9.410997725461971
30.037519445595365,0.7499999999999996,801.8475254862054,0.3601571910799974,9.472194586477688
30.037519445595365,0.7499999999999996,801.8475254862054,0.3601571910799974,9.472194586477688
30.13649495726397,0.7499999999999996,807.9355361168915,0.3665372380751539,9.550302721908556
30.13649495726397,0.7499999999999996,807.9355361168915,0.3665372380751539,9.550302721908556
30.25536547868558,0.75,802.6960952687606,0.37015307831599986,9.57890572940919
30.25536547868558,0.75,802.6960952687606,0.37015307831599986,9.57890572940919
30.301214148963115,0.7499999999999997,801.98787384241,0.36991678024643354,9.535536009087059
30.301214148963115,0.7499999999999997,801.98787384241,0.36991678024643354,9.535536009087059
30.301214148963115,0.7499999999999997,801.98787384241,0.36991678024643354,9.535536009087059
30.301214148963115,0.7499999999999997,801.98787384241,0.36991678024643354,9.535536009087059
29.80471757901261,0.7499999999999994,806.6002484891367,0.36291897873932477,9.501495262850167
29.73677675738288,0.7499999999999988,798.928259280247,0.34112847457829654,9.401222945055713
29.73677675738288,0.7499999999999988,798.928259280247,0.34112847457829654,9.401222945055713
30.041397396293576,0.7499999999999993,794.5064971291789,0.34887328379123195,9.509110908848843
30.125075017856012,0.7499999999999996,794.1217102247931,0.3452261632675526,9.480942336549479
30.125075017856012,0.7499999999999996,794.1217102247931,0.3452261632675526,9.480942336549479
30.125075017856012,0.7499999999999996,794.1217102247931,0.3452261632675526,9.480942336549479
30.125075017856012,0.7499999999999996,794.1217102247931,0.3452261632675526,9.480942336549479
30.1399357980959,0.7499999999999998,800.1065049562718,0.3434223326809917,9.5123855515434
30.544255984772743,0.7499999999999999,805.8461272814094,0.3601429349187003,9.60348184475156
30.26318551456651,0.7499999999999998,806.7377886582046,0.3666462298860477,9.668114780341046
30.071183429037955,0.7499999999999997,808.7119597849745,0.38144416496923067,9.69794093075777
30.071183429037955,0.7499999999999997,808.7119597849745,0.38144416496923067,9.69794093075777
30.071183429037955,0.7499999999999997,808.7119597849745,0.38144416496923067,9.69794093075777
30.16891844220657,0.749999999999999,805.9117093853345,0.3730916196805913,9.714109387268952
30.16891844220657,0.749999999999999,805.9117093853345,0.3730916196805913,9.714109387268952
30.80125423378188,0.7500000000000001,803.4914599089143,0.3832691819109211,9.790920846793252
31.32392687225543,0.7499999999999988,801.4569263294918,0.39741864195754045,9.952695570718143
31.135997636594198,0.7499999999999994,806.8038516357387,0.4009796629711586,9.993488088677802
31.126752371314048,0.7499999999999988,808.911887202479,0.40041344170476617,9.990621057573511
30.660272623247028,0.7499999999999994,815.150494255581,0.39123861463813314,9.998184451938391
30.312028743698924,0.7499999999999994,812.4490601756795,0.3910671668846695,9.918636704246413
30.312028743698924,0.7499999999999994,812.4490601756795,0.3910671668846695,9.918636704246413
30.53921164912741,0.7499999999999989,803.3646523143623,0.37655873453411115,9.806668978177987
29.560180485009766,0.75,814.2957399411836,0.37148170903728717,9.71578197190397
29.560180485009766,0.75,814.2957399411836,0.37148170903728717,9.71578197190397
29.286219999862986,0.749999999999999,808.3601535749348,0.3576610689017954,9.682149141266327
29.24995825425583,0.7499999999999996,809.4442926612508,0.36461392298454415,9.778779229768611
29.24995825425583,0.7499999999999996,809.4442926612508,0.36461392298454415,9.778779229768611
28.97503533330286,0.7499999999999994,806.7225298559512,0.36955301059434137,9.758107885437827
28.742465449850197,0.7499999999999997,810.5317157217355,0.379946385801623,9.727268829836774
28.742465449850197,0.7499999999999997,810.5317157217355,0.379946385801623,9.727268829836774
29.012900687451456,0.7499999999999986,810.7950583984098,0.38508513308607334,9.800278709750765
28.94330338673435,0.7499999999999987,810.0404083420301,0.3909141520577599,9.817196077751294
28.611255240142253,0.7499999999999982,812.5491980006893,0.3867315139527506,9.79286344617167
29.014111086261043,0.7499999999999981,812.7012894984059,0.3818609086734127,9.742874177829497
29.014111086261043,0.7499999999999981,812.7012894984059,0.3818609086734127,9.742874177829497
28.52176781049493,0.7499999999999991,814.3864949006609,0.3726944920740725,9.678408763284756
28.52176781049493,0.7499999999999991,814.3864949006609,0.3726944920740725,9.678408763284756
28.52176781049493,0.7499999999999991,814.3864949006609,0.3726944920740725,9.678408763284756
28.52176781049493,0.7499999999999991,814.3864949006609,0.3726944920740725,9.678408763284756
28.52176781049493,0.7499999999999991,814.3864949006609,0.3726944920740725,9.678408763284756
28.52176781049493,0.7499999999999991,814.3864949006609,0.3726944920740725,9.678408763284756
28.52176781049493,0.7499999999999991,814.3864949006609,0.3726944920740725,9.678408763284756
28.52176781049493,0.7499999999999991,814.3864949006609,0.3726944920740725,9.678408763284756
28.52176781049493,0.7499999999999991,814.3864949006609,0.3726944920740725,9.678408763284756
28.95993677817096,0.7499999999999987,802.9839033691563,0.3661626032101985,9.712437731512589
28.95993677817096,0.7499999999999987,802.9839033691563,0.3661626032101985,9.712437731512589
28.95993677817096,0.7499999999999987,802.9839033691563,0.3661626032101985,9.712437731512589
28.95993677817096,0.7499999999999987,802.9839033691563,0.3661626032101985,9.712437731512589
28.64472541000144,0.7500000000000002,805.1787826210344,0.3643862871632651,9.699036649554799
28.64472541000144,0.7500000000000002,805.1787826210344,0.3643862871632651,9.699036649554799
28.55283167557574,0.7499999999999996,805.1222284045705,0.36698840797955035,9.70881836500298
28.70764275509398,0.7499999999999992,804.4990379894787,0.3644694994086228,9.726826928710997
28.412004813812246,0.7499999999999991,807.4041457073665,0.3527370062509201,9.7542067303477
28.105064067338574,0.7499999999999994,814.9802429301941,0.36529096204793515,9.822152227853968
27.686653127459884,0.7499999999999989,817.0700952808787,0.36396779834265913,9.78938859703715
28.12376700384899,0.7499999999999997,814.0208215669251,0.35724997560145977,9.650873772143417
28.12376700384899,0.7499999999999997,814.0208215669251,0.35724997560145977,9.650873772143417
28.12376700384899,0.7499999999999997,814.0208215669251,0.35724997560145977,9.650873772143417
28.12376700384899,0.7499999999999997,814.0208215669251,0.35724997560145977,9.650873772143417
28.12376700384899,0.7499999999999997,814.0208215669251,0.35724997560145977,9.650873772143417
28.12376700384899,0.7499999999999997,814.0208215669251,0.35724997560145977,9.650873772143417
28.12376700384899,0.7499999999999997,814.0208215669251,0.35724997560145977,9.650873772143417
28.12376700384899,0.7499999999999997,814.0208215669251,0.35724997560145977,9.650873772143417
28.49550512985205,0.7499999999999991,803.5316393474909,0.3570627677954127,9.722999254568236
27.81279483178351,0.7499999999999997,815.3986982676785,0.3517811533391855,9.801092359229091
27.746623067968443,0.7499999999999993,816.0430691084692,0.35770987699396467,9.853361033573862
28.330578661076757,0.7499999999999996,815.0518263382291,0.352047893119285,9.851804212110036
28.330578661076757,0.7499999999999996,815.0518263382291,0.352047893119285,9.851804212110036
28.48315436212966,0.7499999999999993,815.7628626071977,0.3614757347544925,9.848142562559227
27.860476826581444,0.7499999999999996,818.3823702220365,0.3648905288505338,9.770003637161505
28.232475823493346,0.7499999999999992,815.4754545727393,0.379302777448153,9.932187262128796
28.232475823493346,0.7499999999999992,815.4754545727393,0.379302777448153,9.932187262128796
29.128423652422494,0.7499999999999989,810.5551987231497,0.3826062898909911,9.905972996246778
29.077072195891066,0.7499999999999997,815.0295148602419,0.39505913592401654,9.972673452928982
29.630594864565335,0.7499999999999989,805.9659245864615,0.38492780304475294,9.830017465981232
29.979435494995876,0.7499999999999992,807.8362701393887,0.39125207708713133,9.828894410580109
29.633274856896715,0.7499999999999993,808.9528292803204,0.3801841776986076,9.648525524781206
29.725529246161294,0.7499999999999998,808.6144249384897,0.38759761144942406,9.731786288417661
29.725529246161294,0.7499999999999998,808.6144249384897,0.38759761144942406,9.731786288417661
29.43427390269806,0.7500000000000003,809.6824881483097,0.39058163508818894,9.832854480457943
29.43427390269806,0.7500000000000003,809.6824881483097,0.39058163508818894,9.832854480457943
29.43427390269806,0.7500000000000003,809.6824881483097,0.39058163508818894,9.832854480457943
29.43427390269806,0.7500000000000003,809.6824881483097,0.39058163508818894,9.832854480457943
29.397698022249624,0.7499999999999994,813.6508493520582,0.3877190517589015,9.796554413881307
29.397698022249624,0.7499999999999994,813.6508493520582,0.3877190517589015,9.796554413881307
29.7588616563445,0.7499999999999991,807.4581210121162,0.37228600678838547,9.74934087429612
29.51515657189217,0.7499999999999991,804.6085170576624,0.36228696412768124,9.70229397974442
29.51515657189217,0.7499999999999991,804.6085170576624,0.36228696412768124,9.70229397974442
29.51515657189217,0.7499999999999991,804.6085170576624,0.36228696412768124,9.70229397974442
29.34067442802667,0.749999999999999,808.3587354410596,0.3646317240525474,9.685447977335638
28.82682609072996,0.7499999999999994,820.0879518343957,0.36478067467014363,9.788176845404939
29.22528455550684,0.7499999999999991,815.5805651479387,0.36079528567846836,9.810457385065892
29.148053202738584,0.7499999999999989,807.4000668301572,0.36439040471961986,9.81337057644902
29.220056331532213,0.7499999999999989,805.0786212574011,0.3554777709682632,9.72075250608754
29.220056331532213,0.7499999999999989,805.0786212574011,0.3554777709682632,9.72075250608754
29.220056331532213,0.7499999999999989,805.0786212574011,0.3554777709682632,9.72075250608754
29.220056331532213,0.7499999999999989,805.0786212574011,0.3554777709682632,9.72075250608754
28.92630023453933,0.7499999999999989,802.2562842083144,0.348357828500327,9.725679618502701
28.86194816369655,0.7499999999999996,804.7140269408598,0.3427799754324879,9.646574680946117
28.86194816369655,0.7499999999999996,804.7140269408598,0.3427799754324879,9.646574680946117
28.86194816369655,0.7499999999999996,804.7140269408598,0.3427799754324879,9.646574680946117
28.86194816369655,0.7499999999999996,804.7140269408598,0.3427799754324879,9.646574680946117
28.86194816369655,0.7499999999999996,804.7140269408598,0.3427799754324879,9.646574680946117
28.82336155460033,0.7499999999999996,804.1145898148069,0.34019037327078516,9.607789324390819
28.964502098099608,0.7499999999999998,806.7468063536636,0.32967335565919964,9.54288363959156
28.910013744699196,0.7499999999999996,803.8740890747956,0.32424146246885055,9.571272883199821
28.743658898695063,0.7499999999999988,801.3369353600517,0.33210678891988504,9.570794468142438
28.743658898695063,0.7499999999999988,801.3369353600517,0.33210678891988504,9.570794468142438
28.41347340959584,0.7499999999999991,804.1861250245424,0.3206769252703533,9.507037675499486
28.41347340959584,0.7499999999999991,804.1861250245424,0.3206769252703533,9.507037675499486
27.720254987246744,0.7499999999999999,805.1019304658352,0.3108476216711327,9.456156485998997
27.81524557861276,0.7499999999999991,811.0743184238733,0.32067820186084,9.51105694067326
27.81524557861276,0.7499999999999991,811.0743184238733,0.32067820186084,9.51105694067326
27.81524557861276,0.7499999999999991,811.0743184238733,0.32067820186084,9.51105694067326
28.15999328323441,0.7499999999999998,810.336728839267,0.3224772567719575,9.40629493397961
28.54386547829838,0.7499999999999994,800.3478539079056,0.32052991769248573,9.421999320493416
28.516345707634866,0.7499999999999996,805.3003937751607,0.31997038644294074,9.458488011879396
28.516345707634866,0.7499999999999996,805.3003937751607,0.31997038644294074,9.458488011879396
28.884226384726603,0.75,801.3163866326144,0.3120688990910551,9.380754843779476
29.52608390447703,0.7499999999999994,801.7103483026843,0.3204890776907476,9.497622097024614
29.54515204912547,0.7499999999999994,794.8096633623248,0.3139669596976949,9.514234207905247
29.54515204912547,0.7499999999999994,794.8096633623248,0.3139669596976949,9.514234207905247
29.621113076376748,0.7499999999999992,798.1147068074465,0.32933231522791345,9.636898965633723
29.621113076376748,0.7499999999999992,798.1147068074465,0.32933231522791345,9.636898965633723
29.133805053611226,0.7499999999999992,806.2729972560168,0.33375280270803875,9.668452868071006
28.720579569137303,0.7499999999999994,806.2797369838078,0.32996772297387933,9.675129977177999
28.720579569137303,0.7499999999999994,806.2797369838078,0.32996772297387933,9.675129977177999
28.720579569137303,0.7499999999999994,806.2797369838078,0.32996772297387933,9.675129977177999
28.720579569137303,0.7499999999999994,806.2797369838078,0.32996772297387933,9.675129977177999
28.623151464006266,0.7499999999999992,807.234857453734,0.32234628350598693,9.597048245290972
28.263833457359244,0.7499999999999998,812.2401690903653,0.3336597798548831,9.672269952334954
28.263833457359244,0.7499999999999998,812.2401690903653,0.3336597798548831,9.672269952334954
28.263833457359244,0.7499999999999998,812.2401690903653,0.3336597798548831,9.672269952334954
27.90791876021906,0.7499999999999989,813.5613661141174,0.3273848535014109,9.663577361967322
27.90791876021906,0.7499999999999989,813.5613661141174,0.3273848535014109,9.663577361967322
27.90791876021906,0.7499999999999989,813.5613661141174,0.3273848535014109,9.663577361967322
28.27982750230678,0.7499999999999983,814.5933998600926,0.3360661371467054,9.755422211569194
28.368440913108902,0.7500000000000001,813.0307366768179,0.3363934215231392,9.717400461610463
28.110232467731706,0.7499999999999994,814.2213230448863,0.3374743569726308,9.57427064170989
28.310295528189464,0.7499999999999996,816.7071065655148,0.34658265377735276,9.61200637649095
28.310295528189464,0.7499999999999996,816.7071065655148,0.34658265377735276,9.61200637649095
28.310295528189464,0.7499999999999996,816.7071065655148,0.34658265377735276,9.61200637649095
29.01278905446319,0.7499999999999996,809.9040965844931,0.3550156239967534,9.677559529218161
29.01278905446319,0.7499999999999996,809.9040965844931,0.3550156239967534,9.677559529218161
29.01278905446319,0.7499999999999996,809.9040965844931,0.3550156239967534,9.677559529218161
29.011206667412964,0.7499999999999991,808.543470664543,0.3490930770728193,9.677261166283984
29.011206667412964,0.7499999999999991,808.543470664543,0.3490930770728193,9.677261166283984
28.880454631360653,0.7499999999999984,816.6193172118384,0.3618732637798828,9.746289848871603
28.13757797027416,0.7499999999999994,823.9499535249464,0.36263998556795873,9.794724534071634
28.13757797027416,0.7499999999999994,823.9499535249464,0.36263998556795873,9.794724534071634
28.13757797027416,0.7499999999999994,823.9499535249464,0.36263998556795873,9.794724534071634
27.682431877770142,0.7499999999999996,833.2275272339721,0.3685033978148046,9.772318598086372
27.682431877770142,0.7499999999999996,833.2275272339721,0.3685033978148046,9.772318598086372
27.682431877770142,0.7499999999999996,833.2275272339721,0.3685033978148046,9.772318598086372
27.682431877770142,0.7499999999999996,833.2275272339721,0.3685033978148046,9.772318598086372
27.682431877770142,0.7499999999999996,833.2275272339721,0.3685033978148046,9.772318598086372
29.10616516662614,0.7499999999999992,813.7892032416208,0.3690019001635438,9.66750227590415
28.538311480665698,0.7499999999999996,819.1407380515982,0.37159456228860543,9.53033557134933
29.447794014240383,0.749999999999999,808.6513793304999,0.3799992831936049,9.669250354747742
29.447794014240383,0.749999999999999,808.6513793304999,0.3799992831936049,9.669250354747742
29.500144336505652,0.7499999999999994,811.8416093324595,0.3853301881328225,9.62214766797546
29.71195078397681,0.75,814.4569743456417,0.384867991992111,9.693338014892342
29.71195078397681,0.75,814.4569743456417,0.384867991992111,9.693338014892342
29.68197268982892,0.7500000000000001,810.0249813409438,0.38154154588878914,9.659535249274082
29.68197268982892,0.7500000000000001,810.0249813409438,0.38154154588878914,9.659535249274082
28.763063426422576,0.7499999999999993,824.9469001893806,0.3881978872684328,9.642019392644375
28.928515225966304,0.7499999999999991,816.6019635785672,0.38426954884832587,9.565900393304181
28.447733818867565,0.749999999999999,823.1914948928719,0.3821502872431775,9.617503468791835
28.507895229349316,0.7499999999999992,824.6054212653676,0.3791473636967657,9.631781632144646
28.507895229349316,0.7499999999999992,824.6054212653676,0.3791473636967657,9.631781632144646
28.507895229349316,0.7499999999999992,824.6054212653676,0.3791473636967657,9.631781632144646
28.507895229349316,0.7499999999999992,824.6054212653676,0.3791473636967657,9.631781632144646
28.507895229349316,0.7499999999999992,824.6054212653676,0.3791473636967657,9.631781632144646
27.938435168240698,0.7499999999999989,830.9000795810098,0.3744980662826678,9.558154590064992
28.53325644849194,0.75,820.2372457585001,0.3783925421291414,9.577459993899549
28.344189460129275,0.7499999999999991,827.465065910522,0.37764418649441833,9.668444736959705
29.460287389116612,0.7499999999999992,817.5560522038141,0.38325340069002806,9.613383931089018
29.03136628363761,0.7499999999999986,820.2592769669224,0.3864422504950747,9.544690627924126
28.76652766031737,0.7499999999999999,821.7029042375771,0.3864542942215268,9.55501300411926
28.106793672784704,0.749999999999999,830.2665597586753,0.39562308266320706,9.589626166064548
28.106793672784704,0.749999999999999,830.2665597586753,0.39562308266320706,9.589626166064548
28.106793672784704,0.749999999999999,830.2665597586753,0.39562308266320706,9.589626166064548
28.106793672784704,0.749999999999999,830.2665597586753,0.39562308266320706,9.589626166064548
28.106793672784704,0.749999999999999,830.2665597586753,0.39562308266320706,9.589626166064548
28.106793672784704,0.749999999999999,830.2665597586753,0.39562308266320706,9.589626166064548
28.106793672784704,0.749999999999999,830.2665597586753,0.39562308266320706,9.589626166064548
28.106793672784704,0.749999999999999,830.2665597586753,0.39562308266320706,9.589626166064548
28.860001467139092,0.7499999999999988,822.7312687402225,0.3912099058910169,9.583168417984893
28.860001467139092,0.7499999999999988,822.7312687402225,0.3912099058910169,9.583168417984893
28.860001467139092,0.7499999999999988,822.7312687402225,0.3912099058910169,9.583168417984893
28.860001467139092,0.7499999999999988,822.7312687402225,0.3912099058910169,9.583168417984893
29.175107959361025,0.7499999999999994,810.6418733028629,0.3680805334324476,9.431055006031718
29.175107959361025,0.7499999999999994,810.6418733028629,0.3680805334324476,9.431055006031718
29.175107959361025,0.7499999999999994,810.6418733028629,0.3680805334324476,9.431055006031718
28.834752908060413,0.7499999999999993,817.0248339125474,0.36810313821775204,9.399624435019467
28.91919599985827,0.7499999999999987,815.8421010003808,0.3713127773217826,9.443891500775901
28.91919599985827,0.7499999999999987,815.8421010003808,0.3713127773217826,9.443891500775901
28.77385177900661,0.7500000000000003,815.0118590788912,0.3824612616274256,9.430561497735521
28.151329326513295,0.75,823.544851031152,0.38021601586223464,9.409221423708015
27.990922195248807,0.7499999999999997,827.9944812208341,0.3703101643140317,9.378414268968768
27.990922195248807,0.7499999999999997,827.9944812208341,0.3703101643140317,9.378414268968768
28.68597471868065,0.7499999999999988,814.6769020047948,0.3691545204357736,9.345878462062634
28.230719171671954,0.7499999999999998,815.9293812197218,0.3646762759389383,9.333435909580635
28.430122830802915,0.7499999999999997,820.1189024497123,0.36501955726740776,9.319610043148435
28.430122830802915,0.7499999999999997,820.1189024497123,0.36501955726740776,9.319610043148435
28.430122830802915,0.7499999999999997,820.1189024497123,0.36501955726740776,9.319610043148435
28.430122830802915,0.7499999999999997,820.1189024497123,0.36501955726740776,9.319610043148435
28.430122830802915,0.7499999999999997,820.1189024497123,0.36501955726740776,9.319610043148435
28.430122830802915,0.7499999999999997,820.1189024497123,0.36501955726740776,9.319610043148435
28.430122830802915,0.7499999999999997,820.1189024497123,0.36501955726740776,9.319610043148435
29.570349218922907,0.749999999999999,805.646318602083,0.3546291921985152,9.276715008281675
29.570349218922907,0.749999999999999,805.646318602083,0.3546291921985152,9.276715008281675
29.519709706413597,0.7499999999999983,812.324357484233,0.3628363025710646,9.354833924483481
29.519709706413597,0.7499999999999983,812.324357484233,0.3628363025710646,9.354833924483481
29.519709706413597,0.7499999999999983,812.324357484233,0.3628363025710646,9.354833924483481
29.519709706413597,0.7499999999999983,812.324357484233,0.3628363025710646,9.354833924483481
29.742848491610065,0.7499999999999988,804.3808471880561,0.36565071236398683,9.28451738353441
29.742848491610065,0.7499999999999988,804.3808471880561,0.36565071236398683,9.28451738353441
29.919385252420554,0.7499999999999996,808.2322311246,0.36938627517729195,9.294531485492968
29.382193490172323,0.7499999999999994,818.1687141296276,0.3735992867633598,9.285980860983505
29.382193490172323,0.7499999999999994,818.1687141296276,0.3735992867633598,9.285980860983505
29.382193490172323,0.7499999999999994,818.1687141296276,0.3735992867633598,9.285980860983505
29.382193490172323,0.7499999999999994,818.1687141296276,0.3735992867633598,9.285980860983505
29.741017393271722,0.7499999999999994,810.7870543267161,0.357679580985671,9.244301521146653
29.741017393271722,0.7499999999999994,810.7870543267161,0.357679580985671,9.244301521146653
29.741017393271722,0.7499999999999994,810.7870543267161,0.357679580985671,9.244301521146653
29.47905413596714,0.7499999999999993,811.5812737828663,0.35442733057690823,9.193004577782435
29.560044033905097,0.749999999999999,810.0624944652908,0.36417109579927,9.351785431710926
29.393115438872737,0.75,804.7405565087798,0.35970124045514085,9.403820335350266
29.178437868402213,0.7499999999999994,811.285404987513,0.35675980125310847,9.411052734471998
29.178437868402213,0.7499999999999994,811.285404987513,0.35675980125310847,9.411052734471998
29.178437868402213,0.7499999999999994,811.285404987513,0.35675980125310847,9.411052734471998
28.941726711238736,0.7499999999999999,803.2177565097372,0.35588210662158853,9.405564218809554
28.441407867086724,0.7499999999999996,811.0903704168235,0.34674934595865603,9.36446555774368
28.441407867086724,0.7499999999999996,811.0903704168235,0.34674934595865603,9.36446555774368
28.441407867086724,0.7499999999999996,811.0903704168235,0.34674934595865603,9.36446555774368
28.441407867086724,0.7499999999999996,811.0903704168235,0.34674934595865603,9.36446555774368
28.441407867086724,0.7499999999999996,811.0903704168235,0.34674934595865603,9.36446555774368
28.441407867086724,0.7499999999999996,811.0903704168235,0.34674934595865603,9.36446555774368
28.441407867086724,0.7499999999999996,811.0903704168235,0.34674934595865603,9.36446555774368
28.441407867086724,0.7499999999999996,811.0903704168235,0.34674934595865603,9.36446555774368
28.441407867086724,0.7499999999999996,811.0903704168235,0.34674934595865603,9.36446555774368
28.441407867086724,0.7499999999999996,811.0903704168235,0.34674934595865603,9.36446555774368
28.441407867086724,0.7499999999999996,811.0903704168235,0.34674934595865603,9.36446555774368
28.441407867086724,0.7499999999999996,811.0903704168235,0.34674934595865603,9.36446555774368
28.1392043092174,0.7499999999999993,812.982198935004,0.35543076130541973,9.33484957971209
28.1392043092174,0.7499999999999993,812.982198935004,0.35543076130541973,9.33484957971209
28.1392043092174,0.7499999999999993,812.982198935004,0.35543076130541973,9.33484957971209
28.9238471128302,0.7499999999999999,797.4160120975396,0.3514814335526305,9.317617397472143
28.9238471128302,0.7499999999999999,797.4160120975396,0.3514814335526305,9.317617397472143
28.9238471128302,0.7499999999999999,797.4160120975396,0.3514814335526305,9.317617397472143
29.04110854133166,0.7499999999999992,801.8329338054059,0.3693576746549294,9.490420431028483
29.04110854133166,0.7499999999999992,801.8329338054059,0.3693576746549294,9.490420431028483
29.04110854133166,0.7499999999999992,801.8329338054059,0.3693576746549294,9.490420431028483
29.3597230516461,0.7499999999999994,805.2224692735483,0.3743664147923746,9.61368436987839
29.348498006124963,0.7500000000000001,806.9444260363705,0.38350020194127116,9.617173562188785
29.313564492481575,0.7499999999999994,801.5464961668218,0.3752144717022617,9.553223333967788
29.313564492481575,0.7499999999999994,801.5464961668218,0.3752144717022617,9.553223333967788
29.313564492481575,0.7499999999999994,801.5464961668218,0.3752144717022617,9.553223333967788
28.847769098976883,0.75,810.7640276325891,0.36982781243305696,9.479244748042424
28.847769098976883,0.75,810.7640276325891,0.36982781243305696,9.479244748042424
28.847769098976883,0.75,810.7640276325891,0.36982781243305696,9.479244748042424
28.847769098976883,0.75,810.7640276325891,0.36982781243305696,9.479244748042424
28.847769098976883,0.75,810.7640276325891,0.36982781243305696,9.479244748042424
29.70148813626646,0.7499999999999992,798.6596435724218,0.37085251929501584,9.542775826182838
29.70148813626646,0.7499999999999992,798.6596435724218,0.37085251929501584,9.542775826182838
29.654883022439552,0.7499999999999987,801.5795523556512,0.36854372594280566,9.523624401271363
29.41399232225502,0.7499999999999997,805.8579973314543,0.37912988735231407,9.576847621913052
29.346263376799243,0.7499999999999993,808.7684940959347,0.370440323242377,9.54918529514335
29.346263376799243,0.7499999999999993,808.7684940959347,0.370440323242377,9.54918529514335
29.346263376799243,0.7499999999999993,808.7684940959347,0.370440323242377,9.54918529514335
29.08895689971127,0.7499999999999993,811.4627060878827,0.3678038153458395,9.553610206169196
29.247771799190268,0.7499999999999991,800.8477256112011,0.3716466280071414,9.492064602016839
29.321709468412887,0.7499999999999982,806.9365290691617,0.3781628826026928,9.489505140678707
29.408186516364047,0.7499999999999991,810.8858810614527,0.3789463312338465,9.522591927921587
29.462648774842606,0.7499999999999988,810.8969329926314,0.39242934447420963,9.468536004207754
29.462648774842606,0.7499999999999988,810.8969329926314,0.39242934447420963,9.468536004207754
29.462648774842606,0.7499999999999988,810.8969329926314,0.39242934447420963,9.468536004207754
29.462648774842606,0.7499999999999988,810.8969329926314,0.39242934447420963,9.468536004207754
29.462648774842606,0.7499999999999988,810.8969329926314,0.39242934447420963,9.468536004207754
29.462648774842606,0.7499999999999988,810.8969329926314,0.39242934447420963,9.468536004207754
29.462648774842606,0.7499999999999988,810.8969329926314,0.39242934447420963,9.468536004207754
29.462648774842606,0.7499999999999988,810.8969329926314,0.39242934447420963,9.468536004207754
29.462648774842606,0.7499999999999988,810.8969329926314,0.39242934447420963,9.468536004207754
29.462648774842606,0.7499999999999988,810.8969329926314,0.39242934447420963,9.468536004207754
29.462648774842606,0.7499999999999988,810.8969329926314,0.39242934447420963,9.468536004207754
29.462648774842606,0.7499999999999988,810.8969329926314,0.39242934447420963,9.468536004207754
29.462648774842606,0.7499999999999988,810.8969329926314,0.39242934447420963,9.468536004207754
28.644297452432717,0.7499999999999991,821.7303738919027,0.3951681700290786,9.54635520423127
28.644297452432717,0.7499999999999991,821.7303738919027,0.3951681700290786,9.54635520423127
29.192207227669687,0.7499999999999989,815.8880849446751,0.39686187438126636,9.528260083931205
29.190923558170287,0.7499999999999994,813.5719442640802,0.38201678119730587,9.422011282342345
29.89306056960134,0.7499999999999984,804.6320132896121,0.38388666773773206,9.428267913530647
30.135049803462746,0.75,803.2164300739754,0.3777991130654701,9.433980438689535
29.749934783033346,0.75,808.6047085819737,0.38746130280043634,9.573507689815807
29.712630244560714,0.7499999999999998,817.2009838900772,0.3886022828077974,9.600677752971242
30.20743275128721,0.7499999999999996,799.288822776314,0.37570812216938443,9.505275246090033
30.548864449385896,0.75,800.765244023892,0.3884650902743166,9.48227241031113
30.673949657621403,0.7499999999999994,806.8019186336702,0.3859161297493497,9.473122945099615
30.31256586380868,0.7499999999999988,813.6534749074646,0.37835549156514386,9.470677012880921
30.31256586380868,0.7499999999999988,813.6534749074646,0.37835549156514386,9.470677012880921
30.763624109648873,0.7499999999999993,808.6034315018903,0.37731435855396694,9.519944975895694
30.763624109648873,0.7499999999999993,808.6034315018903,0.37731435855396694,9.519944975895694
29.760694857613075,0.7499999999999992,815.7086687841778,0.37265848037970895,9.391024598086707
30.267605811776317,0.7499999999999988,817.4708989521009,0.37397789282378185,9.403037785054769
30.267605811776317,0.7499999999999988,817.4708989521009,0.37397789282378185,9.403037785054769
30.267605811776317,0.7499999999999988,817.4708989521009,0.37397789282378185,9.403037785054769
30.267605811776317,0.7499999999999988,817.4708989521009,0.37397789282378185,9.403037785054769
30.267605811776317,0.7499999999999988,817.4708989521009,0.37397789282378185,9.403037785054769
30.91167370412385,0.7499999999999997,804.9108864819979,0.37279349361592945,9.451917952131122
30.438230802463032,0.7500000000000001,807.2429638728954,0.36234787822749703,9.368214181997692
30.71337636217909,0.7499999999999983,808.5766778984053,0.3679031931047392,9.49623769094018
29.60607079138597,0.7499999999999994,821.2867902211095,0.37102245215697083,9.437814059896988
29.725663930407347,0.7499999999999996,817.3256730995024,0.36731156362087414,9.441666263437062
28.722661308540673,0.7499999999999999,831.2142702037836,0.36849969591965154,9.40616538426261
28.722661308540673,0.7499999999999999,831.2142702037836,0.36849969591965154,9.40616538426261
28.722661308540673,0.7499999999999999,831.2142702037836,0.36849969591965154,9.40616538426261
30.292356713384372,0.7499999999999998,799.5436153206305,0.3670142612166168,9.364511020237364
30.31056646092415,0.7499999999999997,804.1906324527865,0.36261262419456575,9.450561016716307
30.099210923407117,0.7499999999999989,807.6834557158355,0.35470156309613066,9.426702223078047
30.126787639166164,0.7499999999999998,802.5872646087269,0.3523596702966448,9.458365448611314
29.998150791178443,0.7499999999999991,801.5518059927165,0.34084682005830486,9.38847212043388
29.33489035902798,0.7499999999999998,802.1152704431659,0.345525108321464,9.331567753257243
28.783107203689113,0.7499999999999988,809.3540484149122,0.34412950635933937,9.365150027363317
28.424167736520026,0.7499999999999987,807.0553465137414,0.3447699857635613,9.383482322400763
28.907251351104478,0.7499999999999997,806.1997713653512,0.3527452782728552,9.363636245625608
29.408580106426033,0.7499999999999988,801.3597776160024,0.35096519156376416,9.392991533759503
29.408580106426033,0.7499999999999988,801.3597776160024,0.35096519156376416,9.392991533759503
29.408580106426033,0.7499999999999988,801.3597776160024,0.35096519156376416,9.392991533759503
29.903821359565598,0.75,798.5547112007806,0.34839692651599996,9.577989663500484
29.930068986613833,0.7500000000000001,796.5412777119502,0.3523139376578891,9.560372284507187
29.930068986613833,0.7500000000000001,796.5412777119502,0.3523139376578891,9.560372284507187
29.930068986613833,0.7500000000000001,796.5412777119502,0.3523139376578891,9.560372284507187
30.143165243750072,0.7499999999999994,797.1699875722172,0.35324379120831617,9.615063876212096
28.99825484669961,0.7499999999999999,808.6053196706429,0.34320193993326975,9.568339785490528
29.037231929278,0.7499999999999992,808.3465362440519,0.3381950738267453,9.511553680190016
28.2094433105651,0.7499999999999993,822.1071487844745,0.3329708079091539,9.5643295038726
28.2094433105651,0.7499999999999993,822.1071487844745,0.3329708079091539,9.5643295038726
28.806121987680886,0.7499999999999999,810.4443334179518,0.3404858415155603,9.567733642402995
29.09749685016305,0.7499999999999998,811.0832110811493,0.33844753955233703,9.48481470202061
29.519783539530962,0.7499999999999994,811.3310299701591,0.35200105597470605,9.587471099852047
29.357216223431863,0.7499999999999992,812.5932948388212,0.34334457317370903,9.577254906359618
29.664884924149895,0.7499999999999977,805.0587465743672,0.336219728447288,9.530197181566653
29.664884924149895,0.7499999999999977,805.0587465743672,0.336219728447288,9.530197181566653
28.850272257601528,0.7499999999999989,808.3447618605057,0.32624521757484526,9.36798475009445
28.850272257601528,0.7499999999999989,808.3447618605057,0.32624521757484526,9.36798475009445
29.373078118940278,0.7499999999999994,809.1610728060888,0.3422068079042887,9.446972270780606
29.12127074490129,0.7499999999999984,809.7299567418715,0.3446968337492737,9.487132331740659
29.09281370791932,0.7499999999999993,822.0376000630948,0.3435666776523802,9.560955586165381
29.09281370791932,0.7499999999999993,822.0376000630948,0.3435666776523802,9.560955586165381
29.09281370791932,0.7499999999999993,822.0376000630948,0.3435666776523802,9.560955586165381
29.09281370791932,0.7499999999999993,822.0376000630948,0.3435666776523802,9.560955586165381
29.09281370791932,0.7499999999999993,822.0376000630948,0.3435666776523802,9.560955586165381
29.09281370791932,0.7499999999999993,822.0376000630948,0.3435666776523802,9.560955586165381
30.0104159997625,0.75,815.480789581446,0.3585593576075285,9.660533571430685
30.0104159997625,0.75,815.480789581446,0.3585593576075285,9.660533571430685
30.0104159997625,0.75,815.480789581446,0.3585593576075285,9.660533571430685
30.0104159997625,0.75,815.480789581446,0.3585593576075285,9.660533571430685
29.773321411967935,0.7499999999999991,814.659431726425,0.3616674686131266,9.6019125617297
29.773321411967935,0.7499999999999991,814.659431726425,0.3616674686131266,9.6019125617297
29.773321411967935,0.7499999999999991,814.659431726425,0.3616674686131266,9.6019125617297
29.626731482520423,0.7499999999999992,812.9969380727874,0.35138990848611773,9.598412503088557
29.21940397136673,0.7499999999999981,816.6896353205057,0.3451123827341188,9.606253813627598
29.21940397136673,0.7499999999999981,816.6896353205057,0.3451123827341188,9.606253813627598
29.12942328297018,0.75,811.6564166235813,0.33789841081088057,9.56810345309213
29.12942328297018,0.75,811.6564166235813,0.33789841081088057,9.56810345309213
29.12942328297018,0.75,811.6564166235813,0.33789841081088057,9.56810345309213
28.74204108199295,0.7499999999999986,820.973162591664,0.34523735652961923,9.661469816022986
28.74204108199295,0.7499999999999986,820.973162591664,0.34523735652961923,9.661469816022986
28.36612766080288,0.7499999999999991,828.8029991339874,0.34834542137671565,9.61755800940492
28.36612766080288,0.7499999999999991,828.8029991339874,0.34834542137671565,9.61755800940492
28.36612766080288,0.7499999999999991,828.8029991339874,0.34834542137671565,9.61755800940492
28.193592751107026,0.7499999999999992,834.7840519859768,0.3479077413516154,9.734393146809861
28.443224427558498,0.7499999999999991,832.2784100885735,0.35158707644177245,9.690434509023438
28.443224427558498,0.7499999999999991,832.2784100885735,0.35158707644177245,9.690434509023438
28.443224427558498,0.7499999999999991,832.2784100885735,0.35158707644177245,9.690434509023438
28.443224427558498,0.7499999999999991,832.2784100885735,0.35158707644177245,9.690434509023438
28.443224427558498,0.7499999999999991,832.2784100885735,0.35158707644177245,9.690434509023438
28.443224427558498,0.7499999999999991,832.2784100885735,0.35158707644177245,9.690434509023438
28.370087028196174,0.7499999999999992,837.9045681880136,0.34388902710656255,9.700198339687484
28.747485391838904,0.7499999999999991,825.9533806867468,0.3437627413604326,9.689855968529912
29.18211298341796,0.7499999999999993,822.6750527567825,0.35188261080410854,9.703300279710191
29.18211298341796,0.7499999999999993,822.6750527567825,0.35188261080410854,9.703300279710191
28.64933096726974,0.7500000000000001,829.6085505131127,0.3431808039272558,9.670140384629624
28.64933096726974,0.7500000000000001,829.6085505131127,0.3431808039272558,9.670140384629624
28.730407297759626,0.7499999999999994,825.4119692230498,0.3394783954329414,9.622422470880363
28.730407297759626,0.7499999999999994,825.4119692230498,0.3394783954329414,9.622422470880363
28.730407297759626,0.7499999999999994,825.4119692230498,0.3394783954329414,9.622422470880363
29.19964578063124,0.7499999999999994,822.256646647911,0.34495413615786497,9.63686155307352
29.313356514233465,0.7499999999999998,824.4653077955306,0.3414636283604487,9.603951427453268
29.38614132216143,0.7499999999999992,819.0863725732291,0.33109356840280196,9.614186616780461
29.38614132216143,0.7499999999999992,819.0863725732291,0.33109356840280196,9.614186616780461
29.38614132216143,0.7499999999999992,819.0863725732291,0.33109356840280196,9.614186616780461
29.38614132216143,0.7499999999999992,819.0863725732291,0.33109356840280196,9.614186616780461
29.38614132216143,0.7499999999999992,819.0863725732291,0.33109356840280196,9.614186616780461
29.38614132216143,0.7499999999999992,819.0863725732291,0.33109356840280196,9.614186616780461
29.761844816528342,0.7499999999999993,807.7906107538283,0.3168066762723995,9.490756325963153
29.300041435857906,0.749999999999999,810.5747531819086,0.3217575975705633,9.483871836737293
29.522937510236577,0.7499999999999974,810.8386711548842,0.3354434023709325,9.57765563031818
29.790034075965107,0.749999999999999,810.5532401725388,0.3298475499198497,9.600368365868496
29.859959827490368,0.7499999999999991,821.2365583159094,0.34150605841876075,9.697198161363275
29.089735961419134,0.7499999999999991,823.6307458719847,0.3446096839106342,9.65019046203619
29.089735961419134,0.7499999999999991,823.6307458719847,0.3446096839106342,9.65019046203619
29.089735961419134,0.7499999999999991,823.6307458719847,0.3446096839106342,9.65019046203619
29.089735961419134,0.7499999999999991,823.6307458719847,0.3446096839106342,9.65019046203619
29.089735961419134,0.7499999999999991,823.6307458719847,0.3446096839106342,9.65019046203619
29.089735961419134,0.7499999999999991,823.6307458719847,0.3446096839106342,9.65019046203619
29.089735961419134,0.7499999999999991,823.6307458719847,0.3446096839106342,9.65019046203619
29.693322230115132,0.7499999999999998,818.7812521363101,0.34412139038427386,9.714933569583073
29.693322230115132,0.7499999999999998,818.7812521363101,0.34412139038427386,9.714933569583073
28.86080619214628,0.7499999999999994,833.4465426298782,0.35700994492344923,9.62334091978986
29.254424161445687,0.7500000000000003,822.5851132207653,0.3542934726562974,9.590568375567605
29.254424161445687,0.7500000000000003,822.5851132207653,0.3542934726562974,9.590568375567605
29.254424161445687,0.7500000000000003,822.5851132207653,0.3542934726562974,9.590568375567605
29.773493422333942,0.7499999999999998,806.7826121302631,0.34587548277300356,9.577374957284695
29.773493422333942,0.7499999999999998,806.7826121302631,0.34587548277300356,9.577374957284695
30.02007408271267,0.749999999999999,807.1663327892754,0.33967841368648805,9.504851156856784
30.1773365758669,0.7499999999999993,802.755801945668,0.32058053783141977,9.51337548214615
29.821554416954417,0.7499999999999992,811.344175340618,0.3332286830481341,9.538075610287354
29.957975432036225,0.7499999999999997,812.849200775336,0.33254219199566354,9.609148392677335
29.957975432036225,0.7499999999999997,812.849200775336,0.33254219199566354,9.609148392677335
29.957975432036225,0.7499999999999997,812.849200775336,0.33254219199566354,9.609148392677335
29.957975432036225,0.7499999999999997,812.849200775336,0.33254219199566354,9.609148392677335
29.957975432036225,0.7499999999999997,812.849200775336,0.33254219199566354,9.609148392677335
29.957975432036225,0.7499999999999997,812.849200775336,0.33254219199566354,9.609148392677335
30.011980341291512,0.7499999999999989,809.3865812357351,0.3320381449437251,9.518625778133716
30.06621016666256,0.75,812.4566420515393,0.33784951346786357,9.603094166977948
29.309152121077748,0.7499999999999996,815.1616986708041,0.3338051618374475,9.533424780925662
29.309152121077748,0.7499999999999996,815.1616986708041,0.3338051618374475,9.533424780925662
30.098861975936465,0.749999999999998,813.7101258863593,0.3361831533778367,9.625305735727679
30.098861975936465,0.749999999999998,813.7101258863593,0.3361831533778367,9.625305735727679
30.483815966215893,0.7499999999999992,807.9644147658411,0.3353484716923216,9.638301085275478
30.249306343616215,0.749999999999999,818.2528675549673,0.3310081852234362,9.523906329673059
30.249306343616215,0.749999999999999,818.2528675549673,0.3310081852234362,9.523906329673059
30.249306343616215,0.749999999999999,818.2528675549673,0.3310081852234362,9.523906329673059
30.249306343616215,0.749999999999999,818.2528675549673,0.3310081852234362,9.523906329673059
30.249306343616215,0.749999999999999,818.2528675549673,0.3310081852234362,9.523906329673059
30.249306343616215,0.749999999999999,818.2528675549673,0.3310081852234362,9.523906329673059
30.723960236225867,0.75,806.9364618265488,0.3287790239457904,9.393588820652917
30.541264547897292,0.7499999999999997,810.2323655412392,0.32835060867177057,9.359130501501957
29.807251797423206,0.7499999999999997,806.2287419415125,0.30917276158551554,9.21033072111041
29.435547997245106,0.749999999999998,809.212395585008,0.3120479091636619,9.231237712880079
29.522982758865286,0.7500000000000001,803.3734356205712,0.3152280829229933,9.248274851701803
29.522982758865286,0.7500000000000001,803.3734356205712,0.3152280829229933,9.248274851701803
29.522982758865286,0.7500000000000001,803.3734356205712,0.3152280829229933,9.248274851701803
29.522982758865286,0.7500000000000001,803.3734356205712,0.3152280829229933,9.248274851701803
29.32734265890105,0.7499999999999989,814.2641395230651,0.325159005552163,9.263296591172388
29.32734265890105,0.7499999999999989,814.2641395230651,0.325159005552163,9.263296591172388
29.32734265890105,0.7499999999999989,814.2641395230651,0.325159005552163,9.263296591172388
29.32734265890105,0.7499999999999989,814.2641395230651,0.325159005552163,9.263296591172388
29.32734265890105,0.7499999999999989,814.2641395230651,0.325159005552163,9.263296591172388
29.32734265890105,0.7499999999999989,814.2641395230651,0.325159005552163,9.263296591172388
29.477077151729162,0.7499999999999997,809.1439503268708,0.31574126266157143,9.316020697985241
28.899546819045508,0.7499999999999997,810.6357822682143,0.31269949059083935,9.252489109083232
28.899546819045508,0.7499999999999997,810.6357822682143,0.31269949059083935,9.252489109083232
28.778439826850317,0.749999999999998,812.5454637688048,0.30487866842533523,9.23814230401006
28.778439826850317,0.749999999999998,812.5454637688048,0.30487866842533523,9.23814230401006
28.778439826850317,0.749999999999998,812.5454637688048,0.30487866842533523,9.23814230401006
29.317482817613836,0.7499999999999998,808.0033383262677,0.3077913166321086,9.339479105723445
29.317482817613836,0.7499999999999998,808.0033383262677,0.3077913166321086,9.339479105723445
29.317482817613836,0.7499999999999998,808.0033383262677,0.3077913166321086,9.339479105723445
29.317482817613836,0.7499999999999998,808.0033383262677,0.3077913166321086,9.339479105723445
29.317482817613836,0.7499999999999998,808.0033383262677,0.3077913166321086,9.339479105723445
29.317482817613836,0.7499999999999998,808.0033383262677,0.3077913166321086,9.339479105723445
28.74064162585082,0.749999999999999,809.5916931831641,0.308705978079491,9.295741902886466
28.74064162585082,0.749999999999999,809.5916931831641,0.308705978079491,9.295741902886466
28.685871516176753,0.7499999999999994,814.1028710110163,0.2981181637238795,9.315267758741632
28.685871516176753,0.7499999999999994,814.1028710110163,0.2981181637238795,9.315267758741632
29.14849000211871,0.7499999999999994,809.0241655729437,0.3034429722140007,9.355167356706792
29.14849000211871,0.7499999999999994,809.0241655729437,0.3034429722140007,9.355167356706792
29.361501347763888,0.7499999999999978,805.5959163131596,0.2964156977973745,9.295077023832382
28.678450500272127,0.7499999999999991,808.3187473366194,0.2958799661879642,9.15192589560264
28.678450500272127,0.7499999999999991,808.3187473366194,0.2958799661879642,9.15192589560264
28.678450500272127,0.7499999999999991,808.3187473366194,0.2958799661879642,9.15192589560264
28.678450500272127,0.7499999999999991,808.3187473366194,0.2958799661879642,9.15192589560264
28.678450500272127,0.7499999999999991,808.3187473366194,0.2958799661879642,9.15192589560264
28.678450500272127,0.7499999999999991,808.3187473366194,0.2958799661879642,9.15192589560264
28.678450500272127,0.7499999999999991,808.3187473366194,0.2958799661879642,9.15192589560264
28.678450500272127,0.7499999999999991,808.3187473366194,0.2958799661879642,9.15192589560264
28.55735112463412,0.749999999999999,805.6164082757718,0.3023073449878621,9.242978062129485
28.55735112463412,0.749999999999999,805.6164082757718,0.3023073449878621,9.242978062129485
28.55735112463412,0.749999999999999,805.6164082757718,0.3023073449878621,9.242978062129485
28.968167347338568,0.7499999999999996,806.8408589875287,0.3085173519073513,9.285477016697277
28.897332041445765,0.7499999999999993,809.0029726565564,0.3124273698754926,9.284301027601899
28.9156971491552,0.7499999999999993,804.6704605723564,0.32373290598414345,9.337107536119252
28.9156971491552,0.7499999999999993,804.6704605723564,0.32373290598414345,9.337107536119252
29.183877958022126,0.7499999999999993,805.6428398762931,0.3337570296797687,9.38233069866692
29.564417577518704,0.75,801.2066077415261,0.334607556023455,9.445665238788758
30.03334117323336,0.7499999999999992,800.2539859803125,0.3397200932224162,9.486172834162412
30.09299008726084,0.7499999999999991,806.814389213982,0.3429560899390585,9.489762414093903
30.112333316077013,0.749999999999999,815.2695868274988,0.3534123259627491,9.566463560728696
29.81562562320596,0.7499999999999996,810.4434653499368,0.346204780951623,9.549279652900216
30.078316440968134,0.7499999999999989,807.0208443718292,0.3533796222696777,9.46491947025875
30.438542130521725,0.7499999999999994,807.4227263921927,0.3596749427483287,9.542786030404105
30.47195792042347,0.7499999999999994,807.9929876188747,0.36169578704486915,9.570970072980268
30.663713364762685,0.7499999999999991,808.6193255479669,0.3661148901284808,9.57949400575101
30.370813624011728,0.7499999999999996,809.4728168573806,0.36308505796582624,9.521830065205254
30.370813624011728,0.7499999999999996,809.4728168573806,0.36308505796582624,9.521830065205254
30.370813624011728,0.7499999999999996,809.4728168573806,0.36308505796582624,9.521830065205254
30.370813624011728,0.7499999999999996,809.4728168573806,0.36308505796582624,9.521830065205254
30.370813624011728,0.7499999999999996,809.4728168573806,0.36308505796582624,9.521830065205254
30.370813624011728,0.7499999999999996,809.4728168573806,0.36308505796582624,9.521830065205254
30.26096395014318,0.7499999999999993,798.8779160831991,0.34272971242982925,9.438862380716921
29.732754751325846,0.7499999999999993,804.1128296367705,0.35396197819527875,9.510246093024298
29.732754751325846,0.7499999999999993,804.1128296367705,0.35396197819527875,9.510246093024298
29.880891890230487,0.7499999999999999,803.3076380001779,0.35343437242242615,9.430227183866975
29.880891890230487,0.7499999999999999,803.3076380001779,0.35343437242242615,9.430227183866975
30.089700280484013,0.7499999999999988,805.1132117291928,0.3703851959815241,9.548758298198212
30.089700280484013,0.7499999999999988,805.1132117291928,0.3703851959815241,9.548758298198212
29.590376251243807,0.7499999999999996,818.2765315812389,0.382464714412262,9.570605920444104
29.955566393995056,0.7499999999999999,811.5706150906099,0.3867451199183257,9.583579916272305
29.955566393995056,0.7499999999999999,811.5706150906099,0.3867451199183257,9.583579916272305
29.755551826242197,0.7499999999999989,819.3315022898395,0.39500844620081477,9.605502601077983
29.306341958314786,0.7500000000000002,824.378026065176,0.3919480950291787,9.601857878058187
30.05528095086672,0.7499999999999999,812.7401189891787,0.4026801307180002,9.57021680450563
30.05528095086672,0.7499999999999999,812.7401189891787,0.4026801307180002,9.57021680450563
30.05528095086672,0.7499999999999999,812.7401189891787,0.4026801307180002,9.57021680450563
30.002283101697397,0.7499999999999984,808.472184718596,0.3985496338364604,9.5239354802469
30.002283101697397,0.7499999999999984,808.472184718596,0.3985496338364604,9.5239354802469
29.831334863561008,0.7499999999999993,804.4551476535041,0.39651550020919224,9.549052593380683
29.72795456514258,0.7499999999999996,810.3415248538994,0.39576150198921034,9.68433568478605
29.72795456514258,0.7499999999999996,810.3415248538994,0.39576150198921034,9.68433568478605
29.666482613621355,0.7499999999999998,805.444372651594,0.40338791130463403,9.619685257078945
29.666482613621355,0.7499999999999998,805.444372651594,0.40338791130463403,9.619685257078945
29.666482613621355,0.7499999999999998,805.444372651594,0.40338791130463403,9.619685257078945
29.666482613621355,0.7499999999999998,805.444372651594,0.40338791130463403,9.619685257078945
29.40157677333231,0.75,814.6794034151412,0.400358121820847,9.62278585880065
30.273956638175953,0.7499999999999997,805.898887547859,0.4019101575698555,9.651319538574981
30.45023259046271,0.7500000000000001,800.6920054834942,0.39330047521298256,9.5603803546261
29.942401659163114,0.7499999999999982,808.0669020167161,0.382945984404057,9.496875014441747
29.942401659163114,0.7499999999999982,808.0669020167161,0.382945984404057,9.496875014441747
30.0944130164279,0.7499999999999997,805.7913133468729,0.38466514054501627,9.532736707308052
29.771971328404863,0.7499999999999997,807.0740161808104,0.3752740751034145,9.47306831434113
29.643649539752598,0.749999999999999,810.5911571896996,0.3666899592261308,9.442239065984499
29.06103493929761,0.7499999999999986,823.4976280445024,0.3727337003220937,9.488857347240138
29.06103493929761,0.7499999999999986,823.4976280445024,0.3727337003220937,9.488857347240138
29.611520304684635,0.75,810.6916228041097,0.3666385620894957,9.474116102362192
29.611520304684635,0.75,810.6916228041097,0.3666385620894957,9.474116102362192
29.933343908134344,0.7499999999999992,807.0113875900112,0.36890411277764606,9.492590218725766
29.978205440055238,0.7499999999999993,810.2864915369826,0.38304100981899886,9.519872518228429
29.978205440055238,0.7499999999999993,810.2864915369826,0.38304100981899886,9.519872518228429
30.142377221872117,0.7499999999999996,805.0702721646137,0.3850685404172891,9.503026545760216
30.142377221872117,0.7499999999999996,805.0702721646137,0.3850685404172891,9.503026545760216
30.070183185333143,0.7499999999999998,799.7348481461069,0.38364797505178044,9.511651010614978
30.46257161903782,0.7500000000000002,798.0625432735151,0.37827795462113856,9.528961308736243
30.314560079296754,0.7499999999999989,796.1112787593536,0.3853155317481996,9.5949872235968
30.314560079296754,0.7499999999999989,796.1112787593536,0.3853155317481996,9.5949872235968
29.987265414256136,0.7499999999999988,801.9985275290985,0.3978225317509216,9.640692805635547
29.987265414256136,0.7499999999999988,801.9985275290985,0.3978225317509216,9.640692805635547
29.65460405021876,0.7499999999999998,810.467220529313,0.4020180334200882,9.717652179010756
28.823852659042075,0.7499999999999994,817.4676380807283,0.38976477014163763,9.633203836489193
28.823852659042075,0.7499999999999994,817.4676380807283,0.38976477014163763,9.633203836489193
28.823852659042075,0.7499999999999994,817.4676380807283,0.38976477014163763,9.633203836489193
28.823852659042075,0.7499999999999994,817.4676380807283,0.38976477014163763,9.633203836489193
28.823852659042075,0.7499999999999994,817.4676380807283,0.38976477014163763,9.633203836489193
29.167361593827216,0.7499999999999996,810.2268160547844,0.3844197356987672,9.565796225523096
29.167361593827216,0.7499999999999996,810.2268160547844,0.3844197356987672,9.565796225523096
29.167361593827216,0.7499999999999996,810.2268160547844,0.3844197356987672,9.565796225523096
29.49848606600963,0.7499999999999996,814.2578460221732,0.3885569817848721,9.709507944389333
29.49848606600963,0.7499999999999996,814.2578460221732,0.3885569817848721,9.709507944389333
29.49848606600963,0.7499999999999996,814.2578460221732,0.3885569817848721,9.709507944389333
29.76692109104922,0.75,811.9371332973067,0.38292738953986294,9.753358177022898
30.815495355858655,0.7499999999999999,797.0044454958952,0.38868097630201937,9.699386946311595
30.233444429717316,0.7499999999999993,800.0389854874928,0.38017949229183756,9.686550942075996
30.109012886459208,0.7499999999999997,814.3323970339579,0.4052023622632153,9.827544652508355
30.109012886459208,0.7499999999999997,814.3323970339579,0.4052023622632153,9.827544652508355
29.693179854796327,0.7499999999999993,817.581096498096,0.40681149795813965,9.853532180651545
29.865566755184886,0.7499999999999996,821.347600889289,0.42294030929615756,9.922239438751713
29.885228407807045,0.7499999999999987,822.088356650609,0.42649470829499886,9.973854839080474
29.897220441520663,0.7499999999999988,823.8229531024126,0.442800049285813,10.080506997317565
29.99612399449281,0.75,820.5821998205203,0.43406895418968305,10.009077405598791
29.99612399449281,0.75,820.5821998205203,0.43406895418968305,10.009077405598791
29.819721557181992,0.7499999999999984,821.7952546478269,0.42088485595526254,9.947929803559415
30.340494343991487,0.749999999999999,822.6592539566141,0.4200842395162572,9.960573877040915
30.340494343991487,0.749999999999999,822.6592539566141,0.4200842395162572,9.960573877040915
30.171304637714243,0.7499999999999992,821.9214350622055,0.4174201185288055,9.940414461998339
30.171304637714243,0.7499999999999992,821.9214350622055,0.4174201185288055,9.940414461998339
30.171304637714243,0.7499999999999992,821.9214350622055,0.4174201185288055,9.940414461998339
30.171304637714243,0.7499999999999992,821.9214350622055,0.4174201185288055,9.940414461998339
29.415784082723672,0.75,826.0529323075946,0.4068065076604763,9.887360533165705
29.60289114440281,0.7499999999999997,820.4067510502955,0.4078212935911559,9.88526539819936
29.582369775587654,0.7499999999999992,815.9379982121117,0.4062375929638615,9.828965756582978
29.582369775587654,0.7499999999999992,815.9379982121117,0.4062375929638615,9.828965756582978
29.399034322781898,0.7499999999999996,820.1730556613682,0.4057677184266204,9.91706161691305
29.61832593176184,0.7499999999999996,810.7907206916586,0.39836798003378965,9.795327000632039
29.05369453442657,0.7499999999999993,818.3521118895817,0.4054517188040783,9.861334163685807
29.221974892609616,0.7499999999999996,815.8614041162763,0.4057506245090797,9.821862418467305
29.221974892609616,0.7499999999999996,815.8614041162763,0.4057506245090797,9.821862418467305
29.221974892609616,0.7499999999999996,815.8614041162763,0.4057506245090797,9.821862418467305
29.600361651604047,0.7499999999999983,808.6113438514388,0.4059541015351336,9.785052479417605
29.385415488603552,0.7499999999999999,813.3231090192712,0.4161238352978163,9.843158146439768
29.205132357685365,0.7499999999999992,807.5838585563827,0.39932756502552674,9.63824838904788
29.205132357685365,0.7499999999999992,807.5838585563827,0.39932756502552674,9.63824838904788
29.205132357685365,0.7499999999999992,807.5838585563827,0.39932756502552674,9.63824838904788
29.073229475846883,0.7499999999999984,813.9960493131806,0.4139301669190049,9.660208942587294
29.37281147145912,0.7499999999999991,804.8327669711523,0.4084776759421593,9.569258027123942
29.868267262583363,0.7499999999999996,805.0656164288364,0.4205814242788473,9.653327204794854
29.906317689144615,0.7499999999999992,812.6651767490916,0.4310843822239647,9.756637168807597
29.906317689144615,0.7499999999999992,812.6651767490916,0.4310843822239647,9.756637168807597
30.350040292753206,0.7499999999999998,811.3791808209422,0.43208501517263304,9.806204727029591
30.572992483085404,0.7499999999999998,805.1558559268489,0.43735827545753436,9.730288967764503
30.061936741663366,0.7499999999999992,809.759676111891,0.4419097039457058,9.870194988191807
30.061936741663366,0.7499999999999992,809.759676111891,0.4419097039457058,9.870194988191807
29.86490309892982,0.7499999999999988,813.4131899076268,0.4476734589757896,9.952121976543216
30.32751522031312,0.7499999999999998,813.1653941535329,0.46097250043720034,9.971634081829293
30.571458622586384,0.7499999999999996,808.4346513010106,0.4433252912873142,9.968313322256183
30.571458622586384,0.7499999999999996,808.4346513010106,0.4433252912873142,9.968313322256183
30.571458622586384,0.7499999999999996,808.4346513010106,0.4433252912873142,9.968313322256183
30.571458622586384,0.7499999999999996,808.4346513010106,0.4433252912873142,9.968313322256183
30.51775003689053,0.7499999999999999,811.0876842191944,0.4532972100170143,10.002501761401145
30.442609268559437,0.7499999999999989,809.8990041976524,0.4311609497844183,9.94854462802762
30.442609268559437,0.7499999999999989,809.8990041976524,0.4311609497844183,9.94854462802762
30.82918471223723,0.7499999999999997,806.7024508151198,0.44208196344874207,9.892672196116862
30.82918471223723,0.7499999999999997,806.7024508151198,0.44208196344874207,9.892672196116862
30.82918471223723,0.7499999999999997,806.7024508151198,0.44208196344874207,9.892672196116862
30.82918471223723,0.7499999999999997,806.7024508151198,0.44208196344874207,9.892672196116862
30.82918471223723,0.7499999999999997,806.7024508151198,0.44208196344874207,9.892672196116862
30.224564350316793,0.7499999999999996,816.4922731769431,0.4398167630999634,9.819785562264022
30.224564350316793,0.7499999999999996,816.4922731769431,0.4398167630999634,9.819785562264022
30.526783111401077,0.7499999999999991,799.6424534531905,0.4076808676784047,9.612050219122832
30.526783111401077,0.7499999999999991,799.6424534531905,0.4076808676784047,9.612050219122832
30.526783111401077,0.7499999999999991,799.6424534531905,0.4076808676784047,9.612050219122832
30.526783111401077,0.7499999999999991,799.6424534531905,0.4076808676784047,9.612050219122832
30.526783111401077,0.7499999999999991,799.6424534531905,0.4076808676784047,9.612050219122832
30.305741381510526,0.7499999999999993,806.7214196547991,0.415428505365048,9.746828578356471
30.305741381510526,0.7499999999999993,806.7214196547991,0.415428505365048,9.746828578356471
29.44570793702488,0.7499999999999996,813.1681328496566,0.4091270943843547,9.724871596224602
29.973204950022392,0.7499999999999993,806.6878144637617,0.40746431986624654,9.615849934844135
30.08045227490645,0.7499999999999987,804.4842813186071,0.40471838174042307,9.677107675005024
29.882097600371186,0.7499999999999992,817.5422724290693,0.419159111421733,9.795760621983657
30.23708042932492,0.7499999999999983,819.9265228727224,0.42858674686038994,9.895367428924526
30.23708042932492,0.7499999999999983,819.9265228727224,0.42858674686038994,9.895367428924526
30.051523250027785,0.7499999999999994,808.4175079048131,0.41673884333922023,9.744542092197445
30.051523250027785,0.7499999999999994,808.4175079048131,0.41673884333922023,9.744542092197445
29.985372427877696,0.749999999999999,808.1800779618727,0.42036814742416584,9.746121863699296
29.985372427877696,0.749999999999999,808.1800779618727,0.42036814742416584,9.746121863699296
30.677913438283078,0.7499999999999994,806.4300027749459,0.4285466919617521,9.779403693068048
30.45264103104284,0.7499999999999996,802.676474677093,0.42694224597127717,9.725181801329224
30.990933040827038,0.7499999999999993,803.2278457204023,0.4348577577899577,9.772891387055731
30.990933040827038,0.7499999999999993,803.2278457204023,0.4348577577899577,9.772891387055731
30.88159935822994,0.7499999999999994,801.5803495891529,0.43889843698742964,9.741914072489148
29.9132401493508,0.7499999999999979,823.1043163887709,0.43619457480088636,9.676646289892295
29.9132401493508,0.7499999999999979,823.1043163887709,0.43619457480088636,9.676646289892295
29.9132401493508,0.7499999999999979,823.1043163887709,0.43619457480088636,9.676646289892295
30.40549835990023,0.7499999999999998,805.4930657463393,0.4202215017347673,9.705830813254286
30.947532329151215,0.7500000000000002,799.8458315671794,0.41355450511975134,9.696278654703281
30.21559780100932,0.7499999999999983,806.2791273932111,0.40793661951134996,9.554346075030224
30.21559780100932,0.7499999999999983,806.2791273932111,0.40793661951134996,9.554346075030224
30.70675559947839,0.7499999999999996,802.7150024494074,0.41656869495178217,9.576924344116184
30.70675559947839,0.7499999999999996,802.7150024494074,0.41656869495178217,9.576924344116184
30.70675559947839,0.7499999999999996,802.7150024494074,0.41656869495178217,9.576924344116184
30.70675559947839,0.7499999999999996,802.7150024494074,0.41656869495178217,9.576924344116184
30.70675559947839,0.7499999999999996,802.7150024494074,0.41656869495178217,9.576924344116184
30.70675559947839,0.7499999999999996,802.7150024494074,0.41656869495178217,9.576924344116184
30.490369839055305,0.749999999999999,801.9256601074052,0.4238836321253755,9.621747211723493
30.529835529841232,0.7499999999999983,808.1005459773139,0.428733501204409,9.77680569556846
30.529835529841232,0.7499999999999983,808.1005459773139,0.428733501204409,9.77680569556846
30.529835529841232,0.7499999999999983,808.1005459773139,0.428733501204409,9.77680569556846
30.98120534050738,0.7499999999999998,803.5478963525416,0.42377883636663993,9.72950850289875
30.98120534050738,0.7499999999999998,803.5478963525416,0.42377883636663993,9.72950850289875
30.787589413309085,0.7499999999999993,804.6169588082302,0.42927184036564764,9.755459235133259
30.240931232653082,0.7499999999999989,807.9854102764145,0.4227474242878423,9.600923432376755
30.240931232653082,0.7499999999999989,807.9854102764145,0.4227474242878423,9.600923432376755
30.240931232653082,0.7499999999999989,807.9854102764145,0.4227474242878423,9.600923432376755
30.240931232653082,0.7499999999999989,807.9854102764145,0.4227474242878423,9.600923432376755
30.240931232653082,0.7499999999999989,807.9854102764145,0.4227474242878423,9.600923432376755
30.240931232653082,0.7499999999999989,807.9854102764145,0.4227474242878423,9.600923432376755
30.240931232653082,0.7499999999999989,807.9854102764145,0.4227474242878423,9.600923432376755
30.240931232653082,0.7499999999999989,807.9854102764145,0.4227474242878423,9.600923432376755
30.240931232653082,0.7499999999999989,807.9854102764145,0.4227474242878423,9.600923432376755
30.240931232653082,0.7499999999999989,807.9854102764145,0.4227474242878423,9.600923432376755
30.160085519649638,0.7499999999999986,806.256063735949,0.44788896812882045,9.681635904298451
30.536477560472004,0.7499999999999999,805.7835795177066,0.4511788824281933,9.633516283887479
30.536477560472004,0.7499999999999999,805.7835795177066,0.4511788824281933,9.633516283887479
30.910343808900446,0.7499999999999984,805.5804293455102,0.445633121916701,9.541561664865048
30.708780867843693,0.75,812.8019485489112,0.44443739232328,9.650432776326124
30.708780867843693,0.75,812.8019485489112,0.44443739232328,9.650432776326124
30.708780867843693,0.75,812.8019485489112,0.44443739232328,9.650432776326124
30.708780867843693,0.75,812.8019485489112,0.44443739232328,9.650432776326124
31.563660176131464,0.7499999999999994,799.6168783393703,0.4416630845587945,9.561273934271275
31.57213913503649,0.7499999999999998,810.373387603197,0.44815634501574486,9.683471247694618
30.72517216004705,0.7499999999999994,809.5966376709055,0.4461541116209209,9.572683753641297
30.72517216004705,0.7499999999999994,809.5966376709055,0.4461541116209209,9.572683753641297
30.72517216004705,0.7499999999999994,809.5966376709055,0.4461541116209209,9.572683753641297
31.008487366672696,0.7499999999999996,806.3136588481409,0.44506492983845686,9.584244138379308
31.008487366672696,0.7499999999999996,806.3136588481409,0.44506492983845686,9.584244138379308
30.90574343876281,0.7499999999999997,809.5506987029262,0.44530987794145277,9.608323884049536
30.07859278172713,0.7499999999999992,815.4442623220182,0.45443774535348624,9.647012414008737
30.07859278172713,0.7499999999999992,815.4442623220182,0.45443774535348624,9.647012414008737
30.256332493455464,0.7499999999999971,811.0649582463922,0.45323130588760857,9.615979301790148
30.256332493455464,0.7499999999999971,811.0649582463922,0.45323130588760857,9.615979301790148
30.68996871840808,0.7499999999999999,811.1414458979865,0.4537375720144146,9.754873872291608
30.68996871840808,0.7499999999999999,811.1414458979865,0.4537375720144146,9.754873872291608
30.68996871840808,0.7499999999999999,811.1414458979865,0.4537375720144146,9.754873872291608
30.68996871840808,0.7499999999999999,811.1414458979865,0.4537375720144146,9.754873872291608
30.68996871840808,0.7499999999999999,811.1414458979865,0.4537375720144146,9.754873872291608
29.954800527002668,0.7499999999999991,822.555159080124,0.46197139033200385,9.71737378948124
29.954800527002668,0.7499999999999991,822.555159080124,0.46197139033200385,9.71737378948124
30.35377340904692,0.7499999999999994,808.4558268099978,0.4494867798086788,9.618358204918707
30.950154928911182,0.7499999999999994,808.7814903183684,0.4664703156228235,9.768574811050115
31.338650370782908,0.7499999999999982,805.5262586913018,0.46511566648171815,9.782961958669635
30.754243101379956,0.7499999999999997,813.650128383691,0.46452158949200645,9.765273404928873
30.754243101379956,0.7499999999999997,813.650128383691,0.46452158949200645,9.765273404928873
30.754243101379956,0.7499999999999997,813.650128383691,0.46452158949200645,9.765273404928873
30.754243101379956,0.7499999999999997,813.650128383691,0.46452158949200645,9.765273404928873
31.968353901806285,0.7499999999999989,800.6779928312934,0.48151263116882215,9.813408403871218
31.968353901806285,0.7499999999999989,800.6779928312934,0.48151263116882215,9.813408403871218
31.973746332920694,0.7499999999999991,797.5154855567147,0.4835281523709122,9.713209015569802
31.424523224044492,0.7499999999999993,803.3844958560669,0.4955275141506455,9.782070711422543
31.175706063975564,0.7499999999999974,807.4948939093234,0.4978067059953502,9.879664205901069
30.829098064816485,0.7499999999999983,813.2898085218505,0.4918845343016418,9.850835859345873
30.88831093851506,0.7499999999999982,802.3409905654879,0.48528284167960223,9.792378748715242
30.88831093851506,0.7499999999999982,802.3409905654879,0.48528284167960223,9.792378748715242
30.588188312400902,0.7499999999999996,807.6663694235342,0.4729056520567274,9.701604787992329
30.588188312400902,0.7499999999999996,807.6663694235342,0.4729056520567274,9.701604787992329
29.57034901355814,0.75,815.1504262184504,0.47528522766040243,9.818904831457775
29.57034901355814,0.75,815.1504262184504,0.47528522766040243,9.818904831457775
29.547778222804936,0.7499999999999998,814.3823292592571,0.474785609942547,9.805994623662903
29.547778222804936,0.7499999999999998,814.3823292592571,0.474785609942547,9.805994623662903
29.547778222804936,0.7499999999999998,814.3823292592571,0.474785609942547,9.805994623662903
29.805713408166152,0.7499999999999991,811.1632608801872,0.4676977317743079,9.711477560524944
29.805713408166152,0.7499999999999991,811.1632608801872,0.4676977317743079,9.711477560524944
29.805713408166152,0.7499999999999991,811.1632608801872,0.4676977317743079,9.711477560524944
29.961450067742152,0.7499999999999997,813.5400674486508,0.46643875840922777,9.651283631112738
29.961450067742152,0.7499999999999997,813.5400674486508,0.46643875840922777,9.651283631112738
29.961450067742152,0.7499999999999997,813.5400674486508,0.46643875840922777,9.651283631112738
29.961450067742152,0.7499999999999997,813.5400674486508,0.46643875840922777,9.651283631112738
29.961450067742152,0.7499999999999997,813.5400674486508,0.46643875840922777,9.651283631112738
29.961450067742152,0.7499999999999997,813.5400674486508,0.46643875840922777,9.651283631112738
30.594886402979263,0.7499999999999993,810.0309160187439,0.4692659630828721,9.787192860923872
30.011672647686073,0.7499999999999988,818.2335123997914,0.4628262331100775,9.791141613751615
30.011672647686073,0.7499999999999988,818.2335123997914,0.4628262331100775,9.791141613751615
30.011672647686073,0.7499999999999988,818.2335123997914,0.4628262331100775,9.791141613751615
30.449336870451848,0.7499999999999999,808.5333613616953,0.4651553025890764,9.802116833644458
30.449336870451848,0.7499999999999999,808.5333613616953,0.4651553025890764,9.802116833644458
30.685837574559145,0.7499999999999996,803.3905969850382,0.4556854518283805,9.749519390275344
30.404740745780174,0.75,810.1108918782284,0.4601307869765994,9.863272270791239
29.739110789977488,0.7499999999999994,821.1968958054197,0.4693105131030217,9.741905591777982
30.01963532699377,0.7499999999999993,811.2456236866963,0.46535502227955267,9.733350190981406
29.949464468947337,0.7499999999999996,811.0416759511311,0.4728934164481873,9.74660975393624
29.88153753568767,0.7499999999999992,813.9313819683609,0.4842363989697449,9.776894032606611
29.697368258627776,0.7499999999999998,807.3844282759732,0.4790413549565851,9.662551789096781
30.37759777323484,0.7499999999999998,807.8003873915129,0.48318071326338524,9.691156435540098
30.401624155907744,0.75,807.0505661795194,0.47807262244874693,9.641002741006957
30.918742475558986,0.7499999999999989,805.6760119038089,0.4753756936207673,9.608376172191319
31.638882572847212,0.7499999999999996,799.4289837945104,0.47278837744069,9.589127944782268
31.01215348237215,0.7499999999999989,799.7361258964955,0.46795076676972625,9.528043026807827
29.80701268893864,0.7499999999999994,807.660246885882,0.45885921236072963,9.433358537019341
29.80701268893864,0.7499999999999994,807.660246885882,0.45885921236072963,9.433358537019341
30.167130682442096,0.7499999999999998,814.4991919091965,0.47666242985539325,9.548481301849568
30.167130682442096,0.7499999999999998,814.4991919091965,0.47666242985539325,9.548481301849568
30.27886491767802,0.75,808.9487918492455,0.46764239106077354,9.511645184398281
30.32176240104923,0.7499999999999997,819.5616590791522,0.46925358766462194,9.612433581435578
30.530688994774362,0.7499999999999986,809.4709763326085,0.4635782603033111,9.61407368842632
30.530688994774362,0.7499999999999986,809.4709763326085,0.4635782603033111,9.61407368842632
29.55515843570163,0.7499999999999982,815.0923692389993,0.46286657089686767,9.660070661272504
29.55515843570163,0.7499999999999982,815.0923692389993,0.46286657089686767,9.660070661272504
29.629309225796383,0.7499999999999988,827.3968260595984,0.47164687851247883,9.705234504390717
29.629309225796383,0.7499999999999988,827.3968260595984,0.47164687851247883,9.705234504390717
29.81118402929905,0.7499999999999991,817.5674707722847,0.468714215989156,9.724227172248979
29.88839756323241,0.7499999999999986,815.7484079369485,0.4751455605631225,9.758397788643538
30.158682713431492,0.749999999999999,808.4036841096885,0.47762593601961256,9.72853517509679
30.277774506527237,0.7499999999999986,801.5859161871772,0.47195442114522546,9.7116181690763
30.277774506527237,0.7499999999999986,801.5859161871772,0.47195442114522546,9.7116181690763
30.277774506527237,0.7499999999999986,801.5859161871772,0.47195442114522546,9.7116181690763
30.277774506527237,0.7499999999999986,801.5859161871772,0.47195442114522546,9.7116181690763
29.933742498674945,0.7499999999999997,802.6245911298348,0.47406377215318835,9.589718371357804
29.933742498674945,0.7499999999999997,802.6245911298348,0.47406377215318835,9.589718371357804
29.810115139639084,0.7499999999999979,807.7681720323313,0.5031741960731977,9.748457147005102
30.226829011952535,0.7499999999999994,813.5987579054898,0.5195266399736361,9.94379634253732
30.226829011952535,0.7499999999999994,813.5987579054898,0.5195266399736361,9.94379634253732
30.697649555937794,0.7499999999999994,812.5601373839125,0.5257354253172214,10.037701253241291
30.439374602162598,0.7499999999999988,813.9164125948458,0.5248762711157106,9.97379890754085
30.439374602162598,0.7499999999999988,813.9164125948458,0.5248762711157106,9.97379890754085
30.439374602162598,0.7499999999999988,813.9164125948458,0.5248762711157106,9.97379890754085
30.439374602162598,0.7499999999999988,813.9164125948458,0.5248762711157106,9.97379890754085
30.47426833488605,0.7499999999999988,814.0309549095379,0.536229486693663,10.06909321020924
30.47426833488605,0.7499999999999988,814.0309549095379,0.536229486693663,10.06909321020924
29.944184729351555,0.7499999999999994,815.4348834184657,0.5340519823333418,10.005196520900423
29.97300900895815,0.7499999999999984,817.7167042151149,0.5362327643173749,9.968205804349534
30.615671305793743,0.7499999999999984,805.1597023666029,0.5318473253160751,9.81406784281091
30.615671305793743,0.7499999999999984,805.1597023666029,0.5318473253160751,9.81406784281091
30.615671305793743,0.7499999999999984,805.1597023666029,0.5318473253160751,9.81406784281091
30.615671305793743,0.7499999999999984,805.1597023666029,0.5318473253160751,9.81406784281091
30.34359594886954,0.7499999999999989,808.122303258807,0.5217553952856028,9.77984514057658
30.34359594886954,0.7499999999999989,808.122303258807,0.5217553952856028,9.77984514057658
30.341180229302488,0.7499999999999992,823.5763378328123,0.5303016193993464,9.877969597172603
30.341180229302488,0.7499999999999992,823.5763378328123,0.5303016193993464,9.877969597172603
30.341180229302488,0.7499999999999992,823.5763378328123,0.5303016193993464,9.877969597172603
31.68385116259126,0.749999999999999,807.2354333414754,0.5164557924149443,9.876839424732651
31.91823317652549,0.7499999999999997,803.323860960697,0.5166076155362714,9.833756632162746
31.91823317652549,0.7499999999999997,803.323860960697,0.5166076155362714,9.833756632162746
32.26061261554794,0.7500000000000001,797.0512302409834,0.5063745198146867,9.85417355421355
32.26061261554794,0.7500000000000001,797.0512302409834,0.5063745198146867,9.85417355421355
31.79690722222258,0.7499999999999982,797.3505488974023,0.5118879770628947,9.852425594753782
31.192209393277217,0.7499999999999991,805.2494665381575,0.5114286739648285,9.866267920207042
30.94537838497363,0.7499999999999983,806.8619107449689,0.5139039354088218,9.908461882674825
30.94537838497363,0.7499999999999983,806.8619107449689,0.5139039354088218,9.908461882674825
30.94537838497363,0.7499999999999983,806.8619107449689,0.5139039354088218,9.908461882674825
30.94537838497363,0.7499999999999983,806.8619107449689,0.5139039354088218,9.908461882674825
30.94537838497363,0.7499999999999983,806.8619107449689,0.5139039354088218,9.908461882674825
30.94537838497363,0.7499999999999983,806.8619107449689,0.5139039354088218,9.908461882674825
30.94537838497363,0.7499999999999983,806.8619107449689,0.5139039354088218,9.908461882674825
31.2596056297673,0.7499999999999997,804.8289646711398,0.5131227754527877,9.944535137332457
31.442855337609245,0.7500000000000001,809.044758624102,0.5253410746454299,10.010457731925593
31.442855337609245,0.7500000000000001,809.044758624102,0.5253410746454299,10.010457731925593
31.442855337609245,0.7500000000000001,809.044758624102,0.5253410746454299,10.010457731925593
31.69037445946125,0.7499999999999998,810.0268672705672,0.519433260118666,9.956257488733707
32.3541092917486,0.7499999999999992,799.5296088457764,0.5122868824142897,9.853856311099525
32.063750434030176,0.7499999999999996,803.5554822582209,0.5136050142904063,9.797801402953151
32.063750434030176,0.7499999999999996,803.5554822582209,0.5136050142904063,9.797801402953151
32.063750434030176,0.7499999999999996,803.5554822582209,0.5136050142904063,9.797801402953151
31.84647537068199,0.7499999999999958,810.606772374284,0.515090370175836,9.887846720664413
31.84647537068199,0.7499999999999958,810.606772374284,0.515090370175836,9.887846720664413
31.881103983962156,0.7499999999999998,809.138362590028,0.5106192474245049,9.895203209935056
31.881103983962156,0.7499999999999998,809.138362590028,0.5106192474245049,9.895203209935056
32.163864770052534,0.7499999999999988,808.9968739473674,0.5105437174986133,9.890811237326592
31.87292010943583,0.7500000000000007,809.7450985024981,0.5004772802932786,9.756183860195765
32.41255552989576,0.749999999999999,801.3951917040977,0.5031220539395185,9.702127371844544
32.41255552989576,0.749999999999999,801.3951917040977,0.5031220539395185,9.702127371844544
31.169202993859667,0.7499999999999991,813.1106047621035,0.5000526905196208,9.676107536962075
31.169202993859667,0.7499999999999991,813.1106047621035,0.5000526905196208,9.676107536962075
31.169202993859667,0.7499999999999991,813.1106047621035,0.5000526905196208,9.676107536962075
31.43949587690654,0.7499999999999987,804.1446700436634,0.4853493641554521,9.618730947651219
31.43949587690654,0.7499999999999987,804.1446700436634,0.4853493641554521,9.618730947651219
31.088656515294232,0.7499999999999968,808.0929267176557,0.48749834478060755,9.639166751141142
31.088656515294232,0.7499999999999968,808.0929267176557,0.48749834478060755,9.639166751141142
31.397862668879,0.7499999999999999,808.1314224060944,0.4896092986122598,9.589621548508342
30.5780204553425,0.7499999999999996,809.112377236188,0.4764465505219322,9.526877968978448
30.5780204553425,0.7499999999999996,809.112377236188,0.4764465505219322,9.526877968978448
30.5780204553425,0.7499999999999996,809.112377236188,0.4764465505219322,9.526877968978448
31.115485750747773,0.7499999999999997,807.0839399386037,0.48958522705445673,9.649145399454781
31.36483484157023,0.7499999999999989,808.1533117786241,0.4962934833230039,9.687952375966095
31.19254719534678,0.7499999999999974,815.8486362334894,0.5026432436046778,9.670324096270217
31.19254719534678,0.7499999999999974,815.8486362334894,0.5026432436046778,9.670324096270217
31.19254719534678,0.7499999999999974,815.8486362334894,0.5026432436046778,9.670324096270217
30.949607405592936,0.7500000000000001,805.2423806846735,0.49624164604034515,9.640125539002145
30.855053510845465,0.7499999999999998,811.7113841604405,0.4805454838255438,9.603303304636473
30.855053510845465,0.7499999999999998,811.7113841604405,0.4805454838255438,9.603303304636473
30.855053510845465,0.7499999999999998,811.7113841604405,0.4805454838255438,9.603303304636473
30.855053510845465,0.7499999999999998,811.7113841604405,0.4805454838255438,9.603303304636473
30.855053510845465,0.7499999999999998,811.7113841604405,0.4805454838255438,9.603303304636473
30.855053510845465,0.7499999999999998,811.7113841604405,0.4805454838255438,9.603303304636473
30.855053510845465,0.7499999999999998,811.7113841604405,0.4805454838255438,9.603303304636473
30.855053510845465,0.7499999999999998,811.7113841604405,0.4805454838255438,9.603303304636473
30.855053510845465,0.7499999999999998,811.7113841604405,0.4805454838255438,9.603303304636473
30.855053510845465,0.7499999999999998,811.7113841604405,0.4805454838255438,9.603303304636473
30.855053510845465,0.7499999999999998,811.7113841604405,0.4805454838255438,9.603303304636473
30.855053510845465,0.7499999999999998,811.7113841604405,0.4805454838255438,9.603303304636473
30.855053510845465,0.7499999999999998,811.7113841604405,0.4805454838255438,9.603303304636473
30.855053510845465,0.7499999999999998,811.7113841604405,0.4805454838255438,9.603303304636473
31.00974617316024,0.7499999999999989,803.9838301773907,0.48640579561290376,9.620071420411188
31.189976852881706,0.7499999999999987,803.7599257601491,0.49864528643736933,9.75419672801793
31.189976852881706,0.7499999999999987,803.7599257601491,0.49864528643736933,9.75419672801793
31.022858255139266,0.7499999999999996,810.1240963605039,0.5059809466640447,9.817735373113504
31.022858255139266,0.7499999999999996,810.1240963605039,0.5059809466640447,9.817735373113504
31.68923752389397,0.7499999999999986,802.108621503319,0.5069500397394615,9.83259866971937
31.68923752389397,0.7499999999999986,802.108621503319,0.5069500397394615,9.83259866971937
31.38843298414552,0.7499999999999996,804.1213415018693,0.5006126356541463,9.851819266135731
31.491948091025826,0.7499999999999994,808.6718406480968,0.5074023829262782,9.901919443632455
31.491948091025826,0.7499999999999994,808.6718406480968,0.5074023829262782,9.901919443632455
31.491948091025826,0.7499999999999994,808.6718406480968,0.5074023829262782,9.901919443632455
31.491948091025826,0.7499999999999994,808.6718406480968,0.5074023829262782,9.901919443632455
31.491948091025826,0.7499999999999994,808.6718406480968,0.5074023829262782,9.901919443632455
31.491948091025826,0.7499999999999994,808.6718406480968,0.5074023829262782,9.901919443632455
31.360811287888406,0.7499999999999991,798.8642309120677,0.5074074110660954,9.850074768034862
31.360811287888406,0.7499999999999991,798.8642309120677,0.5074074110660954,9.850074768034862
31.62552478954916,0.7499999999999993,802.8193451509712,0.5123435761432014,9.793971876333888
31.62552478954916,0.7499999999999993,802.8193451509712,0.5123435761432014,9.793971876333888
31.62552478954916,0.7499999999999993,802.8193451509712,0.5123435761432014,9.793971876333888
31.62552478954916,0.7499999999999993,802.8193451509712,0.5123435761432014,9.793971876333888
30.867914622077745,0.7499999999999998,809.0323577294203,0.509972494380877,9.6772290500732
30.867914622077745,0.7499999999999998,809.0323577294203,0.509972494380877,9.6772290500732
30.98680023280524,0.7499999999999988,808.9924037769964,0.5287399170425217,9.732361992790008
30.89457539396625,0.7499999999999994,816.0015155493592,0.534131991599767,9.807549755189445
30.89457539396625,0.7499999999999994,816.0015155493592,0.534131991599767,9.807549755189445
30.89457539396625,0.7499999999999994,816.0015155493592,0.534131991599767,9.807549755189445
30.89457539396625,0.7499999999999994,816.0015155493592,0.534131991599767,9.807549755189445
30.977308329397065,0.7499999999999993,811.243912669806,0.5329684670246626,9.718240444693327
30.977308329397065,0.7499999999999993,811.243912669806,0.5329684670246626,9.718240444693327
30.73645846230365,0.7499999999999988,808.8246519667124,0.5326031097682822,9.74279638468698
30.29631931549519,0.7499999999999999,811.1420008285797,0.5309267233379938,9.676605654597045
30.274308563687907,0.7500000000000004,817.7057945126546,0.5414393872684184,9.714592584599012
30.274308563687907,0.7500000000000004,817.7057945126546,0.5414393872684184,9.714592584599012
30.274308563687907,0.7500000000000004,817.7057945126546,0.5414393872684184,9.714592584599012
30.274308563687907,0.7500000000000004,817.7057945126546,0.5414393872684184,9.714592584599012
30.611318935630827,0.7499999999999993,817.7000430409687,0.5379525341405984,9.749464595507586
30.611318935630827,0.7499999999999993,817.7000430409687,0.5379525341405984,9.749464595507586
31.091043814901568,0.7499999999999977,810.4345944126953,0.5388033997889017,9.789217072430485
31.159348897657722,0.7499999999999993,805.3096899032888,0.5298568835029513,9.754199001603382
31.032141924969377,0.7499999999999998,812.1372096206029,0.5393950260916677,9.921659204997336
31.4371004585047,0.7499999999999996,815.8070773805089,0.5404264687499577,10.011497184031498
31.4371004585047,0.7499999999999996,815.8070773805089,0.5404264687499577,10.011497184031498
30.976218347815863,0.7499999999999988,811.5083437473514,0.5345769602749881,9.982642700407194
30.87735645778477,0.749999999999999,826.6953237821507,0.5387462235330167,10.050485402189215
30.87735645778477,0.749999999999999,826.6953237821507,0.5387462235330167,10.050485402189215
31.2004578123346,0.7499999999999994,816.8296761029712,0.5442083350996334,10.14929134011617
31.2004578123346,0.7499999999999994,816.8296761029712,0.5442083350996334,10.14929134011617
31.12185374051942,0.7499999999999993,816.6280633451474,0.5482933391943171,10.110282979866486
31.895617901240197,0.7499999999999998,811.2762889086089,0.5533459189595247,10.2227572693707
31.624112945206186,0.7499999999999993,812.3748512901669,0.5500820451278613,10.187930694646468
31.73888948376522,0.7499999999999992,803.0231115223318,0.5488909872324074,10.162170574835613
31.73888948376522,0.7499999999999992,803.0231115223318,0.5488909872324074,10.162170574835613
31.79212655665292,0.7499999999999999,803.8125082556843,0.533981789846467,10.214268805412626
31.581983786793735,0.7499999999999993,803.4634839044395,0.5320532402176655,10.28429129946825
31.63098189278703,0.7499999999999993,801.6660308938722,0.5374101718928823,10.298036693617865
30.638223904492648,0.7499999999999999,815.2019696920181,0.5315849342626807,10.179787094033127
30.81710497087933,0.7499999999999981,805.5095895282792,0.5274675390772005,10.106316305015065
30.5417664641528,0.749999999999999,805.687630566613,0.5211677717549098,10.123546296746849
29.5845233309953,0.7499999999999992,809.0130182242376,0.5108632868892435,10.039868656350649
29.5845233309953,0.7499999999999992,809.0130182242376,0.5108632868892435,10.039868656350649
29.50513441832389,0.7499999999999996,808.8779146076614,0.5101463016101102,10.086311003873414
29.50513441832389,0.7499999999999996,808.8779146076614,0.5101463016101102,10.086311003873414
29.50513441832389,0.7499999999999996,808.8779146076614,0.5101463016101102,10.086311003873414
29.344871742741077,0.7499999999999997,814.6314256026142,0.5076837629655494,10.110607405889258
29.414272083566114,0.7499999999999984,809.6517537766401,0.5163641826032487,10.100210693177857
29.419095332175818,0.7499999999999996,809.5368464307065,0.5101948593402491,10.117497720833711
30.446010035291202,0.7499999999999992,805.896922969979,0.504570527105339,10.15953375733063
30.456784667775594,0.749999999999999,804.5828751391169,0.5018511103041914,10.082080304360556
30.456784667775594,0.749999999999999,804.5828751391169,0.5018511103041914,10.082080304360556
30.456784667775594,0.749999999999999,804.5828751391169,0.5018511103041914,10.082080304360556
30.0655887056868,0.7499999999999991,810.601585298029,0.493155253772116,9.987488346563136
29.979349813741475,0.749999999999998,806.2507404720657,0.4886828448718961,9.89313647636294
29.979349813741475,0.749999999999998,806.2507404720657,0.4886828448718961,9.89313647636294
30.62987721388311,0.749999999999999,803.2488379664255,0.4842231419593303,9.902200107235512
30.480095381623148,0.7500000000000001,804.852573563716,0.4733375819513159,9.764473972438855
30.480095381623148,0.7500000000000001,804.852573563716,0.4733375819513159,9.764473972438855
30.480095381623148,0.7500000000000001,804.852573563716,0.4733375819513159,9.764473972438855
30.480095381623148,0.7500000000000001,804.852573563716,0.4733375819513159,9.764473972438855
30.958308179160706,0.7499999999999997,802.4756843557163,0.46980075852084935,9.851121619340438
30.70856087147605,0.7499999999999998,805.497731556728,0.48544159962858036,9.867302533012943
30.70856087147605,0.7499999999999998,805.497731556728,0.48544159962858036,9.867302533012943
30.723899377764837,0.7499999999999994,798.1664269279462,0.4737972762039254,9.807167799310056
30.20839128187935,0.7499999999999988,803.9529311258924,0.4777254366884619,9.779941983295434
30.20839128187935,0.7499999999999988,803.9529311258924,0.4777254366884619,9.779941983295434
30.20839128187935,0.7499999999999988,803.9529311258924,0.4777254366884619,9.779941983295434
30.20839128187935,0.7499999999999988,803.9529311258924,0.4777254366884619,9.779941983295434
30.147284617926847,0.7499999999999989,806.5653434816439,0.48674121621083766,9.786615053215646
30.740356033328325,0.7499999999999993,805.7652379681916,0.4924079038389529,9.814447504737805
30.067448843531555,0.7499999999999991,806.8329559440612,0.4954909787276784,9.863487829236508
29.654639173159957,0.7499999999999992,814.9454760777,0.4808593468240189,9.833088892568748
29.83601453228303,0.7500000000000001,807.6911597260578,0.47016796229066965,9.646832031731657
29.83601453228303,0.7500000000000001,807.6911597260578,0.47016796229066965,9.646832031731657
29.83601453228303,0.7500000000000001,807.6911597260578,0.47016796229066965,9.646832031731657
30.076070365908727,0.75,807.6788745470618,0.4644191419562159,9.620972607556263
29.62744508443216,0.7499999999999988,809.8773941500384,0.4627351054605215,9.681663909128208
29.62744508443216,0.7499999999999988,809.8773941500384,0.4627351054605215,9.681663909128208
29.55243959088068,0.7499999999999994,810.5117714541844,0.4592574684483978,9.694654102426423
29.687735920052006,0.7499999999999999,806.7102868318088,0.45659004274690684,9.678281450258194
29.687735920052006,0.7499999999999999,806.7102868318088,0.45659004274690684,9.678281450258194
29.040532982854412,0.7499999999999993,821.4546658508995,0.4644425352190471,9.64833451789492
29.040532982854412,0.7499999999999993,821.4546658508995,0.4644425352190471,9.64833451789492
29.977306524341376,0.7499999999999986,807.251688206349,0.4634098739383472,9.622557886248932
29.87429416296347,0.7499999999999993,815.1642059045823,0.483960623969577,9.651065115433672
29.450671748124055,0.7499999999999997,822.9297149172959,0.48883142990896455,9.726921470748994
29.450671748124055,0.7499999999999997,822.9297149172959,0.48883142990896455,9.726921470748994
29.450671748124055,0.7499999999999997,822.9297149172959,0.48883142990896455,9.726921470748994
29.450671748124055,0.7499999999999997,822.9297149172959,0.48883142990896455,9.726921470748994
29.745955763507382,0.7499999999999994,825.2497280512497,0.4774903134348753,9.804569118702378
29.745955763507382,0.7499999999999994,825.2497280512497,0.4774903134348753,9.804569118702378
29.745955763507382,0.7499999999999994,825.2497280512497,0.4774903134348753,9.804569118702378
29.745955763507382,0.7499999999999994,825.2497280512497,0.4774903134348753,9.804569118702378
29.745955763507382,0.7499999999999994,825.2497280512497,0.4774903134348753,9.804569118702378
29.745955763507382,0.7499999999999994,825.2497280512497,0.4774903134348753,9.804569118702378
30.222175946734943,0.7499999999999992,820.7138600172004,0.4700749599423508,9.831157790564427
30.36474600481715,0.7499999999999989,818.1691040158444,0.46968479528735874,9.84360898324761
30.60680166495499,0.7499999999999993,817.7016604650046,0.4732494371119239,9.877990575565004
30.697176475958855,0.7499999999999989,811.1882823857325,0.47363475966970126,9.856853954861446
30.44117924387854,0.7499999999999991,817.2424467465801,0.4672158646533289,9.83287683638414
30.754521479976844,0.7499999999999998,810.9788803716222,0.47123448874589713,9.751285489242642
29.599780312179437,0.7500000000000002,815.8066550200849,0.4762673566336859,9.589994994568565
29.599780312179437,0.7500000000000002,815.8066550200849,0.4762673566336859,9.589994994568565
29.599780312179437,0.7500000000000002,815.8066550200849,0.4762673566336859,9.589994994568565
