logdet_Q,lambda_min_Q,Phi,rel_W_error,test_nll
29.24959502089933,0.7499999999999996,824.2986983949709,0.4080882655012273,9.796007167544492
29.122508669094312,0.7499999999999997,823.502863162981,0.5772484134811471,9.638643014803245
29.122508669094312,0.7499999999999997,823.502863162981,0.5772484134811471,9.638643014803245
29.771413112940337,0.7499999999999992,828.1093708766896,0.44467030284046377,9.678426780616558
28.982877388768717,0.7499999999999989,824.18877138708,0.41249465080456865,9.499955645322459
28.982877388768717,0.7499999999999989,824.18877138708,0.41249465080456865,9.499955645322459
28.946642361679793,0.749999999999998,818.5514665923216,0.4332701038391857,9.381468464474588
28.946642361679793,0.749999999999998,818.5514665923216,0.4332701038391857,9.381468464474588
28.960532056811545,0.7499999999999992,828.6026513342634,0.4274440075492823,9.527596467596435
28.48877404813726,0.7499999999999999,820.6663114356161,0.3715060828984031,9.564510955238035
28.48877404813726,0.7499999999999999,820.6663114356161,0.3715060828984031,9.564510955238035
28.48877404813726,0.7499999999999999,820.6663114356161,0.3715060828984031,9.564510955238035
28.48877404813726,0.7499999999999999,820.6663114356161,0.3715060828984031,9.564510955238035
28.48877404813726,0.7499999999999999,820.6663114356161,0.3715060828984031,9.564510955238035
29.49527051014086,0.7499999999999989,829.1313171760949,0.49762177178056294,9.582699857548391
29.24324637296309,0.7499999999999988,831.7322391192384,0.5248747066262607,9.644946080055423
28.649999610198826,0.7499999999999991,825.2958438221169,0.3740787974009276,9.524658690857823
28.649999610198826,0.7499999999999991,825.2958438221169,0.3740787974009276,9.524658690857823
28.420482413623333,0.7499999999999999,823.2388091661496,0.42374148082260965,9.324111444233022
28.50234636811709,0.7499999999999991,823.172683059035,0.3735472665257181,9.30557582412201
29.188810607966964,0.7499999999999993,815.5422199677231,0.44148256597241614,9.357880519355756
28.206569170452013,0.7499999999999991,806.1954013915969,0.27903030397561795,9.314491751732003
28.206569170452013,0.7499999999999991,806.1954013915969,0.27903030397561795,9.314491751732003
28.206569170452013,0.7499999999999991,806.1954013915969,0.27903030397561795,9.314491751732003
29.1133982403581,0.7499999999999994,810.1317483695703,0.357467271624104,9.512835413502637
31.126385166868506,0.749999999999999,813.5616030067059,0.451250920865525,9.730581050784602
30.875047554410564,0.7499999999999986,816.6932863010455,0.4319950584132958,9.649925721713004
30.875047554410564,0.7499999999999986,816.6932863010455,0.4319950584132958,9.649925721713004
30.875047554410564,0.7499999999999986,816.6932863010455,0.4319950584132958,9.649925721713004
30.875047554410564,0.7499999999999986,816.6932863010455,0.4319950584132958,9.649925721713004
31.08931747941752,0.7499999999999998,814.6607925563459,0.41286666161047686,9.627289318706412
31.08931747941752,0.7499999999999998,814.6607925563459,0.41286666161047686,9.627289318706412
31.791070930016765,0.7500000000000002,818.0649724291068,0.5334991187981076,9.663620981675843
31.997599869814632,0.7500000000000001,823.6881856649803,0.5864524577264224,9.92034730740728
29.3943152627429,0.7499999999999999,814.6344411753355,0.5212013849440584,9.68288992966318
29.3943152627429,0.7499999999999999,814.6344411753355,0.5212013849440584,9.68288992966318
29.3943152627429,0.7499999999999999,814.6344411753355,0.5212013849440584,9.68288992966318
29.3943152627429,0.7499999999999999,814.6344411753355,0.5212013849440584,9.68288992966318
29.804879477631495,0.7499999999999987,816.0211905547621,0.4317768823233326,9.669938174642704
29.135663812091902,0.7499999999999993,815.5325487733403,0.4046207022779252,9.605232381177796
29.135663812091902,0.7499999999999993,815.5325487733403,0.4046207022779252,9.605232381177796
29.135663812091902,0.7499999999999993,815.5325487733403,0.4046207022779252,9.605232381177796
29.135663812091902,0.7499999999999993,815.5325487733403,0.4046207022779252,9.605232381177796
28.9528743633663,0.7499999999999998,817.0989956915982,0.43135066675241146,9.53501091192911
29.57883389080858,0.7499999999999994,816.4530331772196,0.6061181268503427,9.781063085788679
30.096175125632463,0.7499999999999991,821.6032087571913,0.5088764908635955,10.058769692247077
30.700478851499152,0.7499999999999993,820.3003485614837,0.5428896330233076,10.020117190586499
31.144491163021858,0.7499999999999982,813.7744995923148,0.4637466176090449,9.855788810123599
31.144491163021858,0.7499999999999982,813.7744995923148,0.4637466176090449,9.855788810123599
31.127640962977164,0.7500000000000001,803.7242772047656,0.4657852033671261,9.617587661848855
31.223300489260943,0.7499999999999987,812.7022317891953,0.45240014991939387,9.712110379889449
30.956864249952755,0.7499999999999982,803.8809592192099,0.5996782224060112,9.664227001845342
29.926499446590444,0.7500000000000002,801.2788080352226,0.4296586289838893,9.466449004750231
29.926499446590444,0.7500000000000002,801.2788080352226,0.4296586289838893,9.466449004750231
29.926499446590444,0.7500000000000002,801.2788080352226,0.4296586289838893,9.466449004750231
29.926499446590444,0.7500000000000002,801.2788080352226,0.4296586289838893,9.466449004750231
29.926499446590444,0.7500000000000002,801.2788080352226,0.4296586289838893,9.466449004750231
29.926499446590444,0.7500000000000002,801.2788080352226,0.4296586289838893,9.466449004750231
29.61193597132179,0.7499999999999998,802.7930107978343,0.31774988962321427,9.47981690519235
31.50311562191648,0.7499999999999988,808.0274032804574,0.43128784383444013,9.693317916991177
31.50098336896025,0.7499999999999996,807.9116584020768,0.42408684378135575,9.689521435792974
31.253479620891493,0.7499999999999992,811.6310907207063,0.4554244651764384,9.713969420690495
31.384723146133467,0.7499999999999994,808.9704542288154,0.5138033401188383,9.748978408006867
31.384723146133467,0.7499999999999994,808.9704542288154,0.5138033401188383,9.748978408006867
31.384723146133467,0.7499999999999994,808.9704542288154,0.5138033401188383,9.748978408006867
30.74115882366693,0.7499999999999996,809.2237305500997,0.3864148795085952,9.719638801390067
30.74115882366693,0.7499999999999996,809.2237305500997,0.3864148795085952,9.719638801390067
30.74115882366693,0.7499999999999996,809.2237305500997,0.3864148795085952,9.719638801390067
30.74115882366693,0.7499999999999996,809.2237305500997,0.3864148795085952,9.719638801390067
30.74115882366693,0.7499999999999996,809.2237305500997,0.3864148795085952,9.719638801390067
30.056219900325612,0.7500000000000004,810.841787071807,0.3709743465213644,9.666087692705332
30.056219900325612,0.7500000000000004,810.841787071807,0.3709743465213644,9.666087692705332
30.411379086108738,0.7499999999999994,809.7577684077779,0.433517135339165,9.919200255650296
30.295192254360696,0.7499999999999982,812.0547476522495,0.42476446506167437,9.860771461888135
30.938204852181507,0.75,805.8525147596416,0.48724746411726894,9.564043476148598
29.881154226610573,0.7499999999999993,804.3785179879557,0.3701717280385026,9.51447107988282
29.881154226610573,0.7499999999999993,804.3785179879557,0.3701717280385026,9.51447107988282
30.116908489432866,0.7499999999999967,798.1938784058659,0.4585368521993298,9.497276627473699
30.116908489432866,0.7499999999999967,798.1938784058659,0.4585368521993298,9.497276627473699
30.116908489432866,0.7499999999999967,798.1938784058659,0.4585368521993298,9.497276627473699
29.033700528658482,0.7500000000000001,792.6283940552872,0.3628033390192553,9.556343596804757
29.033700528658482,0.7500000000000001,792.6283940552872,0.3628033390192553,9.556343596804757
29.76523079554521,0.7499999999999988,795.3780404642414,0.5109215657442102,9.598785262671578
29.76523079554521,0.7499999999999988,795.3780404642414,0.5109215657442102,9.598785262671578
30.664997722257173,0.7499999999999993,802.999851203807,0.5124986847863963,9.789058035916153
30.664997722257173,0.7499999999999993,802.999851203807,0.5124986847863963,9.789058035916153
30.590353534643693,0.7499999999999997,804.6463809122471,0.40779666317738883,9.859620891524099
31.086037011213094,0.7499999999999996,802.1416066910622,0.4094169489111958,9.893533677868566
30.90761193900239,0.7499999999999993,794.5413255994083,0.40593389080322534,9.555737765517176
30.90761193900239,0.7499999999999993,794.5413255994083,0.40593389080322534,9.555737765517176
30.90761193900239,0.7499999999999993,794.5413255994083,0.40593389080322534,9.555737765517176
30.379508908137968,0.7499999999999998,796.5104026830966,0.4491880675621329,9.574797686625587
30.59676797288002,0.7499999999999992,803.6678675413,0.5123316992400813,9.522824560856055
30.59676797288002,0.7499999999999992,803.6678675413,0.5123316992400813,9.522824560856055
30.59676797288002,0.7499999999999992,803.6678675413,0.5123316992400813,9.522824560856055
30.59676797288002,0.7499999999999992,803.6678675413,0.5123316992400813,9.522824560856055
30.243027658887243,0.7499999999999994,807.1639956688515,0.7159223076319798,9.615182268664691
31.937537599622456,0.7499999999999991,810.3824859566663,0.7180408594732562,9.809788952253285
31.937537599622456,0.7499999999999991,810.3824859566663,0.7180408594732562,9.809788952253285
31.012961109500804,0.7499999999999992,811.5961908386147,0.4930835453195816,9.884285216168575
31.012961109500804,0.7499999999999992,811.5961908386147,0.4930835453195816,9.884285216168575
31.012961109500804,0.7499999999999992,811.5961908386147,0.4930835453195816,9.884285216168575
29.452962627429045,0.7499999999999997,808.8830889909068,0.36334609684091923,9.684250881251852
29.5647650917926,0.7499999999999993,797.8767542414705,0.3700016154886621,9.55421665737118
29.5647650917926,0.7499999999999993,797.8767542414705,0.3700016154886621,9.55421665737118
29.5647650917926,0.7499999999999993,797.8767542414705,0.3700016154886621,9.55421665737118
29.09257658445889,0.749999999999999,803.2986511535826,0.41711511775878246,9.54999121510493
30.314973583448413,0.7500000000000002,809.8156495647712,0.5008748035974286,9.824350760001328
30.06483030968188,0.7499999999999997,819.2538548205408,0.5037941296334051,9.882670355101553
30.228519613426997,0.7499999999999996,824.9675840409861,0.49932397976772425,9.829356721780277
30.164126615975356,0.7499999999999992,819.541632234546,0.42800661596050005,9.863738737792866
30.11607218361121,0.7499999999999996,813.3455154033836,0.3915786259773327,9.747742390445643
30.11607218361121,0.7499999999999996,813.3455154033836,0.3915786259773327,9.747742390445643
30.231009451258636,0.7499999999999981,808.2316291229976,0.40917897438062517,9.547520226666006
30.009585090941986,0.7499999999999992,806.5501129285273,0.40541176815727303,9.779503140288838
30.009585090941986,0.7499999999999992,806.5501129285273,0.40541176815727303,9.779503140288838
29.621570792900172,0.7500000000000001,808.9178945201397,0.3987437909073611,9.790646342383614
29.157836526573796,0.7499999999999993,813.3625192099745,0.41602054458731147,9.84794688657703
29.157836526573796,0.7499999999999993,813.3625192099745,0.41602054458731147,9.84794688657703
29.600422453843613,0.7499999999999997,801.7447987467566,0.3814702158979521,9.809208907439793
29.600422453843613,0.7499999999999997,801.7447987467566,0.3814702158979521,9.809208907439793
30.777145680779356,0.7499999999999993,805.4245864559567,0.43323813162880526,10.059093611756106
31.095862018207697,0.7499999999999998,815.8760239682683,0.526466474757847,10.017044146424507
30.644364912555048,0.7499999999999996,814.7417261077981,0.4537753116455954,9.97324539493546
29.376215623398192,0.7499999999999999,818.0848512672952,0.4346082926707842,10.022003691940721
29.376215623398192,0.7499999999999999,818.0848512672952,0.4346082926707842,10.022003691940721
30.09164613553918,0.75,820.4860773480141,0.5146172169225139,10.443714603652193
30.09164613553918,0.75,820.4860773480141,0.5146172169225139,10.443714603652193
29.873512263481544,0.7499999999999991,814.4467635901844,0.43572159080181383,10.204409271016218
29.62648997389142,0.7499999999999988,813.0576731256945,0.4759912853815483,10.088420271089621
29.62648997389142,0.7499999999999988,813.0576731256945,0.4759912853815483,10.088420271089621
29.62648997389142,0.7499999999999988,813.0576731256945,0.4759912853815483,10.088420271089621
29.13544354715756,0.7499999999999989,807.9664918677327,0.4145597464913957,9.758887576084106
28.866444610181176,0.7499999999999989,811.9302609909896,0.4106269984134968,9.889408712492846
29.731647047921037,0.7499999999999999,812.7261990698775,0.4183263245123686,10.07434687554986
29.71650932527994,0.7499999999999988,803.4410305886122,0.4502280384954543,9.75550899660119
29.71650932527994,0.7499999999999988,803.4410305886122,0.4502280384954543,9.75550899660119
29.49699840259656,0.7499999999999988,812.2834276807611,0.4935691274066459,9.872071316152471
29.58134230861262,0.7499999999999991,817.2692899151566,0.6156293020339925,10.019566238982534
29.58134230861262,0.7499999999999991,817.2692899151566,0.6156293020339925,10.019566238982534
29.588183663771765,0.7499999999999996,815.3452471933414,0.5082895572323624,9.895114585158012
29.588183663771765,0.7499999999999996,815.3452471933414,0.5082895572323624,9.895114585158012
29.688487541031634,0.7499999999999992,815.2804217023372,0.4260668843357091,9.807645582331627
30.61213295933209,0.7499999999999993,815.3582997070072,0.5134138718455763,9.826564661593716
30.559232876178044,0.7499999999999999,815.0628596463051,0.4592909059298662,9.978548644735515
30.76689720970453,0.7499999999999991,815.4373123587125,0.4782453669548075,9.936527149442147
29.476154589658613,0.7499999999999993,814.6033107115172,0.44302701531425515,9.907983947032383
30.482457491545503,0.7499999999999996,816.1002526226788,0.4337961979376174,10.072865383064263
30.482457491545503,0.7499999999999996,816.1002526226788,0.4337961979376174,10.072865383064263
29.669475174233,0.7499999999999996,805.9136515002359,0.3508782403702363,9.799271253705907
29.669475174233,0.7499999999999996,805.9136515002359,0.3508782403702363,9.799271253705907
29.669475174233,0.7499999999999996,805.9136515002359,0.3508782403702363,9.799271253705907
29.669475174233,0.7499999999999996,805.9136515002359,0.3508782403702363,9.799271253705907
29.669475174233,0.7499999999999996,805.9136515002359,0.3508782403702363,9.799271253705907
29.987360400405908,0.75,812.6352355297863,0.3843828901853824,10.019088986789864
29.987360400405908,0.75,812.6352355297863,0.3843828901853824,10.019088986789864
29.987360400405908,0.75,812.6352355297863,0.3843828901853824,10.019088986789864
29.987360400405908,0.75,812.6352355297863,0.3843828901853824,10.019088986789864
29.987360400405908,0.75,812.6352355297863,0.3843828901853824,10.019088986789864
29.987360400405908,0.75,812.6352355297863,0.3843828901853824,10.019088986789864
29.17651120098017,0.7499999999999996,811.2723927204707,0.386387571221635,9.849525064494046
30.62125495093095,0.7499999999999996,808.3357583561926,0.49864623176709705,9.959019624746995
30.62125495093095,0.7499999999999996,808.3357583561926,0.49864623176709705,9.959019624746995
30.62125495093095,0.7499999999999996,808.3357583561926,0.49864623176709705,9.959019624746995
30.766412157331846,0.7499999999999979,809.6097828571126,0.48592731380908344,9.851798564160111
29.069207784541042,0.7499999999999996,809.713656120847,0.37116140384118523,9.63284011258194
29.069207784541042,0.7499999999999996,809.713656120847,0.37116140384118523,9.63284011258194
29.70331547106693,0.749999999999999,821.6420376127243,0.6108189498815787,9.943404720206583
28.96093440884397,0.7499999999999988,814.3703838708972,0.5875417466293779,9.817212118244253
28.96093440884397,0.7499999999999988,814.3703838708972,0.5875417466293779,9.817212118244253
29.472592855569896,0.75,814.0371500145933,0.47657764150660464,9.612960047733944
29.472592855569896,0.75,814.0371500145933,0.47657764150660464,9.612960047733944
29.472592855569896,0.75,814.0371500145933,0.47657764150660464,9.612960047733944
29.37934069936778,0.7499999999999989,802.6388451192754,0.36867696100022396,9.557719097427048
28.843653027422683,0.7499999999999998,805.2263152436346,0.4586265923590042,9.483508288527748
28.843653027422683,0.7499999999999998,805.2263152436346,0.4586265923590042,9.483508288527748
28.496241886345434,0.7499999999999993,802.0782314860288,0.3734008468879837,9.42025982375948
28.740648068305113,0.7499999999999996,804.3892516193239,0.4661822985460982,9.621217988676568
28.740648068305113,0.7499999999999996,804.3892516193239,0.4661822985460982,9.621217988676568
28.740648068305113,0.7499999999999996,804.3892516193239,0.4661822985460982,9.621217988676568
29.426758858618665,0.7499999999999993,801.4215496492304,0.4870046983946723,9.693956893049773
29.84129117426364,0.749999999999999,807.8437618051407,0.5299865670270866,9.638283899568318
29.84129117426364,0.749999999999999,807.8437618051407,0.5299865670270866,9.638283899568318
30.001216010050932,0.7499999999999994,806.2778707778998,0.5262367290354018,9.600484069912843
30.08970544726543,0.7499999999999996,800.4886006024773,0.5769372191915948,9.630176041063113
30.08970544726543,0.7499999999999996,800.4886006024773,0.5769372191915948,9.630176041063113
30.080051340803053,0.7499999999999991,803.0442156531878,0.36935662204804687,9.675177044169313
30.080051340803053,0.7499999999999991,803.0442156531878,0.36935662204804687,9.675177044169313
30.027181785911388,0.7499999999999996,808.3202605526158,0.4396446619310657,9.580295063881556
30.39522210380392,0.7499999999999989,814.5332334410621,0.4356930391842228,9.807020883815095
29.910150418123962,0.7499999999999994,815.67381805714,0.44708675059267616,9.961784262359823
29.53407643532904,0.7499999999999991,816.0723667176176,0.5843283757916568,9.843166226025758
28.763056921751353,0.7499999999999976,815.4951208624294,0.4570915404286735,9.789980568073116
28.763056921751353,0.7499999999999976,815.4951208624294,0.4570915404286735,9.789980568073116
29.063016729512537,0.7499999999999987,810.1894048939848,0.47664602431918046,9.674838978019597
29.063016729512537,0.7499999999999987,810.1894048939848,0.47664602431918046,9.674838978019597
29.063016729512537,0.7499999999999987,810.1894048939848,0.47664602431918046,9.674838978019597
29.063016729512537,0.7499999999999987,810.1894048939848,0.47664602431918046,9.674838978019597
29.063016729512537,0.7499999999999987,810.1894048939848,0.47664602431918046,9.674838978019597
29.063016729512537,0.7499999999999987,810.1894048939848,0.47664602431918046,9.674838978019597
29.119508087756557,0.7499999999999996,810.8329555153043,0.4307768009322322,9.63555297958195
29.119508087756557,0.7499999999999996,810.8329555153043,0.4307768009322322,9.63555297958195
29.119508087756557,0.7499999999999996,810.8329555153043,0.4307768009322322,9.63555297958195
29.119508087756557,0.7499999999999996,810.8329555153043,0.4307768009322322,9.63555297958195
29.119508087756557,0.7499999999999996,810.8329555153043,0.4307768009322322,9.63555297958195
29.119508087756557,0.7499999999999996,810.8329555153043,0.4307768009322322,9.63555297958195
29.119508087756557,0.7499999999999996,810.8329555153043,0.4307768009322322,9.63555297958195
29.119508087756557,0.7499999999999996,810.8329555153043,0.4307768009322322,9.63555297958195
29.119508087756557,0.7499999999999996,810.8329555153043,0.4307768009322322,9.63555297958195
29.38901089301683,0.7499999999999987,810.685791405447,0.39712299463036793,9.672146090455268
29.966968940793805,0.7499999999999999,812.1078366192967,0.4006912783756736,9.853840717816217
29.966968940793805,0.7499999999999999,812.1078366192967,0.4006912783756736,9.853840717816217
29.966968940793805,0.7499999999999999,812.1078366192967,0.4006912783756736,9.853840717816217
29.966968940793805,0.7499999999999999,812.1078366192967,0.4006912783756736,9.853840717816217
30.68039436532495,0.7499999999999991,811.5711301989071,0.43895386117277135,9.931708422087869
30.092638748922617,0.7499999999999997,804.9362423315997,0.4789387782016296,9.878992402939897
29.178011314732803,0.7500000000000001,811.1275173290106,0.40683840687960376,9.815430975123368
29.178011314732803,0.7500000000000001,811.1275173290106,0.40683840687960376,9.815430975123368
28.926228838780666,0.7499999999999994,804.8754900023941,0.4057958992107444,9.661266003621478
28.926228838780666,0.7499999999999994,804.8754900023941,0.4057958992107444,9.661266003621478
28.926228838780666,0.7499999999999994,804.8754900023941,0.4057958992107444,9.661266003621478
29.851117528083886,0.7499999999999996,802.5988100641949,0.5866854335402583,9.765874276335547
30.30018479059369,0.749999999999998,806.8955956108038,0.45009135625275726,9.786935452268892
31.020786101414487,0.7500000000000002,810.5350917985143,0.4874053750745462,9.825831113048086
31.020786101414487,0.7500000000000002,810.5350917985143,0.4874053750745462,9.825831113048086
31.020786101414487,0.7500000000000002,810.5350917985143,0.4874053750745462,9.825831113048086
31.020786101414487,0.7500000000000002,810.5350917985143,0.4874053750745462,9.825831113048086
31.020786101414487,0.7500000000000002,810.5350917985143,0.4874053750745462,9.825831113048086
31.020786101414487,0.7500000000000002,810.5350917985143,0.4874053750745462,9.825831113048086
31.162348418106205,0.7499999999999983,816.9247394688239,0.5056138902068598,9.954645959831552
31.162348418106205,0.7499999999999983,816.9247394688239,0.5056138902068598,9.954645959831552
30.927414433382957,0.7499999999999993,811.1438100257143,0.495450066606072,9.95530815257456
31.323021850007724,0.7499999999999996,809.7087676954375,0.47641297686452205,9.808591471124876
31.323021850007724,0.7499999999999996,809.7087676954375,0.47641297686452205,9.808591471124876
32.131414997981636,0.7499999999999992,812.1509313304728,0.5258782694433485,9.763686592008233
30.253852320598494,0.749999999999999,805.8216800830376,0.4094930111393061,9.628775807178931
30.15571443865142,0.7499999999999982,800.018630093724,0.39333758361905363,9.536186938641794
30.15571443865142,0.7499999999999982,800.018630093724,0.39333758361905363,9.536186938641794
31.041003997633556,0.7499999999999993,810.1475608520057,0.5008359415042939,9.649613199998177
31.041003997633556,0.7499999999999993,810.1475608520057,0.5008359415042939,9.649613199998177
30.937478026203813,0.7499999999999993,796.0335582047736,0.41462972098674117,9.501979752341148
30.937478026203813,0.7499999999999993,796.0335582047736,0.41462972098674117,9.501979752341148
30.937478026203813,0.7499999999999993,796.0335582047736,0.41462972098674117,9.501979752341148
30.937478026203813,0.7499999999999993,796.0335582047736,0.41462972098674117,9.501979752341148
30.937478026203813,0.7499999999999993,796.0335582047736,0.41462972098674117,9.501979752341148
30.138111952027202,0.7499999999999989,797.3875260417242,0.34811841999611576,9.563658546646494
30.463871547859085,0.75,796.9126939256436,0.4449760075395132,9.798047446073715
30.53105685421379,0.7499999999999989,806.7368192074006,0.49785183721489307,9.923016555477949
31.841147108561106,0.7499999999999994,808.6409210683454,0.5160384726087395,10.199479726137564
31.841147108561106,0.7499999999999994,808.6409210683454,0.5160384726087395,10.199479726137564
31.841147108561106,0.7499999999999994,808.6409210683454,0.5160384726087395,10.199479726137564
31.534641617640347,0.7499999999999988,804.9733221934642,0.42691631020550097,9.82356307546821
30.830975081815737,0.7499999999999999,806.7867084206113,0.585285170236954,9.794752620682866
30.830975081815737,0.7499999999999999,806.7867084206113,0.585285170236954,9.794752620682866
30.839042198278097,0.7499999999999998,809.0392195322758,0.44679647651006316,9.986945396569883
31.75032689102875,0.7499999999999983,814.6624944554884,0.5888399100893191,10.087515513834159
31.75032689102875,0.7499999999999983,814.6624944554884,0.5888399100893191,10.087515513834159
30.47295362230525,0.7499999999999993,814.4453649661885,0.4861758463201352,9.979805638078702
30.935850533569464,0.7499999999999994,806.3658773751608,0.46471091513937607,9.891339274990392
29.43342318342018,0.7499999999999997,802.8352216357871,0.3986346357619231,9.646496928177674
29.367157821454505,0.7499999999999986,796.083701325569,0.3598708257568281,9.525101476091868
29.367157821454505,0.7499999999999986,796.083701325569,0.3598708257568281,9.525101476091868
29.367157821454505,0.7499999999999986,796.083701325569,0.3598708257568281,9.525101476091868
30.980505861178752,0.749999999999999,804.2494042104728,0.5271757903356525,9.973320526848388
30.508224699755313,0.7499999999999973,797.9774922965496,0.5774222949626179,9.799796139553408
30.508224699755313,0.7499999999999973,797.9774922965496,0.5774222949626179,9.799796139553408
29.861325527478336,0.7499999999999983,798.4468474529959,0.36597582118339456,9.470049946119008
29.861325527478336,0.7499999999999983,798.4468474529959,0.36597582118339456,9.470049946119008
30.668699324954375,0.7499999999999996,808.2061113710034,0.4632770053410785,9.633758216113861
30.43700766466865,0.7499999999999989,812.2348266285837,0.38354919123449144,9.697273442518313
30.370750402388165,0.7499999999999989,815.9929541534547,0.43460729414645144,9.823359390827353
31.05593824142262,0.7499999999999998,809.2767362295566,0.41130790537057205,9.63643858669353
30.93634766753536,0.7499999999999993,806.615991727204,0.4152146589788468,9.759148225806758
30.53612842537037,0.7499999999999992,799.1509965517112,0.39611746005410714,9.654638061034513
30.53612842537037,0.7499999999999992,799.1509965517112,0.39611746005410714,9.654638061034513
30.53612842537037,0.7499999999999992,799.1509965517112,0.39611746005410714,9.654638061034513
30.18760167903799,0.749999999999999,799.3095173213993,0.4050697101177424,9.809290740467711
30.18760167903799,0.749999999999999,799.3095173213993,0.4050697101177424,9.809290740467711
29.070007600018556,0.7499999999999993,806.5040209045669,0.3650324104469905,9.799681949948738
29.070007600018556,0.7499999999999993,806.5040209045669,0.3650324104469905,9.799681949948738
30.706347924512542,0.75,800.4371839890059,0.3912080385745112,9.714058749688842
30.706347924512542,0.75,800.4371839890059,0.3912080385745112,9.714058749688842
30.706347924512542,0.75,800.4371839890059,0.3912080385745112,9.714058749688842
30.706347924512542,0.75,800.4371839890059,0.3912080385745112,9.714058749688842
30.706347924512542,0.75,800.4371839890059,0.3912080385745112,9.714058749688842
30.706347924512542,0.75,800.4371839890059,0.3912080385745112,9.714058749688842
30.706347924512542,0.75,800.4371839890059,0.3912080385745112,9.714058749688842
30.706347924512542,0.75,800.4371839890059,0.3912080385745112,9.714058749688842
30.706347924512542,0.75,800.4371839890059,0.3912080385745112,9.714058749688842
30.86936900806097,0.75,803.8267238994374,0.3708276036028596,9.8194060945146
31.119590110993602,0.7499999999999994,804.744743708817,0.38891594094596815,9.837306599397573
31.119590110993602,0.7499999999999994,804.744743708817,0.38891594094596815,9.837306599397573
31.119590110993602,0.7499999999999994,804.744743708817,0.38891594094596815,9.837306599397573
31.119590110993602,0.7499999999999994,804.744743708817,0.38891594094596815,9.837306599397573
31.119590110993602,0.7499999999999994,804.744743708817,0.38891594094596815,9.837306599397573
31.119590110993602,0.7499999999999994,804.744743708817,0.38891594094596815,9.837306599397573
30.32122122769569,0.7499999999999997,804.6857055085609,0.4099377626330154,9.582949438745965
30.32122122769569,0.7499999999999997,804.6857055085609,0.4099377626330154,9.582949438745965
30.32122122769569,0.7499999999999997,804.6857055085609,0.4099377626330154,9.582949438745965
30.77796709605485,0.7499999999999992,810.6510861839758,0.42748060112204533,9.478437996160029
30.80570439503596,0.7499999999999988,811.2148264019437,0.43354504720408055,9.602523499560116
29.34259332275244,0.7499999999999997,813.6085376646523,0.40425753172575474,9.52713360962573
29.34259332275244,0.7499999999999997,813.6085376646523,0.40425753172575474,9.52713360962573
29.34259332275244,0.7499999999999997,813.6085376646523,0.40425753172575474,9.52713360962573
29.34259332275244,0.7499999999999997,813.6085376646523,0.40425753172575474,9.52713360962573
29.46689152516288,0.7499999999999997,814.8068964791225,0.4191599814292099,9.861481998675103
30.20725697686862,0.7499999999999991,803.4969739941572,0.45094664070288626,9.59932150399313
29.637668096183415,0.7499999999999993,811.532602291134,0.440438912228284,9.82069735841873
29.637668096183415,0.7499999999999993,811.532602291134,0.440438912228284,9.82069735841873
30.71631776349752,0.7499999999999991,818.9619806847774,0.4904603453640385,9.829025215407029
30.71631776349752,0.7499999999999991,818.9619806847774,0.4904603453640385,9.829025215407029
29.50359643405424,0.7499999999999994,817.9639199513404,0.43176615168777693,9.831849939040278
29.99466878985897,0.7499999999999993,808.178783058843,0.42558794650270254,9.741604820202042
29.99466878985897,0.7499999999999993,808.178783058843,0.42558794650270254,9.741604820202042
30.255243076053116,0.7499999999999991,808.3538425389066,0.4234865239412534,9.763072505915298
30.255243076053116,0.7499999999999991,808.3538425389066,0.4234865239412534,9.763072505915298
29.687989000143315,0.7499999999999994,806.1476253545362,0.3927668490229967,9.680169954272074
29.83153734489046,0.7499999999999987,808.1752350144908,0.517047097611692,9.782396383420565
30.12388691603419,0.7499999999999992,815.6643199582068,0.40616103827132166,9.816188071881863
29.850428875899283,0.7499999999999987,808.1216176448598,0.4568086569949399,9.819794744203847
30.55029697965759,0.7500000000000001,814.326907294608,0.5403970059828166,9.990094833871732
30.55029697965759,0.7500000000000001,814.326907294608,0.5403970059828166,9.990094833871732
30.55029697965759,0.7500000000000001,814.326907294608,0.5403970059828166,9.990094833871732
30.55029697965759,0.7500000000000001,814.326907294608,0.5403970059828166,9.990094833871732
30.011564183584188,0.7499999999999991,804.708689602274,0.4520757873165007,9.865428417774007
30.786766852875196,0.7499999999999994,809.99626701602,0.5026026572171958,9.879111584770376
30.38309705039642,0.7499999999999998,802.8938875074479,0.4598510576714711,9.696103691845678
30.38309705039642,0.7499999999999998,802.8938875074479,0.4598510576714711,9.696103691845678
30.307252334764478,0.7499999999999984,803.7082117752357,0.4652777595846337,9.676948401405062
29.906648356090578,0.7499999999999993,801.9338324820812,0.4152585485962427,9.708540593367706
29.838769467235842,0.7499999999999974,802.6213539411747,0.40876252703096894,9.60682172870425
29.838769467235842,0.7499999999999974,802.6213539411747,0.40876252703096894,9.60682172870425
29.28478869006244,0.7499999999999991,813.1994370108223,0.3945159026107544,9.850375972106539
29.28478869006244,0.7499999999999991,813.1994370108223,0.3945159026107544,9.850375972106539
28.844315289780404,0.7499999999999997,810.0522144997092,0.4546030252010691,9.823174977021498
29.421631100129797,0.7500000000000004,805.3903339569969,0.5148834125755963,9.772472211538929
30.32901487908896,0.7499999999999998,811.4546007797986,0.5200902377461293,9.965821988400009
29.91122180353115,0.7499999999999996,813.4176659777174,0.48364366799054886,9.821731530672286
29.73544505405243,0.7499999999999992,815.3354598865367,0.45854140803000626,9.86697998484586
29.73544505405243,0.7499999999999992,815.3354598865367,0.45854140803000626,9.86697998484586
30.207954834849808,0.7499999999999993,814.5730703129943,0.5208116727827325,9.851288893537287
30.014107611411486,0.7499999999999984,815.1638941781947,0.4378407040484168,9.59102774124425
29.735010152048307,0.7499999999999998,815.9687702303161,0.5987488127844168,9.533161289074826
29.735010152048307,0.7499999999999998,815.9687702303161,0.5987488127844168,9.533161289074826
29.9146157914686,0.7499999999999997,814.7617062569888,0.4406715309585526,9.595579675371738
29.02040559500655,0.7499999999999983,809.7439087588742,0.4072624043847461,9.501471150224168
29.02040559500655,0.7499999999999983,809.7439087588742,0.4072624043847461,9.501471150224168
30.29774964026523,0.749999999999999,819.886480439389,0.4709670291543486,9.683843344598987
31.11779298626762,0.7499999999999993,809.9896926335631,0.4201199294168899,9.688212914447366
30.679062271582076,0.7499999999999991,812.1726609884428,0.4358658829004741,9.695918230673595
29.687363840871015,0.7499999999999996,815.6904884181349,0.4167631879122429,9.851865839834115
29.687363840871015,0.7499999999999996,815.6904884181349,0.4167631879122429,9.851865839834115
30.07471943377703,0.7499999999999997,816.115010528186,0.41945434879781957,9.666810490103083
30.07471943377703,0.7499999999999997,816.115010528186,0.41945434879781957,9.666810490103083
30.07471943377703,0.7499999999999997,816.115010528186,0.41945434879781957,9.666810490103083
30.07471943377703,0.7499999999999997,816.115010528186,0.41945434879781957,9.666810490103083
30.092151603675255,0.749999999999999,811.9486477505255,0.4508966558873281,9.815021658520456
30.092151603675255,0.749999999999999,811.9486477505255,0.4508966558873281,9.815021658520456
30.092151603675255,0.749999999999999,811.9486477505255,0.4508966558873281,9.815021658520456
30.092151603675255,0.749999999999999,811.9486477505255,0.4508966558873281,9.815021658520456
30.092151603675255,0.749999999999999,811.9486477505255,0.4508966558873281,9.815021658520456
31.15888280044557,0.7499999999999987,810.3322122401166,0.5138933047242367,10.044545266646272
31.15888280044557,0.7499999999999987,810.3322122401166,0.5138933047242367,10.044545266646272
31.10411831500579,0.7499999999999991,806.6367198184995,0.4975577199528556,9.801759742211242
31.10411831500579,0.7499999999999991,806.6367198184995,0.4975577199528556,9.801759742211242
31.10411831500579,0.7499999999999991,806.6367198184995,0.4975577199528556,9.801759742211242
30.480225034909996,0.7499999999999996,805.798981955803,0.44793519804013565,9.69832501801308
29.814936598730704,0.7499999999999994,807.1605564458364,0.41790519337573195,9.61848819094104
29.814936598730704,0.7499999999999994,807.1605564458364,0.41790519337573195,9.61848819094104
29.814936598730704,0.7499999999999994,807.1605564458364,0.41790519337573195,9.61848819094104
29.814936598730704,0.7499999999999994,807.1605564458364,0.41790519337573195,9.61848819094104
29.814936598730704,0.7499999999999994,807.1605564458364,0.41790519337573195,9.61848819094104
29.814936598730704,0.7499999999999994,807.1605564458364,0.41790519337573195,9.61848819094104
29.814936598730704,0.7499999999999994,807.1605564458364,0.41790519337573195,9.61848819094104
30.39253868017912,0.7499999999999984,812.981245424301,0.5707343147156676,9.839580447961998
30.39253868017912,0.7499999999999984,812.981245424301,0.5707343147156676,9.839580447961998
30.291811043169673,0.7499999999999999,818.1595274727088,0.5062102515318306,9.618757683901311
29.602507208012636,0.7499999999999997,817.6856863767241,0.4931602318405684,9.478299120944294
29.602507208012636,0.7499999999999997,817.6856863767241,0.4931602318405684,9.478299120944294
29.602507208012636,0.7499999999999997,817.6856863767241,0.4931602318405684,9.478299120944294
30.081173281604332,0.7500000000000001,824.1138561427998,0.6539163219749602,9.691345712644184
30.081173281604332,0.7500000000000001,824.1138561427998,0.6539163219749602,9.691345712644184
28.13053981266942,0.7499999999999996,818.6875143907835,0.4065097374154983,9.533039893425812
28.13053981266942,0.7499999999999996,818.6875143907835,0.4065097374154983,9.533039893425812
28.13053981266942,0.7499999999999996,818.6875143907835,0.4065097374154983,9.533039893425812
28.13053981266942,0.7499999999999996,818.6875143907835,0.4065097374154983,9.533039893425812
28.834134220890625,0.7499999999999989,821.0801076182051,0.430802732226512,9.603669924229303
28.834134220890625,0.7499999999999989,821.0801076182051,0.430802732226512,9.603669924229303
28.704299343289176,0.7499999999999997,816.5134143591902,0.3709757176069267,9.183564479909624
28.822849686976927,0.7499999999999991,814.4557253336503,0.5793438900345178,9.326361192201498
28.822849686976927,0.7499999999999991,814.4557253336503,0.5793438900345178,9.326361192201498
28.762680869364917,0.7499999999999991,817.5210495907515,0.4684370286059033,9.286089666426363
28.762680869364917,0.7499999999999991,817.5210495907515,0.4684370286059033,9.286089666426363
28.762680869364917,0.7499999999999991,817.5210495907515,0.4684370286059033,9.286089666426363
28.762680869364917,0.7499999999999991,817.5210495907515,0.4684370286059033,9.286089666426363
28.762680869364917,0.7499999999999991,817.5210495907515,0.4684370286059033,9.286089666426363
27.349361312625454,0.7499999999999999,824.3189104491056,0.4529109152319252,9.359896712663987
28.200753219276997,0.7499999999999991,824.9963175830915,0.4505100635779739,9.65332263709069
28.29854558398542,0.7499999999999998,815.2953859369892,0.44300345896518295,9.549138819813617
28.29854558398542,0.7499999999999998,815.2953859369892,0.44300345896518295,9.549138819813617
28.29854558398542,0.7499999999999998,815.2953859369892,0.44300345896518295,9.549138819813617
28.822743474743362,0.7499999999999996,818.6724309865638,0.49809368531298437,9.58943176955294
28.822743474743362,0.7499999999999996,818.6724309865638,0.49809368531298437,9.58943176955294
29.60475207912396,0.7499999999999984,814.8862369811437,0.4517288154444298,9.616035669266216
29.60475207912396,0.7499999999999984,814.8862369811437,0.4517288154444298,9.616035669266216
29.637731612858246,0.7499999999999984,818.3551977182452,0.5549809349602391,9.74086849735275
30.022468500970984,0.7499999999999998,821.7979864301616,0.5927615499426342,9.854684022882887
30.022468500970984,0.7499999999999998,821.7979864301616,0.5927615499426342,9.854684022882887
30.022468500970984,0.7499999999999998,821.7979864301616,0.5927615499426342,9.854684022882887
30.022468500970984,0.7499999999999998,821.7979864301616,0.5927615499426342,9.854684022882887
29.407907936861932,0.7499999999999984,820.9052184950061,0.4806068346711985,9.687726501860212
29.407907936861932,0.7499999999999984,820.9052184950061,0.4806068346711985,9.687726501860212
28.89615893212244,0.7499999999999993,822.1675725031462,0.4193357156985797,9.624663324608685
29.46849167439424,0.7499999999999986,827.2546895137152,0.5834253193398626,9.818081324399355
28.951686362023732,0.7499999999999996,817.6066618375329,0.4121627634189835,9.784575816271623
28.33853903575119,0.749999999999999,821.198514722139,0.4866982573803609,9.746262773433752
28.931345202963374,0.7499999999999996,821.8641016824726,0.4215475382457549,9.643707032882691
28.931345202963374,0.7499999999999996,821.8641016824726,0.4215475382457549,9.643707032882691
29.68849952843693,0.7499999999999997,823.6854286429086,0.41825981253430333,9.780047376152371
29.722252389379207,0.7499999999999983,816.5904221471213,0.4673037538518382,9.542820998865404
29.69457837753237,0.7499999999999992,820.4249183582044,0.40768627528480444,9.522526327717364
29.69457837753237,0.7499999999999992,820.4249183582044,0.40768627528480444,9.522526327717364
29.69457837753237,0.7499999999999992,820.4249183582044,0.40768627528480444,9.522526327717364
28.778350795670278,0.7499999999999993,827.2897527920306,0.4214399374599055,9.618315999190116
28.44459689051336,0.7499999999999993,829.2432896339147,0.4023527839419438,9.759246609268121
28.44459689051336,0.7499999999999993,829.2432896339147,0.4023527839419438,9.759246609268121
28.44459689051336,0.7499999999999993,829.2432896339147,0.4023527839419438,9.759246609268121
28.980099416887636,0.7500000000000001,833.9490214577494,0.40198907504434994,9.703213939188771
29.209446554416925,0.7499999999999996,843.8886852169924,0.43834632383136984,9.801345530533577
29.209446554416925,0.7499999999999996,843.8886852169924,0.43834632383136984,9.801345530533577
28.513259546867648,0.7499999999999996,839.9987064388131,0.42439084544869715,9.816517641605293
28.513259546867648,0.7499999999999996,839.9987064388131,0.42439084544869715,9.816517641605293
28.513259546867648,0.7499999999999996,839.9987064388131,0.42439084544869715,9.816517641605293
28.513259546867648,0.7499999999999996,839.9987064388131,0.42439084544869715,9.816517641605293
27.070390451097484,0.7499999999999994,836.1962353393983,0.3768956353760372,9.726808535464503
27.55076168333916,0.7499999999999993,836.0548951221894,0.38586432599278475,9.784552935207685
27.55076168333916,0.7499999999999993,836.0548951221894,0.38586432599278475,9.784552935207685
28.36593478292056,0.7499999999999992,835.6084857635755,0.5533345957940153,9.963218881814914
28.36593478292056,0.7499999999999992,835.6084857635755,0.5533345957940153,9.963218881814914
29.34669120254702,0.7499999999999994,839.2448992301023,0.43424984074076456,10.096652774657917
29.430026557479398,0.7500000000000001,839.9279746623264,0.47233107018437726,10.04214914016671
29.430026557479398,0.7500000000000001,839.9279746623264,0.47233107018437726,10.04214914016671
28.76703458510123,0.7500000000000004,840.9663669603832,0.5671007578823649,9.995071779742734
29.339046660807508,0.7499999999999997,845.7861667946967,0.5775842503824059,10.032300885099394
29.339046660807508,0.7499999999999997,845.7861667946967,0.5775842503824059,10.032300885099394
28.481082162882625,0.7499999999999988,843.519327147251,0.5455982083423936,9.938549199032405
28.481082162882625,0.7499999999999988,843.519327147251,0.5455982083423936,9.938549199032405
28.481082162882625,0.7499999999999988,843.519327147251,0.5455982083423936,9.938549199032405
28.481082162882625,0.7499999999999988,843.519327147251,0.5455982083423936,9.938549199032405
29.201523301059297,0.7499999999999997,842.0953433191428,0.5874320325327418,10.045236435952598
29.95355273388758,0.7500000000000001,830.7112592544986,0.5085418553063838,9.880651878791317
29.946974979299082,0.7500000000000002,832.1745154083062,0.45464755029008563,9.696077142535378
29.946974979299082,0.7500000000000002,832.1745154083062,0.45464755029008563,9.696077142535378
28.924970549143737,0.7500000000000003,829.4873977898787,0.4805364321505774,9.726875298659674
29.913638914649752,0.7499999999999992,824.2460433828678,0.5920785930963807,9.768073695427631
29.913638914649752,0.7499999999999992,824.2460433828678,0.5920785930963807,9.768073695427631
29.913638914649752,0.7499999999999992,824.2460433828678,0.5920785930963807,9.768073695427631
29.34944219379094,0.7499999999999993,833.3320245473545,0.517886693546851,9.815107242052122
29.47100284608905,0.7499999999999984,820.9056554685883,0.4633264270689763,9.690076623591576
29.47100284608905,0.7499999999999984,820.9056554685883,0.4633264270689763,9.690076623591576
29.237691877774026,0.7499999999999984,818.708347199999,0.38306651534454345,9.606742553427296
29.237691877774026,0.7499999999999984,818.708347199999,0.38306651534454345,9.606742553427296
29.237691877774026,0.7499999999999984,818.708347199999,0.38306651534454345,9.606742553427296
29.196806266365943,0.7499999999999994,815.769052136776,0.36702584166272195,9.533349825093406
29.196806266365943,0.7499999999999994,815.769052136776,0.36702584166272195,9.533349825093406
29.196806266365943,0.7499999999999994,815.769052136776,0.36702584166272195,9.533349825093406
29.196806266365943,0.7499999999999994,815.769052136776,0.36702584166272195,9.533349825093406
30.265907551388615,0.7500000000000001,831.327725810223,0.5242005714105604,9.831568901571893
29.258878241536532,0.7499999999999997,835.4014532500793,0.4531965088343476,9.704720166276697
29.258878241536532,0.7499999999999997,835.4014532500793,0.4531965088343476,9.704720166276697
29.25780775172608,0.7499999999999987,830.8851668861978,0.4264748434418961,9.767434050626838
28.644200406802966,0.7499999999999981,826.383719215552,0.41497128304485453,9.594266881979777
29.753152221876622,0.7499999999999979,821.1753322688994,0.4583648114842512,9.502673341112043
29.753152221876622,0.7499999999999979,821.1753322688994,0.4583648114842512,9.502673341112043
29.753152221876622,0.7499999999999979,821.1753322688994,0.4583648114842512,9.502673341112043
29.753152221876622,0.7499999999999979,821.1753322688994,0.4583648114842512,9.502673341112043
29.753152221876622,0.7499999999999979,821.1753322688994,0.4583648114842512,9.502673341112043
29.82587050414002,0.7499999999999998,828.9655790387029,0.4788983185493286,9.693008573635106
30.232054829197445,0.7499999999999986,826.5311479456874,0.5051600924510222,9.793179019323507
30.75090608080151,0.7499999999999981,824.6293245678223,0.517529346106111,9.80110811782512
30.75090608080151,0.7499999999999981,824.6293245678223,0.517529346106111,9.80110811782512
30.75090608080151,0.7499999999999981,824.6293245678223,0.517529346106111,9.80110811782512
30.75090608080151,0.7499999999999981,824.6293245678223,0.517529346106111,9.80110811782512
30.75090608080151,0.7499999999999981,824.6293245678223,0.517529346106111,9.80110811782512
29.80855760927221,0.7500000000000002,827.6092557355257,0.4135398770910006,9.73457785991612
29.56490952911123,0.7499999999999986,831.6216223500282,0.5013334812468392,9.779051644399342
29.34441201488546,0.7499999999999994,837.9403261833635,0.44301794873819555,9.593553480882804
30.014749161017978,0.7499999999999991,834.5221021488942,0.6571516868102393,9.668378905488396
30.28429441827997,0.7499999999999986,838.267132581022,0.44848393746156356,9.593235971077206
31.0923819240867,0.7499999999999997,828.2484347469908,0.49868707444413857,9.517486883988832
31.0923819240867,0.7499999999999997,828.2484347469908,0.49868707444413857,9.517486883988832
31.681940430284644,0.7499999999999998,823.4870932145847,0.6746634493449366,9.384151587231665
31.681940430284644,0.7499999999999998,823.4870932145847,0.6746634493449366,9.384151587231665
31.681940430284644,0.7499999999999998,823.4870932145847,0.6746634493449366,9.384151587231665
31.681940430284644,0.7499999999999998,823.4870932145847,0.6746634493449366,9.384151587231665
30.955237028640113,0.7500000000000003,821.0029724557994,0.4705061368641839,9.468980239087623
30.390885876975478,0.7499999999999984,821.3900427723461,0.41600922225808057,9.385516602343682
30.390885876975478,0.7499999999999984,821.3900427723461,0.41600922225808057,9.385516602343682
30.380157718086195,0.7499999999999992,821.4296506968407,0.4101063661531225,9.736127411362721
29.980224766909323,0.7499999999999988,822.338777059297,0.37738329088363365,9.687600984567917
29.980224766909323,0.7499999999999988,822.338777059297,0.37738329088363365,9.687600984567917
30.27560789011728,0.7499999999999993,826.7056139371633,0.39088763996774506,9.58301027701275
30.27560789011728,0.7499999999999993,826.7056139371633,0.39088763996774506,9.58301027701275
31.61119805736637,0.7499999999999991,826.6416178341068,0.5036260406991246,9.896650804590422
31.61119805736637,0.7499999999999991,826.6416178341068,0.5036260406991246,9.896650804590422
31.892517904937204,0.7499999999999987,822.8239449661272,0.4139092113717001,9.788371839594893
31.892517904937204,0.7499999999999987,822.8239449661272,0.4139092113717001,9.788371839594893
30.55432652520759,0.75,824.5597190572054,0.42170356701357975,9.700336535413488
30.55432652520759,0.75,824.5597190572054,0.42170356701357975,9.700336535413488
30.55432652520759,0.75,824.5597190572054,0.42170356701357975,9.700336535413488
30.55432652520759,0.75,824.5597190572054,0.42170356701357975,9.700336535413488
30.55432652520759,0.75,824.5597190572054,0.42170356701357975,9.700336535413488
30.55432652520759,0.75,824.5597190572054,0.42170356701357975,9.700336535413488
29.292334797050014,0.7499999999999994,825.8249640440982,0.47425628934140796,9.584156038079888
29.072981735768114,0.7499999999999987,828.6163582833401,0.41489476681611276,9.399758091204196
29.072981735768114,0.7499999999999987,828.6163582833401,0.41489476681611276,9.399758091204196
29.072981735768114,0.7499999999999987,828.6163582833401,0.41489476681611276,9.399758091204196
28.63184140024707,0.75,831.1809294792719,0.5336765185257131,9.546524502311012
29.129521545612683,0.7499999999999982,829.9512837392108,0.53211106281405,9.509333706322133
29.01887873024336,0.7499999999999991,830.370908693487,0.45025683781010334,9.257922319850508
29.643212389726962,0.7499999999999998,832.201003943386,0.47056085939683157,9.291041272342635
29.984903819487528,0.7499999999999989,830.2263410204022,0.5800242887267918,9.472753006855939
29.984903819487528,0.7499999999999989,830.2263410204022,0.5800242887267918,9.472753006855939
29.984903819487528,0.7499999999999989,830.2263410204022,0.5800242887267918,9.472753006855939
29.227676343499542,0.7499999999999992,829.2622134758783,0.42476256624350994,9.359758610239101
29.227676343499542,0.7499999999999992,829.2622134758783,0.42476256624350994,9.359758610239101
29.540726074937837,0.7499999999999994,824.965144564911,0.42414965780749103,9.272135963601636
29.85352692493358,0.7499999999999999,833.1550491193317,0.4684314280166997,9.245630497934409
29.36049199535893,0.7499999999999993,830.6784046092013,0.49141004654833115,9.261632218962754
27.743020010118553,0.7499999999999993,824.6373886965723,0.3380634424097412,9.195427600670959
27.743020010118553,0.7499999999999993,824.6373886965723,0.3380634424097412,9.195427600670959
27.743020010118553,0.7499999999999993,824.6373886965723,0.3380634424097412,9.195427600670959
27.743020010118553,0.7499999999999993,824.6373886965723,0.3380634424097412,9.195427600670959
27.743020010118553,0.7499999999999993,824.6373886965723,0.3380634424097412,9.195427600670959
27.041453850071587,0.7499999999999993,836.5307525368341,0.3643164275400917,9.385521775426596
28.349912400288304,0.7499999999999992,834.7135884138322,0.41462416950099856,9.291152371935027
28.169111295703253,0.7499999999999987,836.9277482699066,0.4757632598081069,9.230142502958454
28.501357273345384,0.7499999999999997,834.6373588176169,0.5044823544333132,9.3223059829903
27.099548836763624,0.7499999999999987,829.3054106008219,0.33890445972176664,9.24592663391115
27.099548836763624,0.7499999999999987,829.3054106008219,0.33890445972176664,9.24592663391115
27.099548836763624,0.7499999999999987,829.3054106008219,0.33890445972176664,9.24592663391115
27.099548836763624,0.7499999999999987,829.3054106008219,0.33890445972176664,9.24592663391115
27.099548836763624,0.7499999999999987,829.3054106008219,0.33890445972176664,9.24592663391115
27.099548836763624,0.7499999999999987,829.3054106008219,0.33890445972176664,9.24592663391115
27.633503349797923,0.7499999999999994,833.0139329809333,0.39132186852820683,9.41006845326837
28.81438644786792,0.7499999999999983,828.4709222462377,0.5027850277929827,9.483828722986132
28.51970720125684,0.7499999999999993,828.9462633085052,0.5646787101964763,9.493716001021767
29.33052883176353,0.7499999999999987,830.7874312678599,0.5892491887302904,9.434018202934363
30.050944844980062,0.7499999999999997,830.8576788044053,0.503479776455864,9.467667800006481
30.050944844980062,0.7499999999999997,830.8576788044053,0.503479776455864,9.467667800006481
28.85232793655369,0.7499999999999994,828.2657787740252,0.3887826019716061,9.320765767315873
28.85232793655369,0.7499999999999994,828.2657787740252,0.3887826019716061,9.320765767315873
28.85232793655369,0.7499999999999994,828.2657787740252,0.3887826019716061,9.320765767315873
28.85232793655369,0.7499999999999994,828.2657787740252,0.3887826019716061,9.320765767315873
29.61157867511884,0.749999999999999,836.3861926907201,0.5196140323531651,9.404691162625824
28.682281628666132,0.7499999999999977,830.7053181142594,0.4834299031039809,9.37197047235804
28.682281628666132,0.7499999999999977,830.7053181142594,0.4834299031039809,9.37197047235804
28.604650800589155,0.7499999999999987,825.3791508655381,0.4170166186647019,9.323088196439892
29.053551242326996,0.75,816.232262449323,0.3648491631648687,9.377684798622363
28.47544498102058,0.7499999999999993,826.0179071346757,0.3934409471268492,9.499597912015659
28.47544498102058,0.7499999999999993,826.0179071346757,0.3934409471268492,9.499597912015659
28.47544498102058,0.7499999999999993,826.0179071346757,0.3934409471268492,9.499597912015659
28.47544498102058,0.7499999999999993,826.0179071346757,0.3934409471268492,9.499597912015659
28.47544498102058,0.7499999999999993,826.0179071346757,0.3934409471268492,9.499597912015659
28.47544498102058,0.7499999999999993,826.0179071346757,0.3934409471268492,9.499597912015659
28.95474163870016,0.7499999999999986,824.6347292085311,0.35456564494138987,9.261546239656905
28.95474163870016,0.7499999999999986,824.6347292085311,0.35456564494138987,9.261546239656905
27.709859708585988,0.7499999999999989,833.5632886498365,0.4029573898176199,9.207112785421518
27.709859708585988,0.7499999999999989,833.5632886498365,0.4029573898176199,9.207112785421518
27.55130482805032,0.7499999999999986,829.0151070367907,0.40282928710060056,9.234362649705457
29.287388341732697,0.7499999999999999,827.0335018572741,0.45947451372550635,9.433163982652172
30.361600979427983,0.7499999999999997,834.4458050903953,0.42717162731141817,9.638856129253176
30.361600979427983,0.7499999999999997,834.4458050903953,0.42717162731141817,9.638856129253176
30.361600979427983,0.7499999999999997,834.4458050903953,0.42717162731141817,9.638856129253176
30.361600979427983,0.7499999999999997,834.4458050903953,0.42717162731141817,9.638856129253176
30.361600979427983,0.7499999999999997,834.4458050903953,0.42717162731141817,9.638856129253176
29.60306252753722,0.7499999999999993,826.0650848650785,0.44029611489489723,9.490114305339498
29.60306252753722,0.7499999999999993,826.0650848650785,0.44029611489489723,9.490114305339498
30.40967846574318,0.7499999999999999,822.3231735790198,0.43479319888148943,9.5752306187525
30.839069602052135,0.7499999999999989,825.5790041442211,0.4083189314622816,9.371329720932625
30.839069602052135,0.7499999999999989,825.5790041442211,0.4083189314622816,9.371329720932625
30.839069602052135,0.7499999999999989,825.5790041442211,0.4083189314622816,9.371329720932625
29.6440082196321,0.75,819.9706376192183,0.4499890857740991,9.337891911353925
29.6440082196321,0.75,819.9706376192183,0.4499890857740991,9.337891911353925
29.6440082196321,0.75,819.9706376192183,0.4499890857740991,9.337891911353925
29.6440082196321,0.75,819.9706376192183,0.4499890857740991,9.337891911353925
29.1225088064363,0.7499999999999992,819.2681375740244,0.4700955085546664,9.366833987396898
29.1225088064363,0.7499999999999992,819.2681375740244,0.4700955085546664,9.366833987396898
28.898495072599587,0.7499999999999998,816.1106410358503,0.38893454885361245,9.40000144090997
28.898495072599587,0.7499999999999998,816.1106410358503,0.38893454885361245,9.40000144090997
29.89748181288125,0.7499999999999999,820.1362577792214,0.4320705471055886,9.335650317894466
29.89748181288125,0.7499999999999999,820.1362577792214,0.4320705471055886,9.335650317894466
29.58010492663465,0.7499999999999991,821.8025932277712,0.4904089367903541,9.327165036251895
29.795072183803317,0.7499999999999986,822.5738114090924,0.4517278717796091,9.642526383887908
28.77073022476502,0.7499999999999978,823.4866577298416,0.4793962099273198,9.558047097582365
28.45927706815683,0.7499999999999998,822.4745923416592,0.42386585756726014,9.62398275406179
28.45927706815683,0.7499999999999998,822.4745923416592,0.42386585756726014,9.62398275406179
28.45927706815683,0.7499999999999998,822.4745923416592,0.42386585756726014,9.62398275406179
29.123433486528494,0.7499999999999987,817.9510649394184,0.4536945937336075,9.65998141046073
28.800704642606313,0.7499999999999991,819.1406509370313,0.40430231043387044,9.540152606026414
29.38293723079801,0.7499999999999994,824.8720887315259,0.4802876584657158,9.74956471711582
29.12488154019194,0.7499999999999988,820.9546435428491,0.4456654037588407,9.353800960984994
29.217814576774686,0.7499999999999999,824.9905413100591,0.5289283852916195,9.489365625601767
29.217814576774686,0.7499999999999999,824.9905413100591,0.5289283852916195,9.489365625601767
29.217814576774686,0.7499999999999999,824.9905413100591,0.5289283852916195,9.489365625601767
27.748369985341238,0.7499999999999999,819.2520161736319,0.40920544950263266,9.59962751461162
27.748369985341238,0.7499999999999999,819.2520161736319,0.40920544950263266,9.59962751461162
28.450439054133543,0.7499999999999992,820.8009444880665,0.40985115498814234,9.705947174609445
28.16176059529234,0.7499999999999991,821.8349990285872,0.5013488306966245,9.507941029007629
28.92339878686393,0.75,811.1431053182669,0.42947440340895954,9.601817351549196
29.38860051518856,0.7499999999999987,810.3418297728136,0.41844929370261597,9.713313172990112
28.056693236117756,0.7499999999999997,817.8372861391296,0.39571892378856766,9.674192719907069
29.1224413102196,0.7500000000000001,821.44983948033,0.44830189051669744,9.638217732093068
30.326843149848145,0.7499999999999993,816.781755937984,0.49437354643299064,9.807513865408826
30.328961830647966,0.7499999999999992,811.7838533407753,0.43466783469983045,9.664122445054625
30.328961830647966,0.7499999999999992,811.7838533407753,0.43466783469983045,9.664122445054625
30.66022635862962,0.7499999999999997,813.8032543493756,0.44381021350769095,9.811021055036587
29.085610800963792,0.7499999999999993,807.5233954380733,0.394156038901585,9.628973373659989
28.738718593927764,0.7499999999999999,807.6458330786862,0.34025214065002496,9.431162394096523
28.738718593927764,0.7499999999999999,807.6458330786862,0.34025214065002496,9.431162394096523
28.738718593927764,0.7499999999999999,807.6458330786862,0.34025214065002496,9.431162394096523
28.635347171703064,0.7499999999999997,808.7995247505107,0.42809358889821647,9.762047208857064
28.437779161389884,0.7499999999999992,804.3090001548373,0.3626395255776315,9.57063499197677
29.755449823252473,0.7499999999999998,802.8794890878429,0.4021362321225321,9.609723889602517
30.283306706128638,0.7499999999999997,809.4254149721503,0.4716541603740996,9.545333254194006
29.767648914613225,0.7499999999999988,810.0299140922516,0.5528219231807951,9.457503322564435
29.767648914613225,0.7499999999999988,810.0299140922516,0.5528219231807951,9.457503322564435
29.767648914613225,0.7499999999999988,810.0299140922516,0.5528219231807951,9.457503322564435
29.767648914613225,0.7499999999999988,810.0299140922516,0.5528219231807951,9.457503322564435
30.12987139003516,0.7499999999999987,806.2970868296416,0.4098067326288263,9.592321071444246
30.12987139003516,0.7499999999999987,806.2970868296416,0.4098067326288263,9.592321071444246
30.12987139003516,0.7499999999999987,806.2970868296416,0.4098067326288263,9.592321071444246
30.12987139003516,0.7499999999999987,806.2970868296416,0.4098067326288263,9.592321071444246
30.12987139003516,0.7499999999999987,806.2970868296416,0.4098067326288263,9.592321071444246
30.12987139003516,0.7499999999999987,806.2970868296416,0.4098067326288263,9.592321071444246
30.613764524129305,0.7499999999999986,811.1326419175955,0.4414100406838055,9.649129971561871
30.961085427156522,0.7499999999999983,819.1057934167864,0.4618562666873206,9.89057842855716
30.914850979786042,0.7499999999999991,811.592980054482,0.4152084265010515,9.790942349574598
31.112195063874974,0.7499999999999986,808.8759676267642,0.3934729611057278,9.691468992974455
31.791591146555604,0.7499999999999982,803.4923747026423,0.45312274159716226,9.800491868907574
31.134802144796375,0.7500000000000001,801.9801224123098,0.35494751488782694,9.720966752784781
30.975576605896187,0.7499999999999996,806.6145497444501,0.4077471029297008,9.971037433682795
30.975576605896187,0.7499999999999996,806.6145497444501,0.4077471029297008,9.971037433682795
31.548908942728207,0.7499999999999998,805.2715014832795,0.44915624943314936,9.834945618768078
31.50967080141882,0.75,805.753804541403,0.49683471860815,9.977961975480733
31.50967080141882,0.75,805.753804541403,0.49683471860815,9.977961975480733
30.71262805350775,0.7499999999999992,804.377881897722,0.4425193688100273,9.717130871064242
30.71262805350775,0.7499999999999992,804.377881897722,0.4425193688100273,9.717130871064242
30.71262805350775,0.7499999999999992,804.377881897722,0.4425193688100273,9.717130871064242
30.71262805350775,0.7499999999999992,804.377881897722,0.4425193688100273,9.717130871064242
30.73138823335092,0.7499999999999997,803.796551018419,0.41890638457541346,9.863170706345741
30.73138823335092,0.7499999999999997,803.796551018419,0.41890638457541346,9.863170706345741
30.005092093021418,0.7499999999999973,812.8230492794305,0.6355659811453129,9.801119813288508
29.53234219646638,0.7499999999999983,816.0478990915911,0.5612027148394225,9.828658409456107
29.08464541807537,0.7499999999999996,816.8702375941793,0.40131268465132247,9.705853195138616
30.33201269279092,0.7499999999999996,812.6459296600269,0.36774540570198805,9.727367185052142
29.882273191697223,0.7499999999999986,809.6963479814325,0.35111503300957747,9.756462145029099
29.882273191697223,0.7499999999999986,809.6963479814325,0.35111503300957747,9.756462145029099
30.980478785802152,0.7499999999999996,807.6973430557686,0.44652525804297005,9.895217074050484
30.980478785802152,0.7499999999999996,807.6973430557686,0.44652525804297005,9.895217074050484
30.980478785802152,0.7499999999999996,807.6973430557686,0.44652525804297005,9.895217074050484
30.764172523100356,0.7499999999999989,810.8117932219244,0.3995684943597028,9.867200054880195
30.764172523100356,0.7499999999999989,810.8117932219244,0.3995684943597028,9.867200054880195
30.764172523100356,0.7499999999999989,810.8117932219244,0.3995684943597028,9.867200054880195
30.764172523100356,0.7499999999999989,810.8117932219244,0.3995684943597028,9.867200054880195
29.377367016707144,0.7499999999999987,813.6836447571374,0.3599082782451732,9.782764380596479
29.60538978825616,0.7499999999999991,815.1174472526951,0.37749543801377683,9.749578901536193
29.60538978825616,0.7499999999999991,815.1174472526951,0.37749543801377683,9.749578901536193
29.60538978825616,0.7499999999999991,815.1174472526951,0.37749543801377683,9.749578901536193
29.97791099767367,0.7499999999999999,815.1861415580424,0.4683098158030231,9.868802668764996
29.97791099767367,0.7499999999999999,815.1861415580424,0.4683098158030231,9.868802668764996
30.265539225471393,0.7499999999999988,808.0755973957899,0.40884218750968715,9.730296312281073
30.265539225471393,0.7499999999999988,808.0755973957899,0.40884218750968715,9.730296312281073
30.265539225471393,0.7499999999999988,808.0755973957899,0.40884218750968715,9.730296312281073
30.580109158526913,0.7500000000000002,808.34946764337,0.4513076757795958,9.75396849041591
30.580109158526913,0.7500000000000002,808.34946764337,0.4513076757795958,9.75396849041591
30.580109158526913,0.7500000000000002,808.34946764337,0.4513076757795958,9.75396849041591
30.448396236142173,0.7499999999999994,806.885917023722,0.4085566201171063,9.631178855674472
30.50835659803819,0.7499999999999993,812.342472617005,0.5422510735400277,9.85325250707883
29.80320733160711,0.7499999999999996,811.4601723373028,0.36611435606505077,9.766897422536982
29.80320733160711,0.7499999999999996,811.4601723373028,0.36611435606505077,9.766897422536982
31.88673439102652,0.7499999999999983,814.3984102293724,0.4799733786498567,9.882812130254877
31.88673439102652,0.7499999999999983,814.3984102293724,0.4799733786498567,9.882812130254877
30.461906716142334,0.7499999999999992,811.682122188363,0.4239929983485155,9.996319863771252
30.461906716142334,0.7499999999999992,811.682122188363,0.4239929983485155,9.996319863771252
30.461906716142334,0.7499999999999992,811.682122188363,0.4239929983485155,9.996319863771252
30.038782463754302,0.7499999999999982,807.7644914809582,0.4319781087176366,9.888013719438112
30.038782463754302,0.7499999999999982,807.7644914809582,0.4319781087176366,9.888013719438112
29.95965408215758,0.7499999999999994,803.6618321848397,0.4554136212559357,9.590917600213668
29.95965408215758,0.7499999999999994,803.6618321848397,0.4554136212559357,9.590917600213668
29.444668570217633,0.7499999999999994,803.8959431432176,0.3868913616432873,9.574999679340769
29.76619025819012,0.7499999999999991,814.1021937904906,0.43901428023887046,9.81631213379178
29.456466881373604,0.7499999999999994,815.8382390871585,0.42136582879318385,9.925146085978309
29.642157839565552,0.7499999999999982,819.911821447375,0.6000584922913718,10.167556749926637
29.642157839565552,0.7499999999999982,819.911821447375,0.6000584922913718,10.167556749926637
28.860623794245793,0.7499999999999992,819.1916207209821,0.5850500723239254,9.937894759866094
28.454827086468025,0.7499999999999997,824.2420567342398,0.38109838944466534,9.90135989257669
29.67873340196509,0.7500000000000003,827.8006427736151,0.5946672612325898,10.184156613164685
29.67873340196509,0.7500000000000003,827.8006427736151,0.5946672612325898,10.184156613164685
28.91202462087404,0.7499999999999999,818.8419917189512,0.4054801106726172,9.809774850129894
29.191981704951395,0.7499999999999984,818.8260906596205,0.41737271385670516,9.824919023292939
29.191981704951395,0.7499999999999984,818.8260906596205,0.41737271385670516,9.824919023292939
28.640906670311903,0.749999999999999,814.9498449259825,0.42890855611161655,9.887391446051506
28.495267797189715,0.7499999999999997,815.1466510524898,0.39903558251724874,9.866392195478928
29.69563916779834,0.7499999999999992,808.8440589529343,0.5055889794494473,9.699059635144849
29.69563916779834,0.7499999999999992,808.8440589529343,0.5055889794494473,9.699059635144849
29.69563916779834,0.7499999999999992,808.8440589529343,0.5055889794494473,9.699059635144849
28.52754055490613,0.7499999999999994,813.6636154677526,0.5420912259478313,9.965724925583592
28.52754055490613,0.7499999999999994,813.6636154677526,0.5420912259478313,9.965724925583592
28.52754055490613,0.7499999999999994,813.6636154677526,0.5420912259478313,9.965724925583592
28.898929615451124,0.7499999999999989,812.3814610876607,0.43662185536972425,9.930076407524748
28.898929615451124,0.7499999999999989,812.3814610876607,0.43662185536972425,9.930076407524748
29.19579592858239,0.7499999999999989,820.6843468091727,0.5944322704592738,10.175954802454024
29.15060580114673,0.75,821.2044486671167,0.4946607284656113,10.17759809463442
29.424384151301634,0.7500000000000002,813.932836410942,0.4774361234645626,9.969375714592257
30.74743847168701,0.7499999999999997,811.1358337882074,0.4789184505016807,10.171349832759924
30.74743847168701,0.7499999999999997,811.1358337882074,0.4789184505016807,10.171349832759924
30.0129744932214,0.7499999999999992,806.0179817278744,0.40842734653277624,9.682143524467469
31.09995225141671,0.7499999999999989,806.195643067982,0.4796327528483334,9.858287526265102
30.736058968230733,0.75,813.3110588382799,0.40689524730001436,10.095820298912178
30.573224301527652,0.7499999999999978,810.4331853285423,0.5130801476771331,9.80874858389951
29.693213623903052,0.7499999999999992,808.8889530294111,0.3648032619213295,9.616683071067134
29.962800800332904,0.7499999999999997,814.4552249235427,0.4394057929466761,9.653431697467425
29.54632473229467,0.7499999999999996,810.4320811072317,0.4464311600406868,9.544872238119515
28.420340134531724,0.7499999999999989,809.1964781231295,0.46232325221602244,9.514073748947514
28.420340134531724,0.7499999999999989,809.1964781231295,0.46232325221602244,9.514073748947514
28.420340134531724,0.7499999999999989,809.1964781231295,0.46232325221602244,9.514073748947514
28.420340134531724,0.7499999999999989,809.1964781231295,0.46232325221602244,9.514073748947514
28.420340134531724,0.7499999999999989,809.1964781231295,0.46232325221602244,9.514073748947514
28.420340134531724,0.7499999999999989,809.1964781231295,0.46232325221602244,9.514073748947514
28.420340134531724,0.7499999999999989,809.1964781231295,0.46232325221602244,9.514073748947514
29.161042724024178,0.7499999999999997,815.1198726037956,0.4260060040935678,9.598856294551428
29.052301228549386,0.749999999999999,809.8009928354088,0.3783597781641115,9.447687408227258
29.052301228549386,0.749999999999999,809.8009928354088,0.3783597781641115,9.447687408227258
29.052301228549386,0.749999999999999,809.8009928354088,0.3783597781641115,9.447687408227258
29.052301228549386,0.749999999999999,809.8009928354088,0.3783597781641115,9.447687408227258
29.052301228549386,0.749999999999999,809.8009928354088,0.3783597781641115,9.447687408227258
29.680139484764634,0.7499999999999991,811.4361510524511,0.4683916010972474,9.679418828399823
30.19979661324854,0.7499999999999989,805.0283953028156,0.4579712338440153,9.617664206683937
30.19979661324854,0.7499999999999989,805.0283953028156,0.4579712338440153,9.617664206683937
29.317322884890398,0.7499999999999999,807.5732963064331,0.400894698554862,9.595517049797536
29.317322884890398,0.7499999999999999,807.5732963064331,0.400894698554862,9.595517049797536
29.019024298926873,0.75,808.0730008375778,0.5512813661515622,9.654063498453908
29.019024298926873,0.75,808.0730008375778,0.5512813661515622,9.654063498453908
28.418852794927954,0.7499999999999997,810.587614002671,0.4172603807642406,9.469744826732603
27.96951136839831,0.7499999999999978,810.0935326356354,0.38653525613045886,9.44663046605732
28.378721942012294,0.7499999999999996,811.7552975313972,0.38780425960051673,9.537518322558999
28.96770171138497,0.7499999999999997,808.3234925826549,0.4180887800951194,9.511696331123778
28.96770171138497,0.7499999999999997,808.3234925826549,0.4180887800951194,9.511696331123778
28.96770171138497,0.7499999999999997,808.3234925826549,0.4180887800951194,9.511696331123778
29.41893805870239,0.7499999999999983,807.9017994014173,0.43595441782741406,9.432662300524957
30.203902235379918,0.7499999999999993,808.0582002186813,0.4434113628492935,9.603027735853104
30.91988658038664,0.7500000000000001,809.9530061639298,0.46552550507660184,9.583206944324065
30.434054957786632,0.7499999999999983,814.3410021642827,0.5253186407402068,9.648668880282125
30.434054957786632,0.7499999999999983,814.3410021642827,0.5253186407402068,9.648668880282125
30.434054957786632,0.7499999999999983,814.3410021642827,0.5253186407402068,9.648668880282125
29.84300312896663,0.7499999999999992,812.4125365147204,0.46534218321360055,9.704542001057806
29.84300312896663,0.7499999999999992,812.4125365147204,0.46534218321360055,9.704542001057806
30.13669138176127,0.75,818.0991301670856,0.4091426717702084,9.749631138971754
30.13669138176127,0.75,818.0991301670856,0.4091426717702084,9.749631138971754
29.18394094061285,0.7499999999999989,812.6689992125074,0.3641156512903739,9.66297966978101
29.18394094061285,0.7499999999999989,812.6689992125074,0.3641156512903739,9.66297966978101
29.454191873524387,0.7499999999999994,815.4703488493373,0.3834819548056276,9.680241825355605
29.454191873524387,0.7499999999999994,815.4703488493373,0.3834819548056276,9.680241825355605
29.454191873524387,0.7499999999999994,815.4703488493373,0.3834819548056276,9.680241825355605
30.26589903357094,0.7499999999999999,814.422172683962,0.43380958593609004,9.89632597864941
30.26589903357094,0.7499999999999999,814.422172683962,0.43380958593609004,9.89632597864941
30.26589903357094,0.7499999999999999,814.422172683962,0.43380958593609004,9.89632597864941
31.622834294663768,0.7499999999999996,813.5120861721406,0.5217296176820412,9.853728307274753
31.622834294663768,0.7499999999999996,813.5120861721406,0.5217296176820412,9.853728307274753
31.622834294663768,0.7499999999999996,813.5120861721406,0.5217296176820412,9.853728307274753
31.292356541114682,0.7499999999999997,811.6452350437482,0.5094077810647146,10.079905554908999
30.31644622229149,0.7499999999999986,807.9419809640448,0.40640574664502965,9.874042225722565
30.31644622229149,0.7499999999999986,807.9419809640448,0.40640574664502965,9.874042225722565
30.31644622229149,0.7499999999999986,807.9419809640448,0.40640574664502965,9.874042225722565
30.05835058643289,0.7499999999999997,806.7721704980645,0.4250658006713677,9.88321519518085
30.05835058643289,0.7499999999999997,806.7721704980645,0.4250658006713677,9.88321519518085
30.22482888110748,0.7499999999999996,810.637825891134,0.5786274782895976,9.940711576221492
30.22482888110748,0.7499999999999996,810.637825891134,0.5786274782895976,9.940711576221492
30.22482888110748,0.7499999999999996,810.637825891134,0.5786274782895976,9.940711576221492
30.22482888110748,0.7499999999999996,810.637825891134,0.5786274782895976,9.940711576221492
30.22482888110748,0.7499999999999996,810.637825891134,0.5786274782895976,9.940711576221492
30.22482888110748,0.7499999999999996,810.637825891134,0.5786274782895976,9.940711576221492
30.22482888110748,0.7499999999999996,810.637825891134,0.5786274782895976,9.940711576221492
30.22482888110748,0.7499999999999996,810.637825891134,0.5786274782895976,9.940711576221492
29.420596553080507,0.7499999999999998,807.7920137661062,0.4702695250809674,9.731285917583818
29.53496762968682,0.7499999999999998,820.943264334671,0.5592567505378943,9.764850422434105
29.89726097368583,0.7499999999999996,821.807166068226,0.5066823480728062,9.881890679857893
29.89726097368583,0.7499999999999996,821.807166068226,0.5066823480728062,9.881890679857893
31.247502903908835,0.7499999999999993,805.4995315518312,0.5103758671622834,9.881041089171365
31.247502903908835,0.7499999999999993,805.4995315518312,0.5103758671622834,9.881041089171365
31.247502903908835,0.7499999999999993,805.4995315518312,0.5103758671622834,9.881041089171365
31.247502903908835,0.7499999999999993,805.4995315518312,0.5103758671622834,9.881041089171365
31.247502903908835,0.7499999999999993,805.4995315518312,0.5103758671622834,9.881041089171365
31.247502903908835,0.7499999999999993,805.4995315518312,0.5103758671622834,9.881041089171365
31.247502903908835,0.7499999999999993,805.4995315518312,0.5103758671622834,9.881041089171365
31.247502903908835,0.7499999999999993,805.4995315518312,0.5103758671622834,9.881041089171365
31.247502903908835,0.7499999999999993,805.4995315518312,0.5103758671622834,9.881041089171365
30.51431688935989,0.7499999999999999,810.1560450447784,0.42511182740621395,9.709428248112758
29.602840414120486,0.7499999999999994,815.2251334857773,0.43161724985224376,9.606135743816202
29.602840414120486,0.7499999999999994,815.2251334857773,0.43161724985224376,9.606135743816202
29.602840414120486,0.7499999999999994,815.2251334857773,0.43161724985224376,9.606135743816202
28.535245089277304,0.7499999999999991,810.6241740243842,0.37084504179978106,9.584391631889037
28.672101161904603,0.7499999999999994,805.9486844135798,0.34742584916586033,9.58619384357436
28.948144177289564,0.7499999999999991,798.5372021233903,0.3936693330703988,9.510391351446529
28.948144177289564,0.7499999999999991,798.5372021233903,0.3936693330703988,9.510391351446529
29.907208203701412,0.7499999999999982,805.5218229125086,0.4465875027663209,9.674533903508419
29.463990156050354,0.7499999999999998,801.1191914992679,0.43875239124785936,9.53790038398741
29.492595111314518,0.7499999999999997,803.7148729417132,0.31424711503200303,9.38686757514326
29.78860343299263,0.7499999999999989,808.5019518513398,0.3581539290375751,9.586298252917643
30.032303519807257,0.7499999999999996,806.3851605857787,0.3718967773488253,9.539789094399472
30.792768905206174,0.7499999999999993,812.6340586640997,0.3561031244728393,9.611142673701758
30.874088929638884,0.7499999999999996,813.5325817712571,0.4155724906233121,9.873485389548236
30.874088929638884,0.7499999999999996,813.5325817712571,0.4155724906233121,9.873485389548236
30.86162130393219,0.7499999999999993,813.9650374713208,0.45174078556220487,9.807303374400039
30.86162130393219,0.7499999999999993,813.9650374713208,0.45174078556220487,9.807303374400039
31.581911599051335,0.7499999999999997,814.1296221085178,0.4440727098555911,9.832691134075858
31.00066698559221,0.7499999999999991,810.2604827165093,0.7536438835737113,9.78632571170632
30.525788883851796,0.7499999999999999,808.2942881938548,0.44224062368124367,9.730603336312626
31.265497055018496,0.7499999999999993,807.2675481179107,0.570456708182452,9.831474206008348
30.731832030655273,0.7499999999999992,797.8534625716384,0.4327134789394512,9.731919236647622
30.45640519284367,0.7499999999999999,799.1349640629445,0.4323340982936686,9.792833997081635
30.45640519284367,0.7499999999999999,799.1349640629445,0.4323340982936686,9.792833997081635
30.45640519284367,0.7499999999999999,799.1349640629445,0.4323340982936686,9.792833997081635
30.45640519284367,0.7499999999999999,799.1349640629445,0.4323340982936686,9.792833997081635
30.45640519284367,0.7499999999999999,799.1349640629445,0.4323340982936686,9.792833997081635
29.670247123990922,0.7499999999999992,806.6170651260579,0.45274890269159146,9.921147580450338
29.670247123990922,0.7499999999999992,806.6170651260579,0.45274890269159146,9.921147580450338
29.670247123990922,0.7499999999999992,806.6170651260579,0.45274890269159146,9.921147580450338
30.45393230961015,0.7499999999999984,810.6238354318853,0.5971151009501628,10.145409485322114
30.177046280702115,0.75,819.6189327536592,0.4154643378163313,10.163242410682258
29.49840077608305,0.7499999999999997,818.8843907538925,0.40506209431493856,10.054563356328813
31.21264962111839,0.7499999999999984,820.3771692720478,0.47544827005350515,10.331859151658724
30.996332260472016,0.7499999999999994,812.9352072646088,0.5035011338644686,10.051343489408788
30.996332260472016,0.7499999999999994,812.9352072646088,0.5035011338644686,10.051343489408788
30.8065691893262,0.7499999999999994,802.895178817615,0.4526126171629385,9.763428430586268
30.8065691893262,0.7499999999999994,802.895178817615,0.4526126171629385,9.763428430586268
30.8065691893262,0.7499999999999994,802.895178817615,0.4526126171629385,9.763428430586268
30.485864353905463,0.7499999999999996,814.0250748407415,0.4968136342023574,9.926653677151782
31.26076311794368,0.7499999999999993,807.6473530435784,0.4527859939680186,9.834518684938567
30.61288701820306,0.7499999999999999,808.3254471446705,0.4513044751564012,9.789213891231444
30.61288701820306,0.7499999999999999,808.3254471446705,0.4513044751564012,9.789213891231444
30.61288701820306,0.7499999999999999,808.3254471446705,0.4513044751564012,9.789213891231444
30.61288701820306,0.7499999999999999,808.3254471446705,0.4513044751564012,9.789213891231444
30.61288701820306,0.7499999999999999,808.3254471446705,0.4513044751564012,9.789213891231444
30.486917826874432,0.7499999999999989,806.3998475961783,0.4059435771453302,9.603056678612854
30.486917826874432,0.7499999999999989,806.3998475961783,0.4059435771453302,9.603056678612854
30.898482582441563,0.7499999999999987,809.6298687952566,0.4550914579676075,9.730788756024046
30.898482582441563,0.7499999999999987,809.6298687952566,0.4550914579676075,9.730788756024046
30.898482582441563,0.7499999999999987,809.6298687952566,0.4550914579676075,9.730788756024046
30.187243439601257,0.7499999999999996,806.5938659692761,0.3686581828876465,9.51268754591796
30.782166348420752,0.7499999999999992,810.9512564867837,0.4645268353118568,9.842504380694313
29.73596578983149,0.7499999999999991,816.459245919588,0.41916384130439666,9.818284373196857
28.999707720470955,0.749999999999999,811.0443855697855,0.37755809845668503,9.486718810213711
28.999707720470955,0.749999999999999,811.0443855697855,0.37755809845668503,9.486718810213711
29.108693070057406,0.7499999999999997,811.747982409938,0.41294512427998137,9.632076829222774
29.108693070057406,0.7499999999999997,811.747982409938,0.41294512427998137,9.632076829222774
30.448252322322602,0.7499999999999999,810.5291460254507,0.43355328376359614,9.862642099367093
30.434018792049535,0.7499999999999997,804.7833788532806,0.3917146417894321,9.670994970900448
30.434018792049535,0.7499999999999997,804.7833788532806,0.3917146417894321,9.670994970900448
30.404149880880198,0.7499999999999994,817.8706752567884,0.4615760875110342,9.949004329408819
30.404149880880198,0.7499999999999994,817.8706752567884,0.4615760875110342,9.949004329408819
30.404149880880198,0.7499999999999994,817.8706752567884,0.4615760875110342,9.949004329408819
30.09510265529446,0.7499999999999983,812.2910044275923,0.43450914742058644,9.664879673766658
30.09510265529446,0.7499999999999983,812.2910044275923,0.43450914742058644,9.664879673766658
30.58421354837867,0.7499999999999989,811.4833749591982,0.3753756895979459,9.634538981873089
30.821260562799544,0.7499999999999997,814.410221739536,0.420612847029172,9.644356449721329
30.821260562799544,0.7499999999999997,814.410221739536,0.420612847029172,9.644356449721329
30.821260562799544,0.7499999999999997,814.410221739536,0.420612847029172,9.644356449721329
30.821260562799544,0.7499999999999997,814.410221739536,0.420612847029172,9.644356449721329
29.40978098880489,0.7499999999999991,815.2095841269162,0.4172339002318851,9.673888132826955
29.40978098880489,0.7499999999999991,815.2095841269162,0.4172339002318851,9.673888132826955
28.71222484351445,0.7499999999999992,814.7077535802523,0.383042217083416,9.53100156718368
28.71222484351445,0.7499999999999992,814.7077535802523,0.383042217083416,9.53100156718368
29.141280329394355,0.7499999999999989,821.8394858021888,0.37285260080083027,9.454054935954494
29.141280329394355,0.7499999999999989,821.8394858021888,0.37285260080083027,9.454054935954494
29.16663070024147,0.7499999999999992,825.0904355924256,0.36435606337405513,9.472349080579757
29.772441433480356,0.7499999999999983,814.8633664895862,0.4702444291129357,9.536391758524928
29.772441433480356,0.7499999999999983,814.8633664895862,0.4702444291129357,9.536391758524928
29.43715408826137,0.7499999999999999,813.5100244822654,0.4337377271277084,9.619922519903294
29.43715408826137,0.7499999999999999,813.5100244822654,0.4337377271277084,9.619922519903294
30.184590985911523,0.7499999999999982,820.1341045371755,0.4654020638104542,9.775968058313648
29.947480701835264,0.7499999999999994,809.2734260069304,0.5107705369656771,9.556824315547829
29.947480701835264,0.7499999999999994,809.2734260069304,0.5107705369656771,9.556824315547829
29.947480701835264,0.7499999999999994,809.2734260069304,0.5107705369656771,9.556824315547829
29.317974834165224,0.7499999999999994,814.3392164092335,0.36710076207708997,9.455213916377947
29.50258008018479,0.7500000000000002,812.1622126836631,0.3859659299885489,9.624075360418734
28.779957298549533,0.7499999999999998,814.9957208101167,0.4310301913167537,9.721200813047744
29.77637777539972,0.7499999999999988,822.6596900654249,0.4235733527702227,9.721031024744391
29.77637777539972,0.7499999999999988,822.6596900654249,0.4235733527702227,9.721031024744391
29.359299385202608,0.7499999999999997,824.8907126355141,0.39263651738408806,9.557154829876293
29.3723424543716,0.7499999999999991,821.5011218328802,0.3970470865608359,9.491121311932792
29.087761524987226,0.749999999999999,813.2809305378604,0.4083325316502516,9.494324309705215
29.087761524987226,0.749999999999999,813.2809305378604,0.4083325316502516,9.494324309705215
29.087761524987226,0.749999999999999,813.2809305378604,0.4083325316502516,9.494324309705215
29.087761524987226,0.749999999999999,813.2809305378604,0.4083325316502516,9.494324309705215
29.087761524987226,0.749999999999999,813.2809305378604,0.4083325316502516,9.494324309705215
29.087761524987226,0.749999999999999,813.2809305378604,0.4083325316502516,9.494324309705215
29.087761524987226,0.749999999999999,813.2809305378604,0.4083325316502516,9.494324309705215
29.30135785414237,0.7499999999999997,820.2005035354928,0.5099149390253792,9.592253528564182
29.30135785414237,0.7499999999999997,820.2005035354928,0.5099149390253792,9.592253528564182
29.30135785414237,0.7499999999999997,820.2005035354928,0.5099149390253792,9.592253528564182
29.30135785414237,0.7499999999999997,820.2005035354928,0.5099149390253792,9.592253528564182
29.702660101780097,0.7499999999999999,816.3667194130071,0.4480563958782092,9.706903994211979
29.702660101780097,0.7499999999999999,816.3667194130071,0.4480563958782092,9.706903994211979
28.77352895951781,0.7499999999999984,818.364427143207,0.4167346547975592,9.571755954889685
28.77352895951781,0.7499999999999984,818.364427143207,0.4167346547975592,9.571755954889685
28.916515622322194,0.7499999999999991,812.7567686846353,0.38132549302594954,9.448518810844936
28.73027639100274,0.7499999999999993,811.7005646911758,0.4207373549655218,9.399749862318927
28.73027639100274,0.7499999999999993,811.7005646911758,0.4207373549655218,9.399749862318927
28.73027639100274,0.7499999999999993,811.7005646911758,0.4207373549655218,9.399749862318927
27.85235300235241,0.749999999999999,814.982488227647,0.363242224167525,9.330526788044718
28.202177002252913,0.7499999999999986,811.6832261307771,0.37328271007439323,9.322592502625522
28.202177002252913,0.7499999999999986,811.6832261307771,0.37328271007439323,9.322592502625522
28.202177002252913,0.7499999999999986,811.6832261307771,0.37328271007439323,9.322592502625522
28.202177002252913,0.7499999999999986,811.6832261307771,0.37328271007439323,9.322592502625522
28.202177002252913,0.7499999999999986,811.6832261307771,0.37328271007439323,9.322592502625522
28.202177002252913,0.7499999999999986,811.6832261307771,0.37328271007439323,9.322592502625522
28.202177002252913,0.7499999999999986,811.6832261307771,0.37328271007439323,9.322592502625522
28.202177002252913,0.7499999999999986,811.6832261307771,0.37328271007439323,9.322592502625522
28.202177002252913,0.7499999999999986,811.6832261307771,0.37328271007439323,9.322592502625522
28.202177002252913,0.7499999999999986,811.6832261307771,0.37328271007439323,9.322592502625522
28.202177002252913,0.7499999999999986,811.6832261307771,0.37328271007439323,9.322592502625522
28.202177002252913,0.7499999999999986,811.6832261307771,0.37328271007439323,9.322592502625522
28.202177002252913,0.7499999999999986,811.6832261307771,0.37328271007439323,9.322592502625522
28.32422801868404,0.7499999999999992,816.38745394669,0.40777126356017124,9.52840584121696
28.32422801868404,0.7499999999999992,816.38745394669,0.40777126356017124,9.52840584121696
30.29607744724919,0.7499999999999994,819.3692667616901,0.5660893190542517,9.705648396879976
30.29607744724919,0.7499999999999994,819.3692667616901,0.5660893190542517,9.705648396879976
29.460448139902677,0.7500000000000001,812.2087318326617,0.3875521624418983,9.538030668336734
30.005441328332868,0.7500000000000002,820.6658751587908,0.42437563436471826,9.66609813509173
30.005441328332868,0.7500000000000002,820.6658751587908,0.42437563436471826,9.66609813509173
29.074423634854718,0.749999999999999,816.4924986487163,0.36912795481698485,9.641414000372858
29.074423634854718,0.749999999999999,816.4924986487163,0.36912795481698485,9.641414000372858
29.074423634854718,0.749999999999999,816.4924986487163,0.36912795481698485,9.641414000372858
29.418840782654623,0.7499999999999989,818.1259477256231,0.44468226686169526,9.841778244154932
30.740956018115394,0.7499999999999993,821.0645320286706,0.6138038312720044,9.992740360738475
30.740956018115394,0.7499999999999993,821.0645320286706,0.6138038312720044,9.992740360738475
29.73412212586513,0.7499999999999998,819.8042647593771,0.525148725039768,9.76909813215249
30.24743103562912,0.7499999999999989,813.9702096384916,0.45042981863012915,9.700475825667002
30.24743103562912,0.7499999999999989,813.9702096384916,0.45042981863012915,9.700475825667002
30.24743103562912,0.7499999999999989,813.9702096384916,0.45042981863012915,9.700475825667002
30.67277877109958,0.7499999999999996,812.7490911457251,0.4338828369292588,9.56124282897494
30.67277877109958,0.7499999999999996,812.7490911457251,0.4338828369292588,9.56124282897494
30.67277877109958,0.7499999999999996,812.7490911457251,0.4338828369292588,9.56124282897494
30.397796491649,0.7499999999999991,812.7790474008366,0.43023637928437325,9.685629298104299
30.637855163509574,0.75,815.7473044480189,0.4104377471743236,9.843029078707715
30.637855163509574,0.75,815.7473044480189,0.4104377471743236,9.843029078707715
30.637855163509574,0.75,815.7473044480189,0.4104377471743236,9.843029078707715
30.57859817399301,0.749999999999999,811.1448448917125,0.4307964126823786,9.708065346122563
30.57859817399301,0.749999999999999,811.1448448917125,0.4307964126823786,9.708065346122563
30.57859817399301,0.749999999999999,811.1448448917125,0.4307964126823786,9.708065346122563
29.79813289596338,0.7500000000000001,808.4269464187562,0.412622643878906,9.553585760589154
30.12267185649922,0.7499999999999998,818.7056222878235,0.46594760159142884,9.709158173400152
30.12267185649922,0.7499999999999998,818.7056222878235,0.46594760159142884,9.709158173400152
30.12267185649922,0.7499999999999998,818.7056222878235,0.46594760159142884,9.709158173400152
30.12267185649922,0.7499999999999998,818.7056222878235,0.46594760159142884,9.709158173400152
29.01927579231363,0.7499999999999997,817.7631361743598,0.45028196448950447,9.600126037248803
29.25805525740442,0.7499999999999992,814.0149345891539,0.3833379051431139,9.532921471002524
29.25805525740442,0.7499999999999992,814.0149345891539,0.3833379051431139,9.532921471002524
29.25805525740442,0.7499999999999992,814.0149345891539,0.3833379051431139,9.532921471002524
29.25805525740442,0.7499999999999992,814.0149345891539,0.3833379051431139,9.532921471002524
29.25805525740442,0.7499999999999992,814.0149345891539,0.3833379051431139,9.532921471002524
29.25805525740442,0.7499999999999992,814.0149345891539,0.3833379051431139,9.532921471002524
29.330192621937908,0.7499999999999997,815.8220803915989,0.42773895920898447,9.616709631459955
30.22738710304376,0.7499999999999996,810.0756418800815,0.522028419728974,9.445960612966449
29.58766550930616,0.7499999999999992,813.790368842657,0.4970829915342897,9.467437430439873
28.76201521396142,0.7499999999999996,814.1437019946015,0.3698209440397545,9.525229993640153
29.536316097839713,0.7499999999999989,815.2737767168376,0.4459174548831632,9.581532170277328
30.02011559198773,0.7499999999999998,808.0540522660784,0.4076464336417701,9.612107176600372
28.889753816594897,0.7499999999999998,809.0808992979444,0.3919603901642674,9.46846606628265
29.6554893847548,0.7499999999999989,803.5951569885428,0.3801122184108627,9.472141494338704
30.919409379783364,0.749999999999999,805.8237656835547,0.46359200263007366,9.804306465098978
30.919409379783364,0.749999999999999,805.8237656835547,0.46359200263007366,9.804306465098978
30.919409379783364,0.749999999999999,805.8237656835547,0.46359200263007366,9.804306465098978
30.795722446044287,0.7499999999999997,804.8891100128023,0.44379049967659845,9.772854291555905
30.795722446044287,0.7499999999999997,804.8891100128023,0.44379049967659845,9.772854291555905
31.013903922887806,0.7499999999999996,804.1154374797782,0.5430550862924396,9.908723710941725
31.013903922887806,0.7499999999999996,804.1154374797782,0.5430550862924396,9.908723710941725
31.013903922887806,0.7499999999999996,804.1154374797782,0.5430550862924396,9.908723710941725
30.250647610325984,0.7499999999999994,804.2510736928793,0.5836221616932419,9.771688974085516
30.82781733017882,0.7499999999999999,808.5820387241617,0.5875937073855763,9.741041464467958
30.26758607422551,0.7499999999999992,806.9988638210791,0.4252121763670344,9.673131223653584
30.26758607422551,0.7499999999999992,806.9988638210791,0.4252121763670344,9.673131223653584
30.26758607422551,0.7499999999999992,806.9988638210791,0.4252121763670344,9.673131223653584
30.239472492930112,0.7499999999999986,809.9299950251881,0.49895742961709505,9.695105129037923
30.239472492930112,0.7499999999999986,809.9299950251881,0.49895742961709505,9.695105129037923
30.50565999297885,0.7499999999999991,806.6390073088015,0.4106242832722947,9.540734775468087
29.676739081067353,0.7499999999999991,812.7010417507365,0.48452269514037116,9.776031868551694
30.05443994395624,0.7499999999999992,811.5067602285345,0.38203154674071366,9.648598283857524
29.633221948439846,0.75,805.9440538181336,0.46284683595641885,9.79252589828501
29.633221948439846,0.75,805.9440538181336,0.46284683595641885,9.79252589828501
30.59242802301839,0.7499999999999993,819.1121295893669,0.551985119647902,9.947865956443348
30.674350011827546,0.7499999999999999,814.264043105933,0.6907104947378021,9.812178307108052
30.251232485210668,0.7499999999999989,810.0558118620412,0.5128446874346009,9.782662832526086
29.44978144012035,0.749999999999998,804.3774427118167,0.3994817085317384,9.793443214452079
28.866760043603982,0.749999999999999,805.2896244513352,0.3796138095264224,9.84234354914533
29.215385231389757,0.7499999999999991,807.7407656978938,0.43093165654313026,9.837378747322836
29.996948468864254,0.7499999999999999,811.2623481107688,0.37285000937709273,9.659944632225779
29.996948468864254,0.7499999999999999,811.2623481107688,0.37285000937709273,9.659944632225779
29.996948468864254,0.7499999999999999,811.2623481107688,0.37285000937709273,9.659944632225779
29.996948468864254,0.7499999999999999,811.2623481107688,0.37285000937709273,9.659944632225779
29.996948468864254,0.7499999999999999,811.2623481107688,0.37285000937709273,9.659944632225779
29.996948468864254,0.7499999999999999,811.2623481107688,0.37285000937709273,9.659944632225779
29.996948468864254,0.7499999999999999,811.2623481107688,0.37285000937709273,9.659944632225779
29.843760254915974,0.7499999999999979,807.8173253529048,0.4477926264516038,9.587704721990907
29.843760254915974,0.7499999999999979,807.8173253529048,0.4477926264516038,9.587704721990907
29.843760254915974,0.7499999999999979,807.8173253529048,0.4477926264516038,9.587704721990907
28.630881320325233,0.7500000000000002,809.1828257392175,0.4003260861626694,9.453095701441418
28.630881320325233,0.7500000000000002,809.1828257392175,0.4003260861626694,9.453095701441418
28.630881320325233,0.7500000000000002,809.1828257392175,0.4003260861626694,9.453095701441418
28.630881320325233,0.7500000000000002,809.1828257392175,0.4003260861626694,9.453095701441418
28.630881320325233,0.7500000000000002,809.1828257392175,0.4003260861626694,9.453095701441418
29.319434594160057,0.7499999999999988,810.5009031430887,0.5217978230811329,9.776935022040968
28.717463817028385,0.7499999999999987,811.8265356865987,0.3880230407361324,9.834056037364968
28.717463817028385,0.7499999999999987,811.8265356865987,0.3880230407361324,9.834056037364968
28.717463817028385,0.7499999999999987,811.8265356865987,0.3880230407361324,9.834056037364968
29.139656192680487,0.7499999999999991,804.5340616311696,0.3525099869134186,9.671468019982234
29.139656192680487,0.7499999999999991,804.5340616311696,0.3525099869134186,9.671468019982234
28.898921007315206,0.7499999999999988,810.2027687511601,0.4563140641812123,9.895782327128947
30.760246925812883,0.7499999999999994,809.8822250172661,0.6082453734454429,9.915032698133345
29.522954794617625,0.7499999999999993,805.4403262276522,0.38830322394610883,9.606939750488323
29.473376247716583,0.7499999999999991,812.9216198305686,0.38383828905083917,9.673393923202834
28.980892033525414,0.7499999999999993,817.8802202348983,0.386402701394619,9.91929906891257
28.980892033525414,0.7499999999999993,817.8802202348983,0.386402701394619,9.91929906891257
28.921669920283964,0.7499999999999994,816.2458627051901,0.3875991233029839,9.970508889409837
29.04578155279972,0.7499999999999991,820.5774700003386,0.41587243828273035,9.815456372343794
29.04578155279972,0.7499999999999991,820.5774700003386,0.41587243828273035,9.815456372343794
29.490048779642247,0.7499999999999989,821.3196076146488,0.45968203139742314,9.92291381748301
28.41558750491144,0.7499999999999996,815.7106572689082,0.35590782110842234,9.710288372960534
29.244694004785497,0.7499999999999999,816.3571902709384,0.5178827565083428,9.730250591130382
30.17612247970878,0.7499999999999993,822.9546890329946,0.5324766063849768,9.719049778151515
29.589543463182626,0.7499999999999996,814.2191201136428,0.5263105592898523,9.59143191343282
29.00465343046383,0.7499999999999991,810.3202437937471,0.43366078577758915,9.53154220521785
29.00465343046383,0.7499999999999991,810.3202437937471,0.43366078577758915,9.53154220521785
29.222808938001627,0.7499999999999983,812.2646102080452,0.41993221022765836,9.572588214380193
29.222808938001627,0.7499999999999983,812.2646102080452,0.41993221022765836,9.572588214380193
29.222808938001627,0.7499999999999983,812.2646102080452,0.41993221022765836,9.572588214380193
29.222808938001627,0.7499999999999983,812.2646102080452,0.41993221022765836,9.572588214380193
29.222808938001627,0.7499999999999983,812.2646102080452,0.41993221022765836,9.572588214380193
29.222808938001627,0.7499999999999983,812.2646102080452,0.41993221022765836,9.572588214380193
29.222808938001627,0.7499999999999983,812.2646102080452,0.41993221022765836,9.572588214380193
29.61814081365796,0.7499999999999991,811.1829779053278,0.5455780942164703,9.573324874987586
29.61814081365796,0.7499999999999991,811.1829779053278,0.5455780942164703,9.573324874987586
29.61814081365796,0.7499999999999991,811.1829779053278,0.5455780942164703,9.573324874987586
29.61814081365796,0.7499999999999991,811.1829779053278,0.5455780942164703,9.573324874987586
29.61814081365796,0.7499999999999991,811.1829779053278,0.5455780942164703,9.573324874987586
29.26514974101846,0.7499999999999998,817.1597221955911,0.41026624615592705,9.674873440674432
29.75184467554469,0.7499999999999992,818.3048382219938,0.6141077963976963,9.691985189956554
29.75184467554469,0.7499999999999992,818.3048382219938,0.6141077963976963,9.691985189956554
29.75184467554469,0.7499999999999992,818.3048382219938,0.6141077963976963,9.691985189956554
29.658274285081852,0.749999999999999,816.8913312606151,0.5050137173356198,9.718390505201999
29.039761747792696,0.7499999999999994,813.8908312347471,0.5795321044804255,9.55780267140625
29.38043157433352,0.7499999999999992,819.9735725790418,0.4942643116565327,9.442326277547584
29.449879434422744,0.7499999999999988,819.0471893109769,0.43314462694993944,9.59652249205556
29.759908874212815,0.7499999999999996,818.0248811881108,0.42383779433181923,9.816982234190107
29.759908874212815,0.7499999999999996,818.0248811881108,0.42383779433181923,9.816982234190107
29.289493789918254,0.75,820.3433668190469,0.5387423524132491,9.860048451470917
29.289493789918254,0.75,820.3433668190469,0.5387423524132491,9.860048451470917
29.525907016424096,0.7499999999999997,814.847010418794,0.41699157677273924,9.681988913309052
29.525907016424096,0.7499999999999997,814.847010418794,0.41699157677273924,9.681988913309052
29.525907016424096,0.7499999999999997,814.847010418794,0.41699157677273924,9.681988913309052
29.525907016424096,0.7499999999999997,814.847010418794,0.41699157677273924,9.681988913309052
29.5520320427353,0.7499999999999982,829.0123317584066,0.5098393343534324,10.078136325910398
29.5520320427353,0.7499999999999982,829.0123317584066,0.5098393343534324,10.078136325910398
30.264821805974602,0.7499999999999994,831.0789304253377,0.5960755501487541,10.055470965326128
28.866416930164945,0.7499999999999982,826.7723298830188,0.5121016223868935,9.817662291464874
28.436814225346122,0.7499999999999981,819.5709336489143,0.6222546924608021,9.576149265364203
28.811972727474423,0.7499999999999997,823.0651170969829,0.5693633377367217,9.626262981555588
29.376647817497687,0.7499999999999991,829.4031509647111,0.6478976730626769,9.83267380613896
29.247138155367864,0.75,821.1659515604176,0.4722690325430388,9.658885278511693
29.247138155367864,0.75,821.1659515604176,0.4722690325430388,9.658885278511693
29.247138155367864,0.75,821.1659515604176,0.4722690325430388,9.658885278511693
29.247138155367864,0.75,821.1659515604176,0.4722690325430388,9.658885278511693
28.64570763581598,0.7499999999999983,818.5349876892786,0.42089569515235925,9.45653837384686
28.78182466539755,0.7499999999999991,813.1634477808309,0.4236316406578796,9.46594113756961
28.78182466539755,0.7499999999999991,813.1634477808309,0.4236316406578796,9.46594113756961
29.51991721845461,0.7499999999999991,832.7226487407496,0.4279788354870384,9.837724258024712
29.527299091730736,0.7499999999999996,827.7352809854376,0.5130219983044604,9.994522583784468
28.678029461300397,0.7500000000000001,822.8075344803955,0.4109779182949791,9.880800831852207
28.678029461300397,0.7500000000000001,822.8075344803955,0.4109779182949791,9.880800831852207
28.678029461300397,0.7500000000000001,822.8075344803955,0.4109779182949791,9.880800831852207
28.519723838668035,0.7499999999999998,818.4756429851504,0.39554260318605444,9.851889421143866
28.519723838668035,0.7499999999999998,818.4756429851504,0.39554260318605444,9.851889421143866
28.519723838668035,0.7499999999999998,818.4756429851504,0.39554260318605444,9.851889421143866
29.381413358803545,0.7499999999999993,816.8789616073807,0.40017260743107236,9.848643279059772
29.381413358803545,0.7499999999999993,816.8789616073807,0.40017260743107236,9.848643279059772
29.381413358803545,0.7499999999999993,816.8789616073807,0.40017260743107236,9.848643279059772
29.381413358803545,0.7499999999999993,816.8789616073807,0.40017260743107236,9.848643279059772
29.381413358803545,0.7499999999999993,816.8789616073807,0.40017260743107236,9.848643279059772
29.295308804174795,0.7499999999999989,819.9399261813415,0.3822676474751863,9.850557252582018
29.491081741798535,0.7499999999999999,822.9327444508505,0.39052306640073386,9.658360549477132
30.126087362899018,0.7499999999999994,813.9618982199129,0.39343909690525086,9.687987939720944
29.107708011075406,0.7499999999999977,810.2702804843829,0.45018618926061016,9.539612091232613
29.107708011075406,0.7499999999999977,810.2702804843829,0.45018618926061016,9.539612091232613
28.535079785641244,0.749999999999999,808.2474526679574,0.3616580773059234,9.285662310680744
28.535079785641244,0.749999999999999,808.2474526679574,0.3616580773059234,9.285662310680744
28.535079785641244,0.749999999999999,808.2474526679574,0.3616580773059234,9.285662310680744
29.042571184511544,0.7499999999999992,811.746800659508,0.43113649793850084,9.44575405858597
29.117197450323264,0.7499999999999988,804.46324761782,0.4404860402120241,9.487983153887772
29.117197450323264,0.7499999999999988,804.46324761782,0.4404860402120241,9.487983153887772
27.519591344585795,0.7499999999999994,808.8957483085679,0.35813593147779343,9.449848588496428
29.23970027820078,0.7499999999999987,812.5138699751351,0.4409439938231233,9.585423986892886
29.23970027820078,0.7499999999999987,812.5138699751351,0.4409439938231233,9.585423986892886
29.23970027820078,0.7499999999999987,812.5138699751351,0.4409439938231233,9.585423986892886
29.120693730263973,0.7499999999999994,811.6034653066774,0.45483715077712483,9.590892805774303
28.71628440044768,0.7499999999999992,822.2114078762431,0.6865970089512681,9.616618869627604
29.59506785141099,0.7499999999999992,825.5330512702371,0.4330693658220694,9.579086768835325
29.59506785141099,0.7499999999999992,825.5330512702371,0.4330693658220694,9.579086768835325
28.061821891610915,0.7499999999999994,827.0970461435019,0.38394888317909764,9.65631734379286
29.30681017151974,0.7499999999999992,825.4642577905777,0.4236538266975702,9.579390399930361
29.850268920879856,0.7499999999999991,821.0503201078016,0.40084711697291614,9.591575389964515
30.668941705414266,0.7499999999999987,814.740038901931,0.4367653586002154,9.689305610601135
29.4155052572657,0.7499999999999992,813.7222775060575,0.48672597900079434,9.697704801872149
28.937395074261243,0.7499999999999982,801.3217602922839,0.3450642086909744,9.49004544133955
31.083258313884542,0.7499999999999989,810.1902983117496,0.48109877147321667,9.912355633358567
31.248575528676376,0.7499999999999987,803.7814737120048,0.5347869928115132,9.777422116299551
31.248575528676376,0.7499999999999987,803.7814737120048,0.5347869928115132,9.777422116299551
31.248575528676376,0.7499999999999987,803.7814737120048,0.5347869928115132,9.777422116299551
30.739323552121142,0.75,806.9807848530342,0.507355324945484,9.938969209919682
30.739323552121142,0.75,806.9807848530342,0.507355324945484,9.938969209919682
30.033401637443358,0.7499999999999998,810.8430777225137,0.4826823138305861,9.66012579423751
30.033401637443358,0.7499999999999998,810.8430777225137,0.4826823138305861,9.66012579423751
30.033401637443358,0.7499999999999998,810.8430777225137,0.4826823138305861,9.66012579423751
30.0546331508356,0.7499999999999994,810.8861697796284,0.42757867751779605,9.730517837070437
29.330877658174522,0.7499999999999996,803.2816650658801,0.4603822515716675,9.633375292298107
29.106957435345848,0.7499999999999977,809.0402564903204,0.4469108608392693,9.57968564741056
29.106957435345848,0.7499999999999977,809.0402564903204,0.4469108608392693,9.57968564741056
29.106957435345848,0.7499999999999977,809.0402564903204,0.4469108608392693,9.57968564741056
29.106957435345848,0.7499999999999977,809.0402564903204,0.4469108608392693,9.57968564741056
29.106957435345848,0.7499999999999977,809.0402564903204,0.4469108608392693,9.57968564741056
29.106957435345848,0.7499999999999977,809.0402564903204,0.4469108608392693,9.57968564741056
29.72659694482308,0.7499999999999998,808.8735899751255,0.4518554776341257,9.542164589284178
29.72659694482308,0.7499999999999998,808.8735899751255,0.4518554776341257,9.542164589284178
30.870820831011926,0.7499999999999996,820.0595344057865,0.44918003853573557,9.863541627692879
30.913198344390256,0.7499999999999993,813.3521321876465,0.6053543060588482,9.994232632379104
30.978748981718955,0.7499999999999996,813.5994709884416,0.47540269905095,9.82101124984762
30.082673799119114,0.7499999999999986,808.9112486686982,0.43431776420748,9.73176222029213
30.082673799119114,0.7499999999999986,808.9112486686982,0.43431776420748,9.73176222029213
30.082673799119114,0.7499999999999986,808.9112486686982,0.43431776420748,9.73176222029213
29.557571327681227,0.749999999999999,802.385529287517,0.3625998866157402,9.566252918460965
29.557571327681227,0.749999999999999,802.385529287517,0.3625998866157402,9.566252918460965
29.557571327681227,0.749999999999999,802.385529287517,0.3625998866157402,9.566252918460965
29.557571327681227,0.749999999999999,802.385529287517,0.3625998866157402,9.566252918460965
29.557571327681227,0.749999999999999,802.385529287517,0.3625998866157402,9.566252918460965
30.435045091001317,0.7499999999999984,797.7195829409785,0.3801433506690136,9.576076808074614
30.435045091001317,0.7499999999999984,797.7195829409785,0.3801433506690136,9.576076808074614
30.435045091001317,0.7499999999999984,797.7195829409785,0.3801433506690136,9.576076808074614
30.435045091001317,0.7499999999999984,797.7195829409785,0.3801433506690136,9.576076808074614
30.435045091001317,0.7499999999999984,797.7195829409785,0.3801433506690136,9.576076808074614
30.435045091001317,0.7499999999999984,797.7195829409785,0.3801433506690136,9.576076808074614
30.435045091001317,0.7499999999999984,797.7195829409785,0.3801433506690136,9.576076808074614
30.435045091001317,0.7499999999999984,797.7195829409785,0.3801433506690136,9.576076808074614
30.549303167521533,0.7499999999999993,800.533502543929,0.3844745694604782,9.537110071796295
29.966213410306455,0.749999999999999,802.1935014843748,0.3445418426924798,9.523382969040608
29.966213410306455,0.749999999999999,802.1935014843748,0.3445418426924798,9.523382969040608
29.966213410306455,0.749999999999999,802.1935014843748,0.3445418426924798,9.523382969040608
29.966213410306455,0.749999999999999,802.1935014843748,0.3445418426924798,9.523382969040608
30.776425577246414,0.7499999999999984,799.6613259396831,0.5171265868675545,9.681407383951349
30.776425577246414,0.7499999999999984,799.6613259396831,0.5171265868675545,9.681407383951349
30.762702483947535,0.7499999999999992,802.8816811086231,0.5784800238102965,9.984186400603216
30.762702483947535,0.7499999999999992,802.8816811086231,0.5784800238102965,9.984186400603216
30.878315015057417,0.75,806.9910543732534,0.4879578883056545,9.869840108388718
30.878315015057417,0.75,806.9910543732534,0.4879578883056545,9.869840108388718
30.878315015057417,0.75,806.9910543732534,0.4879578883056545,9.869840108388718
30.819992346217436,0.7500000000000003,808.0434194946138,0.44879320370240483,9.938977423721036
30.819992346217436,0.7500000000000003,808.0434194946138,0.44879320370240483,9.938977423721036
30.018152277376004,0.7499999999999996,806.0334099274937,0.4392638582807586,9.788939381375263
30.73371606944087,0.7499999999999988,812.7098595868125,0.49056463245279924,9.911438979782087
30.73371606944087,0.7499999999999988,812.7098595868125,0.49056463245279924,9.911438979782087
31.437681778214944,0.7499999999999983,808.5855611024999,0.4764955548456681,10.018769943649918
30.006896360650156,0.7499999999999987,803.6819160651355,0.42337697549475706,9.730900394018585
29.85033597476941,0.7499999999999984,799.4697032170006,0.39760166846725964,9.669739370686079
30.635242658377027,0.7499999999999996,811.9707102019077,0.5971515846136338,9.84537567769948
30.635242658377027,0.7499999999999996,811.9707102019077,0.5971515846136338,9.84537567769948
30.031544942624603,0.7499999999999991,807.6456072124414,0.4364071521593773,9.794675165810892
30.34312980040476,0.7499999999999993,818.3151885106213,0.39117727639451144,9.782985247309899
30.88743679813704,0.749999999999999,819.3539027552446,0.43091436351139784,9.818301229155859
30.75834268982202,0.7499999999999989,824.4050864715239,0.5136884087989866,10.001616906271815
30.75834268982202,0.7499999999999989,824.4050864715239,0.5136884087989866,10.001616906271815
30.06941274645477,0.7499999999999991,822.8352828687875,0.5650266985583109,9.991496536836289
29.919149807994796,0.7499999999999994,814.3469320844732,0.46330803500264395,9.911311101836256
29.919149807994796,0.7499999999999994,814.3469320844732,0.46330803500264395,9.911311101836256
29.919149807994796,0.7499999999999994,814.3469320844732,0.46330803500264395,9.911311101836256
29.919149807994796,0.7499999999999994,814.3469320844732,0.46330803500264395,9.911311101836256
30.39676413223397,0.7499999999999994,813.1107962303983,0.4650865232694593,10.071204011364765
30.39676413223397,0.7499999999999994,813.1107962303983,0.4650865232694593,10.071204011364765
29.675666581486894,0.7499999999999974,813.7317119818989,0.40255655019325964,9.73246350534212
29.675666581486894,0.7499999999999974,813.7317119818989,0.40255655019325964,9.73246350534212
29.675666581486894,0.7499999999999974,813.7317119818989,0.40255655019325964,9.73246350534212
29.675666581486894,0.7499999999999974,813.7317119818989,0.40255655019325964,9.73246350534212
29.675666581486894,0.7499999999999974,813.7317119818989,0.40255655019325964,9.73246350534212
29.58848713928684,0.7499999999999996,816.2043775391968,0.48378903290126596,9.917579115962013
29.61904584186497,0.7499999999999997,811.2005224639066,0.4351315397721773,9.913869436893938
30.407577189534088,0.7499999999999996,808.8906617957721,0.42178805562643024,9.883039077677802
31.227767545669536,0.7499999999999999,808.861142142202,0.44200560371297354,10.086824923923464
31.227767545669536,0.7499999999999999,808.861142142202,0.44200560371297354,10.086824923923464
31.227767545669536,0.7499999999999999,808.861142142202,0.44200560371297354,10.086824923923464
31.227767545669536,0.7499999999999999,808.861142142202,0.44200560371297354,10.086824923923464
31.768949372588896,0.7499999999999994,809.9725103453815,0.5573932844293894,10.0633371697722
31.768949372588896,0.7499999999999994,809.9725103453815,0.5573932844293894,10.0633371697722
31.768949372588896,0.7499999999999994,809.9725103453815,0.5573932844293894,10.0633371697722
31.768949372588896,0.7499999999999994,809.9725103453815,0.5573932844293894,10.0633371697722
31.768949372588896,0.7499999999999994,809.9725103453815,0.5573932844293894,10.0633371697722
30.704171378514292,0.7499999999999998,800.9977405239971,0.45080153521632255,9.836996186125342
30.704171378514292,0.7499999999999998,800.9977405239971,0.45080153521632255,9.836996186125342
30.704171378514292,0.7499999999999998,800.9977405239971,0.45080153521632255,9.836996186125342
30.704171378514292,0.7499999999999998,800.9977405239971,0.45080153521632255,9.836996186125342
30.502256735618506,0.7499999999999997,808.7819759126434,0.43865445712090645,10.03500753698466
30.502256735618506,0.7499999999999997,808.7819759126434,0.43865445712090645,10.03500753698466
30.388455968711007,0.7499999999999996,803.6805133193753,0.5040615043249577,9.976022623932925
30.388455968711007,0.7499999999999996,803.6805133193753,0.5040615043249577,9.976022623932925
29.769647871384894,0.7499999999999982,803.5244431881079,0.4263577992727487,9.838213580922709
29.769647871384894,0.7499999999999982,803.5244431881079,0.4263577992727487,9.838213580922709
29.769647871384894,0.7499999999999982,803.5244431881079,0.4263577992727487,9.838213580922709
29.769647871384894,0.7499999999999982,803.5244431881079,0.4263577992727487,9.838213580922709
30.591704871542678,0.7499999999999987,817.9954154288645,0.5009313986097715,10.047959551150774
30.591704871542678,0.7499999999999987,817.9954154288645,0.5009313986097715,10.047959551150774
31.917642755659482,0.7499999999999982,827.7924040087128,0.6641284789001325,10.388143541664528
32.027509471543404,0.7499999999999983,815.5253660673615,0.6392124922040561,10.101310781914268
30.65657258222152,0.7499999999999992,807.1324672357105,0.5153610522860658,9.822953573770647
30.48948434645642,0.7499999999999999,805.7804986406202,0.4790652260021656,9.862207955595945
29.15469081211012,0.7499999999999992,804.3981246514397,0.3605692073595045,9.811315278613677
29.138354609641265,0.749999999999999,804.3043399796354,0.31850023262407084,9.64655145125376
29.87577601699151,0.7499999999999998,803.8874074500014,0.37907149334253054,9.56686811277467
29.805339461255148,0.7499999999999993,814.2057182820869,0.37345397219301846,9.758951402720564
29.60574858635349,0.7499999999999993,819.2496761869077,0.4698012179272298,9.744433739094063
29.3613664621724,0.7499999999999998,826.6709767921454,0.46069414667319847,10.0870899182058
29.318752303049756,0.75,819.7235841470421,0.5750684288075876,9.906069150703962
28.96796834751392,0.7500000000000002,815.8764031223194,0.44029549609608,9.477520319589033
28.820572198658336,0.7499999999999994,822.4802563948841,0.45476087243589297,9.639133340710178
27.64629243063498,0.7499999999999993,822.8055886486641,0.39939312696156754,9.624744042899863
28.77286444873982,0.7499999999999999,828.2510645811058,0.4387212812889215,9.791561162918049
28.18676398450801,0.7499999999999987,829.1341460494103,0.41141596863265295,9.57713029224649
28.88391634582158,0.749999999999998,833.770689722269,0.45978830861385184,9.619228541888777
28.808261575192283,0.7499999999999999,838.6427473425109,0.4366057733272064,9.792543130729802
28.890361958356582,0.7499999999999991,826.9544729708674,0.42650570433142454,9.51136917370182
28.890361958356582,0.7499999999999991,826.9544729708674,0.42650570433142454,9.51136917370182
28.890361958356582,0.7499999999999991,826.9544729708674,0.42650570433142454,9.51136917370182
28.890361958356582,0.7499999999999991,826.9544729708674,0.42650570433142454,9.51136917370182
28.890361958356582,0.7499999999999991,826.9544729708674,0.42650570433142454,9.51136917370182
28.890361958356582,0.7499999999999991,826.9544729708674,0.42650570433142454,9.51136917370182
28.890361958356582,0.7499999999999991,826.9544729708674,0.42650570433142454,9.51136917370182
28.890361958356582,0.7499999999999991,826.9544729708674,0.42650570433142454,9.51136917370182
28.890361958356582,0.7499999999999991,826.9544729708674,0.42650570433142454,9.51136917370182
28.890361958356582,0.7499999999999991,826.9544729708674,0.42650570433142454,9.51136917370182
28.890361958356582,0.7499999999999991,826.9544729708674,0.42650570433142454,9.51136917370182
30.275464777879524,0.7499999999999996,837.4988100500531,0.46574809865660394,9.946973483406207
29.658721918565085,0.7499999999999983,827.9298540442837,0.44759974218763937,9.927296115191501
29.658721918565085,0.7499999999999983,827.9298540442837,0.44759974218763937,9.927296115191501
29.658721918565085,0.7499999999999983,827.9298540442837,0.44759974218763937,9.927296115191501
30.280596729495546,0.7499999999999998,832.1365342715325,0.5493482880954407,10.165573378016026
30.649468431177105,0.7499999999999996,834.2431477687288,0.5283570805347979,10.168852076092133
30.649468431177105,0.7499999999999996,834.2431477687288,0.5283570805347979,10.168852076092133
29.889825402968114,0.7499999999999994,831.1745740838222,0.5156255705566256,10.198986644924352
30.871329021206147,0.7499999999999996,830.670883972257,0.6050134416104769,10.092640860183394
29.43931235444258,0.749999999999999,828.6136357001695,0.5773744025988509,9.98384732073724
29.43931235444258,0.749999999999999,828.6136357001695,0.5773744025988509,9.98384732073724
29.43931235444258,0.749999999999999,828.6136357001695,0.5773744025988509,9.98384732073724
29.98819105978523,0.7499999999999986,826.2723693119149,0.4079621357155184,9.917119862112113
30.17422381379587,0.7499999999999999,820.5548410731587,0.39873531024123426,9.912169351780985
30.473875733087713,0.7499999999999998,817.5235170814971,0.4198599027994885,9.953500852426325
30.07412068236591,0.7499999999999992,820.56336610598,0.4141969810437524,9.916820996363262
30.23105405580352,0.7499999999999982,815.0947962780953,0.43550994324386694,9.902659077129561
29.713460220210436,0.7499999999999993,813.7038341403771,0.38919343265088874,9.783939553142796
29.713460220210436,0.7499999999999993,813.7038341403771,0.38919343265088874,9.783939553142796
29.713460220210436,0.7499999999999993,813.7038341403771,0.38919343265088874,9.783939553142796
29.988058085107397,0.7499999999999997,820.8137419180396,0.4436936501898887,9.960999756379966
28.864543917988666,0.7499999999999996,815.7978850743282,0.4930707932260371,9.825507395995269
29.203045333202347,0.7499999999999996,811.7819368522564,0.4837200773114408,9.750577948494726
29.203045333202347,0.7499999999999996,811.7819368522564,0.4837200773114408,9.750577948494726
28.606927402784773,0.7499999999999986,809.663004090824,0.4287986103579594,9.809951528593444
28.606927402784773,0.7499999999999986,809.663004090824,0.4287986103579594,9.809951528593444
28.606927402784773,0.7499999999999986,809.663004090824,0.4287986103579594,9.809951528593444
28.63008942966941,0.749999999999999,813.8855910824435,0.4267680944624206,9.836586648608343
28.63008942966941,0.749999999999999,813.8855910824435,0.4267680944624206,9.836586648608343
28.63008942966941,0.749999999999999,813.8855910824435,0.4267680944624206,9.836586648608343
30.01105072707874,0.7499999999999979,806.8694376906334,0.4213339492308619,9.848773344043101
28.488996242886156,0.7499999999999997,815.7541219249053,0.3840383129408926,9.846073912647029
28.416499009960173,0.7499999999999996,815.0246295353581,0.3639307516426216,9.817271253549436
28.416499009960173,0.7499999999999996,815.0246295353581,0.3639307516426216,9.817271253549436
28.416499009960173,0.7499999999999996,815.0246295353581,0.3639307516426216,9.817271253549436
29.469952445143562,0.7499999999999994,826.6965289742217,0.469721962093062,10.061173462485447
30.723711604979393,0.7499999999999998,813.1678110808218,0.44475408337220534,9.754521242530297
30.723711604979393,0.7499999999999998,813.1678110808218,0.44475408337220534,9.754521242530297
30.723711604979393,0.7499999999999998,813.1678110808218,0.44475408337220534,9.754521242530297
30.723711604979393,0.7499999999999998,813.1678110808218,0.44475408337220534,9.754521242530297
30.723711604979393,0.7499999999999998,813.1678110808218,0.44475408337220534,9.754521242530297
30.723711604979393,0.7499999999999998,813.1678110808218,0.44475408337220534,9.754521242530297
30.723711604979393,0.7499999999999998,813.1678110808218,0.44475408337220534,9.754521242530297
30.723711604979393,0.7499999999999998,813.1678110808218,0.44475408337220534,9.754521242530297
30.723711604979393,0.7499999999999998,813.1678110808218,0.44475408337220534,9.754521242530297
30.287247345703623,0.749999999999999,809.2361650735133,0.4578206401598681,9.712657577497316
30.039880322272364,0.7499999999999993,813.1907221147084,0.35563883548528136,9.746173636858416
30.14871051157128,0.7499999999999998,812.5251103942877,0.4067623447631395,9.610903354233637
30.150518830914407,0.7499999999999988,810.3162709822714,0.40161181255064055,9.685828216078487
30.150518830914407,0.7499999999999988,810.3162709822714,0.40161181255064055,9.685828216078487
30.150518830914407,0.7499999999999988,810.3162709822714,0.40161181255064055,9.685828216078487
30.15517023183352,0.7499999999999993,820.6365617196655,0.3969418736345246,9.708626729339338
30.15517023183352,0.7499999999999993,820.6365617196655,0.3969418736345246,9.708626729339338
30.79974728532834,0.7499999999999987,815.5597602389807,0.4750643611756959,9.710572451933018
28.357456363283582,0.7499999999999997,819.8736661023473,0.304539328689486,9.589641097952533
28.02313383163338,0.7499999999999994,832.8198800013797,0.39592210064830324,9.695494954736665
27.716913401799932,0.7499999999999989,824.1802607267031,0.3736217428104472,9.629412150342386
27.716913401799932,0.7499999999999989,824.1802607267031,0.3736217428104472,9.629412150342386
27.716913401799932,0.7499999999999989,824.1802607267031,0.3736217428104472,9.629412150342386
29.05912028836722,0.7499999999999998,822.5078385621332,0.38432506601398475,9.560179334217722
29.89812699978798,0.7499999999999988,812.1073965028802,0.4391206975511203,9.638878719528757
29.89812699978798,0.7499999999999988,812.1073965028802,0.4391206975511203,9.638878719528757
29.89812699978798,0.7499999999999988,812.1073965028802,0.4391206975511203,9.638878719528757
29.89812699978798,0.7499999999999988,812.1073965028802,0.4391206975511203,9.638878719528757
29.89812699978798,0.7499999999999988,812.1073965028802,0.4391206975511203,9.638878719528757
29.89812699978798,0.7499999999999988,812.1073965028802,0.4391206975511203,9.638878719528757
29.89812699978798,0.7499999999999988,812.1073965028802,0.4391206975511203,9.638878719528757
29.89812699978798,0.7499999999999988,812.1073965028802,0.4391206975511203,9.638878719528757
29.89812699978798,0.7499999999999988,812.1073965028802,0.4391206975511203,9.638878719528757
29.89812699978798,0.7499999999999988,812.1073965028802,0.4391206975511203,9.638878719528757
30.016417921509948,0.7499999999999978,811.0902539752153,0.4512839065135043,9.608313289294946
30.016417921509948,0.7499999999999978,811.0902539752153,0.4512839065135043,9.608313289294946
30.016417921509948,0.7499999999999978,811.0902539752153,0.4512839065135043,9.608313289294946
30.016417921509948,0.7499999999999978,811.0902539752153,0.4512839065135043,9.608313289294946
30.015825078699244,0.7499999999999997,810.4005244636036,0.638864728562793,9.868839971833154
30.81655291052093,0.7499999999999996,814.5940697648285,0.5575421441785534,10.103101152297958
30.81655291052093,0.7499999999999996,814.5940697648285,0.5575421441785534,10.103101152297958
30.134506433417865,0.7499999999999986,813.1270980018686,0.48432527273968873,10.143341253613528
29.273186757677102,0.75,814.9683179240992,0.37760797978763955,9.901282822494656
30.6889588272587,0.7499999999999992,819.5222080022611,0.45244234298588387,10.058078852215715
30.46583314793149,0.749999999999999,813.386387586019,0.44268336965068006,9.923482899054985
30.582896069558018,0.75,810.2111625408612,0.44906722527556625,9.794073883876939
30.256970126816384,0.7499999999999996,816.1128701423983,0.45334080360871215,9.818575073570702
30.256970126816384,0.7499999999999996,816.1128701423983,0.45334080360871215,9.818575073570702
30.553849311120135,0.7499999999999996,813.5782479797236,0.4959335034757708,9.720254953602222
30.40525725403721,0.7499999999999989,805.3682750522831,0.41287304439353056,9.567722731925201
30.40525725403721,0.7499999999999989,805.3682750522831,0.41287304439353056,9.567722731925201
30.40525725403721,0.7499999999999989,805.3682750522831,0.41287304439353056,9.567722731925201
30.02332908555044,0.7499999999999999,808.5603651617959,0.4328721179141059,9.592915123428579
30.02332908555044,0.7499999999999999,808.5603651617959,0.4328721179141059,9.592915123428579
30.02332908555044,0.7499999999999999,808.5603651617959,0.4328721179141059,9.592915123428579
30.199887111723847,0.7499999999999991,808.0348588742522,0.41040757677155204,9.616990162918082
30.199887111723847,0.7499999999999991,808.0348588742522,0.41040757677155204,9.616990162918082
30.199887111723847,0.7499999999999991,808.0348588742522,0.41040757677155204,9.616990162918082
30.199887111723847,0.7499999999999991,808.0348588742522,0.41040757677155204,9.616990162918082
30.23058295415628,0.7499999999999989,816.607130209095,0.42265633187719986,9.754602862418684
30.509462271577274,0.7499999999999993,810.706457294975,0.37826996425293696,9.612347269966659
30.509462271577274,0.7499999999999993,810.706457294975,0.37826996425293696,9.612347269966659
30.17672689151274,0.7499999999999994,810.806200968468,0.4243592334207336,9.611014895093827
30.17672689151274,0.7499999999999994,810.806200968468,0.4243592334207336,9.611014895093827
30.805557465106197,0.7499999999999998,803.6662871173174,0.5023654143041019,9.685622673287423
30.805557465106197,0.7499999999999998,803.6662871173174,0.5023654143041019,9.685622673287423
30.805557465106197,0.7499999999999998,803.6662871173174,0.5023654143041019,9.685622673287423
29.90109152829873,0.7499999999999988,805.8850412665412,0.46539790250030383,9.788335031689726
29.341671931189143,0.7499999999999992,802.1595289863976,0.4199660411639273,9.499526736732586
29.095738045556924,0.7499999999999983,805.3982255584111,0.47981343129487347,9.544413118555445
29.095738045556924,0.7499999999999983,805.3982255584111,0.47981343129487347,9.544413118555445
30.689786273775187,0.749999999999998,817.0866398526791,0.49352603293258374,9.842679257570515
30.689786273775187,0.749999999999998,817.0866398526791,0.49352603293258374,9.842679257570515
30.689786273775187,0.749999999999998,817.0866398526791,0.49352603293258374,9.842679257570515
30.689786273775187,0.749999999999998,817.0866398526791,0.49352603293258374,9.842679257570515
30.24188538941038,0.7499999999999993,816.8616070380986,0.48288527602724723,9.695790013410067
30.005348649235472,0.7499999999999997,819.0041319323213,0.5069973198245843,9.924073684025217
29.520554441897957,0.75,819.3654338814684,0.5719965413750365,9.891791037199166
29.943173003615644,0.7499999999999988,821.5420923499341,0.4801071060045481,9.956213367685418
29.45835973369479,0.7499999999999991,816.3998954335107,0.39959991442863896,9.843496427512074
29.796742981154257,0.7499999999999993,812.2017901802392,0.40334256784832984,9.785294646045609
30.35379347468714,0.75,812.2248248825799,0.4214967728596993,9.90144321287868
30.03768118370155,0.7499999999999994,809.4761700084828,0.3929422724674214,9.963198784943923
31.33009829760457,0.7499999999999998,811.6522882257725,0.49825633077016523,9.986905870311471
31.33009829760457,0.7499999999999998,811.6522882257725,0.49825633077016523,9.986905870311471
31.33009829760457,0.7499999999999998,811.6522882257725,0.49825633077016523,9.986905870311471
30.971614429472606,0.7499999999999991,810.4229450124665,0.5589082914197476,9.746967240483675
30.971614429472606,0.7499999999999991,810.4229450124665,0.5589082914197476,9.746967240483675
30.971614429472606,0.7499999999999991,810.4229450124665,0.5589082914197476,9.746967240483675
30.511129656995788,0.7499999999999987,811.6895372537338,0.43904887625144257,9.835830190181508
30.511129656995788,0.7499999999999987,811.6895372537338,0.43904887625144257,9.835830190181508
30.16236828290688,0.7499999999999992,805.1513147802293,0.4037873133211123,9.7433068112364
30.644647336656057,0.7499999999999996,807.3371690726041,0.3949256555258786,9.932977876210211
30.644647336656057,0.7499999999999996,807.3371690726041,0.3949256555258786,9.932977876210211
29.988222207397314,0.7499999999999993,806.9299282670191,0.3805023749612936,9.71507075036198
29.988222207397314,0.7499999999999993,806.9299282670191,0.3805023749612936,9.71507075036198
29.988222207397314,0.7499999999999993,806.9299282670191,0.3805023749612936,9.71507075036198
29.988222207397314,0.7499999999999993,806.9299282670191,0.3805023749612936,9.71507075036198
29.988222207397314,0.7499999999999993,806.9299282670191,0.3805023749612936,9.71507075036198
29.988222207397314,0.7499999999999993,806.9299282670191,0.3805023749612936,9.71507075036198
29.988222207397314,0.7499999999999993,806.9299282670191,0.3805023749612936,9.71507075036198
29.988222207397314,0.7499999999999993,806.9299282670191,0.3805023749612936,9.71507075036198
30.219989558591386,0.7499999999999997,813.7885856282765,0.4700111054053971,9.710649831539751
30.219989558591386,0.7499999999999997,813.7885856282765,0.4700111054053971,9.710649831539751
31.056274936550693,0.7500000000000002,816.8659514878474,0.4624473527281738,9.851300914054628
30.602451505016678,0.7499999999999991,814.6304241611851,0.5559878457281929,9.598072093523612
30.655630123243306,0.7499999999999993,812.6786564128686,0.4588353174640692,9.5342687163761
30.655630123243306,0.7499999999999993,812.6786564128686,0.4588353174640692,9.5342687163761
30.617751343695332,0.7499999999999992,814.7560047787698,0.40281852309104227,9.56360261680182
30.617751343695332,0.7499999999999992,814.7560047787698,0.40281852309104227,9.56360261680182
30.503921658504193,0.7499999999999997,820.0947457288914,0.473811070101274,9.730564632630253
28.74143556709355,0.7499999999999997,814.0816324872937,0.3483650391323071,9.517000000612086
29.748182830590334,0.7499999999999989,809.3210471544487,0.40610098659436195,9.58659079965339
29.748182830590334,0.7499999999999989,809.3210471544487,0.40610098659436195,9.58659079965339
29.748182830590334,0.7499999999999989,809.3210471544487,0.40610098659436195,9.58659079965339
29.748182830590334,0.7499999999999989,809.3210471544487,0.40610098659436195,9.58659079965339
29.748182830590334,0.7499999999999989,809.3210471544487,0.40610098659436195,9.58659079965339
29.20226142234741,0.7499999999999996,815.6098563135603,0.4601281613286169,9.723240048154452
29.533282293329002,0.7499999999999996,809.760759333894,0.5905362505568338,9.701636275721437
29.236284769142145,0.75,823.6505921736815,0.6286282405426838,10.140542025514804
29.236284769142145,0.75,823.6505921736815,0.6286282405426838,10.140542025514804
29.49275813798151,0.7499999999999987,819.1470101817624,0.5319207330841706,9.920406094822841
29.49275813798151,0.7499999999999987,819.1470101817624,0.5319207330841706,9.920406094822841
29.370318369367773,0.7499999999999986,810.4355805627857,0.4800987747293657,9.879849234030786
29.370318369367773,0.7499999999999986,810.4355805627857,0.4800987747293657,9.879849234030786
29.370318369367773,0.7499999999999986,810.4355805627857,0.4800987747293657,9.879849234030786
30.09895500661682,0.75,804.5273174768687,0.47770368681075775,9.83967101666659
30.40913212406636,0.7499999999999992,804.5754664771728,0.4405852952260141,9.65808235311007
29.848803057523575,0.7499999999999989,803.9512507201787,0.48634660889893344,9.62081267986537
29.848803057523575,0.7499999999999989,803.9512507201787,0.48634660889893344,9.62081267986537
29.980980935450837,0.7499999999999994,806.7176903973518,0.40947410048123595,9.730498192278656
29.549424014010892,0.7500000000000006,812.9959791660599,0.47140592006660487,9.759876584380313
30.08173526103969,0.7499999999999996,819.5313857997774,0.5120113762658869,9.824241399818803
29.23864601321251,0.7499999999999999,814.3864943939572,0.3965501346880337,9.669210750906903
29.23864601321251,0.7499999999999999,814.3864943939572,0.3965501346880337,9.669210750906903
29.456456671301716,0.7499999999999998,812.3912294121815,0.4056980825995502,9.669188070502136
29.733819977311764,0.749999999999999,815.283166491708,0.5266423426256968,9.695246569294431
30.06232359253706,0.7499999999999992,822.353505832677,0.44871573790630065,9.97267397063411
30.06232359253706,0.7499999999999992,822.353505832677,0.44871573790630065,9.97267397063411
29.044880746690193,0.7499999999999992,820.1929735636543,0.5044474877659028,9.899539266661288
29.652362387917517,0.7499999999999992,808.5908304158445,0.4565759818564093,9.741219115909445
29.621966549247357,0.749999999999999,806.792320930112,0.4006164413377492,9.934356206474249
28.973843125081736,0.7499999999999993,813.470921107517,0.38081725854663684,9.79357100950229
28.704304132702433,0.749999999999999,807.4236002674302,0.36347310665983645,9.736626188069454
28.704304132702433,0.749999999999999,807.4236002674302,0.36347310665983645,9.736626188069454
28.704304132702433,0.749999999999999,807.4236002674302,0.36347310665983645,9.736626188069454
29.638448344767717,0.7499999999999992,808.9237280824714,0.3867294945414865,9.794082188072704
29.638448344767717,0.7499999999999992,808.9237280824714,0.3867294945414865,9.794082188072704
29.995205553026064,0.7499999999999987,808.5559734582304,0.506687360018474,9.954978439300112
29.995205553026064,0.7499999999999987,808.5559734582304,0.506687360018474,9.954978439300112
30.178422655216,0.7499999999999999,805.5229708541438,0.3815581100455753,9.774185372371296
30.165507857460756,0.7499999999999998,809.537020914261,0.4944889309673144,9.868128514240453
30.822305919205608,0.7499999999999993,811.9124353184042,0.536965147338813,9.965697672818512
30.822305919205608,0.7499999999999993,811.9124353184042,0.536965147338813,9.965697672818512
30.822305919205608,0.7499999999999993,811.9124353184042,0.536965147338813,9.965697672818512
30.822305919205608,0.7499999999999993,811.9124353184042,0.536965147338813,9.965697672818512
30.86882197870903,0.749999999999999,812.6969540849818,0.46334836307648936,9.730664602730709
30.86882197870903,0.749999999999999,812.6969540849818,0.46334836307648936,9.730664602730709
30.699267993894683,0.7499999999999999,816.0007387997409,0.47446172805408,9.49196322131933
29.813966623667636,0.749999999999999,819.9250487856364,0.386216644875187,9.571706035274701
28.84061689909574,0.7499999999999981,818.5763749566653,0.3885770588367512,9.592673147670652
28.84061689909574,0.7499999999999981,818.5763749566653,0.3885770588367512,9.592673147670652
28.84061689909574,0.7499999999999981,818.5763749566653,0.3885770588367512,9.592673147670652
29.37112656686349,0.7499999999999993,806.1587346962174,0.36740025716047986,9.571115162361627
30.139500803665975,0.7499999999999999,810.065316868131,0.4993902406038831,10.078692790757549
29.845123576246678,0.7499999999999994,814.0581102542022,0.5788742900363746,9.850615725612911
30.30441888706299,0.7499999999999992,814.2038331325844,0.6149975778086256,9.841226698913735
30.504771977457338,0.7499999999999993,817.4019563059043,0.5464472050678992,9.80102148207259
30.504771977457338,0.7499999999999993,817.4019563059043,0.5464472050678992,9.80102148207259
29.648993595577565,0.7499999999999999,812.9510462752235,0.5472828271540836,9.756186029114497
29.648993595577565,0.7499999999999999,812.9510462752235,0.5472828271540836,9.756186029114497
29.648993595577565,0.7499999999999999,812.9510462752235,0.5472828271540836,9.756186029114497
28.670950110491166,0.7499999999999999,808.6339586281209,0.4559510464899017,9.571697641474476
29.150500675003734,0.7499999999999987,813.9283299581948,0.5452673906271769,9.766670647903528
28.951597937289595,0.7499999999999996,814.5322523720191,0.5123022317406246,9.755455112525478
28.51352145259899,0.749999999999999,809.8605268484284,0.4194229270616395,9.61376113407564
29.234311050684397,0.7499999999999988,818.1168571290216,0.542505953951327,9.770885351742454
29.53773065855403,0.7499999999999979,813.2762628562167,0.4194945654214582,9.687412683660535
29.53773065855403,0.7499999999999979,813.2762628562167,0.4194945654214582,9.687412683660535
28.887495402274638,0.7499999999999989,807.0266122818788,0.3910375257277358,9.659609385777845
29.43810367148031,0.7499999999999991,808.7332946395952,0.4366433221508939,9.870508074109765
29.805685779710117,0.7499999999999998,803.8030076477935,0.43466225487797483,9.723270542695573
30.45019079920839,0.7499999999999991,807.2693952712008,0.5702577067148322,9.894503787115607
30.45019079920839,0.7499999999999991,807.2693952712008,0.5702577067148322,9.894503787115607
30.45019079920839,0.7499999999999991,807.2693952712008,0.5702577067148322,9.894503787115607
30.45019079920839,0.7499999999999991,807.2693952712008,0.5702577067148322,9.894503787115607
30.45019079920839,0.7499999999999991,807.2693952712008,0.5702577067148322,9.894503787115607
30.45019079920839,0.7499999999999991,807.2693952712008,0.5702577067148322,9.894503787115607
29.44519525249554,0.7499999999999994,811.7278593493422,0.5432289980345353,9.688880820633852
28.480733723584976,0.7499999999999996,810.4239571545882,0.34503568097435067,9.682016822439191
28.480733723584976,0.7499999999999996,810.4239571545882,0.34503568097435067,9.682016822439191
28.480733723584976,0.7499999999999996,810.4239571545882,0.34503568097435067,9.682016822439191
29.295378873671556,0.7500000000000001,817.5565018384194,0.4018859819597981,9.670077220913296
29.25900143247976,0.749999999999998,826.7004905369259,0.45517114025106326,9.7775419067921
29.70660553108739,0.7499999999999997,816.4468257332527,0.3907916832489908,9.588455937691037
29.70660553108739,0.7499999999999997,816.4468257332527,0.3907916832489908,9.588455937691037
29.70660553108739,0.7499999999999997,816.4468257332527,0.3907916832489908,9.588455937691037
29.70660553108739,0.7499999999999997,816.4468257332527,0.3907916832489908,9.588455937691037
28.741177752630467,0.7499999999999996,813.9268437973342,0.3527418037882632,9.686573834943886
28.741177752630467,0.7499999999999996,813.9268437973342,0.3527418037882632,9.686573834943886
28.534258427101122,0.7499999999999997,812.3703111395115,0.37210564739293794,9.607724854270709
29.73479916134936,0.7499999999999982,813.5343902306505,0.40791982187213993,9.800422317307213
29.73479916134936,0.7499999999999982,813.5343902306505,0.40791982187213993,9.800422317307213
30.369891918740514,0.7499999999999994,814.4359474121203,0.5740721429165065,9.842460166236389
29.52196722767116,0.7499999999999992,821.2141615813532,0.5004631368688799,10.103310056138344
29.890196160832485,0.7499999999999997,815.6413535858582,0.4867816582385726,10.046447593892555
29.890196160832485,0.7499999999999997,815.6413535858582,0.4867816582385726,10.046447593892555
29.890196160832485,0.7499999999999997,815.6413535858582,0.4867816582385726,10.046447593892555
29.337796503172576,0.7499999999999992,817.1271548451019,0.5750844114960614,9.999021506991744
28.972767667870244,0.7499999999999992,819.1476489788104,0.45183887256140437,9.87622259642256
28.972767667870244,0.7499999999999992,819.1476489788104,0.45183887256140437,9.87622259642256
29.211254737360534,0.7499999999999963,818.5935824633583,0.510741416473797,9.739161983265546
28.5346733220952,0.7499999999999993,813.4544507958005,0.4117401694591367,9.653268278182065
30.491866268486763,0.7499999999999983,820.5473921993482,0.44961403217697005,9.750359529370694
30.50677946017004,0.7499999999999993,817.5313122725426,0.517510548841039,9.812495159954548
30.50677946017004,0.7499999999999993,817.5313122725426,0.517510548841039,9.812495159954548
28.77227160816624,0.7499999999999998,816.7319503154013,0.37706416655573727,9.577764042444192
30.153099955221016,0.7499999999999996,824.0298800746093,0.4434425231677466,9.724411820149509
30.97433192633749,0.7499999999999993,818.7403870169883,0.571975605921843,9.968571805552468
31.093170556354266,0.7499999999999987,814.4940932959337,0.5020676712631258,9.943235931647768
31.093170556354266,0.7499999999999987,814.4940932959337,0.5020676712631258,9.943235931647768
31.511492990272583,0.7499999999999996,810.5120331329348,0.4343681243702647,9.9979034978844
31.511492990272583,0.7499999999999996,810.5120331329348,0.4343681243702647,9.9979034978844
31.511492990272583,0.7499999999999996,810.5120331329348,0.4343681243702647,9.9979034978844
31.22104127678323,0.7499999999999994,815.6061872032501,0.476159191355807,9.916169876437436
31.906070133305658,0.7499999999999998,810.7680568179065,0.6522362574962022,9.782758345816054
31.996277477833726,0.7499999999999989,808.543890648195,0.5444207918483894,9.90095748643962
31.996277477833726,0.7499999999999989,808.543890648195,0.5444207918483894,9.90095748643962
30.756565178901752,0.7499999999999994,807.490848547679,0.46688020673028663,9.68036309939896
30.452848862670084,0.7499999999999996,810.94698948202,0.37268240685771153,9.77333202613561
30.119513307396293,0.7499999999999982,807.2242128476682,0.3882431969070807,9.708115774096473
30.119513307396293,0.7499999999999982,807.2242128476682,0.3882431969070807,9.708115774096473
30.119513307396293,0.7499999999999982,807.2242128476682,0.3882431969070807,9.708115774096473
30.119513307396293,0.7499999999999982,807.2242128476682,0.3882431969070807,9.708115774096473
29.91698629753481,0.7499999999999982,812.9850343874393,0.43784681061630276,9.81452868629892
30.106826865490536,0.7499999999999997,809.2109768535189,0.3850705533354209,9.608094043471093
30.106826865490536,0.7499999999999997,809.2109768535189,0.3850705533354209,9.608094043471093
30.767693729249093,0.749999999999998,810.2551129233851,0.4222322173805641,9.578277595493404
30.86160218306877,0.7499999999999996,801.2131257335793,0.3801984940050738,9.444231862599093
30.86160218306877,0.7499999999999996,801.2131257335793,0.3801984940050738,9.444231862599093
30.86160218306877,0.7499999999999996,801.2131257335793,0.3801984940050738,9.444231862599093
31.067790901803253,0.7499999999999981,795.1405012370807,0.3526279145554568,9.41998644884275
31.067790901803253,0.7499999999999981,795.1405012370807,0.3526279145554568,9.41998644884275
31.067790901803253,0.7499999999999981,795.1405012370807,0.3526279145554568,9.41998644884275
31.067790901803253,0.7499999999999981,795.1405012370807,0.3526279145554568,9.41998644884275
31.067790901803253,0.7499999999999981,795.1405012370807,0.3526279145554568,9.41998644884275
31.067790901803253,0.7499999999999981,795.1405012370807,0.3526279145554568,9.41998644884275
31.16296052694896,0.7499999999999994,800.0912123037156,0.37727302526556444,9.503442416294643
30.743027151155502,0.75,801.2413050128945,0.4214532996745734,9.57256430808749
30.743027151155502,0.75,801.2413050128945,0.4214532996745734,9.57256430808749
30.743027151155502,0.75,801.2413050128945,0.4214532996745734,9.57256430808749
30.50566233707759,0.7499999999999991,812.5732576570459,0.45533906189871054,9.753160171033667
31.65970451866928,0.7499999999999994,813.6179203235771,0.5467739449682728,9.840678321982661
31.48378707704213,0.7499999999999992,817.3486295555717,0.4624774986297039,9.992854627902101
30.597072666917704,0.75,814.7408417683683,0.4504278534818337,9.7872572983364
30.597072666917704,0.75,814.7408417683683,0.4504278534818337,9.7872572983364
30.727697122553007,0.7499999999999993,815.7161000653314,0.46174527756752715,9.82124780161775
30.199254171361325,0.7499999999999997,815.926004149256,0.39036255385156776,9.59432501538179
30.199254171361325,0.7499999999999997,815.926004149256,0.39036255385156776,9.59432501538179
30.583842947689106,0.7499999999999994,813.7246226965834,0.4541432096092092,9.563621818149901
30.583842947689106,0.7499999999999994,813.7246226965834,0.4541432096092092,9.563621818149901
30.583842947689106,0.7499999999999994,813.7246226965834,0.4541432096092092,9.563621818149901
30.583842947689106,0.7499999999999994,813.7246226965834,0.4541432096092092,9.563621818149901
29.85918880146289,0.7499999999999999,816.5939839014936,0.42471408595699583,9.524506481843854
30.692576599118006,0.7499999999999993,812.1138298410491,0.42128632838986396,9.653517066752022
30.404219716609628,0.7499999999999998,806.9426434188936,0.43551604639878266,9.501629288439648
30.33941439690619,0.7499999999999994,813.2013323299636,0.4361189145628544,9.478874513489504
29.74528992159583,0.7499999999999993,809.7531403264738,0.39504405253857355,9.447520871802277
30.64868601109741,0.7499999999999999,807.8546809976962,0.4616670475151558,9.543186935553711
30.663596665900968,0.7499999999999992,813.9836564842021,0.6658786667636455,9.850480448522806
30.663596665900968,0.7499999999999992,813.9836564842021,0.6658786667636455,9.850480448522806
30.595295928781333,0.7499999999999993,821.2259062623318,0.42385530632638463,9.756124951981283
30.377326156683306,0.7499999999999971,813.9830977376524,0.48252636159446965,9.771890725288696
30.377326156683306,0.7499999999999971,813.9830977376524,0.48252636159446965,9.771890725288696
30.377326156683306,0.7499999999999971,813.9830977376524,0.48252636159446965,9.771890725288696
30.377326156683306,0.7499999999999971,813.9830977376524,0.48252636159446965,9.771890725288696
30.377326156683306,0.7499999999999971,813.9830977376524,0.48252636159446965,9.771890725288696
30.377326156683306,0.7499999999999971,813.9830977376524,0.48252636159446965,9.771890725288696
30.377326156683306,0.7499999999999971,813.9830977376524,0.48252636159446965,9.771890725288696
30.715378106046334,0.7499999999999989,816.9359882877311,0.4331370425320712,9.83524516966331
29.9114686887664,0.7499999999999993,814.9165343867063,0.3862692871680447,9.614129233242892
29.149451498857182,0.7500000000000001,817.7126190432666,0.355015860476229,9.502195287784023
29.149451498857182,0.7500000000000001,817.7126190432666,0.355015860476229,9.502195287784023
29.149451498857182,0.7500000000000001,817.7126190432666,0.355015860476229,9.502195287784023
29.594106617945883,0.7499999999999983,814.662650929403,0.3853965529530779,9.579753070624346
29.594106617945883,0.7499999999999983,814.662650929403,0.3853965529530779,9.579753070624346
29.594106617945883,0.7499999999999983,814.662650929403,0.3853965529530779,9.579753070624346
29.896723365748525,0.75,814.4548712951563,0.4393484177121489,9.642422847555007
29.896723365748525,0.75,814.4548712951563,0.4393484177121489,9.642422847555007
29.896723365748525,0.75,814.4548712951563,0.4393484177121489,9.642422847555007
29.896723365748525,0.75,814.4548712951563,0.4393484177121489,9.642422847555007
29.896723365748525,0.75,814.4548712951563,0.4393484177121489,9.642422847555007
29.896723365748525,0.75,814.4548712951563,0.4393484177121489,9.642422847555007
29.896723365748525,0.75,814.4548712951563,0.4393484177121489,9.642422847555007
29.896723365748525,0.75,814.4548712951563,0.4393484177121489,9.642422847555007
29.896723365748525,0.75,814.4548712951563,0.4393484177121489,9.642422847555007
29.896723365748525,0.75,814.4548712951563,0.4393484177121489,9.642422847555007
29.896723365748525,0.75,814.4548712951563,0.4393484177121489,9.642422847555007
29.896723365748525,0.75,814.4548712951563,0.4393484177121489,9.642422847555007
30.08802664144862,0.749999999999999,810.9119684728876,0.37878153723684144,9.489677319888267
30.08802664144862,0.749999999999999,810.9119684728876,0.37878153723684144,9.489677319888267
30.903154762366366,0.7499999999999992,805.7502001355051,0.47861771219441684,9.64864608245976
30.903154762366366,0.7499999999999992,805.7502001355051,0.47861771219441684,9.64864608245976
30.448128554420126,0.749999999999999,813.9183288346034,0.4701378398428683,9.924821838687901
30.21948020724492,0.7499999999999993,819.9237011655254,0.44325160114523865,10.067539402676621
30.21948020724492,0.7499999999999993,819.9237011655254,0.44325160114523865,10.067539402676621
29.750819956666362,0.7499999999999984,814.362067543007,0.41269325816924674,9.903868137060096
29.5812219054492,0.7499999999999991,811.7886550970843,0.5330091268827406,9.868711190571165
29.5812219054492,0.7499999999999991,811.7886550970843,0.5330091268827406,9.868711190571165
28.78876580454137,0.75,810.3696708547757,0.43614409439140855,9.839269036269323
28.78876580454137,0.75,810.3696708547757,0.43614409439140855,9.839269036269323
28.78876580454137,0.75,810.3696708547757,0.43614409439140855,9.839269036269323
28.49599276048648,0.7499999999999984,815.3838483488452,0.4222492344307351,10.036482409604673
28.735808027804534,0.7499999999999999,826.724708551777,0.4551431606284955,10.307632012141088
29.450484945422723,0.7499999999999989,826.663131322381,0.43140584952903765,10.201562674048969
28.071121150541742,0.7499999999999991,830.1890255165703,0.442474036082939,10.237137579569941
29.43272311316087,0.7499999999999999,839.4436114746636,0.5190536937768552,10.614761495023075
29.550406152185875,0.7499999999999999,830.0013100867939,0.49574436548774026,10.24734918538934
29.034763476948637,0.7499999999999987,824.3225792791243,0.48316641805077065,10.181547316873155
29.034763476948637,0.7499999999999987,824.3225792791243,0.48316641805077065,10.181547316873155
28.980466713815733,0.7499999999999991,814.0621425183367,0.4525315506231354,9.968735968876484
29.833294510186416,0.7499999999999992,812.4836235422313,0.4851587413787296,9.920882419394271
28.548063909625416,0.7499999999999997,808.5265849952195,0.35231898351095736,9.749664888712962
29.16608196291888,0.7499999999999999,810.8025110889598,0.4121394503383744,9.722402308081978
30.455194049316336,0.7499999999999998,802.0496503009421,0.7054767789493933,9.672940426923239
30.455194049316336,0.7499999999999998,802.0496503009421,0.7054767789493933,9.672940426923239
29.53856978464919,0.7499999999999988,800.3478083563665,0.5100710750770752,9.722740410081958
30.456273728129762,0.7499999999999994,804.7420194640853,0.5137161738024524,9.832437015618495
32.011529115108345,0.7499999999999991,806.7742643188857,0.4773271467292659,9.817818990726929
30.818934482103057,0.7499999999999989,802.2055978903487,0.39161687129751127,9.496269547655189
30.68864548363589,0.7500000000000006,806.7688305408919,0.3937143273945448,9.44413557929902
30.68864548363589,0.7500000000000006,806.7688305408919,0.3937143273945448,9.44413557929902
30.68864548363589,0.7500000000000006,806.7688305408919,0.3937143273945448,9.44413557929902
29.441398190292972,0.7499999999999992,814.9387318458317,0.4007718711736292,9.384976395108518
29.441398190292972,0.7499999999999992,814.9387318458317,0.4007718711736292,9.384976395108518
29.441398190292972,0.7499999999999992,814.9387318458317,0.4007718711736292,9.384976395108518
29.10432268327168,0.7499999999999998,820.464588841792,0.35867253607604854,9.34275750314844
28.281186195529706,0.7499999999999996,826.311817813916,0.416076417771053,9.376771255834893
28.758962421573052,0.7499999999999988,822.6686457225754,0.4012634620601023,9.497764647668115
28.758962421573052,0.7499999999999988,822.6686457225754,0.4012634620601023,9.497764647668115
28.758962421573052,0.7499999999999988,822.6686457225754,0.4012634620601023,9.497764647668115
28.844126989957253,0.7499999999999988,819.1362353394347,0.44605249603025543,9.310511283204647
29.31863385660004,0.749999999999999,825.0495540294171,0.47194660244217157,9.69003388398607
29.142677622318047,0.7499999999999991,819.7883609965065,0.5138211144392365,9.64664961899945
29.142677622318047,0.7499999999999991,819.7883609965065,0.5138211144392365,9.64664961899945
29.416248900773716,0.7499999999999971,822.4490297393882,0.5748050394172289,9.673616096858604
29.26169272133308,0.75,813.1874542919337,0.39657007525969556,9.671505964210828
29.26169272133308,0.75,813.1874542919337,0.39657007525969556,9.671505964210828
29.162917508186208,0.7499999999999984,814.3019942782937,0.37741905395699277,9.554026998781557
29.162917508186208,0.7499999999999984,814.3019942782937,0.37741905395699277,9.554026998781557
29.162917508186208,0.7499999999999984,814.3019942782937,0.37741905395699277,9.554026998781557
29.162917508186208,0.7499999999999984,814.3019942782937,0.37741905395699277,9.554026998781557
29.928817357626574,0.7499999999999984,806.2399556256735,0.3881571002020698,9.500695126687173
30.314506207704493,0.7499999999999963,813.6113425657799,0.5369492717758367,9.77143158132795
29.782200400050183,0.7499999999999997,814.4995362753175,0.3934843847618168,9.59959323725056
29.782200400050183,0.7499999999999997,814.4995362753175,0.3934843847618168,9.59959323725056
29.782200400050183,0.7499999999999997,814.4995362753175,0.3934843847618168,9.59959323725056
30.070181725672043,0.7499999999999996,819.2526363428544,0.5708145687480808,9.797092944339775
30.070181725672043,0.7499999999999996,819.2526363428544,0.5708145687480808,9.797092944339775
29.0863858768603,0.7499999999999999,818.9029207488502,0.5260065820132214,9.72589234139841
28.34012233205376,0.7499999999999993,821.3541859169031,0.4075089610875234,9.74935033966847
28.029173518395005,0.7499999999999994,822.0154108746094,0.4618514026314783,9.843229560286767
28.029173518395005,0.7499999999999994,822.0154108746094,0.4618514026314783,9.843229560286767
28.029173518395005,0.7499999999999994,822.0154108746094,0.4618514026314783,9.843229560286767
28.846442891220413,0.7499999999999993,820.9367610292687,0.4480793454124744,9.78401777410339
28.68430495717338,0.7499999999999994,811.7143788351232,0.4407444612706872,9.57707872568383
29.838072648305232,0.7499999999999997,819.9378477680766,0.4677844149751652,9.693075282485685
29.87423791233926,0.7499999999999984,818.5261918684512,0.55992358496755,9.85150610227972
29.449763833400414,0.7499999999999996,818.4886221665148,0.5588226164608561,9.923328212243788
29.028044648323593,0.75,820.3110487655204,0.434332554935339,9.687039413131075
29.028044648323593,0.75,820.3110487655204,0.434332554935339,9.687039413131075
29.233937289343523,0.7499999999999989,816.826000891734,0.4350230797626261,9.738402526390235
29.992184489404032,0.75,806.4924766625137,0.3921058672760486,9.589182765238894
30.842055463402904,0.7499999999999996,803.5475841044099,0.3995274667120926,9.63752646187524
30.842055463402904,0.7499999999999996,803.5475841044099,0.3995274667120926,9.63752646187524
30.842055463402904,0.7499999999999996,803.5475841044099,0.3995274667120926,9.63752646187524
30.842055463402904,0.7499999999999996,803.5475841044099,0.3995274667120926,9.63752646187524
30.842055463402904,0.7499999999999996,803.5475841044099,0.3995274667120926,9.63752646187524
30.842055463402904,0.7499999999999996,803.5475841044099,0.3995274667120926,9.63752646187524
30.842055463402904,0.7499999999999996,803.5475841044099,0.3995274667120926,9.63752646187524
30.842055463402904,0.7499999999999996,803.5475841044099,0.3995274667120926,9.63752646187524
30.842055463402904,0.7499999999999996,803.5475841044099,0.3995274667120926,9.63752646187524
30.65908542127987,0.7499999999999993,802.2634867488812,0.5357513542959175,9.624457846293783
30.65908542127987,0.7499999999999993,802.2634867488812,0.5357513542959175,9.624457846293783
31.460716663479815,0.7499999999999992,802.9584513777347,0.5896018549661318,9.78598091931237
31.067456121262467,0.7499999999999983,794.8322972141182,0.4791371228025371,9.514548088190187
31.067456121262467,0.7499999999999983,794.8322972141182,0.4791371228025371,9.514548088190187
30.990823096922224,0.7499999999999996,805.1257425859018,0.4351647676476153,9.66188185579937
30.990823096922224,0.7499999999999996,805.1257425859018,0.4351647676476153,9.66188185579937
30.990823096922224,0.7499999999999996,805.1257425859018,0.4351647676476153,9.66188185579937
30.73924787381982,0.7499999999999996,808.9662585020234,0.36614440449939556,9.887392255975033
30.83033153775804,0.75,797.4489797029611,0.4051896995748115,9.839729067899118
30.482729301505092,0.7499999999999987,799.8294496084997,0.4419839535514837,9.921397511645399
30.482729301505092,0.7499999999999987,799.8294496084997,0.4419839535514837,9.921397511645399
30.482729301505092,0.7499999999999987,799.8294496084997,0.4419839535514837,9.921397511645399
30.067342897082813,0.7499999999999993,801.4499780323976,0.4402364635079274,9.564004384931422
30.537666723737374,0.7499999999999982,801.5821587473841,0.43649078118770585,9.672004729741673
30.537666723737374,0.7499999999999982,801.5821587473841,0.43649078118770585,9.672004729741673
30.537666723737374,0.7499999999999982,801.5821587473841,0.43649078118770585,9.672004729741673
30.812418916983184,0.7499999999999994,802.1006970345908,0.5321135795572847,9.986729245922385
29.013736078863342,0.7499999999999999,801.052065856261,0.3256867716700142,9.443210715459282
29.267506924038432,0.7499999999999992,804.7612701064419,0.3991524179007026,9.585466491582334
29.267506924038432,0.7499999999999992,804.7612701064419,0.3991524179007026,9.585466491582334
29.267506924038432,0.7499999999999992,804.7612701064419,0.3991524179007026,9.585466491582334
29.267506924038432,0.7499999999999992,804.7612701064419,0.3991524179007026,9.585466491582334
29.267506924038432,0.7499999999999992,804.7612701064419,0.3991524179007026,9.585466491582334
29.267506924038432,0.7499999999999992,804.7612701064419,0.3991524179007026,9.585466491582334
29.267506924038432,0.7499999999999992,804.7612701064419,0.3991524179007026,9.585466491582334
29.267506924038432,0.7499999999999992,804.7612701064419,0.3991524179007026,9.585466491582334
28.9611330279125,0.7499999999999998,799.0017520942104,0.38916751264272564,9.382411873385413
28.9611330279125,0.7499999999999998,799.0017520942104,0.38916751264272564,9.382411873385413
28.9611330279125,0.7499999999999998,799.0017520942104,0.38916751264272564,9.382411873385413
28.9611330279125,0.7499999999999998,799.0017520942104,0.38916751264272564,9.382411873385413
29.17164253321761,0.7499999999999987,806.063572100299,0.39423529557946513,9.50576430683173
29.716817420445263,0.7499999999999997,806.0561030685976,0.3540896012932329,9.383574021551315
29.82515560458008,0.75,806.7719405335517,0.43203105053738733,9.513243638079711
30.207933864789073,0.7499999999999984,802.8747928771874,0.3570702350070916,9.564444559111953
30.953719824691643,0.7499999999999992,806.9005363566408,0.3609832272161859,9.81904863408775
31.274831599770042,0.7499999999999991,813.1883405813342,0.43667674657527866,9.78337202811106
31.274831599770042,0.7499999999999991,813.1883405813342,0.43667674657527866,9.78337202811106
31.422147532100254,0.7499999999999993,813.6450229018668,0.4296071668260363,9.65138527864222
30.92513372486084,0.7499999999999996,816.2327212450929,0.5073317041589616,9.839552458012573
29.99254873644189,0.7500000000000009,815.6457800563153,0.5053744934875667,9.599346321631335
29.447645982811775,0.75,817.0313079144628,0.4460744436804583,9.546791994703222
29.871575466687265,0.7499999999999994,828.9867530580023,0.4384034747502441,9.663529673036237
29.15410846310183,0.7499999999999991,817.8716794096468,0.42595152534839736,9.752400942899872
30.459713818551773,0.7499999999999988,818.8481066902272,0.45872019858238844,9.83980432304738
30.31847643497773,0.7499999999999988,814.2155286150639,0.4118871650474173,9.80315225105178
29.851576290706934,0.7499999999999998,806.7905553075927,0.37139113468027446,9.617032805996184
29.851576290706934,0.7499999999999998,806.7905553075927,0.37139113468027446,9.617032805996184
29.851576290706934,0.7499999999999998,806.7905553075927,0.37139113468027446,9.617032805996184
29.851576290706934,0.7499999999999998,806.7905553075927,0.37139113468027446,9.617032805996184
29.851576290706934,0.7499999999999998,806.7905553075927,0.37139113468027446,9.617032805996184
29.851576290706934,0.7499999999999998,806.7905553075927,0.37139113468027446,9.617032805996184
30.01924094008589,0.7499999999999996,808.839128933779,0.41720105297910404,9.832125065637758
30.01924094008589,0.7499999999999996,808.839128933779,0.41720105297910404,9.832125065637758
30.01924094008589,0.7499999999999996,808.839128933779,0.41720105297910404,9.832125065637758
30.01924094008589,0.7499999999999996,808.839128933779,0.41720105297910404,9.832125065637758
30.01924094008589,0.7499999999999996,808.839128933779,0.41720105297910404,9.832125065637758
30.01924094008589,0.7499999999999996,808.839128933779,0.41720105297910404,9.832125065637758
29.44746429510502,0.7499999999999992,812.3579010495515,0.36405803360508204,9.705443364054085
29.44746429510502,0.7499999999999992,812.3579010495515,0.36405803360508204,9.705443364054085
29.44746429510502,0.7499999999999992,812.3579010495515,0.36405803360508204,9.705443364054085
29.32349272193919,0.7499999999999984,817.5254238741155,0.4439407449689015,9.88347431371211
28.734110697543898,0.749999999999999,814.4239111415118,0.37426068755677133,9.700505101881083
29.27543116617319,0.7499999999999984,818.7324522586779,0.40917678390041684,10.048079489395883
29.27543116617319,0.7499999999999984,818.7324522586779,0.40917678390041684,10.048079489395883
29.27543116617319,0.7499999999999984,818.7324522586779,0.40917678390041684,10.048079489395883
29.27543116617319,0.7499999999999984,818.7324522586779,0.40917678390041684,10.048079489395883
29.46036659361627,0.7499999999999992,821.8237989174453,0.4285940582780728,9.970361928820449
29.771272162953967,0.7499999999999998,820.6640871699793,0.46694072532986564,10.015567220875383
28.815921687707437,0.7499999999999986,816.0572016506286,0.4192302818424429,9.822720215646223
28.815921687707437,0.7499999999999986,816.0572016506286,0.4192302818424429,9.822720215646223
28.815921687707437,0.7499999999999986,816.0572016506286,0.4192302818424429,9.822720215646223
28.815921687707437,0.7499999999999986,816.0572016506286,0.4192302818424429,9.822720215646223
29.187960897085514,0.7499999999999997,822.1525511409855,0.4539421894218534,9.914153086512831
28.930870136879456,0.7499999999999997,820.0971219595428,0.5329730570873447,9.86245910120003
30.519901505697753,0.7499999999999974,815.6527809456782,0.4035746570730979,9.858726488794744
30.519901505697753,0.7499999999999974,815.6527809456782,0.4035746570730979,9.858726488794744
30.519901505697753,0.7499999999999974,815.6527809456782,0.4035746570730979,9.858726488794744
29.812776610866308,0.75,811.497788941058,0.4026073769137782,9.846001359942434
29.812776610866308,0.75,811.497788941058,0.4026073769137782,9.846001359942434
29.812776610866308,0.75,811.497788941058,0.4026073769137782,9.846001359942434
29.61576297197919,0.7499999999999998,813.3684487837845,0.48879352521817676,9.834865354598525
29.171353259986372,0.7499999999999994,807.9433044666249,0.3622562619366107,9.454026083924868
29.171353259986372,0.7499999999999994,807.9433044666249,0.3622562619366107,9.454026083924868
29.171353259986372,0.7499999999999994,807.9433044666249,0.3622562619366107,9.454026083924868
29.107552401588727,0.7499999999999996,817.5820732351146,0.4493570377926145,9.472394433047768
29.868242848241326,0.7499999999999963,814.0783519899626,0.6235198629374826,9.703018348130314
29.868242848241326,0.7499999999999963,814.0783519899626,0.6235198629374826,9.703018348130314
28.666305694871973,0.7499999999999996,809.6676446084962,0.3528698659722393,9.657035210036728
28.94099727702707,0.7499999999999997,805.9471762096732,0.3523612256847578,9.624907403357927
30.796634862597468,0.7499999999999996,811.88453147968,0.5086558376671283,9.795150475712504
30.528201569753367,0.7499999999999986,809.3683645452065,0.454250407018158,9.73273080782659
30.528201569753367,0.7499999999999986,809.3683645452065,0.454250407018158,9.73273080782659
30.00744098474992,0.7499999999999983,813.1846104915167,0.4514271083577326,9.83579702905622
29.8537409895858,0.7499999999999996,806.8254298032928,0.3822771462830322,9.686326692013854
29.8537409895858,0.7499999999999996,806.8254298032928,0.3822771462830322,9.686326692013854
29.8537409895858,0.7499999999999996,806.8254298032928,0.3822771462830322,9.686326692013854
31.036573045422802,0.7499999999999991,811.5492950841358,0.5081110993053272,9.848433800253286
30.007620776283666,0.7499999999999969,808.8431747391196,0.4645606999053555,9.741063684629214
30.43636052189038,0.7499999999999997,816.9837475852454,0.4778745931500191,9.95295393196109
30.67520385567852,0.7499999999999997,817.0047936856812,0.4638706859430663,9.948755788956197
30.093185383231113,0.7499999999999987,813.7253384297293,0.3464734039854719,9.811912374962901
30.093185383231113,0.7499999999999987,813.7253384297293,0.3464734039854719,9.811912374962901
29.75651496425959,0.7499999999999999,820.5085452510175,0.4050997939418272,9.915325289452634
29.75651496425959,0.7499999999999999,820.5085452510175,0.4050997939418272,9.915325289452634
29.75651496425959,0.7499999999999999,820.5085452510175,0.4050997939418272,9.915325289452634
30.70966725180918,0.7499999999999978,826.6900551795408,0.508863125173489,10.045884763257376
31.67484542847746,0.7499999999999999,818.8204180751613,0.5152265336630346,10.136528245347197
31.30703385034903,0.7499999999999993,816.2907847468555,0.4602068160134293,10.045579585706715
31.517185319399278,0.749999999999999,815.6964069252195,0.5355376376908598,10.019862413169966
30.901632654349566,0.7499999999999999,820.4045628165856,0.4430174778986235,10.069062255629792
29.870151287813066,0.7499999999999991,824.3468005218854,0.4822990010315169,9.921364825436843
29.870151287813066,0.7499999999999991,824.3468005218854,0.4822990010315169,9.921364825436843
29.96456741811582,0.7499999999999989,818.7325729424059,0.5447543601134387,10.015701315961511
29.96456741811582,0.7499999999999989,818.7325729424059,0.5447543601134387,10.015701315961511
29.783209363898063,0.7499999999999996,819.8219848340739,0.42650698521758673,10.134730803477485
29.783052647972724,0.7499999999999994,820.5723017275802,0.42314587770853285,9.958097486307036
29.783052647972724,0.7499999999999994,820.5723017275802,0.42314587770853285,9.958097486307036
29.783052647972724,0.7499999999999994,820.5723017275802,0.42314587770853285,9.958097486307036
29.82503640950132,0.7499999999999981,818.4083134426253,0.43863732659624854,9.876234633223913
29.49247229139212,0.7499999999999994,818.1116770135927,0.378541987587665,9.841137301036785
29.49247229139212,0.7499999999999994,818.1116770135927,0.378541987587665,9.841137301036785
29.49247229139212,0.7499999999999994,818.1116770135927,0.378541987587665,9.841137301036785
30.207656254834365,0.7499999999999996,818.022998458508,0.40748655980691556,9.78314082061928
30.42241245950929,0.7499999999999989,810.8013867311697,0.4045523052784509,9.616331006963287
30.482029878098515,0.7499999999999993,806.9440498072222,0.47171226664662164,9.662645668969173
30.94275810428762,0.7499999999999996,807.8289894109568,0.5012707153411345,9.682909103342329
29.65324667554632,0.749999999999999,807.7998902802972,0.4021527306775094,9.65114280558135
29.65324667554632,0.749999999999999,807.7998902802972,0.4021527306775094,9.65114280558135
29.135892518806955,0.7499999999999993,801.723113395069,0.3420570728430126,9.491675910600952
29.135892518806955,0.7499999999999993,801.723113395069,0.3420570728430126,9.491675910600952
29.135892518806955,0.7499999999999993,801.723113395069,0.3420570728430126,9.491675910600952
29.135892518806955,0.7499999999999993,801.723113395069,0.3420570728430126,9.491675910600952
29.057190769601487,0.7499999999999996,804.005992954204,0.3702766666330345,9.56939626785794
29.057190769601487,0.7499999999999996,804.005992954204,0.3702766666330345,9.56939626785794
29.057190769601487,0.7499999999999996,804.005992954204,0.3702766666330345,9.56939626785794
29.057190769601487,0.7499999999999996,804.005992954204,0.3702766666330345,9.56939626785794
29.057190769601487,0.7499999999999996,804.005992954204,0.3702766666330345,9.56939626785794
29.525529507289622,0.7499999999999996,809.5418287777121,0.3482361587754353,9.623862789533922
29.525529507289622,0.7499999999999996,809.5418287777121,0.3482361587754353,9.623862789533922
29.39517134155618,0.7499999999999982,814.4900783837722,0.4133747723634939,9.777788322752368
29.39517134155618,0.7499999999999982,814.4900783837722,0.4133747723634939,9.777788322752368
29.58274922007673,0.749999999999998,815.149106442738,0.4732967175271192,9.856652796815727
29.58274922007673,0.749999999999998,815.149106442738,0.4732967175271192,9.856652796815727
29.538628082395,0.7499999999999998,813.7027622032737,0.44324923842868397,9.708532048142592
29.520629682293485,0.7499999999999999,812.9179052252492,0.4749182326996434,9.675568031972784
29.442856139875143,0.7499999999999992,809.3854785040144,0.37092606475950235,9.534302336529478
29.822715352602273,0.7500000000000001,806.4741185666002,0.4081500176489184,9.68687346166692
29.822715352602273,0.7500000000000001,806.4741185666002,0.4081500176489184,9.68687346166692
29.908510247582388,0.7499999999999998,812.562984674934,0.3908471158854829,9.70699099100795
29.908510247582388,0.7499999999999998,812.562984674934,0.3908471158854829,9.70699099100795
29.908510247582388,0.7499999999999998,812.562984674934,0.3908471158854829,9.70699099100795
29.908510247582388,0.7499999999999998,812.562984674934,0.3908471158854829,9.70699099100795
29.611364180685417,0.7499999999999993,812.7829891238356,0.48585616956245653,9.945202284703083
29.611364180685417,0.7499999999999993,812.7829891238356,0.48585616956245653,9.945202284703083
28.386261270673884,0.7499999999999998,817.993280552804,0.4304149414766902,9.759985738185074
28.386261270673884,0.7499999999999998,817.993280552804,0.4304149414766902,9.759985738185074
30.15699075417692,0.7499999999999994,811.8622191873583,0.5063225028966054,9.616759933847735
30.308640185550125,0.7499999999999993,813.6860161209751,0.4793963216383134,9.838170806041754
31.02206337634314,0.7499999999999996,817.4554912468634,0.6037513108027375,10.071183193148466
29.476276961845368,0.7499999999999991,811.6587638793249,0.4453988175659479,9.761156678574107
29.884274718823974,0.7500000000000001,814.6953274958965,0.4687610237748717,9.688586656843833
30.448203887961128,0.7499999999999996,816.6100466539006,0.5137053923535011,9.634092737557523
30.448203887961128,0.7499999999999996,816.6100466539006,0.5137053923535011,9.634092737557523
31.248301118865093,0.7499999999999988,812.7727558895308,0.4564274050841944,9.862956128921184
31.248301118865093,0.7499999999999988,812.7727558895308,0.4564274050841944,9.862956128921184
29.69649712758527,0.7499999999999976,815.070274264965,0.42757914722247636,9.694436823315417
29.69649712758527,0.7499999999999976,815.070274264965,0.42757914722247636,9.694436823315417
29.298232800742376,0.7499999999999998,817.6862484711321,0.44348522946258434,9.658730772640919
29.843525773326235,0.7499999999999994,811.6947390198112,0.3958101549856457,9.583630090229784
29.843525773326235,0.7499999999999994,811.6947390198112,0.3958101549856457,9.583630090229784
29.843525773326235,0.7499999999999994,811.6947390198112,0.3958101549856457,9.583630090229784
30.430605603783185,0.7499999999999991,810.8213880479619,0.3731879784691188,9.508111538381325
29.84269035561044,0.749999999999999,815.4554472726775,0.4577677186502104,9.687356622004524
29.84269035561044,0.749999999999999,815.4554472726775,0.4577677186502104,9.687356622004524
29.792923410297277,0.7499999999999994,810.5193949605415,0.3880019479324054,9.725819528293673
30.255824272552328,0.7499999999999991,812.4768064408241,0.4017862008040053,9.895631459486102
30.994622680555757,0.7499999999999993,808.9394376153264,0.39869390734330096,9.77826485364939
30.20634542876062,0.7500000000000001,812.3394038290156,0.4357754475365229,9.895950705063205
30.89987357979749,0.7500000000000002,811.2981488629152,0.4753458573183256,9.852552044790093
29.335294753342147,0.7499999999999993,809.4156296457855,0.3570576678812534,9.475988697543846
29.335294753342147,0.7499999999999993,809.4156296457855,0.3570576678812534,9.475988697543846
29.335294753342147,0.7499999999999993,809.4156296457855,0.3570576678812534,9.475988697543846
29.335294753342147,0.7499999999999993,809.4156296457855,0.3570576678812534,9.475988697543846
29.742671713999353,0.7499999999999994,804.6442620592335,0.37748902892304254,9.563491854095222
30.648408798350626,0.7499999999999993,799.4755899341204,0.4114513522060636,9.65537562642491
29.931907529355406,0.7499999999999994,799.5040270234045,0.3411503750450188,9.53704668014112
30.857504286187073,0.7499999999999998,804.5062935079782,0.36735453402485674,9.680708272553911
30.75537087532963,0.7499999999999998,802.5889356785257,0.39819073373233355,9.543305692892043
30.75537087532963,0.7499999999999998,802.5889356785257,0.39819073373233355,9.543305692892043
30.75537087532963,0.7499999999999998,802.5889356785257,0.39819073373233355,9.543305692892043
30.75537087532963,0.7499999999999998,802.5889356785257,0.39819073373233355,9.543305692892043
29.81489706159141,0.75,809.9388969673965,0.4751023089667692,9.664491420968222
30.011479178261194,0.75,828.280051177722,0.5967563276551172,9.727618401409426
29.87697655204724,0.7499999999999996,820.1527156886968,0.6442867330436652,9.805433606841527
31.087777209703894,0.7499999999999996,813.5367474408214,0.525950174898762,10.041492030953084
31.087777209703894,0.7499999999999996,813.5367474408214,0.525950174898762,10.041492030953084
31.27541068095638,0.7499999999999979,811.0079008226069,0.5555401952323765,9.843001112116756
31.27541068095638,0.7499999999999979,811.0079008226069,0.5555401952323765,9.843001112116756
31.638268359812372,0.7499999999999991,815.9729208774181,0.5690844008357387,9.821357673650883
32.684941494179355,0.7499999999999987,817.092433392326,0.4900263909939572,9.772131692488605
31.034172323997485,0.7499999999999998,805.7586559678416,0.5397371597295424,9.549456408957894
31.034172323997485,0.7499999999999998,805.7586559678416,0.5397371597295424,9.549456408957894
31.034172323997485,0.7499999999999998,805.7586559678416,0.5397371597295424,9.549456408957894
31.034172323997485,0.7499999999999998,805.7586559678416,0.5397371597295424,9.549456408957894
29.906917777544393,0.7499999999999984,801.9817251039749,0.4630231881250068,9.359239031613154
29.768724379411154,0.7499999999999996,799.7450453359305,0.3875180840494535,9.37232412089223
29.768724379411154,0.7499999999999996,799.7450453359305,0.3875180840494535,9.37232412089223
29.768724379411154,0.7499999999999996,799.7450453359305,0.3875180840494535,9.37232412089223
29.768724379411154,0.7499999999999996,799.7450453359305,0.3875180840494535,9.37232412089223
29.768724379411154,0.7499999999999996,799.7450453359305,0.3875180840494535,9.37232412089223
29.768724379411154,0.7499999999999996,799.7450453359305,0.3875180840494535,9.37232412089223
29.768724379411154,0.7499999999999996,799.7450453359305,0.3875180840494535,9.37232412089223
29.768724379411154,0.7499999999999996,799.7450453359305,0.3875180840494535,9.37232412089223
29.768724379411154,0.7499999999999996,799.7450453359305,0.3875180840494535,9.37232412089223
29.768724379411154,0.7499999999999996,799.7450453359305,0.3875180840494535,9.37232412089223
29.768724379411154,0.7499999999999996,799.7450453359305,0.3875180840494535,9.37232412089223
30.004884612030597,0.7499999999999991,802.4180142921541,0.385743129763533,9.343110980374979
30.004884612030597,0.7499999999999991,802.4180142921541,0.385743129763533,9.343110980374979
30.809726037844925,0.7499999999999998,804.5611869657391,0.4011740561669134,9.399319054789464
30.809726037844925,0.7499999999999998,804.5611869657391,0.4011740561669134,9.399319054789464
31.106494580847812,0.7499999999999994,806.0367743199463,0.465188173734405,9.607055347488895
31.106494580847812,0.7499999999999994,806.0367743199463,0.465188173734405,9.607055347488895
31.106494580847812,0.7499999999999994,806.0367743199463,0.465188173734405,9.607055347488895
29.95605875736808,0.7499999999999999,811.3130287299557,0.5270528838736112,9.440387294775272
29.95605875736808,0.7499999999999999,811.3130287299557,0.5270528838736112,9.440387294775272
30.1722419611362,0.7499999999999996,811.60206572798,0.522590705514392,9.43233059406246
29.649854015205516,0.75,812.8544415451968,0.3956095296422841,9.516854883568692
28.97175007975025,0.7499999999999989,814.7605488069239,0.39135796277703505,9.714570246752473
29.11406219743769,0.7500000000000001,816.8359314647124,0.3905899350608287,9.660971106522476
29.077915898747573,0.7499999999999993,826.2465915699498,0.40437137778709425,9.85972494673905
29.077915898747573,0.7499999999999993,826.2465915699498,0.40437137778709425,9.85972494673905
30.304063792985588,0.7499999999999996,817.9082638916815,0.45497659013578307,9.704555638108726
30.925213395530083,0.749999999999998,823.5681213301024,0.44870469562051196,9.756158124819475
30.086426293624918,0.7499999999999986,824.7496575054586,0.40706952416184394,9.712707942086254
30.170644399776485,0.7499999999999991,821.19734019879,0.4186785938787585,9.812146238336812
29.090726290789565,0.749999999999999,813.939400124563,0.40851735729615496,9.495223825048019
28.828676266699404,0.7499999999999997,817.5297012703634,0.4784441312962737,9.575882989073595
28.392772155773006,0.7499999999999986,815.6104828184571,0.39976223566275026,9.48295270179834
29.952458127618513,0.7499999999999986,819.7053535793656,0.4625332845682203,9.637046806745133
30.235537858399674,0.7499999999999994,820.7815374018533,0.43175119120739824,9.836063120777581
29.78742951815693,0.7500000000000001,814.07382306113,0.3935647175938247,9.670517936313683
29.78742951815693,0.7500000000000001,814.07382306113,0.3935647175938247,9.670517936313683
29.77827206241765,0.75,813.4141506023796,0.4172911467409699,9.605114826242456
29.77827206241765,0.75,813.4141506023796,0.4172911467409699,9.605114826242456
29.902973150101996,0.7499999999999996,815.6758098940145,0.3919633390533508,9.745787312735155
31.335443463868142,0.7499999999999989,812.6061455330967,0.4671869000534489,10.025743049730087
30.74189747430866,0.7499999999999998,814.7286023647362,0.4992793833660635,9.961432975010272
30.74189747430866,0.7499999999999998,814.7286023647362,0.4992793833660635,9.961432975010272
31.0288605471924,0.7499999999999972,813.3428407366432,0.6173183890242704,9.95645110478253
31.860002540286665,0.7499999999999991,814.2232250865109,0.6450231078485448,9.935129559936296
31.860002540286665,0.7499999999999991,814.2232250865109,0.6450231078485448,9.935129559936296
30.150612807431166,0.749999999999998,818.6793663703555,0.47833251626668055,9.992953666595131
30.23982931674259,0.7499999999999991,811.1775596021631,0.4780038248980883,9.798289638451811
30.23982931674259,0.7499999999999991,811.1775596021631,0.4780038248980883,9.798289638451811
30.23982931674259,0.7499999999999991,811.1775596021631,0.4780038248980883,9.798289638451811
30.271189204659684,0.7499999999999994,811.299458020081,0.4930188266652098,9.936883431721753
31.367105846800925,0.7499999999999976,806.7604439852375,0.5217772730025806,9.953266115618476
32.48150565580202,0.7499999999999993,805.7254051077954,0.5236475601130733,10.04263687520097
32.48150565580202,0.7499999999999993,805.7254051077954,0.5236475601130733,10.04263687520097
32.48150565580202,0.7499999999999993,805.7254051077954,0.5236475601130733,10.04263687520097
32.48150565580202,0.7499999999999993,805.7254051077954,0.5236475601130733,10.04263687520097
32.48150565580202,0.7499999999999993,805.7254051077954,0.5236475601130733,10.04263687520097
32.48150565580202,0.7499999999999993,805.7254051077954,0.5236475601130733,10.04263687520097
32.48150565580202,0.7499999999999993,805.7254051077954,0.5236475601130733,10.04263687520097
31.166406113987094,0.7499999999999996,806.1420359195886,0.5293851679251577,9.770906044050133
31.166406113987094,0.7499999999999996,806.1420359195886,0.5293851679251577,9.770906044050133
31.166406113987094,0.7499999999999996,806.1420359195886,0.5293851679251577,9.770906044050133
31.057125886125306,0.7499999999999994,810.6908864373929,0.4800469304549928,9.831927811962672
31.057125886125306,0.7499999999999994,810.6908864373929,0.4800469304549928,9.831927811962672
30.520707465914754,0.7499999999999997,808.6695475148603,0.49783407687626235,9.961071858905367
30.632201005231142,0.75,809.6490605981838,0.47361955372326114,10.07909950462115
30.632201005231142,0.75,809.6490605981838,0.47361955372326114,10.07909950462115
30.894164981762138,0.7499999999999994,813.0891984979862,0.5982182683300663,10.103353397787131
31.061433158788702,0.7499999999999994,816.8490630196331,0.44331878332489855,10.043999808138352
31.22785160839472,0.7499999999999994,812.7258332021668,0.4450736719451699,9.98304517462378
31.79251613373592,0.7499999999999994,814.6960813327437,0.5642365202862678,10.02668594515564
31.79251613373592,0.7499999999999994,814.6960813327437,0.5642365202862678,10.02668594515564
31.242055314157852,0.7499999999999999,808.7213903318046,0.5439602819714768,10.02245578116962
30.300981741735384,0.7499999999999992,807.7733242722758,0.48137281808478627,9.780270692094295
30.465102556330304,0.7499999999999977,818.5382952805951,0.5403192487044138,10.030674373331356
30.465102556330304,0.7499999999999977,818.5382952805951,0.5403192487044138,10.030674373331356
30.492175260180552,0.7499999999999992,815.9206436592235,0.5243391690106365,9.841294898755056
29.12141911594714,0.7499999999999997,815.9382859834935,0.3815860427455952,9.799322496942318
29.832174887093895,0.7499999999999989,814.1932691728132,0.44201490442823727,9.884851356159022
29.940281432554677,0.7499999999999992,817.7452155475382,0.48452614889120266,9.822266079535382
28.31783787555075,0.7500000000000001,818.639073949648,0.4010307479882435,9.803627367889828
28.259376684471622,0.75,812.2099854124335,0.3973429092347471,9.629186983496785
27.38196568883735,0.7499999999999999,817.3162956133441,0.3622861498930233,9.700279293116605
28.2358507843631,0.7499999999999992,820.2705901840184,0.3887412157056864,9.710238051706549
27.634626485630974,0.7499999999999996,820.1466197888828,0.34781243502206577,9.682408781009574
28.39175037831015,0.7499999999999998,833.8042000918783,0.5782383205248859,9.871957086228807
28.39175037831015,0.7499999999999998,833.8042000918783,0.5782383205248859,9.871957086228807
28.39175037831015,0.7499999999999998,833.8042000918783,0.5782383205248859,9.871957086228807
27.81646698727815,0.7499999999999986,831.4447771342557,0.42112956629078185,9.959851048495821
27.711419960187733,0.7499999999999992,822.3388972652007,0.3972098322776232,9.874722848419015
28.06732910821761,0.7499999999999991,810.3560821245774,0.44236186067219607,9.789127946214341
28.552940331013247,0.7499999999999986,816.8864850780662,0.44788878501791546,9.715278277517651
29.028993762655684,0.7499999999999986,815.1073531892791,0.34414811101170484,9.685237515132897
29.275819306713657,0.7499999999999997,812.2654712202357,0.36141136848505573,9.786520597260127
29.2095374019931,0.7499999999999991,812.394791782042,0.4248613034814486,9.670521088443568
29.25037933020118,0.7499999999999989,807.4723971251179,0.2955523799194479,9.449230788624854
29.2556161912287,0.7499999999999997,811.5406157901236,0.29385365920981515,9.463226375207018
30.3805515639851,0.75,804.817823797978,0.5273229116741862,9.580241705986632
29.441220717732172,0.7499999999999999,798.7202580795818,0.3776899904494041,9.439887310117063
29.441220717732172,0.7499999999999999,798.7202580795818,0.3776899904494041,9.439887310117063
29.82705704559715,0.7499999999999994,804.3277315642066,0.525840830164518,9.476098937328624
29.77089418206476,0.7499999999999994,802.1987701790916,0.3837730768542309,9.355128678577254
29.77089418206476,0.7499999999999994,802.1987701790916,0.3837730768542309,9.355128678577254
30.096048022320716,0.7499999999999997,803.4300083211914,0.63199832119337,9.453207104906786
30.096048022320716,0.7499999999999997,803.4300083211914,0.63199832119337,9.453207104906786
29.987537244903933,0.7499999999999999,811.920318025836,0.4893494546302732,9.61386541927438
29.987537244903933,0.7499999999999999,811.920318025836,0.4893494546302732,9.61386541927438
29.987537244903933,0.7499999999999999,811.920318025836,0.4893494546302732,9.61386541927438
31.799725292174898,0.7499999999999994,819.5728138686508,0.5952612278116083,9.933632890340522
30.703020408765887,0.75,807.6575673750256,0.5640052211173997,9.866420861259567
30.703020408765887,0.75,807.6575673750256,0.5640052211173997,9.866420861259567
30.534448640492325,0.7499999999999993,812.2288199124232,0.5088189828900953,9.69276766326253
29.652435611622693,0.749999999999997,796.8687324053889,0.47040789186011356,9.498540321474783
29.652435611622693,0.749999999999997,796.8687324053889,0.47040789186011356,9.498540321474783
29.652435611622693,0.749999999999997,796.8687324053889,0.47040789186011356,9.498540321474783
29.713165019652372,0.7499999999999997,801.4898264819707,0.4751077342910963,9.565316474899339
30.490951668306902,0.7499999999999992,812.8714194545782,0.41835059397844004,9.625978383175285
30.820854495141575,0.7499999999999998,816.3080671959165,0.558019349498793,9.954287692855814
30.02719515313354,0.7499999999999983,811.0437219554381,0.44613194870861417,9.81966194299154
30.02719515313354,0.7499999999999983,811.0437219554381,0.44613194870861417,9.81966194299154
30.02719515313354,0.7499999999999983,811.0437219554381,0.44613194870861417,9.81966194299154
30.089878971504636,0.7499999999999991,804.4683240741629,0.4019010097107876,9.753653972593582
30.089878971504636,0.7499999999999991,804.4683240741629,0.4019010097107876,9.753653972593582
30.278589652263328,0.7499999999999989,811.2320677343454,0.5063162998658417,9.811841813167131
29.889367804205488,0.7499999999999989,812.2822823237401,0.4859359650132905,9.81860439127862
29.889367804205488,0.7499999999999989,812.2822823237401,0.4859359650132905,9.81860439127862
29.924586265875504,0.75,817.4413942309144,0.4053562108851806,9.790323809281933
29.924586265875504,0.75,817.4413942309144,0.4053562108851806,9.790323809281933
29.924586265875504,0.75,817.4413942309144,0.4053562108851806,9.790323809281933
29.924586265875504,0.75,817.4413942309144,0.4053562108851806,9.790323809281933
29.924586265875504,0.75,817.4413942309144,0.4053562108851806,9.790323809281933
29.76909481458416,0.7499999999999983,819.3775547951702,0.5174050483383607,9.717008086859186
29.76909481458416,0.7499999999999983,819.3775547951702,0.5174050483383607,9.717008086859186
29.000231155130795,0.75,816.3783372690377,0.3769100170870382,9.681281296751715
29.000231155130795,0.75,816.3783372690377,0.3769100170870382,9.681281296751715
29.000231155130795,0.75,816.3783372690377,0.3769100170870382,9.681281296751715
28.24153153397768,0.749999999999999,816.8044684995004,0.4349069886894488,9.809800327403403
28.85649437022835,0.7499999999999987,813.0262843017686,0.455900523834889,9.689328361400765
28.392919774031107,0.7499999999999998,806.3179642998678,0.29712727220086443,9.441000923364058
29.408149510910693,0.7499999999999992,808.7475777217151,0.42901532340296306,9.63422051933055
29.408149510910693,0.7499999999999992,808.7475777217151,0.42901532340296306,9.63422051933055
29.486652201973722,0.7499999999999991,813.3152844866372,0.40293925192355606,9.655369881853417
29.460227227715905,0.7499999999999992,818.1765270936254,0.48601577895666714,9.726848828854894
29.460227227715905,0.7499999999999992,818.1765270936254,0.48601577895666714,9.726848828854894
29.460227227715905,0.7499999999999992,818.1765270936254,0.48601577895666714,9.726848828854894
29.460227227715905,0.7499999999999992,818.1765270936254,0.48601577895666714,9.726848828854894
28.939624594777897,0.7499999999999989,816.8578418924352,0.44924467826648784,9.903418400272107
30.203051219726703,0.7499999999999992,821.0918240737419,0.4132886587527984,9.822315059605051
30.203051219726703,0.7499999999999992,821.0918240737419,0.4132886587527984,9.822315059605051
29.59398812304582,0.7499999999999986,824.6039724690867,0.5197630519651335,9.81872540241612
30.14374121023751,0.7499999999999996,825.5570715815894,0.4513983726661518,9.62277267657359
29.521411115354063,0.7499999999999994,821.4620307542322,0.5300279745205342,9.703798174301815
28.868440715539005,0.7499999999999996,816.3137526936586,0.3818738243713959,9.675608781739712
28.53975085798045,0.7499999999999993,820.462404325649,0.4017384570091229,9.759725768610414
28.53975085798045,0.7499999999999993,820.462404325649,0.4017384570091229,9.759725768610414
28.53975085798045,0.7499999999999993,820.462404325649,0.4017384570091229,9.759725768610414
28.53975085798045,0.7499999999999993,820.462404325649,0.4017384570091229,9.759725768610414
27.771351936591312,0.7499999999999984,815.7185277705172,0.3935696516126388,9.627246054231742
28.00205166472686,0.7499999999999993,814.8713260664575,0.43321319620591997,9.522846203811312
28.00205166472686,0.7499999999999993,814.8713260664575,0.43321319620591997,9.522846203811312
28.3614080411118,0.7499999999999999,817.980528147338,0.5074212627551602,9.49015905466766
28.3614080411118,0.7499999999999999,817.980528147338,0.5074212627551602,9.49015905466766
29.308192102036717,0.7499999999999994,818.9788802177644,0.4002561527952773,9.60541258096867
29.114418140399312,0.7499999999999994,824.6736410847989,0.4539094510309736,9.712831714361124
28.755588550483875,0.7499999999999996,819.266913468065,0.41819639622791277,9.619515101741152
28.80792375502672,0.75,820.8503884042583,0.44577515162479386,9.467497153985814
28.80792375502672,0.75,820.8503884042583,0.44577515162479386,9.467497153985814
28.80792375502672,0.75,820.8503884042583,0.44577515162479386,9.467497153985814
28.80792375502672,0.75,820.8503884042583,0.44577515162479386,9.467497153985814
28.80792375502672,0.75,820.8503884042583,0.44577515162479386,9.467497153985814
28.93785746531453,0.7499999999999991,818.3462060051297,0.49657274337049784,9.56033085506335
28.992483906663505,0.7499999999999992,823.7724976146594,0.43065165613791573,9.524004151055347
28.992483906663505,0.7499999999999992,823.7724976146594,0.43065165613791573,9.524004151055347
28.44828790347166,0.7499999999999992,828.1115014307989,0.4054771526262237,9.468594397858283
28.14420949363017,0.7499999999999993,824.9186880077543,0.46434216109915755,9.561299315322907
29.1711959960445,0.7499999999999994,819.4071099994005,0.42957301979863766,9.562378717206418
29.456680864854825,0.7499999999999991,819.7086673106704,0.4048206001594536,9.525963902206948
29.456680864854825,0.7499999999999991,819.7086673106704,0.4048206001594536,9.525963902206948
29.456680864854825,0.7499999999999991,819.7086673106704,0.4048206001594536,9.525963902206948
30.423304929734716,0.7499999999999987,807.9724096949653,0.3803910288754617,9.479481993003372
30.423304929734716,0.7499999999999987,807.9724096949653,0.3803910288754617,9.479481993003372
30.423304929734716,0.7499999999999987,807.9724096949653,0.3803910288754617,9.479481993003372
30.423304929734716,0.7499999999999987,807.9724096949653,0.3803910288754617,9.479481993003372
31.27546487558169,0.75,810.7579460710662,0.4412617162582529,9.71475728037041
31.27546487558169,0.75,810.7579460710662,0.4412617162582529,9.71475728037041
31.27546487558169,0.75,810.7579460710662,0.4412617162582529,9.71475728037041
31.27546487558169,0.75,810.7579460710662,0.4412617162582529,9.71475728037041
31.616925411672756,0.7499999999999998,811.9692159792183,0.4384975680155357,9.846156945366047
30.246137235517182,0.7499999999999994,802.9538182879517,0.43531835441745337,9.622525849454238
30.246137235517182,0.7499999999999994,802.9538182879517,0.43531835441745337,9.622525849454238
30.246137235517182,0.7499999999999994,802.9538182879517,0.43531835441745337,9.622525849454238
30.246137235517182,0.7499999999999994,802.9538182879517,0.43531835441745337,9.622525849454238
30.246137235517182,0.7499999999999994,802.9538182879517,0.43531835441745337,9.622525849454238
30.246137235517182,0.7499999999999994,802.9538182879517,0.43531835441745337,9.622525849454238
30.246137235517182,0.7499999999999994,802.9538182879517,0.43531835441745337,9.622525849454238
29.931694821158175,0.7499999999999991,806.9060078427241,0.43351072264769064,9.497484329260043
29.931694821158175,0.7499999999999991,806.9060078427241,0.43351072264769064,9.497484329260043
29.931694821158175,0.7499999999999991,806.9060078427241,0.43351072264769064,9.497484329260043
29.931694821158175,0.7499999999999991,806.9060078427241,0.43351072264769064,9.497484329260043
30.34173777949485,0.7499999999999999,809.5656338341053,0.4208664159189574,9.681622382911154
29.877787063687187,0.7499999999999996,811.6882743453233,0.37685831481882737,9.439137513224773
29.81525095899545,0.749999999999999,808.7256416814919,0.41742947824242904,9.767012838184794
29.81525095899545,0.749999999999999,808.7256416814919,0.41742947824242904,9.767012838184794
30.19914068686198,0.7499999999999987,812.5225078343697,0.4302554812602859,9.70016984529035
29.43291977878864,0.7499999999999993,806.0650912397616,0.33354832300229975,9.517240932774664
29.408236981882887,0.75,808.4033807669377,0.3395061343483942,9.49009969423513
29.408236981882887,0.75,808.4033807669377,0.3395061343483942,9.49009969423513
29.408236981882887,0.75,808.4033807669377,0.3395061343483942,9.49009969423513
29.408236981882887,0.75,808.4033807669377,0.3395061343483942,9.49009969423513
29.408236981882887,0.75,808.4033807669377,0.3395061343483942,9.49009969423513
29.889027161394157,0.7499999999999996,801.4098365189211,0.34858122283933823,9.407199156638615
29.889027161394157,0.7499999999999996,801.4098365189211,0.34858122283933823,9.407199156638615
29.889027161394157,0.7499999999999996,801.4098365189211,0.34858122283933823,9.407199156638615
29.889027161394157,0.7499999999999996,801.4098365189211,0.34858122283933823,9.407199156638615
29.889027161394157,0.7499999999999996,801.4098365189211,0.34858122283933823,9.407199156638615
29.889027161394157,0.7499999999999996,801.4098365189211,0.34858122283933823,9.407199156638615
29.889027161394157,0.7499999999999996,801.4098365189211,0.34858122283933823,9.407199156638615
29.889027161394157,0.7499999999999996,801.4098365189211,0.34858122283933823,9.407199156638615
29.889027161394157,0.7499999999999996,801.4098365189211,0.34858122283933823,9.407199156638615
29.889027161394157,0.7499999999999996,801.4098365189211,0.34858122283933823,9.407199156638615
29.83108406473242,0.7499999999999996,809.6580645239146,0.43499757675666695,9.55744722347686
30.29477081268304,0.7499999999999984,816.0934454153921,0.4366085082739005,9.835436536534678
30.393598851793687,0.7499999999999996,810.3905838628486,0.43785524179941027,9.821687768732838
30.98769663412664,0.7499999999999991,812.4196213189582,0.49121897997750397,9.997146479626934
29.860445218039576,0.7499999999999999,806.8307168454874,0.3931262645063495,9.895433618332621
29.21905493219757,0.7499999999999999,814.9113257133091,0.39705042517080374,9.938664013490072
29.901619585014867,0.7500000000000002,809.9859610585667,0.39679578095481444,9.97660678225478
29.217418226424098,0.7499999999999993,807.6741999959308,0.3221701815397007,9.680883072916208
29.217418226424098,0.7499999999999993,807.6741999959308,0.3221701815397007,9.680883072916208
29.418720919184153,0.749999999999999,814.4681920631135,0.4070726823099347,9.825044602946997
28.658008635435753,0.7499999999999991,810.4172264255556,0.3715675556687089,9.814133725062408
28.87452512789346,0.7499999999999996,815.066181154927,0.411222789211606,9.869559873248614
28.87452512789346,0.7499999999999996,815.066181154927,0.411222789211606,9.869559873248614
29.670688782486216,0.7499999999999999,813.1357359959873,0.43635116324523,9.782632335959828
29.311657009599905,0.749999999999998,813.8875286807177,0.5030112854281996,9.789014542223791
29.311657009599905,0.749999999999998,813.8875286807177,0.5030112854281996,9.789014542223791
29.311657009599905,0.749999999999998,813.8875286807177,0.5030112854281996,9.789014542223791
29.67748557504627,0.7499999999999982,815.467315036839,0.4753674434228216,9.968628297945022
28.677499487754655,0.7499999999999994,817.6410307484068,0.35541383290999196,9.74165771594387
29.16687068544522,0.7499999999999996,819.2976542326601,0.37247838733225375,9.842860498881128
29.16687068544522,0.7499999999999996,819.2976542326601,0.37247838733225375,9.842860498881128
28.10045818588943,0.7499999999999996,818.7818417293757,0.4234435402978611,9.770166876850586
28.71934738946238,0.7499999999999993,816.208923865295,0.492484755349798,9.78347797230894
28.71934738946238,0.7499999999999993,816.208923865295,0.492484755349798,9.78347797230894
27.85866767950848,0.7499999999999993,813.4896258716158,0.3878627246183774,9.660638167499624
27.85866767950848,0.7499999999999993,813.4896258716158,0.3878627246183774,9.660638167499624
27.85866767950848,0.7499999999999993,813.4896258716158,0.3878627246183774,9.660638167499624
28.822250047646797,0.7499999999999998,811.6387349572973,0.541372062303038,9.742824741064851
29.529595418702943,0.7499999999999992,811.9759297214787,0.3787775751575679,9.630287562351878
29.473006201884814,0.7499999999999984,814.6187744833314,0.4119237942048406,9.747149763704456
30.220236877921106,0.7499999999999992,810.9767454987986,0.47623907004556654,9.936732837916978
30.220236877921106,0.7499999999999992,810.9767454987986,0.47623907004556654,9.936732837916978
30.52631547898597,0.7499999999999981,812.5357122095105,0.6221437856774573,10.021971119128139
30.52631547898597,0.7499999999999981,812.5357122095105,0.6221437856774573,10.021971119128139
29.743858932590793,0.7499999999999988,808.4109867235214,0.5464997318789123,9.53039505314185
29.743858932590793,0.7499999999999988,808.4109867235214,0.5464997318789123,9.53039505314185
28.84994822109816,0.7499999999999994,808.3634219912593,0.4395617111345091,9.686875755004376
28.84994822109816,0.7499999999999994,808.3634219912593,0.4395617111345091,9.686875755004376
28.84994822109816,0.7499999999999994,808.3634219912593,0.4395617111345091,9.686875755004376
28.68329888521379,0.7499999999999994,811.9709052727969,0.4309838142817077,9.744541816654513
29.605831486769905,0.75,817.6951985874005,0.49695581197308286,9.912946892785154
29.221563188628114,0.7499999999999977,808.6505044223541,0.44508046670097157,9.747593945670634
29.221563188628114,0.7499999999999977,808.6505044223541,0.44508046670097157,9.747593945670634
29.221563188628114,0.7499999999999977,808.6505044223541,0.44508046670097157,9.747593945670634
29.221563188628114,0.7499999999999977,808.6505044223541,0.44508046670097157,9.747593945670634
29.55836633067197,0.7500000000000002,804.0771259103094,0.47645453231016377,9.815589097097478
28.874755240153736,0.7499999999999998,801.4384566795458,0.4345991218164649,9.563784521095664
28.492452040617746,0.7500000000000001,802.3102062467185,0.4976640091410994,9.654453933985526
28.708469262923874,0.75,798.1390067518056,0.46339721384040916,9.407755066694477
30.28567729480406,0.7499999999999991,803.4327598157059,0.4964358761831845,9.4732936442546
30.28567729480406,0.7499999999999991,803.4327598157059,0.4964358761831845,9.4732936442546
30.28567729480406,0.7499999999999991,803.4327598157059,0.4964358761831845,9.4732936442546
30.760010041941744,0.7499999999999988,797.3330907002785,0.5292283665162016,9.60653618145584
30.760010041941744,0.7499999999999988,797.3330907002785,0.5292283665162016,9.60653618145584
30.760010041941744,0.7499999999999988,797.3330907002785,0.5292283665162016,9.60653618145584
30.760010041941744,0.7499999999999988,797.3330907002785,0.5292283665162016,9.60653618145584
29.43999293615581,0.7499999999999987,802.0310206926142,0.40907987380672667,9.612863681716949
29.43999293615581,0.7499999999999987,802.0310206926142,0.40907987380672667,9.612863681716949
29.43999293615581,0.7499999999999987,802.0310206926142,0.40907987380672667,9.612863681716949
29.99971862884914,0.749999999999999,805.0805643977632,0.45623670133760463,9.924466737364876
30.28658860479574,0.7499999999999993,806.1853000101274,0.44707484722087426,9.918496257173055
30.28658860479574,0.7499999999999993,806.1853000101274,0.44707484722087426,9.918496257173055
30.28658860479574,0.7499999999999993,806.1853000101274,0.44707484722087426,9.918496257173055
30.28658860479574,0.7499999999999993,806.1853000101274,0.44707484722087426,9.918496257173055
30.28658860479574,0.7499999999999993,806.1853000101274,0.44707484722087426,9.918496257173055
30.28658860479574,0.7499999999999993,806.1853000101274,0.44707484722087426,9.918496257173055
30.28658860479574,0.7499999999999993,806.1853000101274,0.44707484722087426,9.918496257173055
30.594674159118284,0.7499999999999982,806.5359567645074,0.5210398285834531,9.934132639170167
30.594674159118284,0.7499999999999982,806.5359567645074,0.5210398285834531,9.934132639170167
30.75944235051141,0.7499999999999996,802.739859753636,0.5752299973652969,9.90483945225649
29.296594154181292,0.7499999999999998,801.755167823483,0.41053901280020366,9.74534570394878
28.783341566556583,0.7499999999999998,804.6865320114464,0.4174016838204421,9.751583672168834
28.783341566556583,0.7499999999999998,804.6865320114464,0.4174016838204421,9.751583672168834
29.034601654529233,0.7499999999999996,813.0058798314951,0.5370658996052681,9.85270979462906
29.034601654529233,0.7499999999999996,813.0058798314951,0.5370658996052681,9.85270979462906
29.452160799811146,0.749999999999999,819.1424991540579,0.6344697902569176,10.227625489133885
30.37015828813972,0.7499999999999986,812.8104077767313,0.6625933860739028,10.181254563169537
28.980987261138978,0.7500000000000001,811.6352834165427,0.5751112338803351,9.946288571486496
28.145758718209393,0.7499999999999996,813.4526024165768,0.49285016640642026,9.915071715356792
28.38279003363745,0.7499999999999998,816.6638684673172,0.4675305800995196,9.752007756717427
29.225953215122402,0.749999999999999,811.2548571392776,0.43998121517199046,9.759530442749668
29.280633340333477,0.7499999999999993,821.4996817051662,0.5286864656360586,9.927352043166394
28.61716050795431,0.75,816.2012210205081,0.43932629674875073,9.927856454543573
28.61716050795431,0.75,816.2012210205081,0.43932629674875073,9.927856454543573
28.61716050795431,0.75,816.2012210205081,0.43932629674875073,9.927856454543573
29.216153576527233,0.75,818.4311614895727,0.4404341577295501,9.746673995013918
29.216153576527233,0.75,818.4311614895727,0.4404341577295501,9.746673995013918
29.216153576527233,0.75,818.4311614895727,0.4404341577295501,9.746673995013918
28.387138256500073,0.7499999999999993,821.3809159253253,0.5329824658640432,9.792825846924746
29.072615535433137,0.7499999999999984,819.8507908299036,0.4580970508294146,9.694504054179585
29.065862221093507,0.7499999999999993,815.0074037036688,0.4720607006280964,9.664596862506656
29.49638726313781,0.7499999999999996,812.0068894963533,0.542787405169669,9.727250218091442
29.49638726313781,0.7499999999999996,812.0068894963533,0.542787405169669,9.727250218091442
28.935830429872855,0.7499999999999992,819.5705206594737,0.6257783438523808,9.620875146946949
29.784288349225342,0.749999999999998,818.3613078689488,0.5861211327778025,9.743735149760065
29.784288349225342,0.749999999999998,818.3613078689488,0.5861211327778025,9.743735149760065
30.49010838004585,0.749999999999999,811.7331017089265,0.4977643836288578,9.762881290445758
29.306196438942294,0.7499999999999991,813.5238895232037,0.3989900067870961,9.54044907113204
29.306196438942294,0.7499999999999991,813.5238895232037,0.3989900067870961,9.54044907113204
29.306196438942294,0.7499999999999991,813.5238895232037,0.3989900067870961,9.54044907113204
29.306196438942294,0.7499999999999991,813.5238895232037,0.3989900067870961,9.54044907113204
29.306196438942294,0.7499999999999991,813.5238895232037,0.3989900067870961,9.54044907113204
29.546353596071167,0.7499999999999988,812.6972042258226,0.37420682796145366,9.685633261797918
29.546353596071167,0.7499999999999988,812.6972042258226,0.37420682796145366,9.685633261797918
28.588040404038704,0.7499999999999993,813.256984975542,0.3419635107316465,9.515528685435452
28.588040404038704,0.7499999999999993,813.256984975542,0.3419635107316465,9.515528685435452
28.588040404038704,0.7499999999999993,813.256984975542,0.3419635107316465,9.515528685435452
28.588040404038704,0.7499999999999993,813.256984975542,0.3419635107316465,9.515528685435452
28.278613115039654,0.75,813.4626063562263,0.37748388190834725,9.705704803484906
28.278613115039654,0.75,813.4626063562263,0.37748388190834725,9.705704803484906
28.278613115039654,0.75,813.4626063562263,0.37748388190834725,9.705704803484906
28.71512437979749,0.7499999999999993,824.4797267710036,0.4287081878914394,9.682199563232075
28.71512437979749,0.7499999999999993,824.4797267710036,0.4287081878914394,9.682199563232075
28.71512437979749,0.7499999999999993,824.4797267710036,0.4287081878914394,9.682199563232075
28.84953823959336,0.7499999999999983,818.591169201563,0.41845673279331996,9.774716097028492
28.84953823959336,0.7499999999999983,818.591169201563,0.41845673279331996,9.774716097028492
29.44452162809075,0.7499999999999991,824.2690018498312,0.47525350028780655,9.736157448275133
27.69168525416345,0.7499999999999987,823.9134073995532,0.48000754188004563,9.715175887359266
27.69168525416345,0.7499999999999987,823.9134073995532,0.48000754188004563,9.715175887359266
27.69168525416345,0.7499999999999987,823.9134073995532,0.48000754188004563,9.715175887359266
27.69168525416345,0.7499999999999987,823.9134073995532,0.48000754188004563,9.715175887359266
27.69168525416345,0.7499999999999987,823.9134073995532,0.48000754188004563,9.715175887359266
28.60184687268567,0.7499999999999992,822.0171247282726,0.38665963462980346,9.740919581604635
28.60184687268567,0.7499999999999992,822.0171247282726,0.38665963462980346,9.740919581604635
28.565071375351046,0.7499999999999988,817.413205933186,0.43584394104674923,9.568859505898576
28.565071375351046,0.7499999999999988,817.413205933186,0.43584394104674923,9.568859505898576
27.541995187678644,0.7500000000000001,819.53694276934,0.42307117302130115,9.464924247275615
27.541995187678644,0.7500000000000001,819.53694276934,0.42307117302130115,9.464924247275615
29.182539563928348,0.7499999999999993,824.7400714913998,0.4762640021627798,9.67775363572189
29.182539563928348,0.7499999999999993,824.7400714913998,0.4762640021627798,9.67775363572189
29.491676511032406,0.749999999999999,817.5134039552687,0.508015838578054,9.59685529155746
29.491676511032406,0.749999999999999,817.5134039552687,0.508015838578054,9.59685529155746
28.477293499690887,0.749999999999999,818.2108141025437,0.42178737201551186,9.469333612587604
29.645425821373696,0.7499999999999987,817.4139878993179,0.5782991572260089,9.66412238232715
29.243611214640264,0.7499999999999988,815.4476766892188,0.48214004414774425,9.766660118142946
28.641990598749295,0.7500000000000002,812.9267651993144,0.4243240725774406,9.507787466052156
28.842009722846385,0.7499999999999991,819.0771730426978,0.5306548278330135,9.441076091924398
29.10250162943902,0.7499999999999997,814.2366395931488,0.5625736099703977,9.44148867108213
30.30382005952729,0.7499999999999989,813.1200457266355,0.451215372998343,9.538036883550808
30.015720963338577,0.7499999999999998,815.859626907457,0.5006854985498186,9.565106419680863
30.522518132299314,0.7499999999999988,815.6256638075658,0.5375031578575011,9.73170844006963
30.522518132299314,0.7499999999999988,815.6256638075658,0.5375031578575011,9.73170844006963
30.165233976939156,0.7499999999999999,811.6008529964415,0.5066370950715973,9.54255902369342
30.799395231238115,0.7499999999999989,803.0276312877864,0.48731568924316887,9.523555543862233
31.057140018990097,0.7499999999999986,803.0560237690466,0.4482343714042561,9.608333929031906
31.057140018990097,0.7499999999999986,803.0560237690466,0.4482343714042561,9.608333929031906
31.24581954651723,0.7499999999999987,811.4419191477764,0.4136378102036453,9.63349035113088
31.24581954651723,0.7499999999999987,811.4419191477764,0.4136378102036453,9.63349035113088
31.24581954651723,0.7499999999999987,811.4419191477764,0.4136378102036453,9.63349035113088
31.24581954651723,0.7499999999999987,811.4419191477764,0.4136378102036453,9.63349035113088
31.24581954651723,0.7499999999999987,811.4419191477764,0.4136378102036453,9.63349035113088
31.14155713406299,0.7499999999999987,812.1402930625794,0.4626039919103038,9.61109651109748
31.14155713406299,0.7499999999999987,812.1402930625794,0.4626039919103038,9.61109651109748
31.14155713406299,0.7499999999999987,812.1402930625794,0.4626039919103038,9.61109651109748
31.14155713406299,0.7499999999999987,812.1402930625794,0.4626039919103038,9.61109651109748
31.14155713406299,0.7499999999999987,812.1402930625794,0.4626039919103038,9.61109651109748
31.105393269221754,0.749999999999999,810.459273748187,0.4833354433405117,9.605748120435782
30.252778354664187,0.7499999999999996,814.0071743788659,0.4506113945904927,9.633714214589464
30.252778354664187,0.7499999999999996,814.0071743788659,0.4506113945904927,9.633714214589464
30.66172565746145,0.7499999999999997,811.2199850121305,0.5210483157975051,9.821946984659615
30.66172565746145,0.7499999999999997,811.2199850121305,0.5210483157975051,9.821946984659615
30.66172565746145,0.7499999999999997,811.2199850121305,0.5210483157975051,9.821946984659615
30.66172565746145,0.7499999999999997,811.2199850121305,0.5210483157975051,9.821946984659615
30.234730094338442,0.7499999999999993,810.1695113761347,0.4883245349099345,9.777319636453058
30.237427906348316,0.7499999999999994,816.3273934038567,0.6468865737900841,9.758271922052293
29.662588007564054,0.7499999999999996,816.6913031131965,0.5280860936902062,9.775862519145898
30.50464008988853,0.7499999999999998,815.087625682156,0.4866475653965582,9.788591658402606
30.50464008988853,0.7499999999999998,815.087625682156,0.4866475653965582,9.788591658402606
30.868222195137847,0.7499999999999988,806.0350429166806,0.48318909899226925,9.576298829983212
30.868222195137847,0.7499999999999988,806.0350429166806,0.48318909899226925,9.576298829983212
30.868222195137847,0.7499999999999988,806.0350429166806,0.48318909899226925,9.576298829983212
30.868222195137847,0.7499999999999988,806.0350429166806,0.48318909899226925,9.576298829983212
30.868222195137847,0.7499999999999988,806.0350429166806,0.48318909899226925,9.576298829983212
30.868222195137847,0.7499999999999988,806.0350429166806,0.48318909899226925,9.576298829983212
30.868222195137847,0.7499999999999988,806.0350429166806,0.48318909899226925,9.576298829983212
30.868222195137847,0.7499999999999988,806.0350429166806,0.48318909899226925,9.576298829983212
30.868222195137847,0.7499999999999988,806.0350429166806,0.48318909899226925,9.576298829983212
30.868222195137847,0.7499999999999988,806.0350429166806,0.48318909899226925,9.576298829983212
30.868222195137847,0.7499999999999988,806.0350429166806,0.48318909899226925,9.576298829983212
30.787981550710445,0.7499999999999992,827.1174294816865,0.5774817293264133,9.76245698848005
30.81353415638156,0.7499999999999988,823.0579174038935,0.4980783025326016,9.78148182051431
30.459949855721348,0.7499999999999982,811.6543246966581,0.5029194397133698,9.720660467065212
30.459949855721348,0.7499999999999982,811.6543246966581,0.5029194397133698,9.720660467065212
30.474719045144663,0.7499999999999997,808.9155398298965,0.4940891094582899,9.799819519538664
30.474719045144663,0.7499999999999997,808.9155398298965,0.4940891094582899,9.799819519538664
31.308023056425927,0.7499999999999999,815.6674244088584,0.5263251351991084,10.03732386863885
30.908811976903056,0.7499999999999991,812.2276017147949,0.6957961596266181,10.06694327726957
30.908811976903056,0.7499999999999991,812.2276017147949,0.6957961596266181,10.06694327726957
30.611009642305678,0.7499999999999964,805.2450891920168,0.5316093119423246,9.900872440223676
30.611009642305678,0.7499999999999964,805.2450891920168,0.5316093119423246,9.900872440223676
30.112891372772186,0.7499999999999996,804.8730075939432,0.3879763145595361,9.741934677893585
30.112891372772186,0.7499999999999996,804.8730075939432,0.3879763145595361,9.741934677893585
30.112891372772186,0.7499999999999996,804.8730075939432,0.3879763145595361,9.741934677893585
30.84176021126526,0.7499999999999983,817.9909332022909,0.5009962559184059,9.918358430568528
30.925289302595605,0.7499999999999993,813.7355194981106,0.4777870103115516,9.979823557136859
30.925289302595605,0.7499999999999993,813.7355194981106,0.4777870103115516,9.979823557136859
31.15121146554554,0.7499999999999997,805.250016795729,0.38976303732420886,9.917608701908666
31.15121146554554,0.7499999999999997,805.250016795729,0.38976303732420886,9.917608701908666
31.15121146554554,0.7499999999999997,805.250016795729,0.38976303732420886,9.917608701908666
31.15121146554554,0.7499999999999997,805.250016795729,0.38976303732420886,9.917608701908666
31.15121146554554,0.7499999999999997,805.250016795729,0.38976303732420886,9.917608701908666
31.102764165210107,0.7500000000000002,805.1228790183872,0.3949632044420566,9.853766927274586
31.102764165210107,0.7500000000000002,805.1228790183872,0.3949632044420566,9.853766927274586
31.68365852726921,0.7499999999999997,802.5144874859819,0.4686278540972736,9.904748865036941
31.68365852726921,0.7499999999999997,802.5144874859819,0.4686278540972736,9.904748865036941
31.68365852726921,0.7499999999999997,802.5144874859819,0.4686278540972736,9.904748865036941
31.68365852726921,0.7499999999999997,802.5144874859819,0.4686278540972736,9.904748865036941
31.81710681019498,0.7499999999999996,806.9092474628262,0.4835378850335072,10.006455866222717
31.81710681019498,0.7499999999999996,806.9092474628262,0.4835378850335072,10.006455866222717
31.81710681019498,0.7499999999999996,806.9092474628262,0.4835378850335072,10.006455866222717
31.81710681019498,0.7499999999999996,806.9092474628262,0.4835378850335072,10.006455866222717
31.81710681019498,0.7499999999999996,806.9092474628262,0.4835378850335072,10.006455866222717
30.614912877505972,0.7499999999999987,804.423432606589,0.40754703953681026,9.813524140219513
30.614912877505972,0.7499999999999987,804.423432606589,0.40754703953681026,9.813524140219513
30.614912877505972,0.7499999999999987,804.423432606589,0.40754703953681026,9.813524140219513
31.544279808941905,0.7499999999999986,808.1998150955706,0.5822326905645051,9.947764786547845
31.544279808941905,0.7499999999999986,808.1998150955706,0.5822326905645051,9.947764786547845
31.70021790185147,0.7499999999999984,811.6549538321544,0.5329686127760025,10.172428645527097
31.461716785877474,0.7499999999999999,814.188867201931,0.49343703590468596,10.171046545828053
31.028623407796935,0.7499999999999997,807.2493409798577,0.5397767003813913,9.932483348736046
31.549879352537438,0.7499999999999978,805.2931743854027,0.4880659873650794,9.887027525690575
31.032657689636896,0.7499999999999994,808.8774663437891,0.6062099011622317,9.844554353070482
31.11233350487977,0.7499999999999973,808.6453509496131,0.4856830788467991,9.764567611165972
31.188994381706223,0.7499999999999983,798.5298509037335,0.42644484594181253,9.547735828305886
30.555757261134087,0.7499999999999983,800.9407391440042,0.49435173469441934,9.71230344525639
30.555757261134087,0.7499999999999983,800.9407391440042,0.49435173469441934,9.71230344525639
30.555757261134087,0.7499999999999983,800.9407391440042,0.49435173469441934,9.71230344525639
30.765098246360523,0.7499999999999994,799.1579159875955,0.46206035512725807,9.762322301598545
31.962813130496304,0.749999999999999,802.7236624018745,0.5710654375388687,9.838011938427337
31.796868976296583,0.7499999999999986,809.2851788990029,0.5175779046941996,9.80865052939107
31.796868976296583,0.7499999999999986,809.2851788990029,0.5175779046941996,9.80865052939107
31.796868976296583,0.7499999999999986,809.2851788990029,0.5175779046941996,9.80865052939107
31.93857261412923,0.7499999999999987,801.1497692040356,0.4444273401488669,9.829640501949555
31.766508282273193,0.7499999999999999,796.8347870792325,0.5333245620652108,10.00858119974563
31.14222390085638,0.749999999999999,798.5026986090332,0.49481899039686866,10.006849678601451
31.042163290985528,0.7499999999999997,801.0525176356593,0.5619610381045116,9.907914231966027
31.58213066970126,0.7499999999999998,807.016151295054,0.5850313810493004,10.119607764057069
30.798349298727093,0.7499999999999991,809.6510764690828,0.5809352767840484,10.1513867025878
30.257916914136704,0.7499999999999989,810.989089366739,0.6830161625855713,9.933363876131613
29.91471011403242,0.7499999999999998,813.8447985348058,0.4317757572764689,9.792736816801172
29.469924423958936,0.7499999999999999,818.6011703651263,0.4584953008828303,10.020923760475592
28.850188190492506,0.7499999999999991,821.0415258522305,0.5661395334203738,9.985517028440887
28.850188190492506,0.7499999999999991,821.0415258522305,0.5661395334203738,9.985517028440887
29.605412694697076,0.7500000000000002,819.8352464238782,0.4023748071022221,10.073120475671757
29.605412694697076,0.7500000000000002,819.8352464238782,0.4023748071022221,10.073120475671757
29.056599874519627,0.7500000000000002,814.1044105544071,0.41346264113333975,9.916226974942319
29.056599874519627,0.7500000000000002,814.1044105544071,0.41346264113333975,9.916226974942319
29.056599874519627,0.7500000000000002,814.1044105544071,0.41346264113333975,9.916226974942319
29.314011265902582,0.7499999999999979,816.0842897989422,0.46788607315799413,9.93100390833671
30.129936847078795,0.7499999999999983,815.6192879646243,0.4300733574059186,10.106599387083204
29.147860892939942,0.7499999999999992,811.2113827278695,0.3419042179357361,9.734075382305278
28.95651491382827,0.7499999999999986,813.0245040113988,0.3525890489394446,9.754615520877644
28.95651491382827,0.7499999999999986,813.0245040113988,0.3525890489394446,9.754615520877644
29.146774278937144,0.7499999999999997,807.331328911863,0.4177053048137237,9.697742252805861
30.174766035073045,0.7499999999999973,811.0860211848869,0.4933894884775148,9.808835523816516
29.814979249518505,0.7500000000000001,821.8082851847413,0.5062519515635584,10.038139692486336
30.742090729100283,0.7499999999999994,820.0482871356983,0.47262217531370804,10.127136796807818
31.239774780183854,0.7499999999999992,814.4275682122778,0.48694819872554046,10.353443553378217
31.239774780183854,0.7499999999999992,814.4275682122778,0.48694819872554046,10.353443553378217
31.239774780183854,0.7499999999999992,814.4275682122778,0.48694819872554046,10.353443553378217
31.611815241319697,0.749999999999999,809.984316061588,0.5686965669323956,10.273036402765012
30.828082336544583,0.7499999999999999,806.1232606553608,0.6588502677764518,10.003040125800794
30.828082336544583,0.7499999999999999,806.1232606553608,0.6588502677764518,10.003040125800794
30.421441824249687,0.7499999999999996,804.0110786427995,0.5879664346531079,9.783466097925228
30.421441824249687,0.7499999999999996,804.0110786427995,0.5879664346531079,9.783466097925228
30.725428667595672,0.7499999999999992,809.542809008096,0.5780683647376768,9.7584012856171
30.725428667595672,0.7499999999999992,809.542809008096,0.5780683647376768,9.7584012856171
30.168098025657073,0.7499999999999978,801.4096163182036,0.4374203892041045,9.5624500430819
30.02468699235762,0.7499999999999988,798.2648449236431,0.39369695579595754,9.544548241525792
30.02468699235762,0.7499999999999988,798.2648449236431,0.39369695579595754,9.544548241525792
30.02468699235762,0.7499999999999988,798.2648449236431,0.39369695579595754,9.544548241525792
30.02468699235762,0.7499999999999988,798.2648449236431,0.39369695579595754,9.544548241525792
30.02468699235762,0.7499999999999988,798.2648449236431,0.39369695579595754,9.544548241525792
30.02468699235762,0.7499999999999988,798.2648449236431,0.39369695579595754,9.544548241525792
30.02468699235762,0.7499999999999988,798.2648449236431,0.39369695579595754,9.544548241525792
30.02468699235762,0.7499999999999988,798.2648449236431,0.39369695579595754,9.544548241525792
30.02468699235762,0.7499999999999988,798.2648449236431,0.39369695579595754,9.544548241525792
30.02468699235762,0.7499999999999988,798.2648449236431,0.39369695579595754,9.544548241525792
31.389533521861498,0.7499999999999994,807.8516268672142,0.514591091405193,9.967622057622894
30.508366059466326,0.749999999999999,806.1776874363566,0.5595003870002732,9.831089871688302
30.508366059466326,0.749999999999999,806.1776874363566,0.5595003870002732,9.831089871688302
30.508366059466326,0.749999999999999,806.1776874363566,0.5595003870002732,9.831089871688302
30.508366059466326,0.749999999999999,806.1776874363566,0.5595003870002732,9.831089871688302
30.508366059466326,0.749999999999999,806.1776874363566,0.5595003870002732,9.831089871688302
29.84751483518743,0.7499999999999992,808.9699375234953,0.5821517375243314,9.721793015609123
29.84751483518743,0.7499999999999992,808.9699375234953,0.5821517375243314,9.721793015609123
29.38034532022704,0.7499999999999997,808.7169106413853,0.44147267525000233,9.663877742426896
29.228113220636676,0.7499999999999994,807.9047142187244,0.3511803688103526,9.766936719280466
28.460483271264934,0.7499999999999998,802.3225422693495,0.4623397865466684,9.584072463022517
28.41323515223716,0.7499999999999969,811.5308191862637,0.4873645121220854,9.773707538939778
28.41323515223716,0.7499999999999969,811.5308191862637,0.4873645121220854,9.773707538939778
29.17399142549456,0.749999999999999,812.5691021231995,0.4531743391538586,9.823486548786997
30.22576208581625,0.7499999999999996,815.2860044363917,0.4196579513024479,9.840140075461099
29.99507002306143,0.7499999999999999,822.9481088983547,0.3844697733804137,9.805400902264386
30.160141716327615,0.7499999999999984,820.092151900056,0.427517032355987,9.716443695880596
29.326867679101227,0.7499999999999997,815.9769986122527,0.3910232007183483,9.866613830720087
30.776822886819875,0.7499999999999992,811.5214800603922,0.43569072848633134,9.921135134874655
30.776822886819875,0.7499999999999992,811.5214800603922,0.43569072848633134,9.921135134874655
30.00494994026996,0.7499999999999996,808.34942613792,0.39384063341966385,9.693144040909095
29.92589787749193,0.7499999999999997,813.9155165489949,0.3848155884188445,9.707998790730732
29.33235764686825,0.7499999999999991,820.5134291933923,0.42557952039120406,9.918407072111702
30.37228225849009,0.749999999999999,819.1625739626621,0.4969361854195198,9.877913129062923
30.37228225849009,0.749999999999999,819.1625739626621,0.4969361854195198,9.877913129062923
29.6061292182778,0.749999999999999,814.577245840835,0.4775024993176274,9.686018834093161
29.97837479685933,0.749999999999999,811.6229263845534,0.46686065236775265,9.8820876119911
30.621065328347832,0.7499999999999994,814.6933410457696,0.46694331715039034,9.74018977680033
30.137875342297672,0.749999999999999,816.8773381855599,0.4359442669752795,9.959264394269562
30.137875342297672,0.749999999999999,816.8773381855599,0.4359442669752795,9.959264394269562
30.256838727623553,0.7499999999999988,811.324677018382,0.4337130625490039,9.702287365387699
31.06438057287632,0.7499999999999997,816.1168776401624,0.5644101281715151,9.832331014212116
29.31408724309957,0.7499999999999982,811.4649764105825,0.37046134564793753,9.65272798377915
29.31408724309957,0.7499999999999982,811.4649764105825,0.37046134564793753,9.65272798377915
29.31408724309957,0.7499999999999982,811.4649764105825,0.37046134564793753,9.65272798377915
29.31408724309957,0.7499999999999982,811.4649764105825,0.37046134564793753,9.65272798377915
29.150730374698874,0.7499999999999997,809.2484665806799,0.38900774044061864,9.582537151683884
29.150730374698874,0.7499999999999997,809.2484665806799,0.38900774044061864,9.582537151683884
29.150730374698874,0.7499999999999997,809.2484665806799,0.38900774044061864,9.582537151683884
28.58637672558132,0.7499999999999996,811.3375021106764,0.41697623013710483,9.518744615992983
28.58637672558132,0.7499999999999996,811.3375021106764,0.41697623013710483,9.518744615992983
28.58637672558132,0.7499999999999996,811.3375021106764,0.41697623013710483,9.518744615992983
28.087841904267407,0.7499999999999996,820.175734445174,0.31906722734222204,9.515531355302809
28.891151384974254,0.7500000000000001,822.118019985546,0.34955544684549766,9.512958679078698
29.743458611833674,0.749999999999999,823.389836162685,0.4481437192613101,9.705747220250123
30.15374479336777,0.7499999999999999,828.1307727844905,0.5726711613515888,9.633954693271955
29.746003219410365,0.7499999999999987,808.3643747332603,0.39754625288730694,9.590569425192328
29.746003219410365,0.7499999999999987,808.3643747332603,0.39754625288730694,9.590569425192328
30.157978134776293,0.7499999999999997,817.7871349647398,0.43219487608091617,9.78442843105187
29.79825126522317,0.75,813.0857944373054,0.35628007043968274,9.700574519862414
29.79825126522317,0.75,813.0857944373054,0.35628007043968274,9.700574519862414
29.79825126522317,0.75,813.0857944373054,0.35628007043968274,9.700574519862414
29.79825126522317,0.75,813.0857944373054,0.35628007043968274,9.700574519862414
29.79825126522317,0.75,813.0857944373054,0.35628007043968274,9.700574519862414
29.79825126522317,0.75,813.0857944373054,0.35628007043968274,9.700574519862414
29.79825126522317,0.75,813.0857944373054,0.35628007043968274,9.700574519862414
29.79825126522317,0.75,813.0857944373054,0.35628007043968274,9.700574519862414
30.69441767360695,0.7499999999999991,818.1130283114913,0.40977742305220116,9.73290086450844
29.746386022468243,0.7499999999999983,818.4121151889402,0.35868397283064407,9.633206542635099
29.746386022468243,0.7499999999999983,818.4121151889402,0.35868397283064407,9.633206542635099
29.746386022468243,0.7499999999999983,818.4121151889402,0.35868397283064407,9.633206542635099
30.434828677129257,0.7499999999999988,815.9539167908825,0.6256828940287537,9.65812436151225
31.320765035706792,0.75,815.3227306053558,0.49931956261776267,9.821455624984504
31.320765035706792,0.75,815.3227306053558,0.49931956261776267,9.821455624984504
31.320765035706792,0.75,815.3227306053558,0.49931956261776267,9.821455624984504
30.982639399010445,0.7499999999999991,816.6837419356551,0.4525939317830093,9.824723591205938
30.982639399010445,0.7499999999999991,816.6837419356551,0.4525939317830093,9.824723591205938
30.982639399010445,0.7499999999999991,816.6837419356551,0.4525939317830093,9.824723591205938
30.83246978679605,0.7499999999999998,815.223928364514,0.4712028344144185,9.862372081767807
30.48637908835498,0.7499999999999994,814.6405088329402,0.402552652842169,9.696878707506864
30.10315367002859,0.7499999999999987,820.7570340480175,0.4226153199037538,9.503969095649026
29.098237885225917,0.7499999999999999,811.6385914272706,0.41208309897094536,9.342503894213461
29.838452099048542,0.7499999999999988,812.9353915385647,0.4859458513864697,9.242034857443404
29.122068009425412,0.749999999999999,823.1496163921706,0.43090082646260247,9.472264356225963
29.29100536027781,0.7499999999999997,821.5815932525728,0.4743019728799695,9.675540651656089
28.942035074972505,0.7499999999999996,819.7472148089075,0.534711952996327,9.566320072862657
28.76220053919223,0.7499999999999989,814.153717854648,0.47709574900831936,9.437641217744684
29.266673356348175,0.7499999999999993,820.8354110051757,0.43864826509554855,9.616087735943086
29.266673356348175,0.7499999999999993,820.8354110051757,0.43864826509554855,9.616087735943086
29.266673356348175,0.7499999999999993,820.8354110051757,0.43864826509554855,9.616087735943086
29.252336148420508,0.7499999999999991,817.7157428090682,0.40903888735024413,9.624953802155446
29.252336148420508,0.7499999999999991,817.7157428090682,0.40903888735024413,9.624953802155446
29.252336148420508,0.7499999999999991,817.7157428090682,0.40903888735024413,9.624953802155446
29.252336148420508,0.7499999999999991,817.7157428090682,0.40903888735024413,9.624953802155446
29.252336148420508,0.7499999999999991,817.7157428090682,0.40903888735024413,9.624953802155446
29.164867338605706,0.749999999999999,813.5480126804624,0.46215390440574067,9.407362262185705
28.376829499837914,0.7499999999999998,817.5166610517724,0.40340125789772846,9.544967550447899
29.45827452204616,0.7499999999999997,819.7973949125175,0.45376211023005575,9.761412311724962
29.45827452204616,0.7499999999999997,819.7973949125175,0.45376211023005575,9.761412311724962
30.285653451216834,0.749999999999999,819.4328412321642,0.4535368944954998,9.793227830612569
30.41226807730517,0.7499999999999994,818.5828216015738,0.44626586129747203,9.694425890492706
29.360998230706837,0.749999999999999,820.5539755934554,0.46778740957173137,9.505902462228269
29.360998230706837,0.749999999999999,820.5539755934554,0.46778740957173137,9.505902462228269
29.360998230706837,0.749999999999999,820.5539755934554,0.46778740957173137,9.505902462228269
29.322587191488275,0.7499999999999994,818.023900117629,0.48290134974773713,9.49164126466701
29.322587191488275,0.7499999999999994,818.023900117629,0.48290134974773713,9.49164126466701
29.52250581020882,0.7499999999999991,808.2365983891841,0.4604930221134979,9.580780957860393
29.6670226992811,0.7499999999999996,803.7809790833666,0.4172810681504602,9.365210046602849
30.250612970939528,0.7499999999999996,811.6337622150334,0.3865176445342996,9.513663362089812
31.141294927919656,0.7499999999999994,814.2757199574496,0.5280527501022062,9.547050265476226
31.141294927919656,0.7499999999999994,814.2757199574496,0.5280527501022062,9.547050265476226
31.141294927919656,0.7499999999999994,814.2757199574496,0.5280527501022062,9.547050265476226
31.02927313656101,0.7499999999999999,810.0457822720173,0.4236730360577065,9.566745771252986
30.46824145983505,0.7499999999999991,807.4217246057173,0.426323912865228,9.651182253243448
30.46824145983505,0.7499999999999991,807.4217246057173,0.426323912865228,9.651182253243448
30.46824145983505,0.7499999999999991,807.4217246057173,0.426323912865228,9.651182253243448
30.46824145983505,0.7499999999999991,807.4217246057173,0.426323912865228,9.651182253243448
30.46824145983505,0.7499999999999991,807.4217246057173,0.426323912865228,9.651182253243448
30.46824145983505,0.7499999999999991,807.4217246057173,0.426323912865228,9.651182253243448
30.46824145983505,0.7499999999999991,807.4217246057173,0.426323912865228,9.651182253243448
29.740829897383936,0.7499999999999993,803.8404738747954,0.3223133493207717,9.340352166520256
30.277151767632954,0.7499999999999992,814.6023784551403,0.3902219873673861,9.3475072786162
29.42455604888342,0.7499999999999991,810.0811653486892,0.40079181259916924,9.4151273751909
29.466732582941468,0.749999999999999,806.4910957919423,0.35135560820600603,9.520856994055952
29.850619179674933,0.7499999999999984,809.3356028590568,0.4125663218947263,9.42220099509033
29.850619179674933,0.7499999999999984,809.3356028590568,0.4125663218947263,9.42220099509033
29.850619179674933,0.7499999999999984,809.3356028590568,0.4125663218947263,9.42220099509033
29.729848106314016,0.7499999999999994,816.1063186187585,0.4421270035955712,9.620672492917572
30.76235618450004,0.7499999999999997,814.0829061147119,0.4286823605377634,9.676594234732239
30.290044916139212,0.7499999999999997,810.9961590517098,0.44368288931812777,9.617219733593998
31.274179348152494,0.7499999999999997,806.0280940048947,0.3826383613818731,9.573736511249212
31.274179348152494,0.7499999999999997,806.0280940048947,0.3826383613818731,9.573736511249212
31.274179348152494,0.7499999999999997,806.0280940048947,0.3826383613818731,9.573736511249212
30.58593478283331,0.7499999999999993,807.2102000466803,0.40033713116152564,9.48611480589403
30.58593478283331,0.7499999999999993,807.2102000466803,0.40033713116152564,9.48611480589403
30.739107975165577,0.7499999999999992,808.4969737582162,0.35386319244347675,9.440824713559635
28.916226155315083,0.7499999999999996,806.8503362069464,0.3481539255845643,9.323929367355229
28.916226155315083,0.7499999999999996,806.8503362069464,0.3481539255845643,9.323929367355229
28.916226155315083,0.7499999999999996,806.8503362069464,0.3481539255845643,9.323929367355229
28.86095184301797,0.7499999999999986,810.6454426374928,0.4620440367474159,9.496504668750593
29.622819442613768,0.7499999999999991,808.3474573158944,0.3899857154468434,9.681654930919137
29.580918515239368,0.7499999999999993,813.9677328599065,0.3893171818335489,9.575443905937345
29.580918515239368,0.7499999999999993,813.9677328599065,0.3893171818335489,9.575443905937345
29.580918515239368,0.7499999999999993,813.9677328599065,0.3893171818335489,9.575443905937345
28.996862662555486,0.7499999999999994,816.7384592642068,0.3545453223157074,9.585840349809288
28.996862662555486,0.7499999999999994,816.7384592642068,0.3545453223157074,9.585840349809288
28.996862662555486,0.7499999999999994,816.7384592642068,0.3545453223157074,9.585840349809288
28.996862662555486,0.7499999999999994,816.7384592642068,0.3545453223157074,9.585840349809288
28.944928992259786,0.7499999999999999,812.9476557578232,0.35240463684274814,9.618524523636344
29.487842825993255,0.7499999999999996,818.300143329687,0.45812192696479936,9.970218421038755
29.780736155110763,0.7499999999999987,818.3837203904252,0.43923421936659046,9.942797113728394
29.617410407957315,0.7499999999999997,817.7595881746495,0.478852434386968,9.701447209691613
28.838103331308698,0.7499999999999994,818.8275460509972,0.41283537327155573,9.705260083751407
29.467480232219504,0.7499999999999999,820.4905867527063,0.43156656072573296,9.752273042514094
30.508584156472068,0.7499999999999979,819.6321277200758,0.6150027920576254,9.88105336094909
30.41047131885505,0.7499999999999989,823.7401828734681,0.5604397743537524,10.027836509382038
29.283654489510308,0.7499999999999986,810.7264354166879,0.45221807098082123,9.781023762068326
29.283654489510308,0.7499999999999986,810.7264354166879,0.45221807098082123,9.781023762068326
29.324706167872712,0.749999999999999,820.0742081984548,0.636468637192696,9.918592705064663
30.13506408316476,0.7499999999999992,811.1247816886004,0.4052414911719204,9.725683351334354
30.13506408316476,0.7499999999999992,811.1247816886004,0.4052414911719204,9.725683351334354
30.13506408316476,0.7499999999999992,811.1247816886004,0.4052414911719204,9.725683351334354
30.13506408316476,0.7499999999999992,811.1247816886004,0.4052414911719204,9.725683351334354
30.13506408316476,0.7499999999999992,811.1247816886004,0.4052414911719204,9.725683351334354
30.468483049178314,0.7499999999999993,818.9335421957664,0.529951654674751,9.793755052440067
30.68339532316461,0.7499999999999982,824.4905066508776,0.574002148540415,10.020643248283164
30.68339532316461,0.7499999999999982,824.4905066508776,0.574002148540415,10.020643248283164
29.769909858974806,0.7499999999999993,827.5845410597391,0.39315978232504184,9.780790632807854
29.305438543078626,0.7499999999999992,829.230960510693,0.3626974640413202,9.917896466723764
29.779273834143474,0.749999999999999,825.927857048814,0.41790289081442245,9.951440296295015
29.779273834143474,0.749999999999999,825.927857048814,0.41790289081442245,9.951440296295015
29.03262168145699,0.7500000000000003,829.3334900879976,0.35826098917466914,9.842111803862064
29.52124306640316,0.7499999999999992,824.5584976925423,0.44302300167611336,9.952539269113785
29.52124306640316,0.7499999999999992,824.5584976925423,0.44302300167611336,9.952539269113785
29.52124306640316,0.7499999999999992,824.5584976925423,0.44302300167611336,9.952539269113785
29.652267136967097,0.7499999999999991,822.9256615741681,0.4557862904366684,10.071741930904508
28.56982405609769,0.7499999999999989,822.1521832550944,0.3922657192407194,9.745421938855259
29.97289500862254,0.7499999999999988,822.6200464352551,0.5331341494489138,10.04596974937483
29.746442125841707,0.7499999999999997,827.1943696097516,0.5241545712061035,9.826451830946542
29.120908345597147,0.7499999999999984,832.8495559959985,0.41834499745935066,9.889239790758973
30.248134209579415,0.7499999999999993,821.9031884584592,0.41831374603787513,9.771528310445731
30.125034943416722,0.7499999999999999,825.1260641324227,0.4601740254498904,9.648073994932474
29.68350901520873,0.7499999999999994,818.751192567182,0.3854356839068049,9.498465178165347
29.98032090384444,0.7499999999999991,825.5842639413888,0.45518501794944083,9.391484174493144
29.19325571021738,0.75,831.3779869918609,0.5290607614010197,9.32457738664049
28.84872894429617,0.7499999999999987,825.3171765095776,0.4047529390686478,9.396424199880263
30.05367087692187,0.7499999999999987,830.8771447298121,0.45428013697943787,9.550364395803436
31.897002664606593,0.7500000000000003,831.6962659514292,0.4705963791103494,9.731297239461039
31.897002664606593,0.7500000000000003,831.6962659514292,0.4705963791103494,9.731297239461039
31.07806091470216,0.7499999999999996,825.3119788558681,0.45425340730948227,9.729228400498476
30.485402261545495,0.7499999999999992,817.5904877620505,0.4458736348740058,9.661225688397494
30.455710933342385,0.7499999999999993,817.4526927675886,0.4837153707451407,9.73282520978233
30.455710933342385,0.7499999999999993,817.4526927675886,0.4837153707451407,9.73282520978233
30.455710933342385,0.7499999999999993,817.4526927675886,0.4837153707451407,9.73282520978233
30.455710933342385,0.7499999999999993,817.4526927675886,0.4837153707451407,9.73282520978233
30.799227535509164,0.7499999999999994,824.6411333746364,0.3773436312696665,9.57930727015004
30.799227535509164,0.7499999999999994,824.6411333746364,0.3773436312696665,9.57930727015004
31.68349174850256,0.7499999999999993,814.1169501897742,0.41947425084358686,9.540078219116955
30.52766607963538,0.7499999999999993,810.9184109233529,0.3687025653642274,9.55485887738482
30.52766607963538,0.7499999999999993,810.9184109233529,0.3687025653642274,9.55485887738482
30.52766607963538,0.7499999999999993,810.9184109233529,0.3687025653642274,9.55485887738482
30.55364852174705,0.7499999999999987,826.1107730827779,0.4000016979478633,9.649075299934896
30.672412975303203,0.7499999999999993,825.1427606778844,0.43153578130601644,9.695752735970407
29.46965472751223,0.7499999999999992,818.0670604278658,0.3592648632265193,9.540825493491482
29.46965472751223,0.7499999999999992,818.0670604278658,0.3592648632265193,9.540825493491482
30.123392734500236,0.7499999999999988,822.0569484955522,0.40722199005032395,9.735238368947382
29.11152393502686,0.7499999999999998,821.6871365924756,0.4084336578472831,9.647805814902947
29.72822002191549,0.7499999999999997,816.3562428018654,0.45927158354614334,9.683299810759923
30.17344220078146,0.7499999999999997,818.3643883022239,0.4044588907774661,9.701441488352248
30.17344220078146,0.7499999999999997,818.3643883022239,0.4044588907774661,9.701441488352248
30.17344220078146,0.7499999999999997,818.3643883022239,0.4044588907774661,9.701441488352248
30.17344220078146,0.7499999999999997,818.3643883022239,0.4044588907774661,9.701441488352248
30.17344220078146,0.7499999999999997,818.3643883022239,0.4044588907774661,9.701441488352248
30.17344220078146,0.7499999999999997,818.3643883022239,0.4044588907774661,9.701441488352248
30.17344220078146,0.7499999999999997,818.3643883022239,0.4044588907774661,9.701441488352248
30.96419146946029,0.7499999999999992,815.0535549938443,0.48857406545827214,9.797723516740163
30.96419146946029,0.7499999999999992,815.0535549938443,0.48857406545827214,9.797723516740163
30.96419146946029,0.7499999999999992,815.0535549938443,0.48857406545827214,9.797723516740163
30.96419146946029,0.7499999999999992,815.0535549938443,0.48857406545827214,9.797723516740163
30.96419146946029,0.7499999999999992,815.0535549938443,0.48857406545827214,9.797723516740163
30.96419146946029,0.7499999999999992,815.0535549938443,0.48857406545827214,9.797723516740163
31.785226109578456,0.7499999999999998,819.7998350600784,0.447492359566346,9.834892026997954
31.785226109578456,0.7499999999999998,819.7998350600784,0.447492359566346,9.834892026997954
31.628234455777278,0.7499999999999996,820.3970595210462,0.4764046239291702,9.753811394726828
31.56507505414569,0.7499999999999984,822.0714211835849,0.45819538958307165,9.935501932315635
31.648403340389265,0.749999999999999,823.9369390619997,0.5829660657618221,10.108645411629363
29.64288946956257,0.7499999999999996,819.1295672184318,0.4286636528806444,9.822887097549838
28.077071978017642,0.7499999999999989,822.177139639021,0.38941853213638256,9.69095501732184
28.077071978017642,0.7499999999999989,822.177139639021,0.38941853213638256,9.69095501732184
29.072649366942567,0.7500000000000004,833.7162882524096,0.42263655946710427,9.85331207589979
28.643535115830222,0.7499999999999997,825.44223212661,0.40443381556612096,9.751266230407978
29.25961044184222,0.7499999999999994,827.9733248117046,0.4679140618438709,9.617548850522573
28.64802727171892,0.7499999999999994,824.4491721638367,0.47288298161546155,9.635871325844633
29.33447370327307,0.7499999999999986,829.3379768189204,0.43955571189227277,9.702075653096625
30.087739785176773,0.7500000000000001,838.9586876668989,0.4993217431691032,10.097699465460849
31.0309474206372,0.7499999999999994,830.3867865862101,0.627176144603767,9.940485007638992
31.254411442836986,0.7499999999999991,832.9174843118976,0.6072439815911868,10.008726912268788
30.568566755460967,0.7499999999999987,838.6601085655814,0.5541505146374908,9.95976219637312
29.553204344617757,0.7499999999999997,829.723843866074,0.3853400473193754,9.778185259724513
29.553204344617757,0.7499999999999997,829.723843866074,0.3853400473193754,9.778185259724513
29.553204344617757,0.7499999999999997,829.723843866074,0.3853400473193754,9.778185259724513
29.553204344617757,0.7499999999999997,829.723843866074,0.3853400473193754,9.778185259724513
29.553204344617757,0.7499999999999997,829.723843866074,0.3853400473193754,9.778185259724513
29.78192141806049,0.75,827.047636747489,0.5630313800545632,9.791696846470126
29.98846760120713,0.749999999999999,827.7909945616353,0.5767490610547399,9.821608923038673
29.62259297501168,0.7499999999999991,824.1603800754806,0.4702471326520613,9.570878170418373
29.62259297501168,0.7499999999999991,824.1603800754806,0.4702471326520613,9.570878170418373
29.62259297501168,0.7499999999999991,824.1603800754806,0.4702471326520613,9.570878170418373
29.62259297501168,0.7499999999999991,824.1603800754806,0.4702471326520613,9.570878170418373
30.54687642589798,0.749999999999997,838.6397113416151,0.6015277371724056,10.026397915889058
29.054216659973054,0.7499999999999983,837.6495200196294,0.6557852124887193,10.012653980725068
27.990704689601944,0.7499999999999998,835.7584695852397,0.5071038194650836,9.823017183813368
27.956764557725723,0.7499999999999986,836.3690899655151,0.39675818183380973,9.708196990214777
27.956764557725723,0.7499999999999986,836.3690899655151,0.39675818183380973,9.708196990214777
27.956764557725723,0.7499999999999986,836.3690899655151,0.39675818183380973,9.708196990214777
27.84529317609023,0.7499999999999994,832.7230533527568,0.42456267227271705,9.696861646701246
28.39875444157494,0.7499999999999994,831.470441326743,0.47930849415970334,9.670640621666575
28.39875444157494,0.7499999999999994,831.470441326743,0.47930849415970334,9.670640621666575
28.39875444157494,0.7499999999999994,831.470441326743,0.47930849415970334,9.670640621666575
28.39875444157494,0.7499999999999994,831.470441326743,0.47930849415970334,9.670640621666575
28.665843527350905,0.7499999999999997,836.7816770956844,0.5154085204110804,9.676151917991948
28.41765567784078,0.75,820.7829351297331,0.4173994797699814,9.621486556944172
28.41765567784078,0.75,820.7829351297331,0.4173994797699814,9.621486556944172
29.736770763457294,0.7499999999999991,828.1099237568465,0.5705712099688417,9.986270151458205
30.787234541618783,0.749999999999999,828.6587176688516,0.6656254322558739,10.02911862958705
30.528739730743155,0.7499999999999983,824.402552132587,0.49658245582261357,9.803020889695745
30.528739730743155,0.7499999999999983,824.402552132587,0.49658245582261357,9.803020889695745
30.528739730743155,0.7499999999999983,824.402552132587,0.49658245582261357,9.803020889695745
30.528739730743155,0.7499999999999983,824.402552132587,0.49658245582261357,9.803020889695745
28.753191106752983,0.7499999999999998,818.5340891797687,0.4632948423202367,9.656182789393824
28.753191106752983,0.7499999999999998,818.5340891797687,0.4632948423202367,9.656182789393824
29.530468463562592,0.7499999999999997,820.2531793581488,0.4894698839466298,9.706894785000717
29.530468463562592,0.7499999999999997,820.2531793581488,0.4894698839466298,9.706894785000717
29.217258315206713,0.7499999999999988,817.2349491206387,0.4283217549646549,9.61668058102028
29.056505956925875,0.7499999999999992,814.2926399941612,0.3832064741226971,9.622793378297297
29.056505956925875,0.7499999999999992,814.2926399941612,0.3832064741226971,9.622793378297297
29.630538630885088,0.7499999999999999,819.9880758428133,0.3865675841243154,9.683155524254095
29.589448834463745,0.7499999999999999,820.9927117835043,0.40922128249272666,9.705651860983327
29.682265474051583,0.7499999999999999,816.829910648659,0.41688980084878036,9.795755389388285
29.682265474051583,0.7499999999999999,816.829910648659,0.41688980084878036,9.795755389388285
29.682265474051583,0.7499999999999999,816.829910648659,0.41688980084878036,9.795755389388285
30.171278543317957,0.7499999999999989,822.883273960103,0.5476742307692745,10.020234224342392
28.466560316560745,0.7499999999999994,826.8504249125186,0.42934194091872824,9.788966898274387
28.466560316560745,0.7499999999999994,826.8504249125186,0.42934194091872824,9.788966898274387
28.459474889708336,0.7499999999999993,825.8528501839226,0.37957428157041506,9.853742728791152
30.34722623332571,0.7499999999999999,834.2434279929182,0.4120163334378175,9.864781477841507
29.820810531855326,0.7499999999999992,823.202786943728,0.44833715523576906,9.735216070129553
29.579623358996614,0.7499999999999993,817.1163561654528,0.43561751855645575,9.63310779565305
29.579623358996614,0.7499999999999993,817.1163561654528,0.43561751855645575,9.63310779565305
29.579623358996614,0.7499999999999993,817.1163561654528,0.43561751855645575,9.63310779565305
29.579623358996614,0.7499999999999993,817.1163561654528,0.43561751855645575,9.63310779565305
28.519791871348996,0.7499999999999994,820.1361734021996,0.39352582945766923,9.522571501610079
29.283813605970266,0.7499999999999987,818.9217874719042,0.3664988870954694,9.392174145434012
29.828654820893785,0.7500000000000001,816.5441190674894,0.4268037235142558,9.41507870625684
29.828654820893785,0.7500000000000001,816.5441190674894,0.4268037235142558,9.41507870625684
29.147439681492294,0.7499999999999991,815.3280018292315,0.35353600194974905,9.487644311669348
29.147439681492294,0.7499999999999991,815.3280018292315,0.35353600194974905,9.487644311669348
29.147439681492294,0.7499999999999991,815.3280018292315,0.35353600194974905,9.487644311669348
29.147439681492294,0.7499999999999991,815.3280018292315,0.35353600194974905,9.487644311669348
29.147439681492294,0.7499999999999991,815.3280018292315,0.35353600194974905,9.487644311669348
29.598026811705097,0.7499999999999997,815.6892609714736,0.4328125093277187,9.393547411719874
30.27854491381207,0.7499999999999991,817.1209940679571,0.4552071347916516,9.48426088805166
30.27854491381207,0.7499999999999991,817.1209940679571,0.4552071347916516,9.48426088805166
30.27854491381207,0.7499999999999991,817.1209940679571,0.4552071347916516,9.48426088805166
30.27854491381207,0.7499999999999991,817.1209940679571,0.4552071347916516,9.48426088805166
31.55152788237406,0.7499999999999999,814.3461073096669,0.3985358283784814,9.551060655334448
31.55152788237406,0.7499999999999999,814.3461073096669,0.3985358283784814,9.551060655334448
31.55152788237406,0.7499999999999999,814.3461073096669,0.3985358283784814,9.551060655334448
31.55152788237406,0.7499999999999999,814.3461073096669,0.3985358283784814,9.551060655334448
30.54989014373354,0.7499999999999996,805.4399097010987,0.4974088542363451,9.555877985949062
30.54989014373354,0.7499999999999996,805.4399097010987,0.4974088542363451,9.555877985949062
30.54989014373354,0.7499999999999996,805.4399097010987,0.4974088542363451,9.555877985949062
30.54989014373354,0.7499999999999996,805.4399097010987,0.4974088542363451,9.555877985949062
30.54989014373354,0.7499999999999996,805.4399097010987,0.4974088542363451,9.555877985949062
30.54989014373354,0.7499999999999996,805.4399097010987,0.4974088542363451,9.555877985949062
30.54989014373354,0.7499999999999996,805.4399097010987,0.4974088542363451,9.555877985949062
30.54989014373354,0.7499999999999996,805.4399097010987,0.4974088542363451,9.555877985949062
29.42327479326666,0.7499999999999999,811.2916719536943,0.4545151035169033,9.443757122355587
29.008966452199196,0.7499999999999991,813.5175565217207,0.49298783586648787,9.456739699219094
31.122246528809377,0.7499999999999996,826.9741902099969,0.7521148018109458,9.782535307948274
30.738306805943758,0.7499999999999991,822.7006548593002,0.39348036659210206,9.76661280123378
29.375586881546276,0.7499999999999992,826.3084856275052,0.3961075720383973,9.53433824543348
29.375586881546276,0.7499999999999992,826.3084856275052,0.3961075720383973,9.53433824543348
29.77451397993157,0.7499999999999996,827.992384804499,0.4453633643375458,9.515938248493573
29.54340617745696,0.7499999999999996,821.635990508581,0.34968146190555055,9.34735925506914
29.54340617745696,0.7499999999999996,821.635990508581,0.34968146190555055,9.34735925506914
29.54340617745696,0.7499999999999996,821.635990508581,0.34968146190555055,9.34735925506914
29.746520874157184,0.7499999999999992,818.7222495549769,0.367784559521438,9.374900735900585
29.746520874157184,0.7499999999999992,818.7222495549769,0.367784559521438,9.374900735900585
29.735974822510034,0.7499999999999992,823.110202027515,0.3946489367123533,9.618033657162457
30.50058360075263,0.7499999999999994,823.114959218125,0.40072358694985427,9.739783892833401
31.61294524347953,0.7499999999999991,819.2356011805382,0.5452536219406166,9.752280077143979
31.165034726592918,0.7499999999999983,813.9351835330463,0.4423100032573931,9.549176522553182
30.366325485010933,0.7499999999999999,812.815260831206,0.4694815637723642,9.480501390452128
28.975267285519784,0.7499999999999993,811.0035978760859,0.33110297185002535,9.472548487972523
30.24311373502794,0.7499999999999993,813.155321088654,0.3258540147032591,9.480197281018633
29.74458452027987,0.7499999999999988,816.1919400946219,0.35089055039131944,9.43332385024137
29.74458452027987,0.7499999999999988,816.1919400946219,0.35089055039131944,9.43332385024137
28.815484990983254,0.7500000000000004,813.9839683288125,0.6007990891054998,9.355454084471456
28.518279116936135,0.7499999999999992,808.9929792685207,0.40246755385764493,9.170290811633018
28.518279116936135,0.7499999999999992,808.9929792685207,0.40246755385764493,9.170290811633018
28.869233473806545,0.7499999999999992,811.0577626056012,0.41356259225046804,9.514156757192229
28.869233473806545,0.7499999999999992,811.0577626056012,0.41356259225046804,9.514156757192229
29.96274357565444,0.7499999999999984,805.4286081901632,0.43167627314706,9.431620918428058
30.732561960178412,0.749999999999999,807.2679439260527,0.505812769468175,9.429173265766702
31.393535454640123,0.7499999999999993,806.4507445278398,0.463512596861023,9.408421027381554
31.393535454640123,0.7499999999999993,806.4507445278398,0.463512596861023,9.408421027381554
31.34336002470365,0.749999999999999,805.613175266909,0.5020930317715481,9.603915961302343
31.34336002470365,0.749999999999999,805.613175266909,0.5020930317715481,9.603915961302343
31.34336002470365,0.749999999999999,805.613175266909,0.5020930317715481,9.603915961302343
31.34336002470365,0.749999999999999,805.613175266909,0.5020930317715481,9.603915961302343
31.34336002470365,0.749999999999999,805.613175266909,0.5020930317715481,9.603915961302343
31.34336002470365,0.749999999999999,805.613175266909,0.5020930317715481,9.603915961302343
31.34336002470365,0.749999999999999,805.613175266909,0.5020930317715481,9.603915961302343
31.29145266281675,0.7499999999999989,805.9668910163762,0.43552433577247296,9.525252308086783
31.29145266281675,0.7499999999999989,805.9668910163762,0.43552433577247296,9.525252308086783
31.29145266281675,0.7499999999999989,805.9668910163762,0.43552433577247296,9.525252308086783
30.730360569850813,0.75,802.7335720537926,0.42114132380640595,9.401606673267844
30.730360569850813,0.75,802.7335720537926,0.42114132380640595,9.401606673267844
31.417101040362773,0.7499999999999984,800.3554861249645,0.5478005259912566,9.689639568405875
31.417101040362773,0.7499999999999984,800.3554861249645,0.5478005259912566,9.689639568405875
31.417101040362773,0.7499999999999984,800.3554861249645,0.5478005259912566,9.689639568405875
31.417101040362773,0.7499999999999984,800.3554861249645,0.5478005259912566,9.689639568405875
31.417101040362773,0.7499999999999984,800.3554861249645,0.5478005259912566,9.689639568405875
31.417101040362773,0.7499999999999984,800.3554861249645,0.5478005259912566,9.689639568405875
31.255448206756856,0.7499999999999994,809.5786451072211,0.4234546911560477,9.863606950870707
30.824978284921645,0.7499999999999994,804.1213921029789,0.4245324474981832,9.625239616573563
30.824978284921645,0.7499999999999994,804.1213921029789,0.4245324474981832,9.625239616573563
30.824978284921645,0.7499999999999994,804.1213921029789,0.4245324474981832,9.625239616573563
29.91833089894858,0.749999999999999,807.5172878709318,0.3763512000523034,9.56163589543903
29.91833089894858,0.749999999999999,807.5172878709318,0.3763512000523034,9.56163589543903
29.64538333035915,0.7499999999999996,805.1458632463873,0.34226005748709054,9.557280033213207
30.533592520365175,0.7499999999999999,812.3103822560466,0.3435843261029572,9.584927270705984
30.983233749165517,0.75,818.623126310948,0.44336460257736626,9.647036025180114
30.983233749165517,0.75,818.623126310948,0.44336460257736626,9.647036025180114
30.23368605815211,0.7499999999999997,814.1606037987538,0.46172096679875774,9.602395160100832
29.886315719756038,0.7499999999999999,801.4133972682447,0.36261631058231625,9.544053272422385
29.886315719756038,0.7499999999999999,801.4133972682447,0.36261631058231625,9.544053272422385
30.262393842230384,0.7499999999999998,806.3784683950664,0.3868409358647634,9.73546120770356
31.0463705059356,0.7499999999999994,806.879160640915,0.40728650543765077,9.804675724339086
31.0463705059356,0.7499999999999994,806.879160640915,0.40728650543765077,9.804675724339086
31.0463705059356,0.7499999999999994,806.879160640915,0.40728650543765077,9.804675724339086
31.0463705059356,0.7499999999999994,806.879160640915,0.40728650543765077,9.804675724339086
31.0463705059356,0.7499999999999994,806.879160640915,0.40728650543765077,9.804675724339086
30.933825452060642,0.7499999999999998,810.123275699903,0.4094674824476449,9.888265807506054
30.933825452060642,0.7499999999999998,810.123275699903,0.4094674824476449,9.888265807506054
30.933825452060642,0.7499999999999998,810.123275699903,0.4094674824476449,9.888265807506054
31.320890763696273,0.7499999999999998,816.8474379936197,0.47859580380768274,9.922275258509206
31.320890763696273,0.7499999999999998,816.8474379936197,0.47859580380768274,9.922275258509206
30.318152670646345,0.7499999999999993,812.9121641353619,0.5033670195865542,9.652199549505292
31.117388996392208,0.7500000000000001,812.4527314624164,0.511941631078914,9.702831964516642
30.81575602028786,0.7499999999999989,813.7681140889474,0.41583311405348256,9.519167105510988
30.81575602028786,0.7499999999999989,813.7681140889474,0.41583311405348256,9.519167105510988
30.690930857842385,0.7499999999999997,817.2775494334417,0.3877049179603627,9.595089288088634
30.556775385011765,0.7499999999999996,818.0543049046219,0.43340577900474164,9.548751223455335
30.556775385011765,0.7499999999999996,818.0543049046219,0.43340577900474164,9.548751223455335
30.556775385011765,0.7499999999999996,818.0543049046219,0.43340577900474164,9.548751223455335
30.556775385011765,0.7499999999999996,818.0543049046219,0.43340577900474164,9.548751223455335
29.307203087822987,0.7499999999999992,820.4154883927808,0.38493122422277465,9.501902163363548
29.572940852049868,0.7499999999999996,822.0782178408479,0.4777666474564152,9.513271085842911
29.700587409896254,0.7500000000000004,818.6610332180087,0.40734582604877034,9.506052724623041
29.700587409896254,0.7500000000000004,818.6610332180087,0.40734582604877034,9.506052724623041
29.700587409896254,0.7500000000000004,818.6610332180087,0.40734582604877034,9.506052724623041
29.253870268262038,0.7499999999999993,821.0134311616449,0.35774713088974863,9.588153927102917
29.253870268262038,0.7499999999999993,821.0134311616449,0.35774713088974863,9.588153927102917
29.571094234972943,0.7499999999999998,819.5082242667994,0.5373617994807748,9.493764718287784
29.80495707931957,0.749999999999999,818.8476244129371,0.4971823615516037,9.496093039174815
30.417700401302195,0.75,816.7933045943287,0.5083412851559357,9.606211465077564
30.417700401302195,0.75,816.7933045943287,0.5083412851559357,9.606211465077564
29.96016318069362,0.7499999999999993,810.5127626861894,0.44644187967248977,9.579096401377239
29.96016318069362,0.7499999999999993,810.5127626861894,0.44644187967248977,9.579096401377239
30.200490099196344,0.7499999999999992,825.9134644949298,0.556951958448047,9.98072960630212
29.842823973832083,0.7499999999999987,822.7761028941155,0.4366292430029353,9.761205393557589
28.788039560862906,0.7499999999999994,822.6053777031905,0.3911187458559279,9.71535840955506
29.890877232845305,0.7499999999999996,815.8767230847515,0.42895521536789905,9.661653754365847
29.890877232845305,0.7499999999999996,815.8767230847515,0.42895521536789905,9.661653754365847
29.890877232845305,0.7499999999999996,815.8767230847515,0.42895521536789905,9.661653754365847
30.757734152960662,0.7499999999999984,811.9308069021872,0.35005498017728814,9.507711955562039
30.757734152960662,0.7499999999999984,811.9308069021872,0.35005498017728814,9.507711955562039
30.757734152960662,0.7499999999999984,811.9308069021872,0.35005498017728814,9.507711955562039
30.757734152960662,0.7499999999999984,811.9308069021872,0.35005498017728814,9.507711955562039
30.900720063565707,0.75,810.879993758125,0.40348416037719137,9.654650227771251
30.900720063565707,0.75,810.879993758125,0.40348416037719137,9.654650227771251
30.900720063565707,0.75,810.879993758125,0.40348416037719137,9.654650227771251
32.036505383867194,0.749999999999999,817.2870545039887,0.4548868062714068,9.7986765694019
30.50083348346989,0.7499999999999987,813.7319885184039,0.45670597911944827,9.714159773469342
30.50083348346989,0.7499999999999987,813.7319885184039,0.45670597911944827,9.714159773469342
30.50083348346989,0.7499999999999987,813.7319885184039,0.45670597911944827,9.714159773469342
30.50083348346989,0.7499999999999987,813.7319885184039,0.45670597911944827,9.714159773469342
30.50083348346989,0.7499999999999987,813.7319885184039,0.45670597911944827,9.714159773469342
32.12311206210213,0.7499999999999992,814.4850212378385,0.5413364551727614,10.011317169358739
30.796936200751784,0.7499999999999996,808.8848084668917,0.4586954913828239,9.909107418140522
29.95335834470769,0.7499999999999993,814.5105642154194,0.4362314459069128,9.796551944650918
29.95335834470769,0.7499999999999993,814.5105642154194,0.4362314459069128,9.796551944650918
30.53058379425892,0.7499999999999997,817.3626615537968,0.4335186877585948,9.863344855089512
31.384270368043836,0.7499999999999996,827.1070047265598,0.4217340481788859,9.933055137424947
30.23234221058296,0.7499999999999988,823.4723342423346,0.38971956954311654,9.606147821370621
30.488979338324732,0.7499999999999989,830.6715774607163,0.47198564438270685,9.629503777213216
30.488979338324732,0.7499999999999989,830.6715774607163,0.47198564438270685,9.629503777213216
30.81099493423954,0.7499999999999997,823.6857111009754,0.47013875285589013,9.63532445200065
30.81099493423954,0.7499999999999997,823.6857111009754,0.47013875285589013,9.63532445200065
30.83816146412779,0.7499999999999993,823.898209561939,0.5920018183779635,9.807165856235894
30.0742160016849,0.7499999999999996,812.1432622047262,0.38545927331804825,9.401828137503855
30.0742160016849,0.7499999999999996,812.1432622047262,0.38545927331804825,9.401828137503855
30.449331950735665,0.7499999999999996,819.7874247696344,0.5321877322042672,9.75973837334929
30.382192884609335,0.7499999999999996,822.9743388423105,0.47050751855350614,9.684946584019816
30.382192884609335,0.7499999999999996,822.9743388423105,0.47050751855350614,9.684946584019816
30.382192884609335,0.7499999999999996,822.9743388423105,0.47050751855350614,9.684946584019816
30.382192884609335,0.7499999999999996,822.9743388423105,0.47050751855350614,9.684946584019816
30.78667328074314,0.75,830.5117256858599,0.47557915847720517,9.794810278439925
30.644680310148402,0.7499999999999993,835.9936464242968,0.47610897056528256,9.885622998729422
30.644680310148402,0.7499999999999993,835.9936464242968,0.47610897056528256,9.885622998729422
30.696112635014828,0.7499999999999992,828.7377424605081,0.5500373392750387,9.803415435182691
30.145080366632865,0.7499999999999997,831.6057359643748,0.5637202835663025,9.557173759778888
30.145080366632865,0.7499999999999997,831.6057359643748,0.5637202835663025,9.557173759778888
29.155631651320775,0.7499999999999993,815.2974491098593,0.3833502066255309,9.355187412395807
28.961755631709128,0.7499999999999994,822.1972563739769,0.49267837476094656,9.449520106752995
28.961755631709128,0.7499999999999994,822.1972563739769,0.49267837476094656,9.449520106752995
28.961755631709128,0.7499999999999994,822.1972563739769,0.49267837476094656,9.449520106752995
28.697449630342916,0.75,844.8092710415885,0.4931711813377395,9.555373612409714
27.839910741008087,0.7499999999999992,843.139954078349,0.44871139239255137,9.629017951309944
28.807882860684938,0.7499999999999987,838.7704102831545,0.44549647149754423,9.710197307895877
28.807882860684938,0.7499999999999987,838.7704102831545,0.44549647149754423,9.710197307895877
28.238032410108868,0.7499999999999979,829.9545993402281,0.42857199435445364,9.729139488679147
28.238032410108868,0.7499999999999979,829.9545993402281,0.42857199435445364,9.729139488679147
28.84118290839094,0.7499999999999978,826.0175944595147,0.5705194494031447,9.572697394299562
28.84118290839094,0.7499999999999978,826.0175944595147,0.5705194494031447,9.572697394299562
28.84118290839094,0.7499999999999978,826.0175944595147,0.5705194494031447,9.572697394299562
28.470083495034885,0.7500000000000003,825.2178303650049,0.4068490882218144,9.721438363324548
28.14218074498156,0.7499999999999999,831.5965660170189,0.5150573362227533,9.806970212239184
28.14218074498156,0.7499999999999999,831.5965660170189,0.5150573362227533,9.806970212239184
28.742541717343155,0.7499999999999997,825.7102948558171,0.4551093273662296,9.66241566189222
28.742541717343155,0.7499999999999997,825.7102948558171,0.4551093273662296,9.66241566189222
27.6255699041204,0.7499999999999981,823.9740848502095,0.4527844982201543,9.502464294944417
27.6255699041204,0.7499999999999981,823.9740848502095,0.4527844982201543,9.502464294944417
28.337836100406253,0.7499999999999991,826.6782864877975,0.4646642016255254,9.554583262486313
28.337836100406253,0.7499999999999991,826.6782864877975,0.4646642016255254,9.554583262486313
28.64551220155539,0.7499999999999989,819.6038406219617,0.4520725183904812,9.599989920873009
28.64551220155539,0.7499999999999989,819.6038406219617,0.4520725183904812,9.599989920873009
28.64551220155539,0.7499999999999989,819.6038406219617,0.4520725183904812,9.599989920873009
28.852755039926517,0.7499999999999991,817.9600981756846,0.429491551084895,9.635060458477549
28.852755039926517,0.7499999999999991,817.9600981756846,0.429491551084895,9.635060458477549
29.72113966547273,0.7499999999999992,822.274228697289,0.5209817711097712,9.815186486731028
29.72113966547273,0.7499999999999992,822.274228697289,0.5209817711097712,9.815186486731028
29.72113966547273,0.7499999999999992,822.274228697289,0.5209817711097712,9.815186486731028
29.824329700985768,0.7499999999999997,827.0396617058989,0.4712544525372955,9.925068396587003
29.360891510336423,0.7499999999999998,821.4156706173004,0.38974834550472653,9.690113736125507
30.196364843399632,0.7499999999999986,825.0731450536468,0.4261232917460302,9.784086788266425
30.225132066123372,0.7499999999999994,822.5786889504221,0.6289953889998652,9.583485181669243
30.225132066123372,0.7499999999999994,822.5786889504221,0.6289953889998652,9.583485181669243
29.869230351936576,0.7499999999999994,818.4188214022197,0.4034523268899357,9.704295198539322
29.92545981357554,0.7499999999999999,825.2403597741147,0.4056975210969371,9.664608469243436
29.9661140800366,0.7499999999999991,829.2479693410237,0.46105578509933176,9.580844214802676
29.237697800170235,0.7499999999999976,828.9714220572092,0.5357726838875253,9.542649900119931
28.40474559751808,0.7499999999999991,819.2519091845394,0.3370749958448616,9.442219717467433
27.890270644896844,0.7499999999999993,822.2815566806095,0.3372516576293493,9.398005563896168
27.890270644896844,0.7499999999999993,822.2815566806095,0.3372516576293493,9.398005563896168
27.890270644896844,0.7499999999999993,822.2815566806095,0.3372516576293493,9.398005563896168
28.146873177461398,0.7499999999999993,823.5021800268767,0.36283787800550005,9.493074688212053
29.28052200566051,0.7499999999999999,832.3490786214642,0.6993212543398384,9.733842179143917
29.531940525705004,0.7499999999999991,831.1720910774575,0.5982052708658551,9.705237997629538
29.697750799263,0.7500000000000001,829.152933397073,0.5272164278228755,9.623811310835109
29.697750799263,0.7500000000000001,829.152933397073,0.5272164278228755,9.623811310835109
30.147580907707667,0.7499999999999989,820.6393188120452,0.49603557302842627,9.829166340502516
30.147580907707667,0.7499999999999989,820.6393188120452,0.49603557302842627,9.829166340502516
30.147580907707667,0.7499999999999989,820.6393188120452,0.49603557302842627,9.829166340502516
30.147580907707667,0.7499999999999989,820.6393188120452,0.49603557302842627,9.829166340502516
30.147580907707667,0.7499999999999989,820.6393188120452,0.49603557302842627,9.829166340502516
30.147580907707667,0.7499999999999989,820.6393188120452,0.49603557302842627,9.829166340502516
30.147580907707667,0.7499999999999989,820.6393188120452,0.49603557302842627,9.829166340502516
29.666522251135635,0.7499999999999987,816.8736915403309,0.37414560995115603,9.541635849680299
29.666522251135635,0.7499999999999987,816.8736915403309,0.37414560995115603,9.541635849680299
29.682542644243668,0.7499999999999998,821.4280065831397,0.4080770262684267,9.736042685457031
29.682542644243668,0.7499999999999998,821.4280065831397,0.4080770262684267,9.736042685457031
30.37874272973945,0.75,821.7827439065732,0.44298933164869847,9.638487089161316
30.37874272973945,0.75,821.7827439065732,0.44298933164869847,9.638487089161316
30.566708436870478,0.7499999999999991,815.5680547030252,0.3945231207389207,9.807686993125524
30.566708436870478,0.7499999999999991,815.5680547030252,0.3945231207389207,9.807686993125524
30.566708436870478,0.7499999999999991,815.5680547030252,0.3945231207389207,9.807686993125524
29.591448342973205,0.7499999999999988,821.2084466731436,0.3940626706211629,9.864067012380314
29.591448342973205,0.7499999999999988,821.2084466731436,0.3940626706211629,9.864067012380314
29.483871803578822,0.7499999999999977,825.3526679535424,0.4767241668946981,9.668435013853507
28.7798441071448,0.7499999999999996,839.4248735250515,0.42954289213965613,9.878771943756501
29.465915929820248,0.7499999999999994,838.9456368258508,0.46669555096448856,9.936647754266877
29.465915929820248,0.7499999999999994,838.9456368258508,0.46669555096448856,9.936647754266877
29.4085420681631,0.7499999999999984,835.0528243128579,0.43771574237375677,9.855821348726687
30.041791133738485,0.7499999999999997,835.8996098045733,0.45740962103168464,9.845012151755293
28.43822017103948,0.7499999999999988,827.8653327952304,0.3957341488684364,9.645963855940627
29.49833707642922,0.7499999999999999,821.6389409793308,0.39143925463501084,9.67625888721507
29.602900919905377,0.7499999999999993,830.7298431337448,0.4139990544510859,9.740084597805946
29.61787284010232,0.7499999999999987,824.8084154241876,0.4079727419143014,9.759361517556622
28.934750177479735,0.749999999999999,827.0806733950733,0.4542600024907807,9.784940079043002
29.17033371705127,0.7499999999999993,829.9803824599518,0.4498390832109304,9.825947017984253
28.921122076832294,0.7499999999999996,832.9408022253376,0.39051265000553803,9.768291452943814
28.921122076832294,0.7499999999999996,832.9408022253376,0.39051265000553803,9.768291452943814
29.4606965523767,0.7499999999999982,827.1903095601476,0.3747087576543557,9.783685151720718
29.4606965523767,0.7499999999999982,827.1903095601476,0.3747087576543557,9.783685151720718
27.90918873875144,0.7499999999999991,830.6096540648962,0.32934038247713004,9.61461351814375
27.90918873875144,0.7499999999999991,830.6096540648962,0.32934038247713004,9.61461351814375
28.822134920745636,0.7499999999999984,825.7846565624379,0.41156032590860625,9.731020484668255
28.822134920745636,0.7499999999999984,825.7846565624379,0.41156032590860625,9.731020484668255
29.6650189115406,0.7499999999999987,829.5035554757404,0.4904603887726007,9.848911868017094
29.6650189115406,0.7499999999999987,829.5035554757404,0.4904603887726007,9.848911868017094
29.90921568274646,0.7499999999999994,826.5125174685433,0.5294376808693347,9.884012894252795
30.499782907905896,0.7499999999999996,835.3688650323986,0.48358761819182844,10.09094921010952
30.27324811046535,0.7499999999999989,831.2707684543069,0.5259294665563302,10.071677997340387
30.27324811046535,0.7499999999999989,831.2707684543069,0.5259294665563302,10.071677997340387
28.847789551028125,0.7499999999999993,834.5761170783593,0.4409813534327328,9.84728103541606
29.735275243163795,0.7499999999999992,834.3697079548152,0.4565842818508641,9.829834726619714
29.596969884943757,0.7499999999999982,837.638379298719,0.5507122769121263,9.880360615025022
29.596969884943757,0.7499999999999982,837.638379298719,0.5507122769121263,9.880360615025022
30.672094128000904,0.7499999999999991,823.3014671214136,0.43815534717442345,9.681068309298817
30.672094128000904,0.7499999999999991,823.3014671214136,0.43815534717442345,9.681068309298817
30.001326257210348,0.7499999999999979,820.3081389581603,0.4224200543783179,9.639240344335613
28.046163869995205,0.75,829.5932356953942,0.517093245696526,9.628139750276086
28.046163869995205,0.75,829.5932356953942,0.517093245696526,9.628139750276086
28.046163869995205,0.75,829.5932356953942,0.517093245696526,9.628139750276086
27.096181044034232,0.749999999999999,833.5135450105781,0.5586408387158627,9.686066076874548
27.2010099640196,0.7499999999999996,836.4359531927523,0.40522014879837165,9.773773499797064
28.487399653220912,0.7499999999999989,824.6888509647919,0.4077802612624026,9.645801797205356
29.67189708257243,0.7499999999999994,817.9790095978661,0.4901946679694302,9.569369598821803
29.690763721915115,0.7499999999999998,813.0796913829818,0.44499849521041757,9.435264836917096
29.690763721915115,0.7499999999999998,813.0796913829818,0.44499849521041757,9.435264836917096
28.781767969581868,0.7499999999999996,810.960855912428,0.37697611222309757,9.243897665723122
30.058191691932574,0.7499999999999987,811.3784574330276,0.45265936059626366,9.300142193768096
30.058191691932574,0.7499999999999987,811.3784574330276,0.45265936059626366,9.300142193768096
30.51339548878441,0.7499999999999991,817.3480378507049,0.45436873392484173,9.326567839042212
30.51339548878441,0.7499999999999991,817.3480378507049,0.45436873392484173,9.326567839042212
30.51339548878441,0.7499999999999991,817.3480378507049,0.45436873392484173,9.326567839042212
29.832372520254303,0.7499999999999999,817.8970286403046,0.44013717623369286,9.242850392608522
30.114462135709186,0.7499999999999992,816.5362096218337,0.40338062698857235,9.312548634408945
30.61970950995305,0.7499999999999993,808.4974357145226,0.509650826122178,9.410251385627134
30.61970950995305,0.7499999999999993,808.4974357145226,0.509650826122178,9.410251385627134
30.61970950995305,0.7499999999999993,808.4974357145226,0.509650826122178,9.410251385627134
29.96612110998752,0.7499999999999997,805.9211495606753,0.3779667197301242,9.289750216521526
29.900465275227763,0.749999999999999,815.843052402237,0.39728459941465905,9.36119837118172
29.900465275227763,0.749999999999999,815.843052402237,0.39728459941465905,9.36119837118172
29.96227670810311,0.7499999999999994,816.2651956969523,0.3873873827828302,9.616843537053418
28.517875551665064,0.7499999999999996,810.7676110244397,0.34082388971494343,9.433035465191352
30.70769483226808,0.7499999999999987,815.1760787404273,0.5094419818708588,9.575425772048636
30.576954923816793,0.7499999999999988,810.1786221220044,0.5073915984785055,9.339773150163705
30.311127019793453,0.7499999999999986,807.844609703848,0.579214238275912,9.38488562387371
31.1089876520858,0.7499999999999989,805.548302447299,0.41443403369013604,9.41459716023588
29.929294693798315,0.7499999999999992,807.3762308128602,0.4362567089462749,9.539861341515877
29.929294693798315,0.7499999999999992,807.3762308128602,0.4362567089462749,9.539861341515877
30.7277416031105,0.7499999999999991,807.0202388964472,0.541950638466409,9.666361078760442
30.1188471432898,0.7499999999999983,815.7517194136964,0.5371923607051616,9.917911524022134
30.490091826959745,0.7499999999999989,804.1720437458285,0.4228128081716562,9.75506542395919
29.778667245727483,0.749999999999999,810.9736204497522,0.45779649875097167,9.766404896575906
30.24066010228447,0.75,808.0853714770858,0.5632373035098887,9.924396907968315
30.15227931731703,0.7499999999999991,807.745800995749,0.4864762338036226,9.931960053401898
29.841107456793534,0.749999999999999,817.2311856529798,0.4396862042642781,9.920169478262105
29.841107456793534,0.749999999999999,817.2311856529798,0.4396862042642781,9.920169478262105
29.025701737664434,0.7499999999999994,814.0620358734419,0.5064136863924127,9.85505672347723
29.5375572306509,0.7499999999999992,815.9723684098457,0.360644653859011,9.752808010969156
29.041597892343464,0.7499999999999984,816.9202624031545,0.37298434318256524,9.85325669316487
29.223809417578423,0.7499999999999994,814.3421959753867,0.36072865738196647,9.75877925902006
29.223809417578423,0.7499999999999994,814.3421959753867,0.36072865738196647,9.75877925902006
29.223809417578423,0.7499999999999994,814.3421959753867,0.36072865738196647,9.75877925902006
29.223809417578423,0.7499999999999994,814.3421959753867,0.36072865738196647,9.75877925902006
29.223809417578423,0.7499999999999994,814.3421959753867,0.36072865738196647,9.75877925902006
29.223809417578423,0.7499999999999994,814.3421959753867,0.36072865738196647,9.75877925902006
29.362220911663186,0.7499999999999993,808.8972524439932,0.3575861793254153,9.844938161685329
29.362220911663186,0.7499999999999993,808.8972524439932,0.3575861793254153,9.844938161685329
29.070650431468607,0.7499999999999997,818.8465183444673,0.3687251036521582,9.71655949798819
28.937681299414784,0.7499999999999993,815.8743553051618,0.3640784473922695,9.790348274052173
28.937681299414784,0.7499999999999993,815.8743553051618,0.3640784473922695,9.790348274052173
29.204150723958985,0.7499999999999979,820.1213385806376,0.40601083828177725,9.823158074812062
29.204150723958985,0.7499999999999979,820.1213385806376,0.40601083828177725,9.823158074812062
29.204150723958985,0.7499999999999979,820.1213385806376,0.40601083828177725,9.823158074812062
29.204150723958985,0.7499999999999979,820.1213385806376,0.40601083828177725,9.823158074812062
29.204150723958985,0.7499999999999979,820.1213385806376,0.40601083828177725,9.823158074812062
29.204150723958985,0.7499999999999979,820.1213385806376,0.40601083828177725,9.823158074812062
28.91926123024141,0.7499999999999997,821.991655825475,0.3571904100256063,9.669928698063728
28.91926123024141,0.7499999999999997,821.991655825475,0.3571904100256063,9.669928698063728
29.148428972595784,0.7499999999999979,819.9054672371326,0.40429894389677123,9.679565734940274
29.67171262800401,0.749999999999999,812.1048004835575,0.41671702027579327,9.54687973680556
30.05603412944839,0.7499999999999988,810.971752704114,0.454349592290024,9.640518753767319
30.05603412944839,0.7499999999999988,810.971752704114,0.454349592290024,9.640518753767319
30.49478627571447,0.7499999999999997,815.0734770878148,0.4725117285884565,9.741428942403962
29.08402091293241,0.7499999999999989,816.6600085941906,0.43750636133131926,9.726386281548736
30.205862974086305,0.7499999999999998,817.1635109840884,0.42238776509427595,9.835135376538625
30.444822160504028,0.7500000000000001,818.608008581416,0.48887658997153727,9.775833471116158
31.100739056350342,0.7500000000000001,814.7693758638143,0.43307786650509156,9.693761398373587
31.100739056350342,0.7500000000000001,814.7693758638143,0.43307786650509156,9.693761398373587
30.348895521156333,0.7499999999999989,811.8889253889811,0.4479601231244998,9.7814692333076
30.148991741855678,0.7500000000000002,810.498529110346,0.43123522457298213,9.738196052749396
30.148991741855678,0.7500000000000002,810.498529110346,0.43123522457298213,9.738196052749396
28.294656949680192,0.7499999999999992,813.3683686757455,0.5331347039141034,9.457973703782653
28.294656949680192,0.7499999999999992,813.3683686757455,0.5331347039141034,9.457973703782653
28.294656949680192,0.7499999999999992,813.3683686757455,0.5331347039141034,9.457973703782653
28.294656949680192,0.7499999999999992,813.3683686757455,0.5331347039141034,9.457973703782653
28.294656949680192,0.7499999999999992,813.3683686757455,0.5331347039141034,9.457973703782653
28.29266924367183,0.7499999999999997,811.3625892183715,0.3660710802116265,9.43808838412789
27.870341028390115,0.7499999999999998,813.5763317319421,0.276432030085071,9.375190638067787
28.163789302410894,0.7499999999999996,811.3063180297397,0.31005882596037865,9.44768615637891
28.163789302410894,0.7499999999999996,811.3063180297397,0.31005882596037865,9.44768615637891
29.83757192281101,0.749999999999999,813.2355939552367,0.40402854636533125,9.521623931779066
29.83757192281101,0.749999999999999,813.2355939552367,0.40402854636533125,9.521623931779066
30.193453936105588,0.7499999999999999,814.5860895317912,0.5568708363564017,9.797551433962173
29.559996932547275,0.7499999999999994,812.9786539948996,0.42450918526617704,9.708315417807958
29.559996932547275,0.7499999999999994,812.9786539948996,0.42450918526617704,9.708315417807958
29.921031134484107,0.7499999999999986,822.1966103715359,0.47558697121522914,9.821328729055276
29.921031134484107,0.7499999999999986,822.1966103715359,0.47558697121522914,9.821328729055276
29.240502977690547,0.7499999999999989,819.1731329299057,0.45662358436231126,9.81422361486977
29.287029552753584,0.7500000000000001,814.4812842483351,0.45522295297324533,9.608640685257035
29.54523410821842,0.7499999999999988,810.0264898086712,0.45805078857262876,9.759294586764304
30.223540587014124,0.7499999999999997,824.594885484005,0.4597062405345596,9.87764143950939
29.566426482032323,0.7499999999999994,826.0964947106352,0.49434973655145353,9.831685454388102
29.566426482032323,0.7499999999999994,826.0964947106352,0.49434973655145353,9.831685454388102
29.70722427393105,0.749999999999999,820.3983395569426,0.366781930412551,9.817393180811653
29.70722427393105,0.749999999999999,820.3983395569426,0.366781930412551,9.817393180811653
28.85449288306506,0.7499999999999998,828.7070792693158,0.3867612038303142,9.88086471643311
29.023152260711512,0.7499999999999991,825.2577170910735,0.46585008264838595,9.940833650234643
29.023152260711512,0.7499999999999991,825.2577170910735,0.46585008264838595,9.940833650234643
29.136979307538812,0.7499999999999998,819.2232208309869,0.4288729979074082,9.71384543816399
28.928009677722983,0.75,815.556159193065,0.3524617376487533,9.608310304267032
28.273473062586405,0.7499999999999992,822.91329611216,0.3663219043581483,9.724943596715889
29.229989698881027,0.7499999999999984,815.8528690497399,0.47692002245336546,9.854434512272888
29.229989698881027,0.7499999999999984,815.8528690497399,0.47692002245336546,9.854434512272888
29.229989698881027,0.7499999999999984,815.8528690497399,0.47692002245336546,9.854434512272888
27.924445434165104,0.7499999999999984,818.2715538918668,0.3813515387370821,9.557015436304294
27.924445434165104,0.7499999999999984,818.2715538918668,0.3813515387370821,9.557015436304294
27.924445434165104,0.7499999999999984,818.2715538918668,0.3813515387370821,9.557015436304294
29.36602217460126,0.7499999999999994,819.064010642967,0.519279656620356,9.709402778531366
29.36602217460126,0.7499999999999994,819.064010642967,0.519279656620356,9.709402778531366
30.24608845244746,0.7499999999999991,828.800999639904,0.49649571410898485,9.942573894360441
30.00345381446128,0.7499999999999994,822.3644970899522,0.42924144429251887,9.62801117067074
30.396510925505485,0.7499999999999994,819.6458840052462,0.41453900075748495,9.595343986854317
30.396510925505485,0.7499999999999994,819.6458840052462,0.41453900075748495,9.595343986854317
30.396510925505485,0.7499999999999994,819.6458840052462,0.41453900075748495,9.595343986854317
29.776506785252348,0.7499999999999998,817.7424037023927,0.3832094322664561,9.551056040646078
29.776506785252348,0.7499999999999998,817.7424037023927,0.3832094322664561,9.551056040646078
29.950795503761935,0.7499999999999997,815.8261079786251,0.46185796870712736,9.733948438905301
29.852885597599517,0.7499999999999999,821.5774441851959,0.4889403713003181,9.773077513549953
28.722247243671948,0.7499999999999991,822.6182158044336,0.5273412556664733,9.664256822237103
28.772140772810268,0.7499999999999997,817.009836394801,0.5498113871487721,9.661339629954188
28.201185493897043,0.7500000000000001,816.8299180538208,0.5691084644797203,9.392357190712929
28.6867938850967,0.75,814.1956265396055,0.5801635436573914,9.5132625163776
29.94045141151278,0.7499999999999983,807.3242748172813,0.5543382526762574,9.721777920911745
29.94045141151278,0.7499999999999983,807.3242748172813,0.5543382526762574,9.721777920911745
29.94045141151278,0.7499999999999983,807.3242748172813,0.5543382526762574,9.721777920911745
29.94045141151278,0.7499999999999983,807.3242748172813,0.5543382526762574,9.721777920911745
29.94045141151278,0.7499999999999983,807.3242748172813,0.5543382526762574,9.721777920911745
29.683269211002287,0.749999999999999,811.4964515592966,0.4793840532679311,9.762779566538299
29.393860601718263,0.7499999999999997,811.1249559366779,0.43231366959544276,9.655750242755186
30.54024766824571,0.7499999999999984,815.3922842415266,0.6618698750114024,9.86516678331201
30.088946831402104,0.7499999999999986,814.083804279249,0.3949047179298063,9.718035330934233
30.088946831402104,0.7499999999999986,814.083804279249,0.3949047179298063,9.718035330934233
30.088946831402104,0.7499999999999986,814.083804279249,0.3949047179298063,9.718035330934233
30.088946831402104,0.7499999999999986,814.083804279249,0.3949047179298063,9.718035330934233
29.82474368664112,0.7499999999999982,819.0844051722198,0.4309504154022417,9.776431307234692
29.82474368664112,0.7499999999999982,819.0844051722198,0.4309504154022417,9.776431307234692
29.032276954002306,0.7499999999999972,811.9305987022516,0.4007896448334745,9.607687154596096
29.81166704907733,0.749999999999999,809.2456806192024,0.3974841060714145,9.625007367683134
29.797930718966647,0.7499999999999993,816.0159161700527,0.46016193561959967,9.791535815709185
30.905506552306232,0.7499999999999991,814.6062275501123,0.5859466336969066,9.766893610509943
30.244601861011738,0.7499999999999994,807.9391437374013,0.4650287277527358,9.69235681479159
30.244601861011738,0.7499999999999994,807.9391437374013,0.4650287277527358,9.69235681479159
30.244601861011738,0.7499999999999994,807.9391437374013,0.4650287277527358,9.69235681479159
30.33538892132163,0.7499999999999969,808.5279974213704,0.6172571350659275,9.612113917522507
30.33538892132163,0.7499999999999969,808.5279974213704,0.6172571350659275,9.612113917522507
30.32975551319906,0.7499999999999991,810.3836744772143,0.6004727974537458,9.643421118674041
29.771356878163683,0.7499999999999986,808.4130844448896,0.43755107754386113,9.568285250058883
30.053858812751503,0.7499999999999976,801.3305351606498,0.38736222208460247,9.465328761880139
29.452538295878067,0.7499999999999996,807.8456800499754,0.385178600025905,9.735464636667064
29.452538295878067,0.7499999999999996,807.8456800499754,0.385178600025905,9.735464636667064
29.452538295878067,0.7499999999999996,807.8456800499754,0.385178600025905,9.735464636667064
29.452538295878067,0.7499999999999996,807.8456800499754,0.385178600025905,9.735464636667064
30.353292809874453,0.749999999999999,804.4321922979491,0.49224496956227726,9.778954874421785
31.617061910253717,0.75,807.4543037072002,0.6044886265233672,9.947341999172451
31.617061910253717,0.75,807.4543037072002,0.6044886265233672,9.947341999172451
30.981454272554608,0.749999999999999,804.1714590733399,0.5004386142169975,9.735399555360127
30.981454272554608,0.749999999999999,804.1714590733399,0.5004386142169975,9.735399555360127
30.981454272554608,0.749999999999999,804.1714590733399,0.5004386142169975,9.735399555360127
30.981454272554608,0.749999999999999,804.1714590733399,0.5004386142169975,9.735399555360127
30.4169929156285,0.7499999999999997,802.8199928103335,0.4984653743883319,9.787160226684733
30.4169929156285,0.7499999999999997,802.8199928103335,0.4984653743883319,9.787160226684733
29.357942646273685,0.7499999999999996,797.0418071759085,0.5195385749189054,9.665682202491078
28.97676414049123,0.75,808.5777172593674,0.421732793110703,9.739113748573299
29.768091928726257,0.7499999999999989,809.8809333043558,0.48080099007059957,9.68411898574702
30.373540734009207,0.7499999999999997,804.306242382902,0.384656620866665,9.674224822824556
30.373540734009207,0.7499999999999997,804.306242382902,0.384656620866665,9.674224822824556
30.405900905930906,0.7499999999999997,808.8125494084741,0.4254149429525046,9.83291063227053
30.405900905930906,0.7499999999999997,808.8125494084741,0.4254149429525046,9.83291063227053
30.56498434269714,0.7499999999999992,812.0960760712363,0.5553249104150932,9.856420879153461
30.239156118639624,0.749999999999999,804.8566419038842,0.42083916530054316,9.968841420260071
30.239156118639624,0.749999999999999,804.8566419038842,0.42083916530054316,9.968841420260071
30.116318555373468,0.7499999999999984,801.3541579981938,0.4715504711296012,9.746425442321202
29.72754265491833,0.7499999999999989,807.2086617142436,0.5190629154697465,9.95774402168612
29.318640497293607,0.7499999999999987,814.1180919330693,0.4918448930960951,9.988515130328377
29.318640497293607,0.7499999999999987,814.1180919330693,0.4918448930960951,9.988515130328377
29.12226475355355,0.7499999999999984,806.348084091343,0.3949022100183889,9.74349642221119
30.183131139673744,0.7500000000000001,804.1966348444082,0.40413948041447495,9.711331429692688
30.183131139673744,0.7500000000000001,804.1966348444082,0.40413948041447495,9.711331429692688
30.183131139673744,0.7500000000000001,804.1966348444082,0.40413948041447495,9.711331429692688
30.183131139673744,0.7500000000000001,804.1966348444082,0.40413948041447495,9.711331429692688
30.75213010427777,0.7499999999999999,807.2562016168129,0.5347137158250503,9.972896798529732
30.75213010427777,0.7499999999999999,807.2562016168129,0.5347137158250503,9.972896798529732
31.108132203724793,0.7499999999999979,816.2780679605039,0.48952722035912816,10.193886301951363
30.84018049789251,0.7499999999999994,803.7677412671824,0.4427769223315493,9.794981157892511
30.348737442756242,0.7499999999999993,801.317175619958,0.4395093678867533,9.804334940641505
30.348737442756242,0.7499999999999993,801.317175619958,0.4395093678867533,9.804334940641505
30.348737442756242,0.7499999999999993,801.317175619958,0.4395093678867533,9.804334940641505
30.348737442756242,0.7499999999999993,801.317175619958,0.4395093678867533,9.804334940641505
30.348737442756242,0.7499999999999993,801.317175619958,0.4395093678867533,9.804334940641505
30.348737442756242,0.7499999999999993,801.317175619958,0.4395093678867533,9.804334940641505
30.348737442756242,0.7499999999999993,801.317175619958,0.4395093678867533,9.804334940641505
30.348737442756242,0.7499999999999993,801.317175619958,0.4395093678867533,9.804334940641505
30.348737442756242,0.7499999999999993,801.317175619958,0.4395093678867533,9.804334940641505
30.348737442756242,0.7499999999999993,801.317175619958,0.4395093678867533,9.804334940641505
30.348737442756242,0.7499999999999993,801.317175619958,0.4395093678867533,9.804334940641505
30.348737442756242,0.7499999999999993,801.317175619958,0.4395093678867533,9.804334940641505
30.348737442756242,0.7499999999999993,801.317175619958,0.4395093678867533,9.804334940641505
30.348737442756242,0.7499999999999993,801.317175619958,0.4395093678867533,9.804334940641505
30.348737442756242,0.7499999999999993,801.317175619958,0.4395093678867533,9.804334940641505
31.06541733173804,0.7500000000000001,798.044715255501,0.4041374870106658,9.809059910794076
30.824104944297943,0.7499999999999996,798.8723123728647,0.3854248054351877,9.892964654992104
30.824104944297943,0.7499999999999996,798.8723123728647,0.3854248054351877,9.892964654992104
30.824104944297943,0.7499999999999996,798.8723123728647,0.3854248054351877,9.892964654992104
30.824104944297943,0.7499999999999996,798.8723123728647,0.3854248054351877,9.892964654992104
30.824104944297943,0.7499999999999996,798.8723123728647,0.3854248054351877,9.892964654992104
30.94397290307079,0.7499999999999993,801.8391717561695,0.4130299122737311,9.935568629727126
30.19454851890948,0.7499999999999982,804.6419382499307,0.3979888379521635,9.744109878798952
30.47363618100351,0.7499999999999999,809.6463402840287,0.4385193404283627,9.757382803317137
30.487518245155005,0.7499999999999997,808.7384515552458,0.4154044954464103,9.84843742603399
30.487518245155005,0.7499999999999997,808.7384515552458,0.4154044954464103,9.84843742603399
30.428555536350668,0.7499999999999993,806.3911374186807,0.4529308920686032,9.840159878860309
30.428555536350668,0.7499999999999993,806.3911374186807,0.4529308920686032,9.840159878860309
31.639440922353884,0.7499999999999979,807.5521605435287,0.5063177586710146,9.880803636653436
30.519163467562297,0.7499999999999997,806.1744015685025,0.49784865999297007,9.822781890746544
30.519163467562297,0.7499999999999997,806.1744015685025,0.49784865999297007,9.822781890746544
30.30389232627414,0.7499999999999999,813.0999508502937,0.4356063576207697,9.80941148062268
29.004283361951508,0.7499999999999997,805.4514397572873,0.37508911172203147,9.693101893145657
29.726549902011186,0.7499999999999991,807.7060440024203,0.40727483666619835,9.608333602743738
30.58279033728976,0.7499999999999999,810.6122644468586,0.5022931002981903,9.775763338851865
30.845839104529663,0.7499999999999984,816.468322670225,0.48313934844692424,9.931206585038174
31.3303418664126,0.7499999999999988,812.5993287285326,0.5080495324573393,9.783501218232828
31.3303418664126,0.7499999999999988,812.5993287285326,0.5080495324573393,9.783501218232828
29.532857034877637,0.7500000000000002,813.7098224393565,0.37780839665860966,9.672794024340002
29.532857034877637,0.7500000000000002,813.7098224393565,0.37780839665860966,9.672794024340002
29.532857034877637,0.7500000000000002,813.7098224393565,0.37780839665860966,9.672794024340002
29.532857034877637,0.7500000000000002,813.7098224393565,0.37780839665860966,9.672794024340002
29.078933019967085,0.749999999999998,820.7574332893507,0.5521838581934214,9.658546754548922
30.37799633708845,0.7499999999999996,817.4373621077448,0.44582157465176214,9.645543451251617
30.16604617367813,0.7499999999999991,816.7106670416039,0.4266006848558789,9.930097470707981
29.65785886961186,0.7499999999999977,815.9526349169236,0.4380393989348549,9.704316763037545
29.409822882303377,0.7499999999999996,810.5281580507649,0.37024162852441456,9.765136577650912
29.409822882303377,0.7499999999999996,810.5281580507649,0.37024162852441456,9.765136577650912
29.053621559385217,0.7499999999999982,806.6398551822914,0.3423851504454944,9.606420714606625
28.901188741888124,0.7499999999999993,812.926588912206,0.3609036519531341,9.577427213595248
28.901188741888124,0.7499999999999993,812.926588912206,0.3609036519531341,9.577427213595248
28.901188741888124,0.7499999999999993,812.926588912206,0.3609036519531341,9.577427213595248
29.182405920108046,0.7499999999999996,813.3153349671892,0.3622089843859921,9.699038764626303
29.519126149317557,0.7499999999999991,816.0851388742502,0.38973301376486535,9.887878041611947
29.519126149317557,0.7499999999999991,816.0851388742502,0.38973301376486535,9.887878041611947
29.153117391781677,0.7499999999999996,811.4920051267037,0.3919322075902748,9.74291507823485
29.153117391781677,0.7499999999999996,811.4920051267037,0.3919322075902748,9.74291507823485
28.756338460418576,0.7499999999999996,809.6595368022399,0.38184163878985383,9.54539082704984
28.756338460418576,0.7499999999999996,809.6595368022399,0.38184163878985383,9.54539082704984
28.638279539690252,0.7499999999999992,815.7911012679829,0.4178453639778284,9.588036768287001
28.638279539690252,0.7499999999999992,815.7911012679829,0.4178453639778284,9.588036768287001
28.96870162017492,0.7500000000000001,809.484773105495,0.42473314475443297,9.559929990276009
29.993562133563564,0.7499999999999992,804.5887018781456,0.4342993248806728,9.32037866597002
28.531263451410727,0.75,805.6724677263771,0.3341677256721617,9.297113242500316
29.733336891419583,0.7499999999999981,811.8739863151108,0.5226668739937738,9.54316053865556
29.627859454782996,0.7499999999999997,815.7118436208475,0.3954786907324307,9.546353525062136
29.627859454782996,0.7499999999999997,815.7118436208475,0.3954786907324307,9.546353525062136
29.479420528348633,0.7499999999999996,809.589927448614,0.41032644606482677,9.489508522828078
29.649473927027504,0.7499999999999989,813.2660103849923,0.41972719045648543,9.479185521789262
30.371693516980834,0.7499999999999992,805.6065007265028,0.4503078359424882,9.430162988184218
30.03974547578849,0.7499999999999997,803.6797126190681,0.4913262399530179,9.355671522137635
29.56055007620534,0.749999999999998,798.5889023066848,0.45753870887786446,9.390005599127667
29.56055007620534,0.749999999999998,798.5889023066848,0.45753870887786446,9.390005599127667
29.99045741101423,0.7499999999999992,805.2388354370432,0.4751989271551761,9.610655623413132
29.99045741101423,0.7499999999999992,805.2388354370432,0.4751989271551761,9.610655623413132
29.99045741101423,0.7499999999999992,805.2388354370432,0.4751989271551761,9.610655623413132
29.99045741101423,0.7499999999999992,805.2388354370432,0.4751989271551761,9.610655623413132
29.99045741101423,0.7499999999999992,805.2388354370432,0.4751989271551761,9.610655623413132
30.277997067135573,0.7499999999999997,817.1314612357085,0.7611939178001336,9.614897269356618
30.71260793692476,0.7499999999999998,817.2800397438759,0.5413814257572406,9.714891581192427
30.93723933563871,0.7499999999999988,815.043589207298,0.6245374277045471,9.7911177250056
30.475363648122567,0.7499999999999981,813.732263549589,0.47094137037713846,9.739223737074932
29.790580179016338,0.7499999999999994,813.0452562541983,0.6004751066698054,9.65287401144899
30.276111017998588,0.7499999999999997,815.2758622699075,0.40875388996956924,9.640214834497215
30.505980591744528,0.7499999999999993,814.7490039182678,0.38979359160794724,9.583980501389965
30.098866929202153,0.7499999999999988,810.3410277666685,0.45802291646846394,9.692662960202327
30.453615514246078,0.7499999999999997,813.0531794007302,0.45902079066721896,9.82492849014198
30.453615514246078,0.7499999999999997,813.0531794007302,0.45902079066721896,9.82492849014198
30.453615514246078,0.7499999999999997,813.0531794007302,0.45902079066721896,9.82492849014198
30.453615514246078,0.7499999999999997,813.0531794007302,0.45902079066721896,9.82492849014198
30.453615514246078,0.7499999999999997,813.0531794007302,0.45902079066721896,9.82492849014198
30.453615514246078,0.7499999999999997,813.0531794007302,0.45902079066721896,9.82492849014198
30.453615514246078,0.7499999999999997,813.0531794007302,0.45902079066721896,9.82492849014198
30.45128654143583,0.7499999999999996,813.7245948830392,0.4650336044160813,9.869113835702581
30.45128654143583,0.7499999999999996,813.7245948830392,0.4650336044160813,9.869113835702581
30.45128654143583,0.7499999999999996,813.7245948830392,0.4650336044160813,9.869113835702581
30.310006126400094,0.7499999999999997,813.4116622561363,0.413086322298649,9.571436721577982
29.862651468745348,0.7499999999999999,803.8478485635914,0.3530964484858764,9.59695426359379
29.839242189125834,0.75,812.6286480033916,0.4037043015407307,9.663286433084645
29.839242189125834,0.75,812.6286480033916,0.4037043015407307,9.663286433084645
30.017583193754156,0.7499999999999992,817.2022476253333,0.4334367425644908,9.66738308766308
30.017583193754156,0.7499999999999992,817.2022476253333,0.4334367425644908,9.66738308766308
30.208551395497935,0.7499999999999988,810.0337179699533,0.46153293877598583,9.67150881423862
30.1248040727061,0.7499999999999993,814.3815616804116,0.4320364146485835,9.91913107246483
30.1248040727061,0.7499999999999993,814.3815616804116,0.4320364146485835,9.91913107246483
30.398609974253162,0.7499999999999997,816.6485453612268,0.41425417171258744,9.913917557271892
30.398609974253162,0.7499999999999997,816.6485453612268,0.41425417171258744,9.913917557271892
30.504947398057766,0.7499999999999996,814.0329535131729,0.40478533298840147,9.819981508831663
30.455295836971864,0.7499999999999998,815.2238179462727,0.47009304941088226,9.888378206449861
30.61334613974505,0.7499999999999978,811.1727570370102,0.4390248647943079,9.691787609837146
30.835148873844254,0.7499999999999988,815.0970962388192,0.5671753169981597,9.81956221537752
30.835148873844254,0.7499999999999988,815.0970962388192,0.5671753169981597,9.81956221537752
30.735926264329127,0.7499999999999996,810.3844004478494,0.4822359617868945,9.693423098615174
31.686518560207006,0.7499999999999999,813.2259497374644,0.5263454850441823,9.884778466668786
31.76478660117473,0.7499999999999994,810.2534491568338,0.5442114078652459,9.988240120128495
30.972505737393593,0.7499999999999994,808.8218751961871,0.42707201447432724,9.932342064102372
30.972505737393593,0.7499999999999994,808.8218751961871,0.42707201447432724,9.932342064102372
29.99469365064064,0.7499999999999999,810.7599216042615,0.442123321049998,9.81775935852104
29.99469365064064,0.7499999999999999,810.7599216042615,0.442123321049998,9.81775935852104
29.99469365064064,0.7499999999999999,810.7599216042615,0.442123321049998,9.81775935852104
29.99469365064064,0.7499999999999999,810.7599216042615,0.442123321049998,9.81775935852104
29.663501725850566,0.7499999999999992,814.7001763692216,0.4562145127843266,9.889624348090285
30.4526541302957,0.7499999999999989,816.5331607523638,0.47440558641683095,9.586614372962421
30.4526541302957,0.7499999999999989,816.5331607523638,0.47440558641683095,9.586614372962421
29.64786241834122,0.7499999999999996,801.9274761913895,0.43644666892758294,9.564024182317127
29.64786241834122,0.7499999999999996,801.9274761913895,0.43644666892758294,9.564024182317127
29.64786241834122,0.7499999999999996,801.9274761913895,0.43644666892758294,9.564024182317127
29.64786241834122,0.7499999999999996,801.9274761913895,0.43644666892758294,9.564024182317127
29.64786241834122,0.7499999999999996,801.9274761913895,0.43644666892758294,9.564024182317127
29.64786241834122,0.7499999999999996,801.9274761913895,0.43644666892758294,9.564024182317127
29.25477648740836,0.7499999999999993,795.7774660408452,0.3589540354451106,9.542077065102223
31.235574092122743,0.749999999999999,803.922930881652,0.5718730131265815,9.725251893241483
30.85429101621258,0.7499999999999999,800.3620987263705,0.5192961695684377,9.722144204824811
30.85429101621258,0.7499999999999999,800.3620987263705,0.5192961695684377,9.722144204824811
30.30426744191796,0.7499999999999993,800.1085769683414,0.48982172592820006,9.807094682687913
31.737689512476184,0.7499999999999997,802.3356384293214,0.5927975122608236,9.772154559830204
31.737689512476184,0.7499999999999997,802.3356384293214,0.5927975122608236,9.772154559830204
29.269374791810108,0.7499999999999984,801.7981842878003,0.49736610396092584,9.706454906890865
29.269374791810108,0.7499999999999984,801.7981842878003,0.49736610396092584,9.706454906890865
30.006970594121885,0.7499999999999988,809.5331933221792,0.5030500770055945,9.756400877236217
30.791369495013935,0.7499999999999984,816.8672046703913,0.5460732639384112,9.802399322817427
30.60072280592986,0.7499999999999994,815.892698145702,0.501694388919979,9.852647819074292
29.462937877041544,0.749999999999999,812.4184298537888,0.4496462341328706,9.929808290935956
29.37459212857783,0.7499999999999992,810.7926609742079,0.4637229958617059,9.96381521542233
29.37459212857783,0.7499999999999992,810.7926609742079,0.4637229958617059,9.96381521542233
30.67224877265175,0.7499999999999994,808.2554374301816,0.5674814688844748,9.961860066474197
30.67224877265175,0.7499999999999994,808.2554374301816,0.5674814688844748,9.961860066474197
30.67224877265175,0.7499999999999994,808.2554374301816,0.5674814688844748,9.961860066474197
30.957146943548583,0.7499999999999994,805.3236655423368,0.5230968063282776,10.031285948980848
30.957146943548583,0.7499999999999994,805.3236655423368,0.5230968063282776,10.031285948980848
30.974683181524558,0.7499999999999994,808.1830774681052,0.5667969726747204,10.02690722502247
30.974683181524558,0.7499999999999994,808.1830774681052,0.5667969726747204,10.02690722502247
30.974683181524558,0.7499999999999994,808.1830774681052,0.5667969726747204,10.02690722502247
30.800636517694546,0.7499999999999994,803.031825593646,0.554714401228104,10.000724404355504
31.526083847969076,0.7499999999999992,806.9937038384292,0.4881009446640229,10.149755933053848
30.87513542404611,0.7499999999999993,803.1945760697303,0.4238684500910942,9.764412996304113
31.018130284085316,0.7499999999999993,806.8991262546157,0.37289685811773426,9.835625956216873
30.593785215123432,0.7499999999999988,810.3746931731754,0.4244433795923722,9.888985568680559
30.593785215123432,0.7499999999999988,810.3746931731754,0.4244433795923722,9.888985568680559
31.02379406430384,0.7499999999999996,807.1780762278822,0.4376629692712776,9.697296911257382
30.77042606272466,0.7499999999999993,809.5457071633466,0.42427891346363944,9.757516873735309
31.564265585197703,0.7499999999999987,803.8698724921552,0.44188401331922067,9.663762222537816
31.201562786067292,0.7499999999999991,799.2320365930946,0.39273733164345465,9.581878452977628
31.04516743484884,0.7499999999999988,791.0066775810882,0.44765773684090937,9.75857664391888
30.458141447719452,0.7499999999999996,792.1684716746413,0.4332007783014578,9.692355896084734
30.458141447719452,0.7499999999999996,792.1684716746413,0.4332007783014578,9.692355896084734
32.085885483747425,0.7499999999999988,804.9136563259824,0.5606072157821921,10.034945985065548
32.085885483747425,0.7499999999999988,804.9136563259824,0.5606072157821921,10.034945985065548
32.085885483747425,0.7499999999999988,804.9136563259824,0.5606072157821921,10.034945985065548
30.49012416203861,0.7499999999999997,799.2637763654128,0.4290913803856133,9.654275048072495
30.49012416203861,0.7499999999999997,799.2637763654128,0.4290913803856133,9.654275048072495
30.516797554785306,0.749999999999999,807.3662761587489,0.47935087768173434,9.828781210991789
29.97585690202583,0.7499999999999983,803.0875300751983,0.4678900241143835,9.476220786978576
29.97585690202583,0.7499999999999983,803.0875300751983,0.4678900241143835,9.476220786978576
29.196879939867696,0.7499999999999986,807.8282283387196,0.40833415341589074,9.438803154718517
29.203364774465992,0.749999999999999,811.9313384566498,0.41149660667561194,9.650429039783722
29.717726237847696,0.7500000000000001,814.7019090490782,0.37152163578900976,9.708651114825432
31.001633787699667,0.7499999999999997,805.2734924277394,0.48696928926702604,9.782761432331885
31.001633787699667,0.7499999999999997,805.2734924277394,0.48696928926702604,9.782761432331885
31.001633787699667,0.7499999999999997,805.2734924277394,0.48696928926702604,9.782761432331885
31.001633787699667,0.7499999999999997,805.2734924277394,0.48696928926702604,9.782761432331885
31.419579975102664,0.7499999999999961,803.412376204039,0.46736473322630395,9.73283716004517
31.419579975102664,0.7499999999999961,803.412376204039,0.46736473322630395,9.73283716004517
31.57397561173438,0.7499999999999993,805.4214400749232,0.6134479403218674,9.80951012834505
31.57397561173438,0.7499999999999993,805.4214400749232,0.6134479403218674,9.80951012834505
30.54715471606074,0.749999999999999,806.6688517299697,0.5013507334732747,9.831712614183374
30.437836559074515,0.7499999999999996,809.3960392609217,0.49971687810976123,9.768099385707291
30.437836559074515,0.7499999999999996,809.3960392609217,0.49971687810976123,9.768099385707291
30.437836559074515,0.7499999999999996,809.3960392609217,0.49971687810976123,9.768099385707291
30.81850165016743,0.7499999999999992,815.955663475904,0.4993604678381855,9.802852894117231
30.89153700471278,0.7499999999999997,815.3674694071166,0.48325748252114864,9.794764859640447
30.89153700471278,0.7499999999999997,815.3674694071166,0.48325748252114864,9.794764859640447
31.03751935602158,0.7499999999999994,808.6300019891796,0.4145493747586347,9.877003158370538
29.524707138027065,0.7499999999999999,812.2955899316528,0.40022545337501036,9.821148537251114
31.071658010431033,0.7499999999999999,819.2099409820506,0.47644873408988603,9.841992340533471
31.071658010431033,0.7499999999999999,819.2099409820506,0.47644873408988603,9.841992340533471
31.071658010431033,0.7499999999999999,819.2099409820506,0.47644873408988603,9.841992340533471
30.376259529882027,0.7499999999999986,812.068250044973,0.4093699027593335,9.778126969368051
30.376259529882027,0.7499999999999986,812.068250044973,0.4093699027593335,9.778126969368051
30.376259529882027,0.7499999999999986,812.068250044973,0.4093699027593335,9.778126969368051
30.376259529882027,0.7499999999999986,812.068250044973,0.4093699027593335,9.778126969368051
30.376259529882027,0.7499999999999986,812.068250044973,0.4093699027593335,9.778126969368051
29.51063732271757,0.7499999999999992,810.1407095576329,0.3580035400062932,9.65874368118044
30.81729965268684,0.7499999999999998,818.1271548158117,0.36790913759248856,9.750206024754338
30.81729965268684,0.7499999999999998,818.1271548158117,0.36790913759248856,9.750206024754338
30.81729965268684,0.7499999999999998,818.1271548158117,0.36790913759248856,9.750206024754338
30.81729965268684,0.7499999999999998,818.1271548158117,0.36790913759248856,9.750206024754338
30.81729965268684,0.7499999999999998,818.1271548158117,0.36790913759248856,9.750206024754338
30.81729965268684,0.7499999999999998,818.1271548158117,0.36790913759248856,9.750206024754338
30.81729965268684,0.7499999999999998,818.1271548158117,0.36790913759248856,9.750206024754338
30.81729965268684,0.7499999999999998,818.1271548158117,0.36790913759248856,9.750206024754338
30.765669768918713,0.749999999999999,826.9008985105239,0.377659524244043,9.571083561220032
31.89102255073614,0.7499999999999998,825.4524695436156,0.4614021948260906,9.74681936513996
29.93272249314754,0.7499999999999992,813.2067725913521,0.4570754133055497,9.511506893438247
29.47517917336691,0.7499999999999994,821.2603558773667,0.4873601166694303,9.53067426303581
29.616420069425256,0.7499999999999994,823.6773781396193,0.4814783817212103,9.62013682647651
29.616420069425256,0.7499999999999994,823.6773781396193,0.4814783817212103,9.62013682647651
29.827941651312756,0.7499999999999996,821.9507387485698,0.4088343997634829,9.629631009760462
29.141814211673065,0.7499999999999993,820.5481231489088,0.47512655553092803,9.676541534512975
29.583143097307445,0.7499999999999992,825.0533138149453,0.5222415398322552,9.701269268556612
30.20658386129505,0.7499999999999999,823.9875472032144,0.4269460608679262,9.838039573898158
30.03668848217705,0.7499999999999993,832.8271176680752,0.44201808241911705,9.94784349736417
30.734700870963298,0.7499999999999997,829.1853366102761,0.4078359001241916,10.000954158683834
30.514607951902278,0.7499999999999996,818.8223131803534,0.3988363058454024,9.890106753114555
30.514607951902278,0.7499999999999996,818.8223131803534,0.3988363058454024,9.890106753114555
30.514607951902278,0.7499999999999996,818.8223131803534,0.3988363058454024,9.890106753114555
29.823487052650815,0.7499999999999998,810.8955907191253,0.37289094999135913,9.763991974173422
29.79462943627527,0.7499999999999987,807.2639914212076,0.34681787368749084,9.615595379111003
29.79462943627527,0.7499999999999987,807.2639914212076,0.34681787368749084,9.615595379111003
29.79462943627527,0.7499999999999987,807.2639914212076,0.34681787368749084,9.615595379111003
29.79462943627527,0.7499999999999987,807.2639914212076,0.34681787368749084,9.615595379111003
29.79462943627527,0.7499999999999987,807.2639914212076,0.34681787368749084,9.615595379111003
30.066552534460392,0.749999999999999,813.8634713380835,0.4172730140735102,9.903102853389859
29.443124714790027,0.7499999999999981,816.1469355616233,0.41114385039351353,9.766367908641906
29.443124714790027,0.7499999999999981,816.1469355616233,0.41114385039351353,9.766367908641906
29.608159116000206,0.7499999999999992,811.9860134670456,0.4641299137700864,9.715276610717094
28.559550000354093,0.7499999999999994,813.8430719705375,0.3654026722931401,9.597741346127458
29.63882178124546,0.7499999999999993,817.6353208188688,0.38531935814201146,9.53330322618066
29.950904128752743,0.7499999999999984,815.7096125326426,0.38570945694052766,9.65437723528232
29.950904128752743,0.7499999999999984,815.7096125326426,0.38570945694052766,9.65437723528232
29.950904128752743,0.7499999999999984,815.7096125326426,0.38570945694052766,9.65437723528232
29.849998479672944,0.7499999999999997,808.424447839261,0.417774754346402,9.70515240593711
29.849998479672944,0.7499999999999997,808.424447839261,0.417774754346402,9.70515240593711
29.823476160017346,0.7499999999999991,807.3890648579376,0.5328007722990356,9.753147792468237
29.823476160017346,0.7499999999999991,807.3890648579376,0.5328007722990356,9.753147792468237
29.185992019166633,0.7499999999999992,811.8346251487745,0.48321079158189983,9.58690711128032
29.168964910987718,0.7499999999999991,820.0148463736917,0.5463267789499339,9.656523055692208
28.416912384479858,0.7500000000000003,813.2808210750096,0.40498348656124844,9.53734404725385
28.416912384479858,0.7500000000000003,813.2808210750096,0.40498348656124844,9.53734404725385
28.416912384479858,0.7500000000000003,813.2808210750096,0.40498348656124844,9.53734404725385
28.820563243533115,0.7499999999999992,816.2275861263112,0.4056869603307497,9.560171377575802
28.820563243533115,0.7499999999999992,816.2275861263112,0.4056869603307497,9.560171377575802
29.336312536471628,0.7499999999999989,818.6989017866512,0.4314953501731957,9.71322869908676
29.336312536471628,0.7499999999999989,818.6989017866512,0.4314953501731957,9.71322869908676
29.75399760079654,0.7499999999999997,814.4789788508123,0.3485811101379584,9.519841106275596
29.75399760079654,0.7499999999999997,814.4789788508123,0.3485811101379584,9.519841106275596
29.719676554786787,0.7499999999999998,813.0538728296773,0.36502452539647334,9.615740822349157
28.677910118598,0.7499999999999997,811.1700362097835,0.43343586782398646,9.398700277460929
29.15429986031615,0.7500000000000001,810.9103294927264,0.3650987883191004,9.462423292595094
29.15429986031615,0.7500000000000001,810.9103294927264,0.3650987883191004,9.462423292595094
30.567752714638967,0.7499999999999986,815.9344888618368,0.4839468953122021,9.685738013907667
30.471949523664048,0.7499999999999989,811.7804524173705,0.4530384068616252,9.583964528168035
30.144387815818877,0.7499999999999997,806.7708057266523,0.3556046383669145,9.587505039480288
29.740007490128267,0.7499999999999999,805.0379333107606,0.33983688574582327,9.418799915206566
29.740007490128267,0.7499999999999999,805.0379333107606,0.33983688574582327,9.418799915206566
29.740007490128267,0.7499999999999999,805.0379333107606,0.33983688574582327,9.418799915206566
29.740007490128267,0.7499999999999999,805.0379333107606,0.33983688574582327,9.418799915206566
29.740007490128267,0.7499999999999999,805.0379333107606,0.33983688574582327,9.418799915206566
29.740007490128267,0.7499999999999999,805.0379333107606,0.33983688574582327,9.418799915206566
30.875523565775286,0.7499999999999993,805.8818613669628,0.3810865870024734,9.604714982111968
31.221155510133038,0.7499999999999992,810.9675876470327,0.5015852217166029,9.672929518785605
31.221155510133038,0.7499999999999992,810.9675876470327,0.5015852217166029,9.672929518785605
31.221155510133038,0.7499999999999992,810.9675876470327,0.5015852217166029,9.672929518785605
31.519403678105654,0.7499999999999998,812.9331951313112,0.496887033995317,9.618025606803027
31.519403678105654,0.7499999999999998,812.9331951313112,0.496887033995317,9.618025606803027
30.956752526967392,0.7499999999999996,814.1427489422921,0.5280694512879869,9.770528514638755
30.956752526967392,0.7499999999999996,814.1427489422921,0.5280694512879869,9.770528514638755
31.64543676533534,0.7499999999999994,816.8085905641012,0.5435270350609839,9.846535959450666
31.64543676533534,0.7499999999999994,816.8085905641012,0.5435270350609839,9.846535959450666
30.957548691486323,0.7499999999999994,815.1835836047162,0.4291800247320073,9.763137128551566
30.957548691486323,0.7499999999999994,815.1835836047162,0.4291800247320073,9.763137128551566
30.957548691486323,0.7499999999999994,815.1835836047162,0.4291800247320073,9.763137128551566
31.028442039172923,0.7499999999999997,817.2071497715924,0.48619660709563073,9.68444150424401
31.187138495441438,0.7499999999999994,814.183074895532,0.4661471212303197,9.604765065264043
29.63984623893384,0.7499999999999992,811.3794316230272,0.4282940312990256,9.648030559813344
29.63984623893384,0.7499999999999992,811.3794316230272,0.4282940312990256,9.648030559813344
30.384375987174636,0.7499999999999996,810.6645175009425,0.40277029055895436,9.722645534397369
30.384375987174636,0.7499999999999996,810.6645175009425,0.40277029055895436,9.722645534397369
30.579915801709486,0.7499999999999993,815.4227850335043,0.3906735500990714,9.731309026634511
30.579915801709486,0.7499999999999993,815.4227850335043,0.3906735500990714,9.731309026634511
29.321641074707436,0.7499999999999998,814.3356221021572,0.489046848907473,9.63426984986763
29.321641074707436,0.7499999999999998,814.3356221021572,0.489046848907473,9.63426984986763
29.321641074707436,0.7499999999999998,814.3356221021572,0.489046848907473,9.63426984986763
29.596790576025214,0.7499999999999998,811.223792143679,0.4318090157568317,9.692671708490384
30.20736805509759,0.7499999999999997,812.5286751901572,0.4586574450586202,9.62947277909941
29.50474752829554,0.7499999999999992,815.8187070207395,0.4024706264406408,9.696495829994955
29.50474752829554,0.7499999999999992,815.8187070207395,0.4024706264406408,9.696495829994955
30.579004069378822,0.7499999999999991,817.7667910856355,0.49071586644815607,9.670608831618335
29.37843242938102,0.7499999999999999,818.2359872708331,0.35175827498657125,9.534282171752057
29.37843242938102,0.7499999999999999,818.2359872708331,0.35175827498657125,9.534282171752057
30.359324511955272,0.749999999999999,815.5026503827642,0.4621169835266714,9.567651471965496
30.359324511955272,0.749999999999999,815.5026503827642,0.4621169835266714,9.567651471965496
29.83887446489764,0.7499999999999994,824.5767075232284,0.4994648927403481,9.591753114809388
29.976047163113268,0.7499999999999994,825.1052489726655,0.45409697268111693,9.650702851699952
29.31706696013922,0.7499999999999996,822.3604583869902,0.39126073322415506,9.809201497913145
29.31706696013922,0.7499999999999996,822.3604583869902,0.39126073322415506,9.809201497913145
30.40900824127547,0.7499999999999997,822.2594364721308,0.4314925172340183,10.001980618425037
30.40900824127547,0.7499999999999997,822.2594364721308,0.4314925172340183,10.001980618425037
30.40900824127547,0.7499999999999997,822.2594364721308,0.4314925172340183,10.001980618425037
30.40900824127547,0.7499999999999997,822.2594364721308,0.4314925172340183,10.001980618425037
29.114872878539572,0.7499999999999991,825.2556677718428,0.49705983327784425,9.883742505555883
28.94552406064227,0.7500000000000004,818.7297233321983,0.40285001367632156,9.623542671510615
28.94552406064227,0.7500000000000004,818.7297233321983,0.40285001367632156,9.623542671510615
30.037344295321695,0.75,821.0443862495247,0.4702585212361518,9.718681501112076
29.58812935602059,0.7499999999999994,817.367077000445,0.4205977359276272,9.803819409373952
29.820221167649862,0.7499999999999984,819.9234028587562,0.4553406193585439,9.627361591873017
29.786794800107675,0.7499999999999997,822.4458176778136,0.530444092841654,9.752006950123484
29.268843133405838,0.7499999999999989,816.9465289810604,0.5573931482528028,9.649703289476895
29.268843133405838,0.7499999999999989,816.9465289810604,0.5573931482528028,9.649703289476895
29.189120555523683,0.7499999999999999,814.1572287822263,0.34099174168828744,9.640790659671461
29.189120555523683,0.7499999999999999,814.1572287822263,0.34099174168828744,9.640790659671461
28.95721124799038,0.7499999999999986,820.5291758142457,0.37824961746778113,9.707351076510278
28.768377419367518,0.7499999999999989,816.9698070921916,0.5033100653411723,9.592642538106208
28.768377419367518,0.7499999999999989,816.9698070921916,0.5033100653411723,9.592642538106208
28.768377419367518,0.7499999999999989,816.9698070921916,0.5033100653411723,9.592642538106208
27.91748815723483,0.7499999999999987,816.714246208349,0.41289758789614056,9.672766931289322
27.91748815723483,0.7499999999999987,816.714246208349,0.41289758789614056,9.672766931289322
29.210861810340525,0.7499999999999991,812.3880296320197,0.38163882439997526,9.589924517385281
29.353714995418386,0.7499999999999991,811.9832916348432,0.3490921289698376,9.501090048434582
29.95140698766727,0.75,816.7181763612605,0.3575977381718136,9.590759532159122
29.95140698766727,0.75,816.7181763612605,0.3575977381718136,9.590759532159122
30.767252824189875,0.7499999999999992,812.7632579624674,0.4023213927122795,9.589928988278164
32.14590072709336,0.7499999999999993,817.2316009035875,0.4644144274585677,9.700022164570544
32.14590072709336,0.7499999999999993,817.2316009035875,0.4644144274585677,9.700022164570544
31.27138106513141,0.7499999999999998,815.0993831863574,0.5295284063170722,9.697331126223663
31.27138106513141,0.7499999999999998,815.0993831863574,0.5295284063170722,9.697331126223663
31.478714769846356,0.7499999999999992,817.3246192213821,0.44350622423053326,9.897113446319636
30.597762072375605,0.7499999999999994,816.6091373789849,0.3627907232796113,9.703644262150311
30.597762072375605,0.7499999999999994,816.6091373789849,0.3627907232796113,9.703644262150311
30.487279416139742,0.7499999999999996,824.0991440628226,0.38069125307803364,9.7039077216857
30.983533536075814,0.7499999999999984,822.0824438524974,0.5172519283645161,9.936421520631018
30.983533536075814,0.7499999999999984,822.0824438524974,0.5172519283645161,9.936421520631018
30.604237249076537,0.749999999999999,817.8316048822488,0.4177373659835455,9.79862682181595
30.604237249076537,0.749999999999999,817.8316048822488,0.4177373659835455,9.79862682181595
31.20113787539215,0.7499999999999994,820.2986215734803,0.4925015642865932,9.862329042053286
31.20113787539215,0.7499999999999994,820.2986215734803,0.4925015642865932,9.862329042053286
30.053504863138848,0.7499999999999986,814.1093942669323,0.38927821700294635,9.594453390353127
30.053504863138848,0.7499999999999986,814.1093942669323,0.38927821700294635,9.594453390353127
30.053504863138848,0.7499999999999986,814.1093942669323,0.38927821700294635,9.594453390353127
30.053504863138848,0.7499999999999986,814.1093942669323,0.38927821700294635,9.594453390353127
29.337618622657114,0.7499999999999997,811.4558454737249,0.429568094845652,9.679819406562903
29.887225667240635,0.75,815.9031052568617,0.4663776455730001,9.98866072835871
30.35063957779137,0.7499999999999994,822.8662046307693,0.44627483019053815,10.022831370016439
30.69998141432638,0.7499999999999998,818.8154023559382,0.5030350937812679,10.094246759796246
30.69998141432638,0.7499999999999998,818.8154023559382,0.5030350937812679,10.094246759796246
30.669659689862755,0.7499999999999992,818.7937193268417,0.4780709053843952,9.885007281273014
30.946103586325496,0.7499999999999977,817.9781272652758,0.5069198693805463,9.93328200278314
30.167400873285903,0.749999999999998,817.5879284035764,0.4372379905991885,9.897647826027072
30.167400873285903,0.749999999999998,817.5879284035764,0.4372379905991885,9.897647826027072
29.886870094723005,0.7499999999999996,810.3683782351817,0.4195683083407607,9.767321274827982
30.31767467926047,0.7499999999999987,806.6900922041364,0.3905200699156004,9.81972881251456
30.31767467926047,0.7499999999999987,806.6900922041364,0.3905200699156004,9.81972881251456
30.31767467926047,0.7499999999999987,806.6900922041364,0.3905200699156004,9.81972881251456
30.31767467926047,0.7499999999999987,806.6900922041364,0.3905200699156004,9.81972881251456
30.31767467926047,0.7499999999999987,806.6900922041364,0.3905200699156004,9.81972881251456
30.695672144388002,0.7499999999999996,812.1782262233772,0.447342616349527,9.851964220010476
31.008201873030707,0.7499999999999989,811.5458698099742,0.3949749237215319,9.947573679960811
31.008201873030707,0.7499999999999989,811.5458698099742,0.3949749237215319,9.947573679960811
30.66318469699571,0.7499999999999997,811.104684260044,0.4310544057550477,9.93344745646127
31.126475204275934,0.7499999999999996,810.1576779322284,0.4267745174370966,9.848314867206218
31.126475204275934,0.7499999999999996,810.1576779322284,0.4267745174370966,9.848314867206218
31.126475204275934,0.7499999999999996,810.1576779322284,0.4267745174370966,9.848314867206218
30.91735593714549,0.7499999999999982,810.193912572828,0.46188985376681624,9.912955959053766
31.091493476056385,0.75,810.0449201384918,0.403531800153559,9.707051270791112
31.091493476056385,0.75,810.0449201384918,0.403531800153559,9.707051270791112
31.132175349216613,0.7499999999999992,805.0122527239215,0.5176190690349695,9.825265013020504
31.132175349216613,0.7499999999999992,805.0122527239215,0.5176190690349695,9.825265013020504
31.132175349216613,0.7499999999999992,805.0122527239215,0.5176190690349695,9.825265013020504
31.05529634535965,0.7500000000000001,809.1048723227872,0.48220349716731037,9.90053376413518
31.736915272872082,0.7499999999999978,815.2809769685005,0.5931033554965006,10.276436745821234
29.96247092204683,0.7499999999999987,816.7930520555457,0.468091889365259,9.852833881806456
29.96247092204683,0.7499999999999987,816.7930520555457,0.468091889365259,9.852833881806456
29.96247092204683,0.7499999999999987,816.7930520555457,0.468091889365259,9.852833881806456
30.481213185040925,0.7499999999999973,819.830665805355,0.6214804331597599,9.839330528356708
29.89682918146,0.7499999999999993,818.7911240440749,0.48878499927823615,9.824605422769839
29.164167968644684,0.7499999999999996,823.8289463279475,0.434753294182108,9.793953650659631
29.412470824972925,0.7499999999999999,829.8777112880289,0.42056078011376213,9.925815832849343
28.084437304874488,0.749999999999999,829.8953605735092,0.43422833312242903,9.93663583400938
29.201869429871092,0.7499999999999988,831.5646688758657,0.422686900768646,9.801142313158616
29.201869429871092,0.7499999999999988,831.5646688758657,0.422686900768646,9.801142313158616
29.201869429871092,0.7499999999999988,831.5646688758657,0.422686900768646,9.801142313158616
29.201869429871092,0.7499999999999988,831.5646688758657,0.422686900768646,9.801142313158616
30.099196107711634,0.7499999999999997,827.7050864015675,0.4663433426552666,9.760573224300936
30.099196107711634,0.7499999999999997,827.7050864015675,0.4663433426552666,9.760573224300936
29.42023408221935,0.749999999999999,821.0663821898106,0.3824797368907196,9.508848905901118
29.97536085846614,0.7499999999999992,818.3515441899124,0.41198370968236775,9.641480492435008
29.349834294494077,0.7499999999999983,815.7469509207168,0.39343096183794,9.566677008250775
29.349834294494077,0.7499999999999983,815.7469509207168,0.39343096183794,9.566677008250775
29.015401241065057,0.7499999999999993,821.9037053694344,0.33978117469420993,9.55499232940683
29.974561101663102,0.749999999999999,827.5864670544274,0.3540389159067189,9.745869090169162
29.325852150857674,0.7499999999999994,812.5440438553209,0.388790889075379,9.61684989622932
29.325852150857674,0.7499999999999994,812.5440438553209,0.388790889075379,9.61684989622932
29.090778638873964,0.7499999999999992,823.4320474665676,0.4841662820537236,9.782052368097814
28.777622557570126,0.7499999999999991,820.6446843256197,0.5607900760475809,9.7296853853579
28.16656235552223,0.7499999999999996,827.56801345148,0.4532579418997726,9.979809118406525
28.601638134936913,0.7499999999999996,827.9924998619687,0.42725425676698825,9.935374956374327
29.09660671683305,0.7499999999999996,825.5917686884497,0.551776758483224,9.821030782427068
29.09660671683305,0.7499999999999996,825.5917686884497,0.551776758483224,9.821030782427068
29.09660671683305,0.7499999999999996,825.5917686884497,0.551776758483224,9.821030782427068
29.325255685845864,0.7499999999999993,826.3055439423846,0.4369156557620145,9.68269682730938
29.5493462125884,0.75,825.3729737796448,0.40449338842959365,9.65353733205798
29.5493462125884,0.75,825.3729737796448,0.40449338842959365,9.65353733205798
29.5493462125884,0.75,825.3729737796448,0.40449338842959365,9.65353733205798
28.92542802095544,0.7499999999999998,823.0025968813896,0.3342499318445665,9.417452101404274
28.551042816995533,0.7499999999999999,824.1958514347401,0.35934315424430224,9.59555710124047
28.551042816995533,0.7499999999999999,824.1958514347401,0.35934315424430224,9.59555710124047
28.551042816995533,0.7499999999999999,824.1958514347401,0.35934315424430224,9.59555710124047
28.551042816995533,0.7499999999999999,824.1958514347401,0.35934315424430224,9.59555710124047
28.551042816995533,0.7499999999999999,824.1958514347401,0.35934315424430224,9.59555710124047
28.551042816995533,0.7499999999999999,824.1958514347401,0.35934315424430224,9.59555710124047
28.489234505630638,0.7499999999999984,834.2626306716736,0.45396760947248144,9.683541412873552
28.489234505630638,0.7499999999999984,834.2626306716736,0.45396760947248144,9.683541412873552
28.29594111075587,0.7499999999999997,837.0450691757123,0.5174559657384632,9.874237378917707
28.29594111075587,0.7499999999999997,837.0450691757123,0.5174559657384632,9.874237378917707
28.629073680402144,0.7499999999999992,832.6107772695773,0.43834689033207047,9.729638807146468
28.253105705055955,0.75,826.7124545590625,0.4319056455890068,9.715986932630164
28.005749361042856,0.7499999999999997,829.0575273418202,0.38699317082200646,9.698967784094851
28.005749361042856,0.7499999999999997,829.0575273418202,0.38699317082200646,9.698967784094851
28.005749361042856,0.7499999999999997,829.0575273418202,0.38699317082200646,9.698967784094851
28.428163505059068,0.7499999999999996,828.954463489239,0.37962632747751635,9.775137635956273
28.428163505059068,0.7499999999999996,828.954463489239,0.37962632747751635,9.775137635956273
29.67141631307461,0.7499999999999986,830.6219802291232,0.49150929989203085,9.98720876609907
29.67141631307461,0.7499999999999986,830.6219802291232,0.49150929989203085,9.98720876609907
29.67141631307461,0.7499999999999986,830.6219802291232,0.49150929989203085,9.98720876609907
29.361145536488,0.7499999999999997,821.9902771047775,0.42768707117715765,9.62825133267818
29.551247062240257,0.7499999999999991,827.0554327530239,0.5562759463775,9.648200462364551
29.37398298714057,0.7499999999999984,825.6626746068174,0.4876700232725603,9.709963686822016
29.37398298714057,0.7499999999999984,825.6626746068174,0.4876700232725603,9.709963686822016
29.962271821593163,0.749999999999999,829.9843448596105,0.47615879009769335,9.845384231946813
30.109644151441273,0.749999999999999,826.1387363791293,0.4380831949957394,9.875826718275622
31.270003713133615,0.7499999999999996,820.4181006814518,0.44785239561727813,9.598273842471087
31.270003713133615,0.7499999999999996,820.4181006814518,0.44785239561727813,9.598273842471087
31.270003713133615,0.7499999999999996,820.4181006814518,0.44785239561727813,9.598273842471087
30.267585710378054,0.7499999999999999,822.885362390906,0.5628189017155218,9.631709318598416
29.386645907526702,0.7499999999999993,819.1414734578516,0.46214285623660517,9.520655442359338
30.022763934600906,0.7499999999999992,819.8899756535283,0.5566261430622484,9.730470695085007
30.492714451524442,0.7499999999999987,815.8060103102393,0.4261004538286074,9.735507631199274
30.40490557761579,0.7499999999999998,812.6202948614477,0.5123366932479713,9.6740880948764
30.40490557761579,0.7499999999999998,812.6202948614477,0.5123366932479713,9.6740880948764
30.40490557761579,0.7499999999999998,812.6202948614477,0.5123366932479713,9.6740880948764
30.852491136019534,0.7499999999999996,812.253433053901,0.5115654701986158,9.721648946734993
30.240779610394355,0.7499999999999989,814.6737476065244,0.533075776558473,9.814268584403411
30.240779610394355,0.7499999999999989,814.6737476065244,0.533075776558473,9.814268584403411
30.211821079045016,0.7499999999999987,823.1476885521005,0.5285559284642272,9.783143981300299
29.628832763561096,0.7499999999999983,816.311513056892,0.5442752046259463,9.842237491518242
29.458151400663308,0.7499999999999977,821.528396009801,0.4395765145402131,10.028961614534557
29.458151400663308,0.7499999999999977,821.528396009801,0.4395765145402131,10.028961614534557
29.889496639243212,0.7500000000000001,829.4245616954911,0.4857660658427004,10.285764660108395
29.434821264283393,0.7499999999999991,826.3403484810103,0.4849210111857345,10.158725637950308
29.893191297626608,0.7499999999999986,819.2381657231373,0.4796643512394267,10.159466433050207
29.893191297626608,0.7499999999999986,819.2381657231373,0.4796643512394267,10.159466433050207
29.893191297626608,0.7499999999999986,819.2381657231373,0.4796643512394267,10.159466433050207
29.210473712025408,0.7499999999999982,816.1989666247076,0.4640402714096642,9.925079738253714
29.210473712025408,0.7499999999999982,816.1989666247076,0.4640402714096642,9.925079738253714
29.3650955939972,0.7499999999999999,809.2686034395423,0.46014037177780875,9.744837393514299
29.793996224300646,0.7499999999999999,812.4507662360356,0.45736633881913336,10.014732584282617
30.200246312797905,0.7499999999999989,821.9082829248513,0.5261902440101134,10.254274967517116
30.35190580830414,0.7499999999999984,818.0760659424762,0.42168071996804674,10.168685048385523
29.304818462424205,0.7499999999999996,821.6227852322633,0.4198578282829988,10.11157847878069
28.59124187479868,0.7499999999999997,820.0708990273506,0.4549001739329286,9.893047353311749
28.60972692688399,0.7499999999999996,825.4884825709747,0.402557179368504,9.69195942311669
28.56070312912447,0.7499999999999994,825.1614129072807,0.43296731284350126,9.70489492589751
29.431408215084033,0.749999999999999,815.2409143175763,0.49919590508187744,9.476963269607547
29.32015161161736,0.7499999999999989,816.3086200514881,0.439244118665395,9.495598842319282
29.77760795604959,0.7499999999999989,817.8227149509856,0.4735187074221142,9.79625890555781
29.77760795604959,0.7499999999999989,817.8227149509856,0.4735187074221142,9.79625890555781
29.77760795604959,0.7499999999999989,817.8227149509856,0.4735187074221142,9.79625890555781
29.794124334000855,0.7499999999999996,824.624171611581,0.6153990911156727,10.046687222767563
28.6206223730064,0.7499999999999997,817.5909976809934,0.40912000658701214,9.905842603792982
28.6206223730064,0.7499999999999997,817.5909976809934,0.40912000658701214,9.905842603792982
28.991472877454584,0.7499999999999993,811.0643756099331,0.42618207756395393,9.891377568249549
29.720763554757102,0.7499999999999994,804.0789358073616,0.40561258581627013,9.839159815891268
29.720763554757102,0.7499999999999994,804.0789358073616,0.40561258581627013,9.839159815891268
29.720763554757102,0.7499999999999994,804.0789358073616,0.40561258581627013,9.839159815891268
30.43851568693264,0.7499999999999983,801.9593689131092,0.42463951108257664,9.715768453506834
30.43851568693264,0.7499999999999983,801.9593689131092,0.42463951108257664,9.715768453506834
31.329396736038102,0.75,815.525311189264,0.5452382554940776,9.743552006272187
30.200646343467206,0.7499999999999999,808.4234319949937,0.4287816964141679,9.61808832499328
30.200646343467206,0.7499999999999999,808.4234319949937,0.4287816964141679,9.61808832499328
29.088386574065304,0.7499999999999998,812.618912819773,0.3577404559747778,9.694402134554583
29.088386574065304,0.7499999999999998,812.618912819773,0.3577404559747778,9.694402134554583
28.015461306963715,0.7499999999999997,812.1777949209155,0.356742605482536,9.668133068587276
28.32393608357799,0.7499999999999996,813.4224055500832,0.4140221451884445,9.816739647258228
28.32393608357799,0.7499999999999996,813.4224055500832,0.4140221451884445,9.816739647258228
29.060945662748104,0.7499999999999998,815.0074142838771,0.4601736000934016,9.934245262224447
30.501702044239547,0.7499999999999992,823.9427300843129,0.6185479814842852,9.940070118994853
30.52296539904767,0.7499999999999994,818.5740510364855,0.544167498279785,9.77620959979881
30.52296539904767,0.7499999999999994,818.5740510364855,0.544167498279785,9.77620959979881
30.52296539904767,0.7499999999999994,818.5740510364855,0.544167498279785,9.77620959979881
30.52296539904767,0.7499999999999994,818.5740510364855,0.544167498279785,9.77620959979881
30.52296539904767,0.7499999999999994,818.5740510364855,0.544167498279785,9.77620959979881
30.52296539904767,0.7499999999999994,818.5740510364855,0.544167498279785,9.77620959979881
30.52296539904767,0.7499999999999994,818.5740510364855,0.544167498279785,9.77620959979881
29.916232317626438,0.7499999999999993,821.166972244843,0.5379318841870511,9.624170677457798
29.916232317626438,0.7499999999999993,821.166972244843,0.5379318841870511,9.624170677457798
28.816281316028395,0.749999999999999,811.6912572539254,0.3311183126242571,9.453411622866096
29.176360482860492,0.7499999999999999,817.1256855734649,0.6040625972325188,9.537238098064947
29.176360482860492,0.7499999999999999,817.1256855734649,0.6040625972325188,9.537238098064947
29.125232030386858,0.7499999999999999,818.3412055337793,0.4857305709871341,9.557327244781783
29.634340403899554,0.75,826.6150944639612,0.5336418912307902,9.579219536209905
29.1606966850766,0.7499999999999981,818.1897652463832,0.36921186847437626,9.352898993158359
29.1606966850766,0.7499999999999981,818.1897652463832,0.36921186847437626,9.352898993158359
29.511837739675844,0.75,815.2895590496938,0.3268451407279246,9.443183650093383
29.511837739675844,0.75,815.2895590496938,0.3268451407279246,9.443183650093383
29.511837739675844,0.75,815.2895590496938,0.3268451407279246,9.443183650093383
29.511837739675844,0.75,815.2895590496938,0.3268451407279246,9.443183650093383
30.509431121179972,0.7499999999999994,812.3917722589201,0.37046229768940614,9.556001761464774
30.54381616276089,0.7499999999999991,813.1862664648073,0.3724425839268344,9.506132654921117
30.672488129067222,0.7499999999999987,809.1852600562797,0.3907796181773759,9.49165913575799
29.82607413568541,0.7499999999999993,799.0940303510359,0.37176511051661776,9.445891377703791
29.877102297433094,0.7500000000000001,803.9509469650391,0.44507482803179893,9.587938023781382
29.2221206218796,0.7499999999999982,804.2493562765194,0.42596587513978723,9.500599553556953
29.2221206218796,0.7499999999999982,804.2493562765194,0.42596587513978723,9.500599553556953
29.371306750887243,0.7499999999999994,806.1655447375555,0.412370536220389,9.329557823673715
30.175860208313235,0.7500000000000002,813.5080375386168,0.40624452830668445,9.489767632502701
29.855768275091783,0.749999999999999,817.6280669613311,0.37240013608321443,9.650083879436007
29.67393394175945,0.7499999999999998,813.148524534209,0.4270848815927626,9.50121042126961
29.67393394175945,0.7499999999999998,813.148524534209,0.4270848815927626,9.50121042126961
29.336251674822872,0.7499999999999999,815.9758253890673,0.40265347260820405,9.386460794766077
28.589956383574595,0.7499999999999988,810.570651440023,0.3672163485578124,9.366695184356786
28.589956383574595,0.7499999999999988,810.570651440023,0.3672163485578124,9.366695184356786
29.33628198698166,0.7499999999999994,808.685954188793,0.4407471228928857,9.471119309578052
29.223301178891422,0.7499999999999991,806.6086305412523,0.4664691520173989,9.469402984633017
29.951943451831955,0.7499999999999998,814.0798221418795,0.5349810112705404,9.705675847311507
29.446187522066374,0.7499999999999991,817.9736364545232,0.4799793312367185,9.831279584516135
29.800331990948305,0.7499999999999998,815.9896217630037,0.4694236811155115,9.973792670656916
30.052689798226154,0.7499999999999996,810.8666375213888,0.40383701506248115,9.654982487228555
29.83975957051877,0.7499999999999992,802.3829766711121,0.421822454056092,9.753440853374403
29.83975957051877,0.7499999999999992,802.3829766711121,0.421822454056092,9.753440853374403
29.478615536809855,0.7499999999999996,809.2528719000072,0.4325452816802728,9.6088190941905
29.869323991946096,0.7499999999999991,813.9671317096767,0.3914225246143212,9.609221952670286
29.869323991946096,0.7499999999999991,813.9671317096767,0.3914225246143212,9.609221952670286
30.197091682391324,0.749999999999999,811.7867257206561,0.4206991048516776,9.50913097159175
30.09470102751826,0.75,809.0994091666878,0.4748488215596173,9.682668789900301
30.09470102751826,0.75,809.0994091666878,0.4748488215596173,9.682668789900301
30.09470102751826,0.75,809.0994091666878,0.4748488215596173,9.682668789900301
29.078446354574393,0.7499999999999996,808.8542886555757,0.4547147104311054,9.549494791176176
29.078446354574393,0.7499999999999996,808.8542886555757,0.4547147104311054,9.549494791176176
28.50413426842879,0.7499999999999988,807.8911865730731,0.34957594432778494,9.545763403861917
29.258058082334834,0.7499999999999994,805.9000092488297,0.40290396384899185,9.466633194773513
29.258058082334834,0.7499999999999994,805.9000092488297,0.40290396384899185,9.466633194773513
29.258058082334834,0.7499999999999994,805.9000092488297,0.40290396384899185,9.466633194773513
29.258058082334834,0.7499999999999994,805.9000092488297,0.40290396384899185,9.466633194773513
30.507218651612067,0.7499999999999988,808.7927121697913,0.40149605144823003,9.438865565719942
31.33543487654218,0.7499999999999987,804.340993770935,0.477127904843079,9.500194016146803
30.262674712436578,0.7500000000000001,808.6545363460334,0.4607528531743839,9.63026213929615
29.26286623983607,0.7499999999999987,808.8369388167803,0.6101654686656058,9.545605870708025
29.286627824359886,0.7499999999999999,819.0330585523039,0.45716001663193667,9.632822155000662
29.46754989989569,0.7499999999999991,816.1109681474742,0.4075530694867088,9.549812351572124
30.363003131494345,0.749999999999999,813.8035208824091,0.4863858575767939,9.554340647292856
30.363003131494345,0.749999999999999,813.8035208824091,0.4863858575767939,9.554340647292856
30.81550992612671,0.7499999999999993,807.8697709172882,0.3862644626221862,9.606347123544605
30.81550992612671,0.7499999999999993,807.8697709172882,0.3862644626221862,9.606347123544605
30.81550992612671,0.7499999999999993,807.8697709172882,0.3862644626221862,9.606347123544605
30.81550992612671,0.7499999999999993,807.8697709172882,0.3862644626221862,9.606347123544605
31.177867876496578,0.7500000000000003,810.0720137649508,0.45940886991885793,9.765385565337477
31.177867876496578,0.7500000000000003,810.0720137649508,0.45940886991885793,9.765385565337477
31.177867876496578,0.7500000000000003,810.0720137649508,0.45940886991885793,9.765385565337477
30.921179292154264,0.7499999999999991,812.9832884723422,0.5207395868842276,9.83113142759962
30.384537217965594,0.7499999999999988,810.0375866220465,0.4524308529199531,9.819442392715938
30.384537217965594,0.7499999999999988,810.0375866220465,0.4524308529199531,9.819442392715938
29.552510271601808,0.749999999999999,805.0761917153495,0.4231245132827615,9.575414405424954
29.552510271601808,0.749999999999999,805.0761917153495,0.4231245132827615,9.575414405424954
29.552510271601808,0.749999999999999,805.0761917153495,0.4231245132827615,9.575414405424954
29.552510271601808,0.749999999999999,805.0761917153495,0.4231245132827615,9.575414405424954
30.19418816285113,0.7499999999999987,807.1601467250043,0.45535624810129366,9.727462630484917
30.19418816285113,0.7499999999999987,807.1601467250043,0.45535624810129366,9.727462630484917
30.513008758994427,0.7499999999999993,808.6262955003388,0.44015105245593245,9.917332131510392
30.097908543307067,0.7499999999999987,803.8396000224807,0.3911272512675119,9.632554663461667
30.097908543307067,0.7499999999999987,803.8396000224807,0.3911272512675119,9.632554663461667
30.097908543307067,0.7499999999999987,803.8396000224807,0.3911272512675119,9.632554663461667
30.253483930575666,0.749999999999999,810.3612594366323,0.4307738311996676,9.752579571918679
30.253483930575666,0.749999999999999,810.3612594366323,0.4307738311996676,9.752579571918679
29.796890369014708,0.7499999999999998,820.0374445842325,0.4573129363228488,10.094530901928374
29.796890369014708,0.7499999999999998,820.0374445842325,0.4573129363228488,10.094530901928374
28.96872238711252,0.7499999999999992,810.8938815494532,0.3845214629728777,9.857108972913446
28.96872238711252,0.7499999999999992,810.8938815494532,0.3845214629728777,9.857108972913446
28.665129303645507,0.7499999999999993,817.4459067391855,0.44659024740555453,9.718324096735818
29.233106899323438,0.7499999999999996,819.4003952729878,0.4166372132046679,9.73434298782325
29.49161325283173,0.7499999999999998,816.6401811352296,0.41135421710647196,9.70289423980862
29.312903906960916,0.7499999999999991,822.1053627433588,0.5391715337050689,9.871155434106793
29.312903906960916,0.7499999999999991,822.1053627433588,0.5391715337050689,9.871155434106793
30.64982393851667,0.7500000000000002,815.3541391937777,0.4845329986657846,9.887390735414959
30.64982393851667,0.7500000000000002,815.3541391937777,0.4845329986657846,9.887390735414959
29.537677668944553,0.7499999999999996,808.9824474040998,0.44696716902787664,9.694771198750079
29.62467891035559,0.7499999999999998,802.8890051921402,0.37785325189263347,9.651940719145347
30.974700614891702,0.7499999999999987,812.5585204071159,0.4532175168520834,10.02136842082864
32.127467411555216,0.7499999999999997,815.021867503682,0.5070316380414831,10.141302158924608
30.796133064091944,0.7499999999999996,813.942904197236,0.45667707993606155,10.093575474998223
30.796133064091944,0.7499999999999996,813.942904197236,0.45667707993606155,10.093575474998223
30.05095980011777,0.7499999999999998,812.909568881658,0.4070457562618272,9.942936063365796
30.05095980011777,0.7499999999999998,812.909568881658,0.4070457562618272,9.942936063365796
29.900155036092688,0.7499999999999981,819.3495284442595,0.3662748128102039,9.9236693017548
30.229485784147048,0.7499999999999993,811.2174548298005,0.36514668405960166,9.538065780364883
30.342584898506047,0.7499999999999988,811.5716889559937,0.3881660292912905,9.597510252497477
30.97637375284374,0.7499999999999994,808.8664901853093,0.4323525662523864,9.572033075066646
30.97637375284374,0.7499999999999994,808.8664901853093,0.4323525662523864,9.572033075066646
30.97637375284374,0.7499999999999994,808.8664901853093,0.4323525662523864,9.572033075066646
30.97637375284374,0.7499999999999994,808.8664901853093,0.4323525662523864,9.572033075066646
31.494099383207743,0.7500000000000002,814.7335862183584,0.5255401872566371,9.681431148452916
31.470021683242223,0.7499999999999984,808.157312047393,0.47822107461258634,9.528221489249137
31.470021683242223,0.7499999999999984,808.157312047393,0.47822107461258634,9.528221489249137
30.826625234758534,0.7499999999999994,811.4376012642973,0.46115842308657545,9.398858832502185
30.826625234758534,0.7499999999999994,811.4376012642973,0.46115842308657545,9.398858832502185
30.12534432412595,0.749999999999997,808.8588786596819,0.3834459507405666,9.494894715893224
29.579867616239092,0.7499999999999997,809.3732148539586,0.3417879328014208,9.451418580714085
30.00164853985306,0.75,812.0490338789689,0.3794778825360601,9.531655439955557
30.00164853985306,0.75,812.0490338789689,0.3794778825360601,9.531655439955557
30.00164853985306,0.75,812.0490338789689,0.3794778825360601,9.531655439955557
29.67414813883821,0.7499999999999983,816.2631322228,0.4252254898934109,9.553211737110042
29.67414813883821,0.7499999999999983,816.2631322228,0.4252254898934109,9.553211737110042
29.67414813883821,0.7499999999999983,816.2631322228,0.4252254898934109,9.553211737110042
28.534285899694964,0.749999999999999,821.6076487731012,0.3808690337107912,9.47060643301099
28.534285899694964,0.749999999999999,821.6076487731012,0.3808690337107912,9.47060643301099
29.305128273278285,0.7499999999999997,810.5675913836413,0.41489320311025385,9.526885265137029
29.713789185562774,0.7499999999999996,810.3357981274156,0.4028679203992944,9.558436907395063
29.713789185562774,0.7499999999999996,810.3357981274156,0.4028679203992944,9.558436907395063
30.078650513711857,0.7499999999999993,812.7348554907717,0.40170647586970365,9.727998813482689
30.610166877662515,0.7499999999999998,812.9727079727456,0.4250078584207402,9.885719004363395
31.34844176425022,0.7500000000000001,813.9270586050771,0.48094008269661703,10.020076326993774
30.909644025011254,0.7499999999999994,812.3303319538826,0.42286989263237373,9.993114888249053
30.909644025011254,0.7499999999999994,812.3303319538826,0.42286989263237373,9.993114888249053
31.311265696294495,0.7499999999999991,820.6282775098371,0.5152766390987984,10.010300936562476
31.202221509160523,0.7499999999999994,817.3622705139414,0.4554702828359567,9.916593697132651
31.202221509160523,0.7499999999999994,817.3622705139414,0.4554702828359567,9.916593697132651
30.95206599044705,0.7499999999999989,811.6916565910116,0.535584444337699,9.758335548387715
30.905253497864514,0.7499999999999961,807.1616278385903,0.40295578665176124,9.794632540948195
30.905253497864514,0.7499999999999961,807.1616278385903,0.40295578665176124,9.794632540948195
30.10062183120123,0.7499999999999993,812.6155592848925,0.505764734900266,9.796184652718349
30.10062183120123,0.7499999999999993,812.6155592848925,0.505764734900266,9.796184652718349
30.10062183120123,0.7499999999999993,812.6155592848925,0.505764734900266,9.796184652718349
30.12446206143834,0.7499999999999998,812.2753915801088,0.47955212236997424,9.703314845362547
30.12446206143834,0.7499999999999998,812.2753915801088,0.47955212236997424,9.703314845362547
30.12446206143834,0.7499999999999998,812.2753915801088,0.47955212236997424,9.703314845362547
29.399177851156296,0.7499999999999996,804.6949979576802,0.39474661648330317,9.488473628662442
29.98737973545156,0.7499999999999991,805.5808535760345,0.4028612842503938,9.781388408490637
29.235833601454903,0.7499999999999989,806.0397381179818,0.436837970655715,9.695826231966677
29.499470934093388,0.7499999999999988,805.0684197046307,0.6150187271039875,9.545822998945095
28.133114325920577,0.7499999999999996,802.5936999697041,0.43537810824984047,9.440089918707613
28.770478250812516,0.7499999999999997,803.112306214612,0.45890239643156633,9.628255733658326
29.87749479348291,0.7499999999999988,796.3984052615214,0.487305613841331,9.570865468978798
30.25798386182794,0.7499999999999988,801.2351284837696,0.4102134459412333,9.62065204796246
30.25798386182794,0.7499999999999988,801.2351284837696,0.4102134459412333,9.62065204796246
30.44698902119293,0.7499999999999991,803.0004073211131,0.49179050100294763,9.633140273355853
29.493860915432872,0.7499999999999997,795.2392953326275,0.4310503752030704,9.415627190376615
29.493860915432872,0.7499999999999997,795.2392953326275,0.4310503752030704,9.415627190376615
29.493860915432872,0.7499999999999997,795.2392953326275,0.4310503752030704,9.415627190376615
29.493860915432872,0.7499999999999997,795.2392953326275,0.4310503752030704,9.415627190376615
29.493860915432872,0.7499999999999997,795.2392953326275,0.4310503752030704,9.415627190376615
29.493860915432872,0.7499999999999997,795.2392953326275,0.4310503752030704,9.415627190376615
29.493860915432872,0.7499999999999997,795.2392953326275,0.4310503752030704,9.415627190376615
29.493860915432872,0.7499999999999997,795.2392953326275,0.4310503752030704,9.415627190376615
29.493860915432872,0.7499999999999997,795.2392953326275,0.4310503752030704,9.415627190376615
29.493860915432872,0.7499999999999997,795.2392953326275,0.4310503752030704,9.415627190376615
29.87541104817109,0.7499999999999997,799.1182782463046,0.45113324546915845,9.709871774718135
29.87541104817109,0.7499999999999997,799.1182782463046,0.45113324546915845,9.709871774718135
29.87541104817109,0.7499999999999997,799.1182782463046,0.45113324546915845,9.709871774718135
29.87541104817109,0.7499999999999997,799.1182782463046,0.45113324546915845,9.709871774718135
29.87541104817109,0.7499999999999997,799.1182782463046,0.45113324546915845,9.709871774718135
29.87541104817109,0.7499999999999997,799.1182782463046,0.45113324546915845,9.709871774718135
29.87541104817109,0.7499999999999997,799.1182782463046,0.45113324546915845,9.709871774718135
29.87541104817109,0.7499999999999997,799.1182782463046,0.45113324546915845,9.709871774718135
29.87541104817109,0.7499999999999997,799.1182782463046,0.45113324546915845,9.709871774718135
29.87541104817109,0.7499999999999997,799.1182782463046,0.45113324546915845,9.709871774718135
29.87541104817109,0.7499999999999997,799.1182782463046,0.45113324546915845,9.709871774718135
28.81334636612373,0.7499999999999996,804.8291781822304,0.3941086233429181,9.628348914214484
28.81334636612373,0.7499999999999996,804.8291781822304,0.3941086233429181,9.628348914214484
28.81334636612373,0.7499999999999996,804.8291781822304,0.3941086233429181,9.628348914214484
28.81334636612373,0.7499999999999996,804.8291781822304,0.3941086233429181,9.628348914214484
29.142460969868733,0.7499999999999996,807.9745078441591,0.47025062759167796,9.686959277254378
28.93361399543273,0.7499999999999989,808.2759036847646,0.49685245369766795,9.67771721183981
28.93361399543273,0.7499999999999989,808.2759036847646,0.49685245369766795,9.67771721183981
29.098327687301516,0.7499999999999989,811.1769536670233,0.37680425536872897,9.633483091598219
29.098327687301516,0.7499999999999989,811.1769536670233,0.37680425536872897,9.633483091598219
30.265548416976433,0.7499999999999996,814.4515026089247,0.4002496982524386,9.87295208693536
30.1200850212851,0.7499999999999998,815.0153840989169,0.39873368069008563,9.681572636384516
30.90642823697325,0.7499999999999997,809.7717066777259,0.50981061586999,9.722329290921445
30.79335391911882,0.7499999999999996,813.9682580638582,0.5151197804394225,9.900624909949759
30.79335391911882,0.7499999999999996,813.9682580638582,0.5151197804394225,9.900624909949759
31.642357688721056,0.7499999999999991,807.1137007473676,0.5380015018543831,9.868266984385425
30.35649382526311,0.7499999999999992,806.6697294171963,0.443638889516655,9.678996872149009
30.35649382526311,0.7499999999999992,806.6697294171963,0.443638889516655,9.678996872149009
30.35649382526311,0.7499999999999992,806.6697294171963,0.443638889516655,9.678996872149009
30.736578986813036,0.7499999999999988,800.6282054005144,0.450119184338802,9.588850405207547
30.736578986813036,0.7499999999999988,800.6282054005144,0.450119184338802,9.588850405207547
30.736578986813036,0.7499999999999988,800.6282054005144,0.450119184338802,9.588850405207547
30.736578986813036,0.7499999999999988,800.6282054005144,0.450119184338802,9.588850405207547
30.736578986813036,0.7499999999999988,800.6282054005144,0.450119184338802,9.588850405207547
30.736578986813036,0.7499999999999988,800.6282054005144,0.450119184338802,9.588850405207547
30.736578986813036,0.7499999999999988,800.6282054005144,0.450119184338802,9.588850405207547
30.736578986813036,0.7499999999999988,800.6282054005144,0.450119184338802,9.588850405207547
30.736578986813036,0.7499999999999988,800.6282054005144,0.450119184338802,9.588850405207547
30.736578986813036,0.7499999999999988,800.6282054005144,0.450119184338802,9.588850405207547
30.736578986813036,0.7499999999999988,800.6282054005144,0.450119184338802,9.588850405207547
30.736578986813036,0.7499999999999988,800.6282054005144,0.450119184338802,9.588850405207547
32.175651688965885,0.749999999999999,808.123250317822,0.5528979701230305,9.76646080747617
31.741111351198295,0.749999999999999,802.0055526713486,0.37329504922423995,9.628889166186388
31.741111351198295,0.749999999999999,802.0055526713486,0.37329504922423995,9.628889166186388
31.741111351198295,0.749999999999999,802.0055526713486,0.37329504922423995,9.628889166186388
31.741111351198295,0.749999999999999,802.0055526713486,0.37329504922423995,9.628889166186388
31.741111351198295,0.749999999999999,802.0055526713486,0.37329504922423995,9.628889166186388
31.741111351198295,0.749999999999999,802.0055526713486,0.37329504922423995,9.628889166186388
31.741111351198295,0.749999999999999,802.0055526713486,0.37329504922423995,9.628889166186388
31.741111351198295,0.749999999999999,802.0055526713486,0.37329504922423995,9.628889166186388
31.20334117794437,0.7499999999999989,798.8482968246714,0.44150250506087646,9.656828718328597
31.20334117794437,0.7499999999999989,798.8482968246714,0.44150250506087646,9.656828718328597
30.865210312241043,0.749999999999999,802.4771805918817,0.38623668072433126,9.767331555669244
30.865210312241043,0.749999999999999,802.4771805918817,0.38623668072433126,9.767331555669244
30.865210312241043,0.749999999999999,802.4771805918817,0.38623668072433126,9.767331555669244
30.865210312241043,0.749999999999999,802.4771805918817,0.38623668072433126,9.767331555669244
31.3614775860129,0.7499999999999996,808.635937011481,0.46581204827755646,9.9586323363042
31.969228452777287,0.7499999999999992,804.2404876120937,0.4170349852238384,9.834764219467914
32.27122994712733,0.7499999999999986,806.2890094998738,0.5512070825950106,9.812655473747421
32.27122994712733,0.7499999999999986,806.2890094998738,0.5512070825950106,9.812655473747421
32.27122994712733,0.7499999999999986,806.2890094998738,0.5512070825950106,9.812655473747421
31.41713529181409,0.7499999999999989,807.0676285141531,0.4643078307648054,9.980095197272714
31.811782931341398,0.7499999999999998,814.9745460822227,0.45410713429992683,9.989181298267265
31.811782931341398,0.7499999999999998,814.9745460822227,0.45410713429992683,9.989181298267265
31.75306091522922,0.7499999999999986,817.466291092372,0.4525577032297131,9.873833949997039
31.25712737673267,0.7499999999999992,806.4136536750234,0.4143051403338652,9.733902099541098
31.100352532053822,0.7499999999999989,801.453590202078,0.5012795920543629,9.609440601895557
31.100352532053822,0.7499999999999989,801.453590202078,0.5012795920543629,9.609440601895557
31.100352532053822,0.7499999999999989,801.453590202078,0.5012795920543629,9.609440601895557
31.100352532053822,0.7499999999999989,801.453590202078,0.5012795920543629,9.609440601895557
30.56167222690402,0.7499999999999994,806.8500021848386,0.5055881358757003,9.910485545380137
30.165593961837295,0.7499999999999998,799.1926669005784,0.45872201974119875,9.687557885842006
29.330719803490695,0.75,798.6795378533566,0.4248039567480274,9.651695360537278
29.330719803490695,0.75,798.6795378533566,0.4248039567480274,9.651695360537278
29.330719803490695,0.75,798.6795378533566,0.4248039567480274,9.651695360537278
29.330719803490695,0.75,798.6795378533566,0.4248039567480274,9.651695360537278
29.330719803490695,0.75,798.6795378533566,0.4248039567480274,9.651695360537278
29.330719803490695,0.75,798.6795378533566,0.4248039567480274,9.651695360537278
29.330719803490695,0.75,798.6795378533566,0.4248039567480274,9.651695360537278
29.330719803490695,0.75,798.6795378533566,0.4248039567480274,9.651695360537278
29.69237300855566,0.749999999999999,802.2394307759977,0.42810578647031866,9.65651087614311
29.69237300855566,0.749999999999999,802.2394307759977,0.42810578647031866,9.65651087614311
29.419045106111465,0.7499999999999991,799.9701554453211,0.3942527933527031,9.645232593678125
30.150599947108045,0.7499999999999992,800.9735796407047,0.4283894059270561,9.62975908979728
30.150599947108045,0.7499999999999992,800.9735796407047,0.4283894059270561,9.62975908979728
30.150599947108045,0.7499999999999992,800.9735796407047,0.4283894059270561,9.62975908979728
30.150599947108045,0.7499999999999992,800.9735796407047,0.4283894059270561,9.62975908979728
31.375727500710628,0.7499999999999994,808.5582419035678,0.48986271682007604,9.945751066916813
31.375727500710628,0.7499999999999994,808.5582419035678,0.48986271682007604,9.945751066916813
31.375727500710628,0.7499999999999994,808.5582419035678,0.48986271682007604,9.945751066916813
31.375727500710628,0.7499999999999994,808.5582419035678,0.48986271682007604,9.945751066916813
30.99075737442702,0.7499999999999988,803.2346093862782,0.42793571020635107,9.842159634772534
30.99075737442702,0.7499999999999988,803.2346093862782,0.42793571020635107,9.842159634772534
32.00577166453039,0.7499999999999992,807.7919688610132,0.506226760076675,9.915366816045571
31.00981853030568,0.7499999999999999,810.3686199318945,0.47579523748599684,9.996794853078208
31.00981853030568,0.7499999999999999,810.3686199318945,0.47579523748599684,9.996794853078208
31.171454700290745,0.749999999999999,810.4225005854937,0.4716944124519653,9.977908424543699
31.171454700290745,0.749999999999999,810.4225005854937,0.4716944124519653,9.977908424543699
31.171454700290745,0.749999999999999,810.4225005854937,0.4716944124519653,9.977908424543699
31.171454700290745,0.749999999999999,810.4225005854937,0.4716944124519653,9.977908424543699
31.171454700290745,0.749999999999999,810.4225005854937,0.4716944124519653,9.977908424543699
31.171454700290745,0.749999999999999,810.4225005854937,0.4716944124519653,9.977908424543699
30.964685309947015,0.7499999999999997,814.4491159481137,0.5166850537138664,10.094402753590746
30.57292696076197,0.7499999999999993,812.524053400803,0.3851562005560681,10.011236560261286
30.66100182137428,0.7499999999999997,810.419540169099,0.4038780474204869,9.917830408654373
30.66100182137428,0.7499999999999997,810.419540169099,0.4038780474204869,9.917830408654373
30.66100182137428,0.7499999999999997,810.419540169099,0.4038780474204869,9.917830408654373
31.494301760090952,0.7499999999999982,815.5066315655167,0.42632632529041087,9.892197579147481
31.494301760090952,0.7499999999999982,815.5066315655167,0.42632632529041087,9.892197579147481
31.494301760090952,0.7499999999999982,815.5066315655167,0.42632632529041087,9.892197579147481
30.38384968762309,0.7499999999999996,808.9209655310782,0.4178619730799681,9.538698354868737
30.80712780739029,0.7499999999999979,806.2024615769521,0.41024896444466974,9.54489931944627
30.80712780739029,0.7499999999999979,806.2024615769521,0.41024896444466974,9.54489931944627
31.539128185546286,0.7499999999999997,808.9911702058703,0.39308519162072053,9.894372873317845
31.539128185546286,0.7499999999999997,808.9911702058703,0.39308519162072053,9.894372873317845
30.964206924418395,0.7499999999999989,814.649339616673,0.43473614465655486,10.023961784738038
29.89884094985976,0.7499999999999998,805.9941078939853,0.3629054845458745,9.657996653382323
29.89884094985976,0.7499999999999998,805.9941078939853,0.3629054845458745,9.657996653382323
30.025531419916163,0.7499999999999999,808.2451838979366,0.44590092345948323,9.581714583418435
30.01771603339381,0.75,808.2042138687361,0.40355065760193654,9.714773358716759
30.082151860812033,0.7499999999999996,812.3160102015353,0.4374472454109447,9.726494286152098
30.082151860812033,0.7499999999999996,812.3160102015353,0.4374472454109447,9.726494286152098
30.739709642192096,0.7499999999999998,813.501375689562,0.43345689212825605,9.86653668455815
30.739709642192096,0.7499999999999998,813.501375689562,0.43345689212825605,9.86653668455815
28.42832264500575,0.7499999999999989,811.144138219053,0.39758104696564595,9.564505597633437
29.720202250157797,0.7499999999999994,814.6542685523033,0.38237219595383953,9.730532143672301
29.85344475807484,0.7499999999999997,812.4529327667426,0.4043107797391022,9.472587783430134
29.793228332494845,0.7499999999999994,808.9994724560937,0.3500639536967237,9.598576635524427
30.16553310047032,0.7499999999999991,807.8848232873937,0.5060113763506355,9.761173636929609
30.16553310047032,0.7499999999999991,807.8848232873937,0.5060113763506355,9.761173636929609
30.16553310047032,0.7499999999999991,807.8848232873937,0.5060113763506355,9.761173636929609
30.16553310047032,0.7499999999999991,807.8848232873937,0.5060113763506355,9.761173636929609
30.16553310047032,0.7499999999999991,807.8848232873937,0.5060113763506355,9.761173636929609
30.16553310047032,0.7499999999999991,807.8848232873937,0.5060113763506355,9.761173636929609
30.589348332359776,0.7499999999999993,812.5092389167764,0.39447097970955064,9.954148553949798
29.22629586848455,0.7499999999999979,805.4889001460667,0.3297924075319092,9.721931424855075
29.22629586848455,0.7499999999999979,805.4889001460667,0.3297924075319092,9.721931424855075
28.851490684232395,0.7499999999999997,807.3611022171767,0.37347172988933935,9.61894592593886
28.851490684232395,0.7499999999999997,807.3611022171767,0.37347172988933935,9.61894592593886
28.851490684232395,0.7499999999999997,807.3611022171767,0.37347172988933935,9.61894592593886
29.120014160845596,0.7499999999999993,811.9998476685892,0.37523606518881697,9.731476023990734
29.21988079208496,0.7499999999999993,817.9880515587557,0.38826184891731824,10.031641439327322
28.98337676457874,0.7499999999999984,817.1143343800552,0.4174826011481195,10.003340830495063
29.52653177700017,0.7499999999999997,815.3868860410797,0.42073940491925493,9.931350470726215
29.52653177700017,0.7499999999999997,815.3868860410797,0.42073940491925493,9.931350470726215
29.75779627718526,0.749999999999998,815.0322018624365,0.5004973217513387,10.135459595388303
29.304139278418717,0.7499999999999996,803.7367649217133,0.37940702820856964,9.821217213788263
30.227289254066378,0.75,810.3183270680795,0.38039865988083765,9.71729440709387
30.970495874902635,0.7499999999999987,802.1038395291189,0.397237221963168,9.797358088675665
30.970495874902635,0.7499999999999987,802.1038395291189,0.397237221963168,9.797358088675665
30.970495874902635,0.7499999999999987,802.1038395291189,0.397237221963168,9.797358088675665
31.78451067362918,0.7499999999999988,802.0113787807753,0.49807209043841266,9.927196432321846
29.28593928877126,0.7499999999999989,803.2203132215471,0.4292629414561074,9.794853128907127
30.49924925138957,0.7499999999999994,808.7152272421937,0.48936899990573784,10.231863185933733
30.553895784684855,0.7499999999999997,809.7974210187327,0.5112890129374394,10.096928814274623
30.553895784684855,0.7499999999999997,809.7974210187327,0.5112890129374394,10.096928814274623
30.205539943014436,0.7500000000000002,819.0128590576265,0.4277519994098317,10.101114516911412
30.205539943014436,0.7500000000000002,819.0128590576265,0.4277519994098317,10.101114516911412
30.246214912842042,0.7499999999999997,813.629153253268,0.45594399885137976,10.011351906758708
30.246214912842042,0.7499999999999997,813.629153253268,0.45594399885137976,10.011351906758708
30.246214912842042,0.7499999999999997,813.629153253268,0.45594399885137976,10.011351906758708
30.246214912842042,0.7499999999999997,813.629153253268,0.45594399885137976,10.011351906758708
30.246214912842042,0.7499999999999997,813.629153253268,0.45594399885137976,10.011351906758708
30.246214912842042,0.7499999999999997,813.629153253268,0.45594399885137976,10.011351906758708
30.576067990795718,0.7499999999999989,812.548462149874,0.44596500286840957,9.806736660069268
30.576067990795718,0.7499999999999989,812.548462149874,0.44596500286840957,9.806736660069268
30.576067990795718,0.7499999999999989,812.548462149874,0.44596500286840957,9.806736660069268
30.576067990795718,0.7499999999999989,812.548462149874,0.44596500286840957,9.806736660069268
30.576067990795718,0.7499999999999989,812.548462149874,0.44596500286840957,9.806736660069268
30.576067990795718,0.7499999999999989,812.548462149874,0.44596500286840957,9.806736660069268
30.576067990795718,0.7499999999999989,812.548462149874,0.44596500286840957,9.806736660069268
29.557427978308446,0.7499999999999992,811.6881151180116,0.5213061900214881,9.831631089592616
29.557427978308446,0.7499999999999992,811.6881151180116,0.5213061900214881,9.831631089592616
30.80812129497236,0.7499999999999979,813.3080088197614,0.5176841542577284,9.82188348967903
30.80812129497236,0.7499999999999979,813.3080088197614,0.5176841542577284,9.82188348967903
30.80812129497236,0.7499999999999979,813.3080088197614,0.5176841542577284,9.82188348967903
30.860458165468945,0.7499999999999993,809.14325548282,0.4126305427300877,9.772469638039087
30.860458165468945,0.7499999999999993,809.14325548282,0.4126305427300877,9.772469638039087
30.860458165468945,0.7499999999999993,809.14325548282,0.4126305427300877,9.772469638039087
30.722083618887634,0.7499999999999993,809.200993941904,0.4106407016970937,9.953520107861635
31.672256026736353,0.7499999999999992,812.8156581861108,0.5083369426379417,9.865283205135848
29.760855279116353,0.7500000000000001,811.3449829571935,0.4700508017035285,9.576678467222788
29.760855279116353,0.7500000000000001,811.3449829571935,0.4700508017035285,9.576678467222788
29.760855279116353,0.7500000000000001,811.3449829571935,0.4700508017035285,9.576678467222788
29.760855279116353,0.7500000000000001,811.3449829571935,0.4700508017035285,9.576678467222788
29.680162741235012,0.7499999999999989,807.7711361584559,0.4269959591752136,9.4954729757085
29.680162741235012,0.7499999999999989,807.7711361584559,0.4269959591752136,9.4954729757085
29.680162741235012,0.7499999999999989,807.7711361584559,0.4269959591752136,9.4954729757085
30.100810907573294,0.7499999999999988,809.4876438220767,0.4592686322696561,9.581423353775524
30.100810907573294,0.7499999999999988,809.4876438220767,0.4592686322696561,9.581423353775524
31.391790822460692,0.7499999999999996,811.0712272940592,0.49051158229187874,9.691231101155605
30.847069457093365,0.7499999999999993,813.6664604263493,0.5499277782493595,9.770109675357329
30.62939101854571,0.7499999999999997,811.6241042555799,0.4687299093325233,9.776034013867553
30.62939101854571,0.7499999999999997,811.6241042555799,0.4687299093325233,9.776034013867553
30.62939101854571,0.7499999999999997,811.6241042555799,0.4687299093325233,9.776034013867553
30.62939101854571,0.7499999999999997,811.6241042555799,0.4687299093325233,9.776034013867553
30.62939101854571,0.7499999999999997,811.6241042555799,0.4687299093325233,9.776034013867553
29.96781629017122,0.7499999999999992,811.8739789192438,0.4398076013152119,9.648501869767395
29.706476739614715,0.7499999999999993,809.7706118483458,0.3881855571553699,9.60214112779172
29.706476739614715,0.7499999999999993,809.7706118483458,0.3881855571553699,9.60214112779172
29.706476739614715,0.7499999999999993,809.7706118483458,0.3881855571553699,9.60214112779172
30.363369249302067,0.7499999999999984,814.7748421724016,0.4787733328759956,9.802249219810292
30.363369249302067,0.7499999999999984,814.7748421724016,0.4787733328759956,9.802249219810292
30.363369249302067,0.7499999999999984,814.7748421724016,0.4787733328759956,9.802249219810292
29.51431716531757,0.7499999999999993,810.1565601472957,0.4134676610833598,9.782839450158217
29.51431716531757,0.7499999999999993,810.1565601472957,0.4134676610833598,9.782839450158217
29.51431716531757,0.7499999999999993,810.1565601472957,0.4134676610833598,9.782839450158217
29.51431716531757,0.7499999999999993,810.1565601472957,0.4134676610833598,9.782839450158217
30.470100897033987,0.7499999999999984,816.0871386840255,0.4712039147551673,9.81857160832763
30.70804071597504,0.7499999999999988,811.2319764604581,0.4554931284476684,9.701602068233061
30.6142457881031,0.7499999999999982,813.8003666961022,0.4187931792062175,9.581895690619618
29.83290538685058,0.7499999999999997,805.2283522667904,0.4225048013083068,9.5876168452717
28.84105574171879,0.7499999999999996,805.7459809456416,0.3715164318963737,9.570274280421426
28.84105574171879,0.7499999999999996,805.7459809456416,0.3715164318963737,9.570274280421426
29.282684463457564,0.7500000000000002,803.6781474735853,0.3853756761539978,9.510436300648504
29.282684463457564,0.7500000000000002,803.6781474735853,0.3853756761539978,9.510436300648504
30.498463170448943,0.7499999999999987,809.7947351089645,0.4288952400144665,9.536147686909924
30.82605100118067,0.75,814.7906965748213,0.4955417061815074,9.663220188272422
31.076814715377864,0.7500000000000001,799.6905972666601,0.3772701808776368,9.480927271254487
31.076814715377864,0.7500000000000001,799.6905972666601,0.3772701808776368,9.480927271254487
31.076814715377864,0.7500000000000001,799.6905972666601,0.3772701808776368,9.480927271254487
31.076814715377864,0.7500000000000001,799.6905972666601,0.3772701808776368,9.480927271254487
31.076814715377864,0.7500000000000001,799.6905972666601,0.3772701808776368,9.480927271254487
31.076814715377864,0.7500000000000001,799.6905972666601,0.3772701808776368,9.480927271254487
31.076814715377864,0.7500000000000001,799.6905972666601,0.3772701808776368,9.480927271254487
31.076814715377864,0.7500000000000001,799.6905972666601,0.3772701808776368,9.480927271254487
30.655922811623828,0.7499999999999991,802.8669454169793,0.36434673550190866,9.520340552812456
30.655922811623828,0.7499999999999991,802.8669454169793,0.36434673550190866,9.520340552812456
30.501842933404504,0.7499999999999994,802.8954151472158,0.4040646258943781,9.511216319435784
30.68247612142961,0.7499999999999973,799.342739714062,0.5328706921840372,9.603241341602342
31.198500181671577,0.7499999999999986,804.4968291759947,0.5710888474803655,9.641355667880248
31.198500181671577,0.7499999999999986,804.4968291759947,0.5710888474803655,9.641355667880248
31.198500181671577,0.7499999999999986,804.4968291759947,0.5710888474803655,9.641355667880248
31.198500181671577,0.7499999999999986,804.4968291759947,0.5710888474803655,9.641355667880248
31.198500181671577,0.7499999999999986,804.4968291759947,0.5710888474803655,9.641355667880248
30.99609628222978,0.7499999999999996,801.756079288645,0.5691438699257929,9.859742286704797
29.984336205760965,0.7499999999999997,797.5486940560062,0.42305779086385964,9.686389499651597
30.523702021900643,0.7499999999999997,797.7620981866311,0.4578730123496056,9.633445289787256
30.523702021900643,0.7499999999999997,797.7620981866311,0.4578730123496056,9.633445289787256
30.523702021900643,0.7499999999999997,797.7620981866311,0.4578730123496056,9.633445289787256
30.998207612548647,0.7499999999999999,805.6338439698247,0.5431003523117706,9.829886877472891
31.013579561605162,0.7499999999999993,819.7154928538271,0.5407078029412451,9.900473053795604
31.013579561605162,0.7499999999999993,819.7154928538271,0.5407078029412451,9.900473053795604
29.15509979301866,0.7499999999999983,825.6469623911644,0.4202149205305049,9.723270560060062
29.15509979301866,0.7499999999999983,825.6469623911644,0.4202149205305049,9.723270560060062
28.746109263765117,0.7499999999999999,818.6216438830122,0.434167060682921,9.775148206136521
28.988159965751098,0.7499999999999984,812.9304739894452,0.47289963022414006,9.70214658689127
28.218625870216375,0.7499999999999993,806.0093448678249,0.4490130137190716,9.510988429469979
28.780057332679757,0.7499999999999992,799.9671421368411,0.38646047172450665,9.44852712061927
29.97227173654526,0.7499999999999989,803.5876782177093,0.4755655216132428,9.698234189121735
29.97227173654526,0.7499999999999989,803.5876782177093,0.4755655216132428,9.698234189121735
29.97227173654526,0.7499999999999989,803.5876782177093,0.4755655216132428,9.698234189121735
29.97227173654526,0.7499999999999989,803.5876782177093,0.4755655216132428,9.698234189121735
30.19400433261043,0.7499999999999989,813.0949071067394,0.49718081393379704,9.84453001551888
29.482481207003115,0.7499999999999999,808.3173103712609,0.410555900558574,9.721806241087776
29.611239471279344,0.75,812.7737958280541,0.4310979145531515,9.929392820217867
28.29452464934969,0.749999999999999,814.1980359803708,0.40150888727241757,9.72853394024158
27.92364374427004,0.7499999999999991,809.6855450070327,0.4299708102548024,9.616531370211055
29.649100670571052,0.7499999999999988,808.8248732331026,0.42670534184241626,9.723284031040567
30.219869464158165,0.7499999999999987,809.4041882539385,0.5099193907818388,9.894544409713424
31.03976187411532,0.7499999999999963,812.6884923438964,0.7101313433732569,10.062768201175952
30.75401820524573,0.7499999999999999,809.2789429945976,0.5691082224443671,9.970222964165924
30.75401820524573,0.7499999999999999,809.2789429945976,0.5691082224443671,9.970222964165924
30.75401820524573,0.7499999999999999,809.2789429945976,0.5691082224443671,9.970222964165924
30.75401820524573,0.7499999999999999,809.2789429945976,0.5691082224443671,9.970222964165924
29.989693781604178,0.7499999999999999,814.037708578714,0.46972316057084307,9.93592833515918
29.989693781604178,0.7499999999999999,814.037708578714,0.46972316057084307,9.93592833515918
29.94121896804838,0.7499999999999991,813.5920555764768,0.4376920122377859,9.989439304998822
30.019076268449773,0.7499999999999993,819.6885871308972,0.46679555597510947,10.068441601487084
30.28517525317682,0.7499999999999989,817.4051031818345,0.4542245626863037,9.856743132760556
30.28517525317682,0.7499999999999989,817.4051031818345,0.4542245626863037,9.856743132760556
30.28517525317682,0.7499999999999989,817.4051031818345,0.4542245626863037,9.856743132760556
29.76914516571636,0.7499999999999997,813.4132125840551,0.4227747477836353,9.436975771158888
29.597255023487282,0.7499999999999997,808.6393202564442,0.44044966781531025,9.510240223658457
28.989317129403815,0.7499999999999999,815.2255807748435,0.44365089223183196,9.753996038238828
28.605377691625318,0.7499999999999991,817.6082005404737,0.42114933963484785,9.598859514524154
28.786212126655435,0.7499999999999998,820.4271568692936,0.4961577699423816,9.741931050144832
29.566993429319364,0.75,802.4485704110073,0.36028503830525804,9.648518012045944
29.566993429319364,0.75,802.4485704110073,0.36028503830525804,9.648518012045944
30.15449314681161,0.7499999999999988,804.5725020417219,0.3947578463533391,9.57317217923252
30.15449314681161,0.7499999999999988,804.5725020417219,0.3947578463533391,9.57317217923252
30.15449314681161,0.7499999999999988,804.5725020417219,0.3947578463533391,9.57317217923252
30.15449314681161,0.7499999999999988,804.5725020417219,0.3947578463533391,9.57317217923252
30.15449314681161,0.7499999999999988,804.5725020417219,0.3947578463533391,9.57317217923252
30.15449314681161,0.7499999999999988,804.5725020417219,0.3947578463533391,9.57317217923252
30.15449314681161,0.7499999999999988,804.5725020417219,0.3947578463533391,9.57317217923252
30.49470160446115,0.7499999999999994,803.8652447757592,0.4359077239699654,9.588272161598818
30.49470160446115,0.7499999999999994,803.8652447757592,0.4359077239699654,9.588272161598818
30.49470160446115,0.7499999999999994,803.8652447757592,0.4359077239699654,9.588272161598818
30.49470160446115,0.7499999999999994,803.8652447757592,0.4359077239699654,9.588272161598818
30.49470160446115,0.7499999999999994,803.8652447757592,0.4359077239699654,9.588272161598818
30.49470160446115,0.7499999999999994,803.8652447757592,0.4359077239699654,9.588272161598818
30.49470160446115,0.7499999999999994,803.8652447757592,0.4359077239699654,9.588272161598818
30.49470160446115,0.7499999999999994,803.8652447757592,0.4359077239699654,9.588272161598818
30.49470160446115,0.7499999999999994,803.8652447757592,0.4359077239699654,9.588272161598818
30.49470160446115,0.7499999999999994,803.8652447757592,0.4359077239699654,9.588272161598818
30.49470160446115,0.7499999999999994,803.8652447757592,0.4359077239699654,9.588272161598818
30.49470160446115,0.7499999999999994,803.8652447757592,0.4359077239699654,9.588272161598818
31.755837973420007,0.7499999999999998,808.2304855441558,0.668867331662579,10.025568788495619
31.54645164864574,0.7500000000000001,808.4084527895219,0.4518338848704284,9.768208074437833
31.54645164864574,0.7500000000000001,808.4084527895219,0.4518338848704284,9.768208074437833
31.462667148747336,0.7499999999999983,815.7404577065195,0.4731149160588474,9.753307689964853
31.145937277769615,0.7499999999999996,811.1628847678394,0.40549329228059644,9.743210201907264
31.200090142639016,0.7499999999999993,810.0018392908885,0.5311402067529121,9.679999751461136
30.571459547173852,0.7499999999999984,804.1065975286419,0.41277370629267984,9.449452873891437
31.080086743822495,0.7499999999999992,810.6371284408646,0.452107991379355,9.653750268236726
31.080086743822495,0.7499999999999992,810.6371284408646,0.452107991379355,9.653750268236726
31.080086743822495,0.7499999999999992,810.6371284408646,0.452107991379355,9.653750268236726
31.080086743822495,0.7499999999999992,810.6371284408646,0.452107991379355,9.653750268236726
31.22016033693689,0.7499999999999998,808.7244617674925,0.5229912887837862,9.66757106763652
30.713204772767583,0.7499999999999988,813.6386131536577,0.4775301753432242,9.87043081679764
30.90491503332443,0.7499999999999984,811.4410306870736,0.5760260878310179,9.906504083106238
29.36040567640913,0.75,809.694298852065,0.4922008610135987,9.666398122995528
29.36040567640913,0.75,809.694298852065,0.4922008610135987,9.666398122995528
28.8545668155712,0.7499999999999992,809.8568419529051,0.43075502708178026,9.71525140463612
28.862934882985286,0.7499999999999989,808.8649292277714,0.432603308334262,9.607264347356312
31.02071965284803,0.749999999999999,813.2461901569977,0.5178746060576532,9.777843406184473
30.363629619441085,0.7499999999999994,815.8430302379471,0.41041266890045053,9.57348946154021
30.363629619441085,0.7499999999999994,815.8430302379471,0.41041266890045053,9.57348946154021
29.76237021674543,0.7499999999999992,803.4367221856402,0.350288782005399,9.367469570998363
29.76237021674543,0.7499999999999992,803.4367221856402,0.350288782005399,9.367469570998363
29.76237021674543,0.7499999999999992,803.4367221856402,0.350288782005399,9.367469570998363
30.27291484984241,0.7500000000000001,811.715629783093,0.5025029187177636,9.5160498436538
29.891142492221892,0.7499999999999983,813.1644071362191,0.49194166226418423,9.667697661383226
29.99003422745237,0.7499999999999996,815.1464860291883,0.44295103909299166,9.757200149389789
30.324914513490537,0.7499999999999996,814.2982948279027,0.44077736253492417,9.866087135110817
30.260200823992207,0.7499999999999992,814.9443089392591,0.5639952373745295,9.848483680300353
30.260200823992207,0.7499999999999992,814.9443089392591,0.5639952373745295,9.848483680300353
30.260200823992207,0.7499999999999992,814.9443089392591,0.5639952373745295,9.848483680300353
30.290463848712953,0.7499999999999991,820.1744570356695,0.5883959505148914,9.98020503509214
29.70485416370812,0.7499999999999996,821.9765310005224,0.623210500145792,10.051756393627539
29.942925201183634,0.7499999999999984,815.1475012453701,0.48988426191640905,9.95413202162752
29.003600638641156,0.7499999999999996,813.9927036690757,0.4139269017114716,9.939402441342633
29.022779517488388,0.7499999999999997,813.0075500754018,0.3915519711414442,9.670694851313257
29.031271546934793,0.749999999999999,810.166110802727,0.4635535256176354,9.595455467518807
29.031271546934793,0.749999999999999,810.166110802727,0.4635535256176354,9.595455467518807
28.888965514082358,0.7499999999999993,808.2351504464414,0.3908561932810834,9.371889603503911
28.888965514082358,0.7499999999999993,808.2351504464414,0.3908561932810834,9.371889603503911
30.11969571659112,0.7499999999999997,815.3749765932375,0.4382844918602528,9.599352826952131
30.11969571659112,0.7499999999999997,815.3749765932375,0.4382844918602528,9.599352826952131
28.860786882625987,0.7499999999999994,816.5492079000026,0.5402888125616406,9.603397351177204
28.860786882625987,0.7499999999999994,816.5492079000026,0.5402888125616406,9.603397351177204
28.860786882625987,0.7499999999999994,816.5492079000026,0.5402888125616406,9.603397351177204
28.8014818918732,0.7499999999999989,825.5164018628365,0.3527344717528467,9.610739731710002
28.079675284745903,0.7499999999999982,822.8317888588484,0.4025445967509765,9.632875303782011
27.526888597551938,0.7499999999999999,822.8435480423625,0.41602970975163867,9.664818545962095
27.526888597551938,0.7499999999999999,822.8435480423625,0.41602970975163867,9.664818545962095
28.590835513357483,0.7499999999999993,818.2348233197359,0.44320149972235534,9.690256884058432
28.590835513357483,0.7499999999999993,818.2348233197359,0.44320149972235534,9.690256884058432
28.720346047692356,0.7499999999999982,817.8938935822214,0.3850181936389664,9.709286605902246
28.720346047692356,0.7499999999999982,817.8938935822214,0.3850181936389664,9.709286605902246
29.19833155238432,0.7499999999999987,816.3608383473172,0.43973051014919273,9.75942034059732
29.353651362814386,0.7499999999999987,815.9788084524222,0.4064122685369311,9.666787250329245
29.353651362814386,0.7499999999999987,815.9788084524222,0.4064122685369311,9.666787250329245
29.353651362814386,0.7499999999999987,815.9788084524222,0.4064122685369311,9.666787250329245
29.353651362814386,0.7499999999999987,815.9788084524222,0.4064122685369311,9.666787250329245
29.353651362814386,0.7499999999999987,815.9788084524222,0.4064122685369311,9.666787250329245
29.353651362814386,0.7499999999999987,815.9788084524222,0.4064122685369311,9.666787250329245
29.898105868644365,0.7499999999999997,814.5006529808131,0.3647872558393375,9.603623770890504
29.898105868644365,0.7499999999999997,814.5006529808131,0.3647872558393375,9.603623770890504
29.898105868644365,0.7499999999999997,814.5006529808131,0.3647872558393375,9.603623770890504
29.681172006790277,0.7499999999999972,818.7124958032842,0.43773490078071553,9.556610796514803
29.681172006790277,0.7499999999999972,818.7124958032842,0.43773490078071553,9.556610796514803
29.681172006790277,0.7499999999999972,818.7124958032842,0.43773490078071553,9.556610796514803
29.963602089852337,0.7499999999999984,817.6920228229936,0.491400898549533,9.66341587967473
30.796310653841545,0.7499999999999994,820.3773832422255,0.6616953574191091,9.977436353405903
30.556554946829895,0.7499999999999997,820.2057645805925,0.510883916204765,9.883699510741403
30.556554946829895,0.7499999999999997,820.2057645805925,0.510883916204765,9.883699510741403
30.556554946829895,0.7499999999999997,820.2057645805925,0.510883916204765,9.883699510741403
30.556554946829895,0.7499999999999997,820.2057645805925,0.510883916204765,9.883699510741403
30.612093525604518,0.75,816.4829476596329,0.481121647690485,9.698278693002488
29.047513482044227,0.7499999999999993,813.5585864315738,0.400153511592283,9.484977402942855
29.047513482044227,0.7499999999999993,813.5585864315738,0.400153511592283,9.484977402942855
29.82427616610687,0.7499999999999999,822.5408359099927,0.41177018855794284,9.587611647181067
30.31472804344456,0.7499999999999982,822.0450624542467,0.4239278555219124,9.80561850764995
30.29616983738184,0.7499999999999987,826.1270625750318,0.5948493717575529,10.038573176805295
29.78623492408249,0.75,820.9694352478134,0.5077488629882007,10.081849745649915
29.78623492408249,0.75,820.9694352478134,0.5077488629882007,10.081849745649915
29.78623492408249,0.75,820.9694352478134,0.5077488629882007,10.081849745649915
29.294083786610145,0.7499999999999986,819.4128825868306,0.6782843366484052,9.913670543226562
29.911005897314702,0.7499999999999991,810.4196663342208,0.48570722772338865,9.850151025590254
29.911005897314702,0.7499999999999991,810.4196663342208,0.48570722772338865,9.850151025590254
29.911005897314702,0.7499999999999991,810.4196663342208,0.48570722772338865,9.850151025590254
29.911005897314702,0.7499999999999991,810.4196663342208,0.48570722772338865,9.850151025590254
29.911005897314702,0.7499999999999991,810.4196663342208,0.48570722772338865,9.850151025590254
30.46372573673506,0.7499999999999989,818.5217548677447,0.4789247161667297,9.967142767217478
29.160236051863382,0.7499999999999991,823.1517941354235,0.3955012126036364,9.915293683924782
29.04157926293861,0.7499999999999999,819.0600670615826,0.3889717249307411,9.812211893523502
29.04157926293861,0.7499999999999999,819.0600670615826,0.3889717249307411,9.812211893523502
29.04157926293861,0.7499999999999999,819.0600670615826,0.3889717249307411,9.812211893523502
29.380533596605254,0.7499999999999994,831.6617785442018,0.5091300191888799,10.041772100630414
29.339589623927292,0.7499999999999994,825.3430423295108,0.47376848023291523,9.940340083171296
28.877385167275303,0.7499999999999997,825.2672192878284,0.3418861693392,9.82373648295586
29.605078376740583,0.749999999999999,833.4118312511778,0.39931860012164117,9.981134395919995
29.605078376740583,0.749999999999999,833.4118312511778,0.39931860012164117,9.981134395919995
29.605078376740583,0.749999999999999,833.4118312511778,0.39931860012164117,9.981134395919995
29.605078376740583,0.749999999999999,833.4118312511778,0.39931860012164117,9.981134395919995
29.605078376740583,0.749999999999999,833.4118312511778,0.39931860012164117,9.981134395919995
29.605078376740583,0.749999999999999,833.4118312511778,0.39931860012164117,9.981134395919995
29.605078376740583,0.749999999999999,833.4118312511778,0.39931860012164117,9.981134395919995
29.605078376740583,0.749999999999999,833.4118312511778,0.39931860012164117,9.981134395919995
29.605078376740583,0.749999999999999,833.4118312511778,0.39931860012164117,9.981134395919995
29.605078376740583,0.749999999999999,833.4118312511778,0.39931860012164117,9.981134395919995
29.605078376740583,0.749999999999999,833.4118312511778,0.39931860012164117,9.981134395919995
29.605078376740583,0.749999999999999,833.4118312511778,0.39931860012164117,9.981134395919995
29.85518020391007,0.7499999999999992,835.0155480650963,0.38892305683783357,9.992140580208162
29.450050722369767,0.7499999999999986,835.0177656534573,0.39778595730141963,9.792919677805846
29.450050722369767,0.7499999999999986,835.0177656534573,0.39778595730141963,9.792919677805846
29.450050722369767,0.7499999999999986,835.0177656534573,0.39778595730141963,9.792919677805846
29.21236688336015,0.7499999999999989,829.8187704377968,0.39146875899542455,9.787880995180817
29.21236688336015,0.7499999999999989,829.8187704377968,0.39146875899542455,9.787880995180817
29.21236688336015,0.7499999999999989,829.8187704377968,0.39146875899542455,9.787880995180817
29.21236688336015,0.7499999999999989,829.8187704377968,0.39146875899542455,9.787880995180817
29.21236688336015,0.7499999999999989,829.8187704377968,0.39146875899542455,9.787880995180817
30.334107050093028,0.7499999999999982,850.5087993031273,0.4873960433849608,10.239234248388936
30.334107050093028,0.7499999999999982,850.5087993031273,0.4873960433849608,10.239234248388936
28.056305626651845,0.7499999999999993,840.7643213259399,0.4247859161095064,9.897765009575135
28.724640104104253,0.7499999999999992,846.5159226862656,0.46774605756365983,9.865882632391092
28.89247923347721,0.7499999999999987,835.8154479610619,0.519214035304929,9.836582913954192
29.405230485163912,0.7499999999999993,838.3136074975793,0.5124268647011927,10.05762416189906
28.704502855118886,0.7499999999999994,834.1467978281481,0.4165515243556534,9.874023972233019
28.88838846281193,0.749999999999999,831.0423372974234,0.4108780097301949,9.909874903398839
30.310904831094277,0.7499999999999998,835.4626050337561,0.626818653936072,10.14715461740382
28.80649713716317,0.7499999999999999,820.825206139461,0.4928605270950327,9.865238751425332
29.89674818732625,0.7499999999999998,833.0733085990752,0.6026247595025085,10.015005604377283
29.89674818732625,0.7499999999999998,833.0733085990752,0.6026247595025085,10.015005604377283
29.27888390255248,0.7499999999999989,830.4830295345016,0.5757665955508617,10.018172311607504
28.221148383632467,0.7500000000000002,832.6008959875242,0.5887203614994817,9.773323444954125
27.78995710382973,0.7499999999999994,836.030100971969,0.428254062078603,9.765273890657415
27.78995710382973,0.7499999999999994,836.030100971969,0.428254062078603,9.765273890657415
26.98433634431287,0.7499999999999993,837.521780064975,0.38405590224150926,9.6908808701593
27.16912656127276,0.7499999999999996,838.1070838063656,0.38281100672792134,9.67154725040491
27.7998245037557,0.7499999999999987,833.5640147145228,0.410830732898575,9.659087410407224
27.7998245037557,0.7499999999999987,833.5640147145228,0.410830732898575,9.659087410407224
27.7998245037557,0.7499999999999987,833.5640147145228,0.410830732898575,9.659087410407224
27.7998245037557,0.7499999999999987,833.5640147145228,0.410830732898575,9.659087410407224
27.7998245037557,0.7499999999999987,833.5640147145228,0.410830732898575,9.659087410407224
27.7998245037557,0.7499999999999987,833.5640147145228,0.410830732898575,9.659087410407224
28.881880821724483,0.749999999999999,842.5370806320894,0.6132232075237909,9.917402606081987
29.519255317335688,0.7499999999999994,835.6305577604336,0.632537873300591,9.814954797392236
29.519255317335688,0.7499999999999994,835.6305577604336,0.632537873300591,9.814954797392236
29.86073263553923,0.7499999999999998,824.6506833580212,0.5267868199292264,9.785663002202622
29.86073263553923,0.7499999999999998,824.6506833580212,0.5267868199292264,9.785663002202622
29.86073263553923,0.7499999999999998,824.6506833580212,0.5267868199292264,9.785663002202622
30.173974345500312,0.749999999999999,824.0722102316016,0.48170121164394525,9.844352260082013
29.777975931980023,0.7499999999999993,821.0219656667308,0.5312953600575941,9.580591498440175
29.073604470487027,0.7499999999999989,824.1929653900842,0.4633142934688843,9.532775905935988
29.073604470487027,0.7499999999999989,824.1929653900842,0.4633142934688843,9.532775905935988
29.20038904157544,0.7499999999999999,827.8357620886217,0.500902680856612,9.698029811669155
29.20038904157544,0.7499999999999999,827.8357620886217,0.500902680856612,9.698029811669155
28.20337265218421,0.7499999999999996,821.7112938134958,0.48539619176688814,9.721568493251931
28.57044142307967,0.7499999999999993,828.9958239571355,0.5482708610043522,9.967382065559397
28.274432569032953,0.75,826.2200665896879,0.4820754643751164,9.983664271319673
28.708067449645462,0.7499999999999984,822.7519463133283,0.5035303598418861,9.846354152153348
28.708067449645462,0.7499999999999984,822.7519463133283,0.5035303598418861,9.846354152153348
28.58495093644296,0.7499999999999992,829.0542136664325,0.5305816177089252,9.767278136957035
28.99652227918087,0.7499999999999992,823.9801408637676,0.42327078447401273,9.631605235548458
28.99652227918087,0.7499999999999992,823.9801408637676,0.42327078447401273,9.631605235548458
28.73456279587637,0.7500000000000003,829.1328354376484,0.4821058794198213,9.784849505913197
28.73456279587637,0.7500000000000003,829.1328354376484,0.4821058794198213,9.784849505913197
28.965476659548283,0.7499999999999996,833.2719881986341,0.4793411935315452,9.755893607229847
28.965476659548283,0.7499999999999996,833.2719881986341,0.4793411935315452,9.755893607229847
28.965476659548283,0.7499999999999996,833.2719881986341,0.4793411935315452,9.755893607229847
28.965476659548283,0.7499999999999996,833.2719881986341,0.4793411935315452,9.755893607229847
29.451225523517156,0.7499999999999987,826.6598615790583,0.4941694511293145,9.773112326617573
29.451225523517156,0.7499999999999987,826.6598615790583,0.4941694511293145,9.773112326617573
28.996056211728202,0.7499999999999997,819.5915551094245,0.5051145563949497,9.67110623874
28.996056211728202,0.7499999999999997,819.5915551094245,0.5051145563949497,9.67110623874
29.605956420656586,0.7499999999999996,825.4532395683033,0.5057304942160594,9.845098464953058
30.042852255820826,0.7499999999999994,827.8520839146505,0.615611829679062,9.818708601208218
30.042852255820826,0.7499999999999994,827.8520839146505,0.615611829679062,9.818708601208218
30.13300977748671,0.7499999999999997,830.3979768107512,0.5790195323284965,9.84324805819196
29.923231840667242,0.7499999999999992,827.5014529916972,0.4638328995021686,9.716185203425923
31.149038681222216,0.7499999999999998,832.270253658689,0.4918243535887996,9.771677162873948
30.926776289475647,0.7499999999999993,823.081363404115,0.4595326888646593,9.613152393672658
30.926776289475647,0.7499999999999993,823.081363404115,0.4595326888646593,9.613152393672658
30.19112846858288,0.7499999999999996,815.0910927521909,0.3939357379885336,9.465967188595926
30.19112846858288,0.7499999999999996,815.0910927521909,0.3939357379885336,9.465967188595926
29.427171195895554,0.7499999999999989,812.9303968541274,0.45148285475226485,9.468804270571482
29.786023073909284,0.75,819.0985503088784,0.44980940881112386,9.552883301599753
29.786023073909284,0.75,819.0985503088784,0.44980940881112386,9.552883301599753
29.786023073909284,0.75,819.0985503088784,0.44980940881112386,9.552883301599753
29.786023073909284,0.75,819.0985503088784,0.44980940881112386,9.552883301599753
29.786023073909284,0.75,819.0985503088784,0.44980940881112386,9.552883301599753
29.786023073909284,0.75,819.0985503088784,0.44980940881112386,9.552883301599753
29.786023073909284,0.75,819.0985503088784,0.44980940881112386,9.552883301599753
29.189216291249004,0.7499999999999992,820.7108485707693,0.41955672234436897,9.64790246898668
29.189216291249004,0.7499999999999992,820.7108485707693,0.41955672234436897,9.64790246898668
29.189216291249004,0.7499999999999992,820.7108485707693,0.41955672234436897,9.64790246898668
30.275168169392767,0.7500000000000001,820.7420690882162,0.45246612803477043,9.826111643220013
31.275999884455622,0.7499999999999999,823.6081754685061,0.5703715251355361,9.955355185636108
31.275999884455622,0.7499999999999999,823.6081754685061,0.5703715251355361,9.955355185636108
31.275999884455622,0.7499999999999999,823.6081754685061,0.5703715251355361,9.955355185636108
31.006591497553615,0.749999999999999,813.164375163671,0.4788354472421483,9.699715185519121
29.53800914291596,0.7499999999999993,818.0939360456174,0.525480937004662,9.734499903169194
28.599158152619854,0.7499999999999987,816.4699829249649,0.4415655691733924,9.603915714509048
29.49939201456985,0.7499999999999996,823.220803526393,0.5145091385757588,9.712371332973344
28.04286095035779,0.749999999999999,819.8524716480268,0.3900104283146484,9.694698491952192
28.04286095035779,0.749999999999999,819.8524716480268,0.3900104283146484,9.694698491952192
28.570413191546873,0.7499999999999991,817.2504521915929,0.3927559306223272,9.626096373570608
28.566133916072225,0.749999999999999,817.455160723104,0.48213562165243057,9.681144701388401
29.13269769468393,0.7499999999999999,819.7039537810138,0.4016870421708522,9.659361192267815
29.948790705453373,0.7499999999999996,828.0187183704797,0.4812742732862826,9.737906812927724
28.88489991119641,0.7499999999999991,830.6813867267844,0.4344198534320714,9.742791757869687
28.998761467301378,0.7499999999999983,827.5916567087634,0.4029620018450693,9.643630123435974
28.998761467301378,0.7499999999999983,827.5916567087634,0.4029620018450693,9.643630123435974
28.998761467301378,0.7499999999999983,827.5916567087634,0.4029620018450693,9.643630123435974
29.203155258230613,0.7499999999999997,826.5268049245482,0.42406657335864006,9.685484352069665
29.707440947697762,0.7499999999999991,818.3498537469803,0.43320693502163443,9.783082921007619
29.707440947697762,0.7499999999999991,818.3498537469803,0.43320693502163443,9.783082921007619
29.707440947697762,0.7499999999999991,818.3498537469803,0.43320693502163443,9.783082921007619
29.380752316908982,0.7499999999999988,821.016931597944,0.46909001821701407,9.758603808951325
29.380752316908982,0.7499999999999988,821.016931597944,0.46909001821701407,9.758603808951325
29.380752316908982,0.7499999999999988,821.016931597944,0.46909001821701407,9.758603808951325
28.387470698940945,0.7499999999999997,824.5224593670299,0.3969745091743599,9.55904568197054
28.387470698940945,0.7499999999999997,824.5224593670299,0.3969745091743599,9.55904568197054
28.387470698940945,0.7499999999999997,824.5224593670299,0.3969745091743599,9.55904568197054
27.82067953452498,0.7499999999999982,826.5284932869706,0.4418270632203299,9.583355420448536
27.47401543096664,0.7499999999999998,827.6609528148649,0.4384930867854358,9.692534359016173
27.79688942270672,0.7499999999999988,832.8395901690313,0.4409290122134377,9.667991945865424
28.634676523410906,0.7499999999999997,824.1163359489905,0.39977283575626715,9.827144063197906
28.70126105931193,0.7499999999999989,835.5382893879292,0.4636697887850004,9.851686130137548
28.292687654392616,0.7499999999999999,843.1635267053014,0.50244082580358,10.049710799941911
28.334305412164287,0.7499999999999996,835.0832568932661,0.508032627774733,9.873114324686018
28.1942708256192,0.7499999999999984,828.4691117278126,0.4193177055754193,9.657278396759853
28.1942708256192,0.7499999999999984,828.4691117278126,0.4193177055754193,9.657278396759853
28.69916922904466,0.7499999999999996,833.1299612255106,0.4431679500204964,9.756944463506139
29.5049330831627,0.7499999999999996,823.7618651638439,0.4534889129486231,9.611033697069029
29.218848449199097,0.7499999999999989,824.4271162161399,0.44472390020044356,9.72389021382395
29.89951980454883,0.7499999999999991,829.6134087822869,0.49212980470113327,9.855986475184626
29.89951980454883,0.7499999999999991,829.6134087822869,0.49212980470113327,9.855986475184626
30.448224783559194,0.7500000000000001,823.4168479343549,0.6101274924864821,9.927042875072946
30.448224783559194,0.7500000000000001,823.4168479343549,0.6101274924864821,9.927042875072946
30.448224783559194,0.7500000000000001,823.4168479343549,0.6101274924864821,9.927042875072946
30.998549419653216,0.7499999999999987,825.2935720131227,0.5916087606195541,9.96711553677343
30.998549419653216,0.7499999999999987,825.2935720131227,0.5916087606195541,9.96711553677343
29.75777167262457,0.7499999999999993,824.7652486185264,0.6245451977788775,9.742613223202891
28.826918260922515,0.7499999999999997,819.8564982864262,0.41063172276193594,9.571307431601431
28.826918260922515,0.7499999999999997,819.8564982864262,0.41063172276193594,9.571307431601431
28.31559399213155,0.7499999999999998,819.5687579926611,0.4631516102775291,9.539651733131208
28.31559399213155,0.7499999999999998,819.5687579926611,0.4631516102775291,9.539651733131208
28.38035021136596,0.7499999999999993,822.7685705512744,0.44735012726916734,9.658995825993628
28.318979889954864,0.7499999999999999,836.8913031498342,0.5713600496445482,9.732788788012758
27.873747807059587,0.7499999999999987,834.8885880595358,0.4245974057608458,9.873345392453814
27.126580767972893,0.7499999999999992,833.178566321552,0.3939465880061064,9.788518656317681
27.270354793021585,0.7499999999999978,828.3477402259464,0.45014565059379247,9.549843526874247
27.270354793021585,0.7499999999999978,828.3477402259464,0.45014565059379247,9.549843526874247
27.270354793021585,0.7499999999999978,828.3477402259464,0.45014565059379247,9.549843526874247
28.35151445017767,0.7499999999999994,828.0782573432518,0.3600508842349611,9.557697962986978
28.35151445017767,0.7499999999999994,828.0782573432518,0.3600508842349611,9.557697962986978
29.557685022288144,0.7499999999999993,832.7316750940136,0.5501002111086137,9.812018233158986
28.031776952749134,0.7499999999999988,829.3330015793623,0.5193525790533758,9.740117683244643
28.89932660317873,0.7499999999999998,836.602590398739,0.6220743616799371,10.152255795646175
29.580563159387687,0.7499999999999996,824.1442344433152,0.5029460384854065,10.012454950522983
29.580563159387687,0.7499999999999996,824.1442344433152,0.5029460384854065,10.012454950522983
30.838323812324788,0.7499999999999984,826.53780614793,0.584987150051236,10.018905786838477
29.245688634629726,0.7499999999999986,816.0856343410915,0.3961384078998218,9.705538045718237
30.184901354309353,0.7499999999999991,820.1607923012393,0.4053012398557723,9.948892634578593
30.184901354309353,0.7499999999999991,820.1607923012393,0.4053012398557723,9.948892634578593
29.467308549824452,0.75,825.4621359199099,0.4898523091832242,10.13654414533508
29.766543763813676,0.7499999999999996,821.9773718708259,0.5180493595530845,10.236508568448182
29.800516442800205,0.7499999999999993,824.5681584983485,0.47280746523059525,9.98199936425939
29.800516442800205,0.7499999999999993,824.5681584983485,0.47280746523059525,9.98199936425939
30.043555930159442,0.749999999999999,821.5214248560326,0.47496780697417773,9.946782233348623
30.422533149404693,0.7499999999999993,823.9635701704708,0.4399832018368736,10.035076460069458
30.422533149404693,0.7499999999999993,823.9635701704708,0.4399832018368736,10.035076460069458
30.78156272461586,0.7499999999999997,823.1390152683374,0.49479380104741794,10.21849479377203
30.304334127278096,0.7499999999999986,828.6673669610503,0.44814420768643104,10.141687649931464
30.304334127278096,0.7499999999999986,828.6673669610503,0.44814420768643104,10.141687649931464
29.536498319052086,0.7499999999999997,829.3779821370529,0.5011323431473652,9.923849184265162
29.690422228507806,0.7499999999999989,835.1240818068966,0.5786826059330734,9.975963586225674
30.381881525118168,0.7499999999999994,832.4145491225241,0.5158209706123831,10.071005004348006
30.045552006547794,0.7499999999999991,833.353790273808,0.48222445258992047,10.16407656882266
29.343467039858616,0.7499999999999993,828.3121659156585,0.45255518325667743,10.12311286437674
29.685611614936757,0.7499999999999978,822.7722707064931,0.487795832262243,10.001172231114712
30.307891118579814,0.7499999999999991,829.8219224899198,0.5602018947178343,10.216310118477498
28.977793100225693,0.7499999999999994,813.3933025495533,0.4176036490936918,9.599137222439794
29.62457723307221,0.7499999999999992,811.9129715187659,0.5727000169908413,9.559527293268072
29.62457723307221,0.7499999999999992,811.9129715187659,0.5727000169908413,9.559527293268072
29.80146547723841,0.7499999999999993,813.6054269685278,0.4849935838721935,9.569358447185664
29.80146547723841,0.7499999999999993,813.6054269685278,0.4849935838721935,9.569358447185664
30.269542205163965,0.7499999999999999,812.6496492427923,0.5434649163416577,9.554999990823216
29.69423973474504,0.7499999999999986,812.2055979156997,0.514650583071508,9.790716208869373
29.116322697146213,0.7499999999999971,815.5284517634858,0.587231538219434,9.682657459311354
29.12226440054792,0.7499999999999988,813.5926150519786,0.49957573872394084,9.738681645892424
29.12226440054792,0.7499999999999988,813.5926150519786,0.49957573872394084,9.738681645892424
29.250509334121254,0.7499999999999992,816.3596753360337,0.4893743868773749,9.82926711390311
30.033216160729342,0.7499999999999987,815.5984072245085,0.4931352394191856,9.863011170221535
30.033216160729342,0.7499999999999987,815.5984072245085,0.4931352394191856,9.863011170221535
29.01479898600763,0.7499999999999989,812.5978552355772,0.5347337345882319,9.604762214165344
29.87362507689947,0.7499999999999991,811.4351199206175,0.4353096887644006,9.677210142710559
29.87362507689947,0.7499999999999991,811.4351199206175,0.4353096887644006,9.677210142710559
29.87362507689947,0.7499999999999991,811.4351199206175,0.4353096887644006,9.677210142710559
30.88028147932988,0.7499999999999983,811.0004027260601,0.5220175901551307,9.512487705780842
30.755991030802527,0.7499999999999999,820.1387145740729,0.5927247107842415,10.027171867108231
30.552888722790144,0.7499999999999997,817.3823190071856,0.4550700700424521,9.945277217701213
30.752858195337836,0.7499999999999997,815.9950563836394,0.5719947028826402,10.113316364862422
31.420913843526016,0.7499999999999989,814.8169562216691,0.5368642264691059,10.015970643512166
31.420913843526016,0.7499999999999989,814.8169562216691,0.5368642264691059,10.015970643512166
31.433181998739773,0.7499999999999994,822.5515702828128,0.5563864289300364,10.188920412050047
31.125597019702603,0.7499999999999988,816.9442165677339,0.391267270917445,9.786962070205158
30.925948446120834,0.7499999999999991,820.5145324833248,0.4565667819758859,9.888568020721308
30.45444917240809,0.7499999999999998,814.3250209660124,0.4751032026145041,9.91369458961818
30.45444917240809,0.7499999999999998,814.3250209660124,0.4751032026145041,9.91369458961818
31.10063328117983,0.7499999999999993,813.1100398997722,0.4530087750255973,9.90700951123993
30.75180043238174,0.7499999999999987,811.1505100913712,0.47795410028120566,9.850600324585022
30.75180043238174,0.7499999999999987,811.1505100913712,0.47795410028120566,9.850600324585022
30.75180043238174,0.7499999999999987,811.1505100913712,0.47795410028120566,9.850600324585022
30.806075912291,0.7499999999999993,817.4768735285046,0.5310122956183412,9.853421255239448
31.22740054608129,0.7499999999999998,808.997236456896,0.4627617841563716,9.759034451624085
31.22740054608129,0.7499999999999998,808.997236456896,0.4627617841563716,9.759034451624085
29.10821376462733,0.7499999999999988,818.144814958327,0.45250407655628294,9.834833984347108
29.839987715817056,0.7499999999999991,813.2243877110088,0.5241656453416179,9.842716512051899
29.839987715817056,0.7499999999999991,813.2243877110088,0.5241656453416179,9.842716512051899
29.839987715817056,0.7499999999999991,813.2243877110088,0.5241656453416179,9.842716512051899
29.839987715817056,0.7499999999999991,813.2243877110088,0.5241656453416179,9.842716512051899
29.429547164345625,0.7499999999999991,815.602079533711,0.4862471491819453,9.74802751549882
29.25804929556054,0.75,817.7540591911027,0.4530309030680024,9.872583499262124
28.96088076874988,0.7500000000000002,821.7620893306358,0.48478686731158366,9.860213824773775
28.29507969793993,0.7499999999999984,821.349149772258,0.5917041408981568,9.8859993652426
28.29507969793993,0.7499999999999984,821.349149772258,0.5917041408981568,9.8859993652426
27.997152833000033,0.7499999999999998,822.5632921303024,0.48801101777967026,9.861318355822391
29.13083562167104,0.7499999999999996,820.9019922079714,0.4513862409432627,9.816364531157237
28.73336614179688,0.7499999999999988,824.2811722685465,0.5165289884405713,9.91101519177488
28.73336614179688,0.7499999999999988,824.2811722685465,0.5165289884405713,9.91101519177488
28.73336614179688,0.7499999999999988,824.2811722685465,0.5165289884405713,9.91101519177488
28.73336614179688,0.7499999999999988,824.2811722685465,0.5165289884405713,9.91101519177488
28.362143106950263,0.7499999999999989,818.048834068733,0.39269464584574576,9.680452040238361
28.275574726772206,0.7499999999999991,826.1522210762068,0.4271199262744667,9.966942221224159
28.275574726772206,0.7499999999999991,826.1522210762068,0.4271199262744667,9.966942221224159
28.084667762140747,0.7499999999999999,827.3733564875806,0.41221722522345117,9.937717489658903
28.07779479522348,0.7499999999999992,823.0668920322529,0.36794433360736256,9.736207135689403
28.065987775128953,0.7500000000000002,820.6322945474093,0.41410618669128557,9.616675620442152
28.065987775128953,0.7500000000000002,820.6322945474093,0.41410618669128557,9.616675620442152
27.332080151542456,0.7499999999999993,824.4777793022813,0.42273164430426813,9.783260929093354
29.211565302481723,0.7499999999999987,817.0455456039994,0.37696709101073395,9.713157579811073
29.326974535741037,0.7499999999999997,823.1874123822668,0.41305963315028094,9.855982045879633
29.603444338781188,0.7499999999999997,820.6662699986907,0.4371366340698222,9.963175034967136
29.603444338781188,0.7499999999999997,820.6662699986907,0.4371366340698222,9.963175034967136
30.05479895270881,0.7499999999999994,816.5360469797922,0.3739762029121584,9.805208919941578
30.70075617985663,0.7499999999999999,805.0778492531879,0.40736691620074966,9.756307184774679
30.70075617985663,0.7499999999999999,805.0778492531879,0.40736691620074966,9.756307184774679
30.70075617985663,0.7499999999999999,805.0778492531879,0.40736691620074966,9.756307184774679
30.70075617985663,0.7499999999999999,805.0778492531879,0.40736691620074966,9.756307184774679
31.124751996358107,0.7499999999999996,809.3238773088551,0.4325981090695511,9.886261781373923
30.669497840631117,0.7499999999999993,806.4356797634821,0.3670895140329654,9.74641379536817
31.800362267391257,0.7499999999999993,808.0960505350058,0.44150772046521797,10.010951059719758
31.800362267391257,0.7499999999999993,808.0960505350058,0.44150772046521797,10.010951059719758
30.12495653490119,0.7499999999999993,815.3842953247372,0.43494623363442253,10.039730390322202
30.537555550375973,0.7499999999999999,814.606584814693,0.4255470561713053,9.800611163277244
30.537555550375973,0.7499999999999999,814.606584814693,0.4255470561713053,9.800611163277244
30.21043664811049,0.7499999999999996,807.0850346107777,0.6165143455595687,9.896060087212486
29.047280948528048,0.7499999999999984,804.1528796485213,0.46723243470288867,9.810656193500588
29.047280948528048,0.7499999999999984,804.1528796485213,0.46723243470288867,9.810656193500588
29.047280948528048,0.7499999999999984,804.1528796485213,0.46723243470288867,9.810656193500588
29.733115990350004,0.7499999999999999,804.8756556996509,0.540286079145597,9.811922752878777
29.733115990350004,0.7499999999999999,804.8756556996509,0.540286079145597,9.811922752878777
29.733115990350004,0.7499999999999999,804.8756556996509,0.540286079145597,9.811922752878777
29.733115990350004,0.7499999999999999,804.8756556996509,0.540286079145597,9.811922752878777
29.51610264087618,0.7499999999999988,801.883269112338,0.4142601924832308,9.774527931715904
29.51610264087618,0.7499999999999988,801.883269112338,0.4142601924832308,9.774527931715904
29.51610264087618,0.7499999999999988,801.883269112338,0.4142601924832308,9.774527931715904
29.94094823508408,0.7499999999999992,806.2199275432051,0.5940109259204209,9.929472530687018
30.391187258798865,0.749999999999999,806.8017674892377,0.43391737485398113,9.98905446762149
30.391187258798865,0.749999999999999,806.8017674892377,0.43391737485398113,9.98905446762149
30.17276001285897,0.7499999999999996,800.2414336599377,0.4509920961046908,9.893670634796134
30.17276001285897,0.7499999999999996,800.2414336599377,0.4509920961046908,9.893670634796134
30.17276001285897,0.7499999999999996,800.2414336599377,0.4509920961046908,9.893670634796134
29.85209720527216,0.7499999999999996,802.0283810741555,0.3835811961795877,9.747900888202214
29.85209720527216,0.7499999999999996,802.0283810741555,0.3835811961795877,9.747900888202214
29.85209720527216,0.7499999999999996,802.0283810741555,0.3835811961795877,9.747900888202214
30.666024706149475,0.7499999999999992,802.7197947997137,0.3957911054468656,9.765004758317971
30.666024706149475,0.7499999999999992,802.7197947997137,0.3957911054468656,9.765004758317971
30.666024706149475,0.7499999999999992,802.7197947997137,0.3957911054468656,9.765004758317971
30.666024706149475,0.7499999999999992,802.7197947997137,0.3957911054468656,9.765004758317971
30.666024706149475,0.7499999999999992,802.7197947997137,0.3957911054468656,9.765004758317971
30.666024706149475,0.7499999999999992,802.7197947997137,0.3957911054468656,9.765004758317971
30.666024706149475,0.7499999999999992,802.7197947997137,0.3957911054468656,9.765004758317971
30.666024706149475,0.7499999999999992,802.7197947997137,0.3957911054468656,9.765004758317971
30.666024706149475,0.7499999999999992,802.7197947997137,0.3957911054468656,9.765004758317971
30.666024706149475,0.7499999999999992,802.7197947997137,0.3957911054468656,9.765004758317971
30.34811861715207,0.7499999999999978,807.1608528001525,0.427126284541049,9.582937479478721
30.687628583393114,0.7499999999999998,807.3839469362009,0.41195683574051445,9.707762127871922
30.687628583393114,0.7499999999999998,807.3839469362009,0.41195683574051445,9.707762127871922
30.687628583393114,0.7499999999999998,807.3839469362009,0.41195683574051445,9.707762127871922
30.687628583393114,0.7499999999999998,807.3839469362009,0.41195683574051445,9.707762127871922
30.687628583393114,0.7499999999999998,807.3839469362009,0.41195683574051445,9.707762127871922
29.922780983360845,0.7500000000000003,803.9519967369645,0.37365077999717683,9.547818601212523
29.922780983360845,0.7500000000000003,803.9519967369645,0.37365077999717683,9.547818601212523
29.922780983360845,0.7500000000000003,803.9519967369645,0.37365077999717683,9.547818601212523
30.707284911170596,0.7499999999999992,800.9702861404808,0.42440419690828607,9.472302225270312
30.25505215523844,0.7499999999999997,801.9501911247015,0.38262974634825225,9.4890724877178
30.120690294000163,0.7499999999999999,799.2856650300107,0.45806725527118086,9.333136539733118
30.120690294000163,0.7499999999999999,799.2856650300107,0.45806725527118086,9.333136539733118
30.120690294000163,0.7499999999999999,799.2856650300107,0.45806725527118086,9.333136539733118
30.120690294000163,0.7499999999999999,799.2856650300107,0.45806725527118086,9.333136539733118
30.120690294000163,0.7499999999999999,799.2856650300107,0.45806725527118086,9.333136539733118
30.120690294000163,0.7499999999999999,799.2856650300107,0.45806725527118086,9.333136539733118
30.120690294000163,0.7499999999999999,799.2856650300107,0.45806725527118086,9.333136539733118
30.120690294000163,0.7499999999999999,799.2856650300107,0.45806725527118086,9.333136539733118
30.120690294000163,0.7499999999999999,799.2856650300107,0.45806725527118086,9.333136539733118
29.757719742727872,0.7499999999999991,803.2682285869536,0.36713002188448035,9.31284550866489
29.638066788942922,0.7499999999999993,806.9477844920264,0.4134375572559902,9.50078372306588
29.638066788942922,0.7499999999999993,806.9477844920264,0.4134375572559902,9.50078372306588
30.4099992479502,0.7499999999999987,815.1711081101532,0.4742923342148318,9.877612251950472
29.655820964290655,0.7499999999999993,809.9563734102492,0.4441674173058355,9.610564368748545
29.655820964290655,0.7499999999999993,809.9563734102492,0.4441674173058355,9.610564368748545
30.314432219596124,0.7499999999999999,805.9553002417334,0.5027727854592721,9.753862611423969
30.314432219596124,0.7499999999999999,805.9553002417334,0.5027727854592721,9.753862611423969
30.314432219596124,0.7499999999999999,805.9553002417334,0.5027727854592721,9.753862611423969
30.314432219596124,0.7499999999999999,805.9553002417334,0.5027727854592721,9.753862611423969
30.259523964292985,0.7499999999999989,809.9789770856806,0.4748855943138729,9.813233918056202
30.259523964292985,0.7499999999999989,809.9789770856806,0.4748855943138729,9.813233918056202
30.003233633667964,0.7499999999999987,812.3752759027552,0.5369365271802629,10.003702619346459
29.49973199446888,0.75,808.8384815381227,0.46383289031048275,9.808905620006083
29.49973199446888,0.75,808.8384815381227,0.46383289031048275,9.808905620006083
28.401592394033777,0.7499999999999989,812.5758334096814,0.3893757143782065,9.74806929544638
28.401592394033777,0.7499999999999989,812.5758334096814,0.3893757143782065,9.74806929544638
28.74985861042045,0.7499999999999993,813.3687743205479,0.4370747577697236,9.974504190960422
28.74985861042045,0.7499999999999993,813.3687743205479,0.4370747577697236,9.974504190960422
27.88357390067845,0.749999999999999,812.1828312413363,0.40251725736829125,9.711891811283971
27.83710316095424,0.7499999999999993,822.3845479478016,0.39336113549307344,9.75144100596911
27.83710316095424,0.7499999999999993,822.3845479478016,0.39336113549307344,9.75144100596911
27.676230165849297,0.7499999999999992,828.3965948378375,0.40861901988496313,9.930580507871596
27.963438870229798,0.7499999999999996,816.699695451981,0.3728201462974294,9.80965969040768
27.963438870229798,0.7499999999999996,816.699695451981,0.3728201462974294,9.80965969040768
29.234156837043475,0.7499999999999986,825.1023426436471,0.40536418100583615,9.984794945073006
29.604355297150995,0.7499999999999998,825.107551305548,0.43566846915902224,9.998573804704952
29.708638188106764,0.749999999999999,821.294050206252,0.44747616661343864,9.968740316260128
29.708638188106764,0.749999999999999,821.294050206252,0.44747616661343864,9.968740316260128
29.708638188106764,0.749999999999999,821.294050206252,0.44747616661343864,9.968740316260128
30.04418872478981,0.7499999999999993,815.6513241221064,0.5129307003521026,9.83535151706555
30.04418872478981,0.7499999999999993,815.6513241221064,0.5129307003521026,9.83535151706555
30.04418872478981,0.7499999999999993,815.6513241221064,0.5129307003521026,9.83535151706555
29.96300054996195,0.7499999999999999,817.5533411887955,0.4897478606292732,9.900331553101612
29.96300054996195,0.7499999999999999,817.5533411887955,0.4897478606292732,9.900331553101612
29.276193220999314,0.7499999999999989,815.0369292412023,0.389597208232626,9.766009444238458
29.548402959952742,0.7499999999999994,809.4673188607665,0.34170798614890296,9.685157506375816
29.649809816767213,0.7500000000000001,811.0248814172005,0.4456629217059724,9.796654460387694
29.649809816767213,0.7500000000000001,811.0248814172005,0.4456629217059724,9.796654460387694
29.649809816767213,0.7500000000000001,811.0248814172005,0.4456629217059724,9.796654460387694
29.649809816767213,0.7500000000000001,811.0248814172005,0.4456629217059724,9.796654460387694
29.649809816767213,0.7500000000000001,811.0248814172005,0.4456629217059724,9.796654460387694
28.337236857785935,0.7500000000000001,819.5633791353978,0.44742507557277655,9.99784258425007
28.337236857785935,0.7500000000000001,819.5633791353978,0.44742507557277655,9.99784258425007
28.337236857785935,0.7500000000000001,819.5633791353978,0.44742507557277655,9.99784258425007
28.337236857785935,0.7500000000000001,819.5633791353978,0.44742507557277655,9.99784258425007
29.192146698527598,0.7499999999999991,818.9677483165984,0.6742343524187937,10.034980040996325
30.16081499735497,0.7499999999999998,823.5334372879448,0.5574530038078614,10.320857848890089
29.309785715496044,0.7499999999999997,815.2983843719837,0.4939704475607382,10.070251182811393
29.309785715496044,0.7499999999999997,815.2983843719837,0.4939704475607382,10.070251182811393
29.505965999246982,0.7499999999999991,813.8571225282419,0.4648137354613577,10.122873527185945
30.403082974583388,0.7499999999999991,817.922696741295,0.4892328001689496,10.138578315129246
29.21287762223521,0.7499999999999999,815.8392263928812,0.4097260883862915,9.932097122391871
29.21287762223521,0.7499999999999999,815.8392263928812,0.4097260883862915,9.932097122391871
29.21287762223521,0.7499999999999999,815.8392263928812,0.4097260883862915,9.932097122391871
28.928195518169268,0.7499999999999991,828.5394555057441,0.546327307694913,10.085033481662284
28.567143760983644,0.7499999999999991,819.9718844914705,0.42198435459735045,9.915568808394152
29.85667930667355,0.7499999999999989,824.5239585369944,0.4842406068668754,9.94557377654138
29.7820642101642,0.749999999999999,821.789721630701,0.42916845944325743,9.846661387208613
29.7820642101642,0.749999999999999,821.789721630701,0.42916845944325743,9.846661387208613
28.867163650026193,0.749999999999999,818.8817349100023,0.37924609131857395,9.606629246327111
28.15593990898009,0.7499999999999991,819.9084013295305,0.3951564639925367,9.735868734405035
28.15593990898009,0.7499999999999991,819.9084013295305,0.3951564639925367,9.735868734405035
28.15593990898009,0.7499999999999991,819.9084013295305,0.3951564639925367,9.735868734405035
28.15593990898009,0.7499999999999991,819.9084013295305,0.3951564639925367,9.735868734405035
28.15593990898009,0.7499999999999991,819.9084013295305,0.3951564639925367,9.735868734405035
28.15593990898009,0.7499999999999991,819.9084013295305,0.3951564639925367,9.735868734405035
28.15593990898009,0.7499999999999991,819.9084013295305,0.3951564639925367,9.735868734405035
27.63927893076406,0.749999999999998,818.4665092426665,0.3759390081266488,9.520263567608449
27.63927893076406,0.749999999999998,818.4665092426665,0.3759390081266488,9.520263567608449
27.63927893076406,0.749999999999998,818.4665092426665,0.3759390081266488,9.520263567608449
29.123988340286026,0.7499999999999992,823.0504394556712,0.42533141063342467,9.732604447579737
29.8695915919059,0.7499999999999996,826.71459369964,0.4533406374122062,9.900637390245013
29.8695915919059,0.7499999999999996,826.71459369964,0.4533406374122062,9.900637390245013
29.390468259078826,0.749999999999999,819.6352390787988,0.3975914567920793,9.899599310900049
29.390468259078826,0.749999999999999,819.6352390787988,0.3975914567920793,9.899599310900049
29.390468259078826,0.749999999999999,819.6352390787988,0.3975914567920793,9.899599310900049
29.55275535908457,0.7499999999999996,812.652732825186,0.38628455077838175,9.9595086047554
29.52930923931062,0.7499999999999991,818.7250948380581,0.4534446873097802,9.934909887064766
29.52930923931062,0.7499999999999991,818.7250948380581,0.4534446873097802,9.934909887064766
29.52930923931062,0.7499999999999991,818.7250948380581,0.4534446873097802,9.934909887064766
29.062655955177284,0.7499999999999984,812.8927926008103,0.4144823468452255,9.747192314399419
29.88263124667378,0.7499999999999993,812.4886856135995,0.4623962599801184,9.643691341277977
29.957941401638852,0.7499999999999997,814.2816649175442,0.4344307648731081,9.473341268560256
30.18068937195197,0.7499999999999999,817.5525632660889,0.3898590327741134,9.54203196548885
29.22512480480015,0.749999999999999,818.8065385881514,0.33616279910038294,9.405718580417965
29.969231182123412,0.7499999999999997,823.2324546473708,0.39650624893022507,9.619042177702624
30.48304072810025,0.7499999999999994,807.2339345534419,0.45534827209289874,9.579318624746744
30.48304072810025,0.7499999999999994,807.2339345534419,0.45534827209289874,9.579318624746744
30.48304072810025,0.7499999999999994,807.2339345534419,0.45534827209289874,9.579318624746744
30.48304072810025,0.7499999999999994,807.2339345534419,0.45534827209289874,9.579318624746744
30.48304072810025,0.7499999999999994,807.2339345534419,0.45534827209289874,9.579318624746744
30.48304072810025,0.7499999999999994,807.2339345534419,0.45534827209289874,9.579318624746744
30.48304072810025,0.7499999999999994,807.2339345534419,0.45534827209289874,9.579318624746744
30.48304072810025,0.7499999999999994,807.2339345534419,0.45534827209289874,9.579318624746744
30.48304072810025,0.7499999999999994,807.2339345534419,0.45534827209289874,9.579318624746744
30.44535968788112,0.7499999999999986,805.9891369657843,0.3534669845657289,9.62641042123567
30.19560060447517,0.75,806.865223139387,0.37957941474223084,9.657170867808679
30.19560060447517,0.75,806.865223139387,0.37957941474223084,9.657170867808679
29.08873552803438,0.7499999999999993,808.0481093349237,0.3818273394623144,9.638026017082996
29.336694789823966,0.7499999999999994,802.6144229536471,0.399701449955493,9.714828222393075
30.787165893837106,0.75,806.8673237465619,0.39908946559675385,9.77093075566458
31.4234027530492,0.7499999999999993,807.4275198308673,0.521290401378749,9.639829978606906
31.4234027530492,0.7499999999999993,807.4275198308673,0.521290401378749,9.639829978606906
31.4234027530492,0.7499999999999993,807.4275198308673,0.521290401378749,9.639829978606906
31.4234027530492,0.7499999999999993,807.4275198308673,0.521290401378749,9.639829978606906
30.367822137962875,0.7499999999999993,805.7097659626631,0.6643675039597231,9.575840773185462
29.26281802716276,0.7499999999999992,800.3818149978143,0.4469100699401788,9.459329038030239
28.95774551415024,0.7499999999999991,803.8139183739925,0.37891561839301935,9.525899397210788
29.632355054881078,0.749999999999999,809.1398716449559,0.4185530463548896,9.891206514407191
29.75738708999814,0.7499999999999992,800.7326636763719,0.3860897007796687,9.82338397921669
30.90780183633142,0.749999999999999,808.9183670302936,0.45948580318856486,9.975527853853379
30.12179766157154,0.7499999999999988,801.9255745047906,0.4144402146569201,9.739083972513038
30.93924489435823,0.7499999999999983,809.3272087229209,0.48033082877646593,9.945151579062848
30.93924489435823,0.7499999999999983,809.3272087229209,0.48033082877646593,9.945151579062848
30.93924489435823,0.7499999999999983,809.3272087229209,0.48033082877646593,9.945151579062848
30.93924489435823,0.7499999999999983,809.3272087229209,0.48033082877646593,9.945151579062848
30.724099516420228,0.7499999999999987,815.3351750339367,0.5450692517969487,10.079526968367537
30.724099516420228,0.7499999999999987,815.3351750339367,0.5450692517969487,10.079526968367537
30.724099516420228,0.7499999999999987,815.3351750339367,0.5450692517969487,10.079526968367537
30.287997128993638,0.7499999999999998,813.960309485258,0.5404599270227735,9.978395629708675
30.287997128993638,0.7499999999999998,813.960309485258,0.5404599270227735,9.978395629708675
28.437961692808653,0.7499999999999996,812.9712747080428,0.39731950215891076,9.78627482327172
28.057927380679235,0.7499999999999992,816.4352710384619,0.4003753487484842,9.703028504660585
28.162988531183288,0.7499999999999989,824.9307369446716,0.4707120358776432,9.694401032490138
29.444809742645127,0.7499999999999994,827.3366869212855,0.5837075836513408,9.765517609793315
27.793849381898724,0.7499999999999998,820.2045044255034,0.39010351570014895,9.760082196031973
27.862704737452923,0.7499999999999997,817.4769594401243,0.42688804665924585,9.692717397580708
27.862704737452923,0.7499999999999997,817.4769594401243,0.42688804665924585,9.692717397580708
27.522043495576096,0.7499999999999989,817.5149884648431,0.3809331711355943,9.738166858914502
28.07634357334434,0.7499999999999998,817.6816602430338,0.3937931835524599,9.707755793614012
28.428895536632464,0.7499999999999994,820.3437639819813,0.38301172021461893,9.823618850345184
29.42709583141493,0.7499999999999979,816.005155938466,0.5045878005279728,9.649206444239729
29.42709583141493,0.7499999999999979,816.005155938466,0.5045878005279728,9.649206444239729
29.285798661574585,0.749999999999999,806.5638111004247,0.35566165576882214,9.517061803856754
29.285798661574585,0.749999999999999,806.5638111004247,0.35566165576882214,9.517061803856754
29.697001295614,0.7499999999999982,810.3344940306143,0.4146810417540237,9.612546862403693
29.114290984509395,0.7499999999999999,802.6049598008362,0.3202111880049345,9.469324066286177
29.114290984509395,0.7499999999999999,802.6049598008362,0.3202111880049345,9.469324066286177
29.114290984509395,0.7499999999999999,802.6049598008362,0.3202111880049345,9.469324066286177
29.114290984509395,0.7499999999999999,802.6049598008362,0.3202111880049345,9.469324066286177
29.114290984509395,0.7499999999999999,802.6049598008362,0.3202111880049345,9.469324066286177
29.114290984509395,0.7499999999999999,802.6049598008362,0.3202111880049345,9.469324066286177
29.3878442796704,0.7499999999999997,802.6670348228643,0.3948879848128095,9.628699117515609
29.3878442796704,0.7499999999999997,802.6670348228643,0.3948879848128095,9.628699117515609
29.92888215853139,0.7499999999999993,809.9881642264887,0.4455382363648438,9.85230597143204
29.575145605023067,0.75,811.004945934935,0.47267159302516576,9.818704742086283
29.575145605023067,0.75,811.004945934935,0.47267159302516576,9.818704742086283
29.575145605023067,0.75,811.004945934935,0.47267159302516576,9.818704742086283
27.993599078526405,0.7499999999999992,806.0221088616161,0.3898809573375426,9.613162771322546
29.932201332318204,0.7499999999999993,809.5222712416879,0.5128335068492085,9.760681131300217
30.1332712731558,0.7499999999999994,800.427711129594,0.4552312736570399,9.53977053984257
29.74496767128,0.7499999999999997,798.074453506481,0.3887674264766333,9.46878675255044
29.74496767128,0.7499999999999997,798.074453506481,0.3887674264766333,9.46878675255044
29.09779727799533,0.7499999999999988,800.4031308358682,0.3802020888954035,9.442856319416345
28.803021508067292,0.7499999999999991,804.7105735773429,0.34110717980049887,9.475548037011947
29.35810167282393,0.7499999999999993,804.1170433984672,0.33575732024803434,9.49871604608171
30.182331798885578,0.7499999999999997,807.3041970628237,0.40237931777796077,9.63961761203917
32.15562812489988,0.7499999999999994,814.9787205490348,0.5110232083621994,9.929808294230963
30.842544951096766,0.7500000000000001,803.138188490161,0.4009864101650264,9.74478717771773
30.95240534949422,0.7499999999999988,800.5149975172798,0.43996280053208736,9.781552361559127
30.95240534949422,0.7499999999999988,800.5149975172798,0.43996280053208736,9.781552361559127
30.95240534949422,0.7499999999999988,800.5149975172798,0.43996280053208736,9.781552361559127
30.89850759405087,0.7499999999999999,797.2100818714667,0.35958500646193786,9.505740641221092
30.89850759405087,0.7499999999999999,797.2100818714667,0.35958500646193786,9.505740641221092
30.395900616017254,0.7499999999999994,800.2656509176466,0.45394114094440646,9.78473604191528
30.395900616017254,0.7499999999999994,800.2656509176466,0.45394114094440646,9.78473604191528
30.395900616017254,0.7499999999999994,800.2656509176466,0.45394114094440646,9.78473604191528
31.142564954953215,0.7499999999999987,794.9108282603394,0.41871772592130535,9.821139750771971
31.142564954953215,0.7499999999999987,794.9108282603394,0.41871772592130535,9.821139750771971
31.142564954953215,0.7499999999999987,794.9108282603394,0.41871772592130535,9.821139750771971
31.142564954953215,0.7499999999999987,794.9108282603394,0.41871772592130535,9.821139750771971
31.142564954953215,0.7499999999999987,794.9108282603394,0.41871772592130535,9.821139750771971
30.718961046597887,0.7499999999999993,795.4604262715283,0.43112979990637723,9.66864550753902
30.718961046597887,0.7499999999999993,795.4604262715283,0.43112979990637723,9.66864550753902
30.718961046597887,0.7499999999999993,795.4604262715283,0.43112979990637723,9.66864550753902
30.718961046597887,0.7499999999999993,795.4604262715283,0.43112979990637723,9.66864550753902
30.718961046597887,0.7499999999999993,795.4604262715283,0.43112979990637723,9.66864550753902
31.14828932770123,0.7499999999999989,807.8594206418262,0.4266127176905941,10.09818857946325
31.14828932770123,0.7499999999999989,807.8594206418262,0.4266127176905941,10.09818857946325
30.596824935298066,0.7499999999999994,808.1671969202521,0.496377361364426,10.05868243727665
30.596824935298066,0.7499999999999994,808.1671969202521,0.496377361364426,10.05868243727665
31.506988035421028,0.7499999999999987,820.1742840037092,0.6769818154526903,10.112016950607185
31.506988035421028,0.7499999999999987,820.1742840037092,0.6769818154526903,10.112016950607185
31.506988035421028,0.7499999999999987,820.1742840037092,0.6769818154526903,10.112016950607185
30.59390456265683,0.7499999999999996,811.0167953243483,0.5223299245443133,9.831122458416974
29.791296566120074,0.7499999999999983,812.5555175919637,0.543330286339771,9.565294060640852
30.279574802967073,0.7499999999999982,816.1371952048261,0.47796819529559315,9.757534790425712
30.279574802967073,0.7499999999999982,816.1371952048261,0.47796819529559315,9.757534790425712
29.864194432544995,0.7499999999999982,808.3490672410405,0.4428042166625882,9.72453559334607
29.864194432544995,0.7499999999999982,808.3490672410405,0.4428042166625882,9.72453559334607
29.864194432544995,0.7499999999999982,808.3490672410405,0.4428042166625882,9.72453559334607
29.864194432544995,0.7499999999999982,808.3490672410405,0.4428042166625882,9.72453559334607
29.790644159001797,0.7499999999999993,811.6411423336892,0.4513627083422619,9.666235489204496
28.87280840040858,0.7499999999999989,810.1261363824372,0.4652401660771954,9.78784378381765
28.87280840040858,0.7499999999999989,810.1261363824372,0.4652401660771954,9.78784378381765
28.87280840040858,0.7499999999999989,810.1261363824372,0.4652401660771954,9.78784378381765
30.100639450090654,0.7499999999999996,807.1554355311378,0.45419474118010755,9.783503576907421
30.063863678724598,0.7499999999999992,810.6911297472367,0.5035791186292997,9.766158167347266
30.20915693502339,0.7499999999999998,814.9556772731178,0.5154271654397309,9.891751286927857
30.245497158790304,0.7499999999999974,813.3584686234174,0.5382124589980591,9.880741530427608
30.78028428033517,0.7499999999999998,818.1595755892436,0.39827363299289326,10.068433165953573
31.344182687424553,0.7499999999999989,826.5342004029154,0.4864020657179964,10.200023936845678
31.344182687424553,0.7499999999999989,826.5342004029154,0.4864020657179964,10.200023936845678
31.603656094218145,0.75,818.5847331442737,0.44942784417616494,10.047044665102927
30.00975773633607,0.7499999999999991,817.5451201011831,0.400968739337189,9.858717697800866
30.00975773633607,0.7499999999999991,817.5451201011831,0.400968739337189,9.858717697800866
30.32222182302725,0.7499999999999996,819.0696383376793,0.5029963794812887,9.841260600069418
31.081961973226765,0.7499999999999991,822.0697784104768,0.6042158851644845,9.607675118823348
29.80310167181927,0.7499999999999998,813.9790069867848,0.5265170427048442,9.678001752658622
29.38278633750226,0.7499999999999994,811.7251584279123,0.4208643985441108,9.712783278510184
30.169839842337787,0.7499999999999989,810.5638292916672,0.6355856866244939,9.766272611516584
30.169839842337787,0.7499999999999989,810.5638292916672,0.6355856866244939,9.766272611516584
30.066537222430227,0.7499999999999986,809.8731426670654,0.6156448105587533,9.723838429319358
30.613308929041082,0.7500000000000002,810.2606876874604,0.5549100300690928,9.644884141537835
30.613308929041082,0.7500000000000002,810.2606876874604,0.5549100300690928,9.644884141537835
30.613308929041082,0.7500000000000002,810.2606876874604,0.5549100300690928,9.644884141537835
30.451190624521928,0.7499999999999994,812.9524624985684,0.5718889176212647,9.649476739592549
31.03343072999464,0.7499999999999999,821.3791017803557,0.4977267210076521,9.709055832125149
31.03343072999464,0.7499999999999999,821.3791017803557,0.4977267210076521,9.709055832125149
31.03343072999464,0.7499999999999999,821.3791017803557,0.4977267210076521,9.709055832125149
31.03343072999464,0.7499999999999999,821.3791017803557,0.4977267210076521,9.709055832125149
30.004080451276085,0.749999999999999,813.0165859057029,0.46023286872096325,9.387200603341551
29.290542192200903,0.749999999999999,813.3623840764423,0.47851485540792876,9.457932629141567
29.290542192200903,0.749999999999999,813.3623840764423,0.47851485540792876,9.457932629141567
28.966239232571883,0.7499999999999994,805.2352198302498,0.3784864588215315,9.486624828605036
28.451840209428852,0.7499999999999988,808.3820878995859,0.343355553577168,9.514093401080302
28.451840209428852,0.7499999999999988,808.3820878995859,0.343355553577168,9.514093401080302
27.77109749101516,0.7499999999999991,814.9399913066289,0.3629192904289779,9.566177565083176
27.451696876559687,0.7499999999999987,815.6985053886293,0.41241451823458464,9.488411733319827
27.675974438876604,0.7500000000000002,810.6745191909257,0.410478929881119,9.553172168677142
28.747994529462463,0.749999999999999,817.5449246765687,0.506462857282649,9.6590611618454
28.512472223127773,0.7499999999999997,821.1644857417446,0.43183228736078777,9.669793602745752
28.879898575016128,0.7499999999999992,812.6987178307043,0.4319299644414758,9.607457648941116
28.879898575016128,0.7499999999999992,812.6987178307043,0.4319299644414758,9.607457648941116
28.879898575016128,0.7499999999999992,812.6987178307043,0.4319299644414758,9.607457648941116
29.098547653103417,0.7499999999999982,812.3665491390017,0.43630065448541877,9.544613955358002
29.106198998059764,0.7499999999999996,812.6247773073742,0.373436661441259,9.704203050626074
29.106198998059764,0.7499999999999996,812.6247773073742,0.373436661441259,9.704203050626074
29.642107305149363,0.7499999999999994,827.6687597681178,0.5572341989042835,9.864706393330465
29.93051383014687,0.7499999999999997,833.6363700918358,0.4791389032247287,9.95452348367555
29.13119194283863,0.7499999999999992,823.1552668940768,0.4183149049176062,9.799853844516687
30.398740672813958,0.749999999999999,810.6332698642158,0.46528093255252734,9.759508665343237
29.115813261708354,0.7499999999999996,808.5255322828691,0.4197362711143614,9.554472167143894
29.57552671027848,0.7499999999999988,808.9582366875796,0.4670888351559161,9.56802628109708
29.026329982010612,0.7499999999999997,805.7357770279638,0.371396624801971,9.51953914741014
29.649352318510353,0.7499999999999999,813.967950588316,0.3698379166076029,9.586849569171571
29.649352318510353,0.7499999999999999,813.967950588316,0.3698379166076029,9.586849569171571
29.649352318510353,0.7499999999999999,813.967950588316,0.3698379166076029,9.586849569171571
29.649352318510353,0.7499999999999999,813.967950588316,0.3698379166076029,9.586849569171571
29.482411582235997,0.7499999999999994,805.9795122002901,0.35960100800086814,9.637039870554892
29.482411582235997,0.7499999999999994,805.9795122002901,0.35960100800086814,9.637039870554892
31.052093638209,0.7499999999999988,806.889078669252,0.47423034194276803,9.897407435672928
31.052093638209,0.7499999999999988,806.889078669252,0.47423034194276803,9.897407435672928
30.937174810407946,0.7499999999999986,808.3283810967367,0.4602386431213285,9.70175253346002
30.937174810407946,0.7499999999999986,808.3283810967367,0.4602386431213285,9.70175253346002
30.937174810407946,0.7499999999999986,808.3283810967367,0.4602386431213285,9.70175253346002
30.937174810407946,0.7499999999999986,808.3283810967367,0.4602386431213285,9.70175253346002
30.629225171260476,0.7499999999999996,804.5602669430256,0.428828972507923,9.755702952776966
30.629225171260476,0.7499999999999996,804.5602669430256,0.428828972507923,9.755702952776966
30.629225171260476,0.7499999999999996,804.5602669430256,0.428828972507923,9.755702952776966
30.944251594107428,0.7499999999999994,805.8707878440376,0.5518681351495623,9.697522384032249
30.944251594107428,0.7499999999999994,805.8707878440376,0.5518681351495623,9.697522384032249
30.944251594107428,0.7499999999999994,805.8707878440376,0.5518681351495623,9.697522384032249
30.227748596165675,0.7499999999999994,801.476115302372,0.3959158504580041,9.51744862447928
30.227748596165675,0.7499999999999994,801.476115302372,0.3959158504580041,9.51744862447928
30.123282392910834,0.7499999999999993,799.9993185220193,0.5213226262363424,9.738253055435697
30.34176765322222,0.7499999999999998,807.8767014017952,0.4680073509302428,9.98232812706047
30.34176765322222,0.7499999999999998,807.8767014017952,0.4680073509302428,9.98232812706047
30.737057593533503,0.7499999999999996,802.8753186256406,0.3813900376670187,9.84771281014107
30.737057593533503,0.7499999999999996,802.8753186256406,0.3813900376670187,9.84771281014107
30.737057593533503,0.7499999999999996,802.8753186256406,0.3813900376670187,9.84771281014107
30.737057593533503,0.7499999999999996,802.8753186256406,0.3813900376670187,9.84771281014107
30.737057593533503,0.7499999999999996,802.8753186256406,0.3813900376670187,9.84771281014107
29.484918740343666,0.7499999999999994,800.9047109136519,0.3727866436860434,9.580056979325292
29.484918740343666,0.7499999999999994,800.9047109136519,0.3727866436860434,9.580056979325292
29.484918740343666,0.7499999999999994,800.9047109136519,0.3727866436860434,9.580056979325292
29.484918740343666,0.7499999999999994,800.9047109136519,0.3727866436860434,9.580056979325292
29.484918740343666,0.7499999999999994,800.9047109136519,0.3727866436860434,9.580056979325292
29.695557542526547,0.7499999999999982,816.8233524516012,0.46632279837596774,9.830097742614091
29.695557542526547,0.7499999999999982,816.8233524516012,0.46632279837596774,9.830097742614091
30.07555752453304,0.7499999999999994,812.7312064551488,0.48956009643496734,9.743065674628477
30.304183476288745,0.7499999999999983,809.0129142214197,0.4374319899073512,9.70280233985974
30.9354011789913,0.7499999999999994,810.2600535195559,0.45364793850006185,9.851146241499785
31.3266271333248,0.7499999999999998,819.285660593167,0.4244692584062841,10.186249425726512
31.3266271333248,0.7499999999999998,819.285660593167,0.4244692584062841,10.186249425726512
30.13673358016722,0.7499999999999998,817.651208894254,0.4470032161143645,9.95632405809934
30.13673358016722,0.7499999999999998,817.651208894254,0.4470032161143645,9.95632405809934
30.120956548131876,0.7499999999999992,817.9337661487793,0.3871812883455529,9.761330865734294
30.120956548131876,0.7499999999999992,817.9337661487793,0.3871812883455529,9.761330865734294
30.67021044705176,0.7499999999999994,823.607815346819,0.4196457366139966,10.010592573930145
30.896000874345045,0.7499999999999996,819.9327661276903,0.4602191027049371,9.95171118627521
30.804421831900942,0.7499999999999992,821.169958378127,0.4299910938215442,9.627975184435254
30.804421831900942,0.7499999999999992,821.169958378127,0.4299910938215442,9.627975184435254
30.804421831900942,0.7499999999999992,821.169958378127,0.4299910938215442,9.627975184435254
30.65335014799323,0.7499999999999996,819.6674124807621,0.40294993961600023,9.504991476957318
30.65335014799323,0.7499999999999996,819.6674124807621,0.40294993961600023,9.504991476957318
30.903161376050907,0.749999999999999,820.3101394748551,0.4240382179313878,9.445498743601394
30.903161376050907,0.749999999999999,820.3101394748551,0.4240382179313878,9.445498743601394
29.99511116610239,0.7499999999999997,815.4565620694518,0.49636263998835384,9.536617535629087
29.99511116610239,0.7499999999999997,815.4565620694518,0.49636263998835384,9.536617535629087
30.4004067753388,0.7499999999999987,818.5302192262283,0.5092475349750462,9.582229158937926
29.626951262243722,0.7499999999999986,819.9598693229384,0.49116325173667297,9.650550132654814
30.10814482665804,0.7499999999999993,813.0814930503474,0.4707811275608391,9.764871226479794
30.10814482665804,0.7499999999999993,813.0814930503474,0.4707811275608391,9.764871226479794
30.10814482665804,0.7499999999999993,813.0814930503474,0.4707811275608391,9.764871226479794
30.49365667669045,0.7499999999999984,815.6923468493771,0.3905038874660932,9.76267067798515
31.196016088831204,0.7499999999999994,822.3800154530177,0.46094679982276754,9.910092578368516
31.196016088831204,0.7499999999999994,822.3800154530177,0.46094679982276754,9.910092578368516
30.747232318764617,0.7499999999999992,813.4766162440144,0.45049600445971666,9.751545729811198
30.747232318764617,0.7499999999999992,813.4766162440144,0.45049600445971666,9.751545729811198
30.747232318764617,0.7499999999999992,813.4766162440144,0.45049600445971666,9.751545729811198
30.747232318764617,0.7499999999999992,813.4766162440144,0.45049600445971666,9.751545729811198
30.747232318764617,0.7499999999999992,813.4766162440144,0.45049600445971666,9.751545729811198
31.30148852592934,0.7499999999999991,809.9899230707736,0.48539357992723875,9.608862557411973
31.30148852592934,0.7499999999999991,809.9899230707736,0.48539357992723875,9.608862557411973
29.79019091658806,0.7499999999999994,809.248545216681,0.3878587833272436,9.442971841644262
29.492751606691872,0.7499999999999996,811.2846091370453,0.41488639823697004,9.492368667614187
29.492751606691872,0.7499999999999996,811.2846091370453,0.41488639823697004,9.492368667614187
29.492751606691872,0.7499999999999996,811.2846091370453,0.41488639823697004,9.492368667614187
30.744377956091647,0.7500000000000001,813.4683585370548,0.45727803056677896,9.54664785891421
29.62045604927798,0.7499999999999983,815.0158988290306,0.36975690844452075,9.56017203348608
29.62045604927798,0.7499999999999983,815.0158988290306,0.36975690844452075,9.56017203348608
30.44598958340472,0.7499999999999994,820.5252873134523,0.4065710042089757,9.722175658366774
30.44598958340472,0.7499999999999994,820.5252873134523,0.4065710042089757,9.722175658366774
30.44598958340472,0.7499999999999994,820.5252873134523,0.4065710042089757,9.722175658366774
29.801308236629495,0.7499999999999988,818.3677678726638,0.4024459897577886,9.733447530980456
29.571571260723818,0.7500000000000002,818.6907473469787,0.39559267551126936,9.630721187113235
29.571571260723818,0.7500000000000002,818.6907473469787,0.39559267551126936,9.630721187113235
30.25309473503164,0.7499999999999987,816.9295774283883,0.5372675962897278,9.548955143147214
31.337529296897355,0.7499999999999987,822.6399720902549,0.5359334596801275,9.587732970777711
30.99594749596213,0.7499999999999983,827.6430021048333,0.545718411425696,9.748725532588889
29.991632618877603,0.7499999999999998,820.8396470396958,0.5670174398131567,9.660035961466287
30.011774072926094,0.7499999999999996,828.6262852026895,0.8346112623736214,9.713298735413073
29.131353745573122,0.7499999999999986,826.4522112189154,0.5684584977353035,9.620232036527273
29.43283319266013,0.7499999999999987,827.8624209659323,0.5178511586086135,9.835172932349257
28.86894883320935,0.7499999999999988,828.665682026316,0.4637237558666819,9.755757571096144
28.86894883320935,0.7499999999999988,828.665682026316,0.4637237558666819,9.755757571096144
28.86894883320935,0.7499999999999988,828.665682026316,0.4637237558666819,9.755757571096144
28.663359211837445,0.7499999999999998,818.7518664874641,0.3712760982420541,9.4618761597131
29.632170183268812,0.7499999999999994,822.2739979943433,0.41276396684134947,9.40130598074426
30.213953272608975,0.7499999999999993,828.9138912461965,0.38328488977474745,9.506219973588802
29.983638033048113,0.7499999999999991,830.2300326608461,0.49522172881933463,9.4959036269999
30.150601154729532,0.7499999999999988,837.2902345065502,0.6088521640140844,9.661494066091578
29.99564021909151,0.7499999999999989,826.273809163395,0.53996495269804,9.674335072460584
30.412671816342346,0.7499999999999991,832.6971327757759,0.5041980929260738,9.705660947329374
29.15972757846647,0.7499999999999991,814.5674411740354,0.37539699755592804,9.450693782868722
29.15972757846647,0.7499999999999991,814.5674411740354,0.37539699755592804,9.450693782868722
30.1080989656063,0.7499999999999992,813.8359288746817,0.42548890455145183,9.687526938738364
30.1080989656063,0.7499999999999992,813.8359288746817,0.42548890455145183,9.687526938738364
30.898692314954584,0.7499999999999994,815.056182591965,0.44349906516496357,9.698821159779424
30.86104712725783,0.7499999999999978,814.8706979936587,0.60336388710947,9.977360660745745
30.86104712725783,0.7499999999999978,814.8706979936587,0.60336388710947,9.977360660745745
30.9141611794547,0.749999999999998,817.6688545988268,0.44319786262350147,10.022850565352439
30.592137724392988,0.7499999999999992,818.6197792159298,0.48424606403025,9.915947158643906
30.507736059464555,0.7499999999999991,816.4692907926885,0.44232763723028407,9.960668978191569
31.18014441202124,0.7499999999999987,819.441051735372,0.5077615160622679,9.915405524186244
30.67900553979466,0.7499999999999993,819.6474019473106,0.540681596963984,9.895415851773084
30.67900553979466,0.7499999999999993,819.6474019473106,0.540681596963984,9.895415851773084
30.228494369154994,0.7499999999999994,818.6171437730741,0.4655205554905589,9.851176620938258
30.228494369154994,0.7499999999999994,818.6171437730741,0.4655205554905589,9.851176620938258
30.228494369154994,0.7499999999999994,818.6171437730741,0.4655205554905589,9.851176620938258
30.13065917817768,0.749999999999999,823.5865973915782,0.5435353726949442,10.052770447926395
30.281250288725552,0.7499999999999999,819.3137408573103,0.5008618180068035,9.89456138613546
30.281250288725552,0.7499999999999999,819.3137408573103,0.5008618180068035,9.89456138613546
30.255315400011497,0.7499999999999999,815.3239644922619,0.5323456516332551,9.776554243707656
30.23936044877886,0.7499999999999997,815.2800042537576,0.5082870058663551,9.820552278089338
30.413170168715922,0.7499999999999997,820.187761557055,0.43643825308829143,9.712863322365175
31.73354463510686,0.7499999999999998,823.996703424366,0.5147300376638979,9.796562862853998
31.73354463510686,0.7499999999999998,823.996703424366,0.5147300376638979,9.796562862853998
30.16435486029091,0.75,823.3266480955762,0.443386642172054,9.587522518615739
30.28237087181521,0.7499999999999998,825.8728763710807,0.5694199537694572,9.458855565692843
29.73644332095437,0.7499999999999981,817.0908713054256,0.4340106021765776,9.562470467721107
29.73644332095437,0.7499999999999981,817.0908713054256,0.4340106021765776,9.562470467721107
29.73644332095437,0.7499999999999981,817.0908713054256,0.4340106021765776,9.562470467721107
30.58953236519306,0.7499999999999992,815.7944708568768,0.4989129425012064,9.636098654184739
32.07191608044299,0.7499999999999979,814.704666898282,0.533791233012075,9.855160921484389
32.07191608044299,0.7499999999999979,814.704666898282,0.533791233012075,9.855160921484389
32.07191608044299,0.7499999999999979,814.704666898282,0.533791233012075,9.855160921484389
32.07191608044299,0.7499999999999979,814.704666898282,0.533791233012075,9.855160921484389
31.2005576855726,0.7499999999999999,811.6551186165308,0.5110704234495692,9.690142896891496
31.834881475378403,0.7499999999999984,818.6592536752487,0.5499613167889695,9.868761202335515
30.79920416854154,0.7499999999999984,820.9965558550066,0.444015792474047,9.755098171139513
30.794279022325753,0.7500000000000001,820.2605400054342,0.4014741889649518,9.677875043799759
31.07282359404957,0.7499999999999994,820.4139816599748,0.45341487148300813,9.644374924255624
29.350940618295795,0.7499999999999988,817.6338677047984,0.41953912356890133,9.490665681650402
29.350940618295795,0.7499999999999988,817.6338677047984,0.41953912356890133,9.490665681650402
29.71057419910011,0.7499999999999997,813.7566777481453,0.41775765996542,9.700364123836868
29.71057419910011,0.7499999999999997,813.7566777481453,0.41775765996542,9.700364123836868
29.44037053988621,0.7499999999999993,815.6911770829284,0.520998581682147,9.491467142095132
28.66132934106201,0.7499999999999986,816.1466747670081,0.42694334518112537,9.493414067148393
29.25882539735621,0.7499999999999992,815.3350014962425,0.4279481451179944,9.522981290983049
29.151023393704598,0.7499999999999999,821.4151306148135,0.42137515299746764,9.584469448891827
29.151023393704598,0.7499999999999999,821.4151306148135,0.42137515299746764,9.584469448891827
29.711208783004317,0.7499999999999991,815.7065274694968,0.38039858808678767,9.569175211996404
30.445131525115645,0.7499999999999996,818.7798932491073,0.4302362657082044,9.484947544259754
30.445131525115645,0.7499999999999996,818.7798932491073,0.4302362657082044,9.484947544259754
31.249335765493054,0.7499999999999997,814.6106280844176,0.41255318310442185,9.326979627373177
31.249335765493054,0.7499999999999997,814.6106280844176,0.41255318310442185,9.326979627373177
31.249335765493054,0.7499999999999997,814.6106280844176,0.41255318310442185,9.326979627373177
31.249335765493054,0.7499999999999997,814.6106280844176,0.41255318310442185,9.326979627373177
31.249335765493054,0.7499999999999997,814.6106280844176,0.41255318310442185,9.326979627373177
31.249335765493054,0.7499999999999997,814.6106280844176,0.41255318310442185,9.326979627373177
31.249335765493054,0.7499999999999997,814.6106280844176,0.41255318310442185,9.326979627373177
31.249335765493054,0.7499999999999997,814.6106280844176,0.41255318310442185,9.326979627373177
31.249335765493054,0.7499999999999997,814.6106280844176,0.41255318310442185,9.326979627373177
30.976019372829867,0.7499999999999993,821.4718298202176,0.40655101059897925,9.577091797422842
30.597424984121922,0.7499999999999991,826.4214653938234,0.4919543934647855,9.486836212394826
29.686634061008927,0.749999999999999,819.4233039793562,0.4309534306933634,9.43801531284116
29.001772381312033,0.7499999999999988,811.1621609416397,0.35241689105867835,9.294469082480116
29.20444412298404,0.7499999999999996,814.415321157015,0.39102819474610906,9.478637617133632
29.278702137320423,0.7499999999999992,819.2163505062601,0.36404397629091534,9.383940176357175
29.580869956211874,0.7499999999999999,830.1586285795858,0.4901370475746218,9.582085100907387
29.39473296351249,0.7499999999999991,825.2576787280894,0.4408221526052683,9.590873666065628
28.793748601233474,0.7499999999999996,824.7817186926633,0.5278025206836877,9.511462847591517
28.793748601233474,0.7499999999999996,824.7817186926633,0.5278025206836877,9.511462847591517
29.376685649272265,0.7499999999999993,818.297174327632,0.5192183497322002,9.488499294243141
29.41030266583568,0.7499999999999986,818.4204089551497,0.39341426260375223,9.514373520887926
30.229259063588792,0.7499999999999988,816.4233231421606,0.507805501018205,9.760331991505797
29.844847043172194,0.7499999999999982,816.9084895243856,0.4759757945424583,9.776783132307227
29.499458783982128,0.7499999999999993,814.0360630577038,0.40004199051555367,9.62829455919687
29.848136465584247,0.7500000000000006,812.2572388931119,0.4897433760121635,9.582214376163753
30.112869819858016,0.7499999999999994,815.5446635640038,0.4976397357907512,9.710162461657163
30.081036242967297,0.7499999999999983,815.4464612320062,0.4676969235907987,9.593879883899572
30.081036242967297,0.7499999999999983,815.4464612320062,0.4676969235907987,9.593879883899572
29.280246828336654,0.7499999999999997,817.8193389755327,0.4296146881541116,9.72490761089279
29.280246828336654,0.7499999999999997,817.8193389755327,0.4296146881541116,9.72490761089279
29.231112041902175,0.749999999999999,819.6507189343532,0.4298502548675457,9.61377892603457
29.231112041902175,0.749999999999999,819.6507189343532,0.4298502548675457,9.61377892603457
29.231112041902175,0.749999999999999,819.6507189343532,0.4298502548675457,9.61377892603457
29.057432132080677,0.7499999999999996,816.8931235810085,0.44334264938654716,9.410926898351937
28.734997118617425,0.7499999999999998,817.7662705871927,0.48404078890290947,9.689169209207998
28.734997118617425,0.7499999999999998,817.7662705871927,0.48404078890290947,9.689169209207998
28.422453854267403,0.7499999999999986,811.0546950588052,0.4381896168814422,9.587013941696592
28.422453854267403,0.7499999999999986,811.0546950588052,0.4381896168814422,9.587013941696592
28.422453854267403,0.7499999999999986,811.0546950588052,0.4381896168814422,9.587013941696592
28.422453854267403,0.7499999999999986,811.0546950588052,0.4381896168814422,9.587013941696592
29.411618504674554,0.7499999999999984,820.8303512220817,0.4588154953655282,9.912763456353455
29.2999002308166,0.7499999999999993,819.4022212485896,0.4565919924811317,9.659384325474212
28.301643242236377,0.7499999999999993,811.8179637309513,0.4012083113851321,9.403979948981405
28.301643242236377,0.7499999999999993,811.8179637309513,0.4012083113851321,9.403979948981405
28.301643242236377,0.7499999999999993,811.8179637309513,0.4012083113851321,9.403979948981405
28.301643242236377,0.7499999999999993,811.8179637309513,0.4012083113851321,9.403979948981405
29.05682925820274,0.7499999999999996,807.39341066853,0.4348342306441307,9.458662537570538
29.42458867049878,0.7499999999999992,812.4264783294299,0.46468722003087665,9.587461947483623
29.383164873305642,0.7499999999999993,813.9294204910709,0.42724168225909515,9.693456670260733
29.941082887135426,0.7499999999999992,814.0654599918687,0.4134358834425318,9.902253440871641
30.871677349675583,0.7499999999999974,815.4670583894317,0.5666432354978844,9.946890271432872
30.132642409532174,0.7499999999999991,811.1073971497024,0.362344027617724,9.747821956744207
29.519649200082835,0.7499999999999999,812.3093630529124,0.3753746422425065,9.70056922673129
29.699689289776238,0.7499999999999996,813.5239635303811,0.38256981252137173,9.891521079044736
29.470280577781033,0.7499999999999989,817.2265357841719,0.5287807205996614,9.896590887728365
30.33651381942336,0.7499999999999992,814.6802102264803,0.4138016320025257,9.88144357692157
29.47808130460012,0.7499999999999993,817.0227097390833,0.3650505772963727,9.898810205631051
29.47808130460012,0.7499999999999993,817.0227097390833,0.3650505772963727,9.898810205631051
29.665322770728753,0.7499999999999986,814.1211366229376,0.38515312746470604,9.866696334029076
30.678303190251693,0.7499999999999996,810.3610506206965,0.4289749205816915,10.07335029383548
30.943667554626174,0.7499999999999994,814.942017069764,0.4874587292222588,9.909219982834966
30.943667554626174,0.7499999999999994,814.942017069764,0.4874587292222588,9.909219982834966
30.943667554626174,0.7499999999999994,814.942017069764,0.4874587292222588,9.909219982834966
30.943667554626174,0.7499999999999994,814.942017069764,0.4874587292222588,9.909219982834966
30.943667554626174,0.7499999999999994,814.942017069764,0.4874587292222588,9.909219982834966
30.512386333970586,0.7499999999999994,811.4506328904063,0.38671325060764855,9.822966312401624
30.512386333970586,0.7499999999999994,811.4506328904063,0.38671325060764855,9.822966312401624
30.512386333970586,0.7499999999999994,811.4506328904063,0.38671325060764855,9.822966312401624
30.778840222884106,0.7499999999999983,807.4836401555857,0.4595547537836666,9.841237851139738
30.778840222884106,0.7499999999999983,807.4836401555857,0.4595547537836666,9.841237851139738
30.778840222884106,0.7499999999999983,807.4836401555857,0.4595547537836666,9.841237851139738
30.778840222884106,0.7499999999999983,807.4836401555857,0.4595547537836666,9.841237851139738
30.778840222884106,0.7499999999999983,807.4836401555857,0.4595547537836666,9.841237851139738
30.409010082514083,0.7499999999999999,798.340988355982,0.596843573198744,9.604777872775665
30.265194304438964,0.7499999999999981,798.5033211404685,0.3743438001023984,9.485166611639233
30.265194304438964,0.7499999999999981,798.5033211404685,0.3743438001023984,9.485166611639233
30.265194304438964,0.7499999999999981,798.5033211404685,0.3743438001023984,9.485166611639233
30.265194304438964,0.7499999999999981,798.5033211404685,0.3743438001023984,9.485166611639233
30.265194304438964,0.7499999999999981,798.5033211404685,0.3743438001023984,9.485166611639233
30.265194304438964,0.7499999999999981,798.5033211404685,0.3743438001023984,9.485166611639233
30.265194304438964,0.7499999999999981,798.5033211404685,0.3743438001023984,9.485166611639233
30.972183465690343,0.7499999999999997,804.9752746022525,0.4204238020657613,9.641992387373838
30.972183465690343,0.7499999999999997,804.9752746022525,0.4204238020657613,9.641992387373838
30.522483487692607,0.7499999999999996,801.1776535730735,0.377587439330075,9.577614286620904
30.522483487692607,0.7499999999999996,801.1776535730735,0.377587439330075,9.577614286620904
30.863590354094516,0.7499999999999996,800.6371852648546,0.3991746364495506,9.658368945855292
31.272171517005766,0.7499999999999996,806.597561358123,0.3956891848038956,9.81022569317397
31.945373406823926,0.7499999999999981,805.8042050556805,0.45747938696685847,9.823991588211712
32.51939807365717,0.7500000000000001,814.48101662315,0.5571146964148999,9.996883406716552
32.03769428775301,0.7499999999999994,812.9528333135797,0.46477078481558315,9.735972511041819
30.524672400037634,0.7499999999999996,819.0455299999358,0.466153874028406,9.655304388905027
30.4244297832538,0.7499999999999998,817.9421413590111,0.39579679521968103,9.565866046582716
30.64330005555413,0.7499999999999994,809.8836668743434,0.38860436934284054,9.650077447827869
30.910259979817987,0.7499999999999982,810.1565452671335,0.41612953900638266,9.71345480425786
30.05441287680115,0.7500000000000003,805.19628163623,0.35810704992195663,9.569234109230592
30.05441287680115,0.7500000000000003,805.19628163623,0.35810704992195663,9.569234109230592
30.325072609221326,0.7499999999999982,811.1011524741806,0.49075851242812907,9.456862037492044
30.261176399108447,0.7499999999999996,807.6714511401944,0.5366106979271485,9.803011874003861
30.261176399108447,0.7499999999999996,807.6714511401944,0.5366106979271485,9.803011874003861
30.432685239856273,0.7499999999999996,814.2157251860925,0.6587802244971047,9.748145497906455
30.839507012707095,0.7499999999999981,807.6912432222953,0.39566099725517384,9.746333797923835
30.380477826296534,0.7499999999999996,806.140419298553,0.4186594698795574,9.8155803800154
30.380477826296534,0.7499999999999996,806.140419298553,0.4186594698795574,9.8155803800154
30.951143486626673,0.7499999999999991,803.035025246423,0.4711230996574884,9.862351559906907
30.67289569315353,0.749999999999998,806.6857662424718,0.4285926201335501,9.757192543322253
31.445795707924514,0.7499999999999989,809.825309711595,0.4584569612162413,9.79555452674774
31.445795707924514,0.7499999999999989,809.825309711595,0.4584569612162413,9.79555452674774
31.027779692517754,0.7499999999999991,808.3174618189813,0.4463092262629413,9.804579481101404
30.50360746554619,0.7500000000000003,805.7961541627292,0.38299156236570414,9.696909478968886
30.50360746554619,0.7500000000000003,805.7961541627292,0.38299156236570414,9.696909478968886
30.50360746554619,0.7500000000000003,805.7961541627292,0.38299156236570414,9.696909478968886
30.25208551361723,0.7499999999999978,808.1711973480573,0.4149436919836659,9.810906540179499
30.470993126300225,0.7500000000000001,801.3477290771662,0.39306617284010215,9.850048137766109
32.12222377921668,0.7499999999999996,810.6320077489025,0.5960367818681478,10.011053488430324
32.09008983536131,0.7499999999999998,811.1035436530076,0.5666872042304063,9.935103479838636
30.966126767001054,0.7500000000000001,796.8099278890254,0.3939206171718852,9.482494969344902
31.15330384559624,0.7499999999999999,800.2586103513013,0.42723046987455143,9.605777706874571
31.15330384559624,0.7499999999999999,800.2586103513013,0.42723046987455143,9.605777706874571
31.15330384559624,0.7499999999999999,800.2586103513013,0.42723046987455143,9.605777706874571
31.463643580194724,0.7499999999999993,799.9885298401675,0.41689697593842806,9.817974112270667
31.463643580194724,0.7499999999999993,799.9885298401675,0.41689697593842806,9.817974112270667
31.463643580194724,0.7499999999999993,799.9885298401675,0.41689697593842806,9.817974112270667
31.463643580194724,0.7499999999999993,799.9885298401675,0.41689697593842806,9.817974112270667
30.237685161311653,0.7499999999999983,799.0837630571598,0.41547050244391914,9.860075065502077
30.084261584801236,0.7499999999999989,797.5998111498018,0.4058637781427938,9.676997201610785
30.49792860065926,0.7499999999999988,794.5071065514635,0.420166164570077,9.734371700442258
30.49792860065926,0.7499999999999988,794.5071065514635,0.420166164570077,9.734371700442258
30.027807011553016,0.7499999999999999,792.8113309045374,0.4592308168864032,9.482947129816939
30.027807011553016,0.7499999999999999,792.8113309045374,0.4592308168864032,9.482947129816939
30.027807011553016,0.7499999999999999,792.8113309045374,0.4592308168864032,9.482947129816939
30.027807011553016,0.7499999999999999,792.8113309045374,0.4592308168864032,9.482947129816939
30.490913507808294,0.7500000000000001,795.405410535903,0.46042871503072286,9.629567955960786
29.94455530135485,0.75,799.9154694149465,0.35368601615469875,9.398295725552355
30.286124740754946,0.7499999999999992,801.0512639588987,0.37264485045873746,9.38186600923125
30.808604259109064,0.7499999999999997,813.6158137601327,0.35625632184788864,9.417367527779021
29.79093056710018,0.7499999999999988,809.5232674790836,0.3465553793696825,9.418857581109009
31.17109059520028,0.7499999999999991,811.6070267819508,0.4254875865700427,9.611700902601381
32.2328804578348,0.7499999999999987,811.9715150911982,0.39764884762328445,9.780078888142844
