logdet_Q,lambda_min_Q,Phi,rel_W_error,test_nll
29.308373616755027,0.7499999999999991,816.2010525022101,0.5192176287191191,9.575814257025726
28.69319002488471,0.7499999999999993,812.5005947806496,0.359951301723399,9.449736004049061
28.69319002488471,0.7499999999999993,812.5005947806496,0.359951301723399,9.449736004049061
28.69319002488471,0.7499999999999993,812.5005947806496,0.359951301723399,9.449736004049061
27.773772445484077,0.7499999999999992,813.1981832072184,0.34258351756726785,9.485879300497595
27.773772445484077,0.7499999999999992,813.1981832072184,0.34258351756726785,9.485879300497595
28.6316023914919,0.75,818.0196376743302,0.5231748872147313,9.65564222228248
28.733531406116118,0.7499999999999998,818.8765720924125,0.4004661888000975,9.713385589009244
27.639201570003085,0.75,814.781988588198,0.35349641423172673,9.612943376185948
28.32725077669698,0.7499999999999991,811.9468110897121,0.36880255129595446,9.475251493177476
28.83946404829883,0.7499999999999999,815.7119481040032,0.3963845616883086,9.724085251335627
28.85384440266008,0.7499999999999994,811.7732266586809,0.3952655494969849,9.44914483555751
28.85384440266008,0.7499999999999994,811.7732266586809,0.3952655494969849,9.44914483555751
28.85384440266008,0.7499999999999994,811.7732266586809,0.3952655494969849,9.44914483555751
27.721584379045854,0.7499999999999991,820.5750440193917,0.39496039143748407,9.583391571337762
29.34149072401657,0.7500000000000002,821.4919134011867,0.40826710221657164,9.580523615746719
28.470293777788946,0.7499999999999988,829.9041795216068,0.42318303568081245,9.625089404429236
28.831989615120385,0.7499999999999992,820.8651665098674,0.3944224389193642,9.634150369815336
28.706407135151498,0.7499999999999993,817.7580498696882,0.4327142263360288,9.630289244149367
29.229700203367866,0.7499999999999997,819.0827191848126,0.4414577473171737,9.609438438334347
29.229700203367866,0.7499999999999997,819.0827191848126,0.4414577473171737,9.609438438334347
29.22871065242221,0.7499999999999982,818.4552781454643,0.4776043687155051,9.600333066458012
29.22871065242221,0.7499999999999982,818.4552781454643,0.4776043687155051,9.600333066458012
29.42637088873575,0.7500000000000001,821.7847186278971,0.44775462028174096,9.669391206632762
29.42637088873575,0.7500000000000001,821.7847186278971,0.44775462028174096,9.669391206632762
29.42637088873575,0.7500000000000001,821.7847186278971,0.44775462028174096,9.669391206632762
29.730008998422306,0.7499999999999991,814.3356845602073,0.3904035374433062,9.564710404725341
29.730008998422306,0.7499999999999991,814.3356845602073,0.3904035374433062,9.564710404725341
29.730008998422306,0.7499999999999991,814.3356845602073,0.3904035374433062,9.564710404725341
28.998866932698295,0.7499999999999984,821.4520912745944,0.5536484663407629,9.576309199867683
28.729026530176668,0.7499999999999999,825.0885261368062,0.4405091434409059,9.50320903230048
30.763110093652706,0.7499999999999998,828.1758345360963,0.5273587366475405,9.826558340847686
29.588707637665927,0.7499999999999997,826.3163464493471,0.46464968271813795,9.669667878659132
29.92836075651149,0.7499999999999998,816.384232167617,0.4578108236833304,9.742481842842214
28.56533640573379,0.7499999999999996,820.476787755785,0.38532682111538147,9.753401149385255
28.56533640573379,0.7499999999999996,820.476787755785,0.38532682111538147,9.753401149385255
28.98375726670996,0.7500000000000001,821.2857365492408,0.44793135842924736,9.772371507784095
28.98375726670996,0.7500000000000001,821.2857365492408,0.44793135842924736,9.772371507784095
28.98375726670996,0.7500000000000001,821.2857365492408,0.44793135842924736,9.772371507784095
28.98375726670996,0.7500000000000001,821.2857365492408,0.44793135842924736,9.772371507784095
28.806302686672144,0.7499999999999996,821.6121789154995,0.4521361639304404,9.721249608033437
29.840122741272783,0.7499999999999997,829.872344910622,0.5270871045334747,9.868853384968222
29.93798053446311,0.7499999999999987,822.7575411793085,0.6173120785217592,9.951792978594757
30.03808101151874,0.7499999999999994,824.0358782567429,0.5510223782643007,9.868123192546648
29.2449923697691,0.7499999999999994,824.0909052108806,0.4652967740798889,9.817454512496937
29.2449923697691,0.7499999999999994,824.0909052108806,0.4652967740798889,9.817454512496937
29.2449923697691,0.7499999999999994,824.0909052108806,0.4652967740798889,9.817454512496937
29.2449923697691,0.7499999999999994,824.0909052108806,0.4652967740798889,9.817454512496937
29.1495434644073,0.7499999999999992,821.2073924825448,0.44363150171770366,9.757034023192787
29.062557442972484,0.7499999999999991,819.8270873686382,0.5032048140887607,9.808406842385413
29.062557442972484,0.7499999999999991,819.8270873686382,0.5032048140887607,9.808406842385413
29.062557442972484,0.7499999999999991,819.8270873686382,0.5032048140887607,9.808406842385413
29.758192058187145,0.7499999999999978,816.8160448126814,0.5624954816712152,9.815580267903702
29.65548967834658,0.7499999999999996,814.0359264029527,0.4068019935885819,9.797995133493831
29.65548967834658,0.7499999999999996,814.0359264029527,0.4068019935885819,9.797995133493831
29.65548967834658,0.7499999999999996,814.0359264029527,0.4068019935885819,9.797995133493831
29.650531327143746,0.7499999999999997,810.6015062863407,0.42906677188634196,9.69079186759593
30.27806706283741,0.7499999999999996,810.5975254756203,0.5908869594199162,9.779401109148623
30.27806706283741,0.7499999999999996,810.5975254756203,0.5908869594199162,9.779401109148623
30.11283047608229,0.7499999999999998,809.9889533376246,0.4220310793271435,9.718493537433853
28.97707439380718,0.7499999999999993,807.1989035043997,0.38036470028293984,9.725106948035863
28.97707439380718,0.7499999999999993,807.1989035043997,0.38036470028293984,9.725106948035863
29.815115361966015,0.7499999999999981,819.5000032745771,0.515061828535087,9.878446483291606
29.905473742377627,0.7499999999999996,820.7620994550732,0.5117326498138406,9.70874273683001
30.53328367745029,0.7499999999999994,815.8445249889778,0.5073717550149289,9.793717383307921
29.282136200682395,0.7499999999999992,801.3639278492502,0.33107177122852716,9.510335740939116
30.76291188584542,0.7499999999999992,804.8735886760287,0.4307964061313282,9.499761500606727
29.878358080758204,0.7499999999999986,801.4020689573188,0.36046780434632913,9.418614671789362
29.878358080758204,0.7499999999999986,801.4020689573188,0.36046780434632913,9.418614671789362
29.878358080758204,0.7499999999999986,801.4020689573188,0.36046780434632913,9.418614671789362
29.878358080758204,0.7499999999999986,801.4020689573188,0.36046780434632913,9.418614671789362
29.878358080758204,0.7499999999999986,801.4020689573188,0.36046780434632913,9.418614671789362
29.878358080758204,0.7499999999999986,801.4020689573188,0.36046780434632913,9.418614671789362
29.878358080758204,0.7499999999999986,801.4020689573188,0.36046780434632913,9.418614671789362
29.878358080758204,0.7499999999999986,801.4020689573188,0.36046780434632913,9.418614671789362
29.878358080758204,0.7499999999999986,801.4020689573188,0.36046780434632913,9.418614671789362
28.405863264268767,0.7499999999999986,801.9503140762409,0.2942604817503121,9.303121289106135
28.405863264268767,0.7499999999999986,801.9503140762409,0.2942604817503121,9.303121289106135
29.862321560104704,0.7499999999999991,809.2925367386794,0.40438736671130776,9.357305065094035
29.862321560104704,0.7499999999999991,809.2925367386794,0.40438736671130776,9.357305065094035
29.711839130656344,0.7499999999999994,814.2309478387408,0.41184128419698784,9.60516760798662
29.711839130656344,0.7499999999999994,814.2309478387408,0.41184128419698784,9.60516760798662
29.711839130656344,0.7499999999999994,814.2309478387408,0.41184128419698784,9.60516760798662
30.1520079121415,0.7499999999999996,805.5623660761221,0.4768532222555839,9.571299573412835
30.1520079121415,0.7499999999999996,805.5623660761221,0.4768532222555839,9.571299573412835
30.1520079121415,0.7499999999999996,805.5623660761221,0.4768532222555839,9.571299573412835
29.110153009893278,0.7499999999999987,805.5435465890888,0.41957590087351654,9.550926019638458
29.275974613947437,0.7499999999999996,810.5510627888582,0.4621943414518183,9.558355364904926
29.275974613947437,0.7499999999999996,810.5510627888582,0.4621943414518183,9.558355364904926
29.481704744059233,0.7499999999999997,806.1594230016836,0.5016964054331896,9.447526248559402
29.83300299300322,0.7499999999999987,810.6022569155002,0.5747144577788359,9.466819611095682
29.83300299300322,0.7499999999999987,810.6022569155002,0.5747144577788359,9.466819611095682
29.820666715860927,0.7499999999999991,802.5948125476767,0.3986520221630241,9.271890262787485
29.820666715860927,0.7499999999999991,802.5948125476767,0.3986520221630241,9.271890262787485
30.768586264415283,0.7499999999999989,801.9021254223597,0.5051546263791042,9.391744801990509
30.768586264415283,0.7499999999999989,801.9021254223597,0.5051546263791042,9.391744801990509
30.768586264415283,0.7499999999999989,801.9021254223597,0.5051546263791042,9.391744801990509
30.768586264415283,0.7499999999999989,801.9021254223597,0.5051546263791042,9.391744801990509
30.661116728601133,0.7499999999999993,800.0010171889318,0.44286787623027685,9.706513492605055
30.661116728601133,0.7499999999999993,800.0010171889318,0.44286787623027685,9.706513492605055
30.661116728601133,0.7499999999999993,800.0010171889318,0.44286787623027685,9.706513492605055
31.219925748094788,0.7499999999999991,796.2885615407937,0.5169175405507586,9.885160247369535
31.06967507299711,0.749999999999998,809.4392510612797,0.4956618211798782,10.125357510365859
31.06967507299711,0.749999999999998,809.4392510612797,0.4956618211798782,10.125357510365859
30.543539940463035,0.7499999999999989,802.5211995150823,0.44413324396244885,9.943448580586722
30.543539940463035,0.7499999999999989,802.5211995150823,0.44413324396244885,9.943448580586722
30.543539940463035,0.7499999999999989,802.5211995150823,0.44413324396244885,9.943448580586722
30.543539940463035,0.7499999999999989,802.5211995150823,0.44413324396244885,9.943448580586722
31.489814643170337,0.7499999999999988,808.5174522062513,0.5732775580505692,9.951687258562533
31.489814643170337,0.7499999999999988,808.5174522062513,0.5732775580505692,9.951687258562533
31.139480813938693,0.7499999999999992,816.4005030410461,0.4780681271755569,9.879597885347238
30.35410529983846,0.7499999999999999,818.3848095428235,0.40654024670373873,9.836458289506888
30.35410529983846,0.7499999999999999,818.3848095428235,0.40654024670373873,9.836458289506888
30.113896801510037,0.7499999999999988,815.4963315201194,0.5141348265527961,9.978957624169283
30.170477498378187,0.7499999999999989,822.1978122872953,0.4575437773443961,10.00901766807436
30.170477498378187,0.7499999999999989,822.1978122872953,0.4575437773443961,10.00901766807436
30.078664710629013,0.7499999999999994,816.3063964661754,0.3956270887939199,9.999875391739923
30.01160253328009,0.7499999999999992,820.730997455167,0.3999089725458928,9.969238122982599
31.571180207833642,0.7499999999999992,824.607959255682,0.5311054262751772,10.207671887455007
32.160477634769244,0.7499999999999997,830.5861418429196,0.521454598873398,10.399430634501835
30.923537319687288,0.7499999999999998,822.3600825984566,0.39885235981742045,10.153824334186956
30.923537319687288,0.7499999999999998,822.3600825984566,0.39885235981742045,10.153824334186956
30.923537319687288,0.7499999999999998,822.3600825984566,0.39885235981742045,10.153824334186956
30.923537319687288,0.7499999999999998,822.3600825984566,0.39885235981742045,10.153824334186956
30.81262756822551,0.7499999999999991,820.0165823109759,0.460285503719391,10.193667788636736
30.6758498029087,0.7499999999999997,818.4106832057311,0.5109656570060683,10.063471876265575
30.40734848799369,0.749999999999999,811.0402456006516,0.4463351228664068,9.833891272118644
30.40734848799369,0.749999999999999,811.0402456006516,0.4463351228664068,9.833891272118644
29.816550214402277,0.749999999999999,811.6666959652368,0.39097468939861335,9.799472887430444
29.831017716176046,0.7499999999999996,812.5850859865146,0.3799047423852071,9.630230349097257
29.515398081249327,0.7499999999999982,806.6522679656078,0.5921360384774297,9.791048703809569
29.515398081249327,0.7499999999999982,806.6522679656078,0.5921360384774297,9.791048703809569
28.700047170198562,0.7499999999999993,808.8216324657858,0.40644745437918495,9.663176457798343
27.77846531496575,0.7499999999999998,818.5971838231349,0.39718286071921016,9.583312072524734
29.161254092667715,0.75,815.5890527291187,0.436250963220293,9.68790944331224
29.161254092667715,0.75,815.5890527291187,0.436250963220293,9.68790944331224
29.161254092667715,0.75,815.5890527291187,0.436250963220293,9.68790944331224
29.533423084266378,0.7499999999999994,811.633736387938,0.32538370619770157,9.477443506120286
29.596104314249118,0.7499999999999998,811.8892628919268,0.37751257085213863,9.616425680354734
29.596104314249118,0.7499999999999998,811.8892628919268,0.37751257085213863,9.616425680354734
30.26092293121226,0.7499999999999989,808.9271240824592,0.48020613082663505,9.750098750371302
30.26092293121226,0.7499999999999989,808.9271240824592,0.48020613082663505,9.750098750371302
30.26092293121226,0.7499999999999989,808.9271240824592,0.48020613082663505,9.750098750371302
28.95823063386054,0.7499999999999992,804.1471451716195,0.3526608782287573,9.644664995938381
28.95823063386054,0.7499999999999992,804.1471451716195,0.3526608782287573,9.644664995938381
30.70907543811214,0.7499999999999996,800.3227862993022,0.45144114129219837,9.829021177800104
30.70907543811214,0.7499999999999996,800.3227862993022,0.45144114129219837,9.829021177800104
30.70907543811214,0.7499999999999996,800.3227862993022,0.45144114129219837,9.829021177800104
28.832325271173602,0.7499999999999991,813.0331864414615,0.4262703635783744,9.794874036788883
29.685633111453676,0.7499999999999988,810.4268528930985,0.43948993419300864,9.656036851163284
30.696144763861973,0.7499999999999996,803.9967230026953,0.42061754206818863,9.637528634366626
30.696144763861973,0.7499999999999996,803.9967230026953,0.42061754206818863,9.637528634366626
30.696144763861973,0.7499999999999996,803.9967230026953,0.42061754206818863,9.637528634366626
30.696144763861973,0.7499999999999996,803.9967230026953,0.42061754206818863,9.637528634366626
30.696144763861973,0.7499999999999996,803.9967230026953,0.42061754206818863,9.637528634366626
29.846067115135007,0.75,805.8416868588831,0.39401842438348894,9.429972425835837
29.392619490959618,0.7499999999999996,804.2768934739565,0.37943606079687225,9.500506319059593
29.392619490959618,0.7499999999999996,804.2768934739565,0.37943606079687225,9.500506319059593
29.392619490959618,0.7499999999999996,804.2768934739565,0.37943606079687225,9.500506319059593
30.61229740452162,0.7499999999999993,801.2606734181985,0.4472820830025696,9.694613286202875
30.61229740452162,0.7499999999999993,801.2606734181985,0.4472820830025696,9.694613286202875
30.61229740452162,0.7499999999999993,801.2606734181985,0.4472820830025696,9.694613286202875
30.61229740452162,0.7499999999999993,801.2606734181985,0.4472820830025696,9.694613286202875
30.15285243432567,0.7499999999999994,819.0991459873132,0.46374778685540174,9.925573332056597
30.56052239034704,0.7499999999999998,815.0901338546126,0.4500634851251441,9.825105526015431
30.56052239034704,0.7499999999999998,815.0901338546126,0.4500634851251441,9.825105526015431
29.559516218891652,0.7499999999999989,810.5829715853604,0.4959876292046538,9.52620666292108
29.559516218891652,0.7499999999999989,810.5829715853604,0.4959876292046538,9.52620666292108
29.559516218891652,0.7499999999999989,810.5829715853604,0.4959876292046538,9.52620666292108
29.559516218891652,0.7499999999999989,810.5829715853604,0.4959876292046538,9.52620666292108
29.753092374023556,0.7499999999999988,811.9171174892737,0.426783394704362,9.484121658570885
29.753092374023556,0.7499999999999988,811.9171174892737,0.426783394704362,9.484121658570885
29.447605404366612,0.7499999999999994,810.4280571191928,0.462390548110759,9.781475449190888
29.447605404366612,0.7499999999999994,810.4280571191928,0.462390548110759,9.781475449190888
29.217563753776336,0.7499999999999996,802.6769332098823,0.42045891741971547,9.569883157843538
29.217563753776336,0.7499999999999996,802.6769332098823,0.42045891741971547,9.569883157843538
29.912567647547277,0.7499999999999998,806.923240687623,0.39982189458565465,9.64231748479008
30.020068409877013,0.7499999999999996,802.0935944541294,0.4652885833199842,9.547412909331868
30.09798782914762,0.7499999999999998,808.442927592731,0.4598679791249398,9.764486595704241
30.526368572150545,0.7499999999999993,802.1900992630021,0.554864108825151,9.744580670037427
30.526368572150545,0.7499999999999993,802.1900992630021,0.554864108825151,9.744580670037427
29.813022966072673,0.7499999999999991,800.3561933308865,0.45392142437602734,9.632558617829863
29.813022966072673,0.7499999999999991,800.3561933308865,0.45392142437602734,9.632558617829863
29.813022966072673,0.7499999999999991,800.3561933308865,0.45392142437602734,9.632558617829863
29.813022966072673,0.7499999999999991,800.3561933308865,0.45392142437602734,9.632558617829863
29.813022966072673,0.7499999999999991,800.3561933308865,0.45392142437602734,9.632558617829863
30.759458587394754,0.75,799.2308664347614,0.37649955027592974,9.522871030430702
30.759458587394754,0.75,799.2308664347614,0.37649955027592974,9.522871030430702
30.412991480368934,0.75,805.4856920957322,0.3718717561118546,9.485636612576437
30.705140929295126,0.7499999999999999,815.8687110280034,0.43563905104178136,9.748880642138579
30.705140929295126,0.7499999999999999,815.8687110280034,0.43563905104178136,9.748880642138579
29.92760054795311,0.7499999999999993,813.9796646418597,0.5244753708307678,9.899875160646527
30.19457796449482,0.7499999999999982,812.4631919435814,0.4851952404077716,10.027018357818099
30.105939062444204,0.7499999999999987,809.2369669493277,0.4167003061866014,9.947051900928093
29.356768131458388,0.7499999999999993,812.8906177536179,0.4110732582642723,9.829160951719777
29.66768894944948,0.7499999999999998,806.3629749995891,0.3807447914338446,9.559119007507428
29.66768894944948,0.7499999999999998,806.3629749995891,0.3807447914338446,9.559119007507428
29.66768894944948,0.7499999999999998,806.3629749995891,0.3807447914338446,9.559119007507428
29.66768894944948,0.7499999999999998,806.3629749995891,0.3807447914338446,9.559119007507428
29.66768894944948,0.7499999999999998,806.3629749995891,0.3807447914338446,9.559119007507428
29.66768894944948,0.7499999999999998,806.3629749995891,0.3807447914338446,9.559119007507428
29.66768894944948,0.7499999999999998,806.3629749995891,0.3807447914338446,9.559119007507428
29.482104567975814,0.7499999999999992,810.3935352938441,0.42406670883560954,9.801977621446749
30.47787609323153,0.7500000000000002,811.9370706635641,0.4396426622756918,9.697769482287551
30.312128667474195,0.7499999999999991,807.5966935757925,0.45555571991944316,9.593846287436715
30.190779237760477,0.7499999999999997,803.809648742004,0.42407551639601265,9.593986961732025
30.359309695693764,0.7500000000000001,811.2952359271662,0.42757811541526,9.53601073815614
30.359309695693764,0.7500000000000001,811.2952359271662,0.42757811541526,9.53601073815614
30.359309695693764,0.7500000000000001,811.2952359271662,0.42757811541526,9.53601073815614
30.359309695693764,0.7500000000000001,811.2952359271662,0.42757811541526,9.53601073815614
31.048212132007958,0.7499999999999994,816.1060872309138,0.5199209501770019,9.889951844559656
30.076007594318856,0.7499999999999986,805.4721192832477,0.44831480463391155,10.041555887158623
30.076007594318856,0.7499999999999986,805.4721192832477,0.44831480463391155,10.041555887158623
30.444369349268197,0.7499999999999999,810.1305612955098,0.4532013652087273,10.053087332277324
31.3129778318417,0.7499999999999997,809.3647786204532,0.4998904595071936,9.917839648732912
30.5566578559248,0.7499999999999994,807.1925902709905,0.5069368825392253,9.911313243711609
30.5566578559248,0.7499999999999994,807.1925902709905,0.5069368825392253,9.911313243711609
30.358759844565693,0.7500000000000004,814.8336515504612,0.5929205498131181,9.869631012296718
30.358759844565693,0.7500000000000004,814.8336515504612,0.5929205498131181,9.869631012296718
30.358759844565693,0.7500000000000004,814.8336515504612,0.5929205498131181,9.869631012296718
29.786212611502297,0.7499999999999989,817.8570304978599,0.439992714039299,9.702205745349909
30.342355690160694,0.7499999999999994,811.4345659155865,0.5000069766341784,9.780650310002457
30.342355690160694,0.7499999999999994,811.4345659155865,0.5000069766341784,9.780650310002457
30.480629060550832,0.7499999999999989,808.8188956164013,0.4004187632643821,9.597836377030493
30.480629060550832,0.7499999999999989,808.8188956164013,0.4004187632643821,9.597836377030493
30.593545443035183,0.7499999999999994,808.2090431741674,0.47798540516074295,9.911407106489943
29.2129719270901,0.7499999999999987,813.004485794182,0.41346491224453835,9.944649488484686
29.721211665992197,0.7499999999999982,815.566992937557,0.5070576788621477,9.856293538569977
29.721211665992197,0.7499999999999982,815.566992937557,0.5070576788621477,9.856293538569977
30.395163821382592,0.7499999999999994,815.5643876213499,0.40068888661916335,9.872717174875564
30.525087976565985,0.7499999999999993,818.2145436892267,0.5882677748601182,10.142965980013733
30.14416258609858,0.7499999999999988,822.2497606444038,0.6719572609505411,10.220273572547814
29.657277538315064,0.7499999999999991,823.8971807544536,0.3965887532946844,9.893031505791745
29.229572246096037,0.7499999999999991,814.3750161896052,0.39906180725701557,9.77125859616559
30.37471115501545,0.7499999999999992,819.5000979391695,0.5038394779850485,10.040968679178926
30.37471115501545,0.7499999999999992,819.5000979391695,0.5038394779850485,10.040968679178926
31.052598437624763,0.7499999999999979,812.018405478726,0.4410671801377669,9.941667769270046
31.052598437624763,0.7499999999999979,812.018405478726,0.4410671801377669,9.941667769270046
30.654142926971407,0.7499999999999982,807.3518347010963,0.45855878881926887,9.869856767262288
30.654142926971407,0.7499999999999982,807.3518347010963,0.45855878881926887,9.869856767262288
30.654142926971407,0.7499999999999982,807.3518347010963,0.45855878881926887,9.869856767262288
30.654142926971407,0.7499999999999982,807.3518347010963,0.45855878881926887,9.869856767262288
30.642534735711013,0.7499999999999986,808.2945970450302,0.5476505804689884,9.934601237200662
30.959226855644594,0.7499999999999997,807.7825046202199,0.43027627142824104,9.890473470652998
30.959226855644594,0.7499999999999997,807.7825046202199,0.43027627142824104,9.890473470652998
30.959226855644594,0.7499999999999997,807.7825046202199,0.43027627142824104,9.890473470652998
30.959226855644594,0.7499999999999997,807.7825046202199,0.43027627142824104,9.890473470652998
28.955838941001844,0.7500000000000001,816.2299007971103,0.388882780391675,9.841751470035074
28.955838941001844,0.7500000000000001,816.2299007971103,0.388882780391675,9.841751470035074
29.400403916362997,0.7499999999999991,816.7398049302244,0.5050439716087735,9.883585245472037
30.100016725894445,0.7499999999999987,813.3056498000475,0.3983937947184454,9.962722812262152
30.378919940499706,0.7499999999999997,809.8346526707224,0.35646797148111253,9.612312761151973
30.378919940499706,0.7499999999999997,809.8346526707224,0.35646797148111253,9.612312761151973
30.773523733197415,0.7499999999999991,817.1908411994357,0.40075820581580285,9.908937578121026
30.773523733197415,0.7499999999999991,817.1908411994357,0.40075820581580285,9.908937578121026
30.773523733197415,0.7499999999999991,817.1908411994357,0.40075820581580285,9.908937578121026
30.95111853566779,0.7499999999999989,806.0852343056666,0.44893768395692046,9.65757731220378
30.217749959342605,0.7499999999999996,807.2140778128772,0.3572702002201368,9.619749732230213
30.217749959342605,0.7499999999999996,807.2140778128772,0.3572702002201368,9.619749732230213
30.217749959342605,0.7499999999999996,807.2140778128772,0.3572702002201368,9.619749732230213
30.135480893358384,0.7499999999999999,806.2875635158825,0.37299309637852635,9.68231295813571
30.135480893358384,0.7499999999999999,806.2875635158825,0.37299309637852635,9.68231295813571
31.080631950441465,0.7500000000000001,805.1784580740775,0.4598024701895749,10.013205590292646
30.50337076585681,0.7499999999999983,802.9948649360839,0.3854885674583756,9.824129548181588
30.50337076585681,0.7499999999999983,802.9948649360839,0.3854885674583756,9.824129548181588
30.50337076585681,0.7499999999999983,802.9948649360839,0.3854885674583756,9.824129548181588
30.848124155272735,0.7499999999999996,809.6033337907822,0.46609215647324953,9.978620278870348
31.198201336453824,0.7499999999999992,814.2053874635375,0.505931574887479,10.075590198091305
31.198201336453824,0.7499999999999992,814.2053874635375,0.505931574887479,10.075590198091305
31.198201336453824,0.7499999999999992,814.2053874635375,0.505931574887479,10.075590198091305
31.198201336453824,0.7499999999999992,814.2053874635375,0.505931574887479,10.075590198091305
31.198201336453824,0.7499999999999992,814.2053874635375,0.505931574887479,10.075590198091305
31.198201336453824,0.7499999999999992,814.2053874635375,0.505931574887479,10.075590198091305
30.926758025865286,0.7499999999999984,810.6602974630462,0.4694675592816359,10.22530862287665
31.356241066830492,0.7500000000000001,814.2332598630701,0.5770519636082556,10.212860052213864
31.356241066830492,0.7500000000000001,814.2332598630701,0.5770519636082556,10.212860052213864
31.356241066830492,0.7500000000000001,814.2332598630701,0.5770519636082556,10.212860052213864
32.18222173022706,0.7499999999999993,815.334676827673,0.616070257332116,10.314803521959632
32.18222173022706,0.7499999999999993,815.334676827673,0.616070257332116,10.314803521959632
30.645071780005935,0.7499999999999993,812.0769311210643,0.3982640076804893,9.977184736575373
31.13730241768808,0.7499999999999987,805.6099741836173,0.39997991946250355,10.036368174324082
30.446892414322257,0.7499999999999984,807.3053067324591,0.44075563837806325,9.83866122816209
30.446892414322257,0.7499999999999984,807.3053067324591,0.44075563837806325,9.83866122816209
30.446892414322257,0.7499999999999984,807.3053067324591,0.44075563837806325,9.83866122816209
29.880129610698777,0.7499999999999997,809.4200255311835,0.36893295210696936,9.697777868389897
29.880129610698777,0.7499999999999997,809.4200255311835,0.36893295210696936,9.697777868389897
29.880129610698777,0.7499999999999997,809.4200255311835,0.36893295210696936,9.697777868389897
30.10476504176201,0.7499999999999974,805.6965141701237,0.4238692852767217,9.949233913432266
30.10476504176201,0.7499999999999974,805.6965141701237,0.4238692852767217,9.949233913432266
30.10476504176201,0.7499999999999974,805.6965141701237,0.4238692852767217,9.949233913432266
30.10476504176201,0.7499999999999974,805.6965141701237,0.4238692852767217,9.949233913432266
29.270483672478058,0.7499999999999993,805.7502558557787,0.4523751305462327,9.97510710694048
29.270483672478058,0.7499999999999993,805.7502558557787,0.4523751305462327,9.97510710694048
29.270483672478058,0.7499999999999993,805.7502558557787,0.4523751305462327,9.97510710694048
29.270483672478058,0.7499999999999993,805.7502558557787,0.4523751305462327,9.97510710694048
29.270483672478058,0.7499999999999993,805.7502558557787,0.4523751305462327,9.97510710694048
29.80348111348598,0.7499999999999993,811.7246520102606,0.591529513653869,10.062977662808896
29.727288629338915,0.7499999999999996,808.6102013128564,0.48565424063428797,9.831978882845096
30.723949730807917,0.7499999999999998,805.2736983401868,0.46846751029719813,9.91598937868911
30.723949730807917,0.7499999999999998,805.2736983401868,0.46846751029719813,9.91598937868911
30.723949730807917,0.7499999999999998,805.2736983401868,0.46846751029719813,9.91598937868911
30.905978146528454,0.7499999999999987,802.6471679176453,0.45574678622473885,9.789733046048795
30.905978146528454,0.7499999999999987,802.6471679176453,0.45574678622473885,9.789733046048795
29.309987021652766,0.7499999999999993,806.7351832123119,0.36934035640725915,9.702144894584313
30.289530922073773,0.7499999999999981,813.4932298072262,0.5577910505890561,9.823645478939856
30.289530922073773,0.7499999999999981,813.4932298072262,0.5577910505890561,9.823645478939856
29.644878529416122,0.7499999999999996,816.3240989191785,0.4572992963270239,10.003035322348833
30.227848302077735,0.7499999999999991,816.6342915063876,0.6883839289475393,10.053402946661672
30.137201217459946,0.7499999999999996,811.4951991019699,0.4238197414036931,9.706142001051592
29.639253475053884,0.7499999999999993,815.766130648931,0.3837365306529188,9.61673622685503
29.639253475053884,0.7499999999999993,815.766130648931,0.3837365306529188,9.61673622685503
30.368731841112155,0.7499999999999993,820.5327537474468,0.40711243323597207,9.640806258649658
29.633779380473896,0.7500000000000001,816.7078844794313,0.3862801641941587,9.58443132332857
29.945986948130805,0.7499999999999994,816.4321017105055,0.3956346345421308,9.596290612219326
29.945986948130805,0.7499999999999994,816.4321017105055,0.3956346345421308,9.596290612219326
29.945986948130805,0.7499999999999994,816.4321017105055,0.3956346345421308,9.596290612219326
29.288985228252837,0.7499999999999993,806.3378447778646,0.3566745449924461,9.569571892295613
28.539043105200815,0.7499999999999992,803.151669338428,0.3570478317135821,9.596648046531978
28.313331152294833,0.7499999999999993,806.9031394183687,0.3948894580285492,9.69011254364616
28.54407564845543,0.7499999999999999,813.8553698876385,0.3789054447973032,9.730472205466896
29.7347890677807,0.7499999999999982,810.5447212231539,0.4313047183660337,9.926115985067446
30.545535668224126,0.7499999999999988,814.9629184856841,0.6016533545608729,10.387376585430866
30.26744699708956,0.7499999999999996,816.3066217879825,0.49666638844108063,10.06473878568698
30.841254447860337,0.7499999999999993,818.1532319362947,0.5877888060473135,10.097328531456972
29.59979734492378,0.7499999999999997,810.9062516543186,0.45710224339713407,9.788536497592116
29.59979734492378,0.7499999999999997,810.9062516543186,0.45710224339713407,9.788536497592116
30.110869291083013,0.7499999999999998,805.5496539811777,0.3991677240892553,9.831631527878551
30.110869291083013,0.7499999999999998,805.5496539811777,0.3991677240892553,9.831631527878551
30.685896364120516,0.75,802.1441682127603,0.3854428602839248,9.761665082667042
30.685896364120516,0.75,802.1441682127603,0.3854428602839248,9.761665082667042
30.188759922264005,0.7499999999999994,805.4222514072269,0.43866496275820493,9.609014138908227
28.954706757590536,0.7499999999999989,808.4474851855853,0.3538313967663981,9.667053948984522
28.954706757590536,0.7499999999999989,808.4474851855853,0.3538313967663981,9.667053948984522
29.58464088720987,0.75,806.2969638845445,0.41658834465140476,9.604083196688169
29.58464088720987,0.75,806.2969638845445,0.41658834465140476,9.604083196688169
31.335573588717292,0.7500000000000001,806.6295743546884,0.5680870832198288,9.662641963264047
31.335573588717292,0.7500000000000001,806.6295743546884,0.5680870832198288,9.662641963264047
30.940594135586455,0.7499999999999994,809.4430540608383,0.3784914988010329,9.56768261313024
30.940594135586455,0.7499999999999994,809.4430540608383,0.3784914988010329,9.56768261313024
30.5046908100647,0.7499999999999996,803.5075723849902,0.39157541568014165,9.422309516350742
31.354291290981237,0.7499999999999996,804.5709050647745,0.47041099280979454,9.476355602129914
31.354291290981237,0.7499999999999996,804.5709050647745,0.47041099280979454,9.476355602129914
31.354291290981237,0.7499999999999996,804.5709050647745,0.47041099280979454,9.476355602129914
30.788147770876833,0.749999999999999,800.3606971315261,0.3835391015296074,9.478698549783697
30.788147770876833,0.749999999999999,800.3606971315261,0.3835391015296074,9.478698549783697
30.788147770876833,0.749999999999999,800.3606971315261,0.3835391015296074,9.478698549783697
30.788147770876833,0.749999999999999,800.3606971315261,0.3835391015296074,9.478698549783697
30.788147770876833,0.749999999999999,800.3606971315261,0.3835391015296074,9.478698549783697
30.788147770876833,0.749999999999999,800.3606971315261,0.3835391015296074,9.478698549783697
30.054343694219412,0.75,799.5418401921937,0.4155727485385111,9.384081422314955
30.054343694219412,0.75,799.5418401921937,0.4155727485385111,9.384081422314955
30.054343694219412,0.75,799.5418401921937,0.4155727485385111,9.384081422314955
30.054343694219412,0.75,799.5418401921937,0.4155727485385111,9.384081422314955
30.054343694219412,0.75,799.5418401921937,0.4155727485385111,9.384081422314955
30.94839823004784,0.7499999999999999,798.9875174009285,0.4428938538383163,9.4060982161537
30.94839823004784,0.7499999999999999,798.9875174009285,0.4428938538383163,9.4060982161537
30.94839823004784,0.7499999999999999,798.9875174009285,0.4428938538383163,9.4060982161537
30.94839823004784,0.7499999999999999,798.9875174009285,0.4428938538383163,9.4060982161537
30.94839823004784,0.7499999999999999,798.9875174009285,0.4428938538383163,9.4060982161537
30.94839823004784,0.7499999999999999,798.9875174009285,0.4428938538383163,9.4060982161537
31.226084820262816,0.7499999999999991,805.712534144415,0.525392488141975,9.58023856485203
30.58492114159378,0.7499999999999994,801.0430409737959,0.5329638245992706,9.416421519095096
30.314342413397707,0.7499999999999998,804.5849112847521,0.39520293211105967,9.50055143232313
30.314342413397707,0.7499999999999998,804.5849112847521,0.39520293211105967,9.50055143232313
30.314342413397707,0.7499999999999998,804.5849112847521,0.39520293211105967,9.50055143232313
30.314342413397707,0.7499999999999998,804.5849112847521,0.39520293211105967,9.50055143232313
30.314342413397707,0.7499999999999998,804.5849112847521,0.39520293211105967,9.50055143232313
30.314342413397707,0.7499999999999998,804.5849112847521,0.39520293211105967,9.50055143232313
30.453990744720606,0.75,815.4764730132382,0.46587278841276863,9.82954948992911
30.502447624450017,0.7499999999999987,807.3714520056791,0.43527484273397526,9.747207639222989
30.502447624450017,0.7499999999999987,807.3714520056791,0.43527484273397526,9.747207639222989
29.37178739440246,0.7499999999999993,804.9415817184944,0.38087589232551866,9.668476240695473
29.66129627590084,0.7499999999999993,803.0347279608667,0.3829224472579286,9.751920669964795
29.756794009446814,0.7499999999999991,805.551735621055,0.401869244455529,9.736645248762354
28.497098120801656,0.7499999999999987,806.220414320032,0.33386806608991976,9.593967018730064
28.497098120801656,0.7499999999999987,806.220414320032,0.33386806608991976,9.593967018730064
28.497098120801656,0.7499999999999987,806.220414320032,0.33386806608991976,9.593967018730064
28.497098120801656,0.7499999999999987,806.220414320032,0.33386806608991976,9.593967018730064
28.497098120801656,0.7499999999999987,806.220414320032,0.33386806608991976,9.593967018730064
28.497098120801656,0.7499999999999987,806.220414320032,0.33386806608991976,9.593967018730064
28.497098120801656,0.7499999999999987,806.220414320032,0.33386806608991976,9.593967018730064
28.497098120801656,0.7499999999999987,806.220414320032,0.33386806608991976,9.593967018730064
28.497098120801656,0.7499999999999987,806.220414320032,0.33386806608991976,9.593967018730064
28.497098120801656,0.7499999999999987,806.220414320032,0.33386806608991976,9.593967018730064
28.497098120801656,0.7499999999999987,806.220414320032,0.33386806608991976,9.593967018730064
28.827019808976107,0.749999999999999,810.0983018892221,0.397287170323049,9.584056913663542
29.39358382250437,0.7499999999999989,812.3805225801834,0.4174304375577126,9.818600053840052
29.696950771047092,0.7499999999999997,813.6177697385215,0.44915727246011,9.686205981451355
29.696950771047092,0.7499999999999997,813.6177697385215,0.44915727246011,9.686205981451355
29.696950771047092,0.7499999999999997,813.6177697385215,0.44915727246011,9.686205981451355
29.823256409629096,0.7499999999999998,814.0759570847467,0.4493438751485948,9.9168938352459
29.201983727902107,0.7499999999999999,809.5979699739205,0.41796615398024045,9.90471773652981
29.201983727902107,0.7499999999999999,809.5979699739205,0.41796615398024045,9.90471773652981
29.932223674931688,0.749999999999998,819.2737553251621,0.46571767986703105,9.852870973049457
29.932223674931688,0.749999999999998,819.2737553251621,0.46571767986703105,9.852870973049457
29.360761661808947,0.7499999999999993,818.6125158748318,0.38009742275989883,9.73465522378397
29.360761661808947,0.7499999999999993,818.6125158748318,0.38009742275989883,9.73465522378397
29.360761661808947,0.7499999999999993,818.6125158748318,0.38009742275989883,9.73465522378397
29.360761661808947,0.7499999999999993,818.6125158748318,0.38009742275989883,9.73465522378397
29.360761661808947,0.7499999999999993,818.6125158748318,0.38009742275989883,9.73465522378397
29.360761661808947,0.7499999999999993,818.6125158748318,0.38009742275989883,9.73465522378397
29.796647568834842,0.7499999999999996,816.8308426969351,0.3867240336398067,9.563465830058343
29.52166954353376,0.7499999999999998,810.993996922717,0.3992123849866381,9.642637286798081
29.52166954353376,0.7499999999999998,810.993996922717,0.3992123849866381,9.642637286798081
29.52166954353376,0.7499999999999998,810.993996922717,0.3992123849866381,9.642637286798081
29.89494389807988,0.7499999999999993,812.6035281912373,0.4009137031062857,9.685769235820242
29.89494389807988,0.7499999999999993,812.6035281912373,0.4009137031062857,9.685769235820242
29.89494389807988,0.7499999999999993,812.6035281912373,0.4009137031062857,9.685769235820242
29.89494389807988,0.7499999999999993,812.6035281912373,0.4009137031062857,9.685769235820242
29.89494389807988,0.7499999999999993,812.6035281912373,0.4009137031062857,9.685769235820242
29.89494389807988,0.7499999999999993,812.6035281912373,0.4009137031062857,9.685769235820242
29.703253758433206,0.7499999999999997,818.4016083444628,0.44944255804663374,9.855903966327684
29.703253758433206,0.7499999999999997,818.4016083444628,0.44944255804663374,9.855903966327684
29.703253758433206,0.7499999999999997,818.4016083444628,0.44944255804663374,9.855903966327684
29.703253758433206,0.7499999999999997,818.4016083444628,0.44944255804663374,9.855903966327684
28.8806936923976,0.749999999999999,816.8935126185885,0.4091174135802534,9.799844222442985
29.170231651088102,0.75,821.4411376092979,0.5155891978889984,9.884247531299375
29.170231651088102,0.75,821.4411376092979,0.5155891978889984,9.884247531299375
29.170231651088102,0.75,821.4411376092979,0.5155891978889984,9.884247531299375
29.170231651088102,0.75,821.4411376092979,0.5155891978889984,9.884247531299375
29.759296220247595,0.7499999999999993,827.0597427805337,0.49605944086820253,9.858349419441188
28.459037525983295,0.7499999999999998,815.0061507114563,0.37961243512072984,9.707094210027392
29.01868581028108,0.7499999999999978,813.4566133571561,0.3759339765123559,9.768042704917644
28.94519669652818,0.749999999999999,820.9739973931895,0.45428294275618414,9.814328816094411
29.343984757170592,0.7499999999999998,817.515488508057,0.5127732935142927,10.009372938352758
30.64991619330687,0.7499999999999994,815.5078069000593,0.435867817583697,9.904816504187227
30.710049915812682,0.7499999999999997,812.051181458768,0.4251155562652828,9.759329537975137
29.538560643285653,0.7499999999999994,815.0154017870161,0.3717698607564695,9.694810085811785
29.649451190385346,0.7499999999999988,801.5697479112246,0.4056177152288819,9.52362272498377
29.04529776216584,0.7500000000000002,810.6436907597713,0.4902881607218003,9.787632360310258
29.04529776216584,0.7500000000000002,810.6436907597713,0.4902881607218003,9.787632360310258
29.04529776216584,0.7500000000000002,810.6436907597713,0.4902881607218003,9.787632360310258
29.04529776216584,0.7500000000000002,810.6436907597713,0.4902881607218003,9.787632360310258
29.014882013602094,0.7499999999999998,807.8548914171782,0.36491762269436623,9.633325071692735
29.014882013602094,0.7499999999999998,807.8548914171782,0.36491762269436623,9.633325071692735
29.603933385319653,0.7499999999999991,810.2790252903659,0.45581699820685045,10.100326629595244
29.603933385319653,0.7499999999999991,810.2790252903659,0.45581699820685045,10.100326629595244
29.603933385319653,0.7499999999999991,810.2790252903659,0.45581699820685045,10.100326629595244
29.33808722029764,0.7499999999999988,813.1323790611524,0.47374555276656777,9.882620158894351
30.153819315766327,0.7499999999999992,810.8811369385352,0.40030902751099895,9.863456806981002
30.153819315766327,0.7499999999999992,810.8811369385352,0.40030902751099895,9.863456806981002
30.153819315766327,0.7499999999999992,810.8811369385352,0.40030902751099895,9.863456806981002
30.369840629820814,0.75,816.5105068612716,0.43319640889214656,9.862419397631296
30.369840629820814,0.75,816.5105068612716,0.43319640889214656,9.862419397631296
31.01505109542721,0.7499999999999992,828.2842916270383,0.45891694542441264,9.923096331644548
29.904096118040016,0.7499999999999992,818.2377671994797,0.4441627839595487,9.883788791794297
30.936914770787855,0.7500000000000003,820.1866400474008,0.42515624940662855,9.808532147761554
31.087706199348617,0.7499999999999993,816.5741228831031,0.5720335485606264,9.665367841187646
31.087706199348617,0.7499999999999993,816.5741228831031,0.5720335485606264,9.665367841187646
31.087706199348617,0.7499999999999993,816.5741228831031,0.5720335485606264,9.665367841187646
31.087706199348617,0.7499999999999993,816.5741228831031,0.5720335485606264,9.665367841187646
31.087706199348617,0.7499999999999993,816.5741228831031,0.5720335485606264,9.665367841187646
30.28773490752215,0.7499999999999992,818.9292791230787,0.3653219480278838,9.805812557161962
30.224276735053625,0.7499999999999989,811.5853946733545,0.41075786651116897,9.755275697374731
30.224276735053625,0.7499999999999989,811.5853946733545,0.41075786651116897,9.755275697374731
30.224276735053625,0.7499999999999989,811.5853946733545,0.41075786651116897,9.755275697374731
30.224276735053625,0.7499999999999989,811.5853946733545,0.41075786651116897,9.755275697374731
30.603802769059893,0.7499999999999996,814.9051702978984,0.47162061514231546,9.804049504247496
30.886402359778984,0.749999999999999,811.2626024947705,0.47268531786452367,9.871327741514472
30.886402359778984,0.749999999999999,811.2626024947705,0.47268531786452367,9.871327741514472
30.886402359778984,0.749999999999999,811.2626024947705,0.47268531786452367,9.871327741514472
30.602982839965595,0.7500000000000006,795.0661532853936,0.34844111804105765,9.550969389576085
30.356873254748923,0.7499999999999982,804.3622792652574,0.384895372200767,9.573891692883478
30.356873254748923,0.7499999999999982,804.3622792652574,0.384895372200767,9.573891692883478
31.372190117852217,0.7499999999999992,796.9900180657712,0.4227159522669289,9.564557944780418
31.372190117852217,0.7499999999999992,796.9900180657712,0.4227159522669289,9.564557944780418
31.372190117852217,0.7499999999999992,796.9900180657712,0.4227159522669289,9.564557944780418
31.372190117852217,0.7499999999999992,796.9900180657712,0.4227159522669289,9.564557944780418
31.372190117852217,0.7499999999999992,796.9900180657712,0.4227159522669289,9.564557944780418
31.372190117852217,0.7499999999999992,796.9900180657712,0.4227159522669289,9.564557944780418
31.372190117852217,0.7499999999999992,796.9900180657712,0.4227159522669289,9.564557944780418
31.372190117852217,0.7499999999999992,796.9900180657712,0.4227159522669289,9.564557944780418
31.372190117852217,0.7499999999999992,796.9900180657712,0.4227159522669289,9.564557944780418
31.372190117852217,0.7499999999999992,796.9900180657712,0.4227159522669289,9.564557944780418
30.75358592576966,0.7499999999999983,799.0104749678326,0.43075801163352373,9.530698665108897
30.75358592576966,0.7499999999999983,799.0104749678326,0.43075801163352373,9.530698665108897
30.75358592576966,0.7499999999999983,799.0104749678326,0.43075801163352373,9.530698665108897
30.75358592576966,0.7499999999999983,799.0104749678326,0.43075801163352373,9.530698665108897
30.75358592576966,0.7499999999999983,799.0104749678326,0.43075801163352373,9.530698665108897
30.75358592576966,0.7499999999999983,799.0104749678326,0.43075801163352373,9.530698665108897
30.75358592576966,0.7499999999999983,799.0104749678326,0.43075801163352373,9.530698665108897
30.271694067011136,0.7500000000000002,806.3117517017953,0.38125903946860046,9.55261428043221
30.271694067011136,0.7500000000000002,806.3117517017953,0.38125903946860046,9.55261428043221
30.890767381206487,0.7499999999999992,810.1518852857367,0.5780757746330334,9.731670477894085
28.930989263232554,0.7499999999999967,807.9989997458968,0.384316036526884,9.668374039537643
28.75955279752458,0.7499999999999989,805.5233261798555,0.4413284170696669,9.486070507921283
28.353310889647688,0.7499999999999988,805.3799957888451,0.37886833718697094,9.31962236366935
28.353310889647688,0.7499999999999988,805.3799957888451,0.37886833718697094,9.31962236366935
28.24081251670338,0.7499999999999998,804.6877232852728,0.29393745504509444,9.228152176993348
29.225876117500018,0.7499999999999998,812.1026031543371,0.3902039878775811,9.395610935696945
29.225876117500018,0.7499999999999998,812.1026031543371,0.3902039878775811,9.395610935696945
29.63350074870986,0.7499999999999993,809.4340284997252,0.41958701062397313,9.529233279404256
29.63350074870986,0.7499999999999993,809.4340284997252,0.41958701062397313,9.529233279404256
29.608665223614302,0.7499999999999989,810.0430433460773,0.38847746315177684,9.382232738418438
29.608665223614302,0.7499999999999989,810.0430433460773,0.38847746315177684,9.382232738418438
29.608665223614302,0.7499999999999989,810.0430433460773,0.38847746315177684,9.382232738418438
29.608665223614302,0.7499999999999989,810.0430433460773,0.38847746315177684,9.382232738418438
28.704859672248986,0.7499999999999993,822.4688217217858,0.4465869108899005,9.452283234106218
27.76622837624665,0.75,812.5668617019376,0.43228520097613865,9.291657916859219
27.76622837624665,0.75,812.5668617019376,0.43228520097613865,9.291657916859219
27.76622837624665,0.75,812.5668617019376,0.43228520097613865,9.291657916859219
27.9092643782414,0.7499999999999994,809.0725317284241,0.37028311569305183,9.28167445315049
27.9092643782414,0.7499999999999994,809.0725317284241,0.37028311569305183,9.28167445315049
27.448108924876575,0.7499999999999989,808.2854266951969,0.33517706962037835,9.41408856952106
26.924351742976498,0.7499999999999996,812.6891166051797,0.33849316049544287,9.354849997164589
29.197148535796273,0.7499999999999999,816.4958855461044,0.43246653674783014,9.52684477694677
29.21945034563001,0.7499999999999994,808.6500276963466,0.36358760363997034,9.35141745650105
29.21945034563001,0.7499999999999994,808.6500276963466,0.36358760363997034,9.35141745650105
29.582135195420133,0.749999999999998,810.4360863585688,0.4296986631652841,9.41312520654964
29.582135195420133,0.749999999999998,810.4360863585688,0.4296986631652841,9.41312520654964
29.582135195420133,0.749999999999998,810.4360863585688,0.4296986631652841,9.41312520654964
29.202762933544285,0.7499999999999987,810.7724615080948,0.49571564314874866,9.517504611891088
29.625981650775955,0.749999999999999,801.1674556200087,0.42676283560702916,9.386035646273891
29.625981650775955,0.749999999999999,801.1674556200087,0.42676283560702916,9.386035646273891
29.867531099506667,0.7499999999999986,807.9015232582319,0.46294084470258273,9.557362345370908
30.854407553960723,0.749999999999999,815.0978862222853,0.6107977173234197,9.688056310443239
30.868438904011473,0.7499999999999991,816.0685845522056,0.4810354808109972,9.760511450195201
29.86078870744783,0.7499999999999996,807.4955864647327,0.42997449293292983,9.75612136915907
29.885334869097164,0.7499999999999996,810.690826585169,0.47878393695299964,9.728819642129505
29.772986418808305,0.749999999999999,809.4765385492552,0.4130931296662863,9.70115292898026
29.772986418808305,0.749999999999999,809.4765385492552,0.4130931296662863,9.70115292898026
29.772986418808305,0.749999999999999,809.4765385492552,0.4130931296662863,9.70115292898026
29.656165587106454,0.7499999999999996,814.069629654539,0.4591314443254787,9.800615134050982
29.191434672102236,0.7499999999999991,818.442366061264,0.5009785841685573,9.762490350777687
29.14037883179593,0.7499999999999989,808.283596498691,0.43011968463873007,9.756173187323805
29.14037883179593,0.7499999999999989,808.283596498691,0.43011968463873007,9.756173187323805
29.14037883179593,0.7499999999999989,808.283596498691,0.43011968463873007,9.756173187323805
30.050551731484756,0.7499999999999989,806.0947145788671,0.4243913855476051,9.63635248584275
31.156382497077665,0.749999999999999,813.7612072171438,0.4525854484552373,9.72098185701499
31.156382497077665,0.749999999999999,813.7612072171438,0.4525854484552373,9.72098185701499
31.156382497077665,0.749999999999999,813.7612072171438,0.4525854484552373,9.72098185701499
30.06221760890433,0.7499999999999989,810.7668115479114,0.4463637673676282,9.631652877665484
29.373205264350005,0.7499999999999988,811.9286147325394,0.40426737738194496,9.719159983723042
30.512435611003088,0.7499999999999996,813.979065929022,0.5128656688840143,9.770153911360259
29.484254916663545,0.7499999999999991,818.0913774929809,0.4145386627401916,9.625855556447068
28.083012343736108,0.7499999999999989,814.7707561721817,0.3368836607768374,9.527939609543765
28.721901569942137,0.7499999999999992,811.5691913761385,0.4803163199084702,9.670756512555377
28.721901569942137,0.7499999999999992,811.5691913761385,0.4803163199084702,9.670756512555377
28.63826567548521,0.7499999999999991,810.7016757823823,0.3957482488221754,9.81194737844234
28.63826567548521,0.7499999999999991,810.7016757823823,0.3957482488221754,9.81194737844234
29.441564584409544,0.7499999999999997,807.3692628117811,0.43627902618376185,9.56327310002718
29.441564584409544,0.7499999999999997,807.3692628117811,0.43627902618376185,9.56327310002718
29.915486978025545,0.7499999999999991,802.0820635807686,0.38406034462916444,9.560566223644358
29.915486978025545,0.7499999999999991,802.0820635807686,0.38406034462916444,9.560566223644358
30.41110385077227,0.7499999999999994,811.8638504483815,0.5234425471844868,9.722617550371561
30.63139241271919,0.7499999999999991,824.2455808237684,0.5377170863124253,9.561511849533554
29.995829331331215,0.7499999999999993,822.5350184155028,0.47323369354955,9.536003034202349
28.608570709474233,0.7499999999999984,812.3044748400301,0.3954606688414947,9.503302984885574
28.198425387006594,0.7499999999999993,805.2130759811383,0.3153312605629411,9.348564774984942
28.3904069148268,0.7499999999999982,810.980606255169,0.4415617477259066,9.593007266667783
28.651695085901782,0.7499999999999996,817.4424127624062,0.4950060834695354,9.456895074592845
28.651695085901782,0.7499999999999996,817.4424127624062,0.4950060834695354,9.456895074592845
27.38710265739843,0.7499999999999991,818.4074397603681,0.3884203715062239,9.52051529473093
27.398919471275956,0.749999999999999,825.9686762041885,0.36609636352143904,9.656240227237358
27.590195928887983,0.7499999999999998,826.4655086444814,0.39581127261963533,9.624714120842253
28.330902474586804,0.75,818.4785102898917,0.4055297254903001,9.790573051212807
29.87160997055835,0.7499999999999992,820.7797342615033,0.5741946992131767,9.855015164252743
29.72916144598736,0.7499999999999998,820.8816891061672,0.5893419999781987,9.85284950720557
27.728462191988065,0.7499999999999996,814.5947388501718,0.411789663543269,9.608936797641698
27.728462191988065,0.7499999999999996,814.5947388501718,0.411789663543269,9.608936797641698
28.44317454925953,0.7499999999999989,819.8131353776341,0.6217614566573655,9.786795571389714
29.001590390341484,0.7499999999999984,818.419253098661,0.49205431695942936,9.733846550881381
29.39711547681175,0.7499999999999996,825.5835576409563,0.4568836746362322,9.662683949590342
30.243065905953024,0.7499999999999988,822.6715715130308,0.6919229405161645,9.913982513871147
29.968136585721396,0.7499999999999994,820.0818462064835,0.4526384689261438,9.989496192033835
30.644053518037758,0.7499999999999979,825.2291335729702,0.5949162495311862,10.078822753186051
30.784359451787797,0.749999999999999,816.5131376858711,0.43840503977514095,9.77806356902687
30.55556493773778,0.7499999999999993,820.7424501344365,0.6529622625480626,9.94092900106144
29.76818552568023,0.7499999999999992,808.8163712679996,0.4225817668683922,9.73531735541485
30.60608048625998,0.7499999999999993,805.5645253091103,0.4540564288936177,9.677613830730603
30.60608048625998,0.7499999999999993,805.5645253091103,0.4540564288936177,9.677613830730603
30.60608048625998,0.7499999999999993,805.5645253091103,0.4540564288936177,9.677613830730603
31.567525783494883,0.7499999999999994,807.8428962707078,0.4276146142311003,9.720771719967098
31.567525783494883,0.7499999999999994,807.8428962707078,0.4276146142311003,9.720771719967098
31.567525783494883,0.7499999999999994,807.8428962707078,0.4276146142311003,9.720771719967098
31.72134758298244,0.7499999999999992,803.6694191869975,0.37327670002223406,9.591648022562959
31.338612950359188,0.7499999999999998,811.1854173696454,0.3909133969080042,9.773219519967615
31.338612950359188,0.7499999999999998,811.1854173696454,0.3909133969080042,9.773219519967615
31.338612950359188,0.7499999999999998,811.1854173696454,0.3909133969080042,9.773219519967615
31.338612950359188,0.7499999999999998,811.1854173696454,0.3909133969080042,9.773219519967615
31.338612950359188,0.7499999999999998,811.1854173696454,0.3909133969080042,9.773219519967615
32.35984549886206,0.7499999999999986,803.4902483448489,0.465019962673978,9.639581013847533
32.35984549886206,0.7499999999999986,803.4902483448489,0.465019962673978,9.639581013847533
32.35984549886206,0.7499999999999986,803.4902483448489,0.465019962673978,9.639581013847533
32.35984549886206,0.7499999999999986,803.4902483448489,0.465019962673978,9.639581013847533
32.35984549886206,0.7499999999999986,803.4902483448489,0.465019962673978,9.639581013847533
31.15403273650725,0.7499999999999998,797.6962297693069,0.5208997917934499,9.764619990732948
31.15403273650725,0.7499999999999998,797.6962297693069,0.5208997917934499,9.764619990732948
31.588083484574387,0.7499999999999998,803.2292585845317,0.48174355970818505,9.656515807315808
31.20062651844166,0.7499999999999998,809.1944925823177,0.6367812275144702,9.788164798811476
30.249394111968417,0.7500000000000001,803.8956050788512,0.4692768844749294,9.619329737156923
28.928345684277417,0.7499999999999986,805.4029485956063,0.41959550173060284,9.668708216096778
28.616492773439006,0.75,813.453892154228,0.3792901622591627,9.64357738266403
29.361739674516063,0.7499999999999996,811.3022175312398,0.4484543032690303,9.750807232412665
29.361739674516063,0.7499999999999996,811.3022175312398,0.4484543032690303,9.750807232412665
29.361739674516063,0.7499999999999996,811.3022175312398,0.4484543032690303,9.750807232412665
29.35065468521608,0.75,811.0653306748769,0.4301700422043135,9.810613113453865
29.415360282976643,0.7499999999999986,808.1853241969111,0.3927638544707113,9.700755895529113
28.41276732697311,0.7499999999999994,802.5844916131824,0.39066204657012893,9.66100385877264
29.79463114867453,0.7499999999999993,799.8431463194823,0.34716641143743693,9.544667565912693
29.79463114867453,0.7499999999999993,799.8431463194823,0.34716641143743693,9.544667565912693
29.79463114867453,0.7499999999999993,799.8431463194823,0.34716641143743693,9.544667565912693
30.32789967394875,0.7499999999999993,807.6474107687762,0.4616206893027415,9.453112128689622
30.32789967394875,0.7499999999999993,807.6474107687762,0.4616206893027415,9.453112128689622
30.028458083544045,0.7499999999999963,806.9741638126305,0.37154044707481504,9.473695806298654
30.028458083544045,0.7499999999999963,806.9741638126305,0.37154044707481504,9.473695806298654
30.028458083544045,0.7499999999999963,806.9741638126305,0.37154044707481504,9.473695806298654
30.028458083544045,0.7499999999999963,806.9741638126305,0.37154044707481504,9.473695806298654
29.949229085865493,0.75,806.5558211192307,0.4397301424172208,9.504667755047697
29.949229085865493,0.75,806.5558211192307,0.4397301424172208,9.504667755047697
29.949229085865493,0.75,806.5558211192307,0.4397301424172208,9.504667755047697
29.949229085865493,0.75,806.5558211192307,0.4397301424172208,9.504667755047697
29.72046980201899,0.749999999999997,814.2028406419662,0.617288336429498,9.719587594577803
30.341288888758704,0.7499999999999996,811.3096990211353,0.4486218247997481,9.626985119565527
29.696233045420193,0.7499999999999984,811.9357465767328,0.45775323919063515,9.64078741744878
30.01359978131492,0.7499999999999999,816.5193345003943,0.5816775732067789,9.800936024173762
30.664563024186656,0.749999999999999,811.7631912169315,0.6047705698360936,9.762506168930907
30.6446929935627,0.749999999999999,815.962947699402,0.5026861637170305,9.917397879190975
28.920976582780995,0.7499999999999993,810.9541750293159,0.38589317677972135,9.744367212784349
28.549825731118716,0.7499999999999993,821.8247852588458,0.39317291316685554,9.657760245138007
27.968125475982884,0.7499999999999987,826.2936924322704,0.40809351432022367,9.51536507391106
28.8636988533838,0.7499999999999997,826.406253762624,0.4289503437976845,9.525884802059682
29.533844064674163,0.7499999999999998,826.3497807839657,0.5701971839034311,9.556427979629373
27.81696670237566,0.7499999999999987,825.7608399028585,0.40906777353095225,9.494958201078358
27.81696670237566,0.7499999999999987,825.7608399028585,0.40906777353095225,9.494958201078358
27.898997395707852,0.7499999999999996,821.3564784367464,0.34843100040935887,9.540522992486098
29.078835750877566,0.7499999999999999,824.5238590842404,0.49951940783262405,9.606598712497846
28.705716057153293,0.749999999999999,830.9337027376827,0.4257253665077675,9.849496310693258
29.106250970829215,0.7499999999999986,821.9420244584061,0.37327008511702403,9.681881126312271
29.106250970829215,0.7499999999999986,821.9420244584061,0.37327008511702403,9.681881126312271
28.97143792205394,0.7499999999999991,830.7304501835295,0.3553283847228065,9.66997926693762
29.027046698623593,0.749999999999999,830.2830193830133,0.4378129679593765,9.778567168136812
28.736425926008415,0.7499999999999986,823.7093172095406,0.4319116796070262,9.64817327828626
29.779489666607454,0.7499999999999964,828.526754231834,0.5330705962087189,9.82137212915131
30.261199104920614,0.7499999999999996,826.6270167774801,0.6095520576853393,10.049933445617322
30.261199104920614,0.7499999999999996,826.6270167774801,0.6095520576853393,10.049933445617322
30.261199104920614,0.7499999999999996,826.6270167774801,0.6095520576853393,10.049933445617322
30.261199104920614,0.7499999999999996,826.6270167774801,0.6095520576853393,10.049933445617322
30.261199104920614,0.7499999999999996,826.6270167774801,0.6095520576853393,10.049933445617322
30.261199104920614,0.7499999999999996,826.6270167774801,0.6095520576853393,10.049933445617322
29.608140694303287,0.7499999999999989,828.8575368916677,0.5586217544955621,10.049362883470852
29.608140694303287,0.7499999999999989,828.8575368916677,0.5586217544955621,10.049362883470852
28.133538228596418,0.7499999999999997,825.3217998595914,0.45459352689215976,9.688434167832195
28.133538228596418,0.7499999999999997,825.3217998595914,0.45459352689215976,9.688434167832195
28.527455091939174,0.7499999999999998,818.5602962441128,0.4888636417613262,9.694357554917548
28.527455091939174,0.7499999999999998,818.5602962441128,0.4888636417613262,9.694357554917548
28.839424066480827,0.7499999999999999,818.2328253221276,0.4907554957506027,9.805411379422504
28.928825031074922,0.7499999999999993,817.6588829642087,0.49115064149472454,10.01309746274247
28.928825031074922,0.7499999999999993,817.6588829642087,0.49115064149472454,10.01309746274247
28.536523938154005,0.7499999999999991,816.257845855843,0.4473749637834345,9.741902681362001
29.20349853695849,0.749999999999998,818.8147637678454,0.4502773904498247,9.668186222541234
29.20349853695849,0.749999999999998,818.8147637678454,0.4502773904498247,9.668186222541234
28.737891934734563,0.7499999999999989,813.8375310343862,0.4109884236274329,9.55876637543941
28.737891934734563,0.7499999999999989,813.8375310343862,0.4109884236274329,9.55876637543941
29.201996583435708,0.7499999999999988,811.0117322461901,0.345435364236814,9.499341985776198
29.201996583435708,0.7499999999999988,811.0117322461901,0.345435364236814,9.499341985776198
29.56715893189338,0.7499999999999996,821.2390169471225,0.4655270948980479,9.577110597629794
29.06664463716763,0.7499999999999993,825.5607554195832,0.5389072544695488,9.718002500552885
28.212824678012257,0.7499999999999996,826.8953210448148,0.3830222750393789,9.418037008777617
28.366178442040656,0.749999999999999,821.703372657647,0.3937477256724236,9.61523659057741
28.956564161725964,0.749999999999999,815.5820483309004,0.39517754386059945,9.50981492849029
28.956564161725964,0.749999999999999,815.5820483309004,0.39517754386059945,9.50981492849029
29.625185724546963,0.7500000000000002,825.8851835130924,0.48408804605131767,9.578896589333743
29.427946130608287,0.7499999999999996,830.9500522585822,0.37974699013582636,9.575001767844672
29.427946130608287,0.7499999999999996,830.9500522585822,0.37974699013582636,9.575001767844672
29.427946130608287,0.7499999999999996,830.9500522585822,0.37974699013582636,9.575001767844672
29.150018134177675,0.75,821.2207206085692,0.37736697964919513,9.452327737423905
29.84431367417152,0.7499999999999991,824.0549799728223,0.37128552316417734,9.532326641666597
30.127968535586934,0.7499999999999982,825.4523634556392,0.42525801246229517,9.52032602142707
30.127968535586934,0.7499999999999982,825.4523634556392,0.42525801246229517,9.52032602142707
30.127968535586934,0.7499999999999982,825.4523634556392,0.42525801246229517,9.52032602142707
30.127968535586934,0.7499999999999982,825.4523634556392,0.42525801246229517,9.52032602142707
30.127968535586934,0.7499999999999982,825.4523634556392,0.42525801246229517,9.52032602142707
30.127968535586934,0.7499999999999982,825.4523634556392,0.42525801246229517,9.52032602142707
29.99803829860018,0.7499999999999997,826.7281692274164,0.4156951062718078,9.62860702808715
30.010539580556205,0.7499999999999994,827.7254342823197,0.3990253560700931,9.789591841868386
30.010539580556205,0.7499999999999994,827.7254342823197,0.3990253560700931,9.789591841868386
29.495973686676162,0.7499999999999988,827.9137168386972,0.5023139764953142,9.45349851157707
29.495973686676162,0.7499999999999988,827.9137168386972,0.5023139764953142,9.45349851157707
29.84981059800287,0.7499999999999994,820.683921605775,0.5498493120718515,9.57087413936534
29.84981059800287,0.7499999999999994,820.683921605775,0.5498493120718515,9.57087413936534
29.84981059800287,0.7499999999999994,820.683921605775,0.5498493120718515,9.57087413936534
29.84981059800287,0.7499999999999994,820.683921605775,0.5498493120718515,9.57087413936534
29.84981059800287,0.7499999999999994,820.683921605775,0.5498493120718515,9.57087413936534
29.84981059800287,0.7499999999999994,820.683921605775,0.5498493120718515,9.57087413936534
29.112816790326214,0.7499999999999997,815.0059198111244,0.33975574273009607,9.477139451639658
29.112816790326214,0.7499999999999997,815.0059198111244,0.33975574273009607,9.477139451639658
29.55984240807029,0.7499999999999992,819.3438706432261,0.381384178447619,9.498035135763152
29.55984240807029,0.7499999999999992,819.3438706432261,0.381384178447619,9.498035135763152
29.96798926876997,0.7499999999999984,819.3974991552794,0.4276942874133917,9.694025862507743
29.96798926876997,0.7499999999999984,819.3974991552794,0.4276942874133917,9.694025862507743
29.51227503389954,0.7499999999999993,823.0330134788654,0.37734683846390915,9.654017346003872
28.87967508473674,0.7499999999999989,830.9573317719854,0.43775713390052795,9.753759174297187
28.811213331752796,0.7499999999999994,824.5107374565864,0.4021490832230853,9.70445096827373
29.27402707534188,0.7499999999999993,819.8585389910247,0.4171801690160484,9.76228749051008
29.201697981278453,0.7499999999999996,808.9991824268511,0.3975718916090051,9.88086190552385
29.201697981278453,0.7499999999999996,808.9991824268511,0.3975718916090051,9.88086190552385
29.365079218054973,0.7499999999999986,815.3884216752164,0.43016122899686476,9.992539876899542
29.365079218054973,0.7499999999999986,815.3884216752164,0.43016122899686476,9.992539876899542
29.83230045019529,0.7499999999999986,820.0478248419339,0.47517046840818844,10.00142157306777
29.83230045019529,0.7499999999999986,820.0478248419339,0.47517046840818844,10.00142157306777
28.346308887447858,0.7499999999999996,824.3449595571708,0.440374585889154,9.870609408443988
27.75647730469112,0.7499999999999996,826.3686654497589,0.49028015423694793,9.957417789535222
27.776779930362476,0.7499999999999997,820.0595871317564,0.3974389886032187,9.71377447718828
27.776779930362476,0.7499999999999997,820.0595871317564,0.3974389886032187,9.71377447718828
28.107922239520335,0.7499999999999996,839.3658427997264,0.425727249140545,9.715878416013561
28.402963131202235,0.7499999999999986,834.5597685961745,0.46060895352565256,9.794868867944789
28.402963131202235,0.7499999999999986,834.5597685961745,0.46060895352565256,9.794868867944789
28.11673175638484,0.7499999999999992,818.8935596444796,0.44159587790470095,9.701202685215
28.075794736708204,0.7499999999999981,823.5154102574721,0.46346000584029473,9.64844046547312
28.63391822833677,0.7499999999999992,821.1766564896345,0.4336750443105229,9.67217675436685
29.13041677708421,0.7499999999999996,815.7550626423566,0.37183650867679297,9.710589838702319
29.13041677708421,0.7499999999999996,815.7550626423566,0.37183650867679297,9.710589838702319
31.003550036788045,0.7499999999999984,815.7986903988781,0.4584272459796585,9.842703770790433
30.482524624298616,0.7500000000000001,820.4781497150236,0.4141391038115273,9.83910658005708
32.07886217942272,0.7499999999999998,827.4785942435773,0.47163364818243186,10.266238646511852
30.35831822358057,0.7499999999999992,818.3301658736227,0.3831437912152153,9.992067652221042
30.35831822358057,0.7499999999999992,818.3301658736227,0.3831437912152153,9.992067652221042
30.35831822358057,0.7499999999999992,818.3301658736227,0.3831437912152153,9.992067652221042
30.424203240089525,0.7499999999999993,817.6754912524264,0.5453241668050617,10.015881054735008
30.354536992005396,0.7499999999999991,817.0069646996333,0.4867094791970542,9.585796510204952
30.354536992005396,0.7499999999999991,817.0069646996333,0.4867094791970542,9.585796510204952
30.247788976322948,0.7499999999999998,804.4604131224635,0.4051582904320812,9.462299707642796
30.247788976322948,0.7499999999999998,804.4604131224635,0.4051582904320812,9.462299707642796
30.247788976322948,0.7499999999999998,804.4604131224635,0.4051582904320812,9.462299707642796
30.247788976322948,0.7499999999999998,804.4604131224635,0.4051582904320812,9.462299707642796
30.247788976322948,0.7499999999999998,804.4604131224635,0.4051582904320812,9.462299707642796
30.247788976322948,0.7499999999999998,804.4604131224635,0.4051582904320812,9.462299707642796
30.247788976322948,0.7499999999999998,804.4604131224635,0.4051582904320812,9.462299707642796
30.247788976322948,0.7499999999999998,804.4604131224635,0.4051582904320812,9.462299707642796
30.280173162862845,0.7499999999999982,809.8944500522675,0.4500512159761729,9.450185866987372
30.280173162862845,0.7499999999999982,809.8944500522675,0.4500512159761729,9.450185866987372
30.30980970101588,0.7499999999999988,810.3673984087803,0.3579928456632059,9.483839096282022
30.063409240597505,0.7499999999999994,813.586001134267,0.546577991266112,9.762513671880047
30.12518720447428,0.7499999999999989,813.6999594057904,0.45255188461368834,9.620498586097918
30.12518720447428,0.7499999999999989,813.6999594057904,0.45255188461368834,9.620498586097918
30.12518720447428,0.7499999999999989,813.6999594057904,0.45255188461368834,9.620498586097918
29.333807821913478,0.7499999999999987,808.2677557117701,0.4154637098664934,9.391372012040614
29.52098472675766,0.7499999999999989,808.3451624582915,0.3375552955852119,9.531040302147868
29.800471229185483,0.749999999999999,810.6320510918894,0.3520164078747402,9.669023570658425
30.542903873806207,0.7499999999999999,813.2595605539583,0.41267864892748485,9.9265783374644
30.542903873806207,0.7499999999999999,813.2595605539583,0.41267864892748485,9.9265783374644
30.542903873806207,0.7499999999999999,813.2595605539583,0.41267864892748485,9.9265783374644
30.542903873806207,0.7499999999999999,813.2595605539583,0.41267864892748485,9.9265783374644
30.542903873806207,0.7499999999999999,813.2595605539583,0.41267864892748485,9.9265783374644
30.899284939975065,0.7499999999999994,815.9541623913582,0.4443129105808926,9.997212142462121
30.899973571221913,0.7499999999999998,817.2570640143651,0.500582203189118,9.927780830494536
30.899973571221913,0.7499999999999998,817.2570640143651,0.500582203189118,9.927780830494536
29.137232162555872,0.7499999999999997,813.756495228255,0.3523547246361571,9.57757982693181
29.026617598771924,0.7499999999999994,811.3287761645771,0.48647743503862223,9.556182925934475
29.130732872270624,0.7499999999999984,817.240605248706,0.5567723137034295,9.653695864135589
28.654835909594514,0.7499999999999996,817.6008287536274,0.43509119846080246,9.560154112889464
28.912357506960543,0.7499999999999996,818.7898541085005,0.3992401949954645,9.598912448780121
29.103589888092962,0.7499999999999994,821.4396129801692,0.40100057600823746,9.530541882307087
29.075255623857313,0.7499999999999993,825.8879853301435,0.40029181958526067,9.589143586817693
29.01335495345684,0.7499999999999989,816.5539001716819,0.45424215421102154,9.523167681285713
30.045236200232473,0.7499999999999988,812.3969247983699,0.5209588148479499,9.545688810239351
30.298520116402702,0.749999999999999,812.4210957490355,0.5906393909254697,9.692026236297021
30.298520116402702,0.749999999999999,812.4210957490355,0.5906393909254697,9.692026236297021
30.298520116402702,0.749999999999999,812.4210957490355,0.5906393909254697,9.692026236297021
29.814360639042377,0.7499999999999991,817.2672507136708,0.3894814712360643,9.731020749202722
28.182594485492356,0.749999999999998,810.4404732666392,0.423103937829708,9.621880174660262
28.182594485492356,0.749999999999998,810.4404732666392,0.423103937829708,9.621880174660262
28.182594485492356,0.749999999999998,810.4404732666392,0.423103937829708,9.621880174660262
28.182594485492356,0.749999999999998,810.4404732666392,0.423103937829708,9.621880174660262
28.182594485492356,0.749999999999998,810.4404732666392,0.423103937829708,9.621880174660262
28.182594485492356,0.749999999999998,810.4404732666392,0.423103937829708,9.621880174660262
28.182594485492356,0.749999999999998,810.4404732666392,0.423103937829708,9.621880174660262
28.182594485492356,0.749999999999998,810.4404732666392,0.423103937829708,9.621880174660262
28.259284703219848,0.7499999999999992,811.2581451129759,0.37115891633327464,9.705363277102188
28.259284703219848,0.7499999999999992,811.2581451129759,0.37115891633327464,9.705363277102188
28.259284703219848,0.7499999999999992,811.2581451129759,0.37115891633327464,9.705363277102188
28.259284703219848,0.7499999999999992,811.2581451129759,0.37115891633327464,9.705363277102188
28.259284703219848,0.7499999999999992,811.2581451129759,0.37115891633327464,9.705363277102188
29.66058914740542,0.75,817.1730286875292,0.44510235648094487,9.953439408777513
28.478526117372734,0.7499999999999992,818.8555405254219,0.4353450318581101,9.882095052489593
28.478526117372734,0.7499999999999992,818.8555405254219,0.4353450318581101,9.882095052489593
29.555448451708425,0.7499999999999993,816.0440788910488,0.4233064175604248,9.887877408456427
30.3760899947545,0.7499999999999996,813.8761311988077,0.4442867901351164,9.98179087088863
31.222962742170242,0.7500000000000002,808.5268582015017,0.43734313945754516,10.066355997080702
31.222962742170242,0.7500000000000002,808.5268582015017,0.43734313945754516,10.066355997080702
30.374655080114096,0.7499999999999989,809.8286364518094,0.4683431759587914,9.952797761515246
30.374655080114096,0.7499999999999989,809.8286364518094,0.4683431759587914,9.952797761515246
30.852197486942035,0.7499999999999989,804.9685345791283,0.45343726432449477,9.892860278830387
30.852197486942035,0.7499999999999989,804.9685345791283,0.45343726432449477,9.892860278830387
30.28394489910816,0.7499999999999994,809.028294697327,0.4465888294939059,9.895770741326515
30.050912993137317,0.749999999999999,809.1327718975132,0.40716594582465865,9.780026223888095
30.804258060095894,0.7499999999999993,812.3772915846753,0.4081077467391856,9.840438489979809
30.188744941949736,0.7499999999999999,810.382822908148,0.4180367113930912,9.78014212137666
29.660372241153585,0.7499999999999987,811.9635306405628,0.5054058662895589,9.671821672254968
29.21503666657862,0.7499999999999997,811.869167516599,0.500123748976978,9.746795313560787
29.11130449882671,0.7499999999999992,798.5357886812592,0.35747071566516453,9.49758897980297
29.448968281970323,0.7499999999999989,799.302912465376,0.3916672852938096,9.674193123712266
29.448968281970323,0.7499999999999989,799.302912465376,0.3916672852938096,9.674193123712266
29.80264624314386,0.7499999999999996,799.6978825690398,0.461638062610391,9.709903211212193
29.80264624314386,0.7499999999999996,799.6978825690398,0.461638062610391,9.709903211212193
29.80264624314386,0.7499999999999996,799.6978825690398,0.461638062610391,9.709903211212193
29.80264624314386,0.7499999999999996,799.6978825690398,0.461638062610391,9.709903211212193
29.80264624314386,0.7499999999999996,799.6978825690398,0.461638062610391,9.709903211212193
29.80264624314386,0.7499999999999996,799.6978825690398,0.461638062610391,9.709903211212193
29.94082818043499,0.7499999999999989,808.5414462059382,0.41321130903875797,9.932171464275791
30.577654919236718,0.7499999999999993,801.0143210624292,0.43970938626741424,9.673423146773313
30.292903645395953,0.7499999999999992,806.7162992018517,0.5051281524685401,9.808937260111136
30.292903645395953,0.7499999999999992,806.7162992018517,0.5051281524685401,9.808937260111136
30.292903645395953,0.7499999999999992,806.7162992018517,0.5051281524685401,9.808937260111136
30.08894189045975,0.7499999999999987,812.8620729671252,0.46602460207639784,9.96775408110128
30.126914271595542,0.7499999999999991,813.5779595447757,0.43294847189960267,9.697311854525466
29.966709922200913,0.7499999999999999,813.0645881462794,0.42456906628849655,9.793336003869129
29.966709922200913,0.7499999999999999,813.0645881462794,0.42456906628849655,9.793336003869129
29.966709922200913,0.7499999999999999,813.0645881462794,0.42456906628849655,9.793336003869129
29.966709922200913,0.7499999999999999,813.0645881462794,0.42456906628849655,9.793336003869129
30.130817612266732,0.7499999999999991,812.7284645609591,0.4900950257266946,9.890792950020293
30.130817612266732,0.7499999999999991,812.7284645609591,0.4900950257266946,9.890792950020293
29.708936093707678,0.7499999999999998,808.2971570149693,0.4326861729910378,9.780377763525513
29.708936093707678,0.7499999999999998,808.2971570149693,0.4326861729910378,9.780377763525513
29.708936093707678,0.7499999999999998,808.2971570149693,0.4326861729910378,9.780377763525513
29.708936093707678,0.7499999999999998,808.2971570149693,0.4326861729910378,9.780377763525513
28.818611250472962,0.7499999999999983,808.2225216852511,0.4161272557366922,9.708976287000326
28.818611250472962,0.7499999999999983,808.2225216852511,0.4161272557366922,9.708976287000326
28.818611250472962,0.7499999999999983,808.2225216852511,0.4161272557366922,9.708976287000326
28.818611250472962,0.7499999999999983,808.2225216852511,0.4161272557366922,9.708976287000326
29.413418831993436,0.7500000000000001,812.2456520993588,0.43687794093248783,9.741152586849228
29.413418831993436,0.7500000000000001,812.2456520993588,0.43687794093248783,9.741152586849228
29.413418831993436,0.7500000000000001,812.2456520993588,0.43687794093248783,9.741152586849228
29.853661603476517,0.7499999999999997,812.9287592440444,0.4156835609243219,9.855003944720455
30.543616236008912,0.7499999999999998,816.9227195415116,0.5622797763763223,10.177777156372608
30.543616236008912,0.7499999999999998,816.9227195415116,0.5622797763763223,10.177777156372608
29.667844818682905,0.75,819.2884319953563,0.46323736261609416,10.095788348242214
29.667844818682905,0.75,819.2884319953563,0.46323736261609416,10.095788348242214
29.616673480348243,0.7499999999999991,815.1414536290836,0.48000609173035275,10.066376129483734
29.853533680670242,0.7499999999999996,816.8177459310072,0.4580316824116736,10.16612870694524
30.471728991484618,0.7499999999999993,822.2384703896128,0.5029867571294715,10.219575538023511
30.440320861246413,0.7499999999999971,816.395498706532,0.5675361818641158,9.924071564985136
30.440320861246413,0.7499999999999971,816.395498706532,0.5675361818641158,9.924071564985136
30.737029946593147,0.7499999999999991,810.8502003165938,0.5573288366035117,10.009123375957113
31.480492273319996,0.7500000000000002,811.5515221513098,0.7174214450053272,10.067184108661076
30.32599761309223,0.7499999999999966,806.7755451076196,0.422762393128414,9.733009642045094
30.32599761309223,0.7499999999999966,806.7755451076196,0.422762393128414,9.733009642045094
30.169205887720352,0.7499999999999999,808.1776975679504,0.4626290063814599,9.562714347622663
30.169205887720352,0.7499999999999999,808.1776975679504,0.4626290063814599,9.562714347622663
30.169205887720352,0.7499999999999999,808.1776975679504,0.4626290063814599,9.562714347622663
30.169205887720352,0.7499999999999999,808.1776975679504,0.4626290063814599,9.562714347622663
30.169205887720352,0.7499999999999999,808.1776975679504,0.4626290063814599,9.562714347622663
29.724519662897983,0.7499999999999997,808.0959175421182,0.4376259236881523,9.712304421108215
29.60110077380223,0.7499999999999998,808.8916845297673,0.39560913167197925,9.605223380145915
29.60110077380223,0.7499999999999998,808.8916845297673,0.39560913167197925,9.605223380145915
29.60110077380223,0.7499999999999998,808.8916845297673,0.39560913167197925,9.605223380145915
30.325937324580828,0.7499999999999996,810.0062239128374,0.43573523968031125,9.710581872655402
30.325937324580828,0.7499999999999996,810.0062239128374,0.43573523968031125,9.710581872655402
30.325937324580828,0.7499999999999996,810.0062239128374,0.43573523968031125,9.710581872655402
30.594491312499315,0.7499999999999986,809.6869033777571,0.4890208443806942,9.694409303549062
29.784793959980327,0.7499999999999997,814.6150364561554,0.5090622268716951,9.472113693784417
29.984780892159296,0.7499999999999999,811.4290640852448,0.5186529939015148,9.610491007866496
29.984780892159296,0.7499999999999999,811.4290640852448,0.5186529939015148,9.610491007866496
29.180844825870643,0.7499999999999994,815.7478903849218,0.42457222857451343,9.665277938012343
29.180844825870643,0.7499999999999994,815.7478903849218,0.42457222857451343,9.665277938012343
28.13726440933051,0.7499999999999989,819.5544943049017,0.39973883632601465,9.62921630992862
28.417376178465798,0.7499999999999994,808.1092582552146,0.41621256745765445,9.48307110705463
28.417376178465798,0.7499999999999994,808.1092582552146,0.41621256745765445,9.48307110705463
27.571507690790863,0.7499999999999993,808.433228116843,0.391959643316716,9.562580610814583
27.399627226871214,0.7499999999999999,809.0779932711001,0.3381252001390151,9.568181449973727
28.50967409732836,0.7499999999999992,814.7711048948692,0.45299676752905454,9.840931339226978
27.664190970875136,0.7500000000000004,812.4481169463934,0.45081359737039134,9.629618281065813
27.664190970875136,0.7500000000000004,812.4481169463934,0.45081359737039134,9.629618281065813
27.92099988125822,0.7500000000000003,815.0632558822513,0.36784744227157234,9.709852140124406
28.47337907361031,0.7499999999999996,816.5484599586665,0.4011355793748556,9.797611142984024
28.47337907361031,0.7499999999999996,816.5484599586665,0.4011355793748556,9.797611142984024
28.47337907361031,0.7499999999999996,816.5484599586665,0.4011355793748556,9.797611142984024
28.47337907361031,0.7499999999999996,816.5484599586665,0.4011355793748556,9.797611142984024
28.766250407360904,0.7499999999999987,815.8354034990377,0.4235341625353168,9.926305200878588
28.766250407360904,0.7499999999999987,815.8354034990377,0.4235341625353168,9.926305200878588
29.550218109575773,0.75,813.8807678777663,0.5431382540865614,10.020646100956824
29.01651415606934,0.7500000000000002,817.0895062090268,0.43805099176405016,9.971091249262534
29.01651415606934,0.7500000000000002,817.0895062090268,0.43805099176405016,9.971091249262534
29.01651415606934,0.7500000000000002,817.0895062090268,0.43805099176405016,9.971091249262534
29.01651415606934,0.7500000000000002,817.0895062090268,0.43805099176405016,9.971091249262534
29.515542630653215,0.7499999999999992,813.4565429876748,0.39591549697977263,9.981087690397697
29.515542630653215,0.7499999999999992,813.4565429876748,0.39591549697977263,9.981087690397697
29.91397652179637,0.7499999999999996,820.5320673964032,0.4148596266532288,9.999887200061806
30.99329706094819,0.7499999999999993,827.4737669192974,0.42339167789865334,10.239215155215344
30.970468571146654,0.7499999999999996,829.0888937587312,0.4546038290064224,10.217243165784343
30.970468571146654,0.7499999999999996,829.0888937587312,0.4546038290064224,10.217243165784343
29.630408909782858,0.7499999999999997,827.1036637384873,0.4252539702956915,10.152927816993365
29.630408909782858,0.7499999999999997,827.1036637384873,0.4252539702956915,10.152927816993365
29.630408909782858,0.7499999999999997,827.1036637384873,0.4252539702956915,10.152927816993365
29.630408909782858,0.7499999999999997,827.1036637384873,0.4252539702956915,10.152927816993365
29.802954695488303,0.7499999999999994,816.8651723615305,0.3969542648135908,9.890879680079284
30.519865869716913,0.7499999999999997,821.2211800897246,0.3981417259928812,9.70907228738117
30.519865869716913,0.7499999999999997,821.2211800897246,0.3981417259928812,9.70907228738117
31.319001146565796,0.7499999999999987,825.538417599783,0.5464077986072934,9.720911175832242
30.002757209802994,0.7499999999999992,823.0829698261097,0.42709617927029403,9.805712909441175
30.002757209802994,0.7499999999999992,823.0829698261097,0.42709617927029403,9.805712909441175
30.994234431881505,0.7499999999999986,827.5842343113686,0.505249887013362,10.106396014175974
31.473778218829146,0.7499999999999999,824.2317120764242,0.45997263432078084,10.102754455038598
31.379490473907637,0.7499999999999989,818.1488506649953,0.4831978062776988,9.869800036840502
29.51307882996238,0.7499999999999997,816.7554110516965,0.4166380861552722,9.738421033475955
29.74867633385146,0.7499999999999997,820.5694175836018,0.4094256768314937,9.65343675405352
29.74867633385146,0.7499999999999997,820.5694175836018,0.4094256768314937,9.65343675405352
28.18931811318419,0.7499999999999996,817.8721137473738,0.45073311984628367,9.620389339430066
28.18931811318419,0.7499999999999996,817.8721137473738,0.45073311984628367,9.620389339430066
28.365939167960402,0.7499999999999989,825.4050961923673,0.4018083296017923,9.774359835416808
28.365939167960402,0.7499999999999989,825.4050961923673,0.4018083296017923,9.774359835416808
28.365939167960402,0.7499999999999989,825.4050961923673,0.4018083296017923,9.774359835416808
28.322591719270033,0.7499999999999993,820.6711442294918,0.383467464551914,9.94800860289332
28.79644992689109,0.7499999999999992,826.6685738776396,0.4222445876601887,10.15749655689
29.815600874493665,0.7500000000000001,824.2787081260931,0.518704139089784,10.197769074166137
30.241569273982936,0.7499999999999986,818.1570270196023,0.504341586324561,9.974240181912942
29.9090981821517,0.7499999999999991,820.2456785544961,0.40523246453163275,9.708850780049767
29.347905449592467,0.7499999999999997,814.5491145268302,0.3665916801706632,9.765752773360285
29.347905449592467,0.7499999999999997,814.5491145268302,0.3665916801706632,9.765752773360285
28.81275201289982,0.7499999999999997,817.6504592328646,0.4175285699489693,9.922731885896534
29.742617039075277,0.7499999999999992,815.1138709276189,0.46213621564233726,9.701083101081332
29.742617039075277,0.7499999999999992,815.1138709276189,0.46213621564233726,9.701083101081332
29.780384459517176,0.7499999999999997,811.9167405818513,0.4558180781037916,9.537263195584135
29.505695681095496,0.7499999999999998,808.3311821836633,0.44848191413085964,9.552776725831274
29.45272836158535,0.7499999999999993,809.5246043180348,0.40577353031091823,9.568985077044951
29.45272836158535,0.7499999999999993,809.5246043180348,0.40577353031091823,9.568985077044951
28.80545068854796,0.7499999999999993,809.8651233360663,0.3468288721419991,9.456113549035653
29.7365287815373,0.7499999999999996,814.0344336355429,0.4100475619556631,9.465858254593059
30.183913970654185,0.7499999999999983,817.9938691226212,0.4901836103777296,9.54347701020115
30.183913970654185,0.7499999999999983,817.9938691226212,0.4901836103777296,9.54347701020115
30.183913970654185,0.7499999999999983,817.9938691226212,0.4901836103777296,9.54347701020115
30.167404178803256,0.7499999999999998,822.6328195867322,0.5219941396345598,9.440434198115607
29.711218358863988,0.7499999999999978,821.4324688956636,0.4442775034934605,9.593624750451786
29.711218358863988,0.7499999999999978,821.4324688956636,0.4442775034934605,9.593624750451786
29.84674390346045,0.7499999999999997,819.9130576342658,0.4104094629035658,9.749550552477427
29.84674390346045,0.7499999999999997,819.9130576342658,0.4104094629035658,9.749550552477427
29.742521893504627,0.7499999999999993,820.1954927039097,0.4546213440497411,9.608603453814718
29.106357409594757,0.7499999999999997,813.9289212703695,0.5836637441744992,9.488577560626629
28.406756025232294,0.7499999999999992,821.0610693066806,0.46281573935794357,9.519653448962682
28.80437233035331,0.7499999999999989,818.5750869510182,0.5269179437460735,9.620267720916454
28.80437233035331,0.7499999999999989,818.5750869510182,0.5269179437460735,9.620267720916454
28.80437233035331,0.7499999999999989,818.5750869510182,0.5269179437460735,9.620267720916454
29.37112474454694,0.7499999999999988,820.3489323158776,0.6142126788908898,9.909901888507013
29.37112474454694,0.7499999999999988,820.3489323158776,0.6142126788908898,9.909901888507013
29.48872481624435,0.7499999999999988,819.0774903042645,0.5738331119498478,9.926102503723843
29.48872481624435,0.7499999999999988,819.0774903042645,0.5738331119498478,9.926102503723843
29.48872481624435,0.7499999999999988,819.0774903042645,0.5738331119498478,9.926102503723843
28.843808284011278,0.7499999999999984,821.1272984825513,0.48177482652914716,9.911918853794651
28.843808284011278,0.7499999999999984,821.1272984825513,0.48177482652914716,9.911918853794651
28.843808284011278,0.7499999999999984,821.1272984825513,0.48177482652914716,9.911918853794651
28.843808284011278,0.7499999999999984,821.1272984825513,0.48177482652914716,9.911918853794651
29.060904129450897,0.7499999999999998,817.9217612387104,0.4290248587335236,9.880307124964641
29.060904129450897,0.7499999999999998,817.9217612387104,0.4290248587335236,9.880307124964641
29.060904129450897,0.7499999999999998,817.9217612387104,0.4290248587335236,9.880307124964641
28.899474835914265,0.7499999999999993,816.1564099612028,0.41099332637039915,9.938328636883316
29.198705342022823,0.7499999999999988,817.0880216377959,0.38815995399492353,9.849653390335678
29.926339467245622,0.7499999999999992,820.9106574662266,0.46770942645252167,9.963234210972937
29.926339467245622,0.7499999999999992,820.9106574662266,0.46770942645252167,9.963234210972937
29.926339467245622,0.7499999999999992,820.9106574662266,0.46770942645252167,9.963234210972937
30.510045367806804,0.749999999999998,819.493267892476,0.5133653916378671,10.028651400204136
30.510045367806804,0.749999999999998,819.493267892476,0.5133653916378671,10.028651400204136
31.861552261978403,0.7499999999999994,822.8981518014382,0.5377945508444146,10.134162091341116
31.920468867186155,0.7499999999999994,821.1405059222532,0.4776967439576158,10.097327398014723
32.474549484966154,0.7499999999999999,826.5298639238757,0.549695207200401,10.218750678150446
30.547969752842405,0.7499999999999989,816.8807078733269,0.47519799434401366,9.740835102702835
30.547969752842405,0.7499999999999989,816.8807078733269,0.47519799434401366,9.740835102702835
30.748017347660543,0.7499999999999996,811.767341258172,0.501995057479505,9.76720040779703
30.748017347660543,0.7499999999999996,811.767341258172,0.501995057479505,9.76720040779703
30.748017347660543,0.7499999999999996,811.767341258172,0.501995057479505,9.76720040779703
30.748017347660543,0.7499999999999996,811.767341258172,0.501995057479505,9.76720040779703
30.748017347660543,0.7499999999999996,811.767341258172,0.501995057479505,9.76720040779703
29.95042749679232,0.7499999999999994,810.0732505908352,0.4518312267991057,9.586692733164384
29.87542751265842,0.7499999999999997,811.352936268691,0.4192272465374692,9.559917702254296
29.892480035773968,0.7499999999999987,813.3319611284285,0.5034863301939149,9.734893523671385
29.956582724087724,0.7499999999999987,809.3312507937381,0.3565424868115578,9.532020000906943
29.956582724087724,0.7499999999999987,809.3312507937381,0.3565424868115578,9.532020000906943
30.189203580130254,0.7499999999999986,809.67009487941,0.37222615732492087,9.411647095467064
30.189203580130254,0.7499999999999986,809.67009487941,0.37222615732492087,9.411647095467064
30.189203580130254,0.7499999999999986,809.67009487941,0.37222615732492087,9.411647095467064
30.613488540896412,0.7499999999999999,804.985092350455,0.3471811072099598,9.491345445180505
30.613488540896412,0.7499999999999999,804.985092350455,0.3471811072099598,9.491345445180505
30.613488540896412,0.7499999999999999,804.985092350455,0.3471811072099598,9.491345445180505
30.613488540896412,0.7499999999999999,804.985092350455,0.3471811072099598,9.491345445180505
30.613488540896412,0.7499999999999999,804.985092350455,0.3471811072099598,9.491345445180505
30.613488540896412,0.7499999999999999,804.985092350455,0.3471811072099598,9.491345445180505
30.613488540896412,0.7499999999999999,804.985092350455,0.3471811072099598,9.491345445180505
30.263985871230282,0.7499999999999991,813.3506795125945,0.36344071544030937,9.660626478473754
30.263985871230282,0.7499999999999991,813.3506795125945,0.36344071544030937,9.660626478473754
30.481211643018888,0.7499999999999991,816.5456453853575,0.44901654890920983,9.586209642702746
29.639916119340327,0.7499999999999991,818.9435071996904,0.4763032356845254,9.5657650198775
29.669141310710334,0.7499999999999991,815.6835011953395,0.4050633233749933,9.624169918897033
30.233562149812368,0.7499999999999993,817.573774850042,0.4077178652401624,9.741726574115035
30.233562149812368,0.7499999999999993,817.573774850042,0.4077178652401624,9.741726574115035
30.233562149812368,0.7499999999999993,817.573774850042,0.4077178652401624,9.741726574115035
31.109637319001195,0.7499999999999992,821.0257994705736,0.3852010160695118,9.863656889311537
30.13695282849387,0.7499999999999994,820.5923248520252,0.4203586550424118,9.826414960882142
30.13695282849387,0.7499999999999994,820.5923248520252,0.4203586550424118,9.826414960882142
30.13695282849387,0.7499999999999994,820.5923248520252,0.4203586550424118,9.826414960882142
29.229670218527083,0.7499999999999986,819.4526800058445,0.4206261991835241,9.917259177376243
29.229670218527083,0.7499999999999986,819.4526800058445,0.4206261991835241,9.917259177376243
30.248531690524757,0.7499999999999988,827.6208708121806,0.4839256597650768,10.03748630826382
29.780995142444304,0.7499999999999998,820.7662042227931,0.43041902071440225,9.80268867171161
29.778319004073104,0.7499999999999998,828.7147182197887,0.4816574020401154,10.17485292742533
29.233226546812098,0.7499999999999996,824.741159316485,0.4416859070378201,10.033614736466495
29.192946771897,0.7499999999999997,816.9264435550587,0.44361221913876603,9.852968152838637
28.894125300711462,0.7499999999999993,816.8063066219773,0.3899276446309215,9.687832286272656
29.37728679347362,0.7499999999999992,822.517983045417,0.4808016367877712,9.723196966701618
29.37728679347362,0.7499999999999992,822.517983045417,0.4808016367877712,9.723196966701618
28.60924196471233,0.7499999999999997,827.8391526408701,0.48810414156867066,9.74822035692289
28.808903233021084,0.7499999999999991,835.1357114736476,0.49771322943342333,9.942651638102628
29.821008975358666,0.7499999999999997,819.3256545308707,0.4080197445274065,9.86764543816995
29.821008975358666,0.7499999999999997,819.3256545308707,0.4080197445274065,9.86764543816995
29.92654343687888,0.7499999999999993,816.6541425401101,0.44981036810065395,9.9501203594831
29.92654343687888,0.7499999999999993,816.6541425401101,0.44981036810065395,9.9501203594831
30.167322601717874,0.7499999999999999,814.0463140706102,0.5723388423674666,10.04057434124997
28.88747884642543,0.7499999999999988,815.8780436326209,0.44106091605231856,9.876225170009018
28.88747884642543,0.7499999999999988,815.8780436326209,0.44106091605231856,9.876225170009018
28.441339644050544,0.75,819.8529304131682,0.41175088072999305,9.913893956042068
28.441339644050544,0.75,819.8529304131682,0.41175088072999305,9.913893956042068
28.530704928199093,0.7499999999999994,813.6288646785524,0.39637588466803125,9.776552100167146
28.636468938847756,0.7499999999999989,815.468426617004,0.4580784168337125,9.855764771631755
28.636468938847756,0.7499999999999989,815.468426617004,0.4580784168337125,9.855764771631755
29.702231039815977,0.7499999999999992,821.358161010225,0.5251858916262192,10.184498885954536
28.382703220351633,0.7499999999999992,823.8129513699989,0.44467048950090426,10.162665027359415
29.480436112828972,0.7499999999999983,828.4159385918264,0.5239759534201791,10.253943116557437
28.84869819453906,0.7499999999999996,825.3599876254823,0.4531867866550571,10.090585884296392
29.703701848555415,0.7500000000000002,820.0152641247512,0.5514936322461264,9.932660675158425
30.081315760915764,0.7499999999999997,824.3766518929599,0.5666156653037354,9.840823640561439
29.971823847532583,0.7500000000000001,816.6161521214681,0.5000360399972367,9.97590524628215
29.971823847532583,0.7500000000000001,816.6161521214681,0.5000360399972367,9.97590524628215
29.971823847532583,0.7500000000000001,816.6161521214681,0.5000360399972367,9.97590524628215
29.971823847532583,0.7500000000000001,816.6161521214681,0.5000360399972367,9.97590524628215
29.683094036674568,0.7499999999999992,815.6806455223119,0.4167585651153883,9.783592103090552
30.334024037916603,0.7499999999999999,816.1451731094186,0.48488134758164597,9.701123609363801
30.55796755607033,0.7499999999999999,811.6860986366369,0.5104819823416898,9.694614150068
30.852816847626162,0.7499999999999989,819.0495504101018,0.6287317819078239,9.78593741666793
30.852816847626162,0.7499999999999989,819.0495504101018,0.6287317819078239,9.78593741666793
29.26620067721657,0.749999999999998,809.2976014201794,0.540607022321492,9.579533328665136
28.834691523468962,0.7499999999999997,807.6539690006051,0.39164909177398277,9.510801063383388
28.834691523468962,0.7499999999999997,807.6539690006051,0.39164909177398277,9.510801063383388
28.834691523468962,0.7499999999999997,807.6539690006051,0.39164909177398277,9.510801063383388
29.681906276232464,0.7499999999999977,822.4898839727504,0.45876670560882576,9.825002841943729
29.801274797184895,0.7499999999999996,814.727206824411,0.5037931708203053,9.670182072637513
29.23020428960446,0.7499999999999991,803.3884061728003,0.46693256340835154,9.638788670236059
29.639110342191135,0.7499999999999987,808.5080838446872,0.3921011498922088,9.514005737232093
30.26757363955679,0.7499999999999987,807.7142058827475,0.35600099461684276,9.569862830051932
30.030798037620283,0.7499999999999989,808.1743155496121,0.35418503373328014,9.525097682169058
31.47373894052007,0.7499999999999992,815.1632774353288,0.5098089094096262,9.685894635796299
31.47373894052007,0.7499999999999992,815.1632774353288,0.5098089094096262,9.685894635796299
31.25825091155368,0.7499999999999992,810.0205343715844,0.4492269083639353,9.784318202150203
30.84760444564009,0.7499999999999997,805.0445004213655,0.45810026972790957,9.791015401032672
30.84760444564009,0.7499999999999997,805.0445004213655,0.45810026972790957,9.791015401032672
30.45934773865223,0.7499999999999996,811.2912067366291,0.45088519654091896,9.778792602077257
30.793392091140703,0.749999999999999,804.2896040673862,0.3972983449319785,9.653856262958096
30.793392091140703,0.749999999999999,804.2896040673862,0.3972983449319785,9.653856262958096
30.793392091140703,0.749999999999999,804.2896040673862,0.3972983449319785,9.653856262958096
30.793392091140703,0.749999999999999,804.2896040673862,0.3972983449319785,9.653856262958096
30.518344028806997,0.7499999999999991,795.972850233784,0.35389631377246045,9.421679173170205
30.518344028806997,0.7499999999999991,795.972850233784,0.35389631377246045,9.421679173170205
30.046633851307067,0.7499999999999991,797.784828267404,0.33681969527263844,9.355964918182929
30.301073109521063,0.7499999999999996,805.3572325351495,0.33595424503200005,9.490566878911604
30.367876936122162,0.7499999999999992,805.482197648085,0.4353387853296819,9.578061104628565
29.326007735125163,0.75,799.496421174604,0.5455493482996737,9.532764836159249
29.326007735125163,0.75,799.496421174604,0.5455493482996737,9.532764836159249
29.326007735125163,0.75,799.496421174604,0.5455493482996737,9.532764836159249
29.326007735125163,0.75,799.496421174604,0.5455493482996737,9.532764836159249
30.157979486418437,0.7499999999999992,810.5472322477599,0.5366281691148823,9.799798468343093
29.967212351772186,0.7499999999999991,806.3865287266026,0.47358693101481275,9.694924342618412
30.806852442298997,0.7499999999999999,808.4986570277082,0.46367591646353984,9.867376748510182
32.147913530072685,0.7499999999999996,821.4383629869969,0.6775229979188971,10.210712968529435
30.727249005195066,0.7499999999999984,807.4337792518087,0.4092547469036477,9.644618635924411
30.276117476429405,0.7499999999999973,804.8515730584339,0.4195222792094719,9.566644868204198
30.276117476429405,0.7499999999999973,804.8515730584339,0.4195222792094719,9.566644868204198
29.292203453826517,0.7499999999999994,811.7618414214759,0.3564303305609859,9.684270318812441
30.45322524595288,0.7499999999999993,811.1391321441157,0.4269609915294355,9.912665123730553
30.177437700044067,0.7499999999999992,815.0567475194364,0.5299040218786822,10.138061782787517
30.565140657330662,0.749999999999999,810.7901319769447,0.5166280636651756,10.021355851962507
30.771875021346982,0.7499999999999989,812.6074725332845,0.4657846511725335,10.097279639390914
30.771875021346982,0.7499999999999989,812.6074725332845,0.4657846511725335,10.097279639390914
30.47809710522848,0.7499999999999993,806.1478654164741,0.41180560325926324,9.860001543162785
30.80773966728413,0.7499999999999998,811.4977560409462,0.39832315598752627,9.797139304428214
30.80773966728413,0.7499999999999998,811.4977560409462,0.39832315598752627,9.797139304428214
31.023574170035854,0.75,814.2520549971047,0.48684557871936757,9.860940849801196
31.023574170035854,0.75,814.2520549971047,0.48684557871936757,9.860940849801196
30.728055422503807,0.7499999999999996,815.8595360296905,0.4777111531635788,9.748144350313655
29.732254395573587,0.7499999999999998,819.8763354948615,0.47360003193126526,9.675410517115509
29.732254395573587,0.7499999999999998,819.8763354948615,0.47360003193126526,9.675410517115509
27.156819012757083,0.7499999999999996,820.1789454297647,0.33908441135579914,9.624102441008176
27.907062040992923,0.7499999999999991,813.2316025278658,0.37709800046796954,9.634483668985595
29.263080807293708,0.75,811.9644991501905,0.3870126189062767,9.650188823961503
29.541740403422637,0.7499999999999991,814.9674294275861,0.4370378399246654,9.7752547096309
29.541740403422637,0.7499999999999991,814.9674294275861,0.4370378399246654,9.7752547096309
29.541740403422637,0.7499999999999991,814.9674294275861,0.4370378399246654,9.7752547096309
31.152584414444643,0.7499999999999986,813.1562690517945,0.4108582235036948,9.738961466870213
30.70297805908352,0.7499999999999996,810.8476848274902,0.43296600556819104,9.78635155883138
30.70297805908352,0.7499999999999996,810.8476848274902,0.43296600556819104,9.78635155883138
30.70297805908352,0.7499999999999996,810.8476848274902,0.43296600556819104,9.78635155883138
30.70297805908352,0.7499999999999996,810.8476848274902,0.43296600556819104,9.78635155883138
30.44932231194518,0.7499999999999993,808.8540900223841,0.390319036076553,9.79386966271943
30.44932231194518,0.7499999999999993,808.8540900223841,0.390319036076553,9.79386966271943
29.789739388558473,0.7499999999999991,808.6952847194896,0.3644111799969563,9.8052331674992
29.870617717069607,0.7499999999999982,806.8295399240819,0.5712518137514782,9.861521323507606
30.981677059694473,0.7499999999999992,810.6722548761151,0.4925948376653112,9.943948073921524
30.061526456314844,0.7499999999999999,803.301262012277,0.48164389134183844,9.811160327524826
31.073776617549395,0.7499999999999993,811.4489058330626,0.45898202521237924,9.81051967837511
31.073776617549395,0.7499999999999993,811.4489058330626,0.45898202521237924,9.81051967837511
29.836368560322395,0.7499999999999994,805.870634035489,0.3650126976634402,9.656686546434027
29.836368560322395,0.7499999999999994,805.870634035489,0.3650126976634402,9.656686546434027
29.836368560322395,0.7499999999999994,805.870634035489,0.3650126976634402,9.656686546434027
29.836368560322395,0.7499999999999994,805.870634035489,0.3650126976634402,9.656686546434027
30.19349955636244,0.7499999999999992,817.523818161656,0.4492554704114638,9.987721769167356
30.82857993984483,0.7499999999999998,810.0717532859616,0.4626064145273388,9.973117069503193
30.82857993984483,0.7499999999999998,810.0717532859616,0.4626064145273388,9.973117069503193
30.19691240924232,0.749999999999999,813.4038087578183,0.4018336886787617,10.086231921300623
30.52089080315754,0.7499999999999974,804.5474474824941,0.39209846205247983,9.873440589738872
30.52089080315754,0.7499999999999974,804.5474474824941,0.39209846205247983,9.873440589738872
30.52089080315754,0.7499999999999974,804.5474474824941,0.39209846205247983,9.873440589738872
31.546915860917444,0.749999999999999,809.0312420973928,0.453762662453946,10.080490293852296
31.546915860917444,0.749999999999999,809.0312420973928,0.453762662453946,10.080490293852296
31.00769947865443,0.7499999999999996,819.4068973495056,0.5104504761222624,10.30011405955218
31.00769947865443,0.7499999999999996,819.4068973495056,0.5104504761222624,10.30011405955218
30.928924444441925,0.7499999999999989,812.6180686847199,0.465774086909039,9.995167442657285
30.928924444441925,0.7499999999999989,812.6180686847199,0.465774086909039,9.995167442657285
31.2027899703971,0.7499999999999988,818.2904472429047,0.5505562402041627,10.116122553298379
31.2027899703971,0.7499999999999988,818.2904472429047,0.5505562402041627,10.116122553298379
31.2027899703971,0.7499999999999988,818.2904472429047,0.5505562402041627,10.116122553298379
29.82221983954841,0.7499999999999987,813.4787278800416,0.3901830656538402,9.715422270775008
29.82221983954841,0.7499999999999987,813.4787278800416,0.3901830656538402,9.715422270775008
29.82221983954841,0.7499999999999987,813.4787278800416,0.3901830656538402,9.715422270775008
29.82221983954841,0.7499999999999987,813.4787278800416,0.3901830656538402,9.715422270775008
29.82221983954841,0.7499999999999987,813.4787278800416,0.3901830656538402,9.715422270775008
29.82221983954841,0.7499999999999987,813.4787278800416,0.3901830656538402,9.715422270775008
29.82221983954841,0.7499999999999987,813.4787278800416,0.3901830656538402,9.715422270775008
29.82221983954841,0.7499999999999987,813.4787278800416,0.3901830656538402,9.715422270775008
29.82221983954841,0.7499999999999987,813.4787278800416,0.3901830656538402,9.715422270775008
29.82221983954841,0.7499999999999987,813.4787278800416,0.3901830656538402,9.715422270775008
29.82221983954841,0.7499999999999987,813.4787278800416,0.3901830656538402,9.715422270775008
29.82221983954841,0.7499999999999987,813.4787278800416,0.3901830656538402,9.715422270775008
30.443562823383314,0.7499999999999999,822.7433951077511,0.5614972570384118,10.052023282027818
30.096381258977708,0.7499999999999989,819.1282643327245,0.4769457311849408,9.93663684782889
31.24443500172669,0.7500000000000003,817.9049812864173,0.41755977386563203,10.034821661951927
31.24443500172669,0.7500000000000003,817.9049812864173,0.41755977386563203,10.034821661951927
31.24443500172669,0.7500000000000003,817.9049812864173,0.41755977386563203,10.034821661951927
30.704882205962065,0.7499999999999996,816.5046276180245,0.421937460024899,9.989533475234477
30.704882205962065,0.7499999999999996,816.5046276180245,0.421937460024899,9.989533475234477
30.704882205962065,0.7499999999999996,816.5046276180245,0.421937460024899,9.989533475234477
30.704882205962065,0.7499999999999996,816.5046276180245,0.421937460024899,9.989533475234477
29.121431563201856,0.749999999999999,828.2464669041458,0.4144633612731367,10.191090116350356
29.49922932903242,0.7499999999999993,821.5679199750645,0.4396106416823077,9.813908151718982
29.61860122456036,0.7499999999999979,823.6637859062224,0.40266097275583956,9.75041839601123
29.426815825789404,0.7499999999999993,818.3030009276738,0.3777600187089034,9.791853442961198
29.71158028054032,0.7499999999999998,810.9764588071542,0.4927858086644869,9.753419196393313
30.20694916266211,0.7499999999999999,809.3104581875489,0.482398275975936,9.905171094905487
30.20694916266211,0.7499999999999999,809.3104581875489,0.482398275975936,9.905171094905487
30.20694916266211,0.7499999999999999,809.3104581875489,0.482398275975936,9.905171094905487
30.20694916266211,0.7499999999999999,809.3104581875489,0.482398275975936,9.905171094905487
29.795834998666063,0.7499999999999989,809.6563679415067,0.531476792965923,9.646741799652087
29.795834998666063,0.7499999999999989,809.6563679415067,0.531476792965923,9.646741799652087
30.014363442109218,0.7499999999999986,805.8905693850945,0.48409339371037824,9.681955099150645
30.014363442109218,0.7499999999999986,805.8905693850945,0.48409339371037824,9.681955099150645
30.014363442109218,0.7499999999999986,805.8905693850945,0.48409339371037824,9.681955099150645
30.014363442109218,0.7499999999999986,805.8905693850945,0.48409339371037824,9.681955099150645
30.945284610634246,0.7499999999999978,808.6281084186726,0.5600081949465707,9.948352529580891
29.953476819480283,0.7499999999999994,810.489278346989,0.42902504671066877,10.01571864948628
29.953476819480283,0.7499999999999994,810.489278346989,0.42902504671066877,10.01571864948628
29.953476819480283,0.7499999999999994,810.489278346989,0.42902504671066877,10.01571864948628
29.090522509014914,0.7499999999999997,806.5913895383568,0.4002689395437891,9.686868142235998
28.66380371218176,0.7499999999999992,814.4663250683377,0.45947784651211887,10.011733714467116
29.599238274865023,0.7499999999999989,819.0573948712077,0.45259917661378807,10.046137523979812
29.599238274865023,0.7499999999999989,819.0573948712077,0.45259917661378807,10.046137523979812
30.161537155266444,0.75,827.1933407025258,0.498786355839477,10.431844013690244
31.120377672321816,0.7499999999999991,824.4958301731689,0.5712026439048855,10.223574857740706
30.91073258418115,0.7499999999999984,820.9174941994756,0.5298022198664453,10.041735772164163
29.62299447081568,0.7499999999999988,817.3179907048767,0.4971829589562348,9.785170406343283
30.26436969574595,0.7499999999999988,811.4027727212575,0.3879547905021592,9.710282831248847
30.028711360521417,0.7499999999999987,814.7382109642688,0.36749185500711545,9.619097560458584
31.03387487796683,0.7499999999999992,823.7911678573774,0.3940258425202904,9.816003094067373
30.452326183775202,0.7499999999999992,820.2479097244429,0.4289386556486509,9.925389449730167
30.452326183775202,0.7499999999999992,820.2479097244429,0.4289386556486509,9.925389449730167
31.24057035399737,0.7499999999999996,824.0366995936279,0.5713203504200244,10.0276723106517
31.24057035399737,0.7499999999999996,824.0366995936279,0.5713203504200244,10.0276723106517
30.93097715682501,0.7499999999999962,823.7913955650212,0.6880891069530103,9.981869151924514
30.93097715682501,0.7499999999999962,823.7913955650212,0.6880891069530103,9.981869151924514
30.210631791370346,0.7499999999999998,823.2207132740311,0.49085929901771885,9.835263045457609
30.210631791370346,0.7499999999999998,823.2207132740311,0.49085929901771885,9.835263045457609
30.16279396127996,0.7499999999999986,826.690574902287,0.5163785972747537,10.023395267538882
30.51856738008154,0.7499999999999992,831.9110619504561,0.5708988208474586,10.109488419102187
30.51856738008154,0.7499999999999992,831.9110619504561,0.5708988208474586,10.109488419102187
30.846352889611516,0.7499999999999996,827.2827140788038,0.569773693770696,10.242193423964986
31.75560139590394,0.7499999999999996,828.6170666989692,0.6140376351839838,10.17035245030625
30.871054646682314,0.7499999999999987,827.8674827765881,0.6115366533467356,10.188975250298629
30.007449774942927,0.7500000000000002,821.231282601668,0.4369583279137264,9.950695202544674
30.5359464152798,0.7500000000000001,830.324956733627,0.41159706883668845,9.964305965629112
30.5359464152798,0.7500000000000001,830.324956733627,0.41159706883668845,9.964305965629112
30.429316172538552,0.7499999999999929,835.2739802934776,0.6401929586609231,9.938315493311256
30.429316172538552,0.7499999999999929,835.2739802934776,0.6401929586609231,9.938315493311256
29.268737444272023,0.7499999999999996,824.0845879076675,0.428492870016106,9.789036736034712
29.535123792017405,0.7499999999999993,825.7647295516832,0.41199372874711004,9.86188616378728
30.429675937010952,0.7499999999999994,828.2980348217611,0.561097355229125,9.940291615600756
31.012602512413686,0.7499999999999994,818.8105438142775,0.6415590815708133,10.147168891647159
29.673096319874695,0.7499999999999991,818.3510498056377,0.5573390345069023,9.977449233760092
29.673096319874695,0.7499999999999991,818.3510498056377,0.5573390345069023,9.977449233760092
29.673096319874695,0.7499999999999991,818.3510498056377,0.5573390345069023,9.977449233760092
29.64409183753699,0.7499999999999996,812.5223723349038,0.48891241234334704,9.800853490449686
30.096489558290102,0.7499999999999991,811.4836670425341,0.41567766606906625,9.862927476787899
31.27604776432561,0.7499999999999994,811.123358587044,0.4851861452980106,9.962794373755594
31.27604776432561,0.7499999999999994,811.123358587044,0.4851861452980106,9.962794373755594
31.054363260401658,0.7499999999999993,809.2694620363075,0.5245781387313947,9.97330241698269
30.224779426870242,0.749999999999998,805.0165281385075,0.49751655732735545,9.889688160013563
31.73140825172507,0.75,811.3158693535065,0.49199905759154483,9.968692192212055
31.967911516545104,0.7499999999999991,806.7594071774927,0.45533554712445407,9.872246468332472
31.967911516545104,0.7499999999999991,806.7594071774927,0.45533554712445407,9.872246468332472
32.54121559338128,0.7499999999999984,813.4327877775294,0.4649504389477684,9.685009576351192
32.54121559338128,0.7499999999999984,813.4327877775294,0.4649504389477684,9.685009576351192
32.52757857445452,0.7499999999999992,820.6410888309496,0.45410584646941793,9.89533654337301
32.2331336563542,0.749999999999999,823.1542639533513,0.4658631860167989,9.903889955411278
30.47398513128209,0.7499999999999987,822.1840131771213,0.40078938613301796,9.85482977230742
30.5226671930153,0.7499999999999996,822.4524058332534,0.46680335761420494,9.83839121465997
29.837825947518525,0.7499999999999989,826.2092658601977,0.5075604047218435,9.760739541668602
29.17570671906107,0.7499999999999992,822.7838211970218,0.351407637094773,9.851566394133993
30.53573345101742,0.7499999999999984,827.2277192083749,0.5024585018260068,10.024052296366602
29.650913241771892,0.7499999999999998,824.5512537015924,0.506785442240601,9.97985367897039
30.592622825758877,0.7499999999999992,832.7873220688168,0.5967120620586185,9.977591239367129
30.592622825758877,0.7499999999999992,832.7873220688168,0.5967120620586185,9.977591239367129
30.748193220575633,0.749999999999999,820.5758508441224,0.5754197912280643,9.87737052499038
30.237273600416675,0.7499999999999987,817.900227829948,0.42869657726946875,9.786609475158446
30.800282248922034,0.7499999999999989,825.4997463458448,0.5280804482994726,9.980948434902592
30.48933920412254,0.7500000000000003,817.4708775103499,0.4539168016120146,9.970366199193126
30.26344778315099,0.7499999999999991,819.1074449762975,0.438899439903136,9.861469374147822
30.26344778315099,0.7499999999999991,819.1074449762975,0.438899439903136,9.861469374147822
30.26344778315099,0.7499999999999991,819.1074449762975,0.438899439903136,9.861469374147822
29.369930638830656,0.749999999999999,815.3277712158728,0.3940979108658489,9.84589810992648
29.369930638830656,0.749999999999999,815.3277712158728,0.3940979108658489,9.84589810992648
29.369930638830656,0.749999999999999,815.3277712158728,0.3940979108658489,9.84589810992648
29.033287038004392,0.7499999999999997,811.2038833817344,0.39384270969724733,9.753964002715751
29.033287038004392,0.7499999999999997,811.2038833817344,0.39384270969724733,9.753964002715751
29.033287038004392,0.7499999999999997,811.2038833817344,0.39384270969724733,9.753964002715751
29.033287038004392,0.7499999999999997,811.2038833817344,0.39384270969724733,9.753964002715751
29.033287038004392,0.7499999999999997,811.2038833817344,0.39384270969724733,9.753964002715751
29.033287038004392,0.7499999999999997,811.2038833817344,0.39384270969724733,9.753964002715751
29.033287038004392,0.7499999999999997,811.2038833817344,0.39384270969724733,9.753964002715751
29.033287038004392,0.7499999999999997,811.2038833817344,0.39384270969724733,9.753964002715751
29.8927952180303,0.7499999999999991,802.8868274348566,0.4341327911561192,9.667405240624714
29.8927952180303,0.7499999999999991,802.8868274348566,0.4341327911561192,9.667405240624714
29.434030225147183,0.7499999999999996,807.8530330135189,0.39147129959693433,9.639649508056408
30.178011152627345,0.7499999999999992,805.9384284850755,0.42148652145334187,9.58157756725181
30.442542732058314,0.7499999999999993,809.5858514777999,0.4140243889844961,9.682332272616875
30.19545845721456,0.7499999999999993,812.3188858356239,0.4985072746560172,9.71577773004769
30.19545845721456,0.7499999999999993,812.3188858356239,0.4985072746560172,9.71577773004769
30.40784016206793,0.7499999999999994,816.3760157955738,0.44864959683772015,9.767433012267961
29.821492672149663,0.7499999999999989,815.9475607452208,0.3636413843399447,9.583996710175622
29.51153768580747,0.7499999999999994,814.7833751763944,0.3631659722094965,9.64627208158998
30.10351819010752,0.7499999999999998,815.6887498714882,0.4499285519343173,9.717676498622911
30.347111553721277,0.7499999999999994,817.3739029478512,0.4817706315473118,9.74771449697298
30.513133321988857,0.7499999999999993,816.1657471493548,0.47293906413419573,9.763005178475831
30.513133321988857,0.7499999999999993,816.1657471493548,0.47293906413419573,9.763005178475831
30.27334002425687,0.7499999999999992,827.8564130791967,0.46446047648831557,9.965765042629524
30.27334002425687,0.7499999999999992,827.8564130791967,0.46446047648831557,9.965765042629524
30.1235228186556,0.7499999999999987,817.2596463448883,0.5607799961155291,10.015291271566687
30.942164573328157,0.7499999999999992,816.1896847110642,0.5871081212689434,9.98853686804767
30.942164573328157,0.7499999999999992,816.1896847110642,0.5871081212689434,9.98853686804767
30.302715822325858,0.7499999999999983,811.5290177913571,0.42980840709441653,9.728048965889794
31.296021106634978,0.7499999999999997,814.9720920212019,0.5032844633766069,9.82693282773233
31.296021106634978,0.7499999999999997,814.9720920212019,0.5032844633766069,9.82693282773233
31.296021106634978,0.7499999999999997,814.9720920212019,0.5032844633766069,9.82693282773233
31.296021106634978,0.7499999999999997,814.9720920212019,0.5032844633766069,9.82693282773233
30.48799876047779,0.7499999999999993,803.5943392839821,0.5014997018755342,9.633955488122146
30.48799876047779,0.7499999999999993,803.5943392839821,0.5014997018755342,9.633955488122146
30.48799876047779,0.7499999999999993,803.5943392839821,0.5014997018755342,9.633955488122146
30.48799876047779,0.7499999999999993,803.5943392839821,0.5014997018755342,9.633955488122146
30.48799876047779,0.7499999999999993,803.5943392839821,0.5014997018755342,9.633955488122146
30.48799876047779,0.7499999999999993,803.5943392839821,0.5014997018755342,9.633955488122146
30.48799876047779,0.7499999999999993,803.5943392839821,0.5014997018755342,9.633955488122146
30.48799876047779,0.7499999999999993,803.5943392839821,0.5014997018755342,9.633955488122146
30.48799876047779,0.7499999999999993,803.5943392839821,0.5014997018755342,9.633955488122146
30.48799876047779,0.7499999999999993,803.5943392839821,0.5014997018755342,9.633955488122146
30.925836971005218,0.7499999999999992,800.7954636037971,0.5421900489147319,9.832654856381675
30.925836971005218,0.7499999999999992,800.7954636037971,0.5421900489147319,9.832654856381675
30.925836971005218,0.7499999999999992,800.7954636037971,0.5421900489147319,9.832654856381675
30.925836971005218,0.7499999999999992,800.7954636037971,0.5421900489147319,9.832654856381675
30.925836971005218,0.7499999999999992,800.7954636037971,0.5421900489147319,9.832654856381675
30.925836971005218,0.7499999999999992,800.7954636037971,0.5421900489147319,9.832654856381675
30.925836971005218,0.7499999999999992,800.7954636037971,0.5421900489147319,9.832654856381675
30.925836971005218,0.7499999999999992,800.7954636037971,0.5421900489147319,9.832654856381675
30.925836971005218,0.7499999999999992,800.7954636037971,0.5421900489147319,9.832654856381675
30.925836971005218,0.7499999999999992,800.7954636037971,0.5421900489147319,9.832654856381675
30.59224339036007,0.7499999999999992,806.7057923574797,0.551511940636959,9.87519611740789
30.59224339036007,0.7499999999999992,806.7057923574797,0.551511940636959,9.87519611740789
30.952096391695246,0.7499999999999987,807.2977398287559,0.4908480602450302,10.027033497149048
30.849781421233462,0.7499999999999994,806.934336799778,0.3776270879485297,9.74526989761145
30.849781421233462,0.7499999999999994,806.934336799778,0.3776270879485297,9.74526989761145
30.849781421233462,0.7499999999999994,806.934336799778,0.3776270879485297,9.74526989761145
30.792602504057015,0.7499999999999994,811.8080642637683,0.4119820410000824,9.640819722229333
30.623510840748242,0.7499999999999998,803.9390250708443,0.41198438779477364,9.616749176493164
31.768729512301995,0.7499999999999987,813.4341225028762,0.43532312002708334,9.69833626353531
31.317238101589552,0.7499999999999999,813.5746357377817,0.4540977476701562,9.727203030146233
31.042514966751476,0.749999999999998,805.8705497265861,0.4799317595147393,9.681666680190485
31.042514966751476,0.749999999999998,805.8705497265861,0.4799317595147393,9.681666680190485
31.042514966751476,0.749999999999998,805.8705497265861,0.4799317595147393,9.681666680190485
31.042514966751476,0.749999999999998,805.8705497265861,0.4799317595147393,9.681666680190485
30.722311876848252,0.7499999999999993,813.77184910287,0.5271563887837416,9.677223246786593
30.802766130048038,0.7499999999999992,809.2039133125094,0.46918863059192817,9.819720823070758
30.192271765160616,0.7499999999999992,807.6056667026359,0.43385020474438624,9.869797846812665
30.192271765160616,0.7499999999999992,807.6056667026359,0.43385020474438624,9.869797846812665
29.513725250003265,0.7499999999999996,808.8273522386462,0.4045487328957627,9.823840772782471
29.513725250003265,0.7499999999999996,808.8273522386462,0.4045487328957627,9.823840772782471
29.513725250003265,0.7499999999999996,808.8273522386462,0.4045487328957627,9.823840772782471
28.660654957243832,0.7499999999999989,811.8065630215332,0.4317322545661655,9.854965812785816
28.660654957243832,0.7499999999999989,811.8065630215332,0.4317322545661655,9.854965812785816
28.642026960882152,0.7499999999999988,814.5896128988238,0.3864013455371733,9.806574480768726
30.11078267387483,0.75,818.0055109055472,0.4940067362263826,9.79698832726459
30.012890010958714,0.749999999999999,808.140247891545,0.42915123393885013,9.683322347488433
30.489935790878757,0.7499999999999981,806.7897166184996,0.43939971053797977,9.654764949517002
29.910918662188998,0.7499999999999994,802.4775075001172,0.44745067456541276,9.539627262144
28.90396474969911,0.7499999999999993,807.8397717257443,0.432198537549058,9.662711939790427
28.90396474969911,0.7499999999999993,807.8397717257443,0.432198537549058,9.662711939790427
29.44642393866856,0.7499999999999996,802.8982695908564,0.4305600951006503,9.561718837154421
29.71283795685871,0.75,805.0925533874862,0.44829313549811123,9.593811873029887
29.05884116216076,0.7499999999999993,803.1305547093657,0.3783992338314876,9.584295352909887
29.05884116216076,0.7499999999999993,803.1305547093657,0.3783992338314876,9.584295352909887
29.28161438051755,0.7499999999999999,814.9276498078714,0.39880038662333916,9.76409899964681
29.966953748625738,0.7499999999999998,812.1418454043186,0.43741577946223287,9.791664465183993
29.966953748625738,0.7499999999999998,812.1418454043186,0.43741577946223287,9.791664465183993
30.190695288228383,0.7499999999999974,814.8325811849079,0.5308976510845662,10.047964203424389
29.553359602922995,0.7499999999999997,806.0543455419454,0.42055863673501415,9.782748323083155
30.70831321714423,0.7499999999999987,809.2645885923469,0.4723943964901982,9.82189956024655
29.227219267831053,0.7499999999999988,803.2540527154582,0.42074155146605924,9.599231403220964
28.723150791365615,0.7500000000000001,806.2319014254721,0.47605176644738545,9.39876913384337
30.3653813298947,0.7499999999999992,811.124426148629,0.5671239852114096,9.430525711762154
30.3653813298947,0.7499999999999992,811.124426148629,0.5671239852114096,9.430525711762154
30.3653813298947,0.7499999999999992,811.124426148629,0.5671239852114096,9.430525711762154
30.152236266547604,0.7499999999999967,807.7821187166901,0.4719166084815523,9.478652037790663
30.152236266547604,0.7499999999999967,807.7821187166901,0.4719166084815523,9.478652037790663
30.152236266547604,0.7499999999999967,807.7821187166901,0.4719166084815523,9.478652037790663
30.152236266547604,0.7499999999999967,807.7821187166901,0.4719166084815523,9.478652037790663
30.238348459459452,0.7499999999999994,806.5237408206704,0.5486864371323791,9.365331896362417
30.238348459459452,0.7499999999999994,806.5237408206704,0.5486864371323791,9.365331896362417
30.018180551577583,0.7499999999999997,812.0539541934475,0.4168407851739293,9.533533872949846
30.313562165958267,0.7499999999999987,822.3968649229445,0.6015181488728408,9.71574271561484
29.751050544202293,0.75,807.6461788160788,0.4951267308569917,9.574251010329954
29.751050544202293,0.75,807.6461788160788,0.4951267308569917,9.574251010329954
30.425409887870163,0.7499999999999993,804.1087830482411,0.551757041299407,9.877980527599414
30.425409887870163,0.7499999999999993,804.1087830482411,0.551757041299407,9.877980527599414
30.425409887870163,0.7499999999999993,804.1087830482411,0.551757041299407,9.877980527599414
29.53560218862024,0.7499999999999989,802.1856876330946,0.41226642875261543,9.69840566605805
28.811920860414254,0.7499999999999997,803.7937984501372,0.3786922937004642,9.551814687618862
30.464991719692986,0.7499999999999994,803.3921987314658,0.4114200547011357,9.590272947362966
29.544881884614927,0.7499999999999998,793.0766282538759,0.3994317433341227,9.314065761899508
29.544881884614927,0.7499999999999998,793.0766282538759,0.3994317433341227,9.314065761899508
29.544881884614927,0.7499999999999998,793.0766282538759,0.3994317433341227,9.314065761899508
29.911281319993147,0.7499999999999986,801.3228627274704,0.40658904305605886,9.4119135456498
29.911281319993147,0.7499999999999986,801.3228627274704,0.40658904305605886,9.4119135456498
29.625156805329233,0.7499999999999997,801.412902245384,0.44367263580184946,9.5868101328853
30.701319099380505,0.7499999999999998,794.6914407879877,0.39836450526815204,9.628648191056325
30.701319099380505,0.7499999999999998,794.6914407879877,0.39836450526815204,9.628648191056325
30.701319099380505,0.7499999999999998,794.6914407879877,0.39836450526815204,9.628648191056325
30.701319099380505,0.7499999999999998,794.6914407879877,0.39836450526815204,9.628648191056325
30.701319099380505,0.7499999999999998,794.6914407879877,0.39836450526815204,9.628648191056325
30.278958761041242,0.7499999999999983,792.948595863798,0.3653361750698887,9.47778129159789
29.90343238514676,0.75,798.1733604214812,0.3512541440939432,9.439214879822611
31.49645943419665,0.7499999999999989,792.4315006545315,0.4916678580489614,9.485319881952496
31.49645943419665,0.7499999999999989,792.4315006545315,0.4916678580489614,9.485319881952496
30.552184648117738,0.7499999999999992,798.6766332843222,0.4257354412308184,9.593420217417341
30.62701183922294,0.7500000000000002,798.527112600679,0.3533079889851179,9.641101496719884
30.62701183922294,0.7500000000000002,798.527112600679,0.3533079889851179,9.641101496719884
31.210909154921424,0.7499999999999996,808.0703187027225,0.4413109163318861,9.911404326349341
31.210909154921424,0.7499999999999996,808.0703187027225,0.4413109163318861,9.911404326349341
30.54872141740441,0.7499999999999991,802.6351429384896,0.3861233358059864,9.669461115752148
30.7263218777397,0.7499999999999988,799.3337416862807,0.5706774971300012,9.634956846686634
30.7263218777397,0.7499999999999988,799.3337416862807,0.5706774971300012,9.634956846686634
31.282669343939304,0.7499999999999987,797.7022967552444,0.4786360842984912,9.661278671888317
31.282669343939304,0.7499999999999987,797.7022967552444,0.4786360842984912,9.661278671888317
31.05110034660448,0.7499999999999997,801.1850907264543,0.4084430810549302,9.61106347835493
31.05110034660448,0.7499999999999997,801.1850907264543,0.4084430810549302,9.61106347835493
31.05110034660448,0.7499999999999997,801.1850907264543,0.4084430810549302,9.61106347835493
31.05110034660448,0.7499999999999997,801.1850907264543,0.4084430810549302,9.61106347835493
30.43906596484734,0.7499999999999993,800.0179687961252,0.4213613102893705,9.670622351433556
29.226102068047126,0.75,805.2144771689244,0.3249368897319722,9.51288142430126
29.226102068047126,0.75,805.2144771689244,0.3249368897319722,9.51288142430126
30.68913145186532,0.7499999999999998,801.9983564546721,0.4121024893610952,9.6231873397308
30.68913145186532,0.7499999999999998,801.9983564546721,0.4121024893610952,9.6231873397308
31.133726984193043,0.7499999999999998,801.2058412381551,0.386798300107379,9.445809088902308
30.654336073574278,0.7499999999999992,804.5204943116659,0.38971794580823305,9.56080713536945
29.358131237097165,0.7499999999999993,803.4677964304217,0.3804497112993631,9.657892214392149
29.33658138344858,0.7499999999999991,810.1715442589522,0.4860351490353932,9.75330644959682
29.860958230617776,0.7499999999999996,802.8253877725424,0.48749200397946885,9.670382883469504
30.071240577507655,0.7499999999999994,798.2636500202351,0.4228078856506918,9.765811144886825
30.223283893094518,0.7499999999999997,798.3022216746822,0.3607378289676944,9.676860815936227
30.936153314774028,0.7499999999999999,802.939178463451,0.382909606477563,9.674846500258834
30.717895254294145,0.7499999999999993,802.8766929718935,0.4624964127251754,9.598042976282153
29.85089963629629,0.7499999999999998,796.8152283542865,0.3844664963770116,9.413981656040018
29.85089963629629,0.7499999999999998,796.8152283542865,0.3844664963770116,9.413981656040018
31.368015384205666,0.7499999999999992,801.8567521559211,0.5668040072164199,9.681209893637083
31.19652488989082,0.7499999999999996,803.8246877649871,0.38478967934174707,9.725402101942112
31.19652488989082,0.7499999999999996,803.8246877649871,0.38478967934174707,9.725402101942112
31.19652488989082,0.7499999999999996,803.8246877649871,0.38478967934174707,9.725402101942112
31.472070202161373,0.7499999999999999,807.9074773500274,0.5135177374855919,9.828903171031687
30.96160838260763,0.7499999999999986,801.8560575265834,0.49599382669595765,9.784949995690564
30.96160838260763,0.7499999999999986,801.8560575265834,0.49599382669595765,9.784949995690564
30.96160838260763,0.7499999999999986,801.8560575265834,0.49599382669595765,9.784949995690564
30.357441580124434,0.7499999999999984,802.3227675723276,0.347104784936999,9.610759166172011
30.357441580124434,0.7499999999999984,802.3227675723276,0.347104784936999,9.610759166172011
31.179786065389813,0.7499999999999986,800.4606771368803,0.43415487690180327,9.710801625060318
32.33894912215353,0.7499999999999997,807.332826890663,0.4636140590757079,9.827103027577397
32.33894912215353,0.7499999999999997,807.332826890663,0.4636140590757079,9.827103027577397
32.33894912215353,0.7499999999999997,807.332826890663,0.4636140590757079,9.827103027577397
32.57247601085427,0.7499999999999989,808.2625528642022,0.556119591589764,9.836841599737795
31.545634862150887,0.7499999999999986,810.235646994415,0.5204481999347809,9.964225109572803
29.991953143651152,0.7499999999999993,807.0633718842334,0.4394340132131336,9.837390247705875
29.90505359570504,0.7499999999999999,802.2306217725361,0.37543379978025326,9.691928224816925
30.592307433811424,0.749999999999999,807.232993329185,0.4402101619733235,9.70990890931578
31.29446472642511,0.7499999999999993,814.0085724001626,0.4486017594543796,9.920810268866745
31.29446472642511,0.7499999999999993,814.0085724001626,0.4486017594543796,9.920810268866745
31.526063959564222,0.7499999999999993,822.3117947044241,0.4667017599822995,9.950216396806278
30.497036039408147,0.7499999999999997,814.6478243251371,0.40165676106002746,9.65674039962406
31.379081944202664,0.75,806.9278610021933,0.4563306691202813,9.773614405761876
31.379081944202664,0.75,806.9278610021933,0.4563306691202813,9.773614405761876
31.379081944202664,0.75,806.9278610021933,0.4563306691202813,9.773614405761876
31.52694033063381,0.7499999999999991,799.9766638057613,0.45744782307675563,9.629740862528767
31.52694033063381,0.7499999999999991,799.9766638057613,0.45744782307675563,9.629740862528767
31.52694033063381,0.7499999999999991,799.9766638057613,0.45744782307675563,9.629740862528767
30.844981253985384,0.7499999999999986,808.5341077954041,0.417110156209515,9.950216164268179
32.20827788987427,0.7499999999999983,817.7823181066069,0.6023492602016465,10.097004350977752
30.65778339240056,0.7499999999999996,818.4291393113157,0.4920076386037721,10.019369545585288
30.65778339240056,0.7499999999999996,818.4291393113157,0.4920076386037721,10.019369545585288
29.900101014795265,0.7499999999999997,815.6904333650571,0.4698374952977292,9.956820006433125
29.775561433349658,0.749999999999999,805.5750524375436,0.4208692958541776,9.609035124063158
29.775561433349658,0.749999999999999,805.5750524375436,0.4208692958541776,9.609035124063158
28.762120029893406,0.7499999999999987,814.8977654414832,0.445144897359762,9.689448253454406
29.385344845265365,0.7499999999999999,814.2593504527317,0.5072934685004572,9.574731726940536
29.55450930008567,0.7499999999999993,811.3941152184054,0.4192384898697191,9.614158545945376
29.55450930008567,0.7499999999999993,811.3941152184054,0.4192384898697191,9.614158545945376
29.55450930008567,0.7499999999999993,811.3941152184054,0.4192384898697191,9.614158545945376
29.55450930008567,0.7499999999999993,811.3941152184054,0.4192384898697191,9.614158545945376
29.55450930008567,0.7499999999999993,811.3941152184054,0.4192384898697191,9.614158545945376
29.55450930008567,0.7499999999999993,811.3941152184054,0.4192384898697191,9.614158545945376
29.55450930008567,0.7499999999999993,811.3941152184054,0.4192384898697191,9.614158545945376
29.55450930008567,0.7499999999999993,811.3941152184054,0.4192384898697191,9.614158545945376
29.55450930008567,0.7499999999999993,811.3941152184054,0.4192384898697191,9.614158545945376
30.136795665409593,0.7499999999999998,811.3383187305697,0.4484503224153739,9.645262433513846
30.57993279979706,0.7499999999999991,807.1958390622665,0.5268667563535873,9.734109890292578
30.57993279979706,0.7499999999999991,807.1958390622665,0.5268667563535873,9.734109890292578
30.57993279979706,0.7499999999999991,807.1958390622665,0.5268667563535873,9.734109890292578
30.57993279979706,0.7499999999999991,807.1958390622665,0.5268667563535873,9.734109890292578
30.90830468861318,0.7499999999999983,809.4070192160453,0.5502771828804671,9.696720875907747
30.90830468861318,0.7499999999999983,809.4070192160453,0.5502771828804671,9.696720875907747
30.90830468861318,0.7499999999999983,809.4070192160453,0.5502771828804671,9.696720875907747
31.852135365574377,0.7499999999999993,809.9722007608163,0.510809169374036,9.939680456957884
32.07135254823829,0.7499999999999992,811.8377967971345,0.579567179368925,10.147631520571489
31.589836460250773,0.7499999999999994,809.8982294650433,0.48570016903391694,10.069788063442507
30.70042180539935,0.7499999999999993,798.6135060025298,0.41429802574143637,9.726430679738144
30.12997017580272,0.7499999999999992,808.9415445913743,0.4022538707440975,9.74214103782659
30.12997017580272,0.7499999999999992,808.9415445913743,0.4022538707440975,9.74214103782659
30.51803974160112,0.7499999999999998,818.2999305674116,0.4236390179929889,9.83042303703267
30.51803974160112,0.7499999999999998,818.2999305674116,0.4236390179929889,9.83042303703267
29.734742708091023,0.7499999999999998,815.7421537153391,0.4457610720637541,9.759341296437649
29.734742708091023,0.7499999999999998,815.7421537153391,0.4457610720637541,9.759341296437649
30.918548741060032,0.7499999999999989,824.8291970198114,0.5750099543687841,9.97224042324099
30.23854328554878,0.7499999999999994,816.3651423988109,0.5499050368427287,9.791211742344434
29.011573486253592,0.749999999999998,814.7617332446279,0.37922750473190103,9.692431073605738
28.907222281362987,0.7499999999999992,820.674884076953,0.4600138916772212,9.672748248305073
29.22751193428784,0.7499999999999987,820.8758586421407,0.40438278590905197,9.459176393083755
29.02421950519633,0.7499999999999981,828.2549470626763,0.386388378907175,9.498335852123565
29.02421950519633,0.7499999999999981,828.2549470626763,0.386388378907175,9.498335852123565
29.02421950519633,0.7499999999999981,828.2549470626763,0.386388378907175,9.498335852123565
29.02421950519633,0.7499999999999981,828.2549470626763,0.386388378907175,9.498335852123565
29.244002476303592,0.7499999999999997,825.3515475735744,0.5341732840798863,9.689183915179594
29.14548555053462,0.7499999999999988,826.1926322496893,0.5412395900160574,9.651169300624156
28.65758927169123,0.749999999999998,819.2481422172183,0.4852335320565352,9.438724770416504
28.65758927169123,0.749999999999998,819.2481422172183,0.4852335320565352,9.438724770416504
28.65758927169123,0.749999999999998,819.2481422172183,0.4852335320565352,9.438724770416504
29.34032646694571,0.7499999999999986,810.1003178572485,0.3750267232314027,9.427571220846602
29.975486488761483,0.749999999999999,808.9040910025109,0.36441369521432004,9.699480359040873
30.561497355067033,0.7499999999999988,805.4141589853521,0.5300825170423943,9.829293568955489
29.797330923216144,0.7499999999999999,805.0998418044043,0.41185933465088986,9.895090458506596
30.597987117414064,0.7499999999999996,807.7494511394995,0.396260935067349,9.866227358422739
30.597987117414064,0.7499999999999996,807.7494511394995,0.396260935067349,9.866227358422739
30.597987117414064,0.7499999999999996,807.7494511394995,0.396260935067349,9.866227358422739
30.060759627530484,0.7499999999999983,811.5150888362925,0.4797111976924307,9.80977498578875
29.84556213807841,0.7499999999999998,815.8441874847257,0.4612638085146443,9.537573288377889
29.84556213807841,0.7499999999999998,815.8441874847257,0.4612638085146443,9.537573288377889
30.85171199870567,0.7499999999999992,803.2486367708942,0.432736125472113,9.665378452908007
30.997348208679266,0.7499999999999988,807.6886947346491,0.3984411038733997,9.91332903275042
30.997348208679266,0.7499999999999988,807.6886947346491,0.3984411038733997,9.91332903275042
30.997348208679266,0.7499999999999988,807.6886947346491,0.3984411038733997,9.91332903275042
30.997348208679266,0.7499999999999988,807.6886947346491,0.3984411038733997,9.91332903275042
30.709488834633987,0.7499999999999994,812.3997729432702,0.40319477774249507,9.9108089757278
30.507716847049462,0.7499999999999982,807.6772951190122,0.36689314050646477,9.7549467229933
30.507716847049462,0.7499999999999982,807.6772951190122,0.36689314050646477,9.7549467229933
30.507716847049462,0.7499999999999982,807.6772951190122,0.36689314050646477,9.7549467229933
30.507716847049462,0.7499999999999982,807.6772951190122,0.36689314050646477,9.7549467229933
30.700457379670187,0.75,815.780246107449,0.4292937214044273,9.855967848905072
29.578496317049392,0.7499999999999987,811.874008573886,0.3948583632255436,9.66684626374735
30.38229154546637,0.749999999999999,801.1784945997329,0.42665621182924335,9.753384735439422
30.38229154546637,0.749999999999999,801.1784945997329,0.42665621182924335,9.753384735439422
30.231166127914868,0.7499999999999983,802.3824552292893,0.4226910923593138,9.48746277756652
30.698938538303665,0.7499999999999993,806.0842149005691,0.5098676974625396,9.4993096788434
30.698938538303665,0.7499999999999993,806.0842149005691,0.5098676974625396,9.4993096788434
30.698938538303665,0.7499999999999993,806.0842149005691,0.5098676974625396,9.4993096788434
30.976657296486138,0.7499999999999993,807.672936111196,0.4439809245489158,9.635698707155303
30.598291103202975,0.7499999999999997,809.7916738408328,0.4847547658895571,9.645248722335605
29.60979748208309,0.7499999999999998,807.0432138545234,0.5487100916756991,9.63278993444315
29.320662904391583,0.7499999999999992,805.8921170872277,0.397015438608352,9.695456865531181
30.196954401998273,0.7499999999999998,808.3006726121994,0.5333889055939582,9.713303529907085
30.594843922252412,0.7499999999999984,802.2087556840446,0.4926435654567325,9.61095808508136
30.540568263991673,0.7499999999999984,797.427303653395,0.4195316322511941,9.597138292466038
30.540568263991673,0.7499999999999984,797.427303653395,0.4195316322511941,9.597138292466038
30.540568263991673,0.7499999999999984,797.427303653395,0.4195316322511941,9.597138292466038
30.06986031617736,0.7499999999999979,800.9406736225922,0.5470352609881595,9.532748656837175
31.143391224273625,0.7499999999999993,805.6379798401265,0.5784060899675016,9.794940085991536
30.80039699518333,0.7499999999999994,803.4986236857934,0.45884806842015263,9.738314578330847
30.80039699518333,0.7499999999999994,803.4986236857934,0.45884806842015263,9.738314578330847
31.407085263717278,0.75,805.2126258663026,0.4635317687248273,9.561785524376134
30.673136341591228,0.7499999999999984,807.8046196013934,0.48362566062388973,9.569721597383042
29.789792264252238,0.7499999999999984,815.9536240032169,0.4894545393504928,9.707344909362394
30.531767493053074,0.7499999999999998,820.956216517592,0.5077978622376543,9.906494287011858
29.906046934544925,0.7500000000000002,815.2008067389912,0.5357334856167302,9.739318408604944
29.947932118007056,0.7499999999999997,818.0745126186836,0.48176905459147507,9.950943278290111
29.947932118007056,0.7499999999999997,818.0745126186836,0.48176905459147507,9.950943278290111
29.947932118007056,0.7499999999999997,818.0745126186836,0.48176905459147507,9.950943278290111
29.435007357031722,0.7499999999999992,813.3022944633935,0.43719315915547413,9.99864000138928
29.435007357031722,0.7499999999999992,813.3022944633935,0.43719315915547413,9.99864000138928
29.435007357031722,0.7499999999999992,813.3022944633935,0.43719315915547413,9.99864000138928
29.435007357031722,0.7499999999999992,813.3022944633935,0.43719315915547413,9.99864000138928
29.435007357031722,0.7499999999999992,813.3022944633935,0.43719315915547413,9.99864000138928
29.719800950114877,0.7499999999999994,807.0444380763065,0.4390623967193923,9.80303627305771
29.719800950114877,0.7499999999999994,807.0444380763065,0.4390623967193923,9.80303627305771
29.851594526889425,0.7499999999999998,806.905983355921,0.4190959717697471,9.768256367842204
29.57104484122786,0.7499999999999996,811.6742457041082,0.37283255475472293,9.78708310943306
30.215418202319743,0.7499999999999982,815.8304828314235,0.41684449344458163,9.89611510293804
29.095347017699066,0.7499999999999994,813.6312044585414,0.39722791892196513,9.751503070874744
29.095347017699066,0.7499999999999994,813.6312044585414,0.39722791892196513,9.751503070874744
29.70501197228766,0.7499999999999986,820.6437213990107,0.44199746849341226,10.09025946245283
29.953085453022442,0.7499999999999984,816.1055669044564,0.5084887684076959,9.834202139862722
29.513494734869347,0.7499999999999991,813.6302711561978,0.43739838888532956,9.760600800210009
30.43915414122476,0.75,810.0661068977655,0.4946521531064045,9.772188020657074
30.43915414122476,0.75,810.0661068977655,0.4946521531064045,9.772188020657074
30.90369906250861,0.7499999999999994,811.2465738689283,0.4486616417257824,9.769541845421111
31.09519659453222,0.7499999999999992,812.2120910762549,0.4114929958185951,9.965067613319295
30.868347597676564,0.7499999999999998,809.6017053528712,0.42751270198759983,9.782241299917121
30.824842889528178,0.7499999999999999,803.2924761838892,0.47520484164956633,9.668264978411958
30.824842889528178,0.7499999999999999,803.2924761838892,0.47520484164956633,9.668264978411958
31.423480710037502,0.7499999999999991,814.766244628441,0.5612077558842273,9.90716797862423
32.028433792729494,0.7499999999999996,820.6408434913508,0.6289018420702769,9.962977460922371
31.08196580602796,0.7499999999999993,816.7453960191257,0.4561038841922268,9.742787183401145
30.978554157845196,0.7500000000000001,813.3262468234974,0.5156416794675343,9.832097948380829
30.132617803769143,0.75,809.1674758452065,0.3825672923184998,9.601393125253008
30.132617803769143,0.75,809.1674758452065,0.3825672923184998,9.601393125253008
30.132617803769143,0.75,809.1674758452065,0.3825672923184998,9.601393125253008
30.324965137189874,0.7499999999999999,807.6495426317006,0.5406257395395775,9.658989577445084
28.710055515696222,0.7499999999999978,811.8262223078394,0.44216584067897663,9.547688409570714
28.710055515696222,0.7499999999999978,811.8262223078394,0.44216584067897663,9.547688409570714
30.743409790182312,0.7499999999999994,802.2470436707124,0.43804810532766875,9.508986453346086
31.232263981683808,0.749999999999998,800.3961279047126,0.412571787020282,9.484642283187801
31.232263981683808,0.749999999999998,800.3961279047126,0.412571787020282,9.484642283187801
30.90526221620817,0.7499999999999982,795.1873721748149,0.4411897961139275,9.4449323198793
32.101184989885276,0.7499999999999984,795.6033217011826,0.49298523106468073,9.542649214839964
32.101184989885276,0.7499999999999984,795.6033217011826,0.49298523106468073,9.542649214839964
31.515898925858785,0.75,798.4614299407395,0.33634847311538507,9.492225170266405
31.515898925858785,0.75,798.4614299407395,0.33634847311538507,9.492225170266405
31.515898925858785,0.75,798.4614299407395,0.33634847311538507,9.492225170266405
31.515898925858785,0.75,798.4614299407395,0.33634847311538507,9.492225170266405
31.595230679038135,0.749999999999999,796.6214440623337,0.3538370102562951,9.4738846970954
31.595230679038135,0.749999999999999,796.6214440623337,0.3538370102562951,9.4738846970954
30.483552082102893,0.75,800.4875858820623,0.3830357284782306,9.564736663067212
32.72428931825225,0.7499999999999996,804.662202382088,0.48467264256899534,9.866571461779454
32.72428931825225,0.7499999999999996,804.662202382088,0.48467264256899534,9.866571461779454
32.52231701919902,0.7499999999999984,802.0209827291823,0.5226329704771038,9.810301232193808
32.681976786923485,0.749999999999999,801.8004264748089,0.4872927790647461,9.63408755906043
31.692205716137853,0.7499999999999992,800.0343651232308,0.5015930746807445,9.557280790621078
31.692205716137853,0.7499999999999992,800.0343651232308,0.5015930746807445,9.557280790621078
32.173225327082655,0.749999999999999,807.6762084733781,0.4455049925535735,9.539604207658808
30.485217880948632,0.7499999999999986,809.8712855793644,0.4347089186645267,9.458205604675703
30.305561528558943,0.7499999999999997,813.6012735431224,0.40000765562556456,9.586415104051557
30.305561528558943,0.7499999999999997,813.6012735431224,0.40000765562556456,9.586415104051557
30.128871510155886,0.7499999999999998,813.1721874928065,0.4052586556784729,9.525283292105371
28.74360553234026,0.7499999999999997,812.534583515359,0.3380235078109092,9.506749065601985
29.694859522735428,0.7499999999999978,821.5109496882606,0.37408739954335635,9.663458202817997
29.62392120894034,0.7499999999999998,823.9554966339999,0.4387811124718787,9.832813085804498
30.167394906388903,0.7499999999999978,827.2117302139129,0.5177994488149136,9.910279261804785
29.364753815893952,0.7499999999999993,819.0193749198246,0.4629428708270873,9.826568756664097
29.364753815893952,0.7499999999999993,819.0193749198246,0.4629428708270873,9.826568756664097
29.364753815893952,0.7499999999999993,819.0193749198246,0.4629428708270873,9.826568756664097
29.364753815893952,0.7499999999999993,819.0193749198246,0.4629428708270873,9.826568756664097
30.305730603804065,0.7499999999999997,816.2612089742773,0.5816777491049123,9.84030495221802
30.305730603804065,0.7499999999999997,816.2612089742773,0.5816777491049123,9.84030495221802
30.81042095788511,0.7499999999999962,816.3149745230679,0.47444977385330445,9.980115795019888
30.32897816616058,0.7499999999999996,810.6035070242496,0.4788578258955154,9.688236528775482
30.431308934194632,0.75,817.5625399286563,0.4431378352366227,9.661981982604166
30.431308934194632,0.75,817.5625399286563,0.4431378352366227,9.661981982604166
30.431308934194632,0.75,817.5625399286563,0.4431378352366227,9.661981982604166
30.402793183406622,0.7499999999999999,824.681719769098,0.5300651433533892,9.896550716899256
30.252177137446168,0.7499999999999994,820.6162051126032,0.4997402397594881,9.812166107724128
29.796413634393506,0.7499999999999999,820.757778542542,0.5761391459120069,9.868240738039834
29.819766428280882,0.7499999999999996,804.1641099138602,0.4576927925591775,9.618874748575152
29.819766428280882,0.7499999999999996,804.1641099138602,0.4576927925591775,9.618874748575152
30.061592370620655,0.749999999999999,807.669219596679,0.418759424794788,9.63507694438423
29.75384951726166,0.7499999999999996,810.5922039768604,0.45761860690445944,9.61972274440333
30.068450786514507,0.7499999999999993,801.9958051556372,0.46788138601791035,9.647939877640818
30.272207322324398,0.7499999999999986,807.3436850261412,0.5164183432755904,9.575097090122856
30.272207322324398,0.7499999999999986,807.3436850261412,0.5164183432755904,9.575097090122856
30.272207322324398,0.7499999999999986,807.3436850261412,0.5164183432755904,9.575097090122856
30.272207322324398,0.7499999999999986,807.3436850261412,0.5164183432755904,9.575097090122856
29.72457603367441,0.7499999999999993,808.6724087673256,0.46145838021373403,9.66477043876348
29.481530083606504,0.7499999999999998,817.1735486023798,0.43457998800524306,9.698509029633879
29.481530083606504,0.7499999999999998,817.1735486023798,0.43457998800524306,9.698509029633879
28.692370113457994,0.7499999999999989,812.2153732126828,0.4252556319818574,9.509492500607703
29.848675788266714,0.7499999999999991,817.7183970062624,0.43120901876874274,9.570031673391398
29.848675788266714,0.7499999999999991,817.7183970062624,0.43120901876874274,9.570031673391398
28.95620595979128,0.7499999999999991,819.6489088016118,0.3440557339161884,9.430243858481415
28.710151954599542,0.7499999999999991,816.9730482662309,0.4239973117028242,9.439816644773686
29.106050001729784,0.7499999999999996,817.2497065005367,0.4396900066970001,9.387456652195306
29.106050001729784,0.7499999999999996,817.2497065005367,0.4396900066970001,9.387456652195306
29.547658861509916,0.7499999999999988,824.0228053031891,0.5572701048800878,9.601979623037234
30.6598862711541,0.7499999999999992,811.9073747054113,0.4121112738326435,9.66624553105014
30.6598862711541,0.7499999999999992,811.9073747054113,0.4121112738326435,9.66624553105014
30.6598862711541,0.7499999999999992,811.9073747054113,0.4121112738326435,9.66624553105014
30.651070648154377,0.7499999999999973,819.0246406913461,0.4908674812100328,9.78499567203887
30.651070648154377,0.7499999999999973,819.0246406913461,0.4908674812100328,9.78499567203887
30.651070648154377,0.7499999999999973,819.0246406913461,0.4908674812100328,9.78499567203887
30.410642276533014,0.7499999999999996,817.6643947313311,0.42455474272247373,9.641689998172865
30.0041437592623,0.7499999999999991,812.4449365032942,0.3709546377672724,9.480995739765621
30.31697150792501,0.749999999999999,818.4063333104191,0.4388660185289207,9.592258421327546
29.971966397520813,0.7499999999999997,818.9405055009349,0.43573408949957415,9.672928403886624
29.971966397520813,0.7499999999999997,818.9405055009349,0.43573408949957415,9.672928403886624
29.971966397520813,0.7499999999999997,818.9405055009349,0.43573408949957415,9.672928403886624
29.971966397520813,0.7499999999999997,818.9405055009349,0.43573408949957415,9.672928403886624
30.46231763208025,0.7499999999999994,825.0640341718963,0.4325986477964373,9.731040445880932
30.46231763208025,0.7499999999999994,825.0640341718963,0.4325986477964373,9.731040445880932
30.46231763208025,0.7499999999999994,825.0640341718963,0.4325986477964373,9.731040445880932
28.731049177300147,0.7499999999999998,818.8017261016921,0.3772770366949935,9.527974032161433
28.731049177300147,0.7499999999999998,818.8017261016921,0.3772770366949935,9.527974032161433
28.704154328201035,0.7499999999999998,815.5677840933462,0.44775660166688747,9.727549574000378
28.688678219906155,0.7499999999999981,811.8104162330264,0.5509881790806739,9.770075270397342
29.2855360650846,0.7499999999999993,798.5962577435282,0.4631607812190112,9.650375366065717
29.76550700231494,0.7499999999999998,802.1370997505408,0.4105434801430011,9.521892795422469
30.328490987701226,0.75,809.0521075250919,0.3964162969675599,9.474505489423501
30.414133944793388,0.7500000000000002,811.6691007203084,0.42306055225459666,9.636777971964282
30.414133944793388,0.7500000000000002,811.6691007203084,0.42306055225459666,9.636777971964282
30.414133944793388,0.7500000000000002,811.6691007203084,0.42306055225459666,9.636777971964282
31.65868088017353,0.7499999999999993,812.9464009349214,0.5017007984401367,9.781271866945014
31.65868088017353,0.7499999999999993,812.9464009349214,0.5017007984401367,9.781271866945014
31.65868088017353,0.7499999999999993,812.9464009349214,0.5017007984401367,9.781271866945014
30.19454753776593,0.7499999999999991,814.3566405706136,0.442178774623267,9.834949067266063
29.58087210403931,0.7499999999999998,806.1010833314672,0.41083026871092443,9.918852666754551
30.5907787509233,0.7499999999999994,810.243177487112,0.5834877841725566,9.972774748215372
30.5907787509233,0.7499999999999994,810.243177487112,0.5834877841725566,9.972774748215372
30.305819343137042,0.749999999999999,804.3524623583635,0.4309517845142899,9.626234630312961
29.67768990521492,0.7499999999999992,801.4344347685434,0.3602752122067409,9.382694936586566
29.67768990521492,0.7499999999999992,801.4344347685434,0.3602752122067409,9.382694936586566
29.67768990521492,0.7499999999999992,801.4344347685434,0.3602752122067409,9.382694936586566
29.67768990521492,0.7499999999999992,801.4344347685434,0.3602752122067409,9.382694936586566
30.271420714963792,0.7499999999999988,806.6610222323924,0.42637539273852965,9.646836017274254
30.271420714963792,0.7499999999999988,806.6610222323924,0.42637539273852965,9.646836017274254
29.195452230171885,0.7499999999999992,802.4889756763047,0.37094736267267336,9.409186147416472
29.195452230171885,0.7499999999999992,802.4889756763047,0.37094736267267336,9.409186147416472
29.489565893057957,0.7499999999999992,804.1392568367125,0.3583998805053785,9.392660282979033
29.489565893057957,0.7499999999999992,804.1392568367125,0.3583998805053785,9.392660282979033
29.489565893057957,0.7499999999999992,804.1392568367125,0.3583998805053785,9.392660282979033
29.489565893057957,0.7499999999999992,804.1392568367125,0.3583998805053785,9.392660282979033
29.489565893057957,0.7499999999999992,804.1392568367125,0.3583998805053785,9.392660282979033
30.276433420543505,0.7499999999999992,815.6217359367971,0.5032270088559508,9.51096925231936
30.276433420543505,0.7499999999999992,815.6217359367971,0.5032270088559508,9.51096925231936
30.276433420543505,0.7499999999999992,815.6217359367971,0.5032270088559508,9.51096925231936
30.11275933076237,0.7500000000000002,811.8900880850788,0.3996717541841193,9.54817040461218
30.11275933076237,0.7500000000000002,811.8900880850788,0.3996717541841193,9.54817040461218
29.825858914384444,0.7499999999999989,808.4329705429361,0.41301891280346353,9.662110781070572
29.825858914384444,0.7499999999999989,808.4329705429361,0.41301891280346353,9.662110781070572
29.04740689409317,0.7499999999999984,811.3466853653705,0.37735771355867836,9.799382060932626
29.04740689409317,0.7499999999999984,811.3466853653705,0.37735771355867836,9.799382060932626
29.737281994946585,0.7499999999999999,820.9960243098614,0.39975043351518824,9.916784122278738
29.99039902940535,0.749999999999999,817.8516497612675,0.45490018050351094,9.699523123555931
29.99039902940535,0.749999999999999,817.8516497612675,0.45490018050351094,9.699523123555931
29.50651187364931,0.7499999999999988,820.0946717745302,0.46997579711184023,9.65965733435904
30.35774017363653,0.7499999999999991,822.4101838325139,0.6338057527457369,9.978304081854144
29.611534603385536,0.7499999999999993,806.6547880435874,0.41914585306226365,9.653998588697482
29.611534603385536,0.7499999999999993,806.6547880435874,0.41914585306226365,9.653998588697482
29.611534603385536,0.7499999999999993,806.6547880435874,0.41914585306226365,9.653998588697482
30.20588556080167,0.7499999999999996,821.0202527282488,0.4622348421011117,9.712451574909995
29.360965230600065,0.7499999999999992,816.4572225227046,0.37044511702732863,9.633216342636635
30.658228136662135,0.7499999999999994,819.9551633901561,0.5070166372432084,9.70051291346949
31.039991284296516,0.7499999999999991,821.6651824830674,0.5030258396577361,9.897856630454516
31.039991284296516,0.7499999999999991,821.6651824830674,0.5030258396577361,9.897856630454516
30.230325661005846,0.7499999999999996,817.4218152103685,0.39993931388531245,9.797711727224774
30.230325661005846,0.7499999999999996,817.4218152103685,0.39993931388531245,9.797711727224774
30.230325661005846,0.7499999999999996,817.4218152103685,0.39993931388531245,9.797711727224774
30.230325661005846,0.7499999999999996,817.4218152103685,0.39993931388531245,9.797711727224774
30.230325661005846,0.7499999999999996,817.4218152103685,0.39993931388531245,9.797711727224774
29.859735079287283,0.7499999999999994,819.8018490454504,0.37705838955912896,9.844216175287176
30.38575192069274,0.7499999999999992,818.9606522488117,0.40473180604649106,9.892310046572259
30.606907068249466,0.7499999999999994,817.8641630874383,0.379613290323211,9.725542888348906
30.503714487409756,0.7499999999999993,817.4127967893168,0.4368087490166706,9.66208210391299
30.503714487409756,0.7499999999999993,817.4127967893168,0.4368087490166706,9.66208210391299
30.503714487409756,0.7499999999999993,817.4127967893168,0.4368087490166706,9.66208210391299
29.1498059660431,0.7499999999999991,817.4609817827629,0.4930869493511928,9.623255068484022
28.97728736244598,0.7499999999999998,817.2354414013723,0.383761308088892,9.516272848405112
28.97728736244598,0.7499999999999998,817.2354414013723,0.383761308088892,9.516272848405112
27.493209258157254,0.7499999999999996,818.8174365703164,0.3300166555624542,9.480320641550813
27.519797207213585,0.7499999999999989,830.0553401251638,0.3581404282373948,9.603028363444764
27.58473821955354,0.7499999999999999,829.221813946825,0.3330604427371451,9.535535037519836
27.351267809466922,0.75,827.2049666216004,0.3829725403157806,9.518657483449186
27.351267809466922,0.75,827.2049666216004,0.3829725403157806,9.518657483449186
27.351267809466922,0.75,827.2049666216004,0.3829725403157806,9.518657483449186
29.608180382591,0.7499999999999987,828.9306540312975,0.5666640997743992,9.77039788353074
29.951111175747158,0.7499999999999984,824.8158724015804,0.5403620938033326,9.943576558016114
29.997522110913636,0.7499999999999997,826.0922029692244,0.4415837745383941,9.953702534047414
29.997522110913636,0.7499999999999997,826.0922029692244,0.4415837745383941,9.953702534047414
29.746197154536098,0.7499999999999989,830.8300503132592,0.5575478877706607,10.11382695569684
29.746197154536098,0.7499999999999989,830.8300503132592,0.5575478877706607,10.11382695569684
30.387812577377527,0.7500000000000002,825.9458719273524,0.7009257679588843,9.977035868314644
31.71486951994939,0.7499999999999988,824.4225264220788,0.6394573560686428,9.989522137270654
31.71486951994939,0.7499999999999988,824.4225264220788,0.6394573560686428,9.989522137270654
31.71486951994939,0.7499999999999988,824.4225264220788,0.6394573560686428,9.989522137270654
31.71486951994939,0.7499999999999988,824.4225264220788,0.6394573560686428,9.989522137270654
30.93597802976523,0.7499999999999997,821.2764460776704,0.43749131856164125,9.891508806329778
30.93597802976523,0.7499999999999997,821.2764460776704,0.43749131856164125,9.891508806329778
29.769336094828418,0.7499999999999993,819.798159954074,0.40313748407032896,9.742432993136097
29.284501168117718,0.7499999999999989,819.9889711312362,0.4489514489877323,9.769993780708628
29.235259590591532,0.7499999999999999,816.7315452734392,0.4250108976903454,9.631347069491813
29.235259590591532,0.7499999999999999,816.7315452734392,0.4250108976903454,9.631347069491813
28.96218956857911,0.7499999999999996,820.7577487001543,0.47394205141890955,9.718012948876463
27.47814751200717,0.7499999999999987,822.8521757052326,0.5457749706250703,9.550771801763393
27.518297688345196,0.7499999999999992,822.3090483719124,0.3806806555897533,9.560603603393028
28.10674448422302,0.749999999999999,818.6604504045531,0.4098822832142195,9.693637041191346
28.10674448422302,0.749999999999999,818.6604504045531,0.4098822832142195,9.693637041191346
28.38632917540681,0.7499999999999997,817.4863421970233,0.5880670953466023,9.826832766814764
28.48690546711355,0.7499999999999997,813.3249614215598,0.38701497774886895,9.734574435423403
28.432832755329922,0.7499999999999994,812.754318829374,0.3834513287669865,9.783816131541391
28.432832755329922,0.7499999999999994,812.754318829374,0.3834513287669865,9.783816131541391
28.432832755329922,0.7499999999999994,812.754318829374,0.3834513287669865,9.783816131541391
28.432832755329922,0.7499999999999994,812.754318829374,0.3834513287669865,9.783816131541391
28.432832755329922,0.7499999999999994,812.754318829374,0.3834513287669865,9.783816131541391
29.94859657624541,0.7499999999999996,807.2304481146513,0.4351689802332317,9.813347671110204
29.40314657406864,0.7499999999999994,814.5844258583999,0.5130324096790406,9.869575428370695
29.6163433774261,0.7499999999999992,813.4294337690619,0.4587809396057182,9.765393921838026
29.011646812124564,0.7499999999999998,825.7060297945761,0.42308319540459977,10.011501752301688
29.011646812124564,0.7499999999999998,825.7060297945761,0.42308319540459977,10.011501752301688
29.342467383491254,0.7499999999999997,817.1406451850198,0.4322526489674151,9.60066393386828
30.220941439640075,0.7499999999999993,811.4288103061386,0.44923300469941624,9.456639081545026
30.220941439640075,0.7499999999999993,811.4288103061386,0.44923300469941624,9.456639081545026
30.220941439640075,0.7499999999999993,811.4288103061386,0.44923300469941624,9.456639081545026
30.220941439640075,0.7499999999999993,811.4288103061386,0.44923300469941624,9.456639081545026
30.220941439640075,0.7499999999999993,811.4288103061386,0.44923300469941624,9.456639081545026
30.220941439640075,0.7499999999999993,811.4288103061386,0.44923300469941624,9.456639081545026
31.508100301121303,0.7499999999999993,810.0076141281519,0.41279730725626596,9.682899556202361
31.508100301121303,0.7499999999999993,810.0076141281519,0.41279730725626596,9.682899556202361
31.508100301121303,0.7499999999999993,810.0076141281519,0.41279730725626596,9.682899556202361
31.073505162597833,0.7499999999999988,811.8131871180273,0.5544157736625193,9.773472477006095
30.12535816676176,0.7499999999999992,810.5049408195639,0.40754986266196913,9.863838542636302
30.12535816676176,0.7499999999999992,810.5049408195639,0.40754986266196913,9.863838542636302
30.12535816676176,0.7499999999999992,810.5049408195639,0.40754986266196913,9.863838542636302
31.25897494294667,0.7499999999999997,811.9837539054686,0.4036531397948145,9.913809228987466
31.296442146947903,0.7499999999999993,810.3130596769814,0.41550687693309235,9.990962456936234
31.296442146947903,0.7499999999999993,810.3130596769814,0.41550687693309235,9.990962456936234
31.296442146947903,0.7499999999999993,810.3130596769814,0.41550687693309235,9.990962456936234
31.296442146947903,0.7499999999999993,810.3130596769814,0.41550687693309235,9.990962456936234
31.296442146947903,0.7499999999999993,810.3130596769814,0.41550687693309235,9.990962456936234
31.039620685275704,0.7499999999999993,812.0962705352422,0.4101491690343572,9.953269880460322
31.039620685275704,0.7499999999999993,812.0962705352422,0.4101491690343572,9.953269880460322
29.9506086894159,0.7499999999999996,821.7784151372034,0.46118580778890106,9.951008487603664
31.318566207707704,0.7499999999999994,828.0144693166071,0.5742633380563603,10.174966204105965
29.435615627426117,0.7499999999999997,816.8828687986754,0.4958537702911051,9.887276385549125
29.565329673205586,0.7499999999999984,812.29146600878,0.46273494721840996,9.815598670351722
29.565329673205586,0.7499999999999984,812.29146600878,0.46273494721840996,9.815598670351722
29.565329673205586,0.7499999999999984,812.29146600878,0.46273494721840996,9.815598670351722
29.565329673205586,0.7499999999999984,812.29146600878,0.46273494721840996,9.815598670351722
29.565329673205586,0.7499999999999984,812.29146600878,0.46273494721840996,9.815598670351722
30.486275024586746,0.749999999999999,827.5036223094485,0.5331366065612406,9.833564502218854
28.8046028836333,0.7499999999999998,830.4663109948436,0.4456850066018313,9.773365323991973
28.8046028836333,0.7499999999999998,830.4663109948436,0.4456850066018313,9.773365323991973
29.205270712029808,0.7499999999999991,834.3112651328798,0.5144585836245794,9.864947485734556
29.205270712029808,0.7499999999999991,834.3112651328798,0.5144585836245794,9.864947485734556
28.36860973627528,0.7500000000000001,828.171893271205,0.452193041574539,9.72856178695012
29.604626632726006,0.7499999999999973,826.4973275863765,0.5482653421236952,9.938381388591122
30.08867163116595,0.7499999999999992,833.2584883737611,0.5578765722944712,9.985863672943816
30.08867163116595,0.7499999999999992,833.2584883737611,0.5578765722944712,9.985863672943816
29.169764898516455,0.7499999999999989,829.8802829884575,0.5253550573851872,9.899954534691195
28.56210425663356,0.7499999999999994,827.8247313116642,0.38137105204069577,9.650786164640882
28.56210425663356,0.7499999999999994,827.8247313116642,0.38137105204069577,9.650786164640882
28.56210425663356,0.7499999999999994,827.8247313116642,0.38137105204069577,9.650786164640882
28.3324553183165,0.7499999999999993,828.8521114379253,0.5068298294120542,9.818854831602067
28.3324553183165,0.7499999999999993,828.8521114379253,0.5068298294120542,9.818854831602067
28.3324553183165,0.7499999999999993,828.8521114379253,0.5068298294120542,9.818854831602067
28.18970430775262,0.7499999999999993,819.3421625609003,0.4087523381391208,9.633227202637034
28.18970430775262,0.7499999999999993,819.3421625609003,0.4087523381391208,9.633227202637034
28.292841739252605,0.7499999999999993,823.3295952466706,0.4184422621149354,9.695875922081061
28.44846632257073,0.7499999999999987,831.3447280207297,0.4664339085629565,9.828327559315209
28.44842080260293,0.7499999999999996,831.3332905519048,0.42245500550457293,9.63543468349199
28.421557986340513,0.7499999999999992,836.1874277304458,0.45932493143334546,9.553972588436995
27.72426480601397,0.7499999999999988,835.2722432119838,0.3820024483426301,9.622541469923908
29.002542779649282,0.75,825.1172605953127,0.4693286005201278,9.497087487319973
29.002542779649282,0.75,825.1172605953127,0.4693286005201278,9.497087487319973
28.96281823589019,0.7499999999999998,815.7071178942065,0.4664480639649703,9.478507295332843
28.96281823589019,0.7499999999999998,815.7071178942065,0.4664480639649703,9.478507295332843
28.96281823589019,0.7499999999999998,815.7071178942065,0.4664480639649703,9.478507295332843
28.96281823589019,0.7499999999999998,815.7071178942065,0.4664480639649703,9.478507295332843
30.113230150756582,0.7500000000000001,824.2501555113308,0.5805477374852301,9.739973712440303
29.764319452507873,0.7499999999999998,822.7088580948579,0.46355772157421266,9.500122241761655
29.08738744525685,0.7499999999999999,820.6731197922498,0.3938023868046392,9.444711075012716
28.285850854792415,0.7500000000000001,826.5643776092188,0.37519538356795434,9.474523752065116
29.64061275515747,0.75,820.8963832621436,0.4775944376833878,9.532293432125567
28.92957456657414,0.7499999999999991,818.4242204570478,0.3531072349681456,9.387045037072516
29.10378861045347,0.7499999999999984,812.6216000143284,0.3943377663522422,9.567408747989285
29.10378861045347,0.7499999999999984,812.6216000143284,0.3943377663522422,9.567408747989285
29.10378861045347,0.7499999999999984,812.6216000143284,0.3943377663522422,9.567408747989285
29.466642625399448,0.75,821.6813975008608,0.4711430435934905,9.757997729880225
28.982416849581707,0.7499999999999993,829.4628747445289,0.47083030781538515,9.851167044414657
28.982416849581707,0.7499999999999993,829.4628747445289,0.47083030781538515,9.851167044414657
30.22627807425725,0.7499999999999989,828.0477116763722,0.49713331437218017,9.819272607150214
30.22627807425725,0.7499999999999989,828.0477116763722,0.49713331437218017,9.819272607150214
29.895752368379643,0.7499999999999992,824.8802789071112,0.4710167119048181,9.858013298322708
29.15825376161178,0.75,815.9347666973811,0.6318627647454806,9.854030470150786
29.285522219866124,0.7499999999999981,825.6514546260901,0.594672177481507,10.054191125640013
29.582244525683105,0.7499999999999998,818.0384862354002,0.5742803328940942,10.030446781761261
28.873260206152597,0.7499999999999997,825.5447670606281,0.37939165285266657,9.895214514636375
28.873260206152597,0.7499999999999997,825.5447670606281,0.37939165285266657,9.895214514636375
28.45513397637024,0.7499999999999999,815.5891009227503,0.40801092522977833,9.693729369748155
28.45513397637024,0.7499999999999999,815.5891009227503,0.40801092522977833,9.693729369748155
28.45513397637024,0.7499999999999999,815.5891009227503,0.40801092522977833,9.693729369748155
30.157320525810114,0.7499999999999993,820.1416220728547,0.5150567898285449,9.8741506101282
29.710343319842686,0.7499999999999989,817.5307586487563,0.5141512447619142,9.876399393698943
29.710343319842686,0.7499999999999989,817.5307586487563,0.5141512447619142,9.876399393698943
29.93103896567524,0.7499999999999988,816.5182958057164,0.46906371731726043,10.028386771136647
29.93103896567524,0.7499999999999988,816.5182958057164,0.46906371731726043,10.028386771136647
29.93103896567524,0.7499999999999988,816.5182958057164,0.46906371731726043,10.028386771136647
29.93103896567524,0.7499999999999988,816.5182958057164,0.46906371731726043,10.028386771136647
29.93103896567524,0.7499999999999988,816.5182958057164,0.46906371731726043,10.028386771136647
30.994022265202485,0.7499999999999987,819.9310271646722,0.4387098642909093,10.057018460077137
31.243244838527485,0.7499999999999998,814.7304165717247,0.3837654595954016,9.842398463765004
31.243244838527485,0.7499999999999998,814.7304165717247,0.3837654595954016,9.842398463765004
31.52169593877177,0.7499999999999993,811.7269686801841,0.4668024730410513,9.961034788582515
31.52169593877177,0.7499999999999993,811.7269686801841,0.4668024730410513,9.961034788582515
31.52169593877177,0.7499999999999993,811.7269686801841,0.4668024730410513,9.961034788582515
31.096685489646593,0.7499999999999991,815.3683945776861,0.4771183443382974,10.088343727912283
31.096685489646593,0.7499999999999991,815.3683945776861,0.4771183443382974,10.088343727912283
31.729480518797317,0.7499999999999996,815.6660393974181,0.47816906489274064,10.237739457703222
31.729480518797317,0.7499999999999996,815.6660393974181,0.47816906489274064,10.237739457703222
31.729480518797317,0.7499999999999996,815.6660393974181,0.47816906489274064,10.237739457703222
30.927724851934162,0.7499999999999986,824.1344873699614,0.4688521618846246,10.404886541951427
29.858966478845097,0.7499999999999996,814.015954881497,0.43889151076604493,10.164346171534651
29.858966478845097,0.7499999999999996,814.015954881497,0.43889151076604493,10.164346171534651
28.57887357045585,0.7499999999999986,813.6604785069514,0.4825059754766546,10.1005346968221
28.57887357045585,0.7499999999999986,813.6604785069514,0.4825059754766546,10.1005346968221
28.80111169612628,0.7500000000000002,812.2367386754609,0.5031263211662915,9.985223978503765
28.80111169612628,0.7500000000000002,812.2367386754609,0.5031263211662915,9.985223978503765
28.80111169612628,0.7500000000000002,812.2367386754609,0.5031263211662915,9.985223978503765
29.887797535099494,0.7499999999999992,805.294148237403,0.4617193809106774,9.95657152669025
29.887797535099494,0.7499999999999992,805.294148237403,0.4617193809106774,9.95657152669025
29.887797535099494,0.7499999999999992,805.294148237403,0.4617193809106774,9.95657152669025
29.887797535099494,0.7499999999999992,805.294148237403,0.4617193809106774,9.95657152669025
29.887797535099494,0.7499999999999992,805.294148237403,0.4617193809106774,9.95657152669025
29.94299569477605,0.7499999999999994,810.9953212658613,0.4405828006192158,10.014562916188122
30.143169257476526,0.7499999999999982,817.7476589671105,0.5173165366582178,10.164031957983818
30.143169257476526,0.7499999999999982,817.7476589671105,0.5173165366582178,10.164031957983818
30.143169257476526,0.7499999999999982,817.7476589671105,0.5173165366582178,10.164031957983818
30.118169208420447,0.75,816.4283065051712,0.48592464097036325,10.092745401366718
29.984012736508113,0.7499999999999992,819.7773140396856,0.45480831060709137,9.94334086718789
29.984012736508113,0.7499999999999992,819.7773140396856,0.45480831060709137,9.94334086718789
29.984012736508113,0.7499999999999992,819.7773140396856,0.45480831060709137,9.94334086718789
29.95004871264579,0.7500000000000003,818.4924118749957,0.4311668617185813,9.929211031498625
30.142167479773764,0.7499999999999992,818.6473084891944,0.46555312428116497,10.241109910375627
30.142167479773764,0.7499999999999992,818.6473084891944,0.46555312428116497,10.241109910375627
29.837170421083744,0.7499999999999997,813.0459625896364,0.4345175304634419,9.944887979935697
29.419579364515464,0.7499999999999988,812.6946961970683,0.431757853409727,9.910325270835
29.419579364515464,0.7499999999999988,812.6946961970683,0.431757853409727,9.910325270835
29.026889977300804,0.7499999999999999,813.6669375864635,0.39900754389505266,9.64405487052251
29.026889977300804,0.7499999999999999,813.6669375864635,0.39900754389505266,9.64405487052251
30.203582771084616,0.7499999999999993,813.4121088626727,0.5043537457956664,9.666044081149831
30.203582771084616,0.7499999999999993,813.4121088626727,0.5043537457956664,9.666044081149831
30.203582771084616,0.7499999999999993,813.4121088626727,0.5043537457956664,9.666044081149831
28.722093713991217,0.7499999999999994,811.041919714516,0.407100634172757,9.532936992989018
28.54825069058724,0.7499999999999993,812.223827203373,0.38060787366758314,9.403158094548777
29.132161212273115,0.749999999999999,814.4793177365494,0.39966621031081817,9.517875391469246
28.962452595555728,0.7499999999999993,812.2110998028744,0.41245085297572814,9.550466918871482
28.84088366081788,0.749999999999998,816.5523783461625,0.48059466014859914,9.551158824469946
28.91466007576885,0.7499999999999997,814.016708569143,0.48377203370668725,9.664874910266553
29.703255929832245,0.7499999999999999,818.4227527887693,0.5440216228979444,9.662659143075635
29.305117234517564,0.7499999999999994,818.7238250611291,0.39333311013655087,9.531189269611058
29.41979017107602,0.7499999999999977,823.4616354813106,0.38850490461307713,9.557004723968513
29.41979017107602,0.7499999999999977,823.4616354813106,0.38850490461307713,9.557004723968513
29.84973060995362,0.75,817.0072612189426,0.5781277504423533,9.770491628817387
29.226899804959963,0.75,817.1584448220506,0.4132582737761571,9.580654450761694
30.6648831728894,0.749999999999998,824.6573189131345,0.6143042617589488,9.904711901964745
31.29462623067204,0.7499999999999996,823.5793676377659,0.42389253039816827,9.88190368048287
31.29462623067204,0.7499999999999996,823.5793676377659,0.42389253039816827,9.88190368048287
30.56055176644686,0.7499999999999987,819.4805495674871,0.4416218746402858,9.89130952713759
29.771887782460634,0.7499999999999989,817.5785428081385,0.4825222302127349,9.770303150373868
30.485091743659165,0.7499999999999994,826.1660031396871,0.43458583064598216,9.758012609726938
29.77874606637601,0.7499999999999988,822.9339871986475,0.45059372246764234,9.713019679729982
29.77874606637601,0.7499999999999988,822.9339871986475,0.45059372246764234,9.713019679729982
29.77874606637601,0.7499999999999988,822.9339871986475,0.45059372246764234,9.713019679729982
29.33957454787906,0.7499999999999993,817.1344893765438,0.43654189836065665,9.46144869382159
29.33957454787906,0.7499999999999993,817.1344893765438,0.43654189836065665,9.46144869382159
29.33957454787906,0.7499999999999993,817.1344893765438,0.43654189836065665,9.46144869382159
29.570873148243727,0.7499999999999993,813.7438147801107,0.4305363507119089,9.659504061886954
29.570873148243727,0.7499999999999993,813.7438147801107,0.4305363507119089,9.659504061886954
30.14252416213102,0.7499999999999986,807.273505375025,0.46143013856600296,9.71113504967947
30.14252416213102,0.7499999999999986,807.273505375025,0.46143013856600296,9.71113504967947
30.14252416213102,0.7499999999999986,807.273505375025,0.46143013856600296,9.71113504967947
30.14252416213102,0.7499999999999986,807.273505375025,0.46143013856600296,9.71113504967947
28.785160831844973,0.7499999999999994,809.115823439608,0.39214098225959,9.587603377527817
28.92929680618213,0.7499999999999991,817.8546235168932,0.4731968310167802,9.594952951306684
29.363746759766947,0.749999999999999,821.3446780930859,0.5117470035563018,9.843704217993686
29.525603128022382,0.7499999999999992,819.9130915273395,0.4869683503201976,9.74235381081599
29.82871590166815,0.7499999999999997,827.7102018058418,0.49944757450270416,9.631767205333835
29.97545001350418,0.7499999999999983,830.210455440898,0.49098167732574743,9.770351192315621
30.78335518307784,0.7499999999999998,817.9630421979782,0.578450311131837,9.749344852228372
30.78335518307784,0.7499999999999998,817.9630421979782,0.578450311131837,9.749344852228372
30.78335518307784,0.7499999999999998,817.9630421979782,0.578450311131837,9.749344852228372
30.582134807356333,0.7499999999999998,813.5867749360709,0.3951231606581872,9.766086457566114
30.582134807356333,0.7499999999999998,813.5867749360709,0.3951231606581872,9.766086457566114
30.339179606163217,0.7499999999999994,809.0758539474245,0.4189369283284635,9.504591596171593
31.081796337012033,0.7499999999999992,808.9615097539064,0.4182556804254299,9.836720832141316
31.081796337012033,0.7499999999999992,808.9615097539064,0.4182556804254299,9.836720832141316
31.081796337012033,0.7499999999999992,808.9615097539064,0.4182556804254299,9.836720832141316
31.081796337012033,0.7499999999999992,808.9615097539064,0.4182556804254299,9.836720832141316
29.907935560509966,0.7499999999999998,810.3403712512384,0.36752303076359777,9.73458705895734
30.106490992569604,0.7500000000000002,809.9526052741702,0.41070168421567693,9.56064656664876
30.106490992569604,0.7500000000000002,809.9526052741702,0.41070168421567693,9.56064656664876
30.383141457619598,0.7499999999999993,806.2792290318789,0.3738422222605953,9.64930030530164
30.556906591818205,0.749999999999999,805.2112566469624,0.37875442121763164,9.590916245368252
30.556906591818205,0.749999999999999,805.2112566469624,0.37875442121763164,9.590916245368252
30.988378007266075,0.7499999999999999,805.0514632762615,0.3641193490810718,9.615115565593689
30.988378007266075,0.7499999999999999,805.0514632762615,0.3641193490810718,9.615115565593689
30.988378007266075,0.7499999999999999,805.0514632762615,0.3641193490810718,9.615115565593689
30.988378007266075,0.7499999999999999,805.0514632762615,0.3641193490810718,9.615115565593689
30.988378007266075,0.7499999999999999,805.0514632762615,0.3641193490810718,9.615115565593689
30.988378007266075,0.7499999999999999,805.0514632762615,0.3641193490810718,9.615115565593689
30.387911549777133,0.75,805.3834510799388,0.3179917772506895,9.607574947080286
30.387911549777133,0.75,805.3834510799388,0.3179917772506895,9.607574947080286
30.187528956139698,0.7499999999999976,808.6276203936263,0.3565399922605862,9.750042082119823
29.593569778851375,0.7499999999999998,807.4682431613373,0.3588600228419573,9.53214227439737
29.88795539053991,0.749999999999999,812.9592110203592,0.4220168997001981,9.566840485684171
29.88795539053991,0.749999999999999,812.9592110203592,0.4220168997001981,9.566840485684171
30.78667213612388,0.7500000000000002,813.0321655453946,0.4743061645351679,9.676731821585005
31.12971093524639,0.7500000000000001,808.424721605445,0.4382070466363114,9.715189654516033
30.269582100938305,0.7499999999999992,808.9077896149986,0.4512251633128051,9.72412009652945
30.269582100938305,0.7499999999999992,808.9077896149986,0.4512251633128051,9.72412009652945
30.85925836077567,0.7499999999999997,804.5936007931454,0.4414053559238751,9.697156364874994
30.100618593957527,0.7499999999999997,803.6600619518122,0.3850337070790379,9.696303146343407
29.062251452077447,0.7499999999999998,806.4376624277763,0.42046882938765656,9.67167873700053
29.44272219943601,0.7499999999999984,802.381677130016,0.3809766896555287,9.54360491332369
29.44272219943601,0.7499999999999984,802.381677130016,0.3809766896555287,9.54360491332369
29.44272219943601,0.7499999999999984,802.381677130016,0.3809766896555287,9.54360491332369
29.44272219943601,0.7499999999999984,802.381677130016,0.3809766896555287,9.54360491332369
29.657773015735962,0.7499999999999993,802.7948041346667,0.41244888311967043,9.492834564317391
30.166980711772553,0.7499999999999992,803.9887802149708,0.45650642476722725,9.688593845365833
30.166980711772553,0.7499999999999992,803.9887802149708,0.45650642476722725,9.688593845365833
30.42820420679072,0.7499999999999986,802.2477892971701,0.45772296411189317,9.763418933946017
30.42820420679072,0.7499999999999986,802.2477892971701,0.45772296411189317,9.763418933946017
31.523767543820206,0.7499999999999988,810.5765724440228,0.4851057309210122,9.929418594065774
29.392276668475265,0.7499999999999989,803.9316753720775,0.33341071129131206,9.540598597884184
30.070347556878367,0.749999999999998,811.1701916901617,0.4017390925097243,9.677555892508376
29.66193473843311,0.7499999999999997,806.5128445834657,0.43034900480525196,9.637914257958448
29.416957541995252,0.7499999999999997,807.170931048518,0.46110533705001855,9.569531189061454
28.61420498389794,0.7499999999999996,798.735341372606,0.4548485174034845,9.42164223662611
28.735330122235943,0.7499999999999997,796.6585280773154,0.34119009251856797,9.507834183689226
28.735330122235943,0.7499999999999997,796.6585280773154,0.34119009251856797,9.507834183689226
30.504797530181452,0.7499999999999987,799.4697053225113,0.4728114043628417,9.663857412784958
30.504797530181452,0.7499999999999987,799.4697053225113,0.4728114043628417,9.663857412784958
30.504797530181452,0.7499999999999987,799.4697053225113,0.4728114043628417,9.663857412784958
31.516728205567066,0.7499999999999998,799.1404532590365,0.45244867707134806,9.783227191835104
31.516728205567066,0.7499999999999998,799.1404532590365,0.45244867707134806,9.783227191835104
31.516728205567066,0.7499999999999998,799.1404532590365,0.45244867707134806,9.783227191835104
31.062609226496097,0.7499999999999993,807.3376499811874,0.4561436322194002,9.729255248274004
31.062609226496097,0.7499999999999993,807.3376499811874,0.4561436322194002,9.729255248274004
30.732544169419224,0.7499999999999994,801.1010786092388,0.3981034046672448,9.789407149700452
30.732544169419224,0.7499999999999994,801.1010786092388,0.3981034046672448,9.789407149700452
30.732544169419224,0.7499999999999994,801.1010786092388,0.3981034046672448,9.789407149700452
30.732544169419224,0.7499999999999994,801.1010786092388,0.3981034046672448,9.789407149700452
30.051759593985036,0.7499999999999994,800.7035907373685,0.370309770559527,9.687056088702997
30.47755724134325,0.7499999999999996,803.7486944836419,0.3916322897073833,9.771656663733264
31.263215182590415,0.7499999999999993,796.297383468293,0.40101011760543914,9.672416357743856
31.263215182590415,0.7499999999999993,796.297383468293,0.40101011760543914,9.672416357743856
31.263215182590415,0.7499999999999993,796.297383468293,0.40101011760543914,9.672416357743856
31.263215182590415,0.7499999999999993,796.297383468293,0.40101011760543914,9.672416357743856
31.263215182590415,0.7499999999999993,796.297383468293,0.40101011760543914,9.672416357743856
32.11719672427509,0.7499999999999989,803.2988542101097,0.4886186661232106,9.803279944021451
32.11719672427509,0.7499999999999989,803.2988542101097,0.4886186661232106,9.803279944021451
32.11719672427509,0.7499999999999989,803.2988542101097,0.4886186661232106,9.803279944021451
32.6016902786462,0.7499999999999989,804.8791961549098,0.46881740728217575,9.89887645156389
32.6016902786462,0.7499999999999989,804.8791961549098,0.46881740728217575,9.89887645156389
32.6016902786462,0.7499999999999989,804.8791961549098,0.46881740728217575,9.89887645156389
32.6016902786462,0.7499999999999989,804.8791961549098,0.46881740728217575,9.89887645156389
31.902141681067206,0.7499999999999994,806.83130790637,0.4306115870920003,9.650671641126896
32.181778958234794,0.7499999999999996,803.7063150119164,0.4404035284969612,9.83082432580655
32.181778958234794,0.7499999999999996,803.7063150119164,0.4404035284969612,9.83082432580655
32.181778958234794,0.7499999999999996,803.7063150119164,0.4404035284969612,9.83082432580655
31.095759633258034,0.7499999999999986,801.6372893734364,0.39895707416982534,9.699842634123929
31.983585575099777,0.7499999999999994,806.0894021657903,0.44723458476426997,9.969716814916945
31.84738558626062,0.7499999999999993,802.2758831338352,0.44779793053199124,9.74816215639118
32.082270091761615,0.7499999999999981,805.6284932559655,0.44586786508003146,9.813393150657035
31.026767310901565,0.7499999999999978,797.3476822813129,0.38108378720742775,9.641277732986817
31.026767310901565,0.7499999999999978,797.3476822813129,0.38108378720742775,9.641277732986817
30.585272133540226,0.7500000000000002,799.1886321811986,0.39802160537458975,9.72806486749802
31.319108317950267,0.75,803.4325997152418,0.46842325272296187,9.866089966368145
31.877691387742754,0.7499999999999999,812.0926785957831,0.49366567198078415,10.02697135282411
31.612747341938075,0.7499999999999984,811.8056241375282,0.4423108842618399,10.179282468306042
31.612747341938075,0.7499999999999984,811.8056241375282,0.4423108842618399,10.179282468306042
31.612747341938075,0.7499999999999984,811.8056241375282,0.4423108842618399,10.179282468306042
31.612747341938075,0.7499999999999984,811.8056241375282,0.4423108842618399,10.179282468306042
31.09810235630798,0.7499999999999981,808.7555916775224,0.42601039990475825,10.08052444247797
31.30572818887626,0.7499999999999989,803.5797096297358,0.4464645001901602,9.962059492055468
31.881495112108368,0.7499999999999992,804.6498420365024,0.5430711756593063,10.106383265498375
30.75364826740164,0.7500000000000001,804.3135228576207,0.4137136858133946,9.790316047854095
30.786151852135408,0.749999999999999,795.1930419515561,0.4494610901113174,9.831160332319664
30.786151852135408,0.749999999999999,795.1930419515561,0.4494610901113174,9.831160332319664
30.786151852135408,0.749999999999999,795.1930419515561,0.4494610901113174,9.831160332319664
30.221504921665307,0.7499999999999998,793.1424922952656,0.3893954242966336,9.819159854914748
30.221504921665307,0.7499999999999998,793.1424922952656,0.3893954242966336,9.819159854914748
30.221504921665307,0.7499999999999998,793.1424922952656,0.3893954242966336,9.819159854914748
30.221504921665307,0.7499999999999998,793.1424922952656,0.3893954242966336,9.819159854914748
31.29969020408638,0.7499999999999994,793.8531057866156,0.48245729344251914,9.70971358448358
31.29969020408638,0.7499999999999994,793.8531057866156,0.48245729344251914,9.70971358448358
30.135801217682907,0.75,805.3658371862924,0.4575798211259173,9.600994182882426
30.135801217682907,0.75,805.3658371862924,0.4575798211259173,9.600994182882426
30.135801217682907,0.75,805.3658371862924,0.4575798211259173,9.600994182882426
30.135801217682907,0.75,805.3658371862924,0.4575798211259173,9.600994182882426
30.556214835600937,0.7499999999999999,801.888516877411,0.4467268294755899,9.748139048012812
30.556214835600937,0.7499999999999999,801.888516877411,0.4467268294755899,9.748139048012812
30.556214835600937,0.7499999999999999,801.888516877411,0.4467268294755899,9.748139048012812
30.556214835600937,0.7499999999999999,801.888516877411,0.4467268294755899,9.748139048012812
30.556214835600937,0.7499999999999999,801.888516877411,0.4467268294755899,9.748139048012812
30.556214835600937,0.7499999999999999,801.888516877411,0.4467268294755899,9.748139048012812
30.556214835600937,0.7499999999999999,801.888516877411,0.4467268294755899,9.748139048012812
30.556214835600937,0.7499999999999999,801.888516877411,0.4467268294755899,9.748139048012812
30.556214835600937,0.7499999999999999,801.888516877411,0.4467268294755899,9.748139048012812
30.097259605947517,0.7499999999999992,806.661683015926,0.4347933382201674,9.851706739162022
28.035979479653328,0.7499999999999999,812.06701863833,0.36782516189045716,9.672196181507584
28.918076607389146,0.7499999999999989,809.9542291855324,0.38768323955939193,9.729260631500779
29.979266155171963,0.7499999999999993,811.992924462155,0.45939361750898017,9.699353347516269
30.78694527313514,0.7499999999999999,816.6165738920515,0.4845203234163762,9.898740753805873
31.358232269285335,0.7499999999999993,818.4682997719124,0.571032231916654,10.092544249093853
32.05571194473692,0.7499999999999996,825.0143107017983,0.610211399340902,9.963810882533235
31.834235429810466,0.7499999999999999,813.2575214156693,0.6196052133909499,9.91468272099058
31.536239456316533,0.7499999999999992,802.7503387840666,0.4611994815665246,9.592839266321487
31.536239456316533,0.7499999999999992,802.7503387840666,0.4611994815665246,9.592839266321487
31.536239456316533,0.7499999999999992,802.7503387840666,0.4611994815665246,9.592839266321487
31.536239456316533,0.7499999999999992,802.7503387840666,0.4611994815665246,9.592839266321487
31.419862738005644,0.7499999999999983,806.1477567143596,0.45709456303071244,9.669672346797995
32.073454582233815,0.7499999999999994,816.0278096949987,0.5183761233142592,9.762147261309142
32.09468785588618,0.7499999999999976,813.7220611673407,0.5718528441276224,9.82891201962291
32.518582465434314,0.7499999999999969,812.4614312054496,0.5002354164113925,9.821009728764915
32.518582465434314,0.7499999999999969,812.4614312054496,0.5002354164113925,9.821009728764915
32.518582465434314,0.7499999999999969,812.4614312054496,0.5002354164113925,9.821009728764915
30.93281094413083,0.7500000000000002,811.9749067489972,0.48297021471888946,9.62526956319248
30.93281094413083,0.7500000000000002,811.9749067489972,0.48297021471888946,9.62526956319248
30.93281094413083,0.7500000000000002,811.9749067489972,0.48297021471888946,9.62526956319248
30.93281094413083,0.7500000000000002,811.9749067489972,0.48297021471888946,9.62526956319248
30.93281094413083,0.7500000000000002,811.9749067489972,0.48297021471888946,9.62526956319248
31.77918757890732,0.749999999999999,810.3175261150486,0.5513944678887721,9.721547152664442
31.77918757890732,0.749999999999999,810.3175261150486,0.5513944678887721,9.721547152664442
30.58195111663177,0.7499999999999992,813.0148765221282,0.3923045225750999,9.675063409315337
30.58195111663177,0.7499999999999992,813.0148765221282,0.3923045225750999,9.675063409315337
30.309036421712392,0.7499999999999992,813.4142638027577,0.4109721458015467,9.710264772024743
30.309036421712392,0.7499999999999992,813.4142638027577,0.4109721458015467,9.710264772024743
30.309036421712392,0.7499999999999992,813.4142638027577,0.4109721458015467,9.710264772024743
30.309036421712392,0.7499999999999992,813.4142638027577,0.4109721458015467,9.710264772024743
30.297149621437285,0.7499999999999999,807.0319048576878,0.43751386163243083,9.456044552292488
30.297149621437285,0.7499999999999999,807.0319048576878,0.43751386163243083,9.456044552292488
31.613723101008397,0.7499999999999994,808.1469219465179,0.4647664141647683,9.73190859422175
30.942366378702683,0.7499999999999993,805.1479549524096,0.4586016313146886,9.702136426892789
30.942366378702683,0.7499999999999993,805.1479549524096,0.4586016313146886,9.702136426892789
30.30038818301364,0.7499999999999996,803.7110819844539,0.39673988635058743,9.652900028631006
29.595973779900874,0.7499999999999999,802.6965227070474,0.469297485535554,9.653906499110088
30.731060962583943,0.75,810.0711480080995,0.44552913930809773,9.923063491600354
30.731060962583943,0.75,810.0711480080995,0.44552913930809773,9.923063491600354
30.731060962583943,0.75,810.0711480080995,0.44552913930809773,9.923063491600354
32.02113506521594,0.7499999999999993,815.509268658572,0.6269981539269105,10.072867988880642
31.632898795293254,0.749999999999999,812.2887504462968,0.45443297692600254,9.889751409610748
31.632898795293254,0.749999999999999,812.2887504462968,0.45443297692600254,9.889751409610748
30.519242510165583,0.7499999999999992,810.0936523713752,0.3998869121072618,9.840772741405232
30.048050850947572,0.749999999999999,802.0745040100542,0.44360547286624374,9.72510408722584
30.048050850947572,0.749999999999999,802.0745040100542,0.44360547286624374,9.72510408722584
29.66010150615294,0.7499999999999996,807.5586904012794,0.4239111826021857,9.632204360161188
29.66010150615294,0.7499999999999996,807.5586904012794,0.4239111826021857,9.632204360161188
29.66010150615294,0.7499999999999996,807.5586904012794,0.4239111826021857,9.632204360161188
29.69596284382623,0.7499999999999997,810.3686432150773,0.42316889616102643,9.536162139301487
29.49560971417429,0.7500000000000003,809.8906619265421,0.4103732890119163,9.683782246941425
29.49560971417429,0.7500000000000003,809.8906619265421,0.4103732890119163,9.683782246941425
29.49560971417429,0.7500000000000003,809.8906619265421,0.4103732890119163,9.683782246941425
29.125578865309034,0.7500000000000003,806.078376632281,0.39775819985822375,9.698928076905016
29.29051592457406,0.7499999999999994,805.2067177878905,0.3292792933789794,9.662124640949301
29.29051592457406,0.7499999999999994,805.2067177878905,0.3292792933789794,9.662124640949301
29.82363791334859,0.7499999999999997,813.0456768600154,0.4295935876587316,9.608913670725036
29.534673110383334,0.7499999999999982,814.4552937421869,0.43833527471257216,9.743073960034247
29.913086805847488,0.7499999999999987,818.9293807741575,0.4821445868049829,9.747447410697458
29.080592714095165,0.7499999999999992,815.2155995285613,0.4117737303639438,9.772691387157735
29.080592714095165,0.7499999999999992,815.2155995285613,0.4117737303639438,9.772691387157735
29.080592714095165,0.7499999999999992,815.2155995285613,0.4117737303639438,9.772691387157735
28.688702339958,0.7499999999999991,809.7130136516853,0.47991419968602284,9.669529487573698
29.79312733347606,0.7499999999999996,809.4633194199462,0.45829040377838226,9.726378575486397
29.79312733347606,0.7499999999999996,809.4633194199462,0.45829040377838226,9.726378575486397
29.79312733347606,0.7499999999999996,809.4633194199462,0.45829040377838226,9.726378575486397
30.06524089587787,0.7499999999999996,812.4152114637891,0.4751388975695338,9.75478950182601
29.28266035673761,0.7499999999999988,812.368216679426,0.4529279652287497,9.907209154796709
29.142081014515977,0.7499999999999986,829.0835171892028,0.5209831450378233,10.234154933542223
29.142081014515977,0.7499999999999986,829.0835171892028,0.5209831450378233,10.234154933542223
28.407798494257914,0.7499999999999988,823.920099158738,0.5940136731087644,10.031145610171208
28.407798494257914,0.7499999999999988,823.920099158738,0.5940136731087644,10.031145610171208
29.201094457284483,0.7499999999999994,828.9751308605777,0.41766569020643635,10.07119553960257
29.201094457284483,0.7499999999999994,828.9751308605777,0.41766569020643635,10.07119553960257
29.747880855173015,0.7499999999999991,820.3440555778388,0.4833157472012292,9.908054955432139
29.747880855173015,0.7499999999999991,820.3440555778388,0.4833157472012292,9.908054955432139
29.893980656978908,0.7499999999999986,817.430442182303,0.4734477490580134,9.997995979258551
29.893980656978908,0.7499999999999986,817.430442182303,0.4734477490580134,9.997995979258551
28.987349707772573,0.7499999999999994,815.1512586171772,0.46830834768634544,9.845360565509429
28.987349707772573,0.7499999999999994,815.1512586171772,0.46830834768634544,9.845360565509429
29.784442910351014,0.7499999999999991,813.4321613840025,0.5088497078101851,9.921697965926342
29.51516443466175,0.749999999999999,807.9787861788398,0.5111880701999705,9.85000988275863
29.51516443466175,0.749999999999999,807.9787861788398,0.5111880701999705,9.85000988275863
29.51516443466175,0.749999999999999,807.9787861788398,0.5111880701999705,9.85000988275863
30.394688229914713,0.7499999999999994,808.4929198320863,0.43602082020035615,9.928913557576015
30.394688229914713,0.7499999999999994,808.4929198320863,0.43602082020035615,9.928913557576015
30.394688229914713,0.7499999999999994,808.4929198320863,0.43602082020035615,9.928913557576015
30.696661824145263,0.7499999999999982,806.8011605348032,0.49906826109027563,9.976258724214452
30.696661824145263,0.7499999999999982,806.8011605348032,0.49906826109027563,9.976258724214452
29.71254807063737,0.7499999999999991,803.824887705702,0.3841050664849981,9.641927647925119
29.518422568551447,0.75,802.1688415576914,0.4961737696943405,9.696515635740178
29.518422568551447,0.75,802.1688415576914,0.4961737696943405,9.696515635740178
29.84310579262438,0.7499999999999997,799.575356286908,0.5427270185319025,9.708467934622822
29.84310579262438,0.7499999999999997,799.575356286908,0.5427270185319025,9.708467934622822
29.068703065209334,0.7499999999999994,811.7609478856529,0.4748949824946717,9.938645446176537
30.594320494649864,0.7499999999999993,815.7713183868616,0.5181967952873673,9.998097856419463
29.797159991453317,0.749999999999999,815.5932484517571,0.5082968752357829,9.88446517424585
30.39963475859816,0.7499999999999994,823.958406218538,0.5105824563014171,9.919568372902432
31.656305341347334,0.7499999999999994,827.8391177024296,0.5107414092780725,10.085153075409272
30.447651504132967,0.7499999999999998,816.1016190612088,0.4099202914135468,9.91242021843171
30.447651504132967,0.7499999999999998,816.1016190612088,0.4099202914135468,9.91242021843171
32.009607499696784,0.7499999999999994,818.0469000932518,0.5833392715974092,9.843293066154192
32.009607499696784,0.7499999999999994,818.0469000932518,0.5833392715974092,9.843293066154192
32.009607499696784,0.7499999999999994,818.0469000932518,0.5833392715974092,9.843293066154192
32.009607499696784,0.7499999999999994,818.0469000932518,0.5833392715974092,9.843293066154192
32.009607499696784,0.7499999999999994,818.0469000932518,0.5833392715974092,9.843293066154192
31.23247406886431,0.7499999999999993,812.9715355434348,0.43595920353167317,9.735050529770515
31.23247406886431,0.7499999999999993,812.9715355434348,0.43595920353167317,9.735050529770515
31.42253208467128,0.7499999999999994,809.6667805551137,0.45062126987267825,9.714631110848817
31.19864734602144,0.7499999999999999,807.6837813491204,0.5220092657606239,9.853482005414557
31.19864734602144,0.7499999999999999,807.6837813491204,0.5220092657606239,9.853482005414557
30.46803430281675,0.7500000000000002,803.431653228814,0.4610316535656263,9.707072373368026
30.628167977216116,0.7499999999999986,805.0882879066222,0.43200024218302735,9.899059627144624
30.628167977216116,0.7499999999999986,805.0882879066222,0.43200024218302735,9.899059627144624
30.128538121493104,0.7499999999999991,812.7068021337275,0.42550784696343436,9.87874775499686
30.62387459299225,0.7499999999999988,816.4924677401428,0.43733795777250134,9.84341630396913
30.62387459299225,0.7499999999999988,816.4924677401428,0.43733795777250134,9.84341630396913
29.996959244558116,0.7499999999999988,818.3395535121489,0.4576398669004563,9.864819604045277
29.996959244558116,0.7499999999999988,818.3395535121489,0.4576398669004563,9.864819604045277
29.05907793293185,0.7499999999999989,824.0285070787933,0.41288994586590744,9.797464348796392
29.05907793293185,0.7499999999999989,824.0285070787933,0.41288994586590744,9.797464348796392
29.062092863329667,0.7499999999999999,817.9015279688547,0.4620712950524214,9.78537949166078
29.280444572625914,0.7499999999999987,820.3190740275807,0.4899887651832742,9.795106418777195
29.04410441358478,0.7499999999999991,822.7331581963095,0.4639687047661177,9.886437782687967
28.311471658379595,0.7499999999999982,824.2978412472394,0.42822825289601946,9.951415638115117
28.311471658379595,0.7499999999999982,824.2978412472394,0.42822825289601946,9.951415638115117
29.288197907275237,0.7500000000000001,817.7499129048317,0.464609665725987,9.858495996496325
29.288197907275237,0.7500000000000001,817.7499129048317,0.464609665725987,9.858495996496325
29.288197907275237,0.7500000000000001,817.7499129048317,0.464609665725987,9.858495996496325
28.919894205642283,0.7499999999999989,808.6663643372656,0.35310832553798743,9.732992922976326
28.919894205642283,0.7499999999999989,808.6663643372656,0.35310832553798743,9.732992922976326
28.91555419105498,0.7499999999999992,812.4868692932085,0.3444975287550639,9.587931800552358
29.373437033651655,0.7500000000000003,820.5313764846661,0.4415296577918753,9.778035157749901
29.979686900317585,0.7499999999999997,820.5668803347163,0.49879442817867875,9.574462774089673
29.979686900317585,0.7499999999999997,820.5668803347163,0.49879442817867875,9.574462774089673
29.979686900317585,0.7499999999999997,820.5668803347163,0.49879442817867875,9.574462774089673
29.979686900317585,0.7499999999999997,820.5668803347163,0.49879442817867875,9.574462774089673
29.979686900317585,0.7499999999999997,820.5668803347163,0.49879442817867875,9.574462774089673
29.979686900317585,0.7499999999999997,820.5668803347163,0.49879442817867875,9.574462774089673
30.56684455901476,0.7499999999999978,821.0063445165035,0.5176599312186951,9.735067154011446
29.70545285893545,0.75,811.8280611160217,0.44681083005319827,9.668517962463488
29.817412718065537,0.7499999999999984,809.0017427075239,0.44794627830768763,9.826705094599268
29.038867808779706,0.7499999999999988,810.3598007881326,0.40692545432739663,9.662637435062678
28.61464903906392,0.7499999999999997,811.9032068079631,0.36408972275816226,9.57346655224472
30.08623331283271,0.7499999999999994,816.5240728749038,0.5800654215214586,9.6411026565671
30.08623331283271,0.7499999999999994,816.5240728749038,0.5800654215214586,9.6411026565671
30.497098991155784,0.7499999999999998,821.6015909482826,0.5433782090783528,9.848854330350658
31.279827474956537,0.7499999999999993,816.1941615332493,0.546150449009807,9.677185502989545
32.11317301892787,0.7499999999999997,815.132809264371,0.5602096919524624,9.776327271914948
32.11317301892787,0.7499999999999997,815.132809264371,0.5602096919524624,9.776327271914948
32.11317301892787,0.7499999999999997,815.132809264371,0.5602096919524624,9.776327271914948
31.07090485303141,0.7499999999999998,807.9449078265696,0.5065101793838505,9.777735536009535
30.967641839443857,0.7499999999999986,810.6727198730291,0.5377162659769433,9.860331959240478
30.967641839443857,0.7499999999999986,810.6727198730291,0.5377162659769433,9.860331959240478
30.967641839443857,0.7499999999999986,810.6727198730291,0.5377162659769433,9.860331959240478
31.05518913026797,0.749999999999999,804.9948894049145,0.5501282077131064,9.92905947952691
31.05518913026797,0.749999999999999,804.9948894049145,0.5501282077131064,9.92905947952691
31.05518913026797,0.749999999999999,804.9948894049145,0.5501282077131064,9.92905947952691
30.1117039915894,0.7499999999999992,804.3753233712457,0.44825264277877863,9.859991137295902
30.10081018348966,0.7499999999999993,800.013540055853,0.4188725913598046,9.748597126120984
30.10081018348966,0.7499999999999993,800.013540055853,0.4188725913598046,9.748597126120984
30.10081018348966,0.7499999999999993,800.013540055853,0.4188725913598046,9.748597126120984
30.10081018348966,0.7499999999999993,800.013540055853,0.4188725913598046,9.748597126120984
30.757996479037764,0.7499999999999997,803.7325295356803,0.5033056621249061,9.90279286892807
31.44639155751798,0.7499999999999987,808.9920310564528,0.567031752278003,9.870786299230545
31.44639155751798,0.7499999999999987,808.9920310564528,0.567031752278003,9.870786299230545
31.44639155751798,0.7499999999999987,808.9920310564528,0.567031752278003,9.870786299230545
31.44639155751798,0.7499999999999987,808.9920310564528,0.567031752278003,9.870786299230545
30.320537204673965,0.7499999999999996,816.83040860005,0.5097908298276014,9.832310525519668
30.858238179868945,0.7499999999999996,807.6754940591477,0.520021472553891,9.571114172173887
30.566414922106294,0.7499999999999993,806.5662743977356,0.4639787890870129,9.71271342522392
30.469330866314177,0.7499999999999987,805.5415686926241,0.37948758825992285,9.65508349365085
30.469330866314177,0.7499999999999987,805.5415686926241,0.37948758825992285,9.65508349365085
29.284620226617726,0.7499999999999996,813.1637236125089,0.42204540089775666,9.79851317463087
30.048477754375664,0.7499999999999996,803.5563931184873,0.37270059208159595,9.719513918760953
30.109965925560015,0.7499999999999982,801.5395197740745,0.41689558202759336,9.630528028478588
30.109965925560015,0.7499999999999982,801.5395197740745,0.41689558202759336,9.630528028478588
30.109965925560015,0.7499999999999982,801.5395197740745,0.41689558202759336,9.630528028478588
30.109965925560015,0.7499999999999982,801.5395197740745,0.41689558202759336,9.630528028478588
30.109965925560015,0.7499999999999982,801.5395197740745,0.41689558202759336,9.630528028478588
30.109965925560015,0.7499999999999982,801.5395197740745,0.41689558202759336,9.630528028478588
29.34848113241071,0.7499999999999993,807.0667346330453,0.3668965517109639,9.634762716847906
29.455115379547106,0.7499999999999997,808.8213839446247,0.46252360443980073,9.490001919296471
29.455115379547106,0.7499999999999997,808.8213839446247,0.46252360443980073,9.490001919296471
29.455115379547106,0.7499999999999997,808.8213839446247,0.46252360443980073,9.490001919296471
29.55193409315789,0.7499999999999992,816.5314579933092,0.4436605187390443,9.715885738031375
29.55193409315789,0.7499999999999992,816.5314579933092,0.4436605187390443,9.715885738031375
29.55193409315789,0.7499999999999992,816.5314579933092,0.4436605187390443,9.715885738031375
29.3561029852791,0.7499999999999992,811.4692828310131,0.3758463361540952,9.742325820195878
29.196700514308276,0.7499999999999993,806.682915927766,0.5158436396099524,9.683473022461039
29.196700514308276,0.7499999999999993,806.682915927766,0.5158436396099524,9.683473022461039
29.196700514308276,0.7499999999999993,806.682915927766,0.5158436396099524,9.683473022461039
30.49761826385729,0.7499999999999998,802.8234833207674,0.37909000854639496,9.745508012155023
30.091375817064357,0.749999999999999,799.7817490944035,0.3937381924100576,9.623954802894668
30.420123433039517,0.7499999999999998,792.8888048338838,0.3556248834370613,9.4651238659565
30.420123433039517,0.7499999999999998,792.8888048338838,0.3556248834370613,9.4651238659565
30.420123433039517,0.7499999999999998,792.8888048338838,0.3556248834370613,9.4651238659565
30.420123433039517,0.7499999999999998,792.8888048338838,0.3556248834370613,9.4651238659565
30.420123433039517,0.7499999999999998,792.8888048338838,0.3556248834370613,9.4651238659565
30.420123433039517,0.7499999999999998,792.8888048338838,0.3556248834370613,9.4651238659565
30.420123433039517,0.7499999999999998,792.8888048338838,0.3556248834370613,9.4651238659565
30.420123433039517,0.7499999999999998,792.8888048338838,0.3556248834370613,9.4651238659565
30.420123433039517,0.7499999999999998,792.8888048338838,0.3556248834370613,9.4651238659565
31.368916904918176,0.7499999999999992,801.783114204641,0.45096719978446104,9.847911829797383
30.838307840493798,0.7499999999999996,807.8967744464093,0.44187759301365553,10.039477748771002
30.838307840493798,0.7499999999999996,807.8967744464093,0.44187759301365553,10.039477748771002
30.838307840493798,0.7499999999999996,807.8967744464093,0.44187759301365553,10.039477748771002
31.939644835582094,0.749999999999999,805.7839629600869,0.49604965358746583,10.174017738064103
31.81993213450752,0.75,804.5130629154263,0.45319223751427584,9.927439292992295
31.849440011111334,0.7499999999999984,804.1751236470532,0.49782772879209447,9.815821008234275
31.849440011111334,0.7499999999999984,804.1751236470532,0.49782772879209447,9.815821008234275
31.94730335828488,0.7499999999999991,812.5848134884959,0.44861617994895303,9.77014876690328
30.438138433525797,0.7499999999999992,802.4886361827065,0.4042629519491622,9.698889851372993
30.438138433525797,0.7499999999999992,802.4886361827065,0.4042629519491622,9.698889851372993
30.175949015022518,0.7499999999999994,805.0084417142104,0.3892041555606177,9.68220072447204
31.047853215252978,0.7499999999999978,807.29550800756,0.45256357738987374,9.794860979913514
29.369705831093956,0.7499999999999999,808.642566677216,0.4826619964499465,9.824667090402789
29.369705831093956,0.7499999999999999,808.642566677216,0.4826619964499465,9.824667090402789
29.369705831093956,0.7499999999999999,808.642566677216,0.4826619964499465,9.824667090402789
29.088568029883415,0.7499999999999994,801.2911068855738,0.37715245252272295,9.60269286551169
30.43178700831326,0.7499999999999984,800.3282426634063,0.38098186155203906,9.511734800896269
30.43178700831326,0.7499999999999984,800.3282426634063,0.38098186155203906,9.511734800896269
30.43178700831326,0.7499999999999984,800.3282426634063,0.38098186155203906,9.511734800896269
30.86229375184877,0.7499999999999991,797.0204250772141,0.38918750842089894,9.646948649356059
30.86229375184877,0.7499999999999991,797.0204250772141,0.38918750842089894,9.646948649356059
30.503466178941284,0.7499999999999989,799.9428085063839,0.38720544777951715,9.7024273914231
31.18972532387822,0.7499999999999989,796.220956829469,0.38516564159289685,9.503758397808287
32.56379536461229,0.7500000000000006,806.3217368788705,0.5179404499815506,9.81319185193409
31.346938009337855,0.7499999999999986,794.8976254002232,0.448897278850159,9.53410462374849
31.62669595773873,0.7499999999999987,805.5514664732524,0.5607430412234621,9.800110149634401
30.77653727498195,0.7499999999999997,798.3079628396256,0.435147769876021,9.5175272843295
30.77653727498195,0.7499999999999997,798.3079628396256,0.435147769876021,9.5175272843295
31.334447854034273,0.7499999999999996,802.7293453969027,0.47901640702554954,9.5359907034
31.334447854034273,0.7499999999999996,802.7293453969027,0.47901640702554954,9.5359907034
31.334447854034273,0.7499999999999996,802.7293453969027,0.47901640702554954,9.5359907034
30.145108479683582,0.75,808.0049970732339,0.48195548795546783,9.705303783923654
30.145108479683582,0.75,808.0049970732339,0.48195548795546783,9.705303783923654
30.145108479683582,0.75,808.0049970732339,0.48195548795546783,9.705303783923654
30.69517778462961,0.7499999999999989,807.4474576141354,0.4724051611287319,9.671126774685565
30.736198697830158,0.7499999999999997,815.9220213373392,0.5127795630674484,9.81891661724483
29.73470888169593,0.7499999999999997,801.071684742205,0.3861036620061247,9.528994163491557
30.527063664564622,0.7499999999999996,809.8566341578596,0.5083030704437594,9.808718256391987
30.527063664564622,0.7499999999999996,809.8566341578596,0.5083030704437594,9.808718256391987
29.754552645230497,0.7499999999999987,807.5001179634178,0.40325461312311955,9.779648050763623
29.754552645230497,0.7499999999999987,807.5001179634178,0.40325461312311955,9.779648050763623
29.754552645230497,0.7499999999999987,807.5001179634178,0.40325461312311955,9.779648050763623
29.638489671107525,0.7499999999999994,806.555320609978,0.4301329699640979,9.77285778124035
29.638489671107525,0.7499999999999994,806.555320609978,0.4301329699640979,9.77285778124035
29.39640905068604,0.7499999999999987,802.7381862477968,0.3803674491366277,9.655591185504539
29.39640905068604,0.7499999999999987,802.7381862477968,0.3803674491366277,9.655591185504539
30.751603846054138,0.7499999999999996,803.6065780779932,0.5733396899583808,9.871362622342597
30.751603846054138,0.7499999999999996,803.6065780779932,0.5733396899583808,9.871362622342597
30.378012525759363,0.7500000000000002,796.3894544860966,0.47673013044312557,9.670068156050528
30.378012525759363,0.7500000000000002,796.3894544860966,0.47673013044312557,9.670068156050528
30.378012525759363,0.7500000000000002,796.3894544860966,0.47673013044312557,9.670068156050528
31.031671589818835,0.7499999999999989,798.0097510015785,0.4049936553168937,9.546983693156482
31.031671589818835,0.7499999999999989,798.0097510015785,0.4049936553168937,9.546983693156482
31.031671589818835,0.7499999999999989,798.0097510015785,0.4049936553168937,9.546983693156482
31.031671589818835,0.7499999999999989,798.0097510015785,0.4049936553168937,9.546983693156482
31.031671589818835,0.7499999999999989,798.0097510015785,0.4049936553168937,9.546983693156482
31.003901328443817,0.7499999999999991,807.3350344132102,0.4332218277347224,9.77676510469415
31.003901328443817,0.7499999999999991,807.3350344132102,0.4332218277347224,9.77676510469415
31.003901328443817,0.7499999999999991,807.3350344132102,0.4332218277347224,9.77676510469415
30.6907835699357,0.7499999999999992,805.815478726336,0.40531830412072517,9.819708466615802
30.89351052257277,0.7499999999999984,809.3515719512033,0.5276990849651725,9.793281432957638
30.84866174545338,0.7499999999999999,810.7122080670526,0.5488874412849784,9.73338103234153
31.101904461027818,0.7499999999999999,805.5318651474278,0.4507013436271693,9.87391375491994
29.87060808446515,0.7499999999999996,798.6359217674465,0.44020314390494797,9.700503143062813
29.87060808446515,0.7499999999999996,798.6359217674465,0.44020314390494797,9.700503143062813
29.72872384701609,0.7499999999999993,798.7030647419139,0.4633078325295056,9.63421256096498
29.72872384701609,0.7499999999999993,798.7030647419139,0.4633078325295056,9.63421256096498
30.021635216088264,0.7499999999999999,803.6289214599086,0.47862888312950674,9.707035721090056
30.29243616041923,0.7499999999999989,796.26452351058,0.449904439446133,9.580311991226873
29.705339085884052,0.7500000000000001,804.1955983900207,0.39389198003205644,9.668306086849222
29.705339085884052,0.7500000000000001,804.1955983900207,0.39389198003205644,9.668306086849222
29.705339085884052,0.7500000000000001,804.1955983900207,0.39389198003205644,9.668306086849222
29.705339085884052,0.7500000000000001,804.1955983900207,0.39389198003205644,9.668306086849222
30.93389288271871,0.7499999999999984,796.4443885255639,0.4017528896544588,9.646846929193543
31.487745624989536,0.7499999999999997,803.9855431663893,0.5520614426784853,10.022341657523688
30.896624340792997,0.7499999999999992,807.0213156320829,0.4496246087825346,9.917186737474518
31.94719885829554,0.7499999999999992,812.3161130755875,0.5002836840637269,10.203835706807627
31.94719885829554,0.7499999999999992,812.3161130755875,0.5002836840637269,10.203835706807627
31.94719885829554,0.7499999999999992,812.3161130755875,0.5002836840637269,10.203835706807627
30.28924028599948,0.749999999999999,806.4422342492229,0.4448632966461684,9.909137207961294
30.104103011927045,0.7499999999999996,801.3867617994747,0.4797570933689378,9.717496734911624
30.253750487258863,0.75,804.2856932599552,0.4358771913694921,9.73831932817589
29.96387941521378,0.7499999999999994,803.4112073340009,0.46057745524263344,9.840671249461412
29.865226115583447,0.7499999999999981,801.4622509273366,0.45370484598734906,9.868315396561457
29.865226115583447,0.7499999999999981,801.4622509273366,0.45370484598734906,9.868315396561457
29.865226115583447,0.7499999999999981,801.4622509273366,0.45370484598734906,9.868315396561457
29.180693309070403,0.7499999999999996,803.2776693659138,0.45841927195799137,9.7805912993081
29.180693309070403,0.7499999999999996,803.2776693659138,0.45841927195799137,9.7805912993081
29.818023455667703,0.7499999999999983,800.5881842199567,0.40178799755474526,9.682777614207765
29.08573530075067,0.7499999999999996,797.9528123628684,0.3943364715587267,9.568099836886224
29.08573530075067,0.7499999999999996,797.9528123628684,0.3943364715587267,9.568099836886224
29.08573530075067,0.7499999999999996,797.9528123628684,0.3943364715587267,9.568099836886224
29.08573530075067,0.7499999999999996,797.9528123628684,0.3943364715587267,9.568099836886224
29.432869526779424,0.7499999999999999,808.0211825164505,0.41926522853985243,9.7964969303703
30.137723729588785,0.7499999999999989,802.3020454500933,0.5087470244629752,9.81429705262257
30.119593772396463,0.749999999999999,801.309210561411,0.35336396314538826,9.663979049625615
30.119593772396463,0.749999999999999,801.309210561411,0.35336396314538826,9.663979049625615
30.119593772396463,0.749999999999999,801.309210561411,0.35336396314538826,9.663979049625615
30.72273696081349,0.7499999999999996,804.7324924376519,0.4275677665654916,9.835762412499529
30.72273696081349,0.7499999999999996,804.7324924376519,0.4275677665654916,9.835762412499529
30.38534017804131,0.7499999999999984,803.55198022374,0.35378863620991263,9.75850745919339
30.38534017804131,0.7499999999999984,803.55198022374,0.35378863620991263,9.75850745919339
30.38534017804131,0.7499999999999984,803.55198022374,0.35378863620991263,9.75850745919339
30.5745033244781,0.7499999999999993,806.3716139706959,0.3847133243024381,9.878452378342292
30.5745033244781,0.7499999999999993,806.3716139706959,0.3847133243024381,9.878452378342292
30.5745033244781,0.7499999999999993,806.3716139706959,0.3847133243024381,9.878452378342292
30.5745033244781,0.7499999999999993,806.3716139706959,0.3847133243024381,9.878452378342292
30.808222516563493,0.7499999999999996,812.9659118960524,0.41203722493672407,10.010569589944108
30.808222516563493,0.7499999999999996,812.9659118960524,0.41203722493672407,10.010569589944108
30.808222516563493,0.7499999999999996,812.9659118960524,0.41203722493672407,10.010569589944108
30.808222516563493,0.7499999999999996,812.9659118960524,0.41203722493672407,10.010569589944108
30.808222516563493,0.7499999999999996,812.9659118960524,0.41203722493672407,10.010569589944108
30.808222516563493,0.7499999999999996,812.9659118960524,0.41203722493672407,10.010569589944108
30.808222516563493,0.7499999999999996,812.9659118960524,0.41203722493672407,10.010569589944108
30.144086739938885,0.7499999999999989,819.7934834748006,0.4765524328596398,9.880981712138388
30.816664749294816,0.7499999999999983,815.0683897354295,0.4549556656286378,9.734622786664437
30.816664749294816,0.7499999999999983,815.0683897354295,0.4549556656286378,9.734622786664437
30.816664749294816,0.7499999999999983,815.0683897354295,0.4549556656286378,9.734622786664437
30.851233170518075,0.7499999999999982,813.9660770589434,0.45814059048749495,9.86302697106952
30.395426965828964,0.7499999999999984,815.1844421845879,0.49751167944202535,9.928007891463263
30.181430412086712,0.75,818.0099087761791,0.6151602688466776,9.815897853059457
30.227944051521817,0.7499999999999987,817.5999615772198,0.5839364881751186,9.957236130189234
29.271141581823812,0.7499999999999993,808.2741866625122,0.4512942757259111,9.840114649552396
30.46297051356348,0.7499999999999998,807.1498793255639,0.5548636785460865,9.751232646010948
30.609390016027643,0.7499999999999989,799.6103304970453,0.42506203444165414,9.698845484740668
29.98002393021292,0.7499999999999996,800.9480508035304,0.476356317251154,9.74851601282962
29.98002393021292,0.7499999999999996,800.9480508035304,0.476356317251154,9.74851601282962
29.98002393021292,0.7499999999999996,800.9480508035304,0.476356317251154,9.74851601282962
29.483468239685827,0.7499999999999992,808.4159068102356,0.37262905711381017,9.73450814356804
29.483468239685827,0.7499999999999992,808.4159068102356,0.37262905711381017,9.73450814356804
30.51793264851251,0.7499999999999999,803.5863411927093,0.40243265068813394,9.585150387688776
30.660567049033737,0.7499999999999998,804.7330798178123,0.549618890716472,9.484520342196813
29.749911441424484,0.7499999999999996,799.3363715079294,0.3509526576831383,9.293255200689694
29.994970031444918,0.7499999999999994,803.7317377361294,0.4030521885369478,9.480355336483807
29.994970031444918,0.7499999999999994,803.7317377361294,0.4030521885369478,9.480355336483807
29.478488664355552,0.749999999999999,807.29462394866,0.378612396630054,9.553510913417412
29.478488664355552,0.749999999999999,807.29462394866,0.378612396630054,9.553510913417412
29.478488664355552,0.749999999999999,807.29462394866,0.378612396630054,9.553510913417412
29.436542618679248,0.7499999999999998,802.529678669332,0.394343930358638,9.477288987659591
29.842373439535212,0.7499999999999991,803.0613316275733,0.4113307515791046,9.591251601023263
29.842373439535212,0.7499999999999991,803.0613316275733,0.4113307515791046,9.591251601023263
29.842373439535212,0.7499999999999991,803.0613316275733,0.4113307515791046,9.591251601023263
29.336910126495663,0.7499999999999963,801.0408574294042,0.3444584840879116,9.448656831638434
28.679016315936916,0.749999999999999,806.5721849348337,0.3750108448625333,9.731244239281654
30.70823801523959,0.75,800.7771205119822,0.43697100902599123,9.702838569749925
30.81650429228423,0.7499999999999999,806.1241316443138,0.4464183302165799,9.740501568345199
29.807339482666585,0.7499999999999992,803.9796171042742,0.3738303804227809,9.448840075794276
29.807339482666585,0.7499999999999992,803.9796171042742,0.3738303804227809,9.448840075794276
29.43878240903156,0.7499999999999993,797.8176619400681,0.32078047556579364,9.391006666905335
29.43878240903156,0.7499999999999993,797.8176619400681,0.32078047556579364,9.391006666905335
30.47200966110295,0.7500000000000004,809.1025665047515,0.42122692293408115,9.622979283933862
29.95758089423172,0.7499999999999988,815.4407630063698,0.4764467153930301,9.673597261288617
29.95758089423172,0.7499999999999988,815.4407630063698,0.4764467153930301,9.673597261288617
29.95758089423172,0.7499999999999988,815.4407630063698,0.4764467153930301,9.673597261288617
29.185799758351973,0.7499999999999982,803.824359037474,0.3724592181618424,9.439726311783454
29.185799758351973,0.7499999999999982,803.824359037474,0.3724592181618424,9.439726311783454
29.175098852469095,0.7499999999999991,811.3960120048174,0.40936818948375503,9.549644383452517
29.346295025550422,0.7499999999999997,807.4511940093452,0.4268466951634898,9.50748445151597
29.346295025550422,0.7499999999999997,807.4511940093452,0.4268466951634898,9.50748445151597
29.346295025550422,0.7499999999999997,807.4511940093452,0.4268466951634898,9.50748445151597
29.73598454857697,0.7499999999999988,808.1938101037814,0.44415235699250605,9.528255633608932
29.589194873716885,0.7499999999999974,809.2247823440548,0.43060076065903646,9.552565370448741
29.589194873716885,0.7499999999999974,809.2247823440548,0.43060076065903646,9.552565370448741
29.932904929954763,0.7499999999999991,811.0244517442101,0.49860980802409305,9.640605912146697
29.932904929954763,0.7499999999999991,811.0244517442101,0.49860980802409305,9.640605912146697
29.932904929954763,0.7499999999999991,811.0244517442101,0.49860980802409305,9.640605912146697
29.776802014262138,0.7499999999999992,810.4976038485261,0.5669421990010378,9.730205738656917
29.776802014262138,0.7499999999999992,810.4976038485261,0.5669421990010378,9.730205738656917
29.462080967078066,0.7499999999999997,811.6366712590468,0.47046809941020834,9.845545414778499
29.462080967078066,0.7499999999999997,811.6366712590468,0.47046809941020834,9.845545414778499
29.462080967078066,0.7499999999999997,811.6366712590468,0.47046809941020834,9.845545414778499
29.262389342167616,0.7499999999999996,812.6979483547018,0.4933252228677753,9.663718331590072
28.499768747783005,0.7499999999999996,804.0669215901708,0.3881286462086634,9.597404384708412
28.499768747783005,0.7499999999999996,804.0669215901708,0.3881286462086634,9.597404384708412
28.651284344150213,0.749999999999999,808.0431208820263,0.35908449695384403,9.744176773319342
28.651284344150213,0.749999999999999,808.0431208820263,0.35908449695384403,9.744176773319342
29.508623667667425,0.7499999999999981,813.2622640655429,0.43520814334384256,9.921931516058029
30.116641646410322,0.7499999999999994,806.5157102333245,0.5119278847795081,9.736079185555681
29.54194965227206,0.7499999999999986,806.7649155981679,0.4309681315187621,9.719172407303114
29.54194965227206,0.7499999999999986,806.7649155981679,0.4309681315187621,9.719172407303114
29.279520891013718,0.7499999999999982,810.7739414921206,0.4713820343725813,9.956196658101428
28.725087881379594,0.7499999999999976,814.8632061577996,0.5467199196865701,10.147564431808153
28.012257629223505,0.7499999999999992,809.2730091866908,0.38552755112919684,9.902543307065775
28.012257629223505,0.7499999999999992,809.2730091866908,0.38552755112919684,9.902543307065775
28.50517407525824,0.7499999999999996,812.1395443470005,0.4163947788237163,10.061570538702677
28.50517407525824,0.7499999999999996,812.1395443470005,0.4163947788237163,10.061570538702677
30.166404467866556,0.7499999999999991,812.3915729661089,0.4272513373428897,10.115620764380816
29.540864341784626,0.7499999999999993,814.8277887571872,0.4723850515437983,9.909082484538189
30.00165551184753,0.7499999999999991,812.1742115035495,0.46790464167001994,9.88154626570502
30.440870566322147,0.7499999999999999,801.9848858583529,0.6006147329285557,9.844005791214844
31.04056098042519,0.7499999999999989,800.4681053256596,0.4838283766260753,9.930689114222982
31.55612236943566,0.7499999999999998,799.8696516260985,0.4211644158929623,9.91953869040115
31.55612236943566,0.7499999999999998,799.8696516260985,0.4211644158929623,9.91953869040115
31.55612236943566,0.7499999999999998,799.8696516260985,0.4211644158929623,9.91953869040115
31.994227635800268,0.7499999999999999,806.3639667485809,0.5630891679715989,10.153700384333291
31.994227635800268,0.7499999999999999,806.3639667485809,0.5630891679715989,10.153700384333291
30.799788480014712,0.7499999999999996,808.4402402999007,0.5062907813355363,10.062616649834917
30.06935466089262,0.7499999999999994,802.0316458707492,0.43732463450620024,10.095054855055832
30.06935466089262,0.7499999999999994,802.0316458707492,0.43732463450620024,10.095054855055832
30.922622992822966,0.75,803.283369711052,0.3966089636531476,9.906014143345212
31.767495559508895,0.7499999999999993,805.5050359685556,0.4986039587358663,9.788104989217663
31.457207068817823,0.7499999999999991,806.3803650277748,0.4973903272776616,9.670249251160602
30.789384352120912,0.7499999999999997,810.2288095140399,0.4678687413930982,9.8126565359024
30.623620775106808,0.7500000000000001,804.9571209683938,0.45651917970046724,9.892853750924445
30.623620775106808,0.7500000000000001,804.9571209683938,0.45651917970046724,9.892853750924445
30.623620775106808,0.7500000000000001,804.9571209683938,0.45651917970046724,9.892853750924445
30.623620775106808,0.7500000000000001,804.9571209683938,0.45651917970046724,9.892853750924445
29.91589167128345,0.7499999999999993,804.7604725438713,0.3890987183311726,9.658522157488495
30.844346468762247,0.749999999999999,811.721817126553,0.41328585642548116,9.933083805858328
29.592438504141132,0.7499999999999988,806.3796089718891,0.4055364541988449,9.694204049192773
29.592438504141132,0.7499999999999988,806.3796089718891,0.4055364541988449,9.694204049192773
29.933901344507564,0.7499999999999984,800.0845122502006,0.5029868232225065,9.594414225569192
29.933901344507564,0.7499999999999984,800.0845122502006,0.5029868232225065,9.594414225569192
29.933901344507564,0.7499999999999984,800.0845122502006,0.5029868232225065,9.594414225569192
29.933901344507564,0.7499999999999984,800.0845122502006,0.5029868232225065,9.594414225569192
29.933901344507564,0.7499999999999984,800.0845122502006,0.5029868232225065,9.594414225569192
29.933901344507564,0.7499999999999984,800.0845122502006,0.5029868232225065,9.594414225569192
29.28115647365502,0.7499999999999994,802.3812817253843,0.41403607771600526,9.393331085120318
30.82438690149543,0.749999999999999,808.474115003749,0.5042360044921111,9.687659739463015
30.3526586041496,0.749999999999999,819.3049238345732,0.5240923773681777,9.926105628433026
30.3526586041496,0.749999999999999,819.3049238345732,0.5240923773681777,9.926105628433026
30.3526586041496,0.749999999999999,819.3049238345732,0.5240923773681777,9.926105628433026
29.22491017932084,0.7499999999999988,823.4820887689316,0.4666236816905372,9.963341126638522
29.22491017932084,0.7499999999999988,823.4820887689316,0.4666236816905372,9.963341126638522
29.169362147765373,0.749999999999999,823.9805286616366,0.5366845788487601,9.857881208976227
29.169362147765373,0.749999999999999,823.9805286616366,0.5366845788487601,9.857881208976227
29.746231568799395,0.7499999999999986,828.2121704006954,0.4905458326240139,9.959060098846152
29.746231568799395,0.7499999999999986,828.2121704006954,0.4905458326240139,9.959060098846152
29.746231568799395,0.7499999999999986,828.2121704006954,0.4905458326240139,9.959060098846152
29.746231568799395,0.7499999999999986,828.2121704006954,0.4905458326240139,9.959060098846152
29.38055481390699,0.7499999999999997,820.3106209543951,0.4981915171019053,9.693719052610836
29.38055481390699,0.7499999999999997,820.3106209543951,0.4981915171019053,9.693719052610836
29.38055481390699,0.7499999999999997,820.3106209543951,0.4981915171019053,9.693719052610836
29.38055481390699,0.7499999999999997,820.3106209543951,0.4981915171019053,9.693719052610836
28.949297928490225,0.7499999999999992,827.9571435844122,0.4388936514948233,9.821374830573228
31.30028473692905,0.749999999999999,826.3640100110308,0.5241254018492666,9.907895325339108
30.535836005885667,0.7499999999999978,825.9859275924215,0.6621103035502591,9.955079856691146
29.84166853291965,0.7499999999999989,817.9564010429516,0.48173467445174906,9.760923116014993
29.84166853291965,0.7499999999999989,817.9564010429516,0.48173467445174906,9.760923116014993
30.030706554011864,0.7499999999999981,813.0016421320304,0.47144836266223,9.757150017893196
30.030706554011864,0.7499999999999981,813.0016421320304,0.47144836266223,9.757150017893196
30.369340987442573,0.7499999999999988,803.7217674371076,0.46704569181874805,9.774151531633729
30.369340987442573,0.7499999999999988,803.7217674371076,0.46704569181874805,9.774151531633729
30.369340987442573,0.7499999999999988,803.7217674371076,0.46704569181874805,9.774151531633729
30.369340987442573,0.7499999999999988,803.7217674371076,0.46704569181874805,9.774151531633729
30.369340987442573,0.7499999999999988,803.7217674371076,0.46704569181874805,9.774151531633729
30.369340987442573,0.7499999999999988,803.7217674371076,0.46704569181874805,9.774151531633729
30.51030744546206,0.7499999999999998,797.2952814258824,0.5418297295818023,9.705150977453886
30.51030744546206,0.7499999999999998,797.2952814258824,0.5418297295818023,9.705150977453886
29.944492105967193,0.75,810.4240653607704,0.4461869127529378,9.648920496646145
29.944492105967193,0.75,810.4240653607704,0.4461869127529378,9.648920496646145
30.65883554773032,0.7499999999999992,811.9347645683238,0.4120902094144562,9.822025620936571
30.646054113357277,0.7499999999999987,810.4487795860773,0.4621203331001032,9.87743200932238
30.039081275844865,0.7499999999999993,807.5210913545773,0.4570342657775376,9.936486478074332
30.039081275844865,0.7499999999999993,807.5210913545773,0.4570342657775376,9.936486478074332
29.615531763426024,0.7499999999999996,806.5701762159305,0.38867830062400877,9.604901985144286
29.615531763426024,0.7499999999999996,806.5701762159305,0.38867830062400877,9.604901985144286
29.71241372097936,0.7499999999999996,804.8899569310589,0.3852362204355504,9.690663369554542
29.432448053833788,0.7499999999999999,802.860162666157,0.418746341425577,9.638994286382736
29.568648759793007,0.7499999999999997,807.9773953856542,0.42498102060191817,9.597640625492545
29.456001153075924,0.7499999999999989,810.5282534704446,0.5217608837324518,9.78102941036028
29.456001153075924,0.7499999999999989,810.5282534704446,0.5217608837324518,9.78102941036028
29.456001153075924,0.7499999999999989,810.5282534704446,0.5217608837324518,9.78102941036028
29.456001153075924,0.7499999999999989,810.5282534704446,0.5217608837324518,9.78102941036028
29.009965594244758,0.7499999999999997,814.4906876424487,0.5154625367363224,9.907040615249937
29.933502988773025,0.75,806.1372774127885,0.3947312405283955,9.834725162269532
31.06505554315339,0.7499999999999973,804.4000736510496,0.525209709770787,9.84906788509242
31.56771513509282,0.7499999999999992,808.1694392078429,0.5915062660799143,9.994195836425956
31.56771513509282,0.7499999999999992,808.1694392078429,0.5915062660799143,9.994195836425956
31.56771513509282,0.7499999999999992,808.1694392078429,0.5915062660799143,9.994195836425956
31.56771513509282,0.7499999999999992,808.1694392078429,0.5915062660799143,9.994195836425956
30.811859724302824,0.7499999999999993,814.9117825267083,0.5540927734875256,9.90323914827843
29.215013108631144,0.7499999999999999,806.8884122817218,0.33513612760118705,9.522099637474309
30.43525762056228,0.7499999999999989,818.0771129798354,0.5376896497284774,9.859463980725476
29.448681783012578,0.7499999999999997,811.3734769901464,0.42300913023152087,9.524008685340823
29.448681783012578,0.7499999999999997,811.3734769901464,0.42300913023152087,9.524008685340823
29.448681783012578,0.7499999999999997,811.3734769901464,0.42300913023152087,9.524008685340823
29.448681783012578,0.7499999999999997,811.3734769901464,0.42300913023152087,9.524008685340823
29.414946127610733,0.7499999999999988,807.1896593819247,0.3882760486567133,9.599145804009988
29.78938690901495,0.7499999999999996,808.5363651588929,0.4317703140637903,9.562985489123838
30.732440379109395,0.7499999999999998,811.893869084967,0.4033869873799983,9.490435953874263
30.006269516409727,0.749999999999999,802.4124641851707,0.3601858705554134,9.454806892991964
30.006269516409727,0.749999999999999,802.4124641851707,0.3601858705554134,9.454806892991964
30.006269516409727,0.749999999999999,802.4124641851707,0.3601858705554134,9.454806892991964
30.407304634565484,0.7499999999999997,812.8595911411691,0.39531546525912814,9.458290583361514
30.407304634565484,0.7499999999999997,812.8595911411691,0.39531546525912814,9.458290583361514
30.407304634565484,0.7499999999999997,812.8595911411691,0.39531546525912814,9.458290583361514
30.03569860606173,0.7499999999999988,810.7162402802187,0.38757602573091743,9.531430038490786
29.901922807309706,0.7499999999999994,811.9426096679309,0.39323419206030136,9.692697437933472
29.901922807309706,0.7499999999999994,811.9426096679309,0.39323419206030136,9.692697437933472
29.13989850192491,0.7499999999999994,811.2259421339454,0.39345051528478353,9.519867981554375
29.370373789765214,0.7499999999999988,806.6858751007574,0.3875472461578168,9.643643311747539
29.370373789765214,0.7499999999999988,806.6858751007574,0.3875472461578168,9.643643311747539
29.370373789765214,0.7499999999999988,806.6858751007574,0.3875472461578168,9.643643311747539
29.370373789765214,0.7499999999999988,806.6858751007574,0.3875472461578168,9.643643311747539
29.370373789765214,0.7499999999999988,806.6858751007574,0.3875472461578168,9.643643311747539
29.370373789765214,0.7499999999999988,806.6858751007574,0.3875472461578168,9.643643311747539
29.370373789765214,0.7499999999999988,806.6858751007574,0.3875472461578168,9.643643311747539
29.370373789765214,0.7499999999999988,806.6858751007574,0.3875472461578168,9.643643311747539
29.370373789765214,0.7499999999999988,806.6858751007574,0.3875472461578168,9.643643311747539
28.353258363456316,0.749999999999999,809.282330379602,0.3483751897007715,9.762869239964797
29.100787410922013,0.7499999999999991,812.3559900935376,0.43428647054629976,9.962302806180546
28.59031046485976,0.7499999999999998,811.4969519002959,0.4047013888961125,9.843721195607518
28.59031046485976,0.7499999999999998,811.4969519002959,0.4047013888961125,9.843721195607518
29.489485625151605,0.7500000000000001,809.1297403710454,0.3973700319567353,9.940675559851163
29.88635576774152,0.7499999999999994,810.4587731568943,0.44178330857337195,9.814998039319779
29.88635576774152,0.7499999999999994,810.4587731568943,0.44178330857337195,9.814998039319779
29.88635576774152,0.7499999999999994,810.4587731568943,0.44178330857337195,9.814998039319779
29.88635576774152,0.7499999999999994,810.4587731568943,0.44178330857337195,9.814998039319779
29.333021828052495,0.7499999999999996,808.4480003452787,0.4238179202672103,9.6286136320391
30.08856195450606,0.7499999999999992,810.5969010309456,0.4853573832910362,9.736400324231335
29.562437625418568,0.7499999999999993,803.0319604314643,0.4899617097197309,9.555562348618306
28.96008365871376,0.7499999999999994,810.675425506972,0.3716382141165749,9.506037160272347
29.223138460249306,0.7499999999999993,808.5041561626907,0.34578752866927426,9.556366080430626
28.60844495331863,0.7500000000000001,813.4874158721857,0.3167818944661495,9.425568060666723
28.60844495331863,0.7500000000000001,813.4874158721857,0.3167818944661495,9.425568060666723
28.60844495331863,0.7500000000000001,813.4874158721857,0.3167818944661495,9.425568060666723
28.58540446457776,0.7499999999999993,803.1498325975821,0.3410888708687843,9.32547744815913
28.58540446457776,0.7499999999999993,803.1498325975821,0.3410888708687843,9.32547744815913
28.70937922488543,0.7499999999999976,801.4954793249359,0.39138631128992524,9.31284421395666
28.70937922488543,0.7499999999999976,801.4954793249359,0.39138631128992524,9.31284421395666
28.70937922488543,0.7499999999999976,801.4954793249359,0.39138631128992524,9.31284421395666
28.70937922488543,0.7499999999999976,801.4954793249359,0.39138631128992524,9.31284421395666
28.70937922488543,0.7499999999999976,801.4954793249359,0.39138631128992524,9.31284421395666
28.70937922488543,0.7499999999999976,801.4954793249359,0.39138631128992524,9.31284421395666
28.70937922488543,0.7499999999999976,801.4954793249359,0.39138631128992524,9.31284421395666
29.344240360140915,0.7499999999999993,801.9892456595819,0.5153440596318205,9.224583451402626
29.344240360140915,0.7499999999999993,801.9892456595819,0.5153440596318205,9.224583451402626
29.344240360140915,0.7499999999999993,801.9892456595819,0.5153440596318205,9.224583451402626
28.637161838134542,0.7499999999999991,807.2363502106459,0.4185728360840051,9.265564249849977
28.637161838134542,0.7499999999999991,807.2363502106459,0.4185728360840051,9.265564249849977
28.637161838134542,0.7499999999999991,807.2363502106459,0.4185728360840051,9.265564249849977
28.637161838134542,0.7499999999999991,807.2363502106459,0.4185728360840051,9.265564249849977
28.19996047955247,0.7499999999999994,815.9068572290142,0.465823899861697,9.30621217144992
28.76739187873093,0.7499999999999989,821.0300453263392,0.4478996532841131,9.355486573928568
29.4339451443215,0.7499999999999983,804.5017418466695,0.48719483914736217,9.339139163574412
29.796308740129703,0.7499999999999997,804.9243144334268,0.4786017411297641,9.47136348245659
29.796308740129703,0.7499999999999997,804.9243144334268,0.4786017411297641,9.47136348245659
28.68229163123736,0.7499999999999988,796.817188793307,0.3852239511499936,9.356619804622685
28.68229163123736,0.7499999999999988,796.817188793307,0.3852239511499936,9.356619804622685
30.079810997578353,0.7499999999999988,799.6055171656337,0.4091577140310568,9.746674546588547
30.079810997578353,0.7499999999999988,799.6055171656337,0.4091577140310568,9.746674546588547
29.541985018910285,0.7499999999999997,797.3651792759388,0.39089427233518037,9.739166866874015
29.541985018910285,0.7499999999999997,797.3651792759388,0.39089427233518037,9.739166866874015
29.541985018910285,0.7499999999999997,797.3651792759388,0.39089427233518037,9.739166866874015
29.541985018910285,0.7499999999999997,797.3651792759388,0.39089427233518037,9.739166866874015
30.573980017131532,0.7499999999999981,806.7261671486743,0.4477593825391502,10.00432397243157
30.573980017131532,0.7499999999999981,806.7261671486743,0.4477593825391502,10.00432397243157
31.608374107683396,0.7499999999999996,806.4379836210347,0.5219972474467842,10.150115186125422
31.248267523048025,0.749999999999999,806.5527825839454,0.44440964799889443,10.01830755830452
31.248267523048025,0.749999999999999,806.5527825839454,0.44440964799889443,10.01830755830452
30.62548252157531,0.75,796.9448636660424,0.40224482086706587,9.79131025444031
30.62548252157531,0.75,796.9448636660424,0.40224482086706587,9.79131025444031
30.62548252157531,0.75,796.9448636660424,0.40224482086706587,9.79131025444031
30.62548252157531,0.75,796.9448636660424,0.40224482086706587,9.79131025444031
30.62548252157531,0.75,796.9448636660424,0.40224482086706587,9.79131025444031
30.62548252157531,0.75,796.9448636660424,0.40224482086706587,9.79131025444031
30.62548252157531,0.75,796.9448636660424,0.40224482086706587,9.79131025444031
30.62548252157531,0.75,796.9448636660424,0.40224482086706587,9.79131025444031
30.62548252157531,0.75,796.9448636660424,0.40224482086706587,9.79131025444031
30.62548252157531,0.75,796.9448636660424,0.40224482086706587,9.79131025444031
29.538220650617937,0.7499999999999988,793.3622614363134,0.36605794506877287,9.589545175573033
29.538220650617937,0.7499999999999988,793.3622614363134,0.36605794506877287,9.589545175573033
29.538220650617937,0.7499999999999988,793.3622614363134,0.36605794506877287,9.589545175573033
30.16300776279335,0.7499999999999991,801.6473014025169,0.4704364247116874,9.677088567747129
30.16300776279335,0.7499999999999991,801.6473014025169,0.4704364247116874,9.677088567747129
30.077636945983876,0.7499999999999983,803.8522906386586,0.39741553582018063,9.830469248654811
29.670345336370314,0.7499999999999984,796.5905698898596,0.33957011524131875,9.644007406489285
29.750281810003173,0.7499999999999993,810.1673788471728,0.37472875724194155,9.680077292732562
29.750281810003173,0.7499999999999993,810.1673788471728,0.37472875724194155,9.680077292732562
30.231446396409392,0.7499999999999987,809.5478823338092,0.37349100339566366,9.624646432528673
30.231446396409392,0.7499999999999987,809.5478823338092,0.37349100339566366,9.624646432528673
31.032253990973462,0.7499999999999992,811.3686230596836,0.6145553561175062,9.93568029374174
31.032253990973462,0.7499999999999992,811.3686230596836,0.6145553561175062,9.93568029374174
29.631732996335174,0.7499999999999984,809.1479492483768,0.5143856961482924,9.595709955856886
29.349347004700665,0.7499999999999992,811.7463577731833,0.3927136413972347,9.673516333610678
29.349347004700665,0.7499999999999992,811.7463577731833,0.3927136413972347,9.673516333610678
29.349347004700665,0.7499999999999992,811.7463577731833,0.3927136413972347,9.673516333610678
29.349347004700665,0.7499999999999992,811.7463577731833,0.3927136413972347,9.673516333610678
29.349347004700665,0.7499999999999992,811.7463577731833,0.3927136413972347,9.673516333610678
29.570230369867126,0.7499999999999992,813.0334366101953,0.35645027599627044,9.649013114306253
29.570230369867126,0.7499999999999992,813.0334366101953,0.35645027599627044,9.649013114306253
30.033173233668734,0.7499999999999988,811.9074380391771,0.3955763429620877,9.77642199069335
30.033173233668734,0.7499999999999988,811.9074380391771,0.3955763429620877,9.77642199069335
30.033173233668734,0.7499999999999988,811.9074380391771,0.3955763429620877,9.77642199069335
30.033173233668734,0.7499999999999988,811.9074380391771,0.3955763429620877,9.77642199069335
30.033173233668734,0.7499999999999988,811.9074380391771,0.3955763429620877,9.77642199069335
30.033173233668734,0.7499999999999988,811.9074380391771,0.3955763429620877,9.77642199069335
30.35183302641392,0.7499999999999997,813.7009326074872,0.5994217882555104,9.815381102100337
30.161623673049576,0.7499999999999997,810.2208613861352,0.4061400746117785,9.688679814023615
30.161623673049576,0.7499999999999997,810.2208613861352,0.4061400746117785,9.688679814023615
30.161623673049576,0.7499999999999997,810.2208613861352,0.4061400746117785,9.688679814023615
30.161623673049576,0.7499999999999997,810.2208613861352,0.4061400746117785,9.688679814023615
30.161623673049576,0.7499999999999997,810.2208613861352,0.4061400746117785,9.688679814023615
30.161623673049576,0.7499999999999997,810.2208613861352,0.4061400746117785,9.688679814023615
30.161623673049576,0.7499999999999997,810.2208613861352,0.4061400746117785,9.688679814023615
30.161623673049576,0.7499999999999997,810.2208613861352,0.4061400746117785,9.688679814023615
30.161623673049576,0.7499999999999997,810.2208613861352,0.4061400746117785,9.688679814023615
29.52391484580604,0.749999999999999,807.5737762768714,0.4255543572639113,9.705087914184409
29.52391484580604,0.749999999999999,807.5737762768714,0.4255543572639113,9.705087914184409
29.52391484580604,0.749999999999999,807.5737762768714,0.4255543572639113,9.705087914184409
30.26806857899448,0.7499999999999986,814.5842838770263,0.3965514823243271,9.877103560604372
30.58441801733627,0.75,811.5019898207139,0.3845709437018995,9.813320069831438
30.177462518021255,0.7499999999999986,805.9206101242404,0.3568427774381252,9.632559809507535
30.82034011493994,0.7499999999999999,805.7496524421842,0.5189720704565798,9.833784700836173
30.82034011493994,0.7499999999999999,805.7496524421842,0.5189720704565798,9.833784700836173
30.806846624717775,0.7499999999999992,805.9160479689939,0.4759630782696737,10.005218183209163
30.792041965545586,0.7499999999999998,805.2015546593271,0.4263237765559535,9.874399241519233
29.90632081982458,0.7499999999999983,808.809125159353,0.42759844429224414,9.796845941089297
29.90632081982458,0.7499999999999983,808.809125159353,0.42759844429224414,9.796845941089297
28.876045807069968,0.7499999999999994,812.4290225944402,0.3917720063056593,9.592863003719206
27.648432531455207,0.7499999999999998,818.6285843755514,0.38055195428760213,9.568358581721261
29.203679430586845,0.7499999999999999,819.6244096163337,0.37756545935566915,9.741987584722597
28.978472409224842,0.7499999999999999,809.3061860835164,0.4920480248666277,9.470523759351186
28.523920764225554,0.7499999999999996,817.7623004909834,0.3484205279507097,9.431308629671019
30.26994858078239,0.7499999999999988,818.1211073543465,0.48935052641548477,9.700283871240751
30.15730236568465,0.7499999999999993,817.757476479884,0.49770285632584693,9.798135351883937
29.105474512000843,0.7499999999999999,807.5639588287593,0.3285399001723962,9.472796744821244
29.105474512000843,0.7499999999999999,807.5639588287593,0.3285399001723962,9.472796744821244
29.105474512000843,0.7499999999999999,807.5639588287593,0.3285399001723962,9.472796744821244
29.105474512000843,0.7499999999999999,807.5639588287593,0.3285399001723962,9.472796744821244
29.105474512000843,0.7499999999999999,807.5639588287593,0.3285399001723962,9.472796744821244
29.315539275225742,0.7499999999999996,810.2559704787868,0.4042308231812824,9.65609624516594
29.315539275225742,0.7499999999999996,810.2559704787868,0.4042308231812824,9.65609624516594
29.044716990462984,0.7499999999999992,810.4565554864664,0.3628216638007485,9.68202906350881
29.50121477683477,0.7499999999999989,805.9022693751543,0.43802403054926037,9.664573651185757
29.50121477683477,0.7499999999999989,805.9022693751543,0.43802403054926037,9.664573651185757
29.692880175926984,0.7499999999999998,807.7037956517936,0.43425921615616636,9.696535527680334
29.692880175926984,0.7499999999999998,807.7037956517936,0.43425921615616636,9.696535527680334
29.182856573529584,0.7499999999999997,811.5087600821025,0.6250389467590572,9.751419330614429
29.078398916847927,0.7499999999999989,814.2696478593996,0.33983653086509086,9.453921631885617
29.078398916847927,0.7499999999999989,814.2696478593996,0.33983653086509086,9.453921631885617
30.05597867976039,0.7499999999999962,808.8179256240438,0.41957335835100706,9.444986349190383
29.066974593067602,0.75,805.171778729351,0.3328197634046481,9.222080082580783
29.066974593067602,0.75,805.171778729351,0.3328197634046481,9.222080082580783
28.978730563172057,0.7499999999999998,813.982205757434,0.313238546175,9.366677023598632
29.136325796100046,0.7500000000000003,816.8606771737453,0.38029311039374575,9.508018308386585
29.136325796100046,0.7500000000000003,816.8606771737453,0.38029311039374575,9.508018308386585
29.874108578781655,0.7499999999999999,815.750973703172,0.3634302577043245,9.438752216615717
30.025270024676722,0.7499999999999992,804.9743561186108,0.4438753448483714,9.483509300860936
30.025270024676722,0.7499999999999992,804.9743561186108,0.4438753448483714,9.483509300860936
30.811576459851054,0.7499999999999998,813.3403038013628,0.5004739333888121,9.722864000772034
30.745687149806532,0.7499999999999987,813.2275709255038,0.5700220190468211,9.640459780992297
30.745687149806532,0.7499999999999987,813.2275709255038,0.5700220190468211,9.640459780992297
31.006089191362907,0.7499999999999993,795.4606175690847,0.37696397364432244,9.431669080397182
31.006089191362907,0.7499999999999993,795.4606175690847,0.37696397364432244,9.431669080397182
31.006089191362907,0.7499999999999993,795.4606175690847,0.37696397364432244,9.431669080397182
31.006089191362907,0.7499999999999993,795.4606175690847,0.37696397364432244,9.431669080397182
31.006089191362907,0.7499999999999993,795.4606175690847,0.37696397364432244,9.431669080397182
31.006089191362907,0.7499999999999993,795.4606175690847,0.37696397364432244,9.431669080397182
31.006089191362907,0.7499999999999993,795.4606175690847,0.37696397364432244,9.431669080397182
30.697373121165718,0.7499999999999984,795.6694873304843,0.618840590914585,9.485027456916615
30.273818678487924,0.7499999999999996,797.9674386245418,0.5163516755279185,9.428324256945587
29.628804254735,0.7499999999999998,801.7254041084235,0.4340030132129398,9.325419751537675
29.268617861448718,0.749999999999999,815.808863351245,0.5490614297860388,9.30513213540697
29.268617861448718,0.749999999999999,815.808863351245,0.5490614297860388,9.30513213540697
30.461329847456334,0.7499999999999996,816.2959569236567,0.8157490007749651,9.626420746060575
30.08205466508815,0.7499999999999982,815.0172147722537,0.4831930655429979,9.66811979397849
29.86496889177147,0.7499999999999994,813.0816460450084,0.42675583852961035,9.6621391199562
30.300835959145562,0.7499999999999992,812.8477565632844,0.3881099496180861,9.67418532638816
30.300835959145562,0.7499999999999992,812.8477565632844,0.3881099496180861,9.67418532638816
30.300835959145562,0.7499999999999992,812.8477565632844,0.3881099496180861,9.67418532638816
30.300835959145562,0.7499999999999992,812.8477565632844,0.3881099496180861,9.67418532638816
30.386966535010238,0.7499999999999992,817.4107937687575,0.46073020070959975,9.71549304078317
30.386966535010238,0.7499999999999992,817.4107937687575,0.46073020070959975,9.71549304078317
30.386966535010238,0.7499999999999992,817.4107937687575,0.46073020070959975,9.71549304078317
30.386966535010238,0.7499999999999992,817.4107937687575,0.46073020070959975,9.71549304078317
30.48684255441759,0.7499999999999997,810.3617610518567,0.5973273325861832,9.685208453065508
31.747695149911227,0.7500000000000002,808.3222166282151,0.5727514998725616,9.559428283876011
31.11725846574161,0.749999999999999,804.0630004206455,0.4072265525994262,9.626654658276966
31.11725846574161,0.749999999999999,804.0630004206455,0.4072265525994262,9.626654658276966
29.80255848749763,0.7499999999999997,802.7859414984841,0.41582742977047554,9.757906525106936
29.80255848749763,0.7499999999999997,802.7859414984841,0.41582742977047554,9.757906525106936
30.632954150148286,0.7499999999999986,806.5927220063018,0.42602142138763244,9.885230159829351
30.702503294220513,0.7499999999999988,804.9011649465854,0.38827735514859396,9.710408450761662
30.702503294220513,0.7499999999999988,804.9011649465854,0.38827735514859396,9.710408450761662
30.702503294220513,0.7499999999999988,804.9011649465854,0.38827735514859396,9.710408450761662
30.148975284561608,0.75,806.5477155060948,0.40333705443685375,9.836832772252013
30.148975284561608,0.75,806.5477155060948,0.40333705443685375,9.836832772252013
30.519834607595808,0.7499999999999993,813.7912338693486,0.3947027103321569,9.891116886365023
31.33052784666481,0.7499999999999992,818.7183085059221,0.48229941976208823,10.04813456049809
31.33052784666481,0.7499999999999992,818.7183085059221,0.48229941976208823,10.04813456049809
31.00861911906536,0.7499999999999986,810.807525645199,0.7245265123708146,9.974112241816574
31.14326899601205,0.7499999999999993,811.2411478781103,0.4555352233941185,9.84520429716433
31.688263164372703,0.7499999999999996,806.5901780014452,0.7533957991656406,9.890304898152314
30.76443591040585,0.7499999999999993,802.4332055927814,0.555472364873314,9.937408730082263
31.27476485201186,0.7499999999999991,806.8734346201551,0.5542654751302467,9.883084420852342
31.295782327758424,0.7499999999999993,804.4967360087475,0.44959325666644606,9.903748010123376
30.593452766978075,0.7499999999999993,802.8963689060862,0.42870277244492594,9.711182185983779
29.534880165899942,0.7499999999999988,807.0629581064919,0.36685186677557385,9.69461810957886
29.534880165899942,0.7499999999999988,807.0629581064919,0.36685186677557385,9.69461810957886
30.3428727276221,0.7499999999999992,815.6079905581289,0.4318650331207517,9.93816310673841
30.89855848860168,0.7499999999999987,813.4216917551163,0.44184810063439217,9.627573320004378
30.562270817919583,0.7499999999999994,816.0413134754016,0.4209220351254656,9.513521220650233
30.562270817919583,0.7499999999999994,816.0413134754016,0.4209220351254656,9.513521220650233
29.490897058018888,0.749999999999999,809.2452056871057,0.41834424312160867,9.475752975036679
29.227204116114873,0.7499999999999999,815.907210416452,0.3779570804930014,9.514630378684828
28.12511045889342,0.7499999999999991,807.2124051903522,0.33973811728027375,9.437944428896056
28.12511045889342,0.7499999999999991,807.2124051903522,0.33973811728027375,9.437944428896056
28.12511045889342,0.7499999999999991,807.2124051903522,0.33973811728027375,9.437944428896056
30.143635888546605,0.7499999999999998,804.9103529854351,0.5546652741424415,9.49499573721815
30.612488465989504,0.749999999999997,803.8567590327357,0.538755938831424,9.571963748117224
30.612488465989504,0.749999999999997,803.8567590327357,0.538755938831424,9.571963748117224
30.520659624226287,0.7499999999999983,816.5422559201816,0.5332348232423487,9.679989848858838
29.96452248373932,0.7499999999999989,810.0339865405059,0.42653228788653624,9.386459483632809
29.96452248373932,0.7499999999999989,810.0339865405059,0.42653228788653624,9.386459483632809
29.937541504185297,0.7499999999999999,811.8540019644144,0.35120181908173614,9.507551476812301
29.482525137407183,0.7499999999999991,812.5752625290352,0.3032161715716631,9.31647477530413
29.25902708849159,0.749999999999999,816.3550201778339,0.49542133424471546,9.426852207489043
29.25902708849159,0.749999999999999,816.3550201778339,0.49542133424471546,9.426852207489043
28.67348421506157,0.7499999999999997,813.6582949730142,0.35690000041107767,9.31876380232173
28.67348421506157,0.7499999999999997,813.6582949730142,0.35690000041107767,9.31876380232173
29.64164968957847,0.7499999999999997,814.0215318373754,0.3815883896367873,9.63616575919722
29.64164968957847,0.7499999999999997,814.0215318373754,0.3815883896367873,9.63616575919722
28.711371825215558,0.7499999999999988,806.3744123999701,0.31467602244619325,9.400658912999281
29.030991157059347,0.7499999999999987,807.4693317156779,0.35699792348266496,9.506290866383333
29.030991157059347,0.7499999999999987,807.4693317156779,0.35699792348266496,9.506290866383333
29.030991157059347,0.7499999999999987,807.4693317156779,0.35699792348266496,9.506290866383333
29.419728199046798,0.7499999999999986,801.318567853552,0.37129694764294313,9.429951800057632
29.419728199046798,0.7499999999999986,801.318567853552,0.37129694764294313,9.429951800057632
29.12627482207917,0.7499999999999996,807.3572389568744,0.3788994107193317,9.659048452006155
29.32051903404032,0.7499999999999982,804.1908091742414,0.37304449899096964,9.620731953631443
29.32051903404032,0.7499999999999982,804.1908091742414,0.37304449899096964,9.620731953631443
29.32051903404032,0.7499999999999982,804.1908091742414,0.37304449899096964,9.620731953631443
29.920299441147346,0.7499999999999991,804.7796071870483,0.4103616091228327,9.718426745061668
29.920299441147346,0.7499999999999991,804.7796071870483,0.4103616091228327,9.718426745061668
28.95543519798563,0.7499999999999993,806.7503726557617,0.35089643157205885,9.521185577653378
28.95543519798563,0.7499999999999993,806.7503726557617,0.35089643157205885,9.521185577653378
28.95543519798563,0.7499999999999993,806.7503726557617,0.35089643157205885,9.521185577653378
28.95543519798563,0.7499999999999993,806.7503726557617,0.35089643157205885,9.521185577653378
28.95543519798563,0.7499999999999993,806.7503726557617,0.35089643157205885,9.521185577653378
29.230051280600456,0.7499999999999993,797.9808624620696,0.42553032823289005,9.54625993345861
29.230051280600456,0.7499999999999993,797.9808624620696,0.42553032823289005,9.54625993345861
29.230051280600456,0.7499999999999993,797.9808624620696,0.42553032823289005,9.54625993345861
29.230051280600456,0.7499999999999993,797.9808624620696,0.42553032823289005,9.54625993345861
29.85548951252119,0.7499999999999989,805.9070645274478,0.4338705276389209,9.660955294725985
30.387018471816596,0.7499999999999989,809.069084990404,0.42057744175082573,9.790207364667442
30.7484626536409,0.7499999999999998,812.217369241609,0.4479813675039927,9.725032745573651
30.7484626536409,0.7499999999999998,812.217369241609,0.4479813675039927,9.725032745573651
30.7484626536409,0.7499999999999998,812.217369241609,0.4479813675039927,9.725032745573651
30.7484626536409,0.7499999999999998,812.217369241609,0.4479813675039927,9.725032745573651
30.7484626536409,0.7499999999999998,812.217369241609,0.4479813675039927,9.725032745573651
30.50359913636868,0.75,810.4970842929224,0.42409533647063336,9.557205311601015
30.531787066469075,0.7499999999999989,811.6921500635325,0.4503452838993638,9.519836195862515
30.176966310507993,0.7499999999999994,811.9307558816264,0.42817714036148946,9.417875405055522
30.176966310507993,0.7499999999999994,811.9307558816264,0.42817714036148946,9.417875405055522
31.021883219667853,0.7499999999999994,809.1918894668131,0.4247994822454843,9.518565750628994
30.38549266169038,0.7499999999999988,809.3315443571969,0.5348474157010082,9.620766316275066
30.38549266169038,0.7499999999999988,809.3315443571969,0.5348474157010082,9.620766316275066
30.420485982958066,0.7499999999999996,809.0810836185585,0.5220117913024901,9.773190319769444
30.309696954519296,0.7499999999999998,808.9988790021949,0.4418555135042712,9.751732352400756
30.972711505824297,0.749999999999998,815.0944996176642,0.5953861995846574,10.069441896920253
30.75218988934494,0.7499999999999999,809.3555576339813,0.5189346535302185,10.133030824036373
30.42185614062287,0.7499999999999991,808.1378380949625,0.4688792236804574,10.19713189309295
31.35860077934923,0.7499999999999993,806.7372486681523,0.5856319916059671,10.12586200808355
31.35860077934923,0.7499999999999993,806.7372486681523,0.5856319916059671,10.12586200808355
31.097869257578132,0.7499999999999997,807.7569792270856,0.47541700755872873,10.096094707223813
31.097869257578132,0.7499999999999997,807.7569792270856,0.47541700755872873,10.096094707223813
31.097869257578132,0.7499999999999997,807.7569792270856,0.47541700755872873,10.096094707223813
30.344928833431652,0.749999999999999,808.6800415216495,0.5096164076782247,9.893710333752546
30.962337392620114,0.7499999999999997,815.1781770783186,0.5218532163405074,9.866815557175372
30.712995371535314,0.7499999999999994,807.1960254924198,0.5853498362734701,9.840577830687844
30.585858721367178,0.7499999999999999,796.0827371848083,0.4474400111238415,9.66510002741472
31.58225445610973,0.7499999999999986,798.7324377115199,0.4721631685106034,9.696880415117397
31.58225445610973,0.7499999999999986,798.7324377115199,0.4721631685106034,9.696880415117397
31.58225445610973,0.7499999999999986,798.7324377115199,0.4721631685106034,9.696880415117397
30.99607518136887,0.7499999999999987,796.0166125091856,0.38312990444499784,9.605741251792765
30.99607518136887,0.7499999999999987,796.0166125091856,0.38312990444499784,9.605741251792765
30.99607518136887,0.7499999999999987,796.0166125091856,0.38312990444499784,9.605741251792765
30.99607518136887,0.7499999999999987,796.0166125091856,0.38312990444499784,9.605741251792765
30.99607518136887,0.7499999999999987,796.0166125091856,0.38312990444499784,9.605741251792765
30.841835466263326,0.7499999999999992,802.6988584894785,0.3960386852275046,9.667828619461867
30.841835466263326,0.7499999999999992,802.6988584894785,0.3960386852275046,9.667828619461867
30.779921939230757,0.7499999999999997,804.5164206327502,0.38807636548662694,9.552086971701533
30.390800415283653,0.7499999999999982,805.5888248909249,0.4535846102114171,9.444196311391403
30.390800415283653,0.7499999999999982,805.5888248909249,0.4535846102114171,9.444196311391403
30.390800415283653,0.7499999999999982,805.5888248909249,0.4535846102114171,9.444196311391403
30.390800415283653,0.7499999999999982,805.5888248909249,0.4535846102114171,9.444196311391403
30.4614920710715,0.75,805.009760403655,0.383708919921732,9.406477467193122
30.441860748974225,0.7499999999999997,809.5008973929984,0.3626075474690187,9.462996697586266
30.037876851831882,0.7499999999999994,801.7366545430893,0.3964193982741598,9.23086164175967
30.037876851831882,0.7499999999999994,801.7366545430893,0.3964193982741598,9.23086164175967
30.037876851831882,0.7499999999999994,801.7366545430893,0.3964193982741598,9.23086164175967
30.241754563166182,0.7500000000000004,799.7079743648167,0.4059486726528164,9.303675308158248
30.241754563166182,0.7500000000000004,799.7079743648167,0.4059486726528164,9.303675308158248
30.241754563166182,0.7500000000000004,799.7079743648167,0.4059486726528164,9.303675308158248
30.34454684977154,0.7499999999999992,807.0335306790578,0.48120088296347735,9.473739801796238
30.014974517943752,0.7499999999999998,806.9550810132771,0.4642783442460717,9.56997017183455
30.50760361085721,0.7499999999999997,804.5624857349499,0.3921219976887058,9.505030542579103
30.50760361085721,0.7499999999999997,804.5624857349499,0.3921219976887058,9.505030542579103
29.493557161966184,0.7499999999999997,811.458336310617,0.41914912065441495,9.541627819529207
29.493557161966184,0.7499999999999997,811.458336310617,0.41914912065441495,9.541627819529207
29.294330614802554,0.7499999999999989,815.2959700355982,0.3927016687681108,9.595958055681091
30.431941915399538,0.7499999999999987,815.2602771071813,0.43395786290772764,9.611183219430774
30.561265083600617,0.7500000000000001,812.1123612276891,0.5487119495070594,9.645922405321931
29.594897668150118,0.7499999999999994,811.1039132325154,0.40538341593649735,9.403338332419679
30.20039830041595,0.7499999999999979,802.0418048724762,0.39809333910613476,9.427989673343092
30.20039830041595,0.7499999999999979,802.0418048724762,0.39809333910613476,9.427989673343092
30.20039830041595,0.7499999999999979,802.0418048724762,0.39809333910613476,9.427989673343092
30.862013629432184,0.749999999999999,801.4886389022288,0.39708982149852107,9.523888563998847
30.862013629432184,0.749999999999999,801.4886389022288,0.39708982149852107,9.523888563998847
32.02733122192926,0.7499999999999996,800.2285424162616,0.39415685889360885,9.6216326534046
32.02733122192926,0.7499999999999996,800.2285424162616,0.39415685889360885,9.6216326534046
31.09945144110408,0.749999999999999,805.6549271559243,0.5719173323048796,9.669202792557524
29.0059745099229,0.7499999999999984,805.5798413841147,0.4322119437082179,9.422217728184545
29.399551163273436,0.7499999999999998,801.7935010228538,0.3767973036546584,9.465402125750762
29.399551163273436,0.7499999999999998,801.7935010228538,0.3767973036546584,9.465402125750762
29.399551163273436,0.7499999999999998,801.7935010228538,0.3767973036546584,9.465402125750762
29.399551163273436,0.7499999999999998,801.7935010228538,0.3767973036546584,9.465402125750762
29.10331398916987,0.7499999999999984,798.9761725731943,0.355003682076842,9.469100693660588
28.809475737141657,0.7499999999999994,802.2229573692873,0.32919613499102396,9.412391194899186
28.809475737141657,0.7499999999999994,802.2229573692873,0.32919613499102396,9.412391194899186
28.809475737141657,0.7499999999999994,802.2229573692873,0.32919613499102396,9.412391194899186
28.809475737141657,0.7499999999999994,802.2229573692873,0.32919613499102396,9.412391194899186
28.809475737141657,0.7499999999999994,802.2229573692873,0.32919613499102396,9.412391194899186
28.809475737141657,0.7499999999999994,802.2229573692873,0.32919613499102396,9.412391194899186
28.809475737141657,0.7499999999999994,802.2229573692873,0.32919613499102396,9.412391194899186
28.809475737141657,0.7499999999999994,802.2229573692873,0.32919613499102396,9.412391194899186
28.809475737141657,0.7499999999999994,802.2229573692873,0.32919613499102396,9.412391194899186
29.786847448618037,0.7499999999999997,798.4540268078482,0.38408517443918255,9.428756563693295
29.786847448618037,0.7499999999999997,798.4540268078482,0.38408517443918255,9.428756563693295
29.786847448618037,0.7499999999999997,798.4540268078482,0.38408517443918255,9.428756563693295
30.757361137836266,0.7499999999999994,801.356477606008,0.45691006596233946,9.73074515561753
29.079639998895388,0.7499999999999987,800.2662245044125,0.38644678512927816,9.592759350683242
30.16428836675972,0.7499999999999984,805.0799455497529,0.43742280190519145,9.797751549470238
30.16428836675972,0.7499999999999984,805.0799455497529,0.43742280190519145,9.797751549470238
30.16428836675972,0.7499999999999984,805.0799455497529,0.43742280190519145,9.797751549470238
30.846573822998003,0.7499999999999997,803.2014567913083,0.43569593593241573,9.807161780005568
30.846573822998003,0.7499999999999997,803.2014567913083,0.43569593593241573,9.807161780005568
30.846573822998003,0.7499999999999997,803.2014567913083,0.43569593593241573,9.807161780005568
30.40168066941473,0.7499999999999988,800.9617386780659,0.5276674922454505,9.790895679141595
30.40168066941473,0.7499999999999988,800.9617386780659,0.5276674922454505,9.790895679141595
30.07726561581754,0.7499999999999988,801.9519095319536,0.4247279855975865,9.666606854304751
30.07726561581754,0.7499999999999988,801.9519095319536,0.4247279855975865,9.666606854304751
31.22439813983873,0.749999999999999,811.7567171098719,0.4682600409504316,9.775121399012196
31.22439813983873,0.749999999999999,811.7567171098719,0.4682600409504316,9.775121399012196
31.70343247834008,0.7499999999999999,819.8933128325134,0.5021161352083352,10.02826332310677
31.70343247834008,0.7499999999999999,819.8933128325134,0.5021161352083352,10.02826332310677
31.431345278852355,0.7499999999999996,819.0437941375886,0.4918242473743734,9.879699397921792
31.011641393912512,0.7499999999999994,815.0600519446642,0.405919611609612,9.736472095933271
31.011641393912512,0.7499999999999994,815.0600519446642,0.405919611609612,9.736472095933271
31.011641393912512,0.7499999999999994,815.0600519446642,0.405919611609612,9.736472095933271
31.011641393912512,0.7499999999999994,815.0600519446642,0.405919611609612,9.736472095933271
30.67140166333405,0.75,816.2798593552626,0.36323437328014585,9.571423622605087
30.67140166333405,0.75,816.2798593552626,0.36323437328014585,9.571423622605087
31.318620261132555,0.749999999999999,814.5956914280001,0.3615514139833288,9.731897727812859
31.149004846492765,0.7499999999999999,822.5940357263341,0.45831715562447595,9.90848657041462
30.70908253949789,0.7499999999999997,828.2217356328729,0.47209047837006374,10.07742339026999
29.980900711272522,0.7499999999999992,816.8121746589633,0.4243727336855243,9.789325940623513
30.282151432124053,0.7499999999999986,819.6883864578301,0.44766641263910756,10.118483589273541
31.026588293709793,0.7499999999999997,810.2457496053345,0.4415646285759784,9.9680158420869
30.254139420868977,0.7499999999999994,801.1879774928565,0.3688354415137608,9.847896289430228
30.254139420868977,0.7499999999999994,801.1879774928565,0.3688354415137608,9.847896289430228
30.254139420868977,0.7499999999999994,801.1879774928565,0.3688354415137608,9.847896289430228
29.232937627415147,0.7499999999999991,809.7913002766808,0.38588338871378436,9.757543185559967
29.237357557414587,0.7499999999999999,808.6045553054389,0.393804921527332,9.785579725730418
29.295052594423307,0.75,808.7765642263755,0.395522174368529,9.82697520907214
28.996524654371942,0.7499999999999992,814.6151287098234,0.41601692621211217,9.957456475272556
31.170202565638334,0.7499999999999986,813.0257498673407,0.49779896991441036,10.137357585014744
30.769276193439687,0.7499999999999994,812.5589415860622,0.5340890630480596,9.957251625241616
30.769276193439687,0.7499999999999994,812.5589415860622,0.5340890630480596,9.957251625241616
30.769276193439687,0.7499999999999994,812.5589415860622,0.5340890630480596,9.957251625241616
30.330514301673993,0.7499999999999993,805.098675912869,0.43454427803537476,9.733530978799232
30.330514301673993,0.7499999999999993,805.098675912869,0.43454427803537476,9.733530978799232
30.282177001489146,0.7499999999999998,818.3509642696824,0.6394357167326787,9.851690925077488
30.564759989670886,0.75,817.8841900237594,0.4378893128760652,9.778242004668659
30.564759989670886,0.75,817.8841900237594,0.4378893128760652,9.778242004668659
30.564759989670886,0.75,817.8841900237594,0.4378893128760652,9.778242004668659
30.224380760089858,0.7499999999999994,816.6127502007449,0.5679849465337805,9.782879688902739
31.149687514952948,0.7499999999999998,814.9591734764258,0.6152509661995792,9.967342081761098
30.19514415839995,0.7499999999999998,818.3951873033719,0.423281209991053,9.976643735971805
30.17059804270017,0.749999999999999,819.5827874260615,0.44426212438329277,9.95939140863823
30.17059804270017,0.749999999999999,819.5827874260615,0.44426212438329277,9.95939140863823
29.40543079719323,0.7499999999999996,829.0588091168703,0.477876217853081,10.220615808819407
30.073827937114917,0.7499999999999999,825.2008916772027,0.5284435130051488,10.260021160737264
28.952692601016945,0.7499999999999996,828.5302045668855,0.47716983546966574,10.155603737330178
29.823690001800404,0.7499999999999992,821.5671744679704,0.5070011243618939,10.09757849248868
29.823690001800404,0.7499999999999992,821.5671744679704,0.5070011243618939,10.09757849248868
30.136469225893496,0.7499999999999991,811.7510668662852,0.37782598324424926,9.608772801908723
30.136469225893496,0.7499999999999991,811.7510668662852,0.37782598324424926,9.608772801908723
29.99293191491751,0.7499999999999983,819.747512445364,0.44360115271288453,9.781671330859615
29.99293191491751,0.7499999999999983,819.747512445364,0.44360115271288453,9.781671330859615
30.675460950930002,0.7499999999999994,814.8274201428146,0.42505995147482023,9.883783884821565
30.852849449412428,0.7499999999999993,811.8157470496669,0.38116402277560535,9.812573832365482
30.852849449412428,0.7499999999999993,811.8157470496669,0.38116402277560535,9.812573832365482
30.63607208054999,0.7499999999999987,818.9161550380393,0.4203167539978195,9.979049097103669
30.537098076518983,0.75,821.4162730316331,0.4461962041376145,9.85862069016398
31.113046152215066,0.7499999999999996,821.0332525410029,0.48339867699610695,10.052369526854118
30.074999199492986,0.749999999999999,817.9760494847203,0.4454668611333933,9.96847145336
30.078263578829684,0.7499999999999994,807.0411835684249,0.4212168003049468,9.856726861144889
30.54832262215643,0.7499999999999996,805.5041820375375,0.37294828364443305,9.825084215806688
30.54832262215643,0.7499999999999996,805.5041820375375,0.37294828364443305,9.825084215806688
30.459038952911847,0.7499999999999993,809.1643517508136,0.5248949096211685,9.667431352455173
30.459038952911847,0.7499999999999993,809.1643517508136,0.5248949096211685,9.667431352455173
30.459038952911847,0.7499999999999993,809.1643517508136,0.5248949096211685,9.667431352455173
30.459038952911847,0.7499999999999993,809.1643517508136,0.5248949096211685,9.667431352455173
29.749472759242167,0.7500000000000002,808.2836102802708,0.4258546495950874,9.660491786389027
29.749472759242167,0.7500000000000002,808.2836102802708,0.4258546495950874,9.660491786389027
29.875320924674348,0.7499999999999996,806.526474633728,0.4076470137896079,9.552738256981385
29.875320924674348,0.7499999999999996,806.526474633728,0.4076470137896079,9.552738256981385
30.504155379120842,0.7499999999999989,799.2381775843724,0.38956777232174555,9.55502092702794
30.504155379120842,0.7499999999999989,799.2381775843724,0.38956777232174555,9.55502092702794
30.504155379120842,0.7499999999999989,799.2381775843724,0.38956777232174555,9.55502092702794
30.504155379120842,0.7499999999999989,799.2381775843724,0.38956777232174555,9.55502092702794
30.504155379120842,0.7499999999999989,799.2381775843724,0.38956777232174555,9.55502092702794
30.504155379120842,0.7499999999999989,799.2381775843724,0.38956777232174555,9.55502092702794
30.504155379120842,0.7499999999999989,799.2381775843724,0.38956777232174555,9.55502092702794
30.504155379120842,0.7499999999999989,799.2381775843724,0.38956777232174555,9.55502092702794
30.504155379120842,0.7499999999999989,799.2381775843724,0.38956777232174555,9.55502092702794
30.422720487366085,0.7499999999999997,804.085011524084,0.3681881232679538,9.569984719149364
30.422720487366085,0.7499999999999997,804.085011524084,0.3681881232679538,9.569984719149364
30.336951114569825,0.7500000000000001,804.4677759234651,0.5175064618590779,9.61795813165296
29.99942979754155,0.75,799.8777968887663,0.46048784380512314,9.613278313928015
30.533450088285367,0.7499999999999993,807.1436443239666,0.477151000225892,9.826769313863675
30.533450088285367,0.7499999999999993,807.1436443239666,0.477151000225892,9.826769313863675
30.533450088285367,0.7499999999999993,807.1436443239666,0.477151000225892,9.826769313863675
29.661665442603873,0.7499999999999986,802.3956804268314,0.4170344254569399,9.577562151787742
30.026395211408275,0.7499999999999987,811.4703653491698,0.4371846736363326,9.722165482108917
30.026395211408275,0.7499999999999987,811.4703653491698,0.4371846736363326,9.722165482108917
30.026395211408275,0.7499999999999987,811.4703653491698,0.4371846736363326,9.722165482108917
30.81786516060777,0.75,808.1796142854635,0.40423716592977077,9.504401996164148
31.269920184823288,0.7499999999999987,807.0702115246422,0.6170523752982324,9.822533637729302
30.827127097198957,0.749999999999999,801.5070091250382,0.5613725734676837,9.701859505864078
30.10582665151219,0.7499999999999984,800.201636101844,0.4206810261584929,9.705453567968911
30.380619222028233,0.7499999999999998,810.9125991022162,0.44073350627984836,9.79499902442734
29.830301657233935,0.7499999999999996,796.4328587642004,0.3382244251323538,9.539501189164369
29.287036839877963,0.7499999999999993,802.1780105385648,0.37517302799563085,9.581832681049544
29.287036839877963,0.7499999999999993,802.1780105385648,0.37517302799563085,9.581832681049544
29.287036839877963,0.7499999999999993,802.1780105385648,0.37517302799563085,9.581832681049544
29.287036839877963,0.7499999999999993,802.1780105385648,0.37517302799563085,9.581832681049544
29.287036839877963,0.7499999999999993,802.1780105385648,0.37517302799563085,9.581832681049544
30.170779860125922,0.7499999999999983,808.5833061120602,0.4151492099934289,9.41270208371733
30.170779860125922,0.7499999999999983,808.5833061120602,0.4151492099934289,9.41270208371733
30.438015583304363,0.749999999999999,822.6881001424896,0.47283309913913996,9.779286698107821
30.011249332406145,0.75,812.9023135346481,0.38506746980180045,9.526451818639496
30.025456603989205,0.7499999999999996,810.4551407378988,0.43197789931291974,9.43196019665724
31.60762384767283,0.7500000000000002,815.3929201199161,0.516819936132438,9.720655390217683
30.9358617879222,0.7499999999999983,813.889419143024,0.5923899931466594,9.962612259211346
30.9358617879222,0.7499999999999983,813.889419143024,0.5923899931466594,9.962612259211346
30.170529086029894,0.7499999999999998,807.2519623065705,0.48076683800860276,9.78155054935723
31.692276311817537,0.7499999999999998,809.1770442085469,0.5620555784836659,9.684836308848986
31.692276311817537,0.7499999999999998,809.1770442085469,0.5620555784836659,9.684836308848986
31.692276311817537,0.7499999999999998,809.1770442085469,0.5620555784836659,9.684836308848986
31.692276311817537,0.7499999999999998,809.1770442085469,0.5620555784836659,9.684836308848986
32.2544640028996,0.7499999999999991,815.9077485374816,0.615346978074029,10.002404925308673
32.52597699256851,0.7499999999999989,816.1189423881018,0.6412154389519078,10.016824270898724
31.855756735512337,0.7500000000000001,810.4501487315871,0.49909204307459865,9.492089498551413
31.855756735512337,0.7500000000000001,810.4501487315871,0.49909204307459865,9.492089498551413
31.043409801507778,0.7499999999999991,810.6939778026342,0.4906589605236281,9.586900474183642
30.34274567737689,0.7499999999999991,809.0169237076141,0.4833292417972309,9.689654723268736
29.64687394368163,0.7499999999999982,805.7845380548176,0.43871132808740654,9.67851104152157
29.64687394368163,0.7499999999999982,805.7845380548176,0.43871132808740654,9.67851104152157
29.659005344429566,0.7499999999999994,808.2029594138133,0.41597540770817876,9.58519008372428
29.91812226115545,0.7499999999999992,804.7830365626917,0.5678975556962296,9.514888967026716
29.91812226115545,0.7499999999999992,804.7830365626917,0.5678975556962296,9.514888967026716
31.587834557465612,0.7499999999999991,807.9276665515596,0.6127740561256423,9.68996613736662
30.71133356905027,0.7500000000000003,800.6241693171391,0.5734690297783813,9.783736899426788
30.71133356905027,0.7500000000000003,800.6241693171391,0.5734690297783813,9.783736899426788
31.67888968958448,0.75,800.917574527228,0.5232311478725017,9.763894053313283
31.67888968958448,0.75,800.917574527228,0.5232311478725017,9.763894053313283
31.67888968958448,0.75,800.917574527228,0.5232311478725017,9.763894053313283
31.67888968958448,0.75,800.917574527228,0.5232311478725017,9.763894053313283
31.67888968958448,0.75,800.917574527228,0.5232311478725017,9.763894053313283
31.67888968958448,0.75,800.917574527228,0.5232311478725017,9.763894053313283
30.731876956011384,0.7499999999999997,805.2765688524345,0.4413113820263517,9.846643394145957
30.731876956011384,0.7499999999999997,805.2765688524345,0.4413113820263517,9.846643394145957
30.722884399715575,0.7499999999999972,806.8814218391597,0.4938981027938758,9.797337197762326
30.722884399715575,0.7499999999999972,806.8814218391597,0.4938981027938758,9.797337197762326
31.37896002935758,0.7500000000000001,812.7110538777173,0.7288151680766373,9.916016204560979
31.740399978769496,0.7499999999999984,807.5025442212419,0.4587082777166845,9.922141976800356
31.740399978769496,0.7499999999999984,807.5025442212419,0.4587082777166845,9.922141976800356
31.19429364036812,0.7499999999999973,809.4729529490895,0.43843301551287184,9.779148559780827
31.19429364036812,0.7499999999999973,809.4729529490895,0.43843301551287184,9.779148559780827
30.8922194018929,0.7499999999999992,811.534152673856,0.40238602183920197,9.868980577489603
30.8922194018929,0.7499999999999992,811.534152673856,0.40238602183920197,9.868980577489603
31.697595714740306,0.7499999999999987,808.6752201576955,0.47712316414622186,9.934998422799719
31.002836168538916,0.7499999999999996,801.4113145046961,0.4347030446416301,9.654502676720762
31.002836168538916,0.7499999999999996,801.4113145046961,0.4347030446416301,9.654502676720762
31.002836168538916,0.7499999999999996,801.4113145046961,0.4347030446416301,9.654502676720762
31.002836168538916,0.7499999999999996,801.4113145046961,0.4347030446416301,9.654502676720762
31.002836168538916,0.7499999999999996,801.4113145046961,0.4347030446416301,9.654502676720762
31.002836168538916,0.7499999999999996,801.4113145046961,0.4347030446416301,9.654502676720762
31.002836168538916,0.7499999999999996,801.4113145046961,0.4347030446416301,9.654502676720762
30.988281509612534,0.7499999999999993,804.0328148818206,0.44680778206086713,9.627776655345466
31.42964514140732,0.7499999999999973,808.2989359237265,0.5041228115796569,9.62775927520337
31.910684277718314,0.7499999999999998,810.805551666056,0.43226209267872007,9.426217635364086
31.910684277718314,0.7499999999999998,810.805551666056,0.43226209267872007,9.426217635364086
31.910684277718314,0.7499999999999998,810.805551666056,0.43226209267872007,9.426217635364086
31.910684277718314,0.7499999999999998,810.805551666056,0.43226209267872007,9.426217635364086
30.462490405990263,0.7499999999999994,803.7805481869038,0.31733026112855733,9.3816662852174
31.289634519014324,0.7499999999999984,809.7138333145782,0.36375354735279936,9.511603742722603
31.289634519014324,0.7499999999999984,809.7138333145782,0.36375354735279936,9.511603742722603
31.289634519014324,0.7499999999999984,809.7138333145782,0.36375354735279936,9.511603742722603
31.289634519014324,0.7499999999999984,809.7138333145782,0.36375354735279936,9.511603742722603
31.289634519014324,0.7499999999999984,809.7138333145782,0.36375354735279936,9.511603742722603
31.289634519014324,0.7499999999999984,809.7138333145782,0.36375354735279936,9.511603742722603
31.73057048222528,0.7499999999999991,803.4909201768489,0.38730018773686514,9.586879384734294
32.537758817596654,0.7499999999999991,802.9189972834013,0.5146512865170749,9.715119130243792
32.537758817596654,0.7499999999999991,802.9189972834013,0.5146512865170749,9.715119130243792
32.537758817596654,0.7499999999999991,802.9189972834013,0.5146512865170749,9.715119130243792
32.537758817596654,0.7499999999999991,802.9189972834013,0.5146512865170749,9.715119130243792
32.537758817596654,0.7499999999999991,802.9189972834013,0.5146512865170749,9.715119130243792
31.03578772554548,0.7499999999999989,803.1727473802133,0.45876818959669363,9.656102483450406
29.976477235924698,0.75,800.2041429952907,0.42223425626262484,9.61222610030623
30.441799311302418,0.7499999999999988,806.3033856791528,0.44098920210621223,9.459304813095509
30.441799311302418,0.7499999999999988,806.3033856791528,0.44098920210621223,9.459304813095509
30.441799311302418,0.7499999999999988,806.3033856791528,0.44098920210621223,9.459304813095509
30.441799311302418,0.7499999999999988,806.3033856791528,0.44098920210621223,9.459304813095509
30.51587336329206,0.7499999999999988,816.5190640673881,0.4807036552781972,9.577978806048623
30.92758671585361,0.7499999999999992,813.4585146854085,0.48288558329972475,9.724565649157574
30.027056219059578,0.7499999999999998,808.0509160845063,0.4601871472814572,9.589360169252535
30.027056219059578,0.7499999999999998,808.0509160845063,0.4601871472814572,9.589360169252535
30.5372760332278,0.749999999999999,801.3213149908232,0.5018715482230955,9.480408841626167
30.223499623295343,0.7500000000000001,804.050025667605,0.4260381207091196,9.676847401309036
30.21266917457948,0.7499999999999992,802.9479903597045,0.5512885700336815,9.69789293053726
30.21266917457948,0.7499999999999992,802.9479903597045,0.5512885700336815,9.69789293053726
30.117360784752215,0.7499999999999991,805.4829602712509,0.40488554839171453,9.669014495671627
30.117360784752215,0.7499999999999991,805.4829602712509,0.40488554839171453,9.669014495671627
30.117360784752215,0.7499999999999991,805.4829602712509,0.40488554839171453,9.669014495671627
30.117360784752215,0.7499999999999991,805.4829602712509,0.40488554839171453,9.669014495671627
30.05579389758629,0.7499999999999991,805.1955803728752,0.3995180324478655,9.562892947325262
30.05579389758629,0.7499999999999991,805.1955803728752,0.3995180324478655,9.562892947325262
30.067293341623603,0.7499999999999996,803.4345701041519,0.37656606146310834,9.514207401758963
30.180950965960516,0.7499999999999991,817.0505067464982,0.37235840645287127,9.69935288795711
30.969804101209185,0.7499999999999992,814.981506722243,0.7085561144861334,9.794656190390437
30.547358880346025,0.7499999999999982,813.316394415703,0.533660353374944,9.789253667139311
30.547358880346025,0.7499999999999982,813.316394415703,0.533660353374944,9.789253667139311
30.112145344547216,0.7499999999999994,808.6416687581118,0.4717387248188674,9.50049864405317
29.7080440394654,0.7499999999999991,804.5796808206698,0.44743419820031244,9.401515674694826
29.543171820778856,0.7499999999999994,806.7987775888902,0.44390776224112416,9.488766809668126
29.769249077867507,0.7499999999999989,809.1692486120204,0.4956191999760976,9.56715895575552
29.777466388097658,0.7499999999999996,809.7121323530193,0.46496850382953314,9.738845044310015
29.0333640166031,0.7500000000000001,809.1929172948389,0.4341532293810088,9.588161601126572
29.216153895184526,0.7499999999999999,806.5336051108917,0.3539192443425862,9.613686089460924
29.216153895184526,0.7499999999999999,806.5336051108917,0.3539192443425862,9.613686089460924
30.967368441116715,0.7499999999999991,809.3621567557672,0.45531883210018986,9.813828639134055
30.967368441116715,0.7499999999999991,809.3621567557672,0.45531883210018986,9.813828639134055
30.967368441116715,0.7499999999999991,809.3621567557672,0.45531883210018986,9.813828639134055
30.967368441116715,0.7499999999999991,809.3621567557672,0.45531883210018986,9.813828639134055
30.967368441116715,0.7499999999999991,809.3621567557672,0.45531883210018986,9.813828639134055
30.317700496366466,0.7499999999999989,814.9172504563053,0.49442005074544054,9.878652145666795
29.012584700510104,0.7499999999999997,815.0090010283852,0.4312782714165542,9.797154990925355
28.548585857383557,0.7499999999999996,805.1500118846634,0.3971823283518677,9.832791942713126
28.548585857383557,0.7499999999999996,805.1500118846634,0.3971823283518677,9.832791942713126
28.548585857383557,0.7499999999999996,805.1500118846634,0.3971823283518677,9.832791942713126
28.548585857383557,0.7499999999999996,805.1500118846634,0.3971823283518677,9.832791942713126
29.32826540746365,0.7499999999999998,809.5235420935078,0.6021355871991911,9.970558287482314
29.32826540746365,0.7499999999999998,809.5235420935078,0.6021355871991911,9.970558287482314
29.90944952776373,0.7499999999999994,808.7552073753512,0.5417408600496135,10.006384056433706
29.885049554307113,0.75,805.0352649453996,0.4532579938250419,9.99783977545925
29.885049554307113,0.75,805.0352649453996,0.4532579938250419,9.99783977545925
29.885049554307113,0.75,805.0352649453996,0.4532579938250419,9.99783977545925
29.885049554307113,0.75,805.0352649453996,0.4532579938250419,9.99783977545925
29.885049554307113,0.75,805.0352649453996,0.4532579938250419,9.99783977545925
29.468016171719743,0.7499999999999993,816.6374910930442,0.49934310429715395,10.005123357352522
29.468016171719743,0.7499999999999993,816.6374910930442,0.49934310429715395,10.005123357352522
29.468016171719743,0.7499999999999993,816.6374910930442,0.49934310429715395,10.005123357352522
31.18648837749116,0.7499999999999989,814.2499047632657,0.5594437677576082,10.159484425490541
30.295492276490666,0.7499999999999998,815.0601410892308,0.4732531517062258,9.908895695764684
30.295492276490666,0.7499999999999998,815.0601410892308,0.4732531517062258,9.908895695764684
30.295492276490666,0.7499999999999998,815.0601410892308,0.4732531517062258,9.908895695764684
30.295492276490666,0.7499999999999998,815.0601410892308,0.4732531517062258,9.908895695764684
31.243208913700087,0.7499999999999997,817.2414959114193,0.47665241586675056,9.92494516765409
29.925327097817906,0.7499999999999991,812.9367507305844,0.46498610053137585,9.96092582857967
29.925327097817906,0.7499999999999991,812.9367507305844,0.46498610053137585,9.96092582857967
29.122072624156726,0.7499999999999999,810.6121735703733,0.4943053734227472,9.562097190002486
29.122072624156726,0.7499999999999999,810.6121735703733,0.4943053734227472,9.562097190002486
29.122072624156726,0.7499999999999999,810.6121735703733,0.4943053734227472,9.562097190002486
29.698989329626578,0.7499999999999988,804.4193466008918,0.40901676122108815,9.735666159421276
29.698989329626578,0.7499999999999988,804.4193466008918,0.40901676122108815,9.735666159421276
29.698989329626578,0.7499999999999988,804.4193466008918,0.40901676122108815,9.735666159421276
29.698989329626578,0.7499999999999988,804.4193466008918,0.40901676122108815,9.735666159421276
29.698989329626578,0.7499999999999988,804.4193466008918,0.40901676122108815,9.735666159421276
31.066440819053575,0.7499999999999998,808.8440438533923,0.4081166314026979,9.792398578601734
30.18080435002872,0.7499999999999998,802.7198953857265,0.3867115968665224,9.62161593192856
30.18080435002872,0.7499999999999998,802.7198953857265,0.3867115968665224,9.62161593192856
30.18080435002872,0.7499999999999998,802.7198953857265,0.3867115968665224,9.62161593192856
30.073748628272565,0.749999999999999,800.9498266745682,0.37603411033329415,9.741955863666144
30.073748628272565,0.749999999999999,800.9498266745682,0.37603411033329415,9.741955863666144
30.073748628272565,0.749999999999999,800.9498266745682,0.37603411033329415,9.741955863666144
30.44428558266324,0.7500000000000001,800.6466707408915,0.40670954975623846,9.662803026214329
31.081020113989734,0.7499999999999997,802.3389006132938,0.3569676582085479,9.585208782168314
31.081020113989734,0.7499999999999997,802.3389006132938,0.3569676582085479,9.585208782168314
29.703031940072787,0.7499999999999996,797.2119863952096,0.33382462291111475,9.489662327519444
30.128072055269158,0.7499999999999989,798.4765274253925,0.3813841064423667,9.568862867859982
30.330966087092115,0.7499999999999993,798.1348591554492,0.4495895337804972,9.6418403588285
30.518035112048636,0.7500000000000001,795.6408547391243,0.4656241606273802,9.592259456091861
30.518035112048636,0.7500000000000001,795.6408547391243,0.4656241606273802,9.592259456091861
30.518035112048636,0.7500000000000001,795.6408547391243,0.4656241606273802,9.592259456091861
30.518035112048636,0.7500000000000001,795.6408547391243,0.4656241606273802,9.592259456091861
30.518035112048636,0.7500000000000001,795.6408547391243,0.4656241606273802,9.592259456091861
30.518035112048636,0.7500000000000001,795.6408547391243,0.4656241606273802,9.592259456091861
30.518035112048636,0.7500000000000001,795.6408547391243,0.4656241606273802,9.592259456091861
31.244124733744528,0.7499999999999994,803.2663014509138,0.4468324201352914,9.774789576089034
31.244124733744528,0.7499999999999994,803.2663014509138,0.4468324201352914,9.774789576089034
31.244124733744528,0.7499999999999994,803.2663014509138,0.4468324201352914,9.774789576089034
31.244124733744528,0.7499999999999994,803.2663014509138,0.4468324201352914,9.774789576089034
31.244124733744528,0.7499999999999994,803.2663014509138,0.4468324201352914,9.774789576089034
31.244124733744528,0.7499999999999994,803.2663014509138,0.4468324201352914,9.774789576089034
31.13549713720492,0.7499999999999991,800.1514174067826,0.4062856552645192,9.682237055632815
31.13549713720492,0.7499999999999991,800.1514174067826,0.4062856552645192,9.682237055632815
31.13549713720492,0.7499999999999991,800.1514174067826,0.4062856552645192,9.682237055632815
31.13549713720492,0.7499999999999991,800.1514174067826,0.4062856552645192,9.682237055632815
31.31534396230454,0.7499999999999994,807.2364960098744,0.49424584460228743,9.811082722730882
31.31534396230454,0.7499999999999994,807.2364960098744,0.49424584460228743,9.811082722730882
30.624401294109656,0.7500000000000001,810.3921487486244,0.4146376830021467,9.685941933998738
30.624401294109656,0.7500000000000001,810.3921487486244,0.4146376830021467,9.685941933998738
30.624401294109656,0.7500000000000001,810.3921487486244,0.4146376830021467,9.685941933998738
30.624401294109656,0.7500000000000001,810.3921487486244,0.4146376830021467,9.685941933998738
30.454726490512176,0.7499999999999998,809.9328016005293,0.4416628816940828,9.690796907357086
31.116156164699138,0.7499999999999986,810.9482180505807,0.4997948315339575,9.655121843383156
31.037807911229333,0.7499999999999987,814.6745478621385,0.5862534624628295,9.792509764736707
31.037807911229333,0.7499999999999987,814.6745478621385,0.5862534624628295,9.792509764736707
30.171835393292692,0.7499999999999987,820.3179639826143,0.5812062707394856,9.887895661605
28.96302262838795,0.7499999999999987,814.7588072660149,0.3587102375248386,9.680884989280363
28.96302262838795,0.7499999999999987,814.7588072660149,0.3587102375248386,9.680884989280363
28.924012164994384,0.7499999999999992,825.8843914941623,0.46525221949054185,10.009242348579344
28.52739880600336,0.7499999999999988,821.931429851938,0.401263160974802,10.042505075504247
28.52739880600336,0.7499999999999988,821.931429851938,0.401263160974802,10.042505075504247
28.52739880600336,0.7499999999999988,821.931429851938,0.401263160974802,10.042505075504247
28.208179197102893,0.7499999999999991,821.3943879413653,0.35064409781057015,9.86251548009198
28.208179197102893,0.7499999999999991,821.3943879413653,0.35064409781057015,9.86251548009198
29.308386628040942,0.7499999999999998,813.0313164868743,0.43531800583327324,9.793782638665755
29.308386628040942,0.7499999999999998,813.0313164868743,0.43531800583327324,9.793782638665755
29.708312748044893,0.7499999999999998,804.5285706162795,0.42345060436069776,9.832059277114212
31.245714865129425,0.7499999999999992,808.6669427785328,0.6405137842788746,10.095187052206933
31.54203118453561,0.7499999999999997,802.4074488825959,0.5744013335309953,10.094531023422752
31.54203118453561,0.7499999999999997,802.4074488825959,0.5744013335309953,10.094531023422752
31.54203118453561,0.7499999999999997,802.4074488825959,0.5744013335309953,10.094531023422752
31.54203118453561,0.7499999999999997,802.4074488825959,0.5744013335309953,10.094531023422752
31.54203118453561,0.7499999999999997,802.4074488825959,0.5744013335309953,10.094531023422752
31.500835352733073,0.7499999999999982,805.7249879878395,0.42688624304273365,9.779874505598173
31.500835352733073,0.7499999999999982,805.7249879878395,0.42688624304273365,9.779874505598173
30.14071217934546,0.7499999999999988,797.9800781307415,0.4038634926051361,9.890804748263466
30.360866736383592,0.7499999999999987,795.5002342425186,0.41424507444360587,9.613788671847407
30.360866736383592,0.7499999999999987,795.5002342425186,0.41424507444360587,9.613788671847407
30.360866736383592,0.7499999999999987,795.5002342425186,0.41424507444360587,9.613788671847407
30.89596149339622,0.7499999999999994,799.2491864746764,0.5238321731585439,9.735918805152153
30.89596149339622,0.7499999999999994,799.2491864746764,0.5238321731585439,9.735918805152153
30.89596149339622,0.7499999999999994,799.2491864746764,0.5238321731585439,9.735918805152153
30.89596149339622,0.7499999999999994,799.2491864746764,0.5238321731585439,9.735918805152153
30.89596149339622,0.7499999999999994,799.2491864746764,0.5238321731585439,9.735918805152153
30.240218514465916,0.7499999999999997,801.4010829329889,0.3886742283717183,9.589178998845473
30.240218514465916,0.7499999999999997,801.4010829329889,0.3886742283717183,9.589178998845473
30.240218514465916,0.7499999999999997,801.4010829329889,0.3886742283717183,9.589178998845473
30.10746175283324,0.7499999999999997,808.9053286584513,0.3838362854302586,9.686594961186916
30.10746175283324,0.7499999999999997,808.9053286584513,0.3838362854302586,9.686594961186916
29.07060044295569,0.7500000000000001,814.761869508433,0.5024228384420593,9.738582647327387
30.197775699546543,0.7499999999999994,807.1236810041091,0.48126920797982653,9.564495192494775
30.197775699546543,0.7499999999999994,807.1236810041091,0.48126920797982653,9.564495192494775
30.197775699546543,0.7499999999999994,807.1236810041091,0.48126920797982653,9.564495192494775
30.197775699546543,0.7499999999999994,807.1236810041091,0.48126920797982653,9.564495192494775
28.733932384507384,0.7499999999999989,794.9735744444597,0.34426624172687553,9.38979274761689
28.869217167489882,0.75,800.4903547998962,0.4082013815959904,9.440262661559577
29.42668443635244,0.7499999999999989,809.6117269330917,0.43151345554794696,9.603969209461269
29.61739470554866,0.7499999999999993,809.4175482147562,0.47885888193614107,9.728405945940969
29.61739470554866,0.7499999999999993,809.4175482147562,0.47885888193614107,9.728405945940969
29.61739470554866,0.7499999999999993,809.4175482147562,0.47885888193614107,9.728405945940969
29.61739470554866,0.7499999999999993,809.4175482147562,0.47885888193614107,9.728405945940969
29.61739470554866,0.7499999999999993,809.4175482147562,0.47885888193614107,9.728405945940969
29.61739470554866,0.7499999999999993,809.4175482147562,0.47885888193614107,9.728405945940969
28.884559882797067,0.7499999999999997,814.6678021675272,0.4566563679383867,9.63731763877804
28.884559882797067,0.7499999999999997,814.6678021675272,0.4566563679383867,9.63731763877804
28.884559882797067,0.7499999999999997,814.6678021675272,0.4566563679383867,9.63731763877804
28.884559882797067,0.7499999999999997,814.6678021675272,0.4566563679383867,9.63731763877804
28.884559882797067,0.7499999999999997,814.6678021675272,0.4566563679383867,9.63731763877804
29.077537306566022,0.7499999999999986,820.7849637444657,0.6134305446325937,9.837965537748374
28.29329803103904,0.7499999999999987,824.6767349631485,0.4059108219456441,9.784242451136574
28.42178756761359,0.7500000000000001,828.5779084961243,0.46648621922530525,9.82214105582936
29.036502872959648,0.749999999999999,826.3640129510874,0.45928132874414057,10.108251924947442
28.80520588886295,0.7499999999999996,814.1715230005262,0.4350440400200083,9.87923962154695
29.300967309340592,0.75,804.7994395389078,0.3747682556422673,9.918972317437015
29.93764013659761,0.7499999999999996,808.8252817315113,0.38184400285971587,9.898026534121936
29.93764013659761,0.7499999999999996,808.8252817315113,0.38184400285971587,9.898026534121936
29.93764013659761,0.7499999999999996,808.8252817315113,0.38184400285971587,9.898026534121936
29.29564446884328,0.7499999999999997,800.6440069256573,0.35700024280835874,9.65470145013854
29.346213828379014,0.7499999999999997,797.9617174111819,0.3714726271870592,9.60641389590872
29.346213828379014,0.7499999999999997,797.9617174111819,0.3714726271870592,9.60641389590872
29.346213828379014,0.7499999999999997,797.9617174111819,0.3714726271870592,9.60641389590872
29.346213828379014,0.7499999999999997,797.9617174111819,0.3714726271870592,9.60641389590872
29.346213828379014,0.7499999999999997,797.9617174111819,0.3714726271870592,9.60641389590872
29.346213828379014,0.7499999999999997,797.9617174111819,0.3714726271870592,9.60641389590872
29.346213828379014,0.7499999999999997,797.9617174111819,0.3714726271870592,9.60641389590872
29.346213828379014,0.7499999999999997,797.9617174111819,0.3714726271870592,9.60641389590872
29.8882908288091,0.7499999999999993,805.3062270081517,0.40167484746021387,9.752812737686403
29.8882908288091,0.7499999999999993,805.3062270081517,0.40167484746021387,9.752812737686403
29.732998795473723,0.7499999999999996,807.4811828082179,0.36991106795727835,9.715281911054529
29.732998795473723,0.7499999999999996,807.4811828082179,0.36991106795727835,9.715281911054529
29.732998795473723,0.7499999999999996,807.4811828082179,0.36991106795727835,9.715281911054529
29.199645953113603,0.7499999999999994,810.57687698301,0.35893921963764336,9.643549543003564
30.88002344546738,0.7499999999999994,812.1442978172446,0.5303362137759341,9.908964009962247
30.88002344546738,0.7499999999999994,812.1442978172446,0.5303362137759341,9.908964009962247
30.88002344546738,0.7499999999999994,812.1442978172446,0.5303362137759341,9.908964009962247
30.83159078747064,0.7499999999999989,812.6587219956958,0.40838652271836456,9.854181875944434
29.465535692767972,0.75,805.4804187775833,0.41179318566012135,9.978894488117572
30.396665446713826,0.7499999999999991,800.299959329471,0.4964299444659593,9.942616730553857
30.396665446713826,0.7499999999999991,800.299959329471,0.4964299444659593,9.942616730553857
30.399170248020102,0.7499999999999992,804.6985687512174,0.45717035251634974,10.056423793875211
31.043002286940972,0.7499999999999997,803.4371700077671,0.5129916933103037,10.083064285457548
29.61382225860275,0.7500000000000001,808.8988403903254,0.5246670262825571,10.05207619290631
30.260733676543865,0.7499999999999989,811.6925788248375,0.4192352872741159,10.214641976109785
30.597162571673294,0.7499999999999997,806.0889342749235,0.455446619803653,10.119245777600886
31.185297682477785,0.749999999999999,802.0669466638196,0.5954626189629131,9.984285498002867
31.351152637649726,0.7499999999999998,797.6728811669991,0.4796875252571101,9.746423886926618
31.351152637649726,0.7499999999999998,797.6728811669991,0.4796875252571101,9.746423886926618
31.024549117944414,0.7499999999999992,796.1055795426163,0.4985211898698595,9.702575923423561
31.024549117944414,0.7499999999999992,796.1055795426163,0.4985211898698595,9.702575923423561
31.024549117944414,0.7499999999999992,796.1055795426163,0.4985211898698595,9.702575923423561
30.994413992715597,0.7499999999999998,796.8743182645636,0.4012255896742772,9.864189838364961
31.50465481332022,0.7499999999999996,798.3840318030733,0.47049232015782133,9.84329789194743
31.50465481332022,0.7499999999999996,798.3840318030733,0.47049232015782133,9.84329789194743
31.50465481332022,0.7499999999999996,798.3840318030733,0.47049232015782133,9.84329789194743
31.50465481332022,0.7499999999999996,798.3840318030733,0.47049232015782133,9.84329789194743
31.50465481332022,0.7499999999999996,798.3840318030733,0.47049232015782133,9.84329789194743
31.50465481332022,0.7499999999999996,798.3840318030733,0.47049232015782133,9.84329789194743
31.50465481332022,0.7499999999999996,798.3840318030733,0.47049232015782133,9.84329789194743
31.50465481332022,0.7499999999999996,798.3840318030733,0.47049232015782133,9.84329789194743
29.788308635771227,0.7499999999999998,794.7070237572494,0.34375476145356054,9.612904052071968
28.87171039621195,0.7499999999999966,799.0847905699643,0.34928167676316996,9.610370167745916
28.87171039621195,0.7499999999999966,799.0847905699643,0.34928167676316996,9.610370167745916
28.87171039621195,0.7499999999999966,799.0847905699643,0.34928167676316996,9.610370167745916
28.87171039621195,0.7499999999999966,799.0847905699643,0.34928167676316996,9.610370167745916
28.87171039621195,0.7499999999999966,799.0847905699643,0.34928167676316996,9.610370167745916
28.87171039621195,0.7499999999999966,799.0847905699643,0.34928167676316996,9.610370167745916
28.87171039621195,0.7499999999999966,799.0847905699643,0.34928167676316996,9.610370167745916
30.37361958014441,0.7499999999999992,805.3980169982938,0.44692600219447065,9.713479117630195
28.789030067893485,0.7499999999999993,805.0988204676187,0.437812615787565,9.66795238030644
28.789030067893485,0.7499999999999993,805.0988204676187,0.437812615787565,9.66795238030644
28.789030067893485,0.7499999999999993,805.0988204676187,0.437812615787565,9.66795238030644
28.789030067893485,0.7499999999999993,805.0988204676187,0.437812615787565,9.66795238030644
28.789030067893485,0.7499999999999993,805.0988204676187,0.437812615787565,9.66795238030644
29.820780233020287,0.7499999999999991,806.9106782687643,0.42609563812417295,9.734401474306974
29.70150627271986,0.7499999999999997,809.8966386278405,0.41816252788431313,9.820658601587505
29.70150627271986,0.7499999999999997,809.8966386278405,0.41816252788431313,9.820658601587505
29.406970926051375,0.7499999999999977,808.5706659734789,0.43773131332906073,9.756252393304933
29.406970926051375,0.7499999999999977,808.5706659734789,0.43773131332906073,9.756252393304933
30.065237148867162,0.7499999999999986,813.6456100831856,0.3933327913361171,9.819075294047675
30.065237148867162,0.7499999999999986,813.6456100831856,0.3933327913361171,9.819075294047675
31.03193973739401,0.7500000000000002,816.2082678531083,0.6626004019692304,9.709941637323846
30.882916894908718,0.7499999999999992,810.4773219035914,0.5055774335108347,9.657314645477395
30.337276564609,0.7499999999999999,809.4071341945213,0.38503053982712476,9.575883007415573
30.337276564609,0.7499999999999999,809.4071341945213,0.38503053982712476,9.575883007415573
30.337276564609,0.7499999999999999,809.4071341945213,0.38503053982712476,9.575883007415573
30.337276564609,0.7499999999999999,809.4071341945213,0.38503053982712476,9.575883007415573
30.337276564609,0.7499999999999999,809.4071341945213,0.38503053982712476,9.575883007415573
30.337276564609,0.7499999999999999,809.4071341945213,0.38503053982712476,9.575883007415573
30.337276564609,0.7499999999999999,809.4071341945213,0.38503053982712476,9.575883007415573
29.301845827088986,0.7499999999999984,803.5508424423856,0.4373457914233352,9.534179714428651
29.301845827088986,0.7499999999999984,803.5508424423856,0.4373457914233352,9.534179714428651
29.301845827088986,0.7499999999999984,803.5508424423856,0.4373457914233352,9.534179714428651
29.301845827088986,0.7499999999999984,803.5508424423856,0.4373457914233352,9.534179714428651
30.473763288737985,0.7499999999999986,808.123721983763,0.46641260969335385,9.736231563314757
30.799603696083782,0.7499999999999977,816.0385260030484,0.5671342552434894,9.726377541234289
30.314919922954203,0.7499999999999971,808.1426257102779,0.4174052214880875,9.500411118054245
30.314919922954203,0.7499999999999971,808.1426257102779,0.4174052214880875,9.500411118054245
30.314919922954203,0.7499999999999971,808.1426257102779,0.4174052214880875,9.500411118054245
30.314919922954203,0.7499999999999971,808.1426257102779,0.4174052214880875,9.500411118054245
30.652885241672337,0.7499999999999992,814.8475928214027,0.40804981663389417,9.422087585746587
30.33511255009972,0.7499999999999989,809.523807460259,0.36356753966317445,9.475077637524095
30.19870638166216,0.7499999999999998,818.1880379938691,0.39301313620943507,9.701686231264167
30.19870638166216,0.7499999999999998,818.1880379938691,0.39301313620943507,9.701686231264167
30.726768046653493,0.7500000000000002,816.9859255450967,0.38238610384429306,9.686675213048218
30.726768046653493,0.7500000000000002,816.9859255450967,0.38238610384429306,9.686675213048218
30.46600123880027,0.7499999999999993,819.9968915440188,0.4027675321820479,9.641756361968726
30.37940836423447,0.749999999999999,816.7401658447544,0.4137006856009465,9.519256328154333
29.58914785015793,0.7499999999999989,814.6025977535602,0.4935120555295813,9.63087475178988
29.58914785015793,0.7499999999999989,814.6025977535602,0.4935120555295813,9.63087475178988
30.02705472462531,0.7499999999999984,811.5766168720008,0.43867570362846237,9.801423293872062
30.02705472462531,0.7499999999999984,811.5766168720008,0.43867570362846237,9.801423293872062
30.02705472462531,0.7499999999999984,811.5766168720008,0.43867570362846237,9.801423293872062
30.310956459964487,0.7499999999999993,814.3546172662165,0.4514672251283902,9.810201306569382
30.310956459964487,0.7499999999999993,814.3546172662165,0.4514672251283902,9.810201306569382
30.05589365742205,0.7499999999999997,810.6270987116003,0.49144674122410936,9.745463064227517
30.067929658089398,0.7499999999999996,816.6545973329846,0.4782081675408693,9.889537260674999
30.067929658089398,0.7499999999999996,816.6545973329846,0.4782081675408693,9.889537260674999
30.714640815879324,0.7499999999999993,815.0679398957406,0.43829731533239297,10.071876370069281
30.714640815879324,0.7499999999999993,815.0679398957406,0.43829731533239297,10.071876370069281
30.96021322396973,0.75,816.4368294670642,0.5436090473385521,10.133075518095518
30.37220215169909,0.749999999999999,806.2845548420122,0.4410833820287897,9.838675889197603
30.37220215169909,0.749999999999999,806.2845548420122,0.4410833820287897,9.838675889197603
30.37220215169909,0.749999999999999,806.2845548420122,0.4410833820287897,9.838675889197603
30.37220215169909,0.749999999999999,806.2845548420122,0.4410833820287897,9.838675889197603
29.857702078584985,0.7499999999999992,798.5943099958599,0.3655558102870511,9.727357652531449
29.857702078584985,0.7499999999999992,798.5943099958599,0.3655558102870511,9.727357652531449
29.857702078584985,0.7499999999999992,798.5943099958599,0.3655558102870511,9.727357652531449
29.857702078584985,0.7499999999999992,798.5943099958599,0.3655558102870511,9.727357652531449
29.857702078584985,0.7499999999999992,798.5943099958599,0.3655558102870511,9.727357652531449
29.857702078584985,0.7499999999999992,798.5943099958599,0.3655558102870511,9.727357652531449
30.397714160925815,0.749999999999998,812.1966942082782,0.5376075383430653,9.968500181996166
31.285756140729728,0.7499999999999993,816.6977383846453,0.5272687099570618,10.15809925244226
31.285756140729728,0.7499999999999993,816.6977383846453,0.5272687099570618,10.15809925244226
31.285756140729728,0.7499999999999993,816.6977383846453,0.5272687099570618,10.15809925244226
30.552189819348037,0.75,812.0179370700907,0.54285142370382,10.060316812398344
30.552189819348037,0.75,812.0179370700907,0.54285142370382,10.060316812398344
30.552189819348037,0.75,812.0179370700907,0.54285142370382,10.060316812398344
30.552189819348037,0.75,812.0179370700907,0.54285142370382,10.060316812398344
30.552189819348037,0.75,812.0179370700907,0.54285142370382,10.060316812398344
30.552189819348037,0.75,812.0179370700907,0.54285142370382,10.060316812398344
30.552189819348037,0.75,812.0179370700907,0.54285142370382,10.060316812398344
30.552189819348037,0.75,812.0179370700907,0.54285142370382,10.060316812398344
30.743040852719606,0.7499999999999989,819.4164538667517,0.5503246605047648,9.844844782721612
29.66601664835269,0.75,819.60533346827,0.6069336310307286,9.915904515384032
29.818587933485897,0.7499999999999997,816.1158157952204,0.44876348304122743,9.862673003706727
30.182133151993067,0.7499999999999993,820.4275982632198,0.4451665562143825,9.730195613941016
30.182133151993067,0.7499999999999993,820.4275982632198,0.4451665562143825,9.730195613941016
29.42286930781846,0.7499999999999996,826.9860910411763,0.3920406139488911,9.703862275227698
28.759496991100058,0.7499999999999996,822.3959526061541,0.4242739581906435,9.832052883636711
28.759496991100058,0.7499999999999996,822.3959526061541,0.4242739581906435,9.832052883636711
28.903922884013642,0.7500000000000001,826.8277776338066,0.4815810301469396,9.886171859757358
29.485847025026697,0.7499999999999998,813.9827398594466,0.3704569108095264,9.612976265481493
28.99108893344639,0.7499999999999999,813.6581942984081,0.3381624727697781,9.47981653304554
29.297874312158548,0.7499999999999998,814.4741298128936,0.33552263462540327,9.394536380167267
28.70955993079901,0.749999999999999,817.2989774822033,0.31527280375918415,9.404853746907511
29.30605248415774,0.7499999999999999,818.41802308691,0.38624528602335834,9.559926146757883
29.392864738013195,0.7499999999999979,823.824148068697,0.3806622829872191,9.776499445851403
29.392864738013195,0.7499999999999979,823.824148068697,0.3806622829872191,9.776499445851403
29.90955624339335,0.7499999999999991,837.1115164425892,0.46756300680632684,10.003771246611839
29.90955624339335,0.7499999999999991,837.1115164425892,0.46756300680632684,10.003771246611839
29.264786039855426,0.7499999999999998,836.1348226332631,0.42828844722200315,9.912955930424559
29.264786039855426,0.7499999999999998,836.1348226332631,0.42828844722200315,9.912955930424559
29.264786039855426,0.7499999999999998,836.1348226332631,0.42828844722200315,9.912955930424559
29.264786039855426,0.7499999999999998,836.1348226332631,0.42828844722200315,9.912955930424559
29.86214467623258,0.7499999999999984,826.1721847215651,0.3975714918664105,9.965710591613023
29.193223232434484,0.7499999999999999,825.0007511848186,0.3806878902041516,9.687491812387986
29.193223232434484,0.7499999999999999,825.0007511848186,0.3806878902041516,9.687491812387986
28.630267598510017,0.7499999999999989,819.6803744596443,0.37686619901696644,9.597978587796424
28.630267598510017,0.7499999999999989,819.6803744596443,0.37686619901696644,9.597978587796424
28.630267598510017,0.7499999999999989,819.6803744596443,0.37686619901696644,9.597978587796424
28.630267598510017,0.7499999999999989,819.6803744596443,0.37686619901696644,9.597978587796424
29.53721332969949,0.75,824.4390336659318,0.429914542473586,9.753089204499924
29.53721332969949,0.75,824.4390336659318,0.429914542473586,9.753089204499924
29.53721332969949,0.75,824.4390336659318,0.429914542473586,9.753089204499924
29.53721332969949,0.75,824.4390336659318,0.429914542473586,9.753089204499924
29.53721332969949,0.75,824.4390336659318,0.429914542473586,9.753089204499924
29.66597210731847,0.7499999999999982,819.303426143543,0.4744004572277444,9.665683567982816
29.66597210731847,0.7499999999999982,819.303426143543,0.4744004572277444,9.665683567982816
29.78554797169524,0.7499999999999999,818.9503362008146,0.5189595355175862,9.56371873647934
29.295039568984336,0.75,817.2391567520456,0.4668939968527988,9.494191727316737
27.95316701845156,0.7499999999999983,818.160328844025,0.5844319812485376,9.394451951935594
27.52951575477466,0.749999999999999,822.8300047428083,0.5074413548358087,9.310372299857159
27.52951575477466,0.749999999999999,822.8300047428083,0.5074413548358087,9.310372299857159
28.421827801787916,0.749999999999999,829.4663547247206,0.4560027658630983,9.35693151112747
29.784512717685388,0.7499999999999993,823.4353995704317,0.6048337424565894,9.627407440978057
29.784512717685388,0.7499999999999993,823.4353995704317,0.6048337424565894,9.627407440978057
29.784512717685388,0.7499999999999993,823.4353995704317,0.6048337424565894,9.627407440978057
29.784512717685388,0.7499999999999993,823.4353995704317,0.6048337424565894,9.627407440978057
30.344014730906405,0.749999999999999,820.2384674138286,0.4962161901177097,9.7060246696802
30.344014730906405,0.749999999999999,820.2384674138286,0.4962161901177097,9.7060246696802
30.344014730906405,0.749999999999999,820.2384674138286,0.4962161901177097,9.7060246696802
30.344014730906405,0.749999999999999,820.2384674138286,0.4962161901177097,9.7060246696802
30.344014730906405,0.749999999999999,820.2384674138286,0.4962161901177097,9.7060246696802
29.380554603353207,0.7499999999999994,818.303423477865,0.35348309809410944,9.541958275638029
29.380554603353207,0.7499999999999994,818.303423477865,0.35348309809410944,9.541958275638029
29.39303445755028,0.7499999999999994,818.2122948597965,0.3596614327852649,9.57412025567242
29.39303445755028,0.7499999999999994,818.2122948597965,0.3596614327852649,9.57412025567242
30.364113841977353,0.749999999999999,819.137092190975,0.43123715454517325,9.673049570494143
29.60343536778385,0.7499999999999993,820.7891318425541,0.38068176326863046,9.648441452678583
29.60343536778385,0.7499999999999993,820.7891318425541,0.38068176326863046,9.648441452678583
29.384449834863197,0.7499999999999987,825.1131678228494,0.4132785618210599,9.625399516361645
29.256461961768952,0.7499999999999994,817.2514518858635,0.3493540609039292,9.471529366476497
29.256461961768952,0.7499999999999994,817.2514518858635,0.3493540609039292,9.471529366476497
29.256461961768952,0.7499999999999994,817.2514518858635,0.3493540609039292,9.471529366476497
29.256461961768952,0.7499999999999994,817.2514518858635,0.3493540609039292,9.471529366476497
30.418198445414166,0.7499999999999993,816.4805870093704,0.38961124696887417,9.600115132157331
29.80294640638063,0.749999999999998,816.6787501392271,0.38190119394305355,9.660606716862318
29.80294640638063,0.749999999999998,816.6787501392271,0.38190119394305355,9.660606716862318
29.711887717038547,0.7499999999999996,817.2771416890231,0.4800539620248675,9.546180462418622
30.54134805119547,0.75,824.683618976462,0.5492960968744609,9.66645485104805
30.136557060917312,0.7499999999999997,819.1184995412245,0.5238333761597562,9.654578469773275
30.136557060917312,0.7499999999999997,819.1184995412245,0.5238333761597562,9.654578469773275
30.136557060917312,0.7499999999999997,819.1184995412245,0.5238333761597562,9.654578469773275
29.768935354280213,0.7499999999999994,824.3441012770629,0.5714257087172513,9.461205238105885
30.65511465309811,0.7499999999999992,833.858114338479,0.5085023572618276,9.576982113838927
30.65511465309811,0.7499999999999992,833.858114338479,0.5085023572618276,9.576982113838927
29.3173351335729,0.7500000000000001,829.5023336384365,0.4305490008843827,9.573867191065318
29.3173351335729,0.7500000000000001,829.5023336384365,0.4305490008843827,9.573867191065318
28.238155263041715,0.7499999999999997,829.8696992912438,0.3972172066108658,9.646117903771444
29.266702618565724,0.7499999999999994,832.1662024165445,0.3922362139904302,9.562719701112533
29.266702618565724,0.7499999999999994,832.1662024165445,0.3922362139904302,9.562719701112533
29.266702618565724,0.7499999999999994,832.1662024165445,0.3922362139904302,9.562719701112533
29.865680008937407,0.7499999999999992,837.8153347803225,0.6325235144957551,9.832933595321117
29.03668430188309,0.7499999999999992,831.2697925890388,0.41381409093317456,9.671921910463045
28.861889152046043,0.7499999999999994,827.2376348973444,0.4672522485059292,9.507174821185757
28.674785410793294,0.749999999999999,824.5817267153031,0.6266073991763017,9.760649603805788
28.808263748492834,0.7499999999999983,813.7016133570547,0.4791216462238643,9.514706701752058
28.808263748492834,0.7499999999999983,813.7016133570547,0.4791216462238643,9.514706701752058
28.808263748492834,0.7499999999999983,813.7016133570547,0.4791216462238643,9.514706701752058
28.808263748492834,0.7499999999999983,813.7016133570547,0.4791216462238643,9.514706701752058
28.808263748492834,0.7499999999999983,813.7016133570547,0.4791216462238643,9.514706701752058
28.808263748492834,0.7499999999999983,813.7016133570547,0.4791216462238643,9.514706701752058
28.6750958262719,0.7499999999999997,812.8556667053042,0.3745374529305399,9.560636892253262
28.82428338038508,0.7499999999999997,820.9347496464761,0.3676169050473433,9.652108687001846
29.011856205088762,0.7499999999999976,820.889834883796,0.3817341895714008,9.823011000702044
29.09153751117485,0.7499999999999993,816.9288219833722,0.3292466442154358,9.675641868704123
29.09153751117485,0.7499999999999993,816.9288219833722,0.3292466442154358,9.675641868704123
29.09153751117485,0.7499999999999993,816.9288219833722,0.3292466442154358,9.675641868704123
29.161092190341208,0.7499999999999996,829.3843655046531,0.4532290701833767,9.778284357802244
29.733458334726077,0.7499999999999989,826.6115439091285,0.6245293299454261,9.66613969686496
28.627037715857206,0.7499999999999998,823.3825152465218,0.38495315671846636,9.687549679634992
28.627037715857206,0.7499999999999998,823.3825152465218,0.38495315671846636,9.687549679634992
28.17360498727405,0.7499999999999996,823.348756802457,0.3709528292861305,9.631727145016246
29.14067663446955,0.749999999999999,823.1552601166588,0.38852127749990056,9.648723826495416
29.14067663446955,0.749999999999999,823.1552601166588,0.38852127749990056,9.648723826495416
29.14067663446955,0.749999999999999,823.1552601166588,0.38852127749990056,9.648723826495416
29.495592117708544,0.749999999999999,819.4205516870951,0.36585831937249313,9.50687234506438
29.495592117708544,0.749999999999999,819.4205516870951,0.36585831937249313,9.50687234506438
29.495592117708544,0.749999999999999,819.4205516870951,0.36585831937249313,9.50687234506438
31.00712891586402,0.7499999999999997,817.832784408432,0.43596407587941377,9.649952975555568
30.1976135430566,0.7499999999999984,828.6108936437453,0.4161902880614187,9.599311067200981
31.003899156904133,0.7499999999999998,815.8527263374193,0.41245881676806195,9.55522239666102
30.8438066800912,0.7499999999999982,818.7919426945261,0.4667064580245073,9.836295123462813
31.45443178614483,0.7499999999999994,825.2446020418121,0.535126452450807,10.022243339108181
30.827485037947568,0.749999999999999,819.1070235387424,0.5018398312595254,10.02494587972772
31.40607243041339,0.7499999999999994,821.8861567950588,0.5138421158270271,10.104307529851265
30.07529102070734,0.7499999999999989,813.9865913644966,0.5329876437430967,9.915657089396083
30.58276744194621,0.7499999999999993,811.6623247165705,0.4884655150866711,9.88898963731186
30.58276744194621,0.7499999999999993,811.6623247165705,0.4884655150866711,9.88898963731186
29.3966470676709,0.7499999999999997,814.3972021833466,0.4776449955209213,9.722949989527283
29.3966470676709,0.7499999999999997,814.3972021833466,0.4776449955209213,9.722949989527283
29.3966470676709,0.7499999999999997,814.3972021833466,0.4776449955209213,9.722949989527283
28.447007193812468,0.7499999999999993,815.2890910946713,0.4396567794278237,9.703407504583785
27.97336699302401,0.7499999999999981,817.7581261905548,0.3620724972703576,9.596125401300558
28.156713498358453,0.7499999999999996,817.6839482754659,0.3848463343714968,9.643520977691555
28.156713498358453,0.7499999999999996,817.6839482754659,0.3848463343714968,9.643520977691555
28.071427420883186,0.7499999999999998,819.1327591931114,0.34565419981535395,9.574051759747954
28.071427420883186,0.7499999999999998,819.1327591931114,0.34565419981535395,9.574051759747954
28.006462505086148,0.7499999999999996,817.148425302799,0.3866169743790959,9.503493764749653
27.58453996173854,0.7499999999999987,818.8398366033472,0.4255513428867677,9.404086394249154
28.128570031248426,0.7499999999999984,822.2394480088146,0.449099069390388,9.580744297600509
28.128570031248426,0.7499999999999984,822.2394480088146,0.449099069390388,9.580744297600509
28.128570031248426,0.7499999999999984,822.2394480088146,0.449099069390388,9.580744297600509
28.128570031248426,0.7499999999999984,822.2394480088146,0.449099069390388,9.580744297600509
28.128570031248426,0.7499999999999984,822.2394480088146,0.449099069390388,9.580744297600509
28.128570031248426,0.7499999999999984,822.2394480088146,0.449099069390388,9.580744297600509
28.128570031248426,0.7499999999999984,822.2394480088146,0.449099069390388,9.580744297600509
27.86661055305632,0.7500000000000001,825.1792361099807,0.46270476577639874,9.482019757367851
27.86661055305632,0.7500000000000001,825.1792361099807,0.46270476577639874,9.482019757367851
27.436286735097436,0.7499999999999993,828.5065225997338,0.5098595731738987,9.518423948949547
28.672850407907447,0.749999999999999,826.7444961599881,0.5071298730236855,9.627594557781794
28.966903059048228,0.749999999999998,817.7433377467786,0.44895770211200603,9.710955409160245
28.966903059048228,0.749999999999998,817.7433377467786,0.44895770211200603,9.710955409160245
28.966903059048228,0.749999999999998,817.7433377467786,0.44895770211200603,9.710955409160245
28.966903059048228,0.749999999999998,817.7433377467786,0.44895770211200603,9.710955409160245
28.966903059048228,0.749999999999998,817.7433377467786,0.44895770211200603,9.710955409160245
28.891164881679963,0.7499999999999997,822.6637257175089,0.42196769921589167,9.550602591748012
30.405444334822132,0.7499999999999989,821.2201974395854,0.5001502363994783,9.602364027444091
30.11454795163649,0.7499999999999984,816.0097242238575,0.4928146473055856,9.676415769398838
30.11454795163649,0.7499999999999984,816.0097242238575,0.4928146473055856,9.676415769398838
29.881596710047578,0.7499999999999997,818.5508909351895,0.44364119011772635,9.761949941569565
29.165035267338247,0.7499999999999983,818.2907859971282,0.5208132990749398,9.830647273033623
29.165035267338247,0.7499999999999983,818.2907859971282,0.5208132990749398,9.830647273033623
29.165035267338247,0.7499999999999983,818.2907859971282,0.5208132990749398,9.830647273033623
29.947618901981944,0.7499999999999997,818.6756735206859,0.4424551816166691,9.791756775316253
29.947618901981944,0.7499999999999997,818.6756735206859,0.4424551816166691,9.791756775316253
30.102703099330547,0.7499999999999987,825.7662240013724,0.4522124924988711,9.650818747396812
30.102703099330547,0.7499999999999987,825.7662240013724,0.4522124924988711,9.650818747396812
29.48282562486819,0.749999999999999,826.0295239691043,0.4573386306276567,9.682156506628539
30.147228614183632,0.7499999999999996,815.9820899840231,0.5331776187162703,9.722057202934826
30.147228614183632,0.7499999999999996,815.9820899840231,0.5331776187162703,9.722057202934826
30.147228614183632,0.7499999999999996,815.9820899840231,0.5331776187162703,9.722057202934826
29.852525475903615,0.7499999999999996,817.1215262733979,0.58256832354587,9.813540258800103
29.852525475903615,0.7499999999999996,817.1215262733979,0.58256832354587,9.813540258800103
29.852525475903615,0.7499999999999996,817.1215262733979,0.58256832354587,9.813540258800103
29.852525475903615,0.7499999999999996,817.1215262733979,0.58256832354587,9.813540258800103
29.852525475903615,0.7499999999999996,817.1215262733979,0.58256832354587,9.813540258800103
29.19152218626455,0.7499999999999986,820.7823804780035,0.558442718725257,9.781523650996755
29.19152218626455,0.7499999999999986,820.7823804780035,0.558442718725257,9.781523650996755
29.855928803007096,0.7499999999999991,822.099329036784,0.44171276842786045,9.802537404407364
30.180834263625076,0.7499999999999993,822.8242036824012,0.5655075444881872,9.899259608542469
29.7197176111125,0.7499999999999996,818.7594590891491,0.36998397062243144,9.858611608572776
29.7197176111125,0.7499999999999996,818.7594590891491,0.36998397062243144,9.858611608572776
29.7197176111125,0.7499999999999996,818.7594590891491,0.36998397062243144,9.858611608572776
30.249038470960386,0.7499999999999993,817.5231041798717,0.419650123782633,9.850472061776836
30.249038470960386,0.7499999999999993,817.5231041798717,0.419650123782633,9.850472061776836
30.214514184975535,0.7499999999999989,818.5795984081894,0.41315710871027816,9.867338673136336
28.913468389000315,0.7499999999999992,822.0644752614021,0.2979836635490888,9.642624573845472
30.018589362180137,0.749999999999999,822.6279580956863,0.3618575073972505,9.874194005850537
29.017615608921034,0.7499999999999998,819.1374631230906,0.34806763044938743,9.766665459757224
28.44959464202026,0.7499999999999991,818.7624740966892,0.3683143516385273,9.754416735078141
28.44959464202026,0.7499999999999991,818.7624740966892,0.3683143516385273,9.754416735078141
28.59735092741038,0.749999999999999,815.6824926158358,0.38212027778435526,9.623814079160042
28.28240458967235,0.7499999999999996,815.9490662054221,0.3695972903804581,9.613512195450307
29.366915222564696,0.7499999999999999,819.9608812215073,0.4364592654733456,9.93183362179085
30.141429707504404,0.7499999999999997,819.3008610634009,0.48024257226829054,9.884887136675488
30.354515240883792,0.7499999999999988,818.2548693859025,0.42343622096310907,9.704812740594653
30.354515240883792,0.7499999999999988,818.2548693859025,0.42343622096310907,9.704812740594653
30.624582040971028,0.7499999999999991,817.8197026730493,0.5441188192945053,9.772901805177344
30.624582040971028,0.7499999999999991,817.8197026730493,0.5441188192945053,9.772901805177344
30.624582040971028,0.7499999999999991,817.8197026730493,0.5441188192945053,9.772901805177344
30.624582040971028,0.7499999999999991,817.8197026730493,0.5441188192945053,9.772901805177344
30.938627062211175,0.7499999999999991,819.592164581494,0.4594157160174565,9.66012536306729
30.938627062211175,0.7499999999999991,819.592164581494,0.4594157160174565,9.66012536306729
30.679174628409704,0.7499999999999988,814.0530225567602,0.45472642832390325,9.716256310504855
29.148333020102925,0.7499999999999994,804.0019887696532,0.40510330857787447,9.438656385532582
29.148333020102925,0.7499999999999994,804.0019887696532,0.40510330857787447,9.438656385532582
28.652546682809177,0.749999999999999,804.7518610613264,0.33460784276835726,9.40878620330884
28.652546682809177,0.749999999999999,804.7518610613264,0.33460784276835726,9.40878620330884
28.652546682809177,0.749999999999999,804.7518610613264,0.33460784276835726,9.40878620330884
28.652546682809177,0.749999999999999,804.7518610613264,0.33460784276835726,9.40878620330884
28.652546682809177,0.749999999999999,804.7518610613264,0.33460784276835726,9.40878620330884
28.652546682809177,0.749999999999999,804.7518610613264,0.33460784276835726,9.40878620330884
28.652546682809177,0.749999999999999,804.7518610613264,0.33460784276835726,9.40878620330884
28.652546682809177,0.749999999999999,804.7518610613264,0.33460784276835726,9.40878620330884
28.652546682809177,0.749999999999999,804.7518610613264,0.33460784276835726,9.40878620330884
29.42347506811398,0.749999999999999,807.9386830673433,0.414923636676721,9.534779368744049
30.202580817864646,0.7499999999999994,807.2262964107648,0.3647243106599125,9.509382985580832
29.902896484194088,0.7499999999999991,811.2735027743116,0.41488072789948127,9.684143918704697
29.902896484194088,0.7499999999999991,811.2735027743116,0.41488072789948127,9.684143918704697
28.667751101188063,0.7499999999999996,818.4604917363262,0.4478351390578618,9.461932567192694
28.725228901707048,0.7499999999999996,819.1236605814047,0.43078000210041184,9.598504188633626
28.103168956071894,0.7499999999999992,819.5432669921065,0.47299655261975293,9.615030775193762
29.20561023609646,0.7499999999999993,812.1085038687654,0.4706148041126956,9.709180230306888
28.378587584279764,0.7499999999999987,812.2637273018969,0.3997571336404839,9.437500347090932
29.602269898161136,0.749999999999999,813.2820389617142,0.5785421582073839,9.579947952243524
29.499795201161707,0.7499999999999998,821.0346168279646,0.5059446815626595,9.69461170924302
29.013798810418887,0.7499999999999983,819.3783597908101,0.452365039875721,9.678136493490038
28.96177693969029,0.7499999999999981,816.4398770880714,0.4731244399272486,9.543926504208278
29.855518049671343,0.7499999999999998,816.92485955202,0.4148218178253655,9.583970751679743
29.855518049671343,0.7499999999999998,816.92485955202,0.4148218178253655,9.583970751679743
29.13758813519482,0.7499999999999991,810.298260976818,0.3624502746779971,9.537937291765079
29.13758813519482,0.7499999999999991,810.298260976818,0.3624502746779971,9.537937291765079
29.13013438970516,0.7499999999999996,815.2187868229447,0.37310440081836593,9.683082649792706
28.51610444536473,0.7499999999999986,815.9413247853158,0.43089020219146323,9.534519460409465
29.52212772281874,0.7499999999999994,829.3602226887591,0.4110362550021957,9.6976552932911
30.451384573232477,0.7499999999999999,828.6784620186132,0.5180441920497598,9.856827516921474
30.056806701136413,0.7499999999999994,820.5582922254401,0.5060804678585306,9.621750493849873
29.337971568321574,0.7499999999999998,813.7486711276854,0.3754424763351046,9.486667954790565
28.9986087201829,0.749999999999999,815.909798273817,0.3601017006602706,9.546314264366003
28.42609976073902,0.7499999999999994,818.6842912588763,0.3269229694028951,9.54999801738752
27.438463021237904,0.7499999999999996,832.6586915289221,0.36240985194544684,9.596449912208115
29.01916131443864,0.7499999999999987,829.3523497081308,0.5466093554415453,9.815799305753904
29.800491186335567,0.7499999999999998,816.9841894464103,0.4575190951600626,9.762685402904012
29.800491186335567,0.7499999999999998,816.9841894464103,0.4575190951600626,9.762685402904012
30.059608899642704,0.7499999999999991,818.2493644440445,0.4946392493680861,9.840641454521656
29.781205805502843,0.7499999999999997,819.5548215294781,0.42090453630888913,9.633063978493277
29.397064606830966,0.7499999999999998,807.2356977127106,0.3789012068668651,9.429457497447752
29.397064606830966,0.7499999999999998,807.2356977127106,0.3789012068668651,9.429457497447752
29.397064606830966,0.7499999999999998,807.2356977127106,0.3789012068668651,9.429457497447752
29.397064606830966,0.7499999999999998,807.2356977127106,0.3789012068668651,9.429457497447752
29.397064606830966,0.7499999999999998,807.2356977127106,0.3789012068668651,9.429457497447752
29.444131555494877,0.7499999999999986,813.5854826671487,0.4495033248086648,9.608228585767828
30.248287766659146,0.7499999999999989,818.2586993392274,0.6405725713098495,9.717285404674612
29.945581468405763,0.7499999999999994,818.4576559954455,0.5282551911221856,9.73931314525539
28.788318336918255,0.7499999999999991,817.4111699373279,0.3866705718716429,9.632615299453239
28.788318336918255,0.7499999999999991,817.4111699373279,0.3866705718716429,9.632615299453239
28.788318336918255,0.7499999999999991,817.4111699373279,0.3866705718716429,9.632615299453239
29.460221245123783,0.7499999999999984,823.1790516200653,0.4339393225132704,9.799049304599611
29.460221245123783,0.7499999999999984,823.1790516200653,0.4339393225132704,9.799049304599611
29.460221245123783,0.7499999999999984,823.1790516200653,0.4339393225132704,9.799049304599611
29.688823275781274,0.749999999999999,816.8181409379085,0.39533998592922986,9.721699170965914
29.936124184754984,0.7499999999999994,827.144861872787,0.5013867132193008,9.661137737146202
28.686600393384794,0.75,821.918664293517,0.3950958378535252,9.519467244195363
28.626151410551397,0.7500000000000001,825.1921769561999,0.4481820255667966,9.70147770882021
28.78097523428242,0.7499999999999993,826.023217028094,0.48396362986591673,9.975304177420963
28.78097523428242,0.7499999999999993,826.023217028094,0.48396362986591673,9.975304177420963
28.82887899789538,0.7499999999999999,830.5847098567677,0.47937557070798226,9.880886012735019
28.17737575450931,0.7499999999999992,819.3957867903626,0.4128307119365298,9.538698676931087
28.17737575450931,0.7499999999999992,819.3957867903626,0.4128307119365298,9.538698676931087
28.04212699731501,0.7499999999999999,824.8069550914418,0.40104289160545104,9.580209400653619
27.55628760500231,0.7499999999999999,828.0619107796581,0.4094872865905914,9.63999481982533
28.057041284917204,0.7499999999999994,826.5725106295134,0.44229030861590607,9.678154989260843
28.057041284917204,0.7499999999999994,826.5725106295134,0.44229030861590607,9.678154989260843
28.057041284917204,0.7499999999999994,826.5725106295134,0.44229030861590607,9.678154989260843
27.580949800712816,0.749999999999999,824.5039141326994,0.4635063292839386,9.558786019096539
28.544880645660477,0.7499999999999993,819.9633307192429,0.3875920706160857,9.605975994043874
28.774761720361134,0.749999999999999,831.0271592713212,0.435073596501181,9.598845711687531
28.370972547857065,0.7500000000000004,831.6549181658388,0.41217183626699727,9.644198478852138
28.330675773413585,0.7499999999999997,820.7448475653873,0.41061719728325835,9.459056291319154
28.330675773413585,0.7499999999999997,820.7448475653873,0.41061719728325835,9.459056291319154
28.330675773413585,0.7499999999999997,820.7448475653873,0.41061719728325835,9.459056291319154
28.863190483771994,0.7499999999999983,820.2077223116788,0.4267004597179383,9.533428429080692
28.939206417359447,0.7499999999999992,816.063517805678,0.4070112926348014,9.534049062846574
28.939206417359447,0.7499999999999992,816.063517805678,0.4070112926348014,9.534049062846574
28.939206417359447,0.7499999999999992,816.063517805678,0.4070112926348014,9.534049062846574
28.939206417359447,0.7499999999999992,816.063517805678,0.4070112926348014,9.534049062846574
28.380867105454367,0.7499999999999992,815.8840675859609,0.424725109613006,9.618293941979527
28.42742840101997,0.7499999999999992,817.8768516169521,0.5091765636209059,9.754446396863178
28.42742840101997,0.7499999999999992,817.8768516169521,0.5091765636209059,9.754446396863178
27.995774794669884,0.7499999999999999,827.3929520451493,0.5264541271427899,9.85527595080739
27.995774794669884,0.7499999999999999,827.3929520451493,0.5264541271427899,9.85527595080739
28.53628649651481,0.75,829.246307832897,0.42674136112118666,9.929996916614098
28.61154862824617,0.7499999999999993,827.76593884017,0.43846087344806456,9.705134967109029
28.61154862824617,0.7499999999999993,827.76593884017,0.43846087344806456,9.705134967109029
28.61154862824617,0.7499999999999993,827.76593884017,0.43846087344806456,9.705134967109029
28.61154862824617,0.7499999999999993,827.76593884017,0.43846087344806456,9.705134967109029
29.253346225094145,0.7499999999999998,820.6971542779609,0.47509478441774206,9.782953175055216
29.09121191151811,0.7499999999999992,829.0520493220047,0.48282297991446393,9.964041612608813
29.09121191151811,0.7499999999999992,829.0520493220047,0.48282297991446393,9.964041612608813
28.57568704719803,0.7499999999999989,828.958232077776,0.3887127593923974,9.847414913675996
28.57568704719803,0.7499999999999989,828.958232077776,0.3887127593923974,9.847414913675996
28.034191054788508,0.7500000000000002,823.1604893189958,0.3679004726163386,9.83157243014291
27.787056405904455,0.7499999999999991,828.3770500451961,0.34367922084066205,9.676123733382033
29.050070541577163,0.7499999999999986,829.8022410216839,0.41049053752926556,9.817620634028998
30.16143277109009,0.7499999999999998,835.2494558510522,0.5416305456528435,9.87807900848307
30.131801420084432,0.7499999999999996,824.7694860453372,0.41686737877919205,9.852358384956142
30.131801420084432,0.7499999999999996,824.7694860453372,0.41686737877919205,9.852358384956142
30.131801420084432,0.7499999999999996,824.7694860453372,0.41686737877919205,9.852358384956142
30.88128018873258,0.7499999999999987,817.6371970336268,0.386327947986976,9.745520063515167
30.88128018873258,0.7499999999999987,817.6371970336268,0.386327947986976,9.745520063515167
29.94356331459048,0.7500000000000004,814.9885904435446,0.39265409160426223,9.694679457019678
29.94356331459048,0.7500000000000004,814.9885904435446,0.39265409160426223,9.694679457019678
29.94356331459048,0.7500000000000004,814.9885904435446,0.39265409160426223,9.694679457019678
29.94356331459048,0.7500000000000004,814.9885904435446,0.39265409160426223,9.694679457019678
28.826675636997884,0.7499999999999998,814.6984025321756,0.4768618753739577,9.618764051608693
29.495290484541886,0.7499999999999996,809.3376391504595,0.38384485398244067,9.632032686264278
29.495290484541886,0.7499999999999996,809.3376391504595,0.38384485398244067,9.632032686264278
29.495290484541886,0.7499999999999996,809.3376391504595,0.38384485398244067,9.632032686264278
29.495290484541886,0.7499999999999996,809.3376391504595,0.38384485398244067,9.632032686264278
29.803909238209528,0.7499999999999998,816.8339186478404,0.3738857221940128,9.73459812397389
29.803909238209528,0.7499999999999998,816.8339186478404,0.3738857221940128,9.73459812397389
29.803909238209528,0.7499999999999998,816.8339186478404,0.3738857221940128,9.73459812397389
29.803909238209528,0.7499999999999998,816.8339186478404,0.3738857221940128,9.73459812397389
29.803909238209528,0.7499999999999998,816.8339186478404,0.3738857221940128,9.73459812397389
30.720492669067124,0.7499999999999994,818.6603269944908,0.4386271902574036,9.842720344733976
30.720492669067124,0.7499999999999994,818.6603269944908,0.4386271902574036,9.842720344733976
30.720492669067124,0.7499999999999994,818.6603269944908,0.4386271902574036,9.842720344733976
31.41103886978976,0.7499999999999991,813.7899028245647,0.5089371512576976,9.743969668066175
31.41103886978976,0.7499999999999991,813.7899028245647,0.5089371512576976,9.743969668066175
31.41103886978976,0.7499999999999991,813.7899028245647,0.5089371512576976,9.743969668066175
31.41103886978976,0.7499999999999991,813.7899028245647,0.5089371512576976,9.743969668066175
31.41103886978976,0.7499999999999991,813.7899028245647,0.5089371512576976,9.743969668066175
31.620602241029857,0.7499999999999992,815.6287737720583,0.4624832713816603,9.90790537845549
31.620602241029857,0.7499999999999992,815.6287737720583,0.4624832713816603,9.90790537845549
32.32530966752056,0.7499999999999992,816.2727486242193,0.5236999651793881,10.027280363687714
32.32530966752056,0.7499999999999992,816.2727486242193,0.5236999651793881,10.027280363687714
32.32530966752056,0.7499999999999992,816.2727486242193,0.5236999651793881,10.027280363687714
32.32530966752056,0.7499999999999992,816.2727486242193,0.5236999651793881,10.027280363687714
32.32530966752056,0.7499999999999992,816.2727486242193,0.5236999651793881,10.027280363687714
31.30282176464224,0.749999999999998,815.4629546254492,0.44316556289360504,10.04071448983579
31.30282176464224,0.749999999999998,815.4629546254492,0.44316556289360504,10.04071448983579
31.30282176464224,0.749999999999998,815.4629546254492,0.44316556289360504,10.04071448983579
30.87879065685572,0.75,812.0490549788908,0.4411221785331086,9.996751935528128
30.87879065685572,0.75,812.0490549788908,0.4411221785331086,9.996751935528128
30.511540733377373,0.7499999999999987,807.7499167725146,0.47864661117932084,9.886934838778032
29.62697775939058,0.75,809.1761584609202,0.49369136107376743,9.953232005782663
29.081612860923443,0.7499999999999997,813.7957941615499,0.42690995425827466,9.779240816956113
29.081612860923443,0.7499999999999997,813.7957941615499,0.42690995425827466,9.779240816956113
29.209224828776815,0.7499999999999981,814.9311630556928,0.5104373779448261,9.929165085845876
29.209224828776815,0.7499999999999981,814.9311630556928,0.5104373779448261,9.929165085845876
28.8288621975152,0.75,811.5690967278072,0.46399236668943067,9.96634154379883
28.8288621975152,0.75,811.5690967278072,0.46399236668943067,9.96634154379883
28.293235476125442,0.7499999999999999,808.5981056715925,0.44036629452794546,9.88317163435006
29.190129446124462,0.7499999999999992,806.7925734714128,0.4787184948862662,9.856391250242273
29.190129446124462,0.7499999999999992,806.7925734714128,0.4787184948862662,9.856391250242273
29.190129446124462,0.7499999999999992,806.7925734714128,0.4787184948862662,9.856391250242273
29.832718172524928,0.7499999999999997,806.5700946639023,0.4964653963309537,9.811117486677768
29.581704417228604,0.7499999999999988,809.897226144492,0.4274064929990883,9.777865822804973
29.581704417228604,0.7499999999999988,809.897226144492,0.4274064929990883,9.777865822804973
29.581704417228604,0.7499999999999988,809.897226144492,0.4274064929990883,9.777865822804973
29.308560583660668,0.7500000000000001,820.5610989399079,0.37183267636297423,9.906293785575093
29.823223172173087,0.7499999999999978,817.5194749917549,0.42991118575450304,9.826453017344928
29.823223172173087,0.7499999999999978,817.5194749917549,0.42991118575450304,9.826453017344928
29.823223172173087,0.7499999999999978,817.5194749917549,0.42991118575450304,9.826453017344928
29.692054188809355,0.7499999999999997,823.2589494160361,0.4655039896498644,9.69988676209292
30.062014661421742,0.7499999999999993,826.614096051877,0.46552238493731585,9.972767165276442
29.716201256364133,0.7499999999999989,815.0450788537536,0.4509243586394894,9.913430331957391
31.07783546587931,0.75,809.3238487762798,0.47605138333947006,9.825862499951423
31.07783546587931,0.75,809.3238487762798,0.47605138333947006,9.825862499951423
29.845676878571375,0.749999999999999,810.5029936637796,0.4235779892842328,9.744409214561577
31.025145053273395,0.749999999999999,811.4733473178842,0.4244623236926977,9.9123885076958
31.025145053273395,0.749999999999999,811.4733473178842,0.4244623236926977,9.9123885076958
30.902058980551278,0.7499999999999984,803.22077415787,0.4916647004722334,9.731683972607215
30.902058980551278,0.7499999999999984,803.22077415787,0.4916647004722334,9.731683972607215
30.902058980551278,0.7499999999999984,803.22077415787,0.4916647004722334,9.731683972607215
31.171814226208134,0.7499999999999994,807.2802261616737,0.5489292709829108,9.83184046792672
31.171814226208134,0.7499999999999994,807.2802261616737,0.5489292709829108,9.83184046792672
29.93136826989925,0.7499999999999993,801.2373985049642,0.40161388693370303,9.52062841503388
29.93136826989925,0.7499999999999993,801.2373985049642,0.40161388693370303,9.52062841503388
31.188955607588337,0.7499999999999992,812.1848470717171,0.4198503554893153,9.75752113117693
30.459395377909463,0.7499999999999994,818.3236654911832,0.4772842593993711,9.602289160963764
30.459395377909463,0.7499999999999994,818.3236654911832,0.4772842593993711,9.602289160963764
29.77741363121028,0.7499999999999984,817.3602798767247,0.38842749385920256,9.643017517309588
30.56983529495453,0.7500000000000002,812.9829523803452,0.3741946168836911,9.838916469136024
31.03705519110157,0.7499999999999996,810.6406388540845,0.4361564847394157,9.889045793306192
31.03705519110157,0.7499999999999996,810.6406388540845,0.4361564847394157,9.889045793306192
30.085801189446528,0.7499999999999996,812.0052389178524,0.4026247313511786,9.909309562875896
30.985293564319946,0.7499999999999994,816.866113432424,0.46610438641712604,10.082741821716876
30.985293564319946,0.7499999999999994,816.866113432424,0.46610438641712604,10.082741821716876
31.363132133659672,0.7499999999999997,807.1417471453673,0.3975776346095738,9.855449132379661
31.363132133659672,0.7499999999999997,807.1417471453673,0.3975776346095738,9.855449132379661
31.363132133659672,0.7499999999999997,807.1417471453673,0.3975776346095738,9.855449132379661
31.363132133659672,0.7499999999999997,807.1417471453673,0.3975776346095738,9.855449132379661
31.363132133659672,0.7499999999999997,807.1417471453673,0.3975776346095738,9.855449132379661
31.363132133659672,0.7499999999999997,807.1417471453673,0.3975776346095738,9.855449132379661
31.363132133659672,0.7499999999999997,807.1417471453673,0.3975776346095738,9.855449132379661
31.363132133659672,0.7499999999999997,807.1417471453673,0.3975776346095738,9.855449132379661
31.363132133659672,0.7499999999999997,807.1417471453673,0.3975776346095738,9.855449132379661
30.36774351204457,0.7499999999999994,806.7169415772058,0.40065068856763164,9.845245486727162
30.36774351204457,0.7499999999999994,806.7169415772058,0.40065068856763164,9.845245486727162
30.092496738552775,0.7499999999999996,810.9118544130664,0.554034951242493,9.684952185914483
30.794684810884345,0.7499999999999982,810.9036394730094,0.5856510616283449,9.683923732622569
30.505531547473023,0.7499999999999997,815.5567833101553,0.44844552889735045,9.734029908566052
30.37308190804391,0.7499999999999998,811.8466836717424,0.46790507118483504,9.786810364117418
29.612887951931427,0.7499999999999986,815.3149011314763,0.48320836243142107,9.803200775379821
30.97943747887565,0.7499999999999999,820.6442274888011,0.4741212436723531,10.127604140767204
30.69821338854628,0.7500000000000002,812.0418378209524,0.47175601582708904,10.01307693547495
29.67491793651134,0.75,821.4004455822397,0.4019757951205526,10.020428031996016
29.276470282392335,0.749999999999999,820.2173024589075,0.4368249136929013,9.762832256171516
29.276470282392335,0.749999999999999,820.2173024589075,0.4368249136929013,9.762832256171516
28.47053777679849,0.7499999999999989,828.3821547723496,0.4614468911489614,9.708785109562669
28.47053777679849,0.7499999999999989,828.3821547723496,0.4614468911489614,9.708785109562669
28.47053777679849,0.7499999999999989,828.3821547723496,0.4614468911489614,9.708785109562669
28.801232081507695,0.7499999999999991,831.3825644402615,0.5349665099174241,9.823786129175087
28.56627255654502,0.7500000000000001,825.2430040502867,0.4804453238382929,9.761052062510071
27.331678469520064,0.7499999999999987,824.7349634826937,0.40884615744545716,9.57114073443851
27.331678469520064,0.7499999999999987,824.7349634826937,0.40884615744545716,9.57114073443851
28.008204659612947,0.75,829.3733540704618,0.3791104267973174,9.472502123620052
27.973742169943772,0.7499999999999996,825.6787293159985,0.35242198109404876,9.612226114583915
29.21139982782418,0.7499999999999987,824.7976342925822,0.4048780788052705,9.764987787226412
29.21139982782418,0.7499999999999987,824.7976342925822,0.4048780788052705,9.764987787226412
29.21139982782418,0.7499999999999987,824.7976342925822,0.4048780788052705,9.764987787226412
29.21139982782418,0.7499999999999987,824.7976342925822,0.4048780788052705,9.764987787226412
29.21139982782418,0.7499999999999987,824.7976342925822,0.4048780788052705,9.764987787226412
30.02638494986721,0.7499999999999998,827.7479226741161,0.5006320318428381,9.961913511456014
30.890552513850306,0.7499999999999993,823.7372169811528,0.5942222253214083,10.027034442358968
30.963942202188765,0.7499999999999987,822.5900502019452,0.5034578805753901,10.039484494208745
30.963942202188765,0.7499999999999987,822.5900502019452,0.5034578805753901,10.039484494208745
31.589847256164642,0.7499999999999997,822.9845596526052,0.49366744712720645,10.032748652458455
31.589847256164642,0.7499999999999997,822.9845596526052,0.49366744712720645,10.032748652458455
31.589847256164642,0.7499999999999997,822.9845596526052,0.49366744712720645,10.032748652458455
31.06082904088231,0.7499999999999993,817.3186271731008,0.43795588254169865,9.893264603303678
29.900617652735136,0.7499999999999994,811.4010496535118,0.3858954219362551,9.880722206784501
29.900617652735136,0.7499999999999994,811.4010496535118,0.3858954219362551,9.880722206784501
28.757385928633372,0.7499999999999999,810.2466156024668,0.4226924300297481,9.679960828360503
29.793824073504407,0.7499999999999993,815.6817180003068,0.5071248109516102,9.902685039513452
29.90140437075288,0.7499999999999994,821.2136074841176,0.40257398349457474,9.954831608949856
29.663551579668162,0.7499999999999996,815.8159735011177,0.44687422421904516,10.000239074501934
29.245801346002185,0.7499999999999999,817.0829953557097,0.5199791793927917,9.836525846993037
28.705751129482646,0.7499999999999992,814.9374384175783,0.5303574933623636,9.776217546876463
29.044844770011416,0.7499999999999994,813.8723314576092,0.49598027187786053,9.800585494071877
30.044003982789413,0.7499999999999997,820.4395119229408,0.4535178297155095,9.963309131890407
29.81359888978501,0.7499999999999993,828.062883474972,0.40432981831053944,9.88892642250372
30.160191949958612,0.7499999999999979,822.8318420598744,0.4050020533776424,9.73442742908548
30.160191949958612,0.7499999999999979,822.8318420598744,0.4050020533776424,9.73442742908548
30.160191949958612,0.7499999999999979,822.8318420598744,0.4050020533776424,9.73442742908548
30.160191949958612,0.7499999999999979,822.8318420598744,0.4050020533776424,9.73442742908548
30.130697858485043,0.7499999999999984,816.7161073220109,0.4375420901100084,9.590817212558893
30.130697858485043,0.7499999999999984,816.7161073220109,0.4375420901100084,9.590817212558893
30.130697858485043,0.7499999999999984,816.7161073220109,0.4375420901100084,9.590817212558893
30.56724451008001,0.7499999999999986,814.8598550647873,0.5289386419511155,9.758386091099178
30.56724451008001,0.7499999999999986,814.8598550647873,0.5289386419511155,9.758386091099178
30.198881829346718,0.7499999999999984,815.1032231225159,0.4225323621009041,9.66944795411139
29.75351678374176,0.7499999999999987,810.0563940383872,0.5030875861401881,9.811648559627013
29.75351678374176,0.7499999999999987,810.0563940383872,0.5030875861401881,9.811648559627013
29.75351678374176,0.7499999999999987,810.0563940383872,0.5030875861401881,9.811648559627013
29.703652164506018,0.7499999999999998,813.1629083144562,0.4486833388016016,9.920759132675121
30.91534597152971,0.749999999999997,813.791922184131,0.521323654524449,10.066110279192591
30.617480819918942,0.7499999999999999,814.8841444814469,0.46273886026870137,9.906509723052043
30.617480819918942,0.7499999999999999,814.8841444814469,0.46273886026870137,9.906509723052043
30.617480819918942,0.7499999999999999,814.8841444814469,0.46273886026870137,9.906509723052043
29.661105888688564,0.7499999999999987,812.5807010640789,0.41273630888153856,9.792463798788802
30.128859370479248,0.7499999999999996,806.0868103965828,0.38845148997447737,9.771831026005376
29.68452686116942,0.7499999999999997,813.8850573309844,0.364726278499809,9.764070499368263
30.20456202485797,0.7499999999999997,814.7278589596888,0.42364617367378543,9.627149393712042
31.071470793530924,0.7499999999999997,810.2439792428692,0.4431922292026853,9.581950412283812
31.071470793530924,0.7499999999999997,810.2439792428692,0.4431922292026853,9.581950412283812
31.071470793530924,0.7499999999999997,810.2439792428692,0.4431922292026853,9.581950412283812
31.071470793530924,0.7499999999999997,810.2439792428692,0.4431922292026853,9.581950412283812
31.54274344651585,0.7499999999999993,815.8497440700163,0.553854990697294,9.98249982790639
31.007642034094772,0.7499999999999988,807.7523038680436,0.45929685306502177,9.986752301898921
31.020529054278274,0.75,809.7645081595098,0.5263605507021791,10.040343284951314
31.020529054278274,0.75,809.7645081595098,0.5263605507021791,10.040343284951314
31.020529054278274,0.75,809.7645081595098,0.5263605507021791,10.040343284951314
31.020529054278274,0.75,809.7645081595098,0.5263605507021791,10.040343284951314
31.020529054278274,0.75,809.7645081595098,0.5263605507021791,10.040343284951314
30.74503731451615,0.7499999999999988,813.9925551803599,0.5572674378023437,9.880319292606606
30.74503731451615,0.7499999999999988,813.9925551803599,0.5572674378023437,9.880319292606606
31.179315549332237,0.7499999999999997,809.3398157425695,0.5225699262647829,9.784871385014691
30.156698686659453,0.7499999999999987,814.0261417974989,0.4848071455221839,9.712583960457597
31.03551362552898,0.7499999999999993,810.6159612349978,0.4482348273518027,9.826710646008905
30.551535825038115,0.7499999999999997,807.3000167906905,0.44204112659065403,9.83233461993749
29.82800195209418,0.7499999999999998,803.2869395390172,0.49664285254299695,9.73215319750229
29.82800195209418,0.7499999999999998,803.2869395390172,0.49664285254299695,9.73215319750229
29.82800195209418,0.7499999999999998,803.2869395390172,0.49664285254299695,9.73215319750229
30.601397929282257,0.7499999999999979,808.0763721063969,0.4353814104928694,9.843193008734621
30.601397929282257,0.7499999999999979,808.0763721063969,0.4353814104928694,9.843193008734621
30.601397929282257,0.7499999999999979,808.0763721063969,0.4353814104928694,9.843193008734621
29.740813684602568,0.7499999999999991,807.3942798197196,0.43424410350773507,9.679815454825818
29.740813684602568,0.7499999999999991,807.3942798197196,0.43424410350773507,9.679815454825818
29.740813684602568,0.7499999999999991,807.3942798197196,0.43424410350773507,9.679815454825818
31.194532873530115,0.7499999999999988,823.8081688272229,0.5096869546861984,10.299192207417406
31.424985193315994,0.7499999999999992,828.2243630138597,0.5140392962803781,10.308151829973886
30.355920547997886,0.75,822.5243740280154,0.42545437845795164,10.055913554317831
30.355920547997886,0.75,822.5243740280154,0.42545437845795164,10.055913554317831
28.928955481179766,0.7499999999999996,816.3246806605503,0.43228332010774767,9.885394958916624
29.15958746854295,0.7499999999999994,811.4073725603837,0.38203186405571105,9.88974554248989
29.544087210957848,0.7500000000000001,813.243938397523,0.39999707767298565,9.925219784670963
29.99228319470906,0.749999999999998,813.8730273955532,0.42992570249584144,9.866187212803343
29.99228319470906,0.749999999999998,813.8730273955532,0.42992570249584144,9.866187212803343
29.99228319470906,0.749999999999998,813.8730273955532,0.42992570249584144,9.866187212803343
31.285884564705484,0.7499999999999998,808.4867477865423,0.5189131314829248,10.020930990452598
30.052319002206634,0.7499999999999973,806.922238421522,0.47000583484556013,9.724371150582968
30.052319002206634,0.7499999999999973,806.922238421522,0.47000583484556013,9.724371150582968
30.052319002206634,0.7499999999999973,806.922238421522,0.47000583484556013,9.724371150582968
30.052319002206634,0.7499999999999973,806.922238421522,0.47000583484556013,9.724371150582968
30.693275850922678,0.749999999999999,809.6260014574648,0.4224512521016273,9.785448013401744
31.056477332550102,0.7499999999999999,819.5707209904455,0.4657196983661555,10.101216935651644
30.200628724491626,0.7499999999999989,816.5929159170834,0.43181612586370743,10.007104494120643
30.213289151021097,0.7499999999999991,816.036239655667,0.5492340400764195,10.042146614562474
30.213289151021097,0.7499999999999991,816.036239655667,0.5492340400764195,10.042146614562474
30.17438907832215,0.75,818.964212961851,0.6063682830998953,10.180957599632922
29.00344453818669,0.7499999999999994,822.7251629578816,0.5618696696366492,9.911136100457892
30.41912237101844,0.7499999999999996,827.8440926921364,0.585411057976435,10.271041176838247
30.41912237101844,0.7499999999999996,827.8440926921364,0.585411057976435,10.271041176838247
29.80234943206108,0.7499999999999998,818.2239452956908,0.4851450911544247,10.075048812925013
29.80234943206108,0.7499999999999998,818.2239452956908,0.4851450911544247,10.075048812925013
30.20683327349939,0.7499999999999993,820.0682035134233,0.5309944001631858,10.171085489050302
30.20683327349939,0.7499999999999993,820.0682035134233,0.5309944001631858,10.171085489050302
30.20683327349939,0.7499999999999993,820.0682035134233,0.5309944001631858,10.171085489050302
28.808991704094602,0.7499999999999983,815.5081077789793,0.43551915950160797,10.052249365225194
28.808991704094602,0.7499999999999983,815.5081077789793,0.43551915950160797,10.052249365225194
28.839981782773844,0.7499999999999989,813.1192371257844,0.4438053566968438,9.939345483643162
28.381514564822552,0.7499999999999996,813.0768091106645,0.44134772630106883,9.870156139950641
28.381514564822552,0.7499999999999996,813.0768091106645,0.44134772630106883,9.870156139950641
28.381514564822552,0.7499999999999996,813.0768091106645,0.44134772630106883,9.870156139950641
29.971454093652653,0.7499999999999998,806.6519785435142,0.4743689422729352,9.792453804557164
30.92978742553042,0.75,818.681600819957,0.4439848370619488,9.982974526807109
30.26796491325611,0.7499999999999991,813.5649908736968,0.48650459918188943,9.889216212726058
30.26796491325611,0.7499999999999991,813.5649908736968,0.48650459918188943,9.889216212726058
31.077240912102017,0.7499999999999997,811.9748321929374,0.46539640938320476,9.889615541113775
30.70241468015485,0.7499999999999989,812.9403896458722,0.420377570812957,9.958639409653008
31.387402800828767,0.7499999999999989,807.6515177134004,0.4762607493791125,9.936116980025393
31.387402800828767,0.7499999999999989,807.6515177134004,0.4762607493791125,9.936116980025393
30.204820111286562,0.7499999999999986,801.7563215471847,0.4932139115732901,9.771936406844665
30.204820111286562,0.7499999999999986,801.7563215471847,0.4932139115732901,9.771936406844665
30.204820111286562,0.7499999999999986,801.7563215471847,0.4932139115732901,9.771936406844665
30.576449408265812,0.7499999999999978,801.9775562002282,0.523986986232025,9.830697554336078
30.576449408265812,0.7499999999999978,801.9775562002282,0.523986986232025,9.830697554336078
30.30656530483596,0.7499999999999992,802.2629095287845,0.4107029773629572,9.7588210055878
30.30656530483596,0.7499999999999992,802.2629095287845,0.4107029773629572,9.7588210055878
30.30656530483596,0.7499999999999992,802.2629095287845,0.4107029773629572,9.7588210055878
30.49933442382379,0.7499999999999997,811.9691758586588,0.5100652012510213,9.962559571367475
30.609532296964236,0.749999999999999,814.3459889253521,0.4312516700768782,9.796546714884382
30.609532296964236,0.749999999999999,814.3459889253521,0.4312516700768782,9.796546714884382
30.609532296964236,0.749999999999999,814.3459889253521,0.4312516700768782,9.796546714884382
30.609532296964236,0.749999999999999,814.3459889253521,0.4312516700768782,9.796546714884382
30.742646770658634,0.7499999999999994,804.8726839349837,0.41234465962771266,9.682586318641663
30.742646770658634,0.7499999999999994,804.8726839349837,0.41234465962771266,9.682586318641663
30.758021781649628,0.749999999999998,802.9995668271379,0.6006664793928721,9.842255913840983
30.354640063747773,0.7499999999999988,806.1108986122307,0.4053717662521714,9.886195060948282
30.354640063747773,0.7499999999999988,806.1108986122307,0.4053717662521714,9.886195060948282
30.354640063747773,0.7499999999999988,806.1108986122307,0.4053717662521714,9.886195060948282
30.354640063747773,0.7499999999999988,806.1108986122307,0.4053717662521714,9.886195060948282
30.354640063747773,0.7499999999999988,806.1108986122307,0.4053717662521714,9.886195060948282
30.24035039522593,0.7500000000000001,810.3039305879199,0.42954478579087335,9.837506910459869
30.326550578801232,0.7499999999999997,810.8562763167625,0.5406194238336562,9.712597792250222
30.326550578801232,0.7499999999999997,810.8562763167625,0.5406194238336562,9.712597792250222
30.72185298863598,0.7499999999999992,811.323267175916,0.6206528100156875,9.652660443127553
29.892068702766704,0.7499999999999994,812.0373312773011,0.47478384895889014,9.758449505632077
29.892068702766704,0.7499999999999994,812.0373312773011,0.47478384895889014,9.758449505632077
29.536546300796534,0.7499999999999997,817.1724849976039,0.5183059957597601,9.79267189823048
29.536546300796534,0.7499999999999997,817.1724849976039,0.5183059957597601,9.79267189823048
29.224540212765596,0.7499999999999987,816.8451271198558,0.41407873821838365,9.762965333347228
29.224540212765596,0.7499999999999987,816.8451271198558,0.41407873821838365,9.762965333347228
29.224540212765596,0.7499999999999987,816.8451271198558,0.41407873821838365,9.762965333347228
29.224540212765596,0.7499999999999987,816.8451271198558,0.41407873821838365,9.762965333347228
29.224540212765596,0.7499999999999987,816.8451271198558,0.41407873821838365,9.762965333347228
29.747400859619905,0.7499999999999991,817.7423612375885,0.4417223542436841,9.658501057150493
28.83314608160015,0.7499999999999998,815.7610341089485,0.36578912815225506,9.58100267707729
29.89055290098131,0.7499999999999991,815.613563432299,0.38439459891612415,9.717549551239017
29.487883359312185,0.7499999999999988,808.239583612878,0.360898423192703,9.414665375517208
29.487883359312185,0.7499999999999988,808.239583612878,0.360898423192703,9.414665375517208
29.487883359312185,0.7499999999999988,808.239583612878,0.360898423192703,9.414665375517208
29.61043228917129,0.7499999999999997,810.7717818282315,0.4763842171381323,9.261180641255468
29.61043228917129,0.7499999999999997,810.7717818282315,0.4763842171381323,9.261180641255468
29.070561038502895,0.7499999999999992,805.8625575790395,0.3983554636408962,9.316978457389553
29.070561038502895,0.7499999999999992,805.8625575790395,0.3983554636408962,9.316978457389553
29.191396975902627,0.7499999999999991,810.1896962302865,0.46812464223278116,9.474769154208502
29.191396975902627,0.7499999999999991,810.1896962302865,0.46812464223278116,9.474769154208502
28.385586491696756,0.749999999999999,807.7841118640388,0.4805859694553145,9.50319296222581
29.35392938109157,0.7499999999999991,807.9072629504835,0.4438862813794602,9.544592613826614
29.35392938109157,0.7499999999999991,807.9072629504835,0.4438862813794602,9.544592613826614
29.35392938109157,0.7499999999999991,807.9072629504835,0.4438862813794602,9.544592613826614
30.342077512358305,0.7499999999999979,815.4312215529214,0.6284318717421761,9.604382834237388
30.08153803521856,0.7499999999999984,818.3843910501269,0.4951591754126067,9.646115687556136
30.08153803521856,0.7499999999999984,818.3843910501269,0.4951591754126067,9.646115687556136
29.48397341302181,0.7499999999999974,823.694121587828,0.5181110625335752,9.61191365996439
29.54609004026131,0.7499999999999994,812.5345768085224,0.4420301295645805,9.70178829963515
29.54609004026131,0.7499999999999994,812.5345768085224,0.4420301295645805,9.70178829963515
29.54609004026131,0.7499999999999994,812.5345768085224,0.4420301295645805,9.70178829963515
29.54609004026131,0.7499999999999994,812.5345768085224,0.4420301295645805,9.70178829963515
29.54609004026131,0.7499999999999994,812.5345768085224,0.4420301295645805,9.70178829963515
30.976440609828977,0.7499999999999992,820.2970029178579,0.4990077798160349,9.98361368174227
30.976440609828977,0.7499999999999992,820.2970029178579,0.4990077798160349,9.98361368174227
30.976440609828977,0.7499999999999992,820.2970029178579,0.4990077798160349,9.98361368174227
30.985937404312665,0.7499999999999986,808.3761838050631,0.5019326317887065,9.963856289523259
31.566775056361806,0.7499999999999991,809.0878149599574,0.4848634743351363,10.06564918659485
31.566775056361806,0.7499999999999991,809.0878149599574,0.4848634743351363,10.06564918659485
31.2962508737183,0.749999999999999,805.4065846254812,0.46900759588068713,9.760642381383025
30.450916428929656,0.7499999999999993,802.5838088454498,0.4171709984839517,9.91056553258026
30.450916428929656,0.7499999999999993,802.5838088454498,0.4171709984839517,9.91056553258026
31.154593701087958,0.7499999999999992,800.3552843018663,0.4227644008494722,9.802782762157815
31.154593701087958,0.7499999999999992,800.3552843018663,0.4227644008494722,9.802782762157815
31.154593701087958,0.7499999999999992,800.3552843018663,0.4227644008494722,9.802782762157815
32.4731804620028,0.7499999999999993,812.8341331025144,0.4942364190175597,10.121728823150828
30.63431474506909,0.749999999999999,805.0621028419943,0.40319011203310173,9.766519858919043
30.63431474506909,0.749999999999999,805.0621028419943,0.40319011203310173,9.766519858919043
30.63431474506909,0.749999999999999,805.0621028419943,0.40319011203310173,9.766519858919043
30.049009098774583,0.7499999999999992,806.7668908787286,0.42068053885403617,9.648159897146533
29.14320602848345,0.7500000000000003,813.5488922978165,0.3452393129651038,9.476874904680745
29.80896390546224,0.7499999999999983,816.7200246676872,0.4917599035265286,9.498043670237996
29.04988773877655,0.7499999999999994,806.8712133370836,0.4457401674438706,9.447079183070368
29.04988773877655,0.7499999999999994,806.8712133370836,0.4457401674438706,9.447079183070368
29.04988773877655,0.7499999999999994,806.8712133370836,0.4457401674438706,9.447079183070368
29.04988773877655,0.7499999999999994,806.8712133370836,0.4457401674438706,9.447079183070368
28.806135263754467,0.7499999999999992,808.3232688604469,0.5461451524588657,9.637360689489086
29.60203811147528,0.7499999999999997,807.4413357227043,0.4026731997262037,9.75522159260367
29.37252209372771,0.7499999999999994,804.2535251463505,0.4492042405754105,9.757637392747279
29.781719767723168,0.7500000000000001,804.5324649093443,0.583190086800105,9.945193875682765
29.800574719182556,0.7499999999999991,802.941664727312,0.46917827540080387,9.83206930228963
29.59274917142044,0.749999999999999,798.597970477092,0.42827560130481523,9.828405746282382
29.59274917142044,0.749999999999999,798.597970477092,0.42827560130481523,9.828405746282382
29.59274917142044,0.749999999999999,798.597970477092,0.42827560130481523,9.828405746282382
29.59274917142044,0.749999999999999,798.597970477092,0.42827560130481523,9.828405746282382
30.19330869828249,0.7499999999999989,796.7863636906304,0.3787090729671632,9.7645134107589
30.19330869828249,0.7499999999999989,796.7863636906304,0.3787090729671632,9.7645134107589
30.19330869828249,0.7499999999999989,796.7863636906304,0.3787090729671632,9.7645134107589
30.19330869828249,0.7499999999999989,796.7863636906304,0.3787090729671632,9.7645134107589
30.371004328809796,0.7500000000000001,796.8453860628391,0.39681088810448695,9.634867175678533
30.371004328809796,0.7500000000000001,796.8453860628391,0.39681088810448695,9.634867175678533
30.371004328809796,0.7500000000000001,796.8453860628391,0.39681088810448695,9.634867175678533
29.709623486287267,0.749999999999999,796.3103948733326,0.4174138453293728,9.671243848392956
29.709623486287267,0.749999999999999,796.3103948733326,0.4174138453293728,9.671243848392956
29.709623486287267,0.749999999999999,796.3103948733326,0.4174138453293728,9.671243848392956
29.709623486287267,0.749999999999999,796.3103948733326,0.4174138453293728,9.671243848392956
29.709623486287267,0.749999999999999,796.3103948733326,0.4174138453293728,9.671243848392956
29.458117322484686,0.7499999999999994,799.6091248662307,0.42078045507763073,9.715040772699775
31.05155929536573,0.7499999999999991,803.2029333436546,0.48332341267745843,10.042537027581853
30.985402468801187,0.749999999999999,799.0262232378185,0.507391697305118,9.858330464118925
30.985402468801187,0.749999999999999,799.0262232378185,0.507391697305118,9.858330464118925
30.138336770857347,0.7499999999999991,803.9634745052862,0.427501197612342,9.953848912808784
30.138336770857347,0.7499999999999991,803.9634745052862,0.427501197612342,9.953848912808784
30.53331912061975,0.7499999999999996,803.5966839858644,0.38971068501410316,9.917131272199342
31.3571040697326,0.7499999999999994,809.6073299984433,0.5157364164549164,9.978615207989288
31.3571040697326,0.7499999999999994,809.6073299984433,0.5157364164549164,9.978615207989288
30.51721541499066,0.75,806.2858295606316,0.504458840234502,9.834719977324289
30.51721541499066,0.75,806.2858295606316,0.504458840234502,9.834719977324289
30.04104792512307,0.7499999999999992,798.4037657631059,0.4935335740423483,9.759790898132437
30.777987483520626,0.7499999999999989,802.8771496924627,0.480958359424723,9.871034996552979
30.777987483520626,0.7499999999999989,802.8771496924627,0.480958359424723,9.871034996552979
30.777987483520626,0.7499999999999989,802.8771496924627,0.480958359424723,9.871034996552979
30.777987483520626,0.7499999999999989,802.8771496924627,0.480958359424723,9.871034996552979
30.777987483520626,0.7499999999999989,802.8771496924627,0.480958359424723,9.871034996552979
31.529829676359814,0.7499999999999992,802.8392281812079,0.4145625819350669,9.868524753627725
31.529829676359814,0.7499999999999992,802.8392281812079,0.4145625819350669,9.868524753627725
31.529829676359814,0.7499999999999992,802.8392281812079,0.4145625819350669,9.868524753627725
31.529829676359814,0.7499999999999992,802.8392281812079,0.4145625819350669,9.868524753627725
30.680111219997144,0.7499999999999992,805.8167352625022,0.5371200804533449,9.833511395089635
29.666584247328558,0.7499999999999994,814.1638216193753,0.5408653843478259,9.830955029076147
29.40710675528121,0.7499999999999994,818.823037781877,0.6786783298453267,9.916431744815563
28.360026009941553,0.7499999999999991,818.6255242618734,0.4102954180559462,9.860052126774786
29.197192357247864,0.7499999999999998,818.3134085799027,0.42783671841847326,9.919874874086986
29.863768831920453,0.7499999999999989,808.2310021115185,0.44764559385174446,9.89915923711067
29.863768831920453,0.7499999999999989,808.2310021115185,0.44764559385174446,9.89915923711067
30.819911208406694,0.7499999999999997,809.889608061628,0.5807498459374894,9.960729913318028
30.819911208406694,0.7499999999999997,809.889608061628,0.5807498459374894,9.960729913318028
30.819911208406694,0.7499999999999997,809.889608061628,0.5807498459374894,9.960729913318028
30.819911208406694,0.7499999999999997,809.889608061628,0.5807498459374894,9.960729913318028
31.349611096675815,0.7499999999999987,810.4301567343499,0.4690375522931928,9.858540313262557
30.65596033490733,0.7499999999999991,806.0411314564676,0.5162058334303262,9.97656739371024
29.93909423385895,0.7499999999999989,812.8379381586709,0.4715138173035459,9.87648993025841
29.93909423385895,0.7499999999999989,812.8379381586709,0.4715138173035459,9.87648993025841
29.649910748201158,0.7499999999999999,815.0842504250338,0.46020520845766594,9.925411505739728
29.649910748201158,0.7499999999999999,815.0842504250338,0.46020520845766594,9.925411505739728
29.41855121850738,0.7499999999999999,814.598796523377,0.48125055252708543,9.675864441949418
29.41855121850738,0.7499999999999999,814.598796523377,0.48125055252708543,9.675864441949418
29.41855121850738,0.7499999999999999,814.598796523377,0.48125055252708543,9.675864441949418
29.377465874950705,0.7499999999999996,812.9972970713463,0.37539699443873237,9.581460057597212
29.377465874950705,0.7499999999999996,812.9972970713463,0.37539699443873237,9.581460057597212
30.145124509840155,0.7499999999999997,808.4292341545798,0.3738985116603958,9.660725339232059
30.145124509840155,0.7499999999999997,808.4292341545798,0.3738985116603958,9.660725339232059
30.417725364915132,0.7499999999999994,811.4838930697814,0.44004213133028186,9.70574078498927
30.417725364915132,0.7499999999999994,811.4838930697814,0.44004213133028186,9.70574078498927
30.417725364915132,0.7499999999999994,811.4838930697814,0.44004213133028186,9.70574078498927
30.417725364915132,0.7499999999999994,811.4838930697814,0.44004213133028186,9.70574078498927
30.417725364915132,0.7499999999999994,811.4838930697814,0.44004213133028186,9.70574078498927
30.412335791770047,0.7499999999999999,813.4672643314767,0.5312462934771092,9.901511614175124
30.412335791770047,0.7499999999999999,813.4672643314767,0.5312462934771092,9.901511614175124
30.817799129537136,0.7499999999999996,818.382882487492,0.6208624859294796,10.036315989454597
30.817799129537136,0.7499999999999996,818.382882487492,0.6208624859294796,10.036315989454597
31.34593778039566,0.7499999999999986,818.6778024894043,0.46629156321846155,10.009039860358882
31.615897944122576,0.7499999999999987,813.8374519225753,0.6541444070484731,9.831039481371587
31.615897944122576,0.7499999999999987,813.8374519225753,0.6541444070484731,9.831039481371587
31.615897944122576,0.7499999999999987,813.8374519225753,0.6541444070484731,9.831039481371587
31.615897944122576,0.7499999999999987,813.8374519225753,0.6541444070484731,9.831039481371587
31.615897944122576,0.7499999999999987,813.8374519225753,0.6541444070484731,9.831039481371587
30.636474917687245,0.7499999999999994,815.0576199734633,0.484001178472135,9.957929863328761
29.833360471659987,0.7499999999999993,820.5885979056465,0.4490128816364641,9.946150672053168
30.34225865521204,0.7499999999999991,825.5642645458964,0.55590642183708,9.859899522829668
28.72204174234266,0.7499999999999996,819.0587269392382,0.462280496446226,9.78353856730178
28.867672596790424,0.7500000000000004,816.1984971170804,0.40913039905653176,9.586301251235444
29.87571375362671,0.7499999999999987,814.7641087941226,0.3890836255886597,9.733226042568742
29.87571375362671,0.7499999999999987,814.7641087941226,0.3890836255886597,9.733226042568742
29.87571375362671,0.7499999999999987,814.7641087941226,0.3890836255886597,9.733226042568742
29.87571375362671,0.7499999999999987,814.7641087941226,0.3890836255886597,9.733226042568742
29.87571375362671,0.7499999999999987,814.7641087941226,0.3890836255886597,9.733226042568742
29.87571375362671,0.7499999999999987,814.7641087941226,0.3890836255886597,9.733226042568742
29.87571375362671,0.7499999999999987,814.7641087941226,0.3890836255886597,9.733226042568742
30.021076506498563,0.7499999999999993,810.6627544835956,0.4167896764441434,9.676208965605543
30.021076506498563,0.7499999999999993,810.6627544835956,0.4167896764441434,9.676208965605543
30.021076506498563,0.7499999999999993,810.6627544835956,0.4167896764441434,9.676208965605543
30.435593822141076,0.7499999999999991,811.5645851060374,0.4454203887280548,9.86554227989638
30.435593822141076,0.7499999999999991,811.5645851060374,0.4454203887280548,9.86554227989638
30.435593822141076,0.7499999999999991,811.5645851060374,0.4454203887280548,9.86554227989638
30.435593822141076,0.7499999999999991,811.5645851060374,0.4454203887280548,9.86554227989638
30.435593822141076,0.7499999999999991,811.5645851060374,0.4454203887280548,9.86554227989638
30.435593822141076,0.7499999999999991,811.5645851060374,0.4454203887280548,9.86554227989638
29.225118968332207,0.7499999999999989,817.8581997488568,0.42670940675041696,9.887980788786345
29.130939043030533,0.7499999999999991,822.666512570329,0.4830726524205737,9.846807417659056
29.130939043030533,0.7499999999999991,822.666512570329,0.4830726524205737,9.846807417659056
28.453059865937817,0.7499999999999999,820.4763219794158,0.38726327025039303,9.638895981559546
27.806597414807445,0.7499999999999986,824.8606483488543,0.37940226893254536,9.590550558320729
28.158891503545835,0.7499999999999979,820.6303350945132,0.4548344559861741,9.618235014667922
28.415363482579963,0.7499999999999996,819.0089379420002,0.43248052460198605,9.657832522551917
28.415363482579963,0.7499999999999996,819.0089379420002,0.43248052460198605,9.657832522551917
28.071212733082646,0.7499999999999998,820.2938582191923,0.3958384764220732,9.467537975781203
28.071212733082646,0.7499999999999998,820.2938582191923,0.3958384764220732,9.467537975781203
28.82639727875627,0.749999999999999,816.9191683634464,0.41456861307312576,9.646577579558485
29.34363046982441,0.7499999999999997,814.9594574855125,0.4160497933675935,9.700531768489308
29.353085465082184,0.7499999999999996,817.4482516965029,0.45431071332404016,9.725300641977242
29.353085465082184,0.7499999999999996,817.4482516965029,0.45431071332404016,9.725300641977242
30.358941714146948,0.7499999999999981,816.9449238956487,0.3860371755956996,9.745949069230468
30.358941714146948,0.7499999999999981,816.9449238956487,0.3860371755956996,9.745949069230468
30.358941714146948,0.7499999999999981,816.9449238956487,0.3860371755956996,9.745949069230468
30.3674616191904,0.7499999999999989,826.7904260944637,0.47893058857893667,9.768675831714495
29.97377229242707,0.7499999999999992,821.6522725125537,0.4355645370380859,9.759704589531049
29.361885755483403,0.7499999999999992,820.8106985438175,0.40890701812668934,9.79582996900495
29.361885755483403,0.7499999999999992,820.8106985438175,0.40890701812668934,9.79582996900495
29.361885755483403,0.7499999999999992,820.8106985438175,0.40890701812668934,9.79582996900495
29.361885755483403,0.7499999999999992,820.8106985438175,0.40890701812668934,9.79582996900495
28.862940941473,0.7499999999999988,821.4171590729795,0.3996850699113833,9.919703528653619
28.862940941473,0.7499999999999988,821.4171590729795,0.3996850699113833,9.919703528653619
28.606202998079603,0.7499999999999996,826.7204704855819,0.4181575262899477,9.762544554469065
29.632143133735347,0.7499999999999996,828.9306529014154,0.48183283079651124,9.892988473725254
29.013980977074958,0.7499999999999986,833.4465113780597,0.4447014379703399,9.943626758192574
29.013980977074958,0.7499999999999986,833.4465113780597,0.4447014379703399,9.943626758192574
30.000617859617,0.7499999999999993,835.394908302698,0.4826273915890674,9.974718987367478
30.000617859617,0.7499999999999993,835.394908302698,0.4826273915890674,9.974718987367478
30.776748797449756,0.7499999999999992,841.5825467097536,0.5644908714797479,10.005571014039518
30.407648599751717,0.7499999999999991,824.4150113868894,0.412589045800689,9.798340340980669
30.407648599751717,0.7499999999999991,824.4150113868894,0.412589045800689,9.798340340980669
30.407648599751717,0.7499999999999991,824.4150113868894,0.412589045800689,9.798340340980669
30.407648599751717,0.7499999999999991,824.4150113868894,0.412589045800689,9.798340340980669
30.02846703628135,0.7499999999999987,827.7314105582786,0.43906731407319594,10.09965586840146
29.58891669196037,0.749999999999999,816.3158952584856,0.35501090890632425,9.732928712146933
29.996612811020615,0.7499999999999996,821.1762319074082,0.47769966849867757,9.693752245650582
29.659300661131567,0.7499999999999994,816.9048881816268,0.4682058608750911,9.784347141321152
29.659300661131567,0.7499999999999994,816.9048881816268,0.4682058608750911,9.784347141321152
29.659300661131567,0.7499999999999994,816.9048881816268,0.4682058608750911,9.784347141321152
29.659300661131567,0.7499999999999994,816.9048881816268,0.4682058608750911,9.784347141321152
29.659300661131567,0.7499999999999994,816.9048881816268,0.4682058608750911,9.784347141321152
29.659300661131567,0.7499999999999994,816.9048881816268,0.4682058608750911,9.784347141321152
29.659300661131567,0.7499999999999994,816.9048881816268,0.4682058608750911,9.784347141321152
29.531459729491328,0.7499999999999989,815.5884588904132,0.5221556067754682,9.87591687821271
29.531459729491328,0.7499999999999989,815.5884588904132,0.5221556067754682,9.87591687821271
29.531459729491328,0.7499999999999989,815.5884588904132,0.5221556067754682,9.87591687821271
29.531459729491328,0.7499999999999989,815.5884588904132,0.5221556067754682,9.87591687821271
29.531459729491328,0.7499999999999989,815.5884588904132,0.5221556067754682,9.87591687821271
29.531459729491328,0.7499999999999989,815.5884588904132,0.5221556067754682,9.87591687821271
29.531459729491328,0.7499999999999989,815.5884588904132,0.5221556067754682,9.87591687821271
30.281037521878908,0.7499999999999991,822.9906859298253,0.4542635479703234,9.89635457460705
30.281037521878908,0.7499999999999991,822.9906859298253,0.4542635479703234,9.89635457460705
30.281037521878908,0.7499999999999991,822.9906859298253,0.4542635479703234,9.89635457460705
30.281037521878908,0.7499999999999991,822.9906859298253,0.4542635479703234,9.89635457460705
30.281037521878908,0.7499999999999991,822.9906859298253,0.4542635479703234,9.89635457460705
30.451152116038674,0.7499999999999991,826.6312831286659,0.4951380572696266,9.943817316988481
30.052174017845964,0.7499999999999987,824.4655140834248,0.5965141482343074,9.917635776179608
30.052174017845964,0.7499999999999987,824.4655140834248,0.5965141482343074,9.917635776179608
29.27477543878129,0.7499999999999992,822.8194450526813,0.45130004159447096,9.874846628622496
29.7003760901064,0.7499999999999987,815.1987058668911,0.41488606629549774,9.65947249889291
31.02338754790461,0.7499999999999993,814.317880820044,0.42255770841282997,9.699194411074725
31.02338754790461,0.7499999999999993,814.317880820044,0.42255770841282997,9.699194411074725
29.791527845731142,0.7499999999999994,814.6384321684399,0.43263715882826154,9.824238025751962
29.317876453432515,0.7499999999999993,811.7569414679098,0.4390352544780172,9.872113079219329
29.317876453432515,0.7499999999999993,811.7569414679098,0.4390352544780172,9.872113079219329
29.619856818658448,0.749999999999999,818.6418676953269,0.4667526921902094,9.938599583727122
29.874601162991123,0.7499999999999992,819.0326414688285,0.42875114004289105,9.838749145310832
29.24393961524982,0.7499999999999997,821.3591313472391,0.4195336975530282,9.931593943259092
27.698489590828384,0.7499999999999997,823.3509225870991,0.3556703763918998,9.630579191698237
28.183916894663092,0.75,824.2616556881783,0.3820356228408102,9.857614377466584
29.196291847254443,0.7499999999999996,822.7392254316773,0.43981062321141157,9.785611459877353
29.740271578227645,0.7499999999999992,817.7703945491736,0.4370672713054727,9.755851455889394
29.83611013591734,0.7499999999999984,816.077821016893,0.45669747643599434,9.644355198986556
30.283421971702452,0.7499999999999996,818.1230082744677,0.46863307725040076,9.686900234215287
30.150769919600787,0.7499999999999987,811.5933571442594,0.379437573692469,9.637758730530493
29.544210549160965,0.7499999999999997,805.3216099692697,0.38519042196580433,9.713826365266865
30.949192710477835,0.7499999999999993,813.4459316749951,0.561960562378544,10.274383551819477
30.949192710477835,0.7499999999999993,813.4459316749951,0.561960562378544,10.274383551819477
29.356464058161162,0.7499999999999996,811.1078751583271,0.4422895377017892,10.018822423042465
29.025520670355675,0.7499999999999999,815.4162632843579,0.6132492276646798,10.181294352176602
29.443547979984817,0.75,818.586864618311,0.4761537765731336,9.984248160595024
29.443547979984817,0.75,818.586864618311,0.4761537765731336,9.984248160595024
29.187794502185422,0.7499999999999996,818.4634974248297,0.4277669218796795,9.961111537423667
29.187794502185422,0.7499999999999996,818.4634974248297,0.4277669218796795,9.961111537423667
29.119538382681775,0.7499999999999996,823.7358068694924,0.4334245368778118,9.974550347727765
29.404363846823426,0.7500000000000001,819.8146775483948,0.4304819631816618,9.908625750945385
30.40300719612886,0.7499999999999991,826.5301165624411,0.47909164990927205,9.936829738935776
30.11875393882943,0.7499999999999994,821.5052040558313,0.4263071601077969,9.870721599145977
29.705417226936827,0.7499999999999991,828.7622671002041,0.44599946061550266,10.087122036177046
28.790497312470904,0.7499999999999991,821.6562282979921,0.3644004430377387,9.763335554003366
27.926725655215712,0.7499999999999991,824.9456536716942,0.4184960675469577,9.82721508474923
27.926725655215712,0.7499999999999991,824.9456536716942,0.4184960675469577,9.82721508474923
28.917682603674375,0.7499999999999996,826.0953712015538,0.45542028926156675,10.021227420919283
29.877675241607932,0.7499999999999999,830.0667148681497,0.4610965179564312,10.113064386616609
29.95912119331743,0.7499999999999992,820.0947902463538,0.4621602743970985,9.94235077852374
29.95912119331743,0.7499999999999992,820.0947902463538,0.4621602743970985,9.94235077852374
29.95912119331743,0.7499999999999992,820.0947902463538,0.4621602743970985,9.94235077852374
28.773192550832604,0.7500000000000002,826.4900470820266,0.4821868065728928,9.874513606030586
29.43329908028661,0.7499999999999997,815.774885437869,0.5402645076937279,9.720003622436284
29.43329908028661,0.7499999999999997,815.774885437869,0.5402645076937279,9.720003622436284
29.43329908028661,0.7499999999999997,815.774885437869,0.5402645076937279,9.720003622436284
29.829906236401666,0.7499999999999981,820.1830508445375,0.6420691271966141,9.87172223021052
30.628352406422803,0.7499999999999997,824.8889819349355,0.6268264795262135,9.827513226695658
29.235496109955033,0.75,807.7813061856929,0.42121102918538444,9.537774503100707
29.869652169148615,0.7499999999999992,812.2597360282568,0.40978576109795517,9.814098488024788
29.869652169148615,0.7499999999999992,812.2597360282568,0.40978576109795517,9.814098488024788
29.70552053092576,0.7499999999999998,813.9939102434325,0.4225332745531123,9.797772590806455
29.7560865285804,0.7499999999999991,819.8810267934944,0.4285139041325777,9.739496689463333
29.41998454199926,0.7499999999999992,818.0415515204535,0.40973598958053775,9.793926284760223
29.565476426423547,0.7499999999999999,819.7680248091465,0.5251509394593988,9.912776952088048
29.849481679658414,0.7499999999999993,820.615041249113,0.5011906895192131,9.860551585887816
28.837928837078202,0.7499999999999999,819.0251771413408,0.41255277640370003,9.938746234393495
28.837928837078202,0.7499999999999999,819.0251771413408,0.41255277640370003,9.938746234393495
28.837928837078202,0.7499999999999999,819.0251771413408,0.41255277640370003,9.938746234393495
29.262388394539744,0.7499999999999998,822.2671643996414,0.507148041849269,9.948892465336346
29.262388394539744,0.7499999999999998,822.2671643996414,0.507148041849269,9.948892465336346
29.94108225353426,0.7499999999999988,823.5754541284151,0.5533564273394421,9.99351178760763
29.155037890906947,0.7499999999999996,817.6464016717276,0.42828967112000704,9.891786616718566
30.150032746342767,0.7499999999999991,814.5591507732217,0.5775664424824255,9.926684224688804
30.150032746342767,0.7499999999999991,814.5591507732217,0.5775664424824255,9.926684224688804
30.150032746342767,0.7499999999999991,814.5591507732217,0.5775664424824255,9.926684224688804
30.150032746342767,0.7499999999999991,814.5591507732217,0.5775664424824255,9.926684224688804
29.931280771665065,0.7499999999999991,809.9704388880511,0.47616494351734545,9.682972588657597
29.931280771665065,0.7499999999999991,809.9704388880511,0.47616494351734545,9.682972588657597
29.931280771665065,0.7499999999999991,809.9704388880511,0.47616494351734545,9.682972588657597
29.740257141280306,0.7499999999999994,808.2197889208041,0.38907680121164456,9.67553476537915
30.233516554182856,0.7499999999999991,803.6236013428693,0.4536857393538965,9.635124698405658
30.233516554182856,0.7499999999999991,803.6236013428693,0.4536857393538965,9.635124698405658
30.233516554182856,0.7499999999999991,803.6236013428693,0.4536857393538965,9.635124698405658
30.504684680635084,0.7499999999999992,804.2921625340679,0.42735300180291685,9.590750644689464
30.978626286050094,0.7499999999999999,811.2436404600203,0.45452450210997214,9.853615699201683
30.304601220379293,0.7499999999999993,805.3850224557399,0.4386099952780952,9.802542367792906
30.304601220379293,0.7499999999999993,805.3850224557399,0.4386099952780952,9.802542367792906
30.304601220379293,0.7499999999999993,805.3850224557399,0.4386099952780952,9.802542367792906
31.322401106842733,0.7499999999999992,804.9836969876555,0.5957775366420461,9.743252084199266
31.062749873491914,0.7499999999999996,812.9503596644,0.7977385846971704,9.751291239442764
31.449991782272946,0.7499999999999996,802.1313265436431,0.4183736438509595,9.521048410197505
31.449991782272946,0.7499999999999996,802.1313265436431,0.4183736438509595,9.521048410197505
31.449991782272946,0.7499999999999996,802.1313265436431,0.4183736438509595,9.521048410197505
31.449991782272946,0.7499999999999996,802.1313265436431,0.4183736438509595,9.521048410197505
31.449991782272946,0.7499999999999996,802.1313265436431,0.4183736438509595,9.521048410197505
31.449991782272946,0.7499999999999996,802.1313265436431,0.4183736438509595,9.521048410197505
31.449991782272946,0.7499999999999996,802.1313265436431,0.4183736438509595,9.521048410197505
31.449991782272946,0.7499999999999996,802.1313265436431,0.4183736438509595,9.521048410197505
30.311736743017985,0.7499999999999997,805.3118616589602,0.4754289443108495,9.475002296446538
30.311736743017985,0.7499999999999997,805.3118616589602,0.4754289443108495,9.475002296446538
30.096301804861298,0.7499999999999994,801.1418823315319,0.4879658280193908,9.39775058000823
30.096301804861298,0.7499999999999994,801.1418823315319,0.4879658280193908,9.39775058000823
30.096301804861298,0.7499999999999994,801.1418823315319,0.4879658280193908,9.39775058000823
30.096301804861298,0.7499999999999994,801.1418823315319,0.4879658280193908,9.39775058000823
30.429116616945247,0.7499999999999983,810.9359299411351,0.4813729992921513,9.53061961800906
30.429116616945247,0.7499999999999983,810.9359299411351,0.4813729992921513,9.53061961800906
30.429116616945247,0.7499999999999983,810.9359299411351,0.4813729992921513,9.53061961800906
30.47700520265035,0.7499999999999991,809.4759867723994,0.5110847897948462,9.473090385947478
30.59404946019661,0.7499999999999984,806.5776689602332,0.4433511705657218,9.389013467737588
30.59404946019661,0.7499999999999984,806.5776689602332,0.4433511705657218,9.389013467737588
29.614732604876796,0.7499999999999993,809.6885004762831,0.352860125186822,9.381854230822347
29.81178600919769,0.7499999999999992,810.6872618795403,0.49631075332476765,9.6143294471975
29.81178600919769,0.7499999999999992,810.6872618795403,0.49631075332476765,9.6143294471975
29.259227266601446,0.7499999999999981,812.8061114967559,0.37277074377376046,9.637137683455574
29.230366567094837,0.7499999999999997,815.9053251036232,0.3998511235275017,9.59206916711958
29.836278954197795,0.7499999999999989,811.2416808117382,0.4151767475461889,9.494873275366606
29.81950075062634,0.7499999999999987,809.1084362953661,0.45514840714440313,9.664628706808056
29.14088577958261,0.7499999999999987,809.029334908638,0.3965118572123094,9.470895829577316
28.73352347240287,0.7499999999999994,807.6506200820811,0.41685837471497944,9.54790296534143
29.387169635550503,0.7499999999999993,801.8580185348827,0.3738584505889132,9.519263576650118
29.669666423203925,0.7499999999999997,809.6849538423521,0.4713504415477181,9.68576943370206
29.669666423203925,0.7499999999999997,809.6849538423521,0.4713504415477181,9.68576943370206
29.411639746644035,0.7499999999999996,809.0596941507075,0.46392316446164666,9.640055340761412
28.518455428002135,0.7499999999999989,804.8683510437243,0.4533962434479851,9.737431476830835
28.852356417080212,0.7499999999999996,811.0093390931978,0.4344628873809543,9.764721769717323
28.852356417080212,0.7499999999999996,811.0093390931978,0.4344628873809543,9.764721769717323
28.46127834496268,0.7499999999999988,812.407597180413,0.44523743325695625,9.746444998312962
28.46127834496268,0.7499999999999988,812.407597180413,0.44523743325695625,9.746444998312962
28.46127834496268,0.7499999999999988,812.407597180413,0.44523743325695625,9.746444998312962
29.746104058530896,0.7499999999999996,808.3559686902071,0.47336614416526257,9.671164423310135
29.746104058530896,0.7499999999999996,808.3559686902071,0.47336614416526257,9.671164423310135
29.672889754357776,0.75,799.222624379189,0.3692750623982412,9.436965126016478
29.984986882087796,0.749999999999999,808.6471134663947,0.42993608470862393,9.408082711594371
29.984986882087796,0.749999999999999,808.6471134663947,0.42993608470862393,9.408082711594371
29.984986882087796,0.749999999999999,808.6471134663947,0.42993608470862393,9.408082711594371
30.390019186962256,0.7499999999999999,810.2868960863709,0.5371409682088076,9.776059244862774
30.680388875304814,0.7499999999999989,810.1533480326711,0.427400070990436,9.744070966426538
29.502592228752007,0.7499999999999997,804.9834051454733,0.3349994522114484,9.41059161426701
29.502592228752007,0.7499999999999997,804.9834051454733,0.3349994522114484,9.41059161426701
30.411234495111223,0.7499999999999987,807.8678136990643,0.40412134381627673,9.68468537406772
30.629260451417238,0.749999999999999,807.5409811059352,0.39377287306301073,9.819835010210255
30.629260451417238,0.749999999999999,807.5409811059352,0.39377287306301073,9.819835010210255
32.18677846737631,0.7499999999999994,811.0918567541837,0.5019924608435488,9.973444573816433
32.18677846737631,0.7499999999999994,811.0918567541837,0.5019924608435488,9.973444573816433
30.399736076853596,0.7499999999999983,808.780248693319,0.40096638002841983,9.769766740355655
30.399736076853596,0.7499999999999983,808.780248693319,0.40096638002841983,9.769766740355655
30.399736076853596,0.7499999999999983,808.780248693319,0.40096638002841983,9.769766740355655
30.652221798454246,0.7499999999999992,817.3745349454418,0.47514213682453504,9.98099364365081
29.91022376846267,0.7499999999999994,816.7665069977995,0.458005396425151,9.953866710861613
29.60030563256758,0.7499999999999991,812.5035898099629,0.4928432640509129,9.741379512573857
29.60030563256758,0.7499999999999991,812.5035898099629,0.4928432640509129,9.741379512573857
29.60030563256758,0.7499999999999991,812.5035898099629,0.4928432640509129,9.741379512573857
29.5882915734292,0.7499999999999989,813.9230010270126,0.4408206789167995,9.702196822062177
28.94962028507455,0.7500000000000001,808.3920266353251,0.44575374648722293,9.781858903693813
29.609910778657138,0.7499999999999996,814.3556385753857,0.640494316515384,10.058687150547152
30.661996645477767,0.7499999999999997,805.7109054030716,0.5609764231893516,9.974479788693703
30.661996645477767,0.7499999999999997,805.7109054030716,0.5609764231893516,9.974479788693703
30.661996645477767,0.7499999999999997,805.7109054030716,0.5609764231893516,9.974479788693703
30.661996645477767,0.7499999999999997,805.7109054030716,0.5609764231893516,9.974479788693703
29.641975142242252,0.7499999999999993,804.073318471003,0.47611751202528524,9.807907469796783
29.620520433718443,0.7499999999999997,809.0162262910773,0.4269817294521586,9.901415672248035
29.90312085049986,0.7499999999999983,815.2517112922237,0.3883982999026251,9.772349706927102
29.90312085049986,0.7499999999999983,815.2517112922237,0.3883982999026251,9.772349706927102
29.45017995894211,0.7499999999999993,818.7205327600734,0.4150047434825699,9.762021132972468
30.094920790542364,0.7499999999999982,826.8371630140598,0.5300721227552148,9.688272173766787
29.072478622181627,0.7499999999999992,818.5923344973962,0.4995147204775666,9.568841109623353
29.302929951906513,0.7499999999999997,821.6151603602011,0.46776450087275717,9.750807297072303
28.719394810373757,0.7499999999999994,812.508634734334,0.37324080400631543,9.601597635890675
29.39379887566021,0.7499999999999994,810.1922585196272,0.4629974376141828,9.814958129970327
29.39379887566021,0.7499999999999994,810.1922585196272,0.4629974376141828,9.814958129970327
28.988506614785937,0.7499999999999986,815.5079011820011,0.423168333072865,9.762091299998502
28.788311172455607,0.7500000000000001,812.2189357180429,0.440721871934652,9.803743380580935
29.972762720069756,0.7499999999999989,815.7217581190524,0.4536301507117374,9.918574763678858
29.972762720069756,0.7499999999999989,815.7217581190524,0.4536301507117374,9.918574763678858
29.308599647684975,0.7500000000000002,811.1830143721162,0.4031681264732667,9.668780953878699
29.308599647684975,0.7500000000000002,811.1830143721162,0.4031681264732667,9.668780953878699
28.71184376609836,0.7499999999999998,809.5043289678083,0.40019970845398983,9.634521850117446
28.71184376609836,0.7499999999999998,809.5043289678083,0.40019970845398983,9.634521850117446
28.71184376609836,0.7499999999999998,809.5043289678083,0.40019970845398983,9.634521850117446
29.561272988833586,0.7499999999999998,804.9733017998044,0.4614020256285237,9.560800117192514
29.561272988833586,0.7499999999999998,804.9733017998044,0.4614020256285237,9.560800117192514
28.65507218503529,0.7499999999999987,812.1008052634094,0.3810746534611911,9.748626267855737
28.65507218503529,0.7499999999999987,812.1008052634094,0.3810746534611911,9.748626267855737
28.66979160578965,0.7499999999999984,811.8708240709996,0.3369481314823991,9.7389718577103
30.000309428534212,0.7499999999999989,816.2964537700595,0.4419879466354269,9.897915372999028
30.86352267091658,0.7499999999999993,819.5757619254973,0.4425037919874011,9.888730816130685
30.70961303137873,0.749999999999999,814.0249204703216,0.4143253062119099,9.811421091548144
29.839394256073493,0.7499999999999992,806.4242723769205,0.3694290682761258,9.57727213048371
29.839394256073493,0.7499999999999992,806.4242723769205,0.3694290682761258,9.57727213048371
30.208580876200404,0.7499999999999992,809.686951491658,0.3719110820029759,9.56396923373615
30.208580876200404,0.7499999999999992,809.686951491658,0.3719110820029759,9.56396923373615
29.725957249145598,0.7499999999999988,809.0185128530521,0.358340842407505,9.423344752496714
29.725957249145598,0.7499999999999988,809.0185128530521,0.358340842407505,9.423344752496714
29.725957249145598,0.7499999999999988,809.0185128530521,0.358340842407505,9.423344752496714
29.725957249145598,0.7499999999999988,809.0185128530521,0.358340842407505,9.423344752496714
29.725957249145598,0.7499999999999988,809.0185128530521,0.358340842407505,9.423344752496714
29.725957249145598,0.7499999999999988,809.0185128530521,0.358340842407505,9.423344752496714
30.594980419888277,0.7499999999999973,810.5081452223069,0.4504673844379075,9.556073348685283
30.594980419888277,0.7499999999999973,810.5081452223069,0.4504673844379075,9.556073348685283
30.594980419888277,0.7499999999999973,810.5081452223069,0.4504673844379075,9.556073348685283
29.40032431238028,0.7499999999999997,812.2826167648622,0.3570097229416018,9.53668345148551
29.970252795624898,0.7499999999999989,804.8615555166285,0.36798127185511625,9.54842308149207
29.745970756901848,0.7500000000000001,802.2674030810178,0.36375044882026875,9.474978557617794
29.745970756901848,0.7500000000000001,802.2674030810178,0.36375044882026875,9.474978557617794
30.123775577803503,0.7499999999999998,803.7170445234848,0.3675524675265662,9.763510180466259
30.123775577803503,0.7499999999999998,803.7170445234848,0.3675524675265662,9.763510180466259
30.123775577803503,0.7499999999999998,803.7170445234848,0.3675524675265662,9.763510180466259
31.05781693511807,0.7499999999999988,809.4899666186703,0.5537160319773887,9.869086003636038
30.81621315249473,0.7499999999999997,813.76865577187,0.525938602823617,10.016290821758485
30.550150748644874,0.75,816.1757990128428,0.5048462952982775,9.841476781884202
30.63280170486749,0.7499999999999998,808.6671356216284,0.4521033637688866,9.664122441519066
30.63280170486749,0.7499999999999998,808.6671356216284,0.4521033637688866,9.664122441519066
30.804804951395305,0.7499999999999994,814.399773531227,0.5034344057547677,9.935538360284536
29.039353612848632,0.7499999999999993,805.9182420149777,0.43409877738929964,9.565073350842969
29.688932206217032,0.7499999999999996,811.2283981110174,0.4729355039068549,9.56094940768626
30.101215509104527,0.7499999999999999,811.220944086824,0.4477691182204923,9.496832522480698
30.101215509104527,0.7499999999999999,811.220944086824,0.4477691182204923,9.496832522480698
30.101215509104527,0.7499999999999999,811.220944086824,0.4477691182204923,9.496832522480698
29.73190636800424,0.7499999999999987,818.3688756315447,0.5068696035235689,9.518319206191507
28.92213677756211,0.7499999999999993,823.3967678622943,0.3801579192104491,9.39866254399774
28.685896531519113,0.7499999999999998,817.2506170875482,0.3920436397009655,9.398540177850716
29.579565188700382,0.7499999999999991,814.5627764222934,0.46630480732775664,9.566459708719766
29.94173646567019,0.7499999999999992,815.0792553862517,0.512557970662463,9.743075136705226
29.874026574474936,0.7499999999999991,810.6930043703214,0.45980945529905703,9.769866916784718
29.874026574474936,0.7499999999999991,810.6930043703214,0.45980945529905703,9.769866916784718
29.874026574474936,0.7499999999999991,810.6930043703214,0.45980945529905703,9.769866916784718
28.582347144642107,0.7499999999999992,814.1708161032848,0.4002190037093958,9.72179764532425
29.081063253509484,0.7499999999999999,814.2417796042256,0.3906998179783851,9.775524709402145
28.87438789896767,0.7499999999999991,818.5386933535756,0.38146406325920496,9.72345482108284
30.045398087553874,0.7500000000000001,817.4850688711558,0.49286853096621885,9.729657093387075
30.835636927787725,0.7499999999999996,819.6204301678159,0.5891066955363485,10.035030568356168
30.36961910671823,0.7499999999999996,818.6401263652458,0.4513445040465306,9.942473331952357
29.633118827200622,0.7499999999999984,816.9410811020257,0.44108402967068105,9.889506117744574
29.633118827200622,0.7499999999999984,816.9410811020257,0.44108402967068105,9.889506117744574
29.494702959949898,0.749999999999999,815.3054404273681,0.4430044579056479,9.764470171848634
29.494702959949898,0.749999999999999,815.3054404273681,0.4430044579056479,9.764470171848634
29.494702959949898,0.749999999999999,815.3054404273681,0.4430044579056479,9.764470171848634
29.494702959949898,0.749999999999999,815.3054404273681,0.4430044579056479,9.764470171848634
29.273017100096038,0.7499999999999994,812.5088382969936,0.3560966073824855,9.4748172745384
29.69465187860292,0.7499999999999991,813.0968309032488,0.4295294819533358,9.5802060575429
29.69465187860292,0.7499999999999991,813.0968309032488,0.4295294819533358,9.5802060575429
30.938045130570835,0.7499999999999982,815.4213847875068,0.4348528814295646,9.756367012193977
31.38838818640916,0.7499999999999993,823.9923759756289,0.5592418239018654,10.148049726610788
31.38838818640916,0.7499999999999993,823.9923759756289,0.5592418239018654,10.148049726610788
31.116736274178283,0.7499999999999978,813.783457392087,0.4683560985218221,9.977172741934305
30.72304807704634,0.7499999999999996,817.1898694150344,0.5487961826794209,10.068687747786717
30.72304807704634,0.7499999999999996,817.1898694150344,0.5487961826794209,10.068687747786717
29.96767085618004,0.7499999999999992,814.2645109813506,0.4833871649688725,9.882966663579216
29.623717730796283,0.7499999999999979,809.278711310416,0.4376133440565838,9.992533987561012
29.448701465517487,0.75,811.7408652034143,0.41023354652998034,9.887760421350865
29.27981700175621,0.7499999999999993,816.935605460639,0.43321729181572377,9.996311882044793
29.939889920216906,0.7499999999999999,820.6176888830777,0.43916490893604054,9.92050676393965
29.66049847158008,0.7499999999999994,810.7811758002266,0.43966280687756343,9.627640411839838
30.6014163892508,0.75,807.2531008362087,0.4453087744636389,9.873331424098424
30.6014163892508,0.75,807.2531008362087,0.4453087744636389,9.873331424098424
30.205237759437505,0.7499999999999979,811.1689980771696,0.5639299361154627,9.989184640607721
30.187651810048187,0.7499999999999992,816.8963147577965,0.47464844097443476,9.925047148035768
29.898429974976256,0.75,807.1417551128311,0.42204204205384127,9.88085615945494
29.87359639371295,0.7499999999999993,809.0331957188525,0.42123778811572904,9.743494560655938
29.87359639371295,0.7499999999999993,809.0331957188525,0.42123778811572904,9.743494560655938
29.245548336302875,0.7499999999999997,808.8881380095652,0.4306597865094546,9.893630892433169
29.245548336302875,0.7499999999999997,808.8881380095652,0.4306597865094546,9.893630892433169
29.245548336302875,0.7499999999999997,808.8881380095652,0.4306597865094546,9.893630892433169
29.245548336302875,0.7499999999999997,808.8881380095652,0.4306597865094546,9.893630892433169
29.245548336302875,0.7499999999999997,808.8881380095652,0.4306597865094546,9.893630892433169
28.835599219301038,0.7499999999999997,811.9541752464393,0.3927252276745879,10.025152938132544
28.835599219301038,0.7499999999999997,811.9541752464393,0.3927252276745879,10.025152938132544
28.835599219301038,0.7499999999999997,811.9541752464393,0.3927252276745879,10.025152938132544
28.835599219301038,0.7499999999999997,811.9541752464393,0.3927252276745879,10.025152938132544
28.835599219301038,0.7499999999999997,811.9541752464393,0.3927252276745879,10.025152938132544
29.95586997011405,0.7499999999999994,811.5944974521251,0.393366467875478,10.094531267023587
29.95586997011405,0.7499999999999994,811.5944974521251,0.393366467875478,10.094531267023587
29.95586997011405,0.7499999999999994,811.5944974521251,0.393366467875478,10.094531267023587
29.95586997011405,0.7499999999999994,811.5944974521251,0.393366467875478,10.094531267023587
29.95586997011405,0.7499999999999994,811.5944974521251,0.393366467875478,10.094531267023587
29.95586997011405,0.7499999999999994,811.5944974521251,0.393366467875478,10.094531267023587
29.95586997011405,0.7499999999999994,811.5944974521251,0.393366467875478,10.094531267023587
29.698303742341384,0.7499999999999996,819.8012080270739,0.4512441568275203,9.998987453170994
30.356592654684952,0.749999999999999,810.4187957931015,0.3968925749836078,9.91890897044334
30.356592654684952,0.749999999999999,810.4187957931015,0.3968925749836078,9.91890897044334
30.6308458728897,0.75,818.3982954795918,0.41984593891047106,9.96646002038052
30.581877675457143,0.7499999999999997,822.1840343896899,0.42839358896764196,9.952573930119595
30.581877675457143,0.7499999999999997,822.1840343896899,0.42839358896764196,9.952573930119595
30.581877675457143,0.7499999999999997,822.1840343896899,0.42839358896764196,9.952573930119595
30.491487776924885,0.7500000000000001,823.408175302609,0.45942836968415507,10.07417016190386
30.434277900728052,0.75,827.8153318906218,0.47427718784384126,10.114044663974079
30.561451171583435,0.7499999999999981,819.1437805309562,0.41688053659014357,9.845109147683477
30.58379301193481,0.749999999999999,813.7712304075692,0.6289923019908443,9.864722155999337
30.58379301193481,0.749999999999999,813.7712304075692,0.6289923019908443,9.864722155999337
30.647078783593404,0.7499999999999994,811.0418672108099,0.5262849712192025,9.84229895534095
29.859669247509704,0.7499999999999986,810.1084316270533,0.3594164811788015,9.876051421866283
29.859669247509704,0.7499999999999986,810.1084316270533,0.3594164811788015,9.876051421866283
29.859669247509704,0.7499999999999986,810.1084316270533,0.3594164811788015,9.876051421866283
30.506603449061554,0.7499999999999998,799.1715860775837,0.3683958486832821,9.732604546951574
31.86638579243061,0.7499999999999977,802.2536446722704,0.4818006502889793,9.950543354180038
31.86638579243061,0.7499999999999977,802.2536446722704,0.4818006502889793,9.950543354180038
31.86638579243061,0.7499999999999977,802.2536446722704,0.4818006502889793,9.950543354180038
31.00029037653771,0.7499999999999987,800.3006011059892,0.4475940668436739,9.627297597303667
29.89886200312721,0.7499999999999988,799.4013744193779,0.46067791388202367,9.578901250409553
30.137083644397055,0.7499999999999991,804.9797748867143,0.39108624974274375,9.791504606776844
30.137083644397055,0.7499999999999991,804.9797748867143,0.39108624974274375,9.791504606776844
30.137083644397055,0.7499999999999991,804.9797748867143,0.39108624974274375,9.791504606776844
30.137083644397055,0.7499999999999991,804.9797748867143,0.39108624974274375,9.791504606776844
30.776588593536413,0.7499999999999986,810.5580960241535,0.4153710637647569,9.943839396086386
30.456503325024105,0.7499999999999993,806.0918813727526,0.5318456333038971,9.917697080123043
30.346572184266872,0.7499999999999989,806.8793579165413,0.4013904443284867,9.784006956436045
30.346572184266872,0.7499999999999989,806.8793579165413,0.4013904443284867,9.784006956436045
30.346572184266872,0.7499999999999989,806.8793579165413,0.4013904443284867,9.784006956436045
30.346572184266872,0.7499999999999989,806.8793579165413,0.4013904443284867,9.784006956436045
30.346572184266872,0.7499999999999989,806.8793579165413,0.4013904443284867,9.784006956436045
31.122739424880425,0.7499999999999994,818.2517645313324,0.47030295292943075,10.088448461050078
29.960486839473436,0.7499999999999992,815.1607596064678,0.38711005228568757,9.906582568996859
29.905598212869503,0.749999999999999,818.3326154418984,0.4540092281713615,9.945886702336969
29.905598212869503,0.749999999999999,818.3326154418984,0.4540092281713615,9.945886702336969
29.905598212869503,0.749999999999999,818.3326154418984,0.4540092281713615,9.945886702336969
29.60783316745182,0.7499999999999997,809.949438600376,0.43171034035521394,9.730890363718668
29.60783316745182,0.7499999999999997,809.949438600376,0.43171034035521394,9.730890363718668
29.40310587410868,0.7499999999999997,801.5742963719808,0.41279182019680527,9.607546027294452
30.0016802131463,0.7499999999999996,802.3295681667694,0.4652099771320728,9.434922607619033
30.0016802131463,0.7499999999999996,802.3295681667694,0.4652099771320728,9.434922607619033
29.27884891230732,0.7499999999999987,805.4174668434188,0.4865799490327107,9.505845396071805
30.41457252836031,0.749999999999999,808.1355108878677,0.5509835418105511,9.549215092844879
30.50805248351613,0.7499999999999978,808.7983000451037,0.5509626606609812,9.456265856998519
30.50805248351613,0.7499999999999978,808.7983000451037,0.5509626606609812,9.456265856998519
28.721120388961335,0.7499999999999991,805.272810944349,0.5651607531341905,9.357568759782604
29.728250068560722,0.7499999999999993,810.6838488982878,0.5886818683839818,9.588870106817495
30.67501159375016,0.7499999999999997,809.1858233885425,0.5771020825623767,9.658973196449105
30.67501159375016,0.7499999999999997,809.1858233885425,0.5771020825623767,9.658973196449105
30.67501159375016,0.7499999999999997,809.1858233885425,0.5771020825623767,9.658973196449105
30.67501159375016,0.7499999999999997,809.1858233885425,0.5771020825623767,9.658973196449105
30.682123143021016,0.7499999999999992,808.3994074427212,0.4444973907436758,9.8591396207357
30.682123143021016,0.7499999999999992,808.3994074427212,0.4444973907436758,9.8591396207357
30.682123143021016,0.7499999999999992,808.3994074427212,0.4444973907436758,9.8591396207357
30.39800616422705,0.75,808.3023714277502,0.4310159211132658,9.709976716692031
30.39800616422705,0.75,808.3023714277502,0.4310159211132658,9.709976716692031
30.34316729453458,0.7499999999999993,813.8453437648614,0.3843501005147106,9.668940002856917
29.684117158252544,0.7499999999999996,814.5714964527983,0.38651772425650227,9.647179339668043
29.82980438309704,0.7499999999999987,812.9818370232637,0.4128183523798636,9.727076120779495
29.82980438309704,0.7499999999999987,812.9818370232637,0.4128183523798636,9.727076120779495
29.82980438309704,0.7499999999999987,812.9818370232637,0.4128183523798636,9.727076120779495
29.693788527094046,0.7499999999999982,809.8983951532948,0.3865276608939442,9.845968035984821
29.693788527094046,0.7499999999999982,809.8983951532948,0.3865276608939442,9.845968035984821
29.40007831792499,0.7499999999999994,811.0975689807433,0.38170205119869616,9.775104287887817
30.486043285163355,0.7499999999999994,816.6972452435855,0.4602757111846264,10.084496991909782
29.84126600895406,0.7499999999999996,815.5425842237161,0.42142171027403824,9.967543031132095
30.997725507563768,0.749999999999999,810.9272004661135,0.612656024042214,9.923144428992003
30.997725507563768,0.749999999999999,810.9272004661135,0.612656024042214,9.923144428992003
30.997725507563768,0.749999999999999,810.9272004661135,0.612656024042214,9.923144428992003
30.997725507563768,0.749999999999999,810.9272004661135,0.612656024042214,9.923144428992003
30.997725507563768,0.749999999999999,810.9272004661135,0.612656024042214,9.923144428992003
29.942288199459618,0.7499999999999992,804.9800852862312,0.3992416284264476,9.758738053530664
30.01614815965704,0.7500000000000001,808.4376549983225,0.3802703391257523,9.815559973685884
29.750217900051407,0.7499999999999992,811.7277683100019,0.39247352138606145,9.937284498452243
30.1354971389978,0.7500000000000004,815.3272216939564,0.4233179031241973,9.91139361428922
30.1354971389978,0.7500000000000004,815.3272216939564,0.4233179031241973,9.91139361428922
31.15487180676474,0.75,814.83510516082,0.44291907818175974,9.826351300311027
31.20279046290779,0.7499999999999994,807.9412571818806,0.45809811142239854,9.723079898277206
31.20279046290779,0.7499999999999994,807.9412571818806,0.45809811142239854,9.723079898277206
31.023351957031007,0.7499999999999984,809.6196793656176,0.48325658135222643,9.71528825317338
30.037328484149803,0.7499999999999998,802.9772850418948,0.39220135246064824,9.32879026105671
30.92700869477945,0.7499999999999991,800.0201720893565,0.49811671507371624,9.333111729407245
30.92700869477945,0.7499999999999991,800.0201720893565,0.49811671507371624,9.333111729407245
30.92700869477945,0.7499999999999991,800.0201720893565,0.49811671507371624,9.333111729407245
29.889303472627272,0.7499999999999999,797.8565448083209,0.4617435048414352,9.382821254191636
29.889303472627272,0.7499999999999999,797.8565448083209,0.4617435048414352,9.382821254191636
29.889303472627272,0.7499999999999999,797.8565448083209,0.4617435048414352,9.382821254191636
29.044088274231203,0.7499999999999997,806.7293907888536,0.3927661645866857,9.454865801081672
29.044088274231203,0.7499999999999997,806.7293907888536,0.3927661645866857,9.454865801081672
29.044088274231203,0.7499999999999997,806.7293907888536,0.3927661645866857,9.454865801081672
29.082811539058316,0.7499999999999993,807.2241484022487,0.4134973209631688,9.507814671183862
29.4704566731038,0.7499999999999999,812.8537605011702,0.39340357555912564,9.445278411671808
29.4704566731038,0.7499999999999999,812.8537605011702,0.39340357555912564,9.445278411671808
29.31079996628578,0.7499999999999999,813.1471080828002,0.37491805777949816,9.549698871763004
29.597634274378738,0.7499999999999993,810.9435398347396,0.4830931150636621,9.494318672383406
29.597634274378738,0.7499999999999993,810.9435398347396,0.4830931150636621,9.494318672383406
29.597634274378738,0.7499999999999993,810.9435398347396,0.4830931150636621,9.494318672383406
29.597634274378738,0.7499999999999993,810.9435398347396,0.4830931150636621,9.494318672383406
29.597634274378738,0.7499999999999993,810.9435398347396,0.4830931150636621,9.494318672383406
30.35567652116202,0.7499999999999973,815.911708855469,0.4583259253931176,9.502080722750128
30.35567652116202,0.7499999999999973,815.911708855469,0.4583259253931176,9.502080722750128
30.35567652116202,0.7499999999999973,815.911708855469,0.4583259253931176,9.502080722750128
30.142165764269887,0.7499999999999986,809.3049642677628,0.47843591662434176,9.395167792794846
30.37789276144407,0.7499999999999998,810.6517760157052,0.4054343828522197,9.69419767088372
29.925943118949757,0.75,816.4064651938218,0.5309252753531188,9.829635192671052
29.925943118949757,0.75,816.4064651938218,0.5309252753531188,9.829635192671052
29.93558667541432,0.7500000000000001,804.7956548614959,0.38805681468332065,9.685026238660488
30.489286065324567,0.7499999999999996,814.106543922992,0.4905905007837707,9.74371790450654
30.140873245886525,0.7499999999999993,802.1192733529299,0.42553447436650715,9.692213501891151
30.140873245886525,0.7499999999999993,802.1192733529299,0.42553447436650715,9.692213501891151
30.140873245886525,0.7499999999999993,802.1192733529299,0.42553447436650715,9.692213501891151
30.140873245886525,0.7499999999999993,802.1192733529299,0.42553447436650715,9.692213501891151
30.140873245886525,0.7499999999999993,802.1192733529299,0.42553447436650715,9.692213501891151
30.140873245886525,0.7499999999999993,802.1192733529299,0.42553447436650715,9.692213501891151
30.140873245886525,0.7499999999999993,802.1192733529299,0.42553447436650715,9.692213501891151
30.140873245886525,0.7499999999999993,802.1192733529299,0.42553447436650715,9.692213501891151
29.862943814727387,0.7499999999999997,804.5934648930086,0.37578803684617784,9.581911675438414
29.862943814727387,0.7499999999999997,804.5934648930086,0.37578803684617784,9.581911675438414
29.472880501823514,0.7499999999999989,809.8251633336395,0.4202823095789468,9.674172351029394
29.472880501823514,0.7499999999999989,809.8251633336395,0.4202823095789468,9.674172351029394
30.158100196859472,0.7499999999999994,815.3718523322297,0.5079199855743394,9.653291004007908
30.762927628642682,0.75,816.5631474850982,0.5002511936976575,9.65029925074389
30.64997966631827,0.7499999999999986,811.8106016942836,0.46101509497760146,9.663681523903307
30.64997966631827,0.7499999999999986,811.8106016942836,0.46101509497760146,9.663681523903307
30.64997966631827,0.7499999999999986,811.8106016942836,0.46101509497760146,9.663681523903307
30.64997966631827,0.7499999999999986,811.8106016942836,0.46101509497760146,9.663681523903307
29.765044292468314,0.7499999999999997,807.9242202096548,0.3547251641027882,9.541786080723185
29.99576121806521,0.7499999999999997,815.1442264932109,0.43767715581388,9.598518697827535
29.99576121806521,0.7499999999999997,815.1442264932109,0.43767715581388,9.598518697827535
30.69548170027985,0.7499999999999993,821.2125210072732,0.4562742091340535,9.61900635847742
30.654760097209135,0.7499999999999989,824.0238450571695,0.4929710542244018,9.870363930368091
29.344533384930703,0.7499999999999993,813.7750217703306,0.43256996144010235,9.639205201069577
29.51717126238184,0.749999999999999,814.0562541165659,0.41587518750889385,9.80912863680104
29.162379293551513,0.7499999999999979,813.9672950185388,0.3778696784814934,9.513318277897733
29.162379293551513,0.7499999999999979,813.9672950185388,0.3778696784814934,9.513318277897733
28.742463129370208,0.7499999999999999,805.8974887808711,0.31179901794593423,9.532353164348109
28.742463129370208,0.7499999999999999,805.8974887808711,0.31179901794593423,9.532353164348109
28.742463129370208,0.7499999999999999,805.8974887808711,0.31179901794593423,9.532353164348109
28.742463129370208,0.7499999999999999,805.8974887808711,0.31179901794593423,9.532353164348109
28.742463129370208,0.7499999999999999,805.8974887808711,0.31179901794593423,9.532353164348109
28.742463129370208,0.7499999999999999,805.8974887808711,0.31179901794593423,9.532353164348109
28.742463129370208,0.7499999999999999,805.8974887808711,0.31179901794593423,9.532353164348109
28.742463129370208,0.7499999999999999,805.8974887808711,0.31179901794593423,9.532353164348109
29.84105367555763,0.749999999999999,810.5352202923439,0.41116172810112367,9.59378548782029
30.01563287969751,0.7499999999999988,819.5562902404807,0.39326092253097866,9.540570009148587
30.351114952465288,0.7499999999999991,811.8064228867916,0.4398329525114571,9.644115112290908
29.491199299159476,0.7499999999999977,811.4134304050554,0.4230624590455313,9.715294988226768
29.680217355199698,0.7499999999999997,815.2667194687023,0.417165944722354,9.726299916306285
29.78005928671431,0.7499999999999998,813.170469527345,0.43829686077267793,9.64299424109787
30.228185623975573,0.7499999999999998,812.1865702809177,0.6001662298946285,9.58211838686197
30.228185623975573,0.7499999999999998,812.1865702809177,0.6001662298946285,9.58211838686197
30.228185623975573,0.7499999999999998,812.1865702809177,0.6001662298946285,9.58211838686197
30.188157946026347,0.7500000000000003,811.6822267895253,0.4242496132444864,9.600477567300393
30.188157946026347,0.7500000000000003,811.6822267895253,0.4242496132444864,9.600477567300393
29.341716011193512,0.7499999999999991,812.7984994315194,0.4159668178438741,9.586655547456434
29.45417939306932,0.7500000000000001,813.667043127803,0.5822974833671718,9.655319194502814
29.085087832895955,0.7499999999999994,814.9294543845227,0.4791912186506078,9.554647024002472
29.085087832895955,0.7499999999999994,814.9294543845227,0.4791912186506078,9.554647024002472
29.54878958234368,0.7499999999999998,813.175806083067,0.5373351704543673,9.65593283935281
29.16817644291821,0.7499999999999991,814.1115121269954,0.5664154781106331,9.795442021927126
29.530694268224124,0.7499999999999982,818.5699906866721,0.5657731945285882,9.790390543536358
29.530694268224124,0.7499999999999982,818.5699906866721,0.5657731945285882,9.790390543536358
29.68994371613458,0.75,813.3103904189679,0.5627414121992321,9.78657200313246
29.68994371613458,0.75,813.3103904189679,0.5627414121992321,9.78657200313246
29.264781221130477,0.7499999999999989,806.5474430349708,0.4963224703143372,9.567159539871309
28.48582766917748,0.7499999999999992,803.4501732801668,0.44618104359361593,9.691542699267435
29.517325425081477,0.7499999999999998,806.983331931521,0.39855545241180496,9.611019522682644
29.147502291830943,0.7499999999999991,801.0628028100167,0.394708369030323,9.470504539031642
29.147502291830943,0.7499999999999991,801.0628028100167,0.394708369030323,9.470504539031642
30.466545418415734,0.7499999999999999,809.0514421707263,0.39766731268021493,9.708997215567072
29.579669315461324,0.7499999999999991,804.6964562524636,0.3461606790458915,9.522101411466148
29.47505596680623,0.75,808.4419010724048,0.3898630085110416,9.67750790010416
27.953762617914887,0.7499999999999998,807.6563760590384,0.3384980566016025,9.481532864745242
28.87027993141901,0.7499999999999991,806.923624443583,0.44021557572249914,9.701163340437603
28.683027130737678,0.7499999999999996,804.5917504917894,0.5642029512460479,9.516787880022113
28.683027130737678,0.7499999999999996,804.5917504917894,0.5642029512460479,9.516787880022113
28.683027130737678,0.7499999999999996,804.5917504917894,0.5642029512460479,9.516787880022113
28.683027130737678,0.7499999999999996,804.5917504917894,0.5642029512460479,9.516787880022113
29.826241100273094,0.7499999999999984,806.6334592416789,0.5431548649071071,9.396964448534437
29.13442516117876,0.7499999999999996,805.5456750407192,0.3655243681290915,9.37847076360325
29.127224519133478,0.7499999999999996,800.086108783549,0.5888538658907346,9.337143457548354
29.127224519133478,0.7499999999999996,800.086108783549,0.5888538658907346,9.337143457548354
29.789880636579163,0.7499999999999996,796.7659686250256,0.4077820472743575,9.455443039858803
29.789880636579163,0.7499999999999996,796.7659686250256,0.4077820472743575,9.455443039858803
29.789880636579163,0.7499999999999996,796.7659686250256,0.4077820472743575,9.455443039858803
29.081677916052293,0.7500000000000001,800.0065129010624,0.3273929648375591,9.611162197892702
29.614827409469008,0.7500000000000002,802.9743901341935,0.4552167031659307,9.861499625870177
30.88729873509682,0.7499999999999992,799.6858943750331,0.6068973325142726,9.841957205986912
31.732168832346805,0.7499999999999993,804.3982807685677,0.5571884172578879,9.96206909281292
29.82412676397209,0.7499999999999994,803.3089555176587,0.503953488401953,9.736379879807142
29.82412676397209,0.7499999999999994,803.3089555176587,0.503953488401953,9.736379879807142
30.6792464920605,0.7499999999999986,809.9426676221645,0.48951516066786716,9.76675915576977
30.191800834447537,0.7499999999999991,811.6154336052813,0.4002123808092359,9.748129301795078
29.212308854109956,0.7499999999999986,817.4134245667398,0.4336355628533554,9.752113482533067
28.949662157810007,0.7499999999999991,820.9412848344109,0.38152284220085186,9.786286153065788
28.949662157810007,0.7499999999999991,820.9412848344109,0.38152284220085186,9.786286153065788
28.749020010600702,0.7500000000000002,820.4862942588503,0.40834894097141905,9.89951216191246
29.924627060362482,0.7499999999999999,812.428788446271,0.5210943713108331,9.79278781242238
29.924627060362482,0.7499999999999999,812.428788446271,0.5210943713108331,9.79278781242238
29.924627060362482,0.7499999999999999,812.428788446271,0.5210943713108331,9.79278781242238
29.924627060362482,0.7499999999999999,812.428788446271,0.5210943713108331,9.79278781242238
29.692609653948246,0.7499999999999998,807.0183059702459,0.49664601835722183,9.529304049994483
29.692609653948246,0.7499999999999998,807.0183059702459,0.49664601835722183,9.529304049994483
29.692609653948246,0.7499999999999998,807.0183059702459,0.49664601835722183,9.529304049994483
29.56511156134613,0.7499999999999991,805.18395961216,0.3665860081185307,9.462826301356134
29.56511156134613,0.7499999999999991,805.18395961216,0.3665860081185307,9.462826301356134
29.56511156134613,0.7499999999999991,805.18395961216,0.3665860081185307,9.462826301356134
29.56511156134613,0.7499999999999991,805.18395961216,0.3665860081185307,9.462826301356134
29.56511156134613,0.7499999999999991,805.18395961216,0.3665860081185307,9.462826301356134
29.56511156134613,0.7499999999999991,805.18395961216,0.3665860081185307,9.462826301356134
29.56511156134613,0.7499999999999991,805.18395961216,0.3665860081185307,9.462826301356134
29.56511156134613,0.7499999999999991,805.18395961216,0.3665860081185307,9.462826301356134
29.56511156134613,0.7499999999999991,805.18395961216,0.3665860081185307,9.462826301356134
29.5284081231602,0.7499999999999994,820.1009480254652,0.5111635049332766,9.722945672719396
29.5284081231602,0.7499999999999994,820.1009480254652,0.5111635049332766,9.722945672719396
29.5284081231602,0.7499999999999994,820.1009480254652,0.5111635049332766,9.722945672719396
29.945617720786075,0.7499999999999989,815.4271492727233,0.42182316136959913,9.534764857601456
29.945617720786075,0.7499999999999989,815.4271492727233,0.42182316136959913,9.534764857601456
29.501669578308324,0.7499999999999993,811.7607693136129,0.3789723328555442,9.466641015783505
29.58067543605792,0.7499999999999993,815.5948101169841,0.4234825416356894,9.704270327294418
29.06390021648508,0.7499999999999998,814.8138432960725,0.42168042868047356,9.56669889447656
29.06390021648508,0.7499999999999998,814.8138432960725,0.42168042868047356,9.56669889447656
29.06390021648508,0.7499999999999998,814.8138432960725,0.42168042868047356,9.56669889447656
29.68430861926025,0.7499999999999994,808.1115147884419,0.3402283977328997,9.603950427532169
29.68430861926025,0.7499999999999994,808.1115147884419,0.3402283977328997,9.603950427532169
29.710080402459713,0.7499999999999991,813.4410283200825,0.37817925398065044,9.849288986133391
29.710080402459713,0.7499999999999991,813.4410283200825,0.37817925398065044,9.849288986133391
29.245127795309187,0.7499999999999997,812.1001455312319,0.3536920017536858,9.785152647779128
29.320934180821475,0.7499999999999998,814.3806444619898,0.3699630370965924,9.945851859379456
29.38602642767599,0.7499999999999997,818.7913544849698,0.36948683621775613,9.725126120703901
28.96934834358613,0.7499999999999999,814.4583991815028,0.349705372308534,9.584965436989402
28.3331898775809,0.7499999999999996,807.467750606774,0.3308548204597931,9.427362646578379
29.837759614091883,0.7499999999999998,806.5642572392933,0.39789313383676644,9.764404828953499
29.837759614091883,0.7499999999999998,806.5642572392933,0.39789313383676644,9.764404828953499
29.837759614091883,0.7499999999999998,806.5642572392933,0.39789313383676644,9.764404828953499
29.651992201199633,0.7499999999999991,811.8824555820515,0.3805324827371641,9.757070951932244
30.226943751853014,0.7499999999999996,809.4710465434281,0.41727280732785643,9.844795236402351
30.572820413986996,0.7499999999999997,804.1484962449573,0.39319495541564475,9.807106931023887
30.498123175819792,0.7499999999999993,806.6956972485423,0.44476479708970484,9.791789283618957
30.714619099456595,0.7499999999999997,808.8114829113379,0.5401803144643267,9.855391407957848
29.463390348145797,0.7499999999999996,802.861346279043,0.3913108978748802,9.504680831682574
29.463390348145797,0.7499999999999996,802.861346279043,0.3913108978748802,9.504680831682574
30.047367035972297,0.7499999999999987,814.8832081137432,0.44497869546337043,9.9897085214779
30.047367035972297,0.7499999999999987,814.8832081137432,0.44497869546337043,9.9897085214779
30.047367035972297,0.7499999999999987,814.8832081137432,0.44497869546337043,9.9897085214779
30.047367035972297,0.7499999999999987,814.8832081137432,0.44497869546337043,9.9897085214779
30.00188481572056,0.7499999999999987,815.2904572473557,0.477779388044419,10.070747708199795
30.268022492578005,0.7499999999999986,806.4457340705206,0.5023386295747518,9.776612214820215
30.17984104419155,0.7499999999999986,807.5588559020241,0.5983990076447908,9.776417518582301
30.063673967882572,0.7499999999999998,813.9807035295543,0.564226390478743,9.95876812462949
30.063673967882572,0.7499999999999998,813.9807035295543,0.564226390478743,9.95876812462949
30.063673967882572,0.7499999999999998,813.9807035295543,0.564226390478743,9.95876812462949
30.063673967882572,0.7499999999999998,813.9807035295543,0.564226390478743,9.95876812462949
30.189623820004016,0.7499999999999978,814.1397813381136,0.4612868194965634,9.788011183962974
30.164825987836757,0.7499999999999984,811.0412152749042,0.46149660879237286,9.715561440557625
30.820043371777277,0.7499999999999988,810.2353775950689,0.4542282579285391,9.756098659792007
31.009267023250395,0.7499999999999991,814.7659748909068,0.46823627510362614,9.572366169437478
30.161138852829446,0.7499999999999982,812.8171452060942,0.41690225909904505,9.673976644679835
30.062044708369367,0.7499999999999991,811.1944574926855,0.37086404954027163,9.443910116292557
30.062044708369367,0.7499999999999991,811.1944574926855,0.37086404954027163,9.443910116292557
31.413464763439986,0.7499999999999996,802.5770676664062,0.46761013615660474,9.666953036331128
31.413464763439986,0.7499999999999996,802.5770676664062,0.46761013615660474,9.666953036331128
32.2645041178991,0.7499999999999994,804.1411396213305,0.544048360601447,9.754233873676034
32.2645041178991,0.7499999999999994,804.1411396213305,0.544048360601447,9.754233873676034
32.2645041178991,0.7499999999999994,804.1411396213305,0.544048360601447,9.754233873676034
31.32305429074,0.7500000000000002,805.0367115359031,0.4690363899062304,9.701406212405391
31.32305429074,0.7500000000000002,805.0367115359031,0.4690363899062304,9.701406212405391
31.32305429074,0.7500000000000002,805.0367115359031,0.4690363899062304,9.701406212405391
31.32305429074,0.7500000000000002,805.0367115359031,0.4690363899062304,9.701406212405391
31.32305429074,0.7500000000000002,805.0367115359031,0.4690363899062304,9.701406212405391
30.934202110488002,0.7500000000000001,805.0364986193506,0.4198618140564608,9.72060397587737
30.934202110488002,0.7500000000000001,805.0364986193506,0.4198618140564608,9.72060397587737
30.934202110488002,0.7500000000000001,805.0364986193506,0.4198618140564608,9.72060397587737
30.934202110488002,0.7500000000000001,805.0364986193506,0.4198618140564608,9.72060397587737
30.447129278735023,0.75,806.1174643861478,0.3376369524488353,9.430795943882492
30.175851481208245,0.7500000000000003,813.7441592439102,0.37085771014776747,9.458096095749951
30.6507990503744,0.7499999999999996,809.3300649142133,0.43472798126344747,9.693258393612393
30.6507990503744,0.7499999999999996,809.3300649142133,0.43472798126344747,9.693258393612393
30.6507990503744,0.7499999999999996,809.3300649142133,0.43472798126344747,9.693258393612393
30.307136948204043,0.749999999999999,812.7119258332726,0.5252736093478692,9.603945321760552
29.932748219759553,0.7499999999999993,804.7536327285587,0.41227372249724875,9.4942722248833
29.932748219759553,0.7499999999999993,804.7536327285587,0.41227372249724875,9.4942722248833
30.233336336625563,0.7499999999999986,817.6992345980424,0.5817139003939346,9.625987642127972
29.822216532200105,0.7499999999999991,810.1454851776606,0.45122506985185695,9.549414620950424
29.941444225278573,0.749999999999999,812.4994281018255,0.4261371549650319,9.561149945797931
30.11119075638073,0.7499999999999991,811.3621213128189,0.46461079900947305,9.787706981247656
30.11119075638073,0.7499999999999991,811.3621213128189,0.46461079900947305,9.787706981247656
30.11119075638073,0.7499999999999991,811.3621213128189,0.46461079900947305,9.787706981247656
30.532824278591526,0.7499999999999998,805.139555736185,0.5270679060365244,9.541459781156078
29.528306086244424,0.7499999999999984,798.5551785757693,0.3913912295930552,9.32073643534881
29.528306086244424,0.7499999999999984,798.5551785757693,0.3913912295930552,9.32073643534881
29.528306086244424,0.7499999999999984,798.5551785757693,0.3913912295930552,9.32073643534881
30.385588950766056,0.7499999999999983,805.8610708447835,0.4960409557462543,9.659709912212374
29.668445072741818,0.7499999999999989,802.5247185915869,0.46737034250523474,9.560482581029579
29.668445072741818,0.7499999999999989,802.5247185915869,0.46737034250523474,9.560482581029579
29.668445072741818,0.7499999999999989,802.5247185915869,0.46737034250523474,9.560482581029579
29.668445072741818,0.7499999999999989,802.5247185915869,0.46737034250523474,9.560482581029579
29.26312513916727,0.7499999999999991,807.1386560626152,0.43887417035024257,9.635265527817335
29.7186816748326,0.7499999999999996,806.3383920447892,0.3849005982897026,9.562558940980344
29.7186816748326,0.7499999999999996,806.3383920447892,0.3849005982897026,9.562558940980344
29.7186816748326,0.7499999999999996,806.3383920447892,0.3849005982897026,9.562558940980344
29.7186816748326,0.7499999999999996,806.3383920447892,0.3849005982897026,9.562558940980344
29.7186816748326,0.7499999999999996,806.3383920447892,0.3849005982897026,9.562558940980344
30.656204680032374,0.7499999999999994,810.6149356646476,0.44368766395078924,9.660263853222508
30.656204680032374,0.7499999999999994,810.6149356646476,0.44368766395078924,9.660263853222508
30.656204680032374,0.7499999999999994,810.6149356646476,0.44368766395078924,9.660263853222508
30.656204680032374,0.7499999999999994,810.6149356646476,0.44368766395078924,9.660263853222508
30.656204680032374,0.7499999999999994,810.6149356646476,0.44368766395078924,9.660263853222508
30.656204680032374,0.7499999999999994,810.6149356646476,0.44368766395078924,9.660263853222508
29.631201921208962,0.7500000000000004,800.3994400388101,0.3597206732495958,9.39379678839831
29.631201921208962,0.7500000000000004,800.3994400388101,0.3597206732495958,9.39379678839831
29.631201921208962,0.7500000000000004,800.3994400388101,0.3597206732495958,9.39379678839831
29.631201921208962,0.7500000000000004,800.3994400388101,0.3597206732495958,9.39379678839831
29.631201921208962,0.7500000000000004,800.3994400388101,0.3597206732495958,9.39379678839831
29.631201921208962,0.7500000000000004,800.3994400388101,0.3597206732495958,9.39379678839831
30.362966166807354,0.7499999999999986,812.8914444766931,0.4493954769525613,9.657343224397716
30.362966166807354,0.7499999999999986,812.8914444766931,0.4493954769525613,9.657343224397716
30.09369964324351,0.7499999999999994,815.6811324020274,0.5419189316256876,9.715925376548975
29.34138259345333,0.7499999999999994,801.7422030399883,0.4296538303038018,9.644108663171753
29.34138259345333,0.7499999999999994,801.7422030399883,0.4296538303038018,9.644108663171753
29.34138259345333,0.7499999999999994,801.7422030399883,0.4296538303038018,9.644108663171753
29.800262724878248,0.7499999999999983,808.903077564011,0.4058802423350603,9.643824703916328
30.478936197250807,0.7499999999999993,815.060462046716,0.4908425271051488,9.69833810884702
30.250853495389496,0.7499999999999997,812.5041631050101,0.48712225039119456,9.698766975371033
30.36925058527757,0.7499999999999988,811.6227559366318,0.4125108121007055,9.664091453431306
30.36925058527757,0.7499999999999988,811.6227559366318,0.4125108121007055,9.664091453431306
30.36925058527757,0.7499999999999988,811.6227559366318,0.4125108121007055,9.664091453431306
30.05751950303996,0.7499999999999996,814.2472762082882,0.3986801150135217,9.698757755084145
30.05751950303996,0.7499999999999996,814.2472762082882,0.3986801150135217,9.698757755084145
30.05751950303996,0.7499999999999996,814.2472762082882,0.3986801150135217,9.698757755084145
28.489660265663975,0.75,825.4038692641366,0.418284595842153,9.730120218548171
27.68630925608406,0.7499999999999999,827.3346952431332,0.4268956813651204,9.697230680260702
27.74350880634736,0.7499999999999992,824.3218287982954,0.39429068817830804,9.6951403906675
28.84827317663246,0.7499999999999986,820.9197763159444,0.48427623522075464,9.637041983666728
29.18453977913336,0.7499999999999999,815.9945520114156,0.4342368542031067,9.783453596075129
29.201060773955966,0.7499999999999992,818.7219242628722,0.5067933612706107,9.959239951496244
29.874629608174907,0.7499999999999999,816.5939009891963,0.5869079877093788,10.02847259067751
29.50325661837959,0.7499999999999984,812.0970006047701,0.5872607564118087,9.764852496537634
29.31485257597035,0.7499999999999993,810.4983399387673,0.499511523891645,9.940147420632831
28.55271724545568,0.749999999999999,813.6843209305355,0.418885222861297,9.767663831727702
28.55271724545568,0.749999999999999,813.6843209305355,0.418885222861297,9.767663831727702
28.55271724545568,0.749999999999999,813.6843209305355,0.418885222861297,9.767663831727702
28.96371202224984,0.7499999999999989,815.8282570450272,0.4524988255025051,9.775295672686259
28.96371202224984,0.7499999999999989,815.8282570450272,0.4524988255025051,9.775295672686259
28.96371202224984,0.7499999999999989,815.8282570450272,0.4524988255025051,9.775295672686259
30.321437199354925,0.7499999999999979,821.6226665799794,0.44863167747857174,9.885617106035747
30.097305787221963,0.7499999999999997,826.8917756898894,0.6210963491705723,9.972007083173287
29.919755261327662,0.749999999999999,833.660140312388,0.5404235373880152,10.079481279517145
29.919755261327662,0.749999999999999,833.660140312388,0.5404235373880152,10.079481279517145
29.091218103252597,0.7499999999999997,828.4492348395735,0.45933975759839424,9.97803533680038
29.091218103252597,0.7499999999999997,828.4492348395735,0.45933975759839424,9.97803533680038
29.1660862671746,0.7499999999999996,825.1111584653238,0.4126109406176955,9.847004464325414
30.261402001768445,0.7499999999999996,815.09919671385,0.42361967844830656,9.773457234366717
30.338350500040168,0.7499999999999991,805.1165361794627,0.4944412696625993,9.649944940080292
30.338350500040168,0.7499999999999991,805.1165361794627,0.4944412696625993,9.649944940080292
30.338350500040168,0.7499999999999991,805.1165361794627,0.4944412696625993,9.649944940080292
30.338350500040168,0.7499999999999991,805.1165361794627,0.4944412696625993,9.649944940080292
30.338350500040168,0.7499999999999991,805.1165361794627,0.4944412696625993,9.649944940080292
30.338350500040168,0.7499999999999991,805.1165361794627,0.4944412696625993,9.649944940080292
30.338350500040168,0.7499999999999991,805.1165361794627,0.4944412696625993,9.649944940080292
30.338350500040168,0.7499999999999991,805.1165361794627,0.4944412696625993,9.649944940080292
30.332897283461726,0.7499999999999989,806.8799094014691,0.4341516690830739,9.702387735531428
30.756518552240376,0.7499999999999991,814.390152058588,0.4461673369119391,9.803058222162894
29.67575034451695,0.7499999999999997,800.2183784256133,0.3715062278930395,9.70992408568946
29.67575034451695,0.7499999999999997,800.2183784256133,0.3715062278930395,9.70992408568946
29.67575034451695,0.7499999999999997,800.2183784256133,0.3715062278930395,9.70992408568946
29.67575034451695,0.7499999999999997,800.2183784256133,0.3715062278930395,9.70992408568946
30.093799859825094,0.7499999999999991,805.9876264266557,0.46125138442879027,9.985472391794891
30.093799859825094,0.7499999999999991,805.9876264266557,0.46125138442879027,9.985472391794891
29.55199763008384,0.7499999999999996,812.2897998928154,0.48085435639650514,9.97853153647029
29.55199763008384,0.7499999999999996,812.2897998928154,0.48085435639650514,9.97853153647029
29.55199763008384,0.7499999999999996,812.2897998928154,0.48085435639650514,9.97853153647029
29.55199763008384,0.7499999999999996,812.2897998928154,0.48085435639650514,9.97853153647029
29.55199763008384,0.7499999999999996,812.2897998928154,0.48085435639650514,9.97853153647029
29.55199763008384,0.7499999999999996,812.2897998928154,0.48085435639650514,9.97853153647029
29.55199763008384,0.7499999999999996,812.2897998928154,0.48085435639650514,9.97853153647029
29.55199763008384,0.7499999999999996,812.2897998928154,0.48085435639650514,9.97853153647029
30.001737463219936,0.7499999999999994,814.5887193577878,0.47079657471288355,9.830641881968194
30.716856935778054,0.7499999999999992,818.5941407471225,0.5505898801989833,9.92674062248362
30.716856935778054,0.7499999999999992,818.5941407471225,0.5505898801989833,9.92674062248362
30.208847519617663,0.7499999999999998,814.4345365405036,0.5824950437784647,9.865434452436912
29.117509975093927,0.7499999999999989,812.5617778480658,0.5329914510523979,9.880559156466617
29.79399873795159,0.7499999999999997,816.3971298738498,0.5281007607324968,9.838491775739561
29.712954011170783,0.7499999999999996,814.5133269910989,0.5606676523056157,10.036711401870331
29.712954011170783,0.7499999999999996,814.5133269910989,0.5606676523056157,10.036711401870331
29.562825681707846,0.7499999999999989,814.0096461209491,0.5234280497225768,9.94892488840261
28.98178686937653,0.7499999999999986,805.8895898309814,0.4424997247596952,9.687288620703708
30.019515936481053,0.7499999999999991,810.5281523357851,0.4750565543345225,9.877531128621026
29.930838974202622,0.7499999999999999,809.2831667189369,0.3742816703637091,9.684228900558335
29.578921181772838,0.7500000000000003,813.1649486667166,0.5273341019330482,9.684897459614243
29.300359572135488,0.7499999999999996,816.5510597156448,0.3977197172527267,9.690677574360668
29.300359572135488,0.7499999999999996,816.5510597156448,0.3977197172527267,9.690677574360668
30.07668321059545,0.7499999999999993,809.4963053381754,0.5474096990647291,9.693538568155239
30.07668321059545,0.7499999999999993,809.4963053381754,0.5474096990647291,9.693538568155239
30.07668321059545,0.7499999999999993,809.4963053381754,0.5474096990647291,9.693538568155239
30.07668321059545,0.7499999999999993,809.4963053381754,0.5474096990647291,9.693538568155239
29.113648757326512,0.7499999999999998,805.9626089761244,0.3523881677166143,9.527518314527649
29.113648757326512,0.7499999999999998,805.9626089761244,0.3523881677166143,9.527518314527649
29.113648757326512,0.7499999999999998,805.9626089761244,0.3523881677166143,9.527518314527649
30.231709352952393,0.7499999999999993,807.044945573944,0.4391503916330676,9.519744223031832
30.231709352952393,0.7499999999999993,807.044945573944,0.4391503916330676,9.519744223031832
29.44918290554624,0.7499999999999983,812.2996577954045,0.50785643244491,9.380006537125535
29.832948993357824,0.7499999999999997,807.467957770786,0.37766542846466156,9.569584295281297
29.832948993357824,0.7499999999999997,807.467957770786,0.37766542846466156,9.569584295281297
29.832948993357824,0.7499999999999997,807.467957770786,0.37766542846466156,9.569584295281297
29.832948993357824,0.7499999999999997,807.467957770786,0.37766542846466156,9.569584295281297
30.056086467844654,0.7499999999999999,805.4393222541161,0.5608966305549029,9.69434461696883
30.056086467844654,0.7499999999999999,805.4393222541161,0.5608966305549029,9.69434461696883
30.056086467844654,0.7499999999999999,805.4393222541161,0.5608966305549029,9.69434461696883
29.481945005386663,0.7499999999999981,800.8221570325409,0.37202806377050873,9.621630420599834
29.481945005386663,0.7499999999999981,800.8221570325409,0.37202806377050873,9.621630420599834
29.481945005386663,0.7499999999999981,800.8221570325409,0.37202806377050873,9.621630420599834
29.481945005386663,0.7499999999999981,800.8221570325409,0.37202806377050873,9.621630420599834
29.481945005386663,0.7499999999999981,800.8221570325409,0.37202806377050873,9.621630420599834
29.481945005386663,0.7499999999999981,800.8221570325409,0.37202806377050873,9.621630420599834
29.481945005386663,0.7499999999999981,800.8221570325409,0.37202806377050873,9.621630420599834
29.481945005386663,0.7499999999999981,800.8221570325409,0.37202806377050873,9.621630420599834
29.481945005386663,0.7499999999999981,800.8221570325409,0.37202806377050873,9.621630420599834
29.481945005386663,0.7499999999999981,800.8221570325409,0.37202806377050873,9.621630420599834
29.481945005386663,0.7499999999999981,800.8221570325409,0.37202806377050873,9.621630420599834
29.481945005386663,0.7499999999999981,800.8221570325409,0.37202806377050873,9.621630420599834
29.492376019784935,0.7499999999999994,809.2883407355876,0.485247174865721,9.81619896620378
29.55948559879835,0.7499999999999998,802.4557931948611,0.37656113879870884,9.663188351001773
30.35401120669293,0.7499999999999999,810.5580086628389,0.43953430229553975,9.779700570542786
28.96843732629042,0.7499999999999992,812.7520341012064,0.36656762214756045,9.744650865729753
29.592727669685157,0.7499999999999998,805.2803799904101,0.4083927430405283,9.907734399924049
30.708004810669006,0.7499999999999989,807.1675992766985,0.4370801985493442,9.841176171053661
31.16556127090651,0.7499999999999991,801.1640159580363,0.4864677239496792,9.702618723818134
31.16556127090651,0.7499999999999991,801.1640159580363,0.4864677239496792,9.702618723818134
31.32657741860654,0.7499999999999998,802.1617857920128,0.4445728184125067,9.69810267308869
30.409753988675266,0.7499999999999997,804.5833722179124,0.3903960696312062,9.811741435746223
29.178047212141433,0.7499999999999991,811.2136520994316,0.378280406609419,9.726886959741885
30.430920601675734,0.7499999999999993,809.7444349231872,0.4745664667325771,9.988597329959072
29.69928443284173,0.7499999999999997,803.1640840221096,0.38003968322617304,9.859787626283378
29.69928443284173,0.7499999999999997,803.1640840221096,0.38003968322617304,9.859787626283378
29.69928443284173,0.7499999999999997,803.1640840221096,0.38003968322617304,9.859787626283378
30.30630692376936,0.749999999999999,809.3017882850158,0.425164008539201,9.89630109826003
29.796411802693303,0.7499999999999982,814.6357074664401,0.4338535446018188,9.97016833088291
29.230962158702017,0.749999999999999,809.9329008386168,0.439905862317297,9.971516487093918
31.36572666564183,0.7499999999999989,807.1567108278708,0.5481203707676228,10.221308236340866
31.14885430708933,0.7499999999999999,809.2918271106079,0.5758782010490568,9.91329617667193
31.14885430708933,0.7499999999999999,809.2918271106079,0.5758782010490568,9.91329617667193
30.1214175768496,0.7499999999999996,803.9736361203624,0.3851800179863813,9.665049625476481
30.1214175768496,0.7499999999999996,803.9736361203624,0.3851800179863813,9.665049625476481
30.727752265730206,0.7499999999999991,809.5683819657111,0.4242368000362526,9.893084185108677
30.727752265730206,0.7499999999999991,809.5683819657111,0.4242368000362526,9.893084185108677
30.194601695636116,0.7499999999999999,802.8693763004976,0.36927820984619814,9.865085756931538
30.194601695636116,0.7499999999999999,802.8693763004976,0.36927820984619814,9.865085756931538
30.138529672454748,0.7499999999999987,798.6861150482594,0.4019289485356248,9.735219989062873
30.138529672454748,0.7499999999999987,798.6861150482594,0.4019289485356248,9.735219989062873
30.138529672454748,0.7499999999999987,798.6861150482594,0.4019289485356248,9.735219989062873
30.15339839335933,0.749999999999999,807.1069253576331,0.45716862379999096,9.95377650474046
29.64104834408793,0.7499999999999996,798.3754157753896,0.39364603436159135,9.789532977989277
29.64104834408793,0.7499999999999996,798.3754157753896,0.39364603436159135,9.789532977989277
28.93051906589654,0.7499999999999991,802.642672774866,0.3988734913791633,9.852045086673375
29.450599195846802,0.749999999999999,802.99273302663,0.37102749030638155,9.909609725215816
29.450599195846802,0.749999999999999,802.99273302663,0.37102749030638155,9.909609725215816
29.638340347583927,0.7499999999999994,804.2857916816549,0.45595085626112386,10.022474392626396
29.638340347583927,0.7499999999999994,804.2857916816549,0.45595085626112386,10.022474392626396
29.868015057322776,0.7500000000000001,804.824966313846,0.34951334868140554,9.702611999686365
29.868015057322776,0.7500000000000001,804.824966313846,0.34951334868140554,9.702611999686365
29.830050432111154,0.749999999999998,818.7895736598693,0.5845064471399832,9.914831557770597
27.871717947190046,0.7499999999999997,820.406519113657,0.5067760008200539,9.873017896991538
28.146975201362622,0.7499999999999993,814.3329678853604,0.4458923245633932,9.819258027655811
28.927858615538145,0.7499999999999998,819.6784262166584,0.5099064260546161,9.875491168790344
29.920856592239524,0.749999999999999,824.2953505928999,0.49470118683793357,10.09203996657285
29.920856592239524,0.749999999999999,824.2953505928999,0.49470118683793357,10.09203996657285
29.920856592239524,0.749999999999999,824.2953505928999,0.49470118683793357,10.09203996657285
29.920856592239524,0.749999999999999,824.2953505928999,0.49470118683793357,10.09203996657285
29.5620673997695,0.749999999999999,818.4678099595927,0.44095485158436015,9.988016063013788
29.266757592528965,0.7499999999999989,813.0460977769043,0.38548849204080793,9.958805232949363
29.462950683039338,0.7499999999999994,817.7018392495588,0.46219065075667437,9.890973339766012
29.462950683039338,0.7499999999999994,817.7018392495588,0.46219065075667437,9.890973339766012
29.462950683039338,0.7499999999999994,817.7018392495588,0.46219065075667437,9.890973339766012
30.632647990939617,0.7499999999999991,821.2768389243506,0.4590136479521115,10.039019571888236
30.632647990939617,0.7499999999999991,821.2768389243506,0.4590136479521115,10.039019571888236
28.761345633198804,0.7499999999999982,814.0845410305866,0.40379523099122316,9.76640887279819
28.808481572625613,0.749999999999999,819.05731772937,0.43488232597406645,9.690447936590772
28.722045913299038,0.7499999999999994,815.590418133748,0.4540306100195379,9.542572170622003
28.722045913299038,0.7499999999999994,815.590418133748,0.4540306100195379,9.542572170622003
29.631056267720854,0.7499999999999996,820.5905915954928,0.41829454391340976,9.766618924973747
30.421622488819857,0.7499999999999996,826.2996191295517,0.47930764491324757,9.873938938436714
29.94421102210502,0.7499999999999993,823.9909587275248,0.45906571573189514,9.972182098884243
29.736786685981016,0.7499999999999996,822.2097882990316,0.4625009228654309,9.941737959340992
29.81948102483711,0.749999999999998,820.0028100018151,0.5802364924864913,9.930012555530832
29.81948102483711,0.749999999999998,820.0028100018151,0.5802364924864913,9.930012555530832
29.47541694790756,0.7499999999999997,810.70981375384,0.3924846857361118,9.633225976444729
29.47541694790756,0.7499999999999997,810.70981375384,0.3924846857361118,9.633225976444729
29.47541694790756,0.7499999999999997,810.70981375384,0.3924846857361118,9.633225976444729
29.47541694790756,0.7499999999999997,810.70981375384,0.3924846857361118,9.633225976444729
29.503613832057972,0.7499999999999989,810.8952796036833,0.45524888871918223,9.662715800718289
29.994189219135585,0.7499999999999993,817.8754187858893,0.3748893912177302,9.54211131192531
29.529055343667032,0.7499999999999992,817.1266725812983,0.4134139519221531,9.621950116626806
29.492104837815152,0.7499999999999988,819.3944688170899,0.39989546039155877,9.540366618940288
29.992759909602317,0.7499999999999996,805.1112004946937,0.3286302804766999,9.415675114506792
29.303356553515826,0.7499999999999998,806.7912658839862,0.34361861795477794,9.376910918406193
30.502356813505628,0.7499999999999989,807.3274401589648,0.574457820687752,9.527924120759929
30.042032435389004,0.7499999999999993,803.8102719892325,0.45535392986289813,9.424308091807523
31.309427074753934,0.7499999999999996,813.455567434798,0.45382107107104014,9.577962206614288
32.30122278971458,0.7499999999999993,812.0424257696108,0.5035049274610482,9.536199812722506
31.010509004965144,0.7499999999999987,802.5256111805959,0.3886302970562461,9.53708446979977
31.51490575787449,0.7499999999999991,812.3565454525263,0.4451498784151165,9.7631449613859
31.51490575787449,0.7499999999999991,812.3565454525263,0.4451498784151165,9.7631449613859
30.722867634909264,0.7499999999999997,803.9469509161759,0.45314347266423366,9.696807017512231
30.722867634909264,0.7499999999999997,803.9469509161759,0.45314347266423366,9.696807017512231
30.722867634909264,0.7499999999999997,803.9469509161759,0.45314347266423366,9.696807017512231
30.10823152690588,0.7499999999999994,807.3352701953754,0.4069050271837636,9.908808810363016
30.263719397899468,0.7499999999999999,807.657412108279,0.41587601735937973,9.914684001647988
30.81184911423935,0.7499999999999998,806.8547221752127,0.5030580983386858,10.049639653427397
30.93840493753052,0.7499999999999983,809.139263576263,0.4299230568483804,10.042421314513202
30.93840493753052,0.7499999999999983,809.139263576263,0.4299230568483804,10.042421314513202
29.59572603785097,0.7500000000000003,819.8814671665243,0.4136321652454093,9.925784661654935
29.010058448103642,0.75,818.3602689516508,0.4219161330601517,10.136489330791747
29.010058448103642,0.75,818.3602689516508,0.4219161330601517,10.136489330791747
29.28087367526854,0.7500000000000002,821.9717372173372,0.45250397284261185,10.125858676014094
28.84701916553621,0.75,818.8223071146402,0.41247989090124243,9.976444752331682
29.167445365391007,0.7499999999999977,812.936943819864,0.4469573306810089,10.068128660487213
28.56049197624455,0.7499999999999992,813.7854758883467,0.3986621059126019,10.106841421712483
28.768578982389005,0.7499999999999996,808.2331051903373,0.42039426825583787,9.825142527466676
28.768578982389005,0.7499999999999996,808.2331051903373,0.42039426825583787,9.825142527466676
28.768578982389005,0.7499999999999996,808.2331051903373,0.42039426825583787,9.825142527466676
30.365142923453384,0.7499999999999963,811.9841344044767,0.485622021342421,10.086616950927837
30.838847123750668,0.75,806.3602619217683,0.47630759150273155,9.93816056290576
31.047371795447646,0.7499999999999996,807.506204251609,0.4966093643289549,10.036681143083777
31.631719474963802,0.7499999999999987,800.8528393151558,0.528745099268118,9.968060378459239
31.754318939869997,0.7500000000000001,797.009308429878,0.4292913533414635,9.871884616782944
30.30289552452824,0.7499999999999991,807.0006936709908,0.43639228980583566,9.823792325858758
29.822714265984292,0.7499999999999997,803.0990491371123,0.37647476558422577,9.622222195473933
29.822714265984292,0.7499999999999997,803.0990491371123,0.37647476558422577,9.622222195473933
29.822714265984292,0.7499999999999997,803.0990491371123,0.37647476558422577,9.622222195473933
28.895907300191897,0.7499999999999989,810.8611840271983,0.37419588455667396,9.703764564410216
29.165952810312927,0.7499999999999993,810.2541004307474,0.3862201319350288,9.70391651909037
28.730300797511727,0.7499999999999996,810.9019298424362,0.37332285572590546,9.643954426838917
28.81321017749329,0.7499999999999981,803.6656510439055,0.35712388526204,9.653405701481486
28.81321017749329,0.7499999999999981,803.6656510439055,0.35712388526204,9.653405701481486
29.440087287529916,0.749999999999999,808.654221080178,0.5062963576246461,9.792819599759948
28.986499624920054,0.7499999999999994,815.2452238944156,0.40506121556687896,9.897208996054374
29.060003373130318,0.7499999999999987,818.6427221013727,0.47467632534999543,9.916680649726436
28.87223267399817,0.7499999999999993,820.2154340612029,0.45238008854923933,10.084709354662138
30.138591536434348,0.7499999999999978,819.1160731069731,0.48751892279020687,10.299255664459826
29.696180474125455,0.7499999999999991,819.6497964796249,0.4304976595568614,10.004763374763655
29.990473836980243,0.7499999999999984,818.2321668203914,0.6090166475325691,10.091413754293857
29.990473836980243,0.7499999999999984,818.2321668203914,0.6090166475325691,10.091413754293857
30.132374200949997,0.7499999999999992,816.5543134336111,0.4402459298557506,9.889163904765422
31.067189334238055,0.7499999999999993,815.0746096238367,0.46049778616174275,9.965489253459157
29.910082874133188,0.7499999999999993,811.9148649136554,0.426708017911636,9.898424074038179
29.444257600313627,0.7499999999999986,806.9070390525577,0.36156868086079746,9.668060519454773
29.444257600313627,0.7499999999999986,806.9070390525577,0.36156868086079746,9.668060519454773
30.08869917260623,0.7499999999999998,815.7679688257745,0.4239239699214287,9.8693374168102
30.195909654353855,0.7499999999999987,815.0647132534352,0.39127930991112786,9.829385965418362
30.909551983000114,0.7499999999999998,813.4796595179646,0.46986600028108727,9.647297561625717
30.909551983000114,0.7499999999999998,813.4796595179646,0.46986600028108727,9.647297561625717
30.230226113011398,0.7499999999999998,814.5821917242004,0.4608009461955962,9.57722200304712
29.915615852658455,0.7499999999999993,805.4616971970087,0.6143947666560363,9.517207688289513
29.661822110188716,0.749999999999998,797.8380554195143,0.4704565925216501,9.396194958436336
29.288383582817488,0.7499999999999994,801.7052633393207,0.41622632596150205,9.560874782576771
29.288383582817488,0.7499999999999994,801.7052633393207,0.41622632596150205,9.560874782576771
29.288383582817488,0.7499999999999994,801.7052633393207,0.41622632596150205,9.560874782576771
30.050119094987394,0.7499999999999968,810.3494995970033,0.49502794947985773,9.658225981182625
29.686936591295712,0.7499999999999993,805.9839000899829,0.4317893252157928,9.823765025543224
29.41375487151464,0.7499999999999993,805.6448086736312,0.41770242473514557,9.803015883042908
29.41375487151464,0.7499999999999993,805.6448086736312,0.41770242473514557,9.803015883042908
29.41375487151464,0.7499999999999993,805.6448086736312,0.41770242473514557,9.803015883042908
29.41375487151464,0.7499999999999993,805.6448086736312,0.41770242473514557,9.803015883042908
30.53689708360498,0.7499999999999989,805.1121114555319,0.449185719563225,9.912062698901854
30.53689708360498,0.7499999999999989,805.1121114555319,0.449185719563225,9.912062698901854
30.53689708360498,0.7499999999999989,805.1121114555319,0.449185719563225,9.912062698901854
30.197721707826638,0.749999999999999,808.6608006575576,0.4834368927355101,9.746009281472022
30.197721707826638,0.749999999999999,808.6608006575576,0.4834368927355101,9.746009281472022
30.197721707826638,0.749999999999999,808.6608006575576,0.4834368927355101,9.746009281472022
29.666955298010567,0.7499999999999994,816.1502709057928,0.49982847729396834,9.637767057977694
29.116456383643733,0.7499999999999989,817.9885123506715,0.4804473505509106,9.763112816845148
29.116456383643733,0.7499999999999989,817.9885123506715,0.4804473505509106,9.763112816845148
28.633152110000367,0.7499999999999987,820.9903523090321,0.5042456548863125,9.688238137705076
29.575866232763932,0.7499999999999999,822.927669766543,0.5701126696411937,9.695171211840975
30.004104565242873,0.7499999999999982,821.8982276991585,0.5776075982202978,9.985469908888053
31.153319334116397,0.7500000000000001,826.5386887234487,0.604190817165673,10.345461973358642
31.153319334116397,0.7500000000000001,826.5386887234487,0.604190817165673,10.345461973358642
30.91313770678511,0.7499999999999982,817.1224361336212,0.6497476745903551,10.07619778113337
30.944913979103028,0.749999999999998,811.5004981145967,0.49132364231650194,9.85431470801775
30.50115589139447,0.7499999999999988,810.6913096561252,0.4162503246406242,9.752389879854997
30.50115589139447,0.7499999999999988,810.6913096561252,0.4162503246406242,9.752389879854997
30.50115589139447,0.7499999999999988,810.6913096561252,0.4162503246406242,9.752389879854997
30.618895909475054,0.7499999999999996,810.854195992222,0.5366779474681059,9.687134229758573
30.618895909475054,0.7499999999999996,810.854195992222,0.5366779474681059,9.687134229758573
30.21818694700624,0.7499999999999988,809.1913877253662,0.5453539520721183,9.608964770786992
30.21818694700624,0.7499999999999988,809.1913877253662,0.5453539520721183,9.608964770786992
30.21818694700624,0.7499999999999988,809.1913877253662,0.5453539520721183,9.608964770786992
29.42690909177142,0.7499999999999996,815.542019683609,0.5455398438001188,9.484821146648253
29.029316708347483,0.7499999999999994,805.9442569228084,0.3935335675184345,9.383297018948152
29.309248430768736,0.7499999999999986,811.1700464374717,0.4301863866040756,9.400342520552034
29.539789108485657,0.7499999999999994,806.7894353529233,0.42253470710648755,9.458416776958027
29.539789108485657,0.7499999999999994,806.7894353529233,0.42253470710648755,9.458416776958027
29.539789108485657,0.7499999999999994,806.7894353529233,0.42253470710648755,9.458416776958027
29.245048246801005,0.75,806.9984502784522,0.3641921315478422,9.579111574495599
29.960142460559403,0.7499999999999996,807.8153730358347,0.4200366346953265,9.662386219408507
30.576291602521263,0.7499999999999996,817.670645515129,0.4932956353385931,9.666144338535602
30.576291602521263,0.7499999999999996,817.670645515129,0.4932956353385931,9.666144338535602
30.544921400558064,0.7499999999999993,809.8752965896557,0.5276688163276214,9.644305608509361
30.544921400558064,0.7499999999999993,809.8752965896557,0.5276688163276214,9.644305608509361
29.30479141452262,0.7499999999999999,812.6035715743673,0.44249307132205346,9.636300433718953
29.30479141452262,0.7499999999999999,812.6035715743673,0.44249307132205346,9.636300433718953
29.30479141452262,0.7499999999999999,812.6035715743673,0.44249307132205346,9.636300433718953
29.30479141452262,0.7499999999999999,812.6035715743673,0.44249307132205346,9.636300433718953
29.30479141452262,0.7499999999999999,812.6035715743673,0.44249307132205346,9.636300433718953
28.968933388392102,0.7499999999999989,815.9737224295336,0.4511080825843663,9.820271891513318
28.968933388392102,0.7499999999999989,815.9737224295336,0.4511080825843663,9.820271891513318
28.152769913911182,0.7499999999999988,816.4027464758176,0.3943954461983916,9.769929019777795
30.188664729879424,0.7500000000000003,822.6783866390771,0.5440719213883514,10.032737008327976
30.236309121490425,0.7499999999999991,817.6989603425502,0.5103304713647129,9.769581160364755
30.090471971542424,0.7499999999999997,819.9929510206061,0.5371235001254528,9.845701035040577
30.090471971542424,0.7499999999999997,819.9929510206061,0.5371235001254528,9.845701035040577
30.090471971542424,0.7499999999999997,819.9929510206061,0.5371235001254528,9.845701035040577
29.749026320919047,0.7499999999999998,816.5649236632063,0.5154688538362849,9.908677716191832
29.749026320919047,0.7499999999999998,816.5649236632063,0.5154688538362849,9.908677716191832
30.266277370572407,0.7499999999999999,820.1105903981717,0.5567435648323754,9.939936864364284
30.266277370572407,0.7499999999999999,820.1105903981717,0.5567435648323754,9.939936864364284
30.266277370572407,0.7499999999999999,820.1105903981717,0.5567435648323754,9.939936864364284
30.54304952166009,0.7499999999999978,810.0366964395072,0.5208062866825661,9.997010058210284
30.77203494021286,0.749999999999999,814.6479890043244,0.49755732361256744,10.011011003608434
30.77203494021286,0.749999999999999,814.6479890043244,0.49755732361256744,10.011011003608434
30.55137717751086,0.7499999999999997,813.6797454207428,0.4266131503912846,9.814627688150887
30.55137717751086,0.7499999999999997,813.6797454207428,0.4266131503912846,9.814627688150887
28.84076763079408,0.7499999999999976,805.0851887876255,0.48505248262146916,9.669514881690052
30.34449037574169,0.75,808.6736709414777,0.5509868155639356,9.808989952888883
30.205681098597505,0.7500000000000001,804.0229994671414,0.5313388807762603,9.765618882055128
30.205681098597505,0.7500000000000001,804.0229994671414,0.5313388807762603,9.765618882055128
29.85220648774148,0.7499999999999982,811.4225198495924,0.46470035793708964,9.6983858092828
29.8901434408495,0.7499999999999988,814.617228309203,0.5148406748120671,9.872498192542562
29.119297211494647,0.7499999999999997,815.2038522711191,0.42525830590912156,9.678854311029252
28.899378189436465,0.7499999999999989,819.29443090268,0.39929492228286784,9.627009792794269
28.08230224134435,0.749999999999999,821.9284280870952,0.4063391989844039,9.576523631348403
27.63385690848376,0.7499999999999996,818.9246051897603,0.40778204729110173,9.653927347533136
28.03521262465333,0.7499999999999997,820.8866846845319,0.41664115481066094,9.897567919661352
28.03521262465333,0.7499999999999997,820.8866846845319,0.41664115481066094,9.897567919661352
27.994172733318806,0.7499999999999993,808.172312271143,0.3317804164400565,9.585368241125346
28.467056903225096,0.7499999999999989,801.8220818112877,0.38391475438299427,9.536300652566855
28.467056903225096,0.7499999999999989,801.8220818112877,0.38391475438299427,9.536300652566855
28.467056903225096,0.7499999999999989,801.8220818112877,0.38391475438299427,9.536300652566855
28.467056903225096,0.7499999999999989,801.8220818112877,0.38391475438299427,9.536300652566855
28.467056903225096,0.7499999999999989,801.8220818112877,0.38391475438299427,9.536300652566855
28.467056903225096,0.7499999999999989,801.8220818112877,0.38391475438299427,9.536300652566855
