logdet_Q,lambda_min_Q,Phi,rel_W_error,test_nll
30.80818612251583,0.749999999999999,813.1982017325887,0.623425213039377,9.751443584386413
30.911898533000112,0.75,814.5773515598557,0.5977477706072888,9.7719962980028
30.911898533000112,0.75,814.5773515598557,0.5977477706072888,9.7719962980028
30.911898533000112,0.75,814.5773515598557,0.5977477706072888,9.7719962980028
30.781615569177482,0.7499999999999986,815.0631956802647,0.5608196551225583,9.743823774528455
30.635517903540688,0.7499999999999983,814.7904565938398,0.5453587564298872,9.728360340024045
30.635517903540688,0.7499999999999983,814.7904565938398,0.5453587564298872,9.728360340024045
30.635517903540688,0.7499999999999983,814.7904565938398,0.5453587564298872,9.728360340024045
30.28980572582976,0.7499999999999974,814.1721756630335,0.5188180317687294,9.749756258359648
30.28980572582976,0.7499999999999974,814.1721756630335,0.5188180317687294,9.749756258359648
30.28980572582976,0.7499999999999974,814.1721756630335,0.5188180317687294,9.749756258359648
30.28980572582976,0.7499999999999974,814.1721756630335,0.5188180317687294,9.749756258359648
30.28980572582976,0.7499999999999974,814.1721756630335,0.5188180317687294,9.749756258359648
30.30153863850506,0.7499999999999986,813.4174446348842,0.519559047377437,9.775727708028436
30.562231367828705,0.7499999999999997,812.629403585259,0.5304878763302417,9.771634992084605
30.675766692192095,0.7499999999999984,811.8128881389598,0.5084575935020831,9.812169797602525
30.675766692192095,0.7499999999999984,811.8128881389598,0.5084575935020831,9.812169797602525
30.675766692192095,0.7499999999999984,811.8128881389598,0.5084575935020831,9.812169797602525
30.5842946535275,0.7499999999999997,812.9422799271499,0.49132663615336836,9.755773087826814
30.5842946535275,0.7499999999999997,812.9422799271499,0.49132663615336836,9.755773087826814
30.435828261922765,0.7499999999999993,810.3139133880487,0.446502385945153,9.712799970159216
30.435828261922765,0.7499999999999993,810.3139133880487,0.446502385945153,9.712799970159216
30.489641800280722,0.7499999999999989,812.1218278965948,0.44980154334322137,9.738921014234146
30.489641800280722,0.7499999999999989,812.1218278965948,0.44980154334322137,9.738921014234146
30.489641800280722,0.7499999999999989,812.1218278965948,0.44980154334322137,9.738921014234146
30.489641800280722,0.7499999999999989,812.1218278965948,0.44980154334322137,9.738921014234146
30.489641800280722,0.7499999999999989,812.1218278965948,0.44980154334322137,9.738921014234146
30.489641800280722,0.7499999999999989,812.1218278965948,0.44980154334322137,9.738921014234146
30.491416253961585,0.7499999999999988,812.6431678369668,0.4649106815703481,9.758883592444345
30.38404239655604,0.7499999999999998,811.9862462642352,0.463333344793519,9.743053946064219
30.38404239655604,0.7499999999999998,811.9862462642352,0.463333344793519,9.743053946064219
30.38404239655604,0.7499999999999998,811.9862462642352,0.463333344793519,9.743053946064219
30.38404239655604,0.7499999999999998,811.9862462642352,0.463333344793519,9.743053946064219
30.38404239655604,0.7499999999999998,811.9862462642352,0.463333344793519,9.743053946064219
30.38404239655604,0.7499999999999998,811.9862462642352,0.463333344793519,9.743053946064219
30.38404239655604,0.7499999999999998,811.9862462642352,0.463333344793519,9.743053946064219
30.38404239655604,0.7499999999999998,811.9862462642352,0.463333344793519,9.743053946064219
30.38404239655604,0.7499999999999998,811.9862462642352,0.463333344793519,9.743053946064219
30.38404239655604,0.7499999999999998,811.9862462642352,0.463333344793519,9.743053946064219
30.38404239655604,0.7499999999999998,811.9862462642352,0.463333344793519,9.743053946064219
30.38404239655604,0.7499999999999998,811.9862462642352,0.463333344793519,9.743053946064219
30.402075664940725,0.7499999999999993,811.8145397625681,0.4562522723129274,9.727955417908799
30.402075664940725,0.7499999999999993,811.8145397625681,0.4562522723129274,9.727955417908799
30.402075664940725,0.7499999999999993,811.8145397625681,0.4562522723129274,9.727955417908799
30.402075664940725,0.7499999999999993,811.8145397625681,0.4562522723129274,9.727955417908799
30.402075664940725,0.7499999999999993,811.8145397625681,0.4562522723129274,9.727955417908799
30.402075664940725,0.7499999999999993,811.8145397625681,0.4562522723129274,9.727955417908799
30.402075664940725,0.7499999999999993,811.8145397625681,0.4562522723129274,9.727955417908799
30.402075664940725,0.7499999999999993,811.8145397625681,0.4562522723129274,9.727955417908799
30.40017219400681,0.7499999999999992,810.6308568218907,0.46784812232592327,9.708923371201738
30.533318845160714,0.7499999999999989,812.3102309412495,0.4552459590593866,9.711745342153502
30.533318845160714,0.7499999999999989,812.3102309412495,0.4552459590593866,9.711745342153502
30.533318845160714,0.7499999999999989,812.3102309412495,0.4552459590593866,9.711745342153502
30.533318845160714,0.7499999999999989,812.3102309412495,0.4552459590593866,9.711745342153502
30.533318845160714,0.7499999999999989,812.3102309412495,0.4552459590593866,9.711745342153502
30.533318845160714,0.7499999999999989,812.3102309412495,0.4552459590593866,9.711745342153502
30.533318845160714,0.7499999999999989,812.3102309412495,0.4552459590593866,9.711745342153502
30.566619032498043,0.749999999999999,812.3645124401872,0.47221571965921455,9.730521286464546
30.566619032498043,0.749999999999999,812.3645124401872,0.47221571965921455,9.730521286464546
30.61619446843215,0.7499999999999988,813.5660007092505,0.4861470766779711,9.793674961508142
30.61619446843215,0.7499999999999988,813.5660007092505,0.4861470766779711,9.793674961508142
30.574241760703313,0.7499999999999993,812.2919667966416,0.4592317072743591,9.729381671714773
30.574241760703313,0.7499999999999993,812.2919667966416,0.4592317072743591,9.729381671714773
30.431632893941085,0.75,813.5504538714746,0.48522273860691406,9.769816907699559
30.431632893941085,0.75,813.5504538714746,0.48522273860691406,9.769816907699559
30.431632893941085,0.75,813.5504538714746,0.48522273860691406,9.769816907699559
30.431632893941085,0.75,813.5504538714746,0.48522273860691406,9.769816907699559
30.431632893941085,0.75,813.5504538714746,0.48522273860691406,9.769816907699559
30.431632893941085,0.75,813.5504538714746,0.48522273860691406,9.769816907699559
30.431632893941085,0.75,813.5504538714746,0.48522273860691406,9.769816907699559
30.490063981111113,0.7499999999999988,811.4528777962212,0.49128125214810175,9.711013457935039
30.408825193098075,0.7499999999999999,808.8912472887863,0.4463389586459072,9.68946116543716
30.595322020684502,0.7499999999999997,813.5211110870071,0.5087475912064807,9.766026427488914
30.752132755103787,0.7499999999999981,813.5363859559403,0.5160345613726572,9.746263558794587
30.752132755103787,0.7499999999999981,813.5363859559403,0.5160345613726572,9.746263558794587
30.752132755103787,0.7499999999999981,813.5363859559403,0.5160345613726572,9.746263558794587
30.79428474753568,0.7499999999999989,815.5238097109398,0.5275195628408716,9.777302431695464
30.79428474753568,0.7499999999999989,815.5238097109398,0.5275195628408716,9.777302431695464
30.79428474753568,0.7499999999999989,815.5238097109398,0.5275195628408716,9.777302431695464
30.79428474753568,0.7499999999999989,815.5238097109398,0.5275195628408716,9.777302431695464
30.79428474753568,0.7499999999999989,815.5238097109398,0.5275195628408716,9.777302431695464
30.79428474753568,0.7499999999999989,815.5238097109398,0.5275195628408716,9.777302431695464
30.79428474753568,0.7499999999999989,815.5238097109398,0.5275195628408716,9.777302431695464
30.70685563269881,0.7500000000000001,813.8970991769116,0.5167458525028105,9.749440259872282
30.70685563269881,0.7500000000000001,813.8970991769116,0.5167458525028105,9.749440259872282
30.70685563269881,0.7500000000000001,813.8970991769116,0.5167458525028105,9.749440259872282
30.54478709334204,0.7499999999999997,814.0484179890339,0.47250441605618343,9.745532905531823
30.54478709334204,0.7499999999999997,814.0484179890339,0.47250441605618343,9.745532905531823
30.898862920123214,0.7499999999999997,813.4626286603408,0.49835359921330513,9.755157491590854
30.898862920123214,0.7499999999999997,813.4626286603408,0.49835359921330513,9.755157491590854
31.130353959953773,0.75,813.3858519164074,0.5093310767473596,9.776204045927894
31.258356409062923,0.7499999999999994,810.8031191774207,0.49887832760945583,9.702256097776
31.258356409062923,0.7499999999999994,810.8031191774207,0.49887832760945583,9.702256097776
31.258356409062923,0.7499999999999994,810.8031191774207,0.49887832760945583,9.702256097776
31.048853957935812,0.7499999999999997,809.0452345639186,0.4988343877391533,9.679080803542126
31.23593268306121,0.7499999999999993,809.0515439179633,0.4963331391266925,9.671828987189034
31.23593268306121,0.7499999999999993,809.0515439179633,0.4963331391266925,9.671828987189034
31.23593268306121,0.7499999999999993,809.0515439179633,0.4963331391266925,9.671828987189034
31.4465699709003,0.7499999999999978,807.5979269045258,0.48013294234638665,9.67303306932726
31.4465699709003,0.7499999999999978,807.5979269045258,0.48013294234638665,9.67303306932726
31.37525230049743,0.7499999999999996,806.5434421678939,0.5115588053326516,9.659118099810831
31.37525230049743,0.7499999999999996,806.5434421678939,0.5115588053326516,9.659118099810831
31.37525230049743,0.7499999999999996,806.5434421678939,0.5115588053326516,9.659118099810831
31.481529014824073,0.7499999999999978,807.9010758963784,0.5200129961331609,9.616604261603772
31.481529014824073,0.7499999999999978,807.9010758963784,0.5200129961331609,9.616604261603772
31.481529014824073,0.7499999999999978,807.9010758963784,0.5200129961331609,9.616604261603772
31.481529014824073,0.7499999999999978,807.9010758963784,0.5200129961331609,9.616604261603772
31.481529014824073,0.7499999999999978,807.9010758963784,0.5200129961331609,9.616604261603772
31.35793455967763,0.7499999999999998,810.3638326547423,0.5045886899758834,9.635458782866763
31.35793455967763,0.7499999999999998,810.3638326547423,0.5045886899758834,9.635458782866763
31.35793455967763,0.7499999999999998,810.3638326547423,0.5045886899758834,9.635458782866763
31.35793455967763,0.7499999999999998,810.3638326547423,0.5045886899758834,9.635458782866763
31.251447307314823,0.7500000000000001,808.0755309369879,0.5247278762231128,9.634215577986023
31.26705525883717,0.7499999999999997,807.565951484033,0.5462078317587709,9.638115860116287
31.26705525883717,0.7499999999999997,807.565951484033,0.5462078317587709,9.638115860116287
31.26705525883717,0.7499999999999997,807.565951484033,0.5462078317587709,9.638115860116287
31.26705525883717,0.7499999999999997,807.565951484033,0.5462078317587709,9.638115860116287
31.26705525883717,0.7499999999999997,807.565951484033,0.5462078317587709,9.638115860116287
31.391516002909803,0.7500000000000002,809.3544818484435,0.6066911280631593,9.691583805385411
31.391516002909803,0.7500000000000002,809.3544818484435,0.6066911280631593,9.691583805385411
31.391516002909803,0.7500000000000002,809.3544818484435,0.6066911280631593,9.691583805385411
31.391516002909803,0.7500000000000002,809.3544818484435,0.6066911280631593,9.691583805385411
31.499743887845728,0.7499999999999987,809.9612538007606,0.5855676690951347,9.70589419459346
31.375330498726534,0.7499999999999997,808.4966536092883,0.5888479103537749,9.668497486134566
31.375330498726534,0.7499999999999997,808.4966536092883,0.5888479103537749,9.668497486134566
31.375330498726534,0.7499999999999997,808.4966536092883,0.5888479103537749,9.668497486134566
31.375330498726534,0.7499999999999997,808.4966536092883,0.5888479103537749,9.668497486134566
31.375330498726534,0.7499999999999997,808.4966536092883,0.5888479103537749,9.668497486134566
31.375330498726534,0.7499999999999997,808.4966536092883,0.5888479103537749,9.668497486134566
31.375330498726534,0.7499999999999997,808.4966536092883,0.5888479103537749,9.668497486134566
31.375330498726534,0.7499999999999997,808.4966536092883,0.5888479103537749,9.668497486134566
31.375330498726534,0.7499999999999997,808.4966536092883,0.5888479103537749,9.668497486134566
31.375330498726534,0.7499999999999997,808.4966536092883,0.5888479103537749,9.668497486134566
31.375330498726534,0.7499999999999997,808.4966536092883,0.5888479103537749,9.668497486134566
31.375330498726534,0.7499999999999997,808.4966536092883,0.5888479103537749,9.668497486134566
31.255918276312027,0.7499999999999998,810.0813978989296,0.6159349428339604,9.655360652560594
30.92723134920367,0.7499999999999974,806.4606705241893,0.5465055526173419,9.620956143329542
30.92723134920367,0.7499999999999974,806.4606705241893,0.5465055526173419,9.620956143329542
30.92723134920367,0.7499999999999974,806.4606705241893,0.5465055526173419,9.620956143329542
30.92723134920367,0.7499999999999974,806.4606705241893,0.5465055526173419,9.620956143329542
30.92723134920367,0.7499999999999974,806.4606705241893,0.5465055526173419,9.620956143329542
30.82919438603481,0.7499999999999991,804.571839393378,0.5036138981780773,9.61237562968283
30.82919438603481,0.7499999999999991,804.571839393378,0.5036138981780773,9.61237562968283
30.82919438603481,0.7499999999999991,804.571839393378,0.5036138981780773,9.61237562968283
30.807113212611917,0.749999999999998,803.5611400591008,0.48731838877958167,9.59913451166253
30.807113212611917,0.749999999999998,803.5611400591008,0.48731838877958167,9.59913451166253
30.807113212611917,0.749999999999998,803.5611400591008,0.48731838877958167,9.59913451166253
30.773064663045776,0.7499999999999979,802.3316547441456,0.4641533917299796,9.566916059466791
30.773064663045776,0.7499999999999979,802.3316547441456,0.4641533917299796,9.566916059466791
30.73375465033767,0.7499999999999997,800.2679685389603,0.44972201157200725,9.544142904765792
30.73375465033767,0.7499999999999997,800.2679685389603,0.44972201157200725,9.544142904765792
30.73375465033767,0.7499999999999997,800.2679685389603,0.44972201157200725,9.544142904765792
30.71768692501575,0.7499999999999997,799.7534746610312,0.4784958437761627,9.540249361646019
30.71768692501575,0.7499999999999997,799.7534746610312,0.4784958437761627,9.540249361646019
30.675785621207996,0.7499999999999997,801.5302738118229,0.4758078429029376,9.54969618215784
30.675785621207996,0.7499999999999997,801.5302738118229,0.4758078429029376,9.54969618215784
30.675785621207996,0.7499999999999997,801.5302738118229,0.4758078429029376,9.54969618215784
30.892830233459122,0.7499999999999989,802.3267050663293,0.45663089679791147,9.620017286666092
30.892830233459122,0.7499999999999989,802.3267050663293,0.45663089679791147,9.620017286666092
30.844594697597326,0.749999999999999,801.4036370565501,0.4611328100316838,9.554804506639107
30.91750791192465,0.7499999999999996,801.8846693636627,0.46436647281456284,9.567241236708762
30.91750791192465,0.7499999999999996,801.8846693636627,0.46436647281456284,9.567241236708762
30.91750791192465,0.7499999999999996,801.8846693636627,0.46436647281456284,9.567241236708762
30.71253233933652,0.7499999999999998,800.7979667177907,0.43040780360785275,9.526968615733457
30.71253233933652,0.7499999999999998,800.7979667177907,0.43040780360785275,9.526968615733457
30.71253233933652,0.7499999999999998,800.7979667177907,0.43040780360785275,9.526968615733457
30.71253233933652,0.7499999999999998,800.7979667177907,0.43040780360785275,9.526968615733457
30.710994810064157,0.7499999999999989,801.7666241646378,0.4422232100655728,9.522310639016883
30.710994810064157,0.7499999999999989,801.7666241646378,0.4422232100655728,9.522310639016883
30.603544696267512,0.7499999999999986,804.3473564376935,0.42478294772924097,9.50021732841511
30.603544696267512,0.7499999999999986,804.3473564376935,0.42478294772924097,9.50021732841511
30.603544696267512,0.7499999999999986,804.3473564376935,0.42478294772924097,9.50021732841511
30.603544696267512,0.7499999999999986,804.3473564376935,0.42478294772924097,9.50021732841511
30.603544696267512,0.7499999999999986,804.3473564376935,0.42478294772924097,9.50021732841511
30.66214967513865,0.7499999999999991,804.64949349231,0.4496582370474354,9.520496819734271
30.62489026081943,0.7499999999999999,805.254388824851,0.4541953041853511,9.537527583724588
30.71704910857182,0.7499999999999992,804.813941752184,0.4636277327433165,9.59875280666024
30.665812312744944,0.7499999999999984,804.3885122650662,0.45172949587313477,9.608085922468831
30.929904822519667,0.7499999999999997,804.9179148131434,0.4504443650370714,9.587746569161382
30.929904822519667,0.7499999999999997,804.9179148131434,0.4504443650370714,9.587746569161382
30.929904822519667,0.7499999999999997,804.9179148131434,0.4504443650370714,9.587746569161382
30.929904822519667,0.7499999999999997,804.9179148131434,0.4504443650370714,9.587746569161382
30.929904822519667,0.7499999999999997,804.9179148131434,0.4504443650370714,9.587746569161382
30.929904822519667,0.7499999999999997,804.9179148131434,0.4504443650370714,9.587746569161382
30.62577490459957,0.7499999999999997,802.4587430755478,0.41501224958746,9.521826136333502
30.62577490459957,0.7499999999999997,802.4587430755478,0.41501224958746,9.521826136333502
30.62577490459957,0.7499999999999997,802.4587430755478,0.41501224958746,9.521826136333502
30.62577490459957,0.7499999999999997,802.4587430755478,0.41501224958746,9.521826136333502
30.90050342088752,0.7499999999999996,803.5846320486772,0.4571157664677023,9.543408606315532
30.90050342088752,0.7499999999999996,803.5846320486772,0.4571157664677023,9.543408606315532
30.90050342088752,0.7499999999999996,803.5846320486772,0.4571157664677023,9.543408606315532
30.90050342088752,0.7499999999999996,803.5846320486772,0.4571157664677023,9.543408606315532
30.895609819284264,0.7499999999999987,803.6792109942241,0.47688173559252983,9.509940710269777
30.895609819284264,0.7499999999999987,803.6792109942241,0.47688173559252983,9.509940710269777
30.994033066915975,0.7499999999999993,805.234957533369,0.4996541490640896,9.549385030827484
31.097711477769064,0.7499999999999987,807.706699218742,0.5311696608275611,9.57115325335964
31.097711477769064,0.7499999999999987,807.706699218742,0.5311696608275611,9.57115325335964
31.116247689478794,0.7499999999999998,810.5506981065236,0.5345371765624998,9.606888470273713
31.319907558690765,0.7499999999999989,811.9964728535708,0.5512252040560529,9.656094837203787
31.319907558690765,0.7499999999999989,811.9964728535708,0.5512252040560529,9.656094837203787
31.319907558690765,0.7499999999999989,811.9964728535708,0.5512252040560529,9.656094837203787
31.319907558690765,0.7499999999999989,811.9964728535708,0.5512252040560529,9.656094837203787
31.319907558690765,0.7499999999999989,811.9964728535708,0.5512252040560529,9.656094837203787
31.319907558690765,0.7499999999999989,811.9964728535708,0.5512252040560529,9.656094837203787
31.319907558690765,0.7499999999999989,811.9964728535708,0.5512252040560529,9.656094837203787
31.319907558690765,0.7499999999999989,811.9964728535708,0.5512252040560529,9.656094837203787
31.28665514020571,0.7499999999999993,813.6823154848919,0.553453330703522,9.622689449905852
31.370271470648287,0.7499999999999998,818.0099216155943,0.5721223151620208,9.677563965268371
31.370271470648287,0.7499999999999998,818.0099216155943,0.5721223151620208,9.677563965268371
31.370271470648287,0.7499999999999998,818.0099216155943,0.5721223151620208,9.677563965268371
31.370271470648287,0.7499999999999998,818.0099216155943,0.5721223151620208,9.677563965268371
31.370271470648287,0.7499999999999998,818.0099216155943,0.5721223151620208,9.677563965268371
31.370271470648287,0.7499999999999998,818.0099216155943,0.5721223151620208,9.677563965268371
31.370271470648287,0.7499999999999998,818.0099216155943,0.5721223151620208,9.677563965268371
31.279028311547076,0.7499999999999996,818.4699438988696,0.5460014419341185,9.710843205018847
31.279028311547076,0.7499999999999996,818.4699438988696,0.5460014419341185,9.710843205018847
31.279028311547076,0.7499999999999996,818.4699438988696,0.5460014419341185,9.710843205018847
31.279028311547076,0.7499999999999996,818.4699438988696,0.5460014419341185,9.710843205018847
31.09388041407898,0.7499999999999998,815.8810578007793,0.5147765139465156,9.712629780464834
31.09388041407898,0.7499999999999998,815.8810578007793,0.5147765139465156,9.712629780464834
30.86969662789938,0.7499999999999987,815.6558297458502,0.5237088245847277,9.66365974229144
30.86969662789938,0.7499999999999987,815.6558297458502,0.5237088245847277,9.66365974229144
30.86969662789938,0.7499999999999987,815.6558297458502,0.5237088245847277,9.66365974229144
30.86969662789938,0.7499999999999987,815.6558297458502,0.5237088245847277,9.66365974229144
30.86969662789938,0.7499999999999987,815.6558297458502,0.5237088245847277,9.66365974229144
30.629724322974514,0.7500000000000001,813.860852814989,0.5106362284224435,9.64856689289535
30.629724322974514,0.7500000000000001,813.860852814989,0.5106362284224435,9.64856689289535
30.629724322974514,0.7500000000000001,813.860852814989,0.5106362284224435,9.64856689289535
30.629724322974514,0.7500000000000001,813.860852814989,0.5106362284224435,9.64856689289535
30.629724322974514,0.7500000000000001,813.860852814989,0.5106362284224435,9.64856689289535
30.78907539216131,0.7499999999999976,809.8569783814881,0.5270680781585709,9.597630265454859
30.78907539216131,0.7499999999999976,809.8569783814881,0.5270680781585709,9.597630265454859
30.78907539216131,0.7499999999999976,809.8569783814881,0.5270680781585709,9.597630265454859
30.78907539216131,0.7499999999999976,809.8569783814881,0.5270680781585709,9.597630265454859
30.885207278438834,0.7499999999999984,810.830399864828,0.5336889169043245,9.63257505846791
30.885207278438834,0.7499999999999984,810.830399864828,0.5336889169043245,9.63257505846791
30.885207278438834,0.7499999999999984,810.830399864828,0.5336889169043245,9.63257505846791
30.885207278438834,0.7499999999999984,810.830399864828,0.5336889169043245,9.63257505846791
30.885207278438834,0.7499999999999984,810.830399864828,0.5336889169043245,9.63257505846791
30.729115805618566,0.7499999999999983,809.89717415151,0.47964240589964824,9.640663203339603
30.542314457710162,0.7499999999999989,808.1272826113707,0.46432781644151355,9.590436315251623
30.707528344363364,0.7499999999999991,806.270225501851,0.4730076481308403,9.591631349255362
30.64488848474238,0.7499999999999989,806.481397754373,0.48243657963246006,9.538868022476972
30.750255297409776,0.7499999999999981,805.9380412489128,0.47635170534439913,9.554287467384935
31.044814851747475,0.7499999999999993,809.1692053982232,0.5046421403038504,9.639860283300461
31.044814851747475,0.7499999999999993,809.1692053982232,0.5046421403038504,9.639860283300461
31.044814851747475,0.7499999999999993,809.1692053982232,0.5046421403038504,9.639860283300461
31.044814851747475,0.7499999999999993,809.1692053982232,0.5046421403038504,9.639860283300461
31.044814851747475,0.7499999999999993,809.1692053982232,0.5046421403038504,9.639860283300461
31.044814851747475,0.7499999999999993,809.1692053982232,0.5046421403038504,9.639860283300461
31.044814851747475,0.7499999999999993,809.1692053982232,0.5046421403038504,9.639860283300461
31.044814851747475,0.7499999999999993,809.1692053982232,0.5046421403038504,9.639860283300461
31.044814851747475,0.7499999999999993,809.1692053982232,0.5046421403038504,9.639860283300461
31.044814851747475,0.7499999999999993,809.1692053982232,0.5046421403038504,9.639860283300461
31.103952704835923,0.7500000000000003,810.7960765065912,0.5166834260072182,9.658345775430726
30.989655196908572,0.7499999999999994,812.0332803051219,0.5418919213834683,9.663941760203809
30.991257073123816,0.7499999999999994,812.5484374578836,0.5760294397207485,9.674209139140194
30.991257073123816,0.7499999999999994,812.5484374578836,0.5760294397207485,9.674209139140194
30.991257073123816,0.7499999999999994,812.5484374578836,0.5760294397207485,9.674209139140194
30.991257073123816,0.7499999999999994,812.5484374578836,0.5760294397207485,9.674209139140194
30.991257073123816,0.7499999999999994,812.5484374578836,0.5760294397207485,9.674209139140194
30.991257073123816,0.7499999999999994,812.5484374578836,0.5760294397207485,9.674209139140194
30.991257073123816,0.7499999999999994,812.5484374578836,0.5760294397207485,9.674209139140194
30.991257073123816,0.7499999999999994,812.5484374578836,0.5760294397207485,9.674209139140194
30.991257073123816,0.7499999999999994,812.5484374578836,0.5760294397207485,9.674209139140194
30.991257073123816,0.7499999999999994,812.5484374578836,0.5760294397207485,9.674209139140194
30.991257073123816,0.7499999999999994,812.5484374578836,0.5760294397207485,9.674209139140194
31.03710503120851,0.7499999999999996,813.2190358650339,0.5784056618614872,9.711804533210582
31.03710503120851,0.7499999999999996,813.2190358650339,0.5784056618614872,9.711804533210582
31.03710503120851,0.7499999999999996,813.2190358650339,0.5784056618614872,9.711804533210582
31.03710503120851,0.7499999999999996,813.2190358650339,0.5784056618614872,9.711804533210582
31.0716274270683,0.7499999999999999,812.9445416431653,0.5773130863380691,9.786055794076798
31.0716274270683,0.7499999999999999,812.9445416431653,0.5773130863380691,9.786055794076798
31.0716274270683,0.7499999999999999,812.9445416431653,0.5773130863380691,9.786055794076798
31.0716274270683,0.7499999999999999,812.9445416431653,0.5773130863380691,9.786055794076798
30.835542430233453,0.7499999999999997,811.7189129885232,0.5554637318814659,9.784748139904277
30.835542430233453,0.7499999999999997,811.7189129885232,0.5554637318814659,9.784748139904277
30.835542430233453,0.7499999999999997,811.7189129885232,0.5554637318814659,9.784748139904277
30.804652935465683,0.7499999999999994,811.1199470332068,0.520052711804979,9.734946037448845
30.64793664007918,0.7499999999999984,811.3102106833685,0.5013188615016249,9.760075166269033
30.64793664007918,0.7499999999999984,811.3102106833685,0.5013188615016249,9.760075166269033
30.64793664007918,0.7499999999999984,811.3102106833685,0.5013188615016249,9.760075166269033
30.64793664007918,0.7499999999999984,811.3102106833685,0.5013188615016249,9.760075166269033
30.64793664007918,0.7499999999999984,811.3102106833685,0.5013188615016249,9.760075166269033
30.95328319466261,0.7499999999999997,812.3672006661593,0.5116749744147787,9.792106311300728
30.95328319466261,0.7499999999999997,812.3672006661593,0.5116749744147787,9.792106311300728
31.01985898300395,0.7499999999999996,812.6326183460718,0.50201456698269,9.846839477337245
31.01985898300395,0.7499999999999996,812.6326183460718,0.50201456698269,9.846839477337245
31.01985898300395,0.7499999999999996,812.6326183460718,0.50201456698269,9.846839477337245
30.991100681675135,0.7499999999999984,812.1506751849662,0.5042443137091644,9.83336979605393
30.991100681675135,0.7499999999999984,812.1506751849662,0.5042443137091644,9.83336979605393
30.95139000251832,0.7499999999999981,811.4057106736245,0.4999008369129613,9.819161325038266
30.95139000251832,0.7499999999999981,811.4057106736245,0.4999008369129613,9.819161325038266
30.95139000251832,0.7499999999999981,811.4057106736245,0.4999008369129613,9.819161325038266
30.967465412852242,0.7499999999999996,809.9989103388895,0.5256886921469127,9.938449614083671
30.967465412852242,0.7499999999999996,809.9989103388895,0.5256886921469127,9.938449614083671
31.001843378402857,0.749999999999999,811.0867160081949,0.5147539466837552,9.928754380135672
31.001843378402857,0.749999999999999,811.0867160081949,0.5147539466837552,9.928754380135672
31.001843378402857,0.749999999999999,811.0867160081949,0.5147539466837552,9.928754380135672
31.001843378402857,0.749999999999999,811.0867160081949,0.5147539466837552,9.928754380135672
31.001843378402857,0.749999999999999,811.0867160081949,0.5147539466837552,9.928754380135672
31.001843378402857,0.749999999999999,811.0867160081949,0.5147539466837552,9.928754380135672
30.96081812119666,0.7499999999999982,807.6300633190643,0.5140049408026662,9.866838298035628
30.82227106120925,0.7499999999999996,804.857671522772,0.49921740553230215,9.79773947994832
30.82227106120925,0.7499999999999996,804.857671522772,0.49921740553230215,9.79773947994832
30.683927099677643,0.7499999999999976,803.2133068501606,0.5211208732572132,9.751938909352877
30.99411648677761,0.7499999999999993,804.4140665660024,0.5585552461184118,9.786176449298242
30.960411312125668,0.7499999999999992,804.5635247641125,0.5477028693131799,9.729480939514229
30.960411312125668,0.7499999999999992,804.5635247641125,0.5477028693131799,9.729480939514229
30.960411312125668,0.7499999999999992,804.5635247641125,0.5477028693131799,9.729480939514229
30.960411312125668,0.7499999999999992,804.5635247641125,0.5477028693131799,9.729480939514229
30.960411312125668,0.7499999999999992,804.5635247641125,0.5477028693131799,9.729480939514229
30.960411312125668,0.7499999999999992,804.5635247641125,0.5477028693131799,9.729480939514229
30.766644453204805,0.749999999999999,802.3034443215834,0.4824061450753656,9.647483031597199
30.907608753920144,0.7499999999999989,802.1602243587452,0.4613924021104682,9.624716609172864
30.907608753920144,0.7499999999999989,802.1602243587452,0.4613924021104682,9.624716609172864
31.00789758009829,0.7499999999999991,804.7131941103221,0.45967412128386764,9.641216419236205
30.982560960473382,0.7499999999999992,804.5961796590346,0.4563467173799874,9.572322175613621
30.982560960473382,0.7499999999999992,804.5961796590346,0.4563467173799874,9.572322175613621
30.853026204029547,0.7499999999999984,803.498809647185,0.44007389132803115,9.55597766684125
30.853026204029547,0.7499999999999984,803.498809647185,0.44007389132803115,9.55597766684125
30.853026204029547,0.7499999999999984,803.498809647185,0.44007389132803115,9.55597766684125
30.928221736341065,0.7499999999999994,804.4680995369633,0.4471029593588995,9.569649933833805
30.78912653562729,0.7499999999999991,804.9690937150407,0.44015861393332534,9.48436279065713
30.78912653562729,0.7499999999999991,804.9690937150407,0.44015861393332534,9.48436279065713
30.78912653562729,0.7499999999999991,804.9690937150407,0.44015861393332534,9.48436279065713
30.76492111707809,0.7499999999999998,802.0590751718471,0.41048316835771537,9.427801409398432
30.76492111707809,0.7499999999999998,802.0590751718471,0.41048316835771537,9.427801409398432
30.76492111707809,0.7499999999999998,802.0590751718471,0.41048316835771537,9.427801409398432
30.577289814431897,0.7499999999999999,803.7912845245432,0.4009378749739368,9.408680545582172
30.577289814431897,0.7499999999999999,803.7912845245432,0.4009378749739368,9.408680545582172
30.51635117327879,0.7499999999999989,803.0540813463012,0.39531293331718803,9.458261289344387
30.51635117327879,0.7499999999999989,803.0540813463012,0.39531293331718803,9.458261289344387
30.51635117327879,0.7499999999999989,803.0540813463012,0.39531293331718803,9.458261289344387
30.51635117327879,0.7499999999999989,803.0540813463012,0.39531293331718803,9.458261289344387
30.51635117327879,0.7499999999999989,803.0540813463012,0.39531293331718803,9.458261289344387
30.15904380748309,0.75,803.2467569131779,0.37798492916773363,9.421200272063874
30.212319562315372,0.7499999999999996,804.4153072043927,0.37806224844898856,9.408753625120175
30.212319562315372,0.7499999999999996,804.4153072043927,0.37806224844898856,9.408753625120175
30.212319562315372,0.7499999999999996,804.4153072043927,0.37806224844898856,9.408753625120175
30.212319562315372,0.7499999999999996,804.4153072043927,0.37806224844898856,9.408753625120175
30.212319562315372,0.7499999999999996,804.4153072043927,0.37806224844898856,9.408753625120175
30.212319562315372,0.7499999999999996,804.4153072043927,0.37806224844898856,9.408753625120175
30.186669893606446,0.7499999999999999,807.5480145638852,0.37405225383262364,9.380476393491637
30.186669893606446,0.7499999999999999,807.5480145638852,0.37405225383262364,9.380476393491637
30.186669893606446,0.7499999999999999,807.5480145638852,0.37405225383262364,9.380476393491637
30.102481174976198,0.7499999999999999,808.3643268139045,0.3785813247360413,9.432301576418507
30.399370805758302,0.7499999999999992,808.0842616397354,0.40573915044792835,9.463946286126951
30.399370805758302,0.7499999999999992,808.0842616397354,0.40573915044792835,9.463946286126951
30.399370805758302,0.7499999999999992,808.0842616397354,0.40573915044792835,9.463946286126951
30.51492558266439,0.7499999999999997,809.9422779832862,0.41235062311934334,9.498557797815526
30.51492558266439,0.7499999999999997,809.9422779832862,0.41235062311934334,9.498557797815526
30.51492558266439,0.7499999999999997,809.9422779832862,0.41235062311934334,9.498557797815526
30.51492558266439,0.7499999999999997,809.9422779832862,0.41235062311934334,9.498557797815526
30.566147668246387,0.749999999999999,812.2593072546551,0.41471801229309846,9.540296388444252
30.566147668246387,0.749999999999999,812.2593072546551,0.41471801229309846,9.540296388444252
30.566147668246387,0.749999999999999,812.2593072546551,0.41471801229309846,9.540296388444252
30.604836197688385,0.7499999999999989,810.4838124087036,0.4366807119030079,9.535692311213936
30.57526820234124,0.7499999999999998,811.2384656060162,0.4305642886762504,9.554515964070273
30.57526820234124,0.7499999999999998,811.2384656060162,0.4305642886762504,9.554515964070273
30.57526820234124,0.7499999999999998,811.2384656060162,0.4305642886762504,9.554515964070273
30.57526820234124,0.7499999999999998,811.2384656060162,0.4305642886762504,9.554515964070273
30.57526820234124,0.7499999999999998,811.2384656060162,0.4305642886762504,9.554515964070273
30.57526820234124,0.7499999999999998,811.2384656060162,0.4305642886762504,9.554515964070273
30.597009940114063,0.7499999999999993,812.8108217230541,0.4480644993512438,9.572851318038483
30.597009940114063,0.7499999999999993,812.8108217230541,0.4480644993512438,9.572851318038483
30.597009940114063,0.7499999999999993,812.8108217230541,0.4480644993512438,9.572851318038483
30.597009940114063,0.7499999999999993,812.8108217230541,0.4480644993512438,9.572851318038483
30.545192051118562,0.7499999999999999,811.2996525595695,0.4437493949062372,9.514362685823944
30.80816893204743,0.7499999999999992,807.5024288219755,0.42679798239567635,9.460906837435905
30.80816893204743,0.7499999999999992,807.5024288219755,0.42679798239567635,9.460906837435905
30.759081179103603,0.7499999999999994,808.5643597223832,0.42705877173456663,9.460859790286435
30.751004294106387,0.7499999999999998,807.3901772153506,0.44383088390699577,9.45518140370948
30.923840154496105,0.7499999999999996,809.3142727649309,0.4466665997678487,9.436529201490405
30.923840154496105,0.7499999999999996,809.3142727649309,0.4466665997678487,9.436529201490405
30.923840154496105,0.7499999999999996,809.3142727649309,0.4466665997678487,9.436529201490405
30.923840154496105,0.7499999999999996,809.3142727649309,0.4466665997678487,9.436529201490405
30.876777538017887,0.749999999999999,810.7819864215786,0.4505024245656452,9.418126414987722
30.876777538017887,0.749999999999999,810.7819864215786,0.4505024245656452,9.418126414987722
30.876777538017887,0.749999999999999,810.7819864215786,0.4505024245656452,9.418126414987722
30.876777538017887,0.749999999999999,810.7819864215786,0.4505024245656452,9.418126414987722
30.610561825394644,0.7499999999999996,812.5902219783815,0.44719436080940417,9.418091367200848
30.610561825394644,0.7499999999999996,812.5902219783815,0.44719436080940417,9.418091367200848
30.403367891372536,0.7499999999999998,811.3732773467697,0.4491552509636041,9.395460560695472
30.403367891372536,0.7499999999999998,811.3732773467697,0.4491552509636041,9.395460560695472
30.45105999297174,0.7499999999999996,811.3488597034474,0.423075604911079,9.326790092823003
30.45105999297174,0.7499999999999996,811.3488597034474,0.423075604911079,9.326790092823003
30.45105999297174,0.7499999999999996,811.3488597034474,0.423075604911079,9.326790092823003
30.45105999297174,0.7499999999999996,811.3488597034474,0.423075604911079,9.326790092823003
30.45105999297174,0.7499999999999996,811.3488597034474,0.423075604911079,9.326790092823003
30.422987355651834,0.7499999999999997,808.2755585664012,0.4267721773059317,9.280988791596567
30.422987355651834,0.7499999999999997,808.2755585664012,0.4267721773059317,9.280988791596567
30.422987355651834,0.7499999999999997,808.2755585664012,0.4267721773059317,9.280988791596567
30.422987355651834,0.7499999999999997,808.2755585664012,0.4267721773059317,9.280988791596567
30.422987355651834,0.7499999999999997,808.2755585664012,0.4267721773059317,9.280988791596567
30.422987355651834,0.7499999999999997,808.2755585664012,0.4267721773059317,9.280988791596567
30.422987355651834,0.7499999999999997,808.2755585664012,0.4267721773059317,9.280988791596567
30.422987355651834,0.7499999999999997,808.2755585664012,0.4267721773059317,9.280988791596567
30.422987355651834,0.7499999999999997,808.2755585664012,0.4267721773059317,9.280988791596567
30.422987355651834,0.7499999999999997,808.2755585664012,0.4267721773059317,9.280988791596567
30.422987355651834,0.7499999999999997,808.2755585664012,0.4267721773059317,9.280988791596567
30.422987355651834,0.7499999999999997,808.2755585664012,0.4267721773059317,9.280988791596567
30.422987355651834,0.7499999999999997,808.2755585664012,0.4267721773059317,9.280988791596567
30.290282927757588,0.7499999999999991,806.8902695526865,0.4079681991152264,9.227568383339658
30.290282927757588,0.7499999999999991,806.8902695526865,0.4079681991152264,9.227568383339658
30.290282927757588,0.7499999999999991,806.8902695526865,0.4079681991152264,9.227568383339658
30.290282927757588,0.7499999999999991,806.8902695526865,0.4079681991152264,9.227568383339658
30.40430650592836,0.7499999999999993,805.4458578263112,0.38925846369175504,9.236814261201554
30.40430650592836,0.7499999999999993,805.4458578263112,0.38925846369175504,9.236814261201554
30.40430650592836,0.7499999999999993,805.4458578263112,0.38925846369175504,9.236814261201554
30.302618926853413,0.7499999999999984,807.5335217486854,0.38835313734731364,9.25375075941572
30.09695739003194,0.7499999999999989,806.9270967974777,0.38608580801605247,9.237395863282895
30.174534091272605,0.7499999999999989,806.0780424085102,0.38675047915756566,9.237230719026787
30.174534091272605,0.7499999999999989,806.0780424085102,0.38675047915756566,9.237230719026787
30.174534091272605,0.7499999999999989,806.0780424085102,0.38675047915756566,9.237230719026787
30.174534091272605,0.7499999999999989,806.0780424085102,0.38675047915756566,9.237230719026787
30.174534091272605,0.7499999999999989,806.0780424085102,0.38675047915756566,9.237230719026787
30.174534091272605,0.7499999999999989,806.0780424085102,0.38675047915756566,9.237230719026787
30.174534091272605,0.7499999999999989,806.0780424085102,0.38675047915756566,9.237230719026787
30.174534091272605,0.7499999999999989,806.0780424085102,0.38675047915756566,9.237230719026787
30.174534091272605,0.7499999999999989,806.0780424085102,0.38675047915756566,9.237230719026787
30.174534091272605,0.7499999999999989,806.0780424085102,0.38675047915756566,9.237230719026787
30.174534091272605,0.7499999999999989,806.0780424085102,0.38675047915756566,9.237230719026787
30.174534091272605,0.7499999999999989,806.0780424085102,0.38675047915756566,9.237230719026787
30.307358120068294,0.749999999999999,806.1411123989466,0.3897391003469925,9.25103977165196
30.307358120068294,0.749999999999999,806.1411123989466,0.3897391003469925,9.25103977165196
30.307358120068294,0.749999999999999,806.1411123989466,0.3897391003469925,9.25103977165196
30.159938830878435,0.7499999999999996,806.214349674703,0.39292230699718445,9.214989502658034
30.159938830878435,0.7499999999999996,806.214349674703,0.39292230699718445,9.214989502658034
30.159938830878435,0.7499999999999996,806.214349674703,0.39292230699718445,9.214989502658034
30.159938830878435,0.7499999999999996,806.214349674703,0.39292230699718445,9.214989502658034
30.159938830878435,0.7499999999999996,806.214349674703,0.39292230699718445,9.214989502658034
30.159938830878435,0.7499999999999996,806.214349674703,0.39292230699718445,9.214989502658034
30.159938830878435,0.7499999999999996,806.214349674703,0.39292230699718445,9.214989502658034
30.263138981210666,0.7499999999999991,806.844863875388,0.4145877585190612,9.224859350942662
30.263138981210666,0.7499999999999991,806.844863875388,0.4145877585190612,9.224859350942662
30.263138981210666,0.7499999999999991,806.844863875388,0.4145877585190612,9.224859350942662
30.165006818842887,0.7499999999999992,809.2330480002114,0.39432072479180064,9.218037786502597
30.197658178166225,0.7499999999999988,812.4883408408547,0.37190045774796077,9.219344981204168
30.049766183572164,0.7499999999999996,811.0012047643619,0.3935588648634946,9.212717938790314
30.049766183572164,0.7499999999999996,811.0012047643619,0.3935588648634946,9.212717938790314
30.049766183572164,0.7499999999999996,811.0012047643619,0.3935588648634946,9.212717938790314
30.049766183572164,0.7499999999999996,811.0012047643619,0.3935588648634946,9.212717938790314
30.022726217924717,0.7499999999999997,809.8459912066868,0.43045843605205675,9.241775253124876
30.022726217924717,0.7499999999999997,809.8459912066868,0.43045843605205675,9.241775253124876
30.27710505877774,0.7499999999999991,809.7352543912425,0.45653682464349693,9.231654999212518
30.230817584127873,0.7499999999999998,810.4409073197806,0.46846251677415457,9.271921549529457
30.230817584127873,0.7499999999999998,810.4409073197806,0.46846251677415457,9.271921549529457
30.26955869651212,0.7499999999999983,809.0661363182807,0.4658264171086316,9.290331634845874
30.26955869651212,0.7499999999999983,809.0661363182807,0.4658264171086316,9.290331634845874
30.26955869651212,0.7499999999999983,809.0661363182807,0.4658264171086316,9.290331634845874
30.274356565882446,0.7499999999999984,809.8094000967843,0.45672515540175124,9.332232176344622
30.296203766938273,0.75,808.7227212336677,0.4348880361176038,9.276293784195754
30.296203766938273,0.75,808.7227212336677,0.4348880361176038,9.276293784195754
30.3951668117771,0.7499999999999996,808.9089172597004,0.43698781715153207,9.321325384830114
30.245781698181773,0.7499999999999998,808.6216181375894,0.41235010059321303,9.302047204403143
30.245781698181773,0.7499999999999998,808.6216181375894,0.41235010059321303,9.302047204403143
30.245781698181773,0.7499999999999998,808.6216181375894,0.41235010059321303,9.302047204403143
30.245781698181773,0.7499999999999998,808.6216181375894,0.41235010059321303,9.302047204403143
30.245781698181773,0.7499999999999998,808.6216181375894,0.41235010059321303,9.302047204403143
30.245781698181773,0.7499999999999998,808.6216181375894,0.41235010059321303,9.302047204403143
30.245781698181773,0.7499999999999998,808.6216181375894,0.41235010059321303,9.302047204403143
30.117463746341883,0.7499999999999989,810.3001089994201,0.3953753467782384,9.27716473306044
29.974267037097032,0.7499999999999994,809.7988649325654,0.4162903560769832,9.309725519651511
29.974267037097032,0.7499999999999994,809.7988649325654,0.4162903560769832,9.309725519651511
29.974267037097032,0.7499999999999994,809.7988649325654,0.4162903560769832,9.309725519651511
29.974267037097032,0.7499999999999994,809.7988649325654,0.4162903560769832,9.309725519651511
29.974267037097032,0.7499999999999994,809.7988649325654,0.4162903560769832,9.309725519651511
29.974267037097032,0.7499999999999994,809.7988649325654,0.4162903560769832,9.309725519651511
30.02006759092719,0.7499999999999997,807.1574566110287,0.4000614573016016,9.271995690823655
30.02006759092719,0.7499999999999997,807.1574566110287,0.4000614573016016,9.271995690823655
30.02006759092719,0.7499999999999997,807.1574566110287,0.4000614573016016,9.271995690823655
30.02006759092719,0.7499999999999997,807.1574566110287,0.4000614573016016,9.271995690823655
30.02006759092719,0.7499999999999997,807.1574566110287,0.4000614573016016,9.271995690823655
29.786549756318326,0.75,805.8151251800275,0.36997083117971113,9.208509698897657
30.0695543239494,0.7499999999999991,804.1999645791186,0.3683056064002089,9.234250822146128
29.990908948240957,0.7499999999999989,803.5853951605981,0.3806551717295624,9.239516242448698
29.96874564590245,0.7499999999999998,803.8647948362274,0.38088171646155916,9.284666759562091
30.116314188165365,0.7499999999999991,805.3552462667366,0.3867300297096066,9.294414295072263
30.2010024036504,0.749999999999999,807.8161265017692,0.4466696385990739,9.358378892018496
29.894410229484063,0.7499999999999997,807.4611268307137,0.43470169444240503,9.360444275455015
29.894410229484063,0.7499999999999997,807.4611268307137,0.43470169444240503,9.360444275455015
30.048706770033046,0.7499999999999989,807.7946467816248,0.4917817160815391,9.359980533449015
30.078901459533306,0.749999999999998,808.6353256927786,0.5036585931992401,9.353891547719822
30.257249239620755,0.7499999999999999,808.7052593257484,0.5272784681342432,9.314080792805305
30.257249239620755,0.7499999999999999,808.7052593257484,0.5272784681342432,9.314080792805305
30.257249239620755,0.7499999999999999,808.7052593257484,0.5272784681342432,9.314080792805305
30.257249239620755,0.7499999999999999,808.7052593257484,0.5272784681342432,9.314080792805305
30.257249239620755,0.7499999999999999,808.7052593257484,0.5272784681342432,9.314080792805305
30.257249239620755,0.7499999999999999,808.7052593257484,0.5272784681342432,9.314080792805305
30.257249239620755,0.7499999999999999,808.7052593257484,0.5272784681342432,9.314080792805305
30.257249239620755,0.7499999999999999,808.7052593257484,0.5272784681342432,9.314080792805305
30.257249239620755,0.7499999999999999,808.7052593257484,0.5272784681342432,9.314080792805305
30.257249239620755,0.7499999999999999,808.7052593257484,0.5272784681342432,9.314080792805305
30.257249239620755,0.7499999999999999,808.7052593257484,0.5272784681342432,9.314080792805305
30.218088895441156,0.7499999999999973,809.4732993937744,0.5361067174631908,9.272731754807259
30.218088895441156,0.7499999999999973,809.4732993937744,0.5361067174631908,9.272731754807259
30.218088895441156,0.7499999999999973,809.4732993937744,0.5361067174631908,9.272731754807259
30.218088895441156,0.7499999999999973,809.4732993937744,0.5361067174631908,9.272731754807259
30.218088895441156,0.7499999999999973,809.4732993937744,0.5361067174631908,9.272731754807259
30.218088895441156,0.7499999999999973,809.4732993937744,0.5361067174631908,9.272731754807259
30.07198339927685,0.7499999999999999,807.7644975083934,0.5086733155065303,9.249894745523122
30.07198339927685,0.7499999999999999,807.7644975083934,0.5086733155065303,9.249894745523122
30.081306288591158,0.7499999999999993,809.1543696722332,0.5302243610328151,9.30260184436232
30.081306288591158,0.7499999999999993,809.1543696722332,0.5302243610328151,9.30260184436232
30.081306288591158,0.7499999999999993,809.1543696722332,0.5302243610328151,9.30260184436232
30.081306288591158,0.7499999999999993,809.1543696722332,0.5302243610328151,9.30260184436232
30.081306288591158,0.7499999999999993,809.1543696722332,0.5302243610328151,9.30260184436232
30.081306288591158,0.7499999999999993,809.1543696722332,0.5302243610328151,9.30260184436232
29.86210837024441,0.7499999999999997,807.6835847863553,0.4750365070706872,9.281151359583566
29.685896365008677,0.7499999999999993,806.4586754396846,0.46187020822522484,9.297126803717637
29.60547907940377,0.7499999999999994,805.8151604379609,0.42927754704519616,9.283001375923458
29.392855386673933,0.7499999999999988,804.5424708915059,0.41483567621341094,9.270218265770803
29.474516283241876,0.7499999999999991,802.7613850748698,0.3896216891042491,9.231748008142242
29.474516283241876,0.7499999999999991,802.7613850748698,0.3896216891042491,9.231748008142242
29.474516283241876,0.7499999999999991,802.7613850748698,0.3896216891042491,9.231748008142242
29.474516283241876,0.7499999999999991,802.7613850748698,0.3896216891042491,9.231748008142242
29.474516283241876,0.7499999999999991,802.7613850748698,0.3896216891042491,9.231748008142242
29.313542175071756,0.7499999999999989,803.4849600328197,0.4560924811105261,9.245797142384177
29.313542175071756,0.7499999999999989,803.4849600328197,0.4560924811105261,9.245797142384177
29.313542175071756,0.7499999999999989,803.4849600328197,0.4560924811105261,9.245797142384177
29.313542175071756,0.7499999999999989,803.4849600328197,0.4560924811105261,9.245797142384177
29.157975432250076,0.75,805.6763554947735,0.4890828655198105,9.22718385084483
29.157975432250076,0.75,805.6763554947735,0.4890828655198105,9.22718385084483
29.157975432250076,0.75,805.6763554947735,0.4890828655198105,9.22718385084483
29.157975432250076,0.75,805.6763554947735,0.4890828655198105,9.22718385084483
28.983438683524554,0.7499999999999987,804.751057548542,0.4467365022081185,9.186519628592198
29.008850210483956,0.7499999999999986,804.3313398915708,0.44032031822334805,9.219993083069003
29.255697765421242,0.7499999999999992,803.8954608775299,0.4401235743160955,9.23908645881015
29.51377663810252,0.7499999999999992,803.5569521375475,0.414322778122348,9.266748024825807
29.51377663810252,0.7499999999999992,803.5569521375475,0.414322778122348,9.266748024825807
29.476911099525452,0.7499999999999994,805.4675971899989,0.42201772777439295,9.308688513820917
29.670769688520316,0.7499999999999996,805.061694286833,0.4000681337157453,9.306257568187752
29.670769688520316,0.7499999999999996,805.061694286833,0.4000681337157453,9.306257568187752
29.551448645213636,0.7499999999999991,805.016809297069,0.3790493988703375,9.26485981919391
29.28891147723394,0.7499999999999996,806.2837181621805,0.3468258481631707,9.266883028654714
29.28891147723394,0.7499999999999996,806.2837181621805,0.3468258481631707,9.266883028654714
29.28891147723394,0.7499999999999996,806.2837181621805,0.3468258481631707,9.266883028654714
29.319035698395233,0.7499999999999997,807.6619204393137,0.34076984295363616,9.275417876104097
29.319035698395233,0.7499999999999997,807.6619204393137,0.34076984295363616,9.275417876104097
29.610930290355427,0.7499999999999994,808.1801955537014,0.35617225753471227,9.28718465341253
29.610930290355427,0.7499999999999994,808.1801955537014,0.35617225753471227,9.28718465341253
29.917738710644095,0.7499999999999988,808.3533982721764,0.39363117735552733,9.29775361845562
29.917738710644095,0.7499999999999988,808.3533982721764,0.39363117735552733,9.29775361845562
29.917738710644095,0.7499999999999988,808.3533982721764,0.39363117735552733,9.29775361845562
29.917738710644095,0.7499999999999988,808.3533982721764,0.39363117735552733,9.29775361845562
30.14171712973517,0.7499999999999984,807.2347661092604,0.39639675006150105,9.324832036553488
30.14171712973517,0.7499999999999984,807.2347661092604,0.39639675006150105,9.324832036553488
30.102028048562733,0.7499999999999979,806.0368193014738,0.3968383545386791,9.297861002387597
30.102028048562733,0.7499999999999979,806.0368193014738,0.3968383545386791,9.297861002387597
30.102028048562733,0.7499999999999979,806.0368193014738,0.3968383545386791,9.297861002387597
30.102028048562733,0.7499999999999979,806.0368193014738,0.3968383545386791,9.297861002387597
30.136869924193718,0.7499999999999993,807.4987753551267,0.3913315018390778,9.30084523422336
30.136869924193718,0.7499999999999993,807.4987753551267,0.3913315018390778,9.30084523422336
30.136869924193718,0.7499999999999993,807.4987753551267,0.3913315018390778,9.30084523422336
30.174926903076067,0.7499999999999988,809.2032947092204,0.38952786520177385,9.35557407429568
30.174926903076067,0.7499999999999988,809.2032947092204,0.38952786520177385,9.35557407429568
30.088482916267218,0.749999999999999,809.0311323745134,0.3752470416968542,9.30398708852555
30.088482916267218,0.749999999999999,809.0311323745134,0.3752470416968542,9.30398708852555
29.80778734645148,0.7499999999999993,809.3901534292766,0.39806505729070424,9.32732651296892
29.80778734645148,0.7499999999999993,809.3901534292766,0.39806505729070424,9.32732651296892
29.80778734645148,0.7499999999999993,809.3901534292766,0.39806505729070424,9.32732651296892
29.80778734645148,0.7499999999999993,809.3901534292766,0.39806505729070424,9.32732651296892
29.527639872568177,0.7499999999999989,808.7336391833909,0.3710844447052611,9.284951744390195
29.527639872568177,0.7499999999999989,808.7336391833909,0.3710844447052611,9.284951744390195
29.527639872568177,0.7499999999999989,808.7336391833909,0.3710844447052611,9.284951744390195
29.527639872568177,0.7499999999999989,808.7336391833909,0.3710844447052611,9.284951744390195
29.294499956039253,0.749999999999999,807.6500148655651,0.36789948159173136,9.292478720972193
29.223690818743215,0.7499999999999997,809.8006087448791,0.3879730885393994,9.369995693123306
29.3132706471044,0.7499999999999987,811.505281186649,0.3730041767459717,9.407490854288573
29.440330876445252,0.7499999999999997,811.5381046406427,0.3839749714571303,9.486735337807067
29.37730052695258,0.7499999999999997,812.8513938686119,0.38357369435687355,9.496870577726256
29.37730052695258,0.7499999999999997,812.8513938686119,0.38357369435687355,9.496870577726256
29.304720379378487,0.7499999999999998,811.2133735209312,0.3755400810484759,9.458283418256974
29.304720379378487,0.7499999999999998,811.2133735209312,0.3755400810484759,9.458283418256974
29.304720379378487,0.7499999999999998,811.2133735209312,0.3755400810484759,9.458283418256974
29.564945880363936,0.7499999999999993,811.2935421806347,0.3979632251136289,9.440874279768673
29.564945880363936,0.7499999999999993,811.2935421806347,0.3979632251136289,9.440874279768673
29.564945880363936,0.7499999999999993,811.2935421806347,0.3979632251136289,9.440874279768673
29.400225098289834,0.7499999999999989,809.6790470957361,0.38877980952678526,9.417635634604565
29.400225098289834,0.7499999999999989,809.6790470957361,0.38877980952678526,9.417635634604565
29.215516951603014,0.7500000000000002,809.0060489592904,0.36976280531451244,9.366617070571953
29.220951653822414,0.7499999999999994,808.9696483937136,0.3555613300970382,9.37401430241346
29.220951653822414,0.7499999999999994,808.9696483937136,0.3555613300970382,9.37401430241346
29.220951653822414,0.7499999999999994,808.9696483937136,0.3555613300970382,9.37401430241346
29.220951653822414,0.7499999999999994,808.9696483937136,0.3555613300970382,9.37401430241346
29.220951653822414,0.7499999999999994,808.9696483937136,0.3555613300970382,9.37401430241346
29.220951653822414,0.7499999999999994,808.9696483937136,0.3555613300970382,9.37401430241346
29.042345676721453,0.7499999999999994,809.8393918002462,0.34396446887285664,9.34217890046167
29.042345676721453,0.7499999999999994,809.8393918002462,0.34396446887285664,9.34217890046167
29.09920325468041,0.7499999999999996,810.9398197260822,0.34861645625834126,9.410301093460035
29.09920325468041,0.7499999999999996,810.9398197260822,0.34861645625834126,9.410301093460035
29.00233863103172,0.7499999999999998,811.2649328893445,0.33688901577712277,9.397863909476763
29.00233863103172,0.7499999999999998,811.2649328893445,0.33688901577712277,9.397863909476763
29.00233863103172,0.7499999999999998,811.2649328893445,0.33688901577712277,9.397863909476763
29.00233863103172,0.7499999999999998,811.2649328893445,0.33688901577712277,9.397863909476763
29.00233863103172,0.7499999999999998,811.2649328893445,0.33688901577712277,9.397863909476763
29.00233863103172,0.7499999999999998,811.2649328893445,0.33688901577712277,9.397863909476763
29.2789046900781,0.7500000000000001,812.397128387457,0.338274084705895,9.42031620829278
29.2789046900781,0.7500000000000001,812.397128387457,0.338274084705895,9.42031620829278
29.2789046900781,0.7500000000000001,812.397128387457,0.338274084705895,9.42031620829278
29.2789046900781,0.7500000000000001,812.397128387457,0.338274084705895,9.42031620829278
29.2789046900781,0.7500000000000001,812.397128387457,0.338274084705895,9.42031620829278
29.2789046900781,0.7500000000000001,812.397128387457,0.338274084705895,9.42031620829278
29.2789046900781,0.7500000000000001,812.397128387457,0.338274084705895,9.42031620829278
29.2789046900781,0.7500000000000001,812.397128387457,0.338274084705895,9.42031620829278
29.2789046900781,0.7500000000000001,812.397128387457,0.338274084705895,9.42031620829278
29.156651986553463,0.7499999999999989,812.0847903334638,0.3367919776016555,9.388133783525827
28.997114467685364,0.7499999999999999,813.4315146970666,0.3452083547131139,9.405390023459159
28.997114467685364,0.7499999999999999,813.4315146970666,0.3452083547131139,9.405390023459159
28.997114467685364,0.7499999999999999,813.4315146970666,0.3452083547131139,9.405390023459159
28.86104890806865,0.7499999999999999,814.5282908123795,0.34509289647316005,9.356334712156661
28.86104890806865,0.7499999999999999,814.5282908123795,0.34509289647316005,9.356334712156661
28.98404961420866,0.749999999999998,814.1986878254465,0.35599112833384355,9.384803785752458
29.053757393227066,0.7500000000000002,814.8038604221149,0.3638703631236501,9.436416910450259
29.053757393227066,0.7500000000000002,814.8038604221149,0.3638703631236501,9.436416910450259
29.053757393227066,0.7500000000000002,814.8038604221149,0.3638703631236501,9.436416910450259
29.053757393227066,0.7500000000000002,814.8038604221149,0.3638703631236501,9.436416910450259
29.053757393227066,0.7500000000000002,814.8038604221149,0.3638703631236501,9.436416910450259
29.053757393227066,0.7500000000000002,814.8038604221149,0.3638703631236501,9.436416910450259
28.958295618801788,0.7499999999999992,817.470698292813,0.3631384112182311,9.456503413004521
28.958295618801788,0.7499999999999992,817.470698292813,0.3631384112182311,9.456503413004521
28.958295618801788,0.7499999999999992,817.470698292813,0.3631384112182311,9.456503413004521
29.274030751511464,0.7499999999999994,817.4800591207018,0.3760831598340102,9.491312419875834
29.274030751511464,0.7499999999999994,817.4800591207018,0.3760831598340102,9.491312419875834
29.274030751511464,0.7499999999999994,817.4800591207018,0.3760831598340102,9.491312419875834
29.274030751511464,0.7499999999999994,817.4800591207018,0.3760831598340102,9.491312419875834
29.281822352620846,0.7499999999999992,814.9456724645997,0.3658999080308164,9.411878142348161
29.281822352620846,0.7499999999999992,814.9456724645997,0.3658999080308164,9.411878142348161
29.281822352620846,0.7499999999999992,814.9456724645997,0.3658999080308164,9.411878142348161
29.34282643548496,0.7500000000000002,816.1341058634998,0.35986337402068846,9.397723684470597
29.34282643548496,0.7500000000000002,816.1341058634998,0.35986337402068846,9.397723684470597
29.34282643548496,0.7500000000000002,816.1341058634998,0.35986337402068846,9.397723684470597
29.47138555878767,0.7499999999999991,817.0519056249925,0.36246366462925594,9.379397178864107
29.47138555878767,0.7499999999999991,817.0519056249925,0.36246366462925594,9.379397178864107
29.47138555878767,0.7499999999999991,817.0519056249925,0.36246366462925594,9.379397178864107
29.47138555878767,0.7499999999999991,817.0519056249925,0.36246366462925594,9.379397178864107
29.47138555878767,0.7499999999999991,817.0519056249925,0.36246366462925594,9.379397178864107
29.47138555878767,0.7499999999999991,817.0519056249925,0.36246366462925594,9.379397178864107
29.47138555878767,0.7499999999999991,817.0519056249925,0.36246366462925594,9.379397178864107
29.511332911492534,0.7499999999999991,819.0075506666041,0.3897132460260312,9.4072881403178
29.511332911492534,0.7499999999999991,819.0075506666041,0.3897132460260312,9.4072881403178
29.511332911492534,0.7499999999999991,819.0075506666041,0.3897132460260312,9.4072881403178
29.615325816145074,0.7499999999999998,816.9036852733584,0.3706618664447816,9.444209780835667
29.57857165411996,0.7499999999999983,815.6670874102458,0.3591045008606002,9.423707802316295
29.57857165411996,0.7499999999999983,815.6670874102458,0.3591045008606002,9.423707802316295
29.662312474486072,0.7499999999999996,815.0506783969579,0.3528411692113391,9.410459106878573
29.662312474486072,0.7499999999999996,815.0506783969579,0.3528411692113391,9.410459106878573
29.861407541199945,0.7499999999999997,817.635943125584,0.3636429547745156,9.45853667163333
29.861407541199945,0.7499999999999997,817.635943125584,0.3636429547745156,9.45853667163333
29.861407541199945,0.7499999999999997,817.635943125584,0.3636429547745156,9.45853667163333
29.861407541199945,0.7499999999999997,817.635943125584,0.3636429547745156,9.45853667163333
29.861407541199945,0.7499999999999997,817.635943125584,0.3636429547745156,9.45853667163333
29.861407541199945,0.7499999999999997,817.635943125584,0.3636429547745156,9.45853667163333
29.861407541199945,0.7499999999999997,817.635943125584,0.3636429547745156,9.45853667163333
29.861407541199945,0.7499999999999997,817.635943125584,0.3636429547745156,9.45853667163333
29.861407541199945,0.7499999999999997,817.635943125584,0.3636429547745156,9.45853667163333
29.861407541199945,0.7499999999999997,817.635943125584,0.3636429547745156,9.45853667163333
29.655253537487596,0.7499999999999997,814.9992715719038,0.35620838847287223,9.46185582569422
29.81044634068895,0.7499999999999992,815.5917420541405,0.3801794066100523,9.511101665522773
29.81044634068895,0.7499999999999992,815.5917420541405,0.3801794066100523,9.511101665522773
29.905405833530736,0.7499999999999991,815.0955206693501,0.38061668915622493,9.516051402107442
29.905405833530736,0.7499999999999991,815.0955206693501,0.38061668915622493,9.516051402107442
29.905405833530736,0.7499999999999991,815.0955206693501,0.38061668915622493,9.516051402107442
29.905405833530736,0.7499999999999991,815.0955206693501,0.38061668915622493,9.516051402107442
29.905405833530736,0.7499999999999991,815.0955206693501,0.38061668915622493,9.516051402107442
29.905405833530736,0.7499999999999991,815.0955206693501,0.38061668915622493,9.516051402107442
29.905405833530736,0.7499999999999991,815.0955206693501,0.38061668915622493,9.516051402107442
29.905405833530736,0.7499999999999991,815.0955206693501,0.38061668915622493,9.516051402107442
29.905405833530736,0.7499999999999991,815.0955206693501,0.38061668915622493,9.516051402107442
29.905405833530736,0.7499999999999991,815.0955206693501,0.38061668915622493,9.516051402107442
29.890772759551,0.7499999999999996,812.1648298191918,0.39367645195193984,9.494651599597088
29.890772759551,0.7499999999999996,812.1648298191918,0.39367645195193984,9.494651599597088
29.890772759551,0.7499999999999996,812.1648298191918,0.39367645195193984,9.494651599597088
29.890772759551,0.7499999999999996,812.1648298191918,0.39367645195193984,9.494651599597088
29.66215548125936,0.7499999999999997,815.2969584252617,0.38992914656483274,9.512732885055588
29.66215548125936,0.7499999999999997,815.2969584252617,0.38992914656483274,9.512732885055588
29.720037472260863,0.7499999999999997,816.9843090752843,0.37407017234532974,9.558809629019994
29.720037472260863,0.7499999999999997,816.9843090752843,0.37407017234532974,9.558809629019994
29.720037472260863,0.7499999999999997,816.9843090752843,0.37407017234532974,9.558809629019994
29.409054946970024,0.7499999999999991,814.4496203982998,0.35412721307468664,9.497432427303323
29.409054946970024,0.7499999999999991,814.4496203982998,0.35412721307468664,9.497432427303323
29.409054946970024,0.7499999999999991,814.4496203982998,0.35412721307468664,9.497432427303323
29.409054946970024,0.7499999999999991,814.4496203982998,0.35412721307468664,9.497432427303323
29.409054946970024,0.7499999999999991,814.4496203982998,0.35412721307468664,9.497432427303323
29.672165359953024,0.7499999999999987,814.8653391578623,0.3520114211419064,9.55599941774643
29.672165359953024,0.7499999999999987,814.8653391578623,0.3520114211419064,9.55599941774643
29.608762245168535,0.7499999999999997,812.6885628662949,0.34344331203192563,9.522836526792204
29.608762245168535,0.7499999999999997,812.6885628662949,0.34344331203192563,9.522836526792204
29.609268922153927,0.75,810.5999256484362,0.3381417837754707,9.484808560455836
29.609268922153927,0.75,810.5999256484362,0.3381417837754707,9.484808560455836
29.75137932475535,0.7499999999999984,809.5866730684763,0.3440037250953514,9.476741565590794
30.080341566789915,0.7499999999999996,810.6070816117656,0.3589100308699401,9.487443048594745
30.080341566789915,0.7499999999999996,810.6070816117656,0.3589100308699401,9.487443048594745
30.080341566789915,0.7499999999999996,810.6070816117656,0.3589100308699401,9.487443048594745
30.080341566789915,0.7499999999999996,810.6070816117656,0.3589100308699401,9.487443048594745
29.843051840954093,0.7499999999999989,807.2617789037943,0.34297839465517715,9.43139325023518
29.52092057477115,0.7499999999999993,807.3802091329625,0.3252688599345349,9.413109564858857
29.52092057477115,0.7499999999999993,807.3802091329625,0.3252688599345349,9.413109564858857
29.52092057477115,0.7499999999999993,807.3802091329625,0.3252688599345349,9.413109564858857
29.52092057477115,0.7499999999999993,807.3802091329625,0.3252688599345349,9.413109564858857
29.52092057477115,0.7499999999999993,807.3802091329625,0.3252688599345349,9.413109564858857
29.54597290507547,0.749999999999999,806.470690298557,0.32197495047823393,9.406387264345677
29.54597290507547,0.749999999999999,806.470690298557,0.32197495047823393,9.406387264345677
29.54597290507547,0.749999999999999,806.470690298557,0.32197495047823393,9.406387264345677
29.447650696238657,0.7499999999999988,809.8639412486674,0.33281546105417587,9.413995781324136
29.447650696238657,0.7499999999999988,809.8639412486674,0.33281546105417587,9.413995781324136
29.447650696238657,0.7499999999999988,809.8639412486674,0.33281546105417587,9.413995781324136
29.447650696238657,0.7499999999999988,809.8639412486674,0.33281546105417587,9.413995781324136
29.32267778397051,0.7499999999999989,810.3184371841194,0.3361058865300586,9.404651277196587
29.32267778397051,0.7499999999999989,810.3184371841194,0.3361058865300586,9.404651277196587
29.205798486880415,0.7499999999999991,808.4238499192452,0.33924402875441334,9.42592006368125
28.96584240168795,0.7499999999999994,806.9765898210029,0.31612122100321166,9.39714268292101
28.96584240168795,0.7499999999999994,806.9765898210029,0.31612122100321166,9.39714268292101
28.96584240168795,0.7499999999999994,806.9765898210029,0.31612122100321166,9.39714268292101
29.03157118245503,0.7499999999999993,804.9085860473867,0.3118920353621411,9.373843951589839
29.03157118245503,0.7499999999999993,804.9085860473867,0.3118920353621411,9.373843951589839
29.135076610535197,0.7499999999999997,805.4289997876849,0.3196923188851365,9.390655198154187
29.068705645636985,0.7499999999999997,806.1810962148022,0.3286420854049219,9.341109477331392
29.16463650134875,0.7499999999999996,804.1762419190753,0.3330992624987494,9.345286028555458
29.16463650134875,0.7499999999999996,804.1762419190753,0.3330992624987494,9.345286028555458
29.16463650134875,0.7499999999999996,804.1762419190753,0.3330992624987494,9.345286028555458
29.16463650134875,0.7499999999999996,804.1762419190753,0.3330992624987494,9.345286028555458
29.16463650134875,0.7499999999999996,804.1762419190753,0.3330992624987494,9.345286028555458
29.16463650134875,0.7499999999999996,804.1762419190753,0.3330992624987494,9.345286028555458
29.16463650134875,0.7499999999999996,804.1762419190753,0.3330992624987494,9.345286028555458
29.428928178657944,0.7499999999999996,806.3485343069974,0.3508995048702013,9.364575850598621
29.428928178657944,0.7499999999999996,806.3485343069974,0.3508995048702013,9.364575850598621
29.428928178657944,0.7499999999999996,806.3485343069974,0.3508995048702013,9.364575850598621
29.428928178657944,0.7499999999999996,806.3485343069974,0.3508995048702013,9.364575850598621
29.608064452930552,0.7499999999999991,805.2798599473854,0.36581603585819583,9.378407023825337
29.608064452930552,0.7499999999999991,805.2798599473854,0.36581603585819583,9.378407023825337
29.556763372532927,0.7499999999999987,804.706352596958,0.35997575725091935,9.411678574303028
29.556763372532927,0.7499999999999987,804.706352596958,0.35997575725091935,9.411678574303028
29.612748069724958,0.7499999999999988,804.6997980832011,0.3826396977871232,9.42398415501832
29.562626171142682,0.7499999999999991,806.4716559840114,0.399240795872141,9.454820894682522
29.44109804744579,0.7499999999999996,804.9007174833087,0.38209665606372345,9.453526248667472
29.44109804744579,0.7499999999999996,804.9007174833087,0.38209665606372345,9.453526248667472
29.44109804744579,0.7499999999999996,804.9007174833087,0.38209665606372345,9.453526248667472
29.44109804744579,0.7499999999999996,804.9007174833087,0.38209665606372345,9.453526248667472
29.44109804744579,0.7499999999999996,804.9007174833087,0.38209665606372345,9.453526248667472
29.44109804744579,0.7499999999999996,804.9007174833087,0.38209665606372345,9.453526248667472
29.44109804744579,0.7499999999999996,804.9007174833087,0.38209665606372345,9.453526248667472
29.44109804744579,0.7499999999999996,804.9007174833087,0.38209665606372345,9.453526248667472
29.44109804744579,0.7499999999999996,804.9007174833087,0.38209665606372345,9.453526248667472
29.44109804744579,0.7499999999999996,804.9007174833087,0.38209665606372345,9.453526248667472
29.424832519405083,0.7499999999999989,805.1373659624159,0.3965396498691989,9.43345409793755
29.543421027677688,0.7499999999999984,805.0904085676461,0.42691576828128025,9.462609173063466
29.543421027677688,0.7499999999999984,805.0904085676461,0.42691576828128025,9.462609173063466
29.543421027677688,0.7499999999999984,805.0904085676461,0.42691576828128025,9.462609173063466
29.543421027677688,0.7499999999999984,805.0904085676461,0.42691576828128025,9.462609173063466
29.543421027677688,0.7499999999999984,805.0904085676461,0.42691576828128025,9.462609173063466
29.543421027677688,0.7499999999999984,805.0904085676461,0.42691576828128025,9.462609173063466
29.75652236987008,0.7499999999999993,804.4430012275176,0.41780543285144217,9.489184576648805
29.552248873659536,0.7499999999999991,805.5830669226782,0.3915068511660474,9.48215087766718
29.552248873659536,0.7499999999999991,805.5830669226782,0.3915068511660474,9.48215087766718
29.552248873659536,0.7499999999999991,805.5830669226782,0.3915068511660474,9.48215087766718
29.552248873659536,0.7499999999999991,805.5830669226782,0.3915068511660474,9.48215087766718
29.61563407042517,0.7499999999999997,803.9790843394136,0.4020768763412616,9.478719764621491
29.61563407042517,0.7499999999999997,803.9790843394136,0.4020768763412616,9.478719764621491
29.61563407042517,0.7499999999999997,803.9790843394136,0.4020768763412616,9.478719764621491
29.61563407042517,0.7499999999999997,803.9790843394136,0.4020768763412616,9.478719764621491
29.61563407042517,0.7499999999999997,803.9790843394136,0.4020768763412616,9.478719764621491
29.719730987783244,0.7499999999999999,802.667733836569,0.38149877366515267,9.427575104547952
29.829087806202114,0.7499999999999992,803.150907540186,0.3947606576316849,9.419766959891344
29.829087806202114,0.7499999999999992,803.150907540186,0.3947606576316849,9.419766959891344
29.829087806202114,0.7499999999999992,803.150907540186,0.3947606576316849,9.419766959891344
29.767969959801558,0.7500000000000002,803.8438689189469,0.373517144373116,9.421294531384026
29.654671975157335,0.7499999999999986,805.8430232580399,0.39016804193857,9.40947881300782
29.654671975157335,0.7499999999999986,805.8430232580399,0.39016804193857,9.40947881300782
29.55799506177314,0.7499999999999997,807.0159430568194,0.4238584833623477,9.457216765786375
29.55799506177314,0.7499999999999997,807.0159430568194,0.4238584833623477,9.457216765786375
29.665807451644216,0.7499999999999994,804.6193493041363,0.4267973611982087,9.408396516518309
29.55138367068151,0.7499999999999978,805.3703864886579,0.42718156979742733,9.385849160428686
29.826135369924494,0.749999999999999,803.3605802532352,0.44279659250966097,9.353652305795856
29.826135369924494,0.749999999999999,803.3605802532352,0.44279659250966097,9.353652305795856
30.059976273528903,0.7499999999999987,805.4787355284607,0.4219361010661993,9.37636774498004
30.001900080953693,0.7499999999999996,805.3575819479646,0.4511768077931617,9.411293681109395
29.9790733666686,0.7499999999999994,802.6430112209537,0.4275888564122858,9.448368557917586
29.887051723480365,0.7500000000000001,800.5071490856978,0.39482071683352976,9.428486902331514
29.830514608905254,0.7499999999999991,801.2224813661236,0.3792472751805121,9.408328545241153
29.830514608905254,0.7499999999999991,801.2224813661236,0.3792472751805121,9.408328545241153
29.830514608905254,0.7499999999999991,801.2224813661236,0.3792472751805121,9.408328545241153
29.773707938683533,0.7499999999999997,801.0698522899269,0.3748211703317838,9.321135423925483
29.773707938683533,0.7499999999999997,801.0698522899269,0.3748211703317838,9.321135423925483
29.904293220074514,0.7499999999999996,802.2720076136404,0.3900230428440794,9.341872577613321
29.904293220074514,0.7499999999999996,802.2720076136404,0.3900230428440794,9.341872577613321
29.904293220074514,0.7499999999999996,802.2720076136404,0.3900230428440794,9.341872577613321
30.016784992076275,0.7499999999999996,802.9826644382437,0.3952870606355836,9.350594598807637
30.03474725690302,0.7499999999999994,801.4365855189776,0.38656611568720156,9.340944119599703
30.073410893669116,0.7499999999999994,800.8364784941645,0.3982034916179475,9.367818170934498
30.10091933725262,0.7499999999999984,798.7648636353932,0.41260064608062214,9.35778651469889
30.10091933725262,0.7499999999999984,798.7648636353932,0.41260064608062214,9.35778651469889
30.10091933725262,0.7499999999999984,798.7648636353932,0.41260064608062214,9.35778651469889
30.196293350445284,0.7499999999999977,800.7073760706294,0.42827987228043285,9.354053618801213
30.196293350445284,0.7499999999999977,800.7073760706294,0.42827987228043285,9.354053618801213
30.196293350445284,0.7499999999999977,800.7073760706294,0.42827987228043285,9.354053618801213
30.196293350445284,0.7499999999999977,800.7073760706294,0.42827987228043285,9.354053618801213
30.196293350445284,0.7499999999999977,800.7073760706294,0.42827987228043285,9.354053618801213
30.196293350445284,0.7499999999999977,800.7073760706294,0.42827987228043285,9.354053618801213
30.196293350445284,0.7499999999999977,800.7073760706294,0.42827987228043285,9.354053618801213
30.196293350445284,0.7499999999999977,800.7073760706294,0.42827987228043285,9.354053618801213
30.196293350445284,0.7499999999999977,800.7073760706294,0.42827987228043285,9.354053618801213
30.073009762606443,0.7499999999999996,799.8732755078256,0.4371086997424111,9.351891509702407
30.073009762606443,0.7499999999999996,799.8732755078256,0.4371086997424111,9.351891509702407
30.167625440402738,0.7499999999999992,801.2321652661278,0.4632113008124774,9.398425076597809
30.167625440402738,0.7499999999999992,801.2321652661278,0.4632113008124774,9.398425076597809
30.167625440402738,0.7499999999999992,801.2321652661278,0.4632113008124774,9.398425076597809
30.167625440402738,0.7499999999999992,801.2321652661278,0.4632113008124774,9.398425076597809
30.045857686643735,0.7499999999999987,801.6326064640567,0.4110661591356543,9.384256517874274
30.045857686643735,0.7499999999999987,801.6326064640567,0.4110661591356543,9.384256517874274
30.045857686643735,0.7499999999999987,801.6326064640567,0.4110661591356543,9.384256517874274
30.045857686643735,0.7499999999999987,801.6326064640567,0.4110661591356543,9.384256517874274
30.565101985514296,0.7499999999999992,801.3860999882394,0.4429786139815439,9.454290688158157
30.565101985514296,0.7499999999999992,801.3860999882394,0.4429786139815439,9.454290688158157
30.54949679270573,0.7499999999999994,803.2306423487978,0.4525041874938595,9.45742709790731
30.54949679270573,0.7499999999999994,803.2306423487978,0.4525041874938595,9.45742709790731
30.788942011881367,0.7499999999999993,803.7698698017348,0.5292640276757993,9.519953404489124
30.788942011881367,0.7499999999999993,803.7698698017348,0.5292640276757993,9.519953404489124
30.788942011881367,0.7499999999999993,803.7698698017348,0.5292640276757993,9.519953404489124
30.788942011881367,0.7499999999999993,803.7698698017348,0.5292640276757993,9.519953404489124
30.788942011881367,0.7499999999999993,803.7698698017348,0.5292640276757993,9.519953404489124
30.40942534802929,0.7499999999999993,804.4421958081214,0.5304624085204422,9.502744807024722
30.414128452761453,0.7499999999999988,804.9140102151978,0.5549416312139215,9.49365905244792
30.414128452761453,0.7499999999999988,804.9140102151978,0.5549416312139215,9.49365905244792
30.464212477461462,0.7499999999999978,806.5678557463968,0.5032466933190104,9.505151747970483
30.464212477461462,0.7499999999999978,806.5678557463968,0.5032466933190104,9.505151747970483
30.464212477461462,0.7499999999999978,806.5678557463968,0.5032466933190104,9.505151747970483
30.37505613310059,0.7499999999999997,807.7082023260378,0.49329287455245896,9.510175919729457
30.37505613310059,0.7499999999999997,807.7082023260378,0.49329287455245896,9.510175919729457
30.492899420357457,0.7499999999999998,809.1462218822387,0.5282752072129853,9.541588941237762
30.492899420357457,0.7499999999999998,809.1462218822387,0.5282752072129853,9.541588941237762
30.571216891702864,0.7499999999999992,808.7151653327319,0.5741027548161215,9.602512518584518
30.571216891702864,0.7499999999999992,808.7151653327319,0.5741027548161215,9.602512518584518
30.571216891702864,0.7499999999999992,808.7151653327319,0.5741027548161215,9.602512518584518
30.694461451784207,0.7499999999999998,809.5234138692473,0.5853236213886763,9.613909653715899
30.694461451784207,0.7499999999999998,809.5234138692473,0.5853236213886763,9.613909653715899
30.569476531739088,0.7499999999999993,814.1350748555461,0.6012422629585437,9.651632568591598
30.698747503961528,0.7499999999999998,815.4449647952468,0.607286486179855,9.71382119551981
30.698747503961528,0.7499999999999998,815.4449647952468,0.607286486179855,9.71382119551981
30.64752867290032,0.7499999999999989,818.5654047906569,0.6732882670454049,9.778558923270788
30.64752867290032,0.7499999999999989,818.5654047906569,0.6732882670454049,9.778558923270788
30.98270315600387,0.7499999999999997,814.8038646011101,0.6465904682383943,9.734665527031485
30.98270315600387,0.7499999999999997,814.8038646011101,0.6465904682383943,9.734665527031485
30.98270315600387,0.7499999999999997,814.8038646011101,0.6465904682383943,9.734665527031485
30.953847469568426,0.7499999999999998,816.2366993597662,0.7437039763590197,9.778634254142926
30.953847469568426,0.7499999999999998,816.2366993597662,0.7437039763590197,9.778634254142926
31.11123248591017,0.7499999999999998,812.6988336249178,0.7523655802193064,9.756204502577734
31.11123248591017,0.7499999999999998,812.6988336249178,0.7523655802193064,9.756204502577734
31.11123248591017,0.7499999999999998,812.6988336249178,0.7523655802193064,9.756204502577734
31.11123248591017,0.7499999999999998,812.6988336249178,0.7523655802193064,9.756204502577734
31.11123248591017,0.7499999999999998,812.6988336249178,0.7523655802193064,9.756204502577734
31.11123248591017,0.7499999999999998,812.6988336249178,0.7523655802193064,9.756204502577734
31.11123248591017,0.7499999999999998,812.6988336249178,0.7523655802193064,9.756204502577734
31.11123248591017,0.7499999999999998,812.6988336249178,0.7523655802193064,9.756204502577734
31.11123248591017,0.7499999999999998,812.6988336249178,0.7523655802193064,9.756204502577734
30.94069883745713,0.7499999999999991,810.8109494564588,0.6753514671410782,9.716802888396282
30.94069883745713,0.7499999999999991,810.8109494564588,0.6753514671410782,9.716802888396282
30.94069883745713,0.7499999999999991,810.8109494564588,0.6753514671410782,9.716802888396282
30.836198857393644,0.7499999999999993,809.1607711394416,0.6126488687517915,9.674703807383441
30.836198857393644,0.7499999999999993,809.1607711394416,0.6126488687517915,9.674703807383441
30.836198857393644,0.7499999999999993,809.1607711394416,0.6126488687517915,9.674703807383441
30.836198857393644,0.7499999999999993,809.1607711394416,0.6126488687517915,9.674703807383441
30.836198857393644,0.7499999999999993,809.1607711394416,0.6126488687517915,9.674703807383441
30.849993523853325,0.75,812.6421373905529,0.7146042439766668,9.670873900495213
30.849993523853325,0.75,812.6421373905529,0.7146042439766668,9.670873900495213
31.0295853656658,0.7499999999999992,812.7875526219703,0.7189804261942532,9.69689056230069
31.0295853656658,0.7499999999999992,812.7875526219703,0.7189804261942532,9.69689056230069
31.28212711087945,0.7499999999999992,811.5975072231856,0.6889163206296922,9.72266783788034
31.28212711087945,0.7499999999999992,811.5975072231856,0.6889163206296922,9.72266783788034
31.28212711087945,0.7499999999999992,811.5975072231856,0.6889163206296922,9.72266783788034
31.28212711087945,0.7499999999999992,811.5975072231856,0.6889163206296922,9.72266783788034
31.28212711087945,0.7499999999999992,811.5975072231856,0.6889163206296922,9.72266783788034
31.422678932423988,0.7499999999999973,811.9895191748176,0.6097970861657528,9.707686066043573
31.422678932423988,0.7499999999999973,811.9895191748176,0.6097970861657528,9.707686066043573
31.226589486285516,0.7499999999999991,810.048693898996,0.5581388703953456,9.614108885972863
31.33650397856932,0.7499999999999996,813.2907040255586,0.6175459688908191,9.64160018106342
31.269276346209484,0.7499999999999973,816.836553820951,0.6182932706941499,9.685934116445868
31.269276346209484,0.7499999999999973,816.836553820951,0.6182932706941499,9.685934116445868
31.269276346209484,0.7499999999999973,816.836553820951,0.6182932706941499,9.685934116445868
31.582158233084215,0.7499999999999988,816.5056133856776,0.6247826400550351,9.732799149333028
31.582158233084215,0.7499999999999988,816.5056133856776,0.6247826400550351,9.732799149333028
31.582158233084215,0.7499999999999988,816.5056133856776,0.6247826400550351,9.732799149333028
31.582158233084215,0.7499999999999988,816.5056133856776,0.6247826400550351,9.732799149333028
31.582158233084215,0.7499999999999988,816.5056133856776,0.6247826400550351,9.732799149333028
31.506146208157706,0.7499999999999986,814.5427178834494,0.6194611367244675,9.767757400505335
31.732623770040533,0.7499999999999978,815.6979052047819,0.6251240221672077,9.75902926754932
31.732623770040533,0.7499999999999978,815.6979052047819,0.6251240221672077,9.75902926754932
31.732623770040533,0.7499999999999978,815.6979052047819,0.6251240221672077,9.75902926754932
31.732623770040533,0.7499999999999978,815.6979052047819,0.6251240221672077,9.75902926754932
31.732623770040533,0.7499999999999978,815.6979052047819,0.6251240221672077,9.75902926754932
31.72232540265691,0.7499999999999983,812.3622650665781,0.6250335738266171,9.70916353598506
31.72232540265691,0.7499999999999983,812.3622650665781,0.6250335738266171,9.70916353598506
31.91265221377962,0.7499999999999991,814.9120597054447,0.659983716537785,9.805547660685601
31.91265221377962,0.7499999999999991,814.9120597054447,0.659983716537785,9.805547660685601
31.767919881317987,0.7499999999999993,816.4641298515429,0.6837996191740369,9.86898804532657
31.767919881317987,0.7499999999999993,816.4641298515429,0.6837996191740369,9.86898804532657
31.767919881317987,0.7499999999999993,816.4641298515429,0.6837996191740369,9.86898804532657
31.767919881317987,0.7499999999999993,816.4641298515429,0.6837996191740369,9.86898804532657
31.767919881317987,0.7499999999999993,816.4641298515429,0.6837996191740369,9.86898804532657
31.694843070785204,0.7499999999999996,812.1768400315726,0.6299095395901179,9.841502590563596
31.816007612489155,0.7499999999999981,814.2414282278837,0.63166625400562,9.872633478853093
31.816007612489155,0.7499999999999981,814.2414282278837,0.63166625400562,9.872633478853093
31.816007612489155,0.7499999999999981,814.2414282278837,0.63166625400562,9.872633478853093
31.816007612489155,0.7499999999999981,814.2414282278837,0.63166625400562,9.872633478853093
31.816007612489155,0.7499999999999981,814.2414282278837,0.63166625400562,9.872633478853093
31.816007612489155,0.7499999999999981,814.2414282278837,0.63166625400562,9.872633478853093
31.816007612489155,0.7499999999999981,814.2414282278837,0.63166625400562,9.872633478853093
31.66489174442173,0.7499999999999989,813.9135487534073,0.5948310789105424,9.859433471662708
31.527261889411697,0.7499999999999976,812.483860398279,0.5875776356438602,9.7889257303269
31.576195425622757,0.75,811.7883897995958,0.6096042702993488,9.730052611571125
31.576195425622757,0.75,811.7883897995958,0.6096042702993488,9.730052611571125
31.576195425622757,0.75,811.7883897995958,0.6096042702993488,9.730052611571125
31.576195425622757,0.75,811.7883897995958,0.6096042702993488,9.730052611571125
31.576195425622757,0.75,811.7883897995958,0.6096042702993488,9.730052611571125
31.576195425622757,0.75,811.7883897995958,0.6096042702993488,9.730052611571125
31.576195425622757,0.75,811.7883897995958,0.6096042702993488,9.730052611571125
31.576195425622757,0.75,811.7883897995958,0.6096042702993488,9.730052611571125
31.576195425622757,0.75,811.7883897995958,0.6096042702993488,9.730052611571125
31.576195425622757,0.75,811.7883897995958,0.6096042702993488,9.730052611571125
31.576195425622757,0.75,811.7883897995958,0.6096042702993488,9.730052611571125
31.576195425622757,0.75,811.7883897995958,0.6096042702993488,9.730052611571125
31.576195425622757,0.75,811.7883897995958,0.6096042702993488,9.730052611571125
31.576195425622757,0.75,811.7883897995958,0.6096042702993488,9.730052611571125
31.576195425622757,0.75,811.7883897995958,0.6096042702993488,9.730052611571125
31.576195425622757,0.75,811.7883897995958,0.6096042702993488,9.730052611571125
31.576195425622757,0.75,811.7883897995958,0.6096042702993488,9.730052611571125
31.576195425622757,0.75,811.7883897995958,0.6096042702993488,9.730052611571125
31.576195425622757,0.75,811.7883897995958,0.6096042702993488,9.730052611571125
31.576195425622757,0.75,811.7883897995958,0.6096042702993488,9.730052611571125
31.576195425622757,0.75,811.7883897995958,0.6096042702993488,9.730052611571125
31.621235408747303,0.7500000000000004,811.4510173201347,0.646853253805131,9.732123639867485
31.882919114241236,0.7500000000000003,811.0497505228841,0.6088701722494878,9.745550938075445
32.0953996623704,0.7499999999999977,811.6275184883593,0.6144103262889778,9.787586353943974
32.28037659147977,0.749999999999999,811.4583658834453,0.6307773719230595,9.814385501960185
32.269211373286886,0.7499999999999986,812.5205565680278,0.6490027836057971,9.795068532783603
32.269211373286886,0.7499999999999986,812.5205565680278,0.6490027836057971,9.795068532783603
32.269211373286886,0.7499999999999986,812.5205565680278,0.6490027836057971,9.795068532783603
32.269211373286886,0.7499999999999986,812.5205565680278,0.6490027836057971,9.795068532783603
32.269211373286886,0.7499999999999986,812.5205565680278,0.6490027836057971,9.795068532783603
32.149886567911864,0.7499999999999976,810.9875193256146,0.6183546911952891,9.745846038078398
32.149886567911864,0.7499999999999976,810.9875193256146,0.6183546911952891,9.745846038078398
32.149886567911864,0.7499999999999976,810.9875193256146,0.6183546911952891,9.745846038078398
32.149886567911864,0.7499999999999976,810.9875193256146,0.6183546911952891,9.745846038078398
32.149886567911864,0.7499999999999976,810.9875193256146,0.6183546911952891,9.745846038078398
32.149886567911864,0.7499999999999976,810.9875193256146,0.6183546911952891,9.745846038078398
32.149886567911864,0.7499999999999976,810.9875193256146,0.6183546911952891,9.745846038078398
32.149886567911864,0.7499999999999976,810.9875193256146,0.6183546911952891,9.745846038078398
32.149886567911864,0.7499999999999976,810.9875193256146,0.6183546911952891,9.745846038078398
32.149886567911864,0.7499999999999976,810.9875193256146,0.6183546911952891,9.745846038078398
32.149886567911864,0.7499999999999976,810.9875193256146,0.6183546911952891,9.745846038078398
32.149886567911864,0.7499999999999976,810.9875193256146,0.6183546911952891,9.745846038078398
32.149886567911864,0.7499999999999976,810.9875193256146,0.6183546911952891,9.745846038078398
32.392035624995486,0.7499999999999996,810.5894909082583,0.5507055193856806,9.741626178897738
32.392035624995486,0.7499999999999996,810.5894909082583,0.5507055193856806,9.741626178897738
32.144406337251766,0.75,812.0393982732774,0.5551799357001548,9.751542650366753
32.121641509716305,0.7500000000000001,809.4213266251538,0.5534569881337085,9.782079665110402
32.121641509716305,0.7500000000000001,809.4213266251538,0.5534569881337085,9.782079665110402
32.121641509716305,0.7500000000000001,809.4213266251538,0.5534569881337085,9.782079665110402
32.187247739357,0.75,808.4088079364647,0.5804156282326436,9.817889131144245
32.187247739357,0.75,808.4088079364647,0.5804156282326436,9.817889131144245
32.187247739357,0.75,808.4088079364647,0.5804156282326436,9.817889131144245
32.187247739357,0.75,808.4088079364647,0.5804156282326436,9.817889131144245
32.187247739357,0.75,808.4088079364647,0.5804156282326436,9.817889131144245
32.187247739357,0.75,808.4088079364647,0.5804156282326436,9.817889131144245
32.187247739357,0.75,808.4088079364647,0.5804156282326436,9.817889131144245
32.187247739357,0.75,808.4088079364647,0.5804156282326436,9.817889131144245
32.187247739357,0.75,808.4088079364647,0.5804156282326436,9.817889131144245
32.13528507257958,0.7499999999999991,809.625180823383,0.5768777385464032,9.861309950071108
32.26954102826353,0.7499999999999996,806.87115622136,0.6069277315156804,9.906948053172192
32.26954102826353,0.7499999999999996,806.87115622136,0.6069277315156804,9.906948053172192
32.26954102826353,0.7499999999999996,806.87115622136,0.6069277315156804,9.906948053172192
32.26954102826353,0.7499999999999996,806.87115622136,0.6069277315156804,9.906948053172192
32.112825161085425,0.7499999999999996,807.2398847904052,0.5514448608343443,9.843892503743751
32.0463807827927,0.7499999999999998,810.8159639263928,0.5310777175451495,9.872047813997487
32.0463807827927,0.7499999999999998,810.8159639263928,0.5310777175451495,9.872047813997487
32.0463807827927,0.7499999999999998,810.8159639263928,0.5310777175451495,9.872047813997487
32.0463807827927,0.7499999999999998,810.8159639263928,0.5310777175451495,9.872047813997487
32.0463807827927,0.7499999999999998,810.8159639263928,0.5310777175451495,9.872047813997487
32.0463807827927,0.7499999999999998,810.8159639263928,0.5310777175451495,9.872047813997487
32.03028389158603,0.7499999999999994,812.4115840672162,0.5382896112653364,9.898255839694553
32.03028389158603,0.7499999999999994,812.4115840672162,0.5382896112653364,9.898255839694553
31.898903442439916,0.7499999999999998,810.9511223089107,0.5781279744415725,9.937334780279418
31.65250561370673,0.7499999999999983,813.5508423296224,0.5902939425686647,9.935760948791824
31.65250561370673,0.7499999999999983,813.5508423296224,0.5902939425686647,9.935760948791824
31.65250561370673,0.7499999999999983,813.5508423296224,0.5902939425686647,9.935760948791824
31.65250561370673,0.7499999999999983,813.5508423296224,0.5902939425686647,9.935760948791824
31.65250561370673,0.7499999999999983,813.5508423296224,0.5902939425686647,9.935760948791824
31.65250561370673,0.7499999999999983,813.5508423296224,0.5902939425686647,9.935760948791824
31.65250561370673,0.7499999999999983,813.5508423296224,0.5902939425686647,9.935760948791824
31.65250561370673,0.7499999999999983,813.5508423296224,0.5902939425686647,9.935760948791824
31.56544679130987,0.749999999999998,815.4570495241418,0.6360884688909997,9.961512557162312
31.56544679130987,0.749999999999998,815.4570495241418,0.6360884688909997,9.961512557162312
31.56544679130987,0.749999999999998,815.4570495241418,0.6360884688909997,9.961512557162312
31.56544679130987,0.749999999999998,815.4570495241418,0.6360884688909997,9.961512557162312
31.56544679130987,0.749999999999998,815.4570495241418,0.6360884688909997,9.961512557162312
31.448612571691125,0.7499999999999986,812.9740617711202,0.6249028972679802,9.898835842598794
31.432711088738834,0.7499999999999989,813.3629844980629,0.6268410509652205,9.891747196959027
31.432711088738834,0.7499999999999989,813.3629844980629,0.6268410509652205,9.891747196959027
31.432711088738834,0.7499999999999989,813.3629844980629,0.6268410509652205,9.891747196959027
31.432711088738834,0.7499999999999989,813.3629844980629,0.6268410509652205,9.891747196959027
31.432711088738834,0.7499999999999989,813.3629844980629,0.6268410509652205,9.891747196959027
31.471821030068135,0.7499999999999991,812.3125835652645,0.5966069042203322,9.846348777052953
31.806397735957447,0.7499999999999991,808.4492450092808,0.6129488796038686,9.823846550840425
31.613565946025155,0.7499999999999992,807.3979598492434,0.655151488860481,9.800063239389015
31.510806864186968,0.7499999999999999,809.0517989166483,0.6424278704423183,9.795303936014474
31.510806864186968,0.7499999999999999,809.0517989166483,0.6424278704423183,9.795303936014474
31.58715701545355,0.7499999999999993,809.5421601421187,0.5757702584786593,9.77876581011472
31.58715701545355,0.7499999999999993,809.5421601421187,0.5757702584786593,9.77876581011472
31.58715701545355,0.7499999999999993,809.5421601421187,0.5757702584786593,9.77876581011472
31.58715701545355,0.7499999999999993,809.5421601421187,0.5757702584786593,9.77876581011472
31.58715701545355,0.7499999999999993,809.5421601421187,0.5757702584786593,9.77876581011472
31.58715701545355,0.7499999999999993,809.5421601421187,0.5757702584786593,9.77876581011472
31.58715701545355,0.7499999999999993,809.5421601421187,0.5757702584786593,9.77876581011472
31.58715701545355,0.7499999999999993,809.5421601421187,0.5757702584786593,9.77876581011472
31.58715701545355,0.7499999999999993,809.5421601421187,0.5757702584786593,9.77876581011472
31.836995197901253,0.7499999999999992,811.198952363031,0.5926871345042464,9.807590267837133
31.80997649852741,0.7499999999999997,812.3182918039023,0.6141349747884104,9.850338667122553
31.65853948701075,0.7499999999999993,810.3461455893589,0.5803412166648556,9.830133741313954
31.764207120320435,0.7500000000000004,809.4294811448709,0.5977106406048212,9.90378450459464
31.764207120320435,0.7500000000000004,809.4294811448709,0.5977106406048212,9.90378450459464
31.764207120320435,0.7500000000000004,809.4294811448709,0.5977106406048212,9.90378450459464
31.59772758543651,0.7499999999999984,806.7007237734285,0.585153700148435,9.824823183825952
31.59772758543651,0.7499999999999984,806.7007237734285,0.585153700148435,9.824823183825952
31.59772758543651,0.7499999999999984,806.7007237734285,0.585153700148435,9.824823183825952
31.59772758543651,0.7499999999999984,806.7007237734285,0.585153700148435,9.824823183825952
31.470414501502386,0.7499999999999999,806.2076330571485,0.5778090667294029,9.778031382235287
31.470414501502386,0.7499999999999999,806.2076330571485,0.5778090667294029,9.778031382235287
31.470414501502386,0.7499999999999999,806.2076330571485,0.5778090667294029,9.778031382235287
31.540734929871633,0.7499999999999986,806.6902236356475,0.5105910145645011,9.74802754565406
31.540734929871633,0.7499999999999986,806.6902236356475,0.5105910145645011,9.74802754565406
31.540734929871633,0.7499999999999986,806.6902236356475,0.5105910145645011,9.74802754565406
31.540734929871633,0.7499999999999986,806.6902236356475,0.5105910145645011,9.74802754565406
31.540734929871633,0.7499999999999986,806.6902236356475,0.5105910145645011,9.74802754565406
31.540734929871633,0.7499999999999986,806.6902236356475,0.5105910145645011,9.74802754565406
31.540734929871633,0.7499999999999986,806.6902236356475,0.5105910145645011,9.74802754565406
31.540734929871633,0.7499999999999986,806.6902236356475,0.5105910145645011,9.74802754565406
31.688940052585654,0.749999999999999,806.6077379029919,0.48078912488515263,9.732595437349124
31.688940052585654,0.749999999999999,806.6077379029919,0.48078912488515263,9.732595437349124
31.688940052585654,0.749999999999999,806.6077379029919,0.48078912488515263,9.732595437349124
31.604939899313187,0.7499999999999994,806.1611397123825,0.47153706500292075,9.745127806918081
31.604939899313187,0.7499999999999994,806.1611397123825,0.47153706500292075,9.745127806918081
31.604939899313187,0.7499999999999994,806.1611397123825,0.47153706500292075,9.745127806918081
31.604939899313187,0.7499999999999994,806.1611397123825,0.47153706500292075,9.745127806918081
31.766737162694106,0.7499999999999994,807.3407772520383,0.45588438779976287,9.735893049187103
31.766737162694106,0.7499999999999994,807.3407772520383,0.45588438779976287,9.735893049187103
31.766737162694106,0.7499999999999994,807.3407772520383,0.45588438779976287,9.735893049187103
31.906834970381816,0.749999999999999,807.3838681280605,0.44008335597476134,9.752635825241862
31.82919124424136,0.7499999999999994,806.4640368256378,0.43915614998686275,9.779410569627009
31.82919124424136,0.7499999999999994,806.4640368256378,0.43915614998686275,9.779410569627009
31.82919124424136,0.7499999999999994,806.4640368256378,0.43915614998686275,9.779410569627009
31.82919124424136,0.7499999999999994,806.4640368256378,0.43915614998686275,9.779410569627009
31.82919124424136,0.7499999999999994,806.4640368256378,0.43915614998686275,9.779410569627009
31.82919124424136,0.7499999999999994,806.4640368256378,0.43915614998686275,9.779410569627009
31.82919124424136,0.7499999999999994,806.4640368256378,0.43915614998686275,9.779410569627009
31.82919124424136,0.7499999999999994,806.4640368256378,0.43915614998686275,9.779410569627009
31.82919124424136,0.7499999999999994,806.4640368256378,0.43915614998686275,9.779410569627009
31.624274303955517,0.749999999999998,805.6605020747458,0.4381792298264075,9.766990580345404
31.624274303955517,0.749999999999998,805.6605020747458,0.4381792298264075,9.766990580345404
31.624274303955517,0.749999999999998,805.6605020747458,0.4381792298264075,9.766990580345404
31.624274303955517,0.749999999999998,805.6605020747458,0.4381792298264075,9.766990580345404
31.624274303955517,0.749999999999998,805.6605020747458,0.4381792298264075,9.766990580345404
31.624274303955517,0.749999999999998,805.6605020747458,0.4381792298264075,9.766990580345404
31.624274303955517,0.749999999999998,805.6605020747458,0.4381792298264075,9.766990580345404
31.71994008413941,0.7499999999999993,807.5491779515806,0.46112858558308584,9.799192867332858
31.342170205942722,0.7499999999999979,804.6569365773857,0.43510913863345574,9.73574350875075
31.342170205942722,0.7499999999999979,804.6569365773857,0.43510913863345574,9.73574350875075
31.342170205942722,0.7499999999999979,804.6569365773857,0.43510913863345574,9.73574350875075
31.342170205942722,0.7499999999999979,804.6569365773857,0.43510913863345574,9.73574350875075
31.342170205942722,0.7499999999999979,804.6569365773857,0.43510913863345574,9.73574350875075
31.342170205942722,0.7499999999999979,804.6569365773857,0.43510913863345574,9.73574350875075
31.342170205942722,0.7499999999999979,804.6569365773857,0.43510913863345574,9.73574350875075
31.342170205942722,0.7499999999999979,804.6569365773857,0.43510913863345574,9.73574350875075
31.342170205942722,0.7499999999999979,804.6569365773857,0.43510913863345574,9.73574350875075
31.294039710730132,0.749999999999999,806.0918321302597,0.4545923498485536,9.774226905503898
31.294039710730132,0.749999999999999,806.0918321302597,0.4545923498485536,9.774226905503898
31.294039710730132,0.749999999999999,806.0918321302597,0.4545923498485536,9.774226905503898
31.294039710730132,0.749999999999999,806.0918321302597,0.4545923498485536,9.774226905503898
31.294039710730132,0.749999999999999,806.0918321302597,0.4545923498485536,9.774226905503898
31.19210977485344,0.75,803.9314403721975,0.4520365171196582,9.763720962360281
31.19210977485344,0.75,803.9314403721975,0.4520365171196582,9.763720962360281
31.21097936824301,0.7499999999999998,802.7456465181779,0.47643419125888237,9.734736508514379
31.21097936824301,0.7499999999999998,802.7456465181779,0.47643419125888237,9.734736508514379
31.21097936824301,0.7499999999999998,802.7456465181779,0.47643419125888237,9.734736508514379
31.21097936824301,0.7499999999999998,802.7456465181779,0.47643419125888237,9.734736508514379
31.21097936824301,0.7499999999999998,802.7456465181779,0.47643419125888237,9.734736508514379
31.21097936824301,0.7499999999999998,802.7456465181779,0.47643419125888237,9.734736508514379
31.21097936824301,0.7499999999999998,802.7456465181779,0.47643419125888237,9.734736508514379
31.3450103669638,0.7499999999999986,799.3915320129906,0.4704159096963879,9.739937096320997
31.392347538831185,0.749999999999999,799.5785896140218,0.4798300302537387,9.76539922071496
31.392347538831185,0.749999999999999,799.5785896140218,0.4798300302537387,9.76539922071496
31.24724693209577,0.7499999999999991,799.3433599833704,0.4733756452449908,9.768664444971472
31.24724693209577,0.7499999999999991,799.3433599833704,0.4733756452449908,9.768664444971472
31.24724693209577,0.7499999999999991,799.3433599833704,0.4733756452449908,9.768664444971472
31.204342302356007,0.75,800.8513556755975,0.4540319686809699,9.774421141446737
31.204342302356007,0.75,800.8513556755975,0.4540319686809699,9.774421141446737
30.93551174957414,0.7499999999999993,801.1424052028151,0.42578818243559,9.742021712178717
30.984897234972017,0.7499999999999998,800.4979027133884,0.42432981062215674,9.687111943548382
30.984897234972017,0.7499999999999998,800.4979027133884,0.42432981062215674,9.687111943548382
31.24925063278914,0.7500000000000001,801.3882225702472,0.42742793341074525,9.688055948616949
31.24925063278914,0.7500000000000001,801.3882225702472,0.42742793341074525,9.688055948616949
31.24925063278914,0.7500000000000001,801.3882225702472,0.42742793341074525,9.688055948616949
31.24925063278914,0.7500000000000001,801.3882225702472,0.42742793341074525,9.688055948616949
30.982766016392198,0.749999999999999,802.349198425409,0.431119915465367,9.701053277074198
30.982766016392198,0.749999999999999,802.349198425409,0.431119915465367,9.701053277074198
30.982766016392198,0.749999999999999,802.349198425409,0.431119915465367,9.701053277074198
31.114455759520915,0.7499999999999996,798.9962846055628,0.42987953944477075,9.660051955451067
31.04196379535193,0.7499999999999988,798.8251520822455,0.40984423317430146,9.621960835713926
31.149759269365028,0.7499999999999991,797.4343474511702,0.41670674654320977,9.595186214279916
31.272635658188438,0.7499999999999998,795.3456239544137,0.4137337155742197,9.6010396205022
31.272635658188438,0.7499999999999998,795.3456239544137,0.4137337155742197,9.6010396205022
31.189515932414594,0.7499999999999983,794.8961815972868,0.3899585209524365,9.551075384219732
31.189515932414594,0.7499999999999983,794.8961815972868,0.3899585209524365,9.551075384219732
31.213266651184984,0.7499999999999988,794.1280463952713,0.3893132905769942,9.56122477179621
31.213266651184984,0.7499999999999988,794.1280463952713,0.3893132905769942,9.56122477179621
31.213266651184984,0.7499999999999988,794.1280463952713,0.3893132905769942,9.56122477179621
31.213266651184984,0.7499999999999988,794.1280463952713,0.3893132905769942,9.56122477179621
31.213266651184984,0.7499999999999988,794.1280463952713,0.3893132905769942,9.56122477179621
31.213266651184984,0.7499999999999988,794.1280463952713,0.3893132905769942,9.56122477179621
31.213266651184984,0.7499999999999988,794.1280463952713,0.3893132905769942,9.56122477179621
31.080354972738363,0.7499999999999999,794.7521055609618,0.38073051433347926,9.532719998159084
31.080354972738363,0.7499999999999999,794.7521055609618,0.38073051433347926,9.532719998159084
31.080354972738363,0.7499999999999999,794.7521055609618,0.38073051433347926,9.532719998159084
30.83108707376263,0.7499999999999991,795.2918247920369,0.3675957399415321,9.508737900514049
30.867658009780925,0.7499999999999998,795.1890382215979,0.39358532634557836,9.558601372723341
30.976515584592835,0.7499999999999996,793.7769717783691,0.3761510144631119,9.541422439858255
30.976515584592835,0.7499999999999996,793.7769717783691,0.3761510144631119,9.541422439858255
30.962247514960428,0.7499999999999991,793.8467028949386,0.38133777464047536,9.606682813108602
30.962247514960428,0.7499999999999991,793.8467028949386,0.38133777464047536,9.606682813108602
30.962247514960428,0.7499999999999991,793.8467028949386,0.38133777464047536,9.606682813108602
30.962247514960428,0.7499999999999991,793.8467028949386,0.38133777464047536,9.606682813108602
30.821162466706053,0.7499999999999994,795.2901392719199,0.3769731738725607,9.580747393931222
30.821162466706053,0.7499999999999994,795.2901392719199,0.3769731738725607,9.580747393931222
30.821162466706053,0.7499999999999994,795.2901392719199,0.3769731738725607,9.580747393931222
30.821162466706053,0.7499999999999994,795.2901392719199,0.3769731738725607,9.580747393931222
30.821162466706053,0.7499999999999994,795.2901392719199,0.3769731738725607,9.580747393931222
30.72190516231348,0.749999999999999,794.4590885360824,0.38127723490629084,9.591451852044603
30.72190516231348,0.749999999999999,794.4590885360824,0.38127723490629084,9.591451852044603
30.72190516231348,0.749999999999999,794.4590885360824,0.38127723490629084,9.591451852044603
30.664445578509437,0.7499999999999994,793.8703761505501,0.37116887987164676,9.617537621844368
30.664445578509437,0.7499999999999994,793.8703761505501,0.37116887987164676,9.617537621844368
30.664445578509437,0.7499999999999994,793.8703761505501,0.37116887987164676,9.617537621844368
30.664445578509437,0.7499999999999994,793.8703761505501,0.37116887987164676,9.617537621844368
30.599329760378513,0.7500000000000002,794.0313878463512,0.37317484904108683,9.629505528340744
30.599329760378513,0.7500000000000002,794.0313878463512,0.37317484904108683,9.629505528340744
30.599329760378513,0.7500000000000002,794.0313878463512,0.37317484904108683,9.629505528340744
30.599329760378513,0.7500000000000002,794.0313878463512,0.37317484904108683,9.629505528340744
30.599329760378513,0.7500000000000002,794.0313878463512,0.37317484904108683,9.629505528340744
30.32494331514711,0.7499999999999999,794.1039601586137,0.37540396765220024,9.63931649401312
30.32494331514711,0.7499999999999999,794.1039601586137,0.37540396765220024,9.63931649401312
30.32494331514711,0.7499999999999999,794.1039601586137,0.37540396765220024,9.63931649401312
30.386165219905926,0.7499999999999998,796.8597132165648,0.3910873481034194,9.697506015525002
30.386165219905926,0.7499999999999998,796.8597132165648,0.3910873481034194,9.697506015525002
30.463385298649204,0.7499999999999988,797.0144603859536,0.3730490694860629,9.673840187545867
30.463385298649204,0.7499999999999988,797.0144603859536,0.3730490694860629,9.673840187545867
30.463385298649204,0.7499999999999988,797.0144603859536,0.3730490694860629,9.673840187545867
30.53750077203157,0.7499999999999981,797.050980506037,0.36734032383308735,9.679164826099944
30.53750077203157,0.7499999999999981,797.050980506037,0.36734032383308735,9.679164826099944
30.53750077203157,0.7499999999999981,797.050980506037,0.36734032383308735,9.679164826099944
30.53750077203157,0.7499999999999981,797.050980506037,0.36734032383308735,9.679164826099944
30.53750077203157,0.7499999999999981,797.050980506037,0.36734032383308735,9.679164826099944
30.33294169241325,0.7499999999999996,798.2843769133589,0.3623783775779124,9.658847983374022
30.33294169241325,0.7499999999999996,798.2843769133589,0.3623783775779124,9.658847983374022
30.33294169241325,0.7499999999999996,798.2843769133589,0.3623783775779124,9.658847983374022
30.33294169241325,0.7499999999999996,798.2843769133589,0.3623783775779124,9.658847983374022
30.326358264729656,0.7499999999999991,800.3231570013646,0.37851183941544936,9.69313464907195
30.326358264729656,0.7499999999999991,800.3231570013646,0.37851183941544936,9.69313464907195
30.326358264729656,0.7499999999999991,800.3231570013646,0.37851183941544936,9.69313464907195
30.326358264729656,0.7499999999999991,800.3231570013646,0.37851183941544936,9.69313464907195
30.326358264729656,0.7499999999999991,800.3231570013646,0.37851183941544936,9.69313464907195
30.326358264729656,0.7499999999999991,800.3231570013646,0.37851183941544936,9.69313464907195
30.271689868344648,0.7499999999999984,800.6678570114992,0.36506957563970016,9.68687821328208
30.150161131863026,0.7499999999999997,799.7399845723827,0.3599054575990699,9.64226435454091
30.27830499002096,0.7499999999999997,799.6578883226912,0.3827091328297484,9.704414737177984
30.516183704403115,0.7499999999999994,799.2480880403994,0.3950703976702965,9.729082022884361
30.516183704403115,0.7499999999999994,799.2480880403994,0.3950703976702965,9.729082022884361
30.516183704403115,0.7499999999999994,799.2480880403994,0.3950703976702965,9.729082022884361
30.516183704403115,0.7499999999999994,799.2480880403994,0.3950703976702965,9.729082022884361
30.386335289572443,0.7499999999999997,799.2483806274494,0.39928602076804737,9.714390287027433
30.386335289572443,0.7499999999999997,799.2483806274494,0.39928602076804737,9.714390287027433
30.386335289572443,0.7499999999999997,799.2483806274494,0.39928602076804737,9.714390287027433
30.386335289572443,0.7499999999999997,799.2483806274494,0.39928602076804737,9.714390287027433
30.386335289572443,0.7499999999999997,799.2483806274494,0.39928602076804737,9.714390287027433
30.464878310537966,0.7499999999999991,797.4424994497165,0.3876265934265857,9.714149816127934
30.464878310537966,0.7499999999999991,797.4424994497165,0.3876265934265857,9.714149816127934
30.464878310537966,0.7499999999999991,797.4424994497165,0.3876265934265857,9.714149816127934
30.366396879740886,0.7499999999999992,797.9799639711418,0.3920837947328898,9.667760875565344
30.366396879740886,0.7499999999999992,797.9799639711418,0.3920837947328898,9.667760875565344
30.366396879740886,0.7499999999999992,797.9799639711418,0.3920837947328898,9.667760875565344
30.366396879740886,0.7499999999999992,797.9799639711418,0.3920837947328898,9.667760875565344
30.541830591215767,0.7499999999999998,796.8897408988277,0.4049684209611142,9.710369732217568
30.541830591215767,0.7499999999999998,796.8897408988277,0.4049684209611142,9.710369732217568
30.541830591215767,0.7499999999999998,796.8897408988277,0.4049684209611142,9.710369732217568
30.541830591215767,0.7499999999999998,796.8897408988277,0.4049684209611142,9.710369732217568
30.541830591215767,0.7499999999999998,796.8897408988277,0.4049684209611142,9.710369732217568
30.541830591215767,0.7499999999999998,796.8897408988277,0.4049684209611142,9.710369732217568
30.319411911114827,0.7499999999999997,794.7593691716033,0.40245757311261504,9.681104060770455
30.319411911114827,0.7499999999999997,794.7593691716033,0.40245757311261504,9.681104060770455
30.330681400204682,0.7499999999999993,792.5576031163878,0.39924190968836776,9.68348776195135
30.330681400204682,0.7499999999999993,792.5576031163878,0.39924190968836776,9.68348776195135
30.542442547069847,0.7499999999999992,792.2375922918557,0.4002919703519652,9.677423603698198
30.542442547069847,0.7499999999999992,792.2375922918557,0.4002919703519652,9.677423603698198
30.542442547069847,0.7499999999999992,792.2375922918557,0.4002919703519652,9.677423603698198
30.542442547069847,0.7499999999999992,792.2375922918557,0.4002919703519652,9.677423603698198
30.57654491542421,0.7499999999999996,792.9146097104461,0.4088616619224681,9.74269904414669
30.57654491542421,0.7499999999999996,792.9146097104461,0.4088616619224681,9.74269904414669
30.57654491542421,0.7499999999999996,792.9146097104461,0.4088616619224681,9.74269904414669
30.4359031389997,0.7499999999999996,795.2695608477331,0.4127920256455631,9.757595993586085
30.4359031389997,0.7499999999999996,795.2695608477331,0.4127920256455631,9.757595993586085
30.372469084386747,0.7499999999999992,794.8748508206079,0.40215663546959,9.747008553162553
30.372469084386747,0.7499999999999992,794.8748508206079,0.40215663546959,9.747008553162553
30.372469084386747,0.7499999999999992,794.8748508206079,0.40215663546959,9.747008553162553
30.372469084386747,0.7499999999999992,794.8748508206079,0.40215663546959,9.747008553162553
30.25842465480917,0.749999999999999,795.5625949215912,0.3940417519905559,9.754202802860235
30.25842465480917,0.749999999999999,795.5625949215912,0.3940417519905559,9.754202802860235
30.204905884321743,0.7499999999999996,794.4952333018152,0.38277581336223426,9.733652287218286
30.204905884321743,0.7499999999999996,794.4952333018152,0.38277581336223426,9.733652287218286
30.204905884321743,0.7499999999999996,794.4952333018152,0.38277581336223426,9.733652287218286
30.204905884321743,0.7499999999999996,794.4952333018152,0.38277581336223426,9.733652287218286
30.204905884321743,0.7499999999999996,794.4952333018152,0.38277581336223426,9.733652287218286
30.204905884321743,0.7499999999999996,794.4952333018152,0.38277581336223426,9.733652287218286
30.204905884321743,0.7499999999999996,794.4952333018152,0.38277581336223426,9.733652287218286
30.204905884321743,0.7499999999999996,794.4952333018152,0.38277581336223426,9.733652287218286
30.204905884321743,0.7499999999999996,794.4952333018152,0.38277581336223426,9.733652287218286
30.204905884321743,0.7499999999999996,794.4952333018152,0.38277581336223426,9.733652287218286
30.263711163512536,0.7499999999999991,794.2110987835293,0.39322636103638703,9.732677833706495
30.263711163512536,0.7499999999999991,794.2110987835293,0.39322636103638703,9.732677833706495
30.263711163512536,0.7499999999999991,794.2110987835293,0.39322636103638703,9.732677833706495
30.263711163512536,0.7499999999999991,794.2110987835293,0.39322636103638703,9.732677833706495
29.986880854282113,0.7499999999999991,793.1201743670483,0.38663097607095165,9.69326776755345
30.073393689935497,0.7499999999999981,793.8104178892354,0.3998756052368449,9.71031450499736
30.073393689935497,0.7499999999999981,793.8104178892354,0.3998756052368449,9.71031450499736
30.129758314075882,0.7499999999999992,795.6921674017307,0.3972156347195399,9.724662353598708
30.129758314075882,0.7499999999999992,795.6921674017307,0.3972156347195399,9.724662353598708
30.129758314075882,0.7499999999999992,795.6921674017307,0.3972156347195399,9.724662353598708
30.129758314075882,0.7499999999999992,795.6921674017307,0.3972156347195399,9.724662353598708
29.967527994110345,0.7499999999999984,795.4633744077809,0.41334762997850544,9.700478361070804
29.967527994110345,0.7499999999999984,795.4633744077809,0.41334762997850544,9.700478361070804
29.967527994110345,0.7499999999999984,795.4633744077809,0.41334762997850544,9.700478361070804
29.904369846898174,0.7499999999999996,794.326920836755,0.4140327000156635,9.641808735751194
29.904369846898174,0.7499999999999996,794.326920836755,0.4140327000156635,9.641808735751194
29.904369846898174,0.7499999999999996,794.326920836755,0.4140327000156635,9.641808735751194
30.081332189072654,0.7499999999999996,792.9491538016613,0.42881772779793836,9.70492845182481
30.081332189072654,0.7499999999999996,792.9491538016613,0.42881772779793836,9.70492845182481
30.2211890249736,0.7499999999999981,793.6648721480459,0.45888184830804724,9.74103243242005
30.2211890249736,0.7499999999999981,793.6648721480459,0.45888184830804724,9.74103243242005
30.2211890249736,0.7499999999999981,793.6648721480459,0.45888184830804724,9.74103243242005
30.2211890249736,0.7499999999999981,793.6648721480459,0.45888184830804724,9.74103243242005
30.2211890249736,0.7499999999999981,793.6648721480459,0.45888184830804724,9.74103243242005
30.2211890249736,0.7499999999999981,793.6648721480459,0.45888184830804724,9.74103243242005
30.2211890249736,0.7499999999999981,793.6648721480459,0.45888184830804724,9.74103243242005
30.2211890249736,0.7499999999999981,793.6648721480459,0.45888184830804724,9.74103243242005
30.2211890249736,0.7499999999999981,793.6648721480459,0.45888184830804724,9.74103243242005
30.2211890249736,0.7499999999999981,793.6648721480459,0.45888184830804724,9.74103243242005
29.9978049235316,0.7500000000000001,793.3766679357707,0.45805658922530795,9.69050243543136
29.9978049235316,0.7500000000000001,793.3766679357707,0.45805658922530795,9.69050243543136
29.9978049235316,0.7500000000000001,793.3766679357707,0.45805658922530795,9.69050243543136
29.9978049235316,0.7500000000000001,793.3766679357707,0.45805658922530795,9.69050243543136
29.9978049235316,0.7500000000000001,793.3766679357707,0.45805658922530795,9.69050243543136
29.9978049235316,0.7500000000000001,793.3766679357707,0.45805658922530795,9.69050243543136
29.9978049235316,0.7500000000000001,793.3766679357707,0.45805658922530795,9.69050243543136
29.857651300814947,0.7499999999999983,796.258318129946,0.46479016925453337,9.715632030750566
29.857651300814947,0.7499999999999983,796.258318129946,0.46479016925453337,9.715632030750566
29.857651300814947,0.7499999999999983,796.258318129946,0.46479016925453337,9.715632030750566
29.857651300814947,0.7499999999999983,796.258318129946,0.46479016925453337,9.715632030750566
29.857651300814947,0.7499999999999983,796.258318129946,0.46479016925453337,9.715632030750566
29.857651300814947,0.7499999999999983,796.258318129946,0.46479016925453337,9.715632030750566
29.857651300814947,0.7499999999999983,796.258318129946,0.46479016925453337,9.715632030750566
29.857651300814947,0.7499999999999983,796.258318129946,0.46479016925453337,9.715632030750566
29.857651300814947,0.7499999999999983,796.258318129946,0.46479016925453337,9.715632030750566
29.857651300814947,0.7499999999999983,796.258318129946,0.46479016925453337,9.715632030750566
29.857651300814947,0.7499999999999983,796.258318129946,0.46479016925453337,9.715632030750566
29.623038182465677,0.7499999999999996,795.4981620798771,0.4316599644954277,9.707388269063662
29.738542501323646,0.7499999999999994,793.4138073560088,0.43010351956442056,9.670849502971327
29.738542501323646,0.7499999999999994,793.4138073560088,0.43010351956442056,9.670849502971327
29.738542501323646,0.7499999999999994,793.4138073560088,0.43010351956442056,9.670849502971327
29.738542501323646,0.7499999999999994,793.4138073560088,0.43010351956442056,9.670849502971327
29.738542501323646,0.7499999999999994,793.4138073560088,0.43010351956442056,9.670849502971327
29.738542501323646,0.7499999999999994,793.4138073560088,0.43010351956442056,9.670849502971327
29.893672986387493,0.7499999999999996,793.4276045588315,0.4362344756485276,9.677387623179191
29.77567686987564,0.7499999999999997,792.7825951267781,0.46891062118646665,9.650940908393892
29.77567686987564,0.7499999999999997,792.7825951267781,0.46891062118646665,9.650940908393892
29.998071484960835,0.7499999999999986,792.5785724432856,0.5132554641730299,9.662026355615506
29.998071484960835,0.7499999999999986,792.5785724432856,0.5132554641730299,9.662026355615506
29.998071484960835,0.7499999999999986,792.5785724432856,0.5132554641730299,9.662026355615506
29.996578449556246,0.749999999999999,791.0982890870505,0.4923248470037166,9.695052186594392
29.996578449556246,0.749999999999999,791.0982890870505,0.4923248470037166,9.695052186594392
29.996578449556246,0.749999999999999,791.0982890870505,0.4923248470037166,9.695052186594392
29.99549850889388,0.7499999999999986,791.1678380202364,0.5001076516524245,9.735957346915503
29.99549850889388,0.7499999999999986,791.1678380202364,0.5001076516524245,9.735957346915503
29.99549850889388,0.7499999999999986,791.1678380202364,0.5001076516524245,9.735957346915503
29.99549850889388,0.7499999999999986,791.1678380202364,0.5001076516524245,9.735957346915503
29.99549850889388,0.7499999999999986,791.1678380202364,0.5001076516524245,9.735957346915503
29.99549850889388,0.7499999999999986,791.1678380202364,0.5001076516524245,9.735957346915503
29.879276505290754,0.7499999999999987,790.2933879819669,0.4836945955514521,9.692617339310214
29.669358491898944,0.7499999999999968,791.6072499184132,0.4806393525024744,9.740497765533046
29.669358491898944,0.7499999999999968,791.6072499184132,0.4806393525024744,9.740497765533046
29.669358491898944,0.7499999999999968,791.6072499184132,0.4806393525024744,9.740497765533046
29.669358491898944,0.7499999999999968,791.6072499184132,0.4806393525024744,9.740497765533046
29.81785103729071,0.7499999999999998,790.9207495263994,0.46970881302347495,9.727441132282724
29.66503508256369,0.7499999999999998,787.5756900397264,0.45760290995522895,9.671623935228604
29.617155628024836,0.7499999999999993,789.1722508512182,0.46658434353829603,9.640979871499198
29.617155628024836,0.7499999999999993,789.1722508512182,0.46658434353829603,9.640979871499198
29.706690032662134,0.7500000000000001,790.2501375018327,0.45428472776513745,9.642288601646229
29.708446905934757,0.7499999999999992,792.1705508768538,0.45280619972831576,9.696991025783683
29.708446905934757,0.7499999999999992,792.1705508768538,0.45280619972831576,9.696991025783683
29.708446905934757,0.7499999999999992,792.1705508768538,0.45280619972831576,9.696991025783683
29.708446905934757,0.7499999999999992,792.1705508768538,0.45280619972831576,9.696991025783683
29.708698599208592,0.749999999999999,792.5831022068901,0.4570578217625164,9.711516826078403
29.782981713818913,0.7499999999999991,793.7364174248687,0.45103667508577266,9.698281833734322
29.96009625275487,0.7499999999999997,795.8981693704021,0.4381575919811137,9.727644117191039
29.96009625275487,0.7499999999999997,795.8981693704021,0.4381575919811137,9.727644117191039
29.96009625275487,0.7499999999999997,795.8981693704021,0.4381575919811137,9.727644117191039
30.048125029768478,0.7499999999999992,799.0855290308525,0.4585426605866644,9.77069778812196
30.113112073871843,0.749999999999999,797.1049568941002,0.42390333407023184,9.713180692322727
30.113112073871843,0.749999999999999,797.1049568941002,0.42390333407023184,9.713180692322727
30.113112073871843,0.749999999999999,797.1049568941002,0.42390333407023184,9.713180692322727
30.113112073871843,0.749999999999999,797.1049568941002,0.42390333407023184,9.713180692322727
30.113112073871843,0.749999999999999,797.1049568941002,0.42390333407023184,9.713180692322727
30.113112073871843,0.749999999999999,797.1049568941002,0.42390333407023184,9.713180692322727
30.113112073871843,0.749999999999999,797.1049568941002,0.42390333407023184,9.713180692322727
30.20792387584764,0.7499999999999994,799.2870466664625,0.47220004349031747,9.768998590261187
30.20792387584764,0.7499999999999994,799.2870466664625,0.47220004349031747,9.768998590261187
30.20792387584764,0.7499999999999994,799.2870466664625,0.47220004349031747,9.768998590261187
30.269454858692185,0.749999999999999,800.0978863957077,0.4578082818278104,9.772716313648445
30.269454858692185,0.749999999999999,800.0978863957077,0.4578082818278104,9.772716313648445
30.269454858692185,0.749999999999999,800.0978863957077,0.4578082818278104,9.772716313648445
30.269454858692185,0.749999999999999,800.0978863957077,0.4578082818278104,9.772716313648445
30.269454858692185,0.749999999999999,800.0978863957077,0.4578082818278104,9.772716313648445
30.269454858692185,0.749999999999999,800.0978863957077,0.4578082818278104,9.772716313648445
30.269454858692185,0.749999999999999,800.0978863957077,0.4578082818278104,9.772716313648445
30.269454858692185,0.749999999999999,800.0978863957077,0.4578082818278104,9.772716313648445
30.269454858692185,0.749999999999999,800.0978863957077,0.4578082818278104,9.772716313648445
30.269454858692185,0.749999999999999,800.0978863957077,0.4578082818278104,9.772716313648445
30.269454858692185,0.749999999999999,800.0978863957077,0.4578082818278104,9.772716313648445
30.309133156128826,0.7499999999999991,799.6362565057352,0.4522916349407377,9.705355121153573
30.309133156128826,0.7499999999999991,799.6362565057352,0.4522916349407377,9.705355121153573
30.347919648839543,0.75,798.7357788243735,0.4330382284590584,9.699558679057551
30.347919648839543,0.75,798.7357788243735,0.4330382284590584,9.699558679057551
30.347919648839543,0.75,798.7357788243735,0.4330382284590584,9.699558679057551
30.34923267108706,0.7499999999999984,796.4833800911571,0.41374956492277976,9.69786125589395
30.48460922404872,0.7499999999999989,795.3091371118421,0.4057386366359097,9.699860614730156
30.48460922404872,0.7499999999999989,795.3091371118421,0.4057386366359097,9.699860614730156
30.48460922404872,0.7499999999999989,795.3091371118421,0.4057386366359097,9.699860614730156
30.477054705998125,0.7499999999999992,796.1097560175323,0.42078098338031367,9.727163621977112
30.477054705998125,0.7499999999999992,796.1097560175323,0.42078098338031367,9.727163621977112
30.477054705998125,0.7499999999999992,796.1097560175323,0.42078098338031367,9.727163621977112
30.580280530693212,0.7499999999999998,796.9202632916957,0.43659534910517617,9.761627944735746
30.504689792352394,0.7499999999999993,795.8223410563972,0.4385424681469677,9.715517045006214
30.504689792352394,0.7499999999999993,795.8223410563972,0.4385424681469677,9.715517045006214
30.756927465206203,0.7499999999999996,797.7482025305452,0.4708242586970977,9.765249399239579
30.676156523858538,0.7499999999999998,798.3831030650807,0.44352037052907434,9.764061581178339
30.676156523858538,0.7499999999999998,798.3831030650807,0.44352037052907434,9.764061581178339
30.771882035520516,0.7499999999999991,798.5545991630647,0.46671265787959576,9.816098066083745
30.96821057148918,0.7500000000000002,798.5254983700097,0.46737220155458004,9.836636496111387
30.96821057148918,0.7500000000000002,798.5254983700097,0.46737220155458004,9.836636496111387
30.96821057148918,0.7500000000000002,798.5254983700097,0.46737220155458004,9.836636496111387
30.96821057148918,0.7500000000000002,798.5254983700097,0.46737220155458004,9.836636496111387
30.96821057148918,0.7500000000000002,798.5254983700097,0.46737220155458004,9.836636496111387
30.96821057148918,0.7500000000000002,798.5254983700097,0.46737220155458004,9.836636496111387
31.134424037782104,0.749999999999998,796.6288955117936,0.47706404701147104,9.853530318426781
31.134424037782104,0.749999999999998,796.6288955117936,0.47706404701147104,9.853530318426781
31.134424037782104,0.749999999999998,796.6288955117936,0.47706404701147104,9.853530318426781
31.134424037782104,0.749999999999998,796.6288955117936,0.47706404701147104,9.853530318426781
31.00352469191576,0.7499999999999996,799.7580211741755,0.46966400811558645,9.932175938921702
31.00352469191576,0.7499999999999996,799.7580211741755,0.46966400811558645,9.932175938921702
31.00352469191576,0.7499999999999996,799.7580211741755,0.46966400811558645,9.932175938921702
31.00352469191576,0.7499999999999996,799.7580211741755,0.46966400811558645,9.932175938921702
31.103774607851573,0.7499999999999996,803.0628137558668,0.47863827561471006,10.00584512039589
31.02971221861232,0.7500000000000002,803.4649128457869,0.4758061947810458,9.984027144267746
31.02971221861232,0.7500000000000002,803.4649128457869,0.4758061947810458,9.984027144267746
31.02971221861232,0.7500000000000002,803.4649128457869,0.4758061947810458,9.984027144267746
30.811856778799076,0.7499999999999994,801.9502388080235,0.467743495298562,9.89579900901262
30.811856778799076,0.7499999999999994,801.9502388080235,0.467743495298562,9.89579900901262
30.811856778799076,0.7499999999999994,801.9502388080235,0.467743495298562,9.89579900901262
30.811856778799076,0.7499999999999994,801.9502388080235,0.467743495298562,9.89579900901262
30.811856778799076,0.7499999999999994,801.9502388080235,0.467743495298562,9.89579900901262
30.811856778799076,0.7499999999999994,801.9502388080235,0.467743495298562,9.89579900901262
30.811856778799076,0.7499999999999994,801.9502388080235,0.467743495298562,9.89579900901262
30.811856778799076,0.7499999999999994,801.9502388080235,0.467743495298562,9.89579900901262
30.83351795737263,0.7499999999999999,799.7132087501649,0.44533290637926803,9.80157502618415
30.68859588548348,0.7499999999999996,801.5280139769156,0.44659308732655767,9.77954624351597
30.782390644169553,0.7499999999999992,800.9307124016681,0.4363645684658534,9.756299256695678
30.782390644169553,0.7499999999999992,800.9307124016681,0.4363645684658534,9.756299256695678
30.61713893042736,0.7499999999999991,800.3448276425444,0.3981118775843981,9.69886810404943
30.61713893042736,0.7499999999999991,800.3448276425444,0.3981118775843981,9.69886810404943
30.61713893042736,0.7499999999999991,800.3448276425444,0.3981118775843981,9.69886810404943
30.61713893042736,0.7499999999999991,800.3448276425444,0.3981118775843981,9.69886810404943
30.61713893042736,0.7499999999999991,800.3448276425444,0.3981118775843981,9.69886810404943
30.583453792597748,0.7499999999999991,800.511344121769,0.391707455622264,9.686729585459513
30.583453792597748,0.7499999999999991,800.511344121769,0.391707455622264,9.686729585459513
30.292191483935117,0.7499999999999989,804.1655852265349,0.4012048395283827,9.717625864363294
30.292191483935117,0.7499999999999989,804.1655852265349,0.4012048395283827,9.717625864363294
30.292191483935117,0.7499999999999989,804.1655852265349,0.4012048395283827,9.717625864363294
30.292191483935117,0.7499999999999989,804.1655852265349,0.4012048395283827,9.717625864363294
30.292191483935117,0.7499999999999989,804.1655852265349,0.4012048395283827,9.717625864363294
30.292191483935117,0.7499999999999989,804.1655852265349,0.4012048395283827,9.717625864363294
30.24153841340888,0.7499999999999989,802.3760954933557,0.3939483458074542,9.680887162894212
30.152013578598382,0.7499999999999986,802.6497893607715,0.4003446919896153,9.70976956521412
30.152013578598382,0.7499999999999986,802.6497893607715,0.4003446919896153,9.70976956521412
30.152013578598382,0.7499999999999986,802.6497893607715,0.4003446919896153,9.70976956521412
30.152013578598382,0.7499999999999986,802.6497893607715,0.4003446919896153,9.70976956521412
30.152013578598382,0.7499999999999986,802.6497893607715,0.4003446919896153,9.70976956521412
30.65661209332528,0.749999999999998,808.5103357680157,0.44061197555348447,9.801497135691605
30.65661209332528,0.749999999999998,808.5103357680157,0.44061197555348447,9.801497135691605
30.65661209332528,0.749999999999998,808.5103357680157,0.44061197555348447,9.801497135691605
30.65661209332528,0.749999999999998,808.5103357680157,0.44061197555348447,9.801497135691605
30.65661209332528,0.749999999999998,808.5103357680157,0.44061197555348447,9.801497135691605
30.827519947151377,0.7499999999999991,809.9450542054071,0.47967082342441425,9.837473992473088
30.820138025197338,0.7499999999999991,809.5165974902023,0.4878344054588517,9.858869353722685
30.591324823715695,0.7499999999999994,806.3142331965573,0.48920883891773664,9.799419713077612
30.591324823715695,0.7499999999999994,806.3142331965573,0.48920883891773664,9.799419713077612
30.591324823715695,0.7499999999999994,806.3142331965573,0.48920883891773664,9.799419713077612
30.591324823715695,0.7499999999999994,806.3142331965573,0.48920883891773664,9.799419713077612
30.585324452004347,0.7499999999999987,805.6953907821221,0.4674710932956063,9.737905164570625
30.585324452004347,0.7499999999999987,805.6953907821221,0.4674710932956063,9.737905164570625
30.585324452004347,0.7499999999999987,805.6953907821221,0.4674710932956063,9.737905164570625
30.585324452004347,0.7499999999999987,805.6953907821221,0.4674710932956063,9.737905164570625
30.529780256527555,0.7499999999999991,804.7638065942698,0.4493609564488272,9.687586439950923
30.67314552689129,0.749999999999999,805.996555087151,0.4550449463230051,9.670416830421823
30.67314552689129,0.749999999999999,805.996555087151,0.4550449463230051,9.670416830421823
30.67314552689129,0.749999999999999,805.996555087151,0.4550449463230051,9.670416830421823
30.67314552689129,0.749999999999999,805.996555087151,0.4550449463230051,9.670416830421823
30.727732898208615,0.749999999999999,809.3188652182655,0.43804468993749823,9.719303837435907
30.67339108195358,0.7499999999999992,808.8335612851754,0.43434313743216135,9.666438036442603
30.67339108195358,0.7499999999999992,808.8335612851754,0.43434313743216135,9.666438036442603
30.67339108195358,0.7499999999999992,808.8335612851754,0.43434313743216135,9.666438036442603
30.29171032218664,0.7500000000000003,811.8372170062696,0.4312352011537218,9.709057438753575
30.29171032218664,0.7500000000000003,811.8372170062696,0.4312352011537218,9.709057438753575
30.29171032218664,0.7500000000000003,811.8372170062696,0.4312352011537218,9.709057438753575
30.29171032218664,0.7500000000000003,811.8372170062696,0.4312352011537218,9.709057438753575
30.287358699393625,0.7500000000000003,808.0708488262884,0.41955284869381904,9.641591761006975
30.287358699393625,0.7500000000000003,808.0708488262884,0.41955284869381904,9.641591761006975
30.287358699393625,0.7500000000000003,808.0708488262884,0.41955284869381904,9.641591761006975
30.287358699393625,0.7500000000000003,808.0708488262884,0.41955284869381904,9.641591761006975
30.164301756459334,0.75,809.994044476417,0.411557331092155,9.65391076892079
30.164301756459334,0.75,809.994044476417,0.411557331092155,9.65391076892079
30.164301756459334,0.75,809.994044476417,0.411557331092155,9.65391076892079
30.164301756459334,0.75,809.994044476417,0.411557331092155,9.65391076892079
30.164301756459334,0.75,809.994044476417,0.411557331092155,9.65391076892079
30.10387973295191,0.7499999999999994,806.2084391761584,0.3834998016423279,9.670087708558437
30.08039835260224,0.7499999999999999,809.7905837746647,0.39673346192076225,9.734095478074073
30.08039835260224,0.7499999999999999,809.7905837746647,0.39673346192076225,9.734095478074073
30.121235490021984,0.7499999999999997,809.0265670606244,0.4063952218391791,9.747527596029391
30.121235490021984,0.7499999999999997,809.0265670606244,0.4063952218391791,9.747527596029391
30.121235490021984,0.7499999999999997,809.0265670606244,0.4063952218391791,9.747527596029391
30.121235490021984,0.7499999999999997,809.0265670606244,0.4063952218391791,9.747527596029391
30.121235490021984,0.7499999999999997,809.0265670606244,0.4063952218391791,9.747527596029391
30.018268901422427,0.7499999999999994,809.482738097557,0.4052492951227182,9.738327713947992
30.018268901422427,0.7499999999999994,809.482738097557,0.4052492951227182,9.738327713947992
30.018268901422427,0.7499999999999994,809.482738097557,0.4052492951227182,9.738327713947992
30.018268901422427,0.7499999999999994,809.482738097557,0.4052492951227182,9.738327713947992
30.12874054095817,0.7499999999999999,809.2135538457138,0.42079607900709254,9.766831805054164
30.12874054095817,0.7499999999999999,809.2135538457138,0.42079607900709254,9.766831805054164
30.10852958715631,0.749999999999999,809.2068966731972,0.44143227523226425,9.825399270729102
30.108660177223225,0.7499999999999991,807.6137753307509,0.468540222713606,9.79740458818848
30.108660177223225,0.7499999999999991,807.6137753307509,0.468540222713606,9.79740458818848
30.131616957692515,0.7499999999999989,807.004998035901,0.4692059182335109,9.7734217393886
30.131616957692515,0.7499999999999989,807.004998035901,0.4692059182335109,9.7734217393886
30.131616957692515,0.7499999999999989,807.004998035901,0.4692059182335109,9.7734217393886
30.131616957692515,0.7499999999999989,807.004998035901,0.4692059182335109,9.7734217393886
30.18430012045797,0.7499999999999997,807.4218454784151,0.5370689557606555,9.751563383981495
30.18430012045797,0.7499999999999997,807.4218454784151,0.5370689557606555,9.751563383981495
30.18430012045797,0.7499999999999997,807.4218454784151,0.5370689557606555,9.751563383981495
30.18430012045797,0.7499999999999997,807.4218454784151,0.5370689557606555,9.751563383981495
30.18430012045797,0.7499999999999997,807.4218454784151,0.5370689557606555,9.751563383981495
30.18430012045797,0.7499999999999997,807.4218454784151,0.5370689557606555,9.751563383981495
30.18430012045797,0.7499999999999997,807.4218454784151,0.5370689557606555,9.751563383981495
30.18430012045797,0.7499999999999997,807.4218454784151,0.5370689557606555,9.751563383981495
30.18430012045797,0.7499999999999997,807.4218454784151,0.5370689557606555,9.751563383981495
30.18430012045797,0.7499999999999997,807.4218454784151,0.5370689557606555,9.751563383981495
29.967291988745977,0.7499999999999988,805.2544202274926,0.5041820557823585,9.696319476878557
29.967291988745977,0.7499999999999988,805.2544202274926,0.5041820557823585,9.696319476878557
29.967291988745977,0.7499999999999988,805.2544202274926,0.5041820557823585,9.696319476878557
29.967291988745977,0.7499999999999988,805.2544202274926,0.5041820557823585,9.696319476878557
29.967291988745977,0.7499999999999988,805.2544202274926,0.5041820557823585,9.696319476878557
29.967291988745977,0.7499999999999988,805.2544202274926,0.5041820557823585,9.696319476878557
29.967291988745977,0.7499999999999988,805.2544202274926,0.5041820557823585,9.696319476878557
29.967291988745977,0.7499999999999988,805.2544202274926,0.5041820557823585,9.696319476878557
29.858743357463247,0.7499999999999986,804.7981290521217,0.4519715749425717,9.711599890478004
29.858743357463247,0.7499999999999986,804.7981290521217,0.4519715749425717,9.711599890478004
29.591977416805758,0.7499999999999993,804.2725885427263,0.43394621954581997,9.717832391727825
29.591977416805758,0.7499999999999993,804.2725885427263,0.43394621954581997,9.717832391727825
29.591977416805758,0.7499999999999993,804.2725885427263,0.43394621954581997,9.717832391727825
29.591977416805758,0.7499999999999993,804.2725885427263,0.43394621954581997,9.717832391727825
29.591977416805758,0.7499999999999993,804.2725885427263,0.43394621954581997,9.717832391727825
29.591977416805758,0.7499999999999993,804.2725885427263,0.43394621954581997,9.717832391727825
29.591977416805758,0.7499999999999993,804.2725885427263,0.43394621954581997,9.717832391727825
29.591977416805758,0.7499999999999993,804.2725885427263,0.43394621954581997,9.717832391727825
29.694325393705554,0.7499999999999989,805.3231834305143,0.4310037407495648,9.741990585490953
29.738087945679123,0.7500000000000002,805.2407516728928,0.4258773890339099,9.760370831279673
29.738087945679123,0.7500000000000002,805.2407516728928,0.4258773890339099,9.760370831279673
29.690335557004065,0.7500000000000001,803.1936814376976,0.4120279871118547,9.731732888202643
29.71708037970187,0.7499999999999998,803.9650641399817,0.4199049465646531,9.717108568576142
29.71708037970187,0.7499999999999998,803.9650641399817,0.4199049465646531,9.717108568576142
29.71708037970187,0.7499999999999998,803.9650641399817,0.4199049465646531,9.717108568576142
29.71708037970187,0.7499999999999998,803.9650641399817,0.4199049465646531,9.717108568576142
29.608694309541264,0.7499999999999987,807.7149890352136,0.42268920701753027,9.780045773733454
29.608694309541264,0.7499999999999987,807.7149890352136,0.42268920701753027,9.780045773733454
29.608694309541264,0.7499999999999987,807.7149890352136,0.42268920701753027,9.780045773733454
29.661350777185024,0.7499999999999992,809.3017913569875,0.4435897461543444,9.83658174442275
29.429336649254825,0.7499999999999984,807.4279629598481,0.42982903357588614,9.75978221448907
29.44757475647288,0.7499999999999989,806.7007862385484,0.4273078362448057,9.791739360943566
29.44757475647288,0.7499999999999989,806.7007862385484,0.4273078362448057,9.791739360943566
29.44757475647288,0.7499999999999989,806.7007862385484,0.4273078362448057,9.791739360943566
29.44757475647288,0.7499999999999989,806.7007862385484,0.4273078362448057,9.791739360943566
29.44757475647288,0.7499999999999989,806.7007862385484,0.4273078362448057,9.791739360943566
29.511753436492594,0.749999999999999,809.0196198278226,0.47147193925532865,9.830893708458785
29.511753436492594,0.749999999999999,809.0196198278226,0.47147193925532865,9.830893708458785
29.511753436492594,0.749999999999999,809.0196198278226,0.47147193925532865,9.830893708458785
29.50643325597976,0.7499999999999982,804.9911336664427,0.4689990072127237,9.733133366023221
29.50643325597976,0.7499999999999982,804.9911336664427,0.4689990072127237,9.733133366023221
29.65234752198506,0.7499999999999991,803.0604539322874,0.4690424634318273,9.730560107567033
29.65234752198506,0.7499999999999991,803.0604539322874,0.4690424634318273,9.730560107567033
29.79368924108888,0.7499999999999971,802.7711382024468,0.48313756992587714,9.748512054389838
29.79368924108888,0.7499999999999971,802.7711382024468,0.48313756992587714,9.748512054389838
30.070378205391165,0.7499999999999996,803.444254076351,0.4954123022910361,9.817398670614807
29.960666334669252,0.7499999999999991,802.6348680652411,0.48494288813112235,9.804585326081153
30.264435560863685,0.7500000000000002,803.9229501945424,0.4850322847956568,9.855850748162784
30.264435560863685,0.7500000000000002,803.9229501945424,0.4850322847956568,9.855850748162784
30.43065361875819,0.7500000000000001,803.6548212044464,0.4891224396157834,9.89694532848343
29.956823342409354,0.7499999999999993,800.3491348475312,0.40818380724174624,9.73646880905066
30.145101072781422,0.7499999999999999,800.0207323438096,0.41820320513511083,9.766858827415694
30.145101072781422,0.7499999999999999,800.0207323438096,0.41820320513511083,9.766858827415694
30.35359318735917,0.7499999999999989,802.0306863447863,0.41582852080944316,9.795870963078363
30.506030878280114,0.7499999999999987,802.2903741540907,0.4166169726664292,9.755595297051457
30.506030878280114,0.7499999999999987,802.2903741540907,0.4166169726664292,9.755595297051457
30.384537135402407,0.7499999999999996,802.0724780348507,0.4127178250342173,9.774123675980523
30.384537135402407,0.7499999999999996,802.0724780348507,0.4127178250342173,9.774123675980523
30.2251213970626,0.75,801.3557635381942,0.39895242732101277,9.737819249991427
30.2251213970626,0.75,801.3557635381942,0.39895242732101277,9.737819249991427
30.01442313622808,0.7499999999999997,800.5613644720357,0.4059481162901527,9.740156426274236
30.01442313622808,0.7499999999999997,800.5613644720357,0.4059481162901527,9.740156426274236
30.01442313622808,0.7499999999999997,800.5613644720357,0.4059481162901527,9.740156426274236
30.01442313622808,0.7499999999999997,800.5613644720357,0.4059481162901527,9.740156426274236
30.203347082177142,0.7499999999999998,803.8957510778155,0.4196176800749187,9.789358304911193
30.203347082177142,0.7499999999999998,803.8957510778155,0.4196176800749187,9.789358304911193
30.111304410707927,0.7499999999999993,805.2449206471583,0.4164167583608142,9.824093240731461
30.31711317773533,0.7499999999999997,804.1322298248815,0.4113582694668811,9.860735282087427
30.31711317773533,0.7499999999999997,804.1322298248815,0.4113582694668811,9.860735282087427
30.31711317773533,0.7499999999999997,804.1322298248815,0.4113582694668811,9.860735282087427
30.305745738737784,0.75,804.192219492904,0.41702622712637555,9.882087401737218
30.305745738737784,0.75,804.192219492904,0.41702622712637555,9.882087401737218
30.305745738737784,0.75,804.192219492904,0.41702622712637555,9.882087401737218
30.305745738737784,0.75,804.192219492904,0.41702622712637555,9.882087401737218
30.305745738737784,0.75,804.192219492904,0.41702622712637555,9.882087401737218
30.4724939297143,0.7499999999999994,803.4314326632443,0.43059291624112184,9.86469439005774
30.4724939297143,0.7499999999999994,803.4314326632443,0.43059291624112184,9.86469439005774
30.4724939297143,0.7499999999999994,803.4314326632443,0.43059291624112184,9.86469439005774
30.4724939297143,0.7499999999999994,803.4314326632443,0.43059291624112184,9.86469439005774
30.633367330478787,0.7500000000000003,803.8519391745864,0.4553068209758885,9.908497490827326
30.633367330478787,0.7500000000000003,803.8519391745864,0.4553068209758885,9.908497490827326
30.575776637199567,0.7499999999999993,802.8453426255013,0.4466189880967489,9.933148621040754
30.575776637199567,0.7499999999999993,802.8453426255013,0.4466189880967489,9.933148621040754
30.39563006781343,0.7499999999999994,802.2385936336754,0.4201420266007995,9.873849933510726
30.39563006781343,0.7499999999999994,802.2385936336754,0.4201420266007995,9.873849933510726
30.573361131645516,0.7500000000000002,802.7580379417976,0.42935868957966566,9.856713854086275
30.573361131645516,0.7500000000000002,802.7580379417976,0.42935868957966566,9.856713854086275
30.175845626029435,0.7499999999999998,802.2703995155385,0.4057149677449509,9.800419596057704
30.175845626029435,0.7499999999999998,802.2703995155385,0.4057149677449509,9.800419596057704
30.140306201177246,0.7499999999999992,803.4721208437774,0.4005075800568419,9.8235562430827
30.140306201177246,0.7499999999999992,803.4721208437774,0.4005075800568419,9.8235562430827
30.140306201177246,0.7499999999999992,803.4721208437774,0.4005075800568419,9.8235562430827
30.140306201177246,0.7499999999999992,803.4721208437774,0.4005075800568419,9.8235562430827
30.229562642192228,0.7499999999999996,803.8969776339836,0.4030525173626835,9.831160509653316
30.45464562739815,0.7500000000000002,806.4475295112768,0.42673436142451565,9.878083216384539
30.45464562739815,0.7500000000000002,806.4475295112768,0.42673436142451565,9.878083216384539
30.45464562739815,0.7500000000000002,806.4475295112768,0.42673436142451565,9.878083216384539
30.45464562739815,0.7500000000000002,806.4475295112768,0.42673436142451565,9.878083216384539
30.45464562739815,0.7500000000000002,806.4475295112768,0.42673436142451565,9.878083216384539
30.45464562739815,0.7500000000000002,806.4475295112768,0.42673436142451565,9.878083216384539
30.45464562739815,0.7500000000000002,806.4475295112768,0.42673436142451565,9.878083216384539
30.45464562739815,0.7500000000000002,806.4475295112768,0.42673436142451565,9.878083216384539
30.021886821433625,0.7499999999999992,807.9184936997648,0.4203435997706661,9.844228588839432
30.021886821433625,0.7499999999999992,807.9184936997648,0.4203435997706661,9.844228588839432
30.021886821433625,0.7499999999999992,807.9184936997648,0.4203435997706661,9.844228588839432
30.021886821433625,0.7499999999999992,807.9184936997648,0.4203435997706661,9.844228588839432
29.901657898197513,0.7499999999999987,808.6939170760276,0.40588140054924987,9.82740302852153
29.901657898197513,0.7499999999999987,808.6939170760276,0.40588140054924987,9.82740302852153
29.901657898197513,0.7499999999999987,808.6939170760276,0.40588140054924987,9.82740302852153
29.901657898197513,0.7499999999999987,808.6939170760276,0.40588140054924987,9.82740302852153
29.901657898197513,0.7499999999999987,808.6939170760276,0.40588140054924987,9.82740302852153
29.9707446838277,0.7499999999999999,804.1795170321561,0.3968822995195188,9.793645127307354
29.9707446838277,0.7499999999999999,804.1795170321561,0.3968822995195188,9.793645127307354
29.9707446838277,0.7499999999999999,804.1795170321561,0.3968822995195188,9.793645127307354
29.9707446838277,0.7499999999999999,804.1795170321561,0.3968822995195188,9.793645127307354
29.852849461937314,0.7499999999999994,804.4955607155889,0.39135170803297464,9.805069850439825
29.788522343948962,0.7499999999999991,804.2567989278151,0.3917544721664248,9.784716784024408
29.678969473785973,0.7499999999999989,803.0060588663025,0.38863579843724944,9.759849610197392
29.678969473785973,0.7499999999999989,803.0060588663025,0.38863579843724944,9.759849610197392
29.8493081970677,0.7499999999999994,801.8541947382403,0.3870617268215331,9.780826630580085
29.757834835269332,0.7499999999999996,800.8590343569665,0.38746307126222995,9.763041584716285
29.757834835269332,0.7499999999999996,800.8590343569665,0.38746307126222995,9.763041584716285
29.757834835269332,0.7499999999999996,800.8590343569665,0.38746307126222995,9.763041584716285
29.757834835269332,0.7499999999999996,800.8590343569665,0.38746307126222995,9.763041584716285
29.757834835269332,0.7499999999999996,800.8590343569665,0.38746307126222995,9.763041584716285
29.757834835269332,0.7499999999999996,800.8590343569665,0.38746307126222995,9.763041584716285
29.686242559598014,0.7499999999999981,797.1440599603068,0.3797776056181257,9.664986172554588
29.551065862420568,0.7499999999999996,800.4581761254695,0.36821728081801436,9.656456718368773
29.551065862420568,0.7499999999999996,800.4581761254695,0.36821728081801436,9.656456718368773
29.733664146640088,0.7499999999999997,804.441228109107,0.39535835688593507,9.699503778150298
29.733664146640088,0.7499999999999997,804.441228109107,0.39535835688593507,9.699503778150298
29.606483121384464,0.7500000000000002,803.3008490670867,0.3891630856800259,9.68536909537237
29.55267241102164,0.7499999999999992,803.2668145073537,0.3939148271606283,9.680714013264359
29.422906999922162,0.7499999999999996,803.1501403605739,0.39706645900901744,9.739676684384127
29.422906999922162,0.7499999999999996,803.1501403605739,0.39706645900901744,9.739676684384127
29.426670354762177,0.7499999999999984,799.2769752785871,0.3819346991643625,9.677726639912695
29.50791553169754,0.7499999999999996,800.8395640661635,0.3928873243022566,9.720711179353518
29.50791553169754,0.7499999999999996,800.8395640661635,0.3928873243022566,9.720711179353518
29.210251369847768,0.7499999999999993,800.6251049770934,0.39448113590948325,9.72273917411415
29.210251369847768,0.7499999999999993,800.6251049770934,0.39448113590948325,9.72273917411415
29.265138417096303,0.7499999999999994,800.2620362024567,0.3994896887246403,9.711099889448821
29.265138417096303,0.7499999999999994,800.2620362024567,0.3994896887246403,9.711099889448821
29.265138417096303,0.7499999999999994,800.2620362024567,0.3994896887246403,9.711099889448821
29.265138417096303,0.7499999999999994,800.2620362024567,0.3994896887246403,9.711099889448821
29.265138417096303,0.7499999999999994,800.2620362024567,0.3994896887246403,9.711099889448821
29.265138417096303,0.7499999999999994,800.2620362024567,0.3994896887246403,9.711099889448821
29.410066270929278,0.7499999999999993,798.6260800920384,0.4004126887343462,9.72463616291395
29.410066270929278,0.7499999999999993,798.6260800920384,0.4004126887343462,9.72463616291395
29.315246217256828,0.749999999999999,796.567837462054,0.38348221191388204,9.67626045842023
29.315246217256828,0.749999999999999,796.567837462054,0.38348221191388204,9.67626045842023
29.315246217256828,0.749999999999999,796.567837462054,0.38348221191388204,9.67626045842023
29.315246217256828,0.749999999999999,796.567837462054,0.38348221191388204,9.67626045842023
29.340212395268992,0.7499999999999997,797.0905099242611,0.40194071980719887,9.698229567242308
29.340212395268992,0.7499999999999997,797.0905099242611,0.40194071980719887,9.698229567242308
29.39698996464652,0.7499999999999996,798.1774419479277,0.4109551875166834,9.76417900113898
29.39698996464652,0.7499999999999996,798.1774419479277,0.4109551875166834,9.76417900113898
29.39698996464652,0.7499999999999996,798.1774419479277,0.4109551875166834,9.76417900113898
29.39698996464652,0.7499999999999996,798.1774419479277,0.4109551875166834,9.76417900113898
29.39698996464652,0.7499999999999996,798.1774419479277,0.4109551875166834,9.76417900113898
29.39698996464652,0.7499999999999996,798.1774419479277,0.4109551875166834,9.76417900113898
29.39698996464652,0.7499999999999996,798.1774419479277,0.4109551875166834,9.76417900113898
29.39698996464652,0.7499999999999996,798.1774419479277,0.4109551875166834,9.76417900113898
29.58070805220338,0.7499999999999987,797.6978272793509,0.4046881994151594,9.759495376455703
29.58070805220338,0.7499999999999987,797.6978272793509,0.4046881994151594,9.759495376455703
29.517733900126245,0.7499999999999989,799.5101918705942,0.41581097737128847,9.827824631589152
29.517733900126245,0.7499999999999989,799.5101918705942,0.41581097737128847,9.827824631589152
29.517733900126245,0.7499999999999989,799.5101918705942,0.41581097737128847,9.827824631589152
29.44354687580912,0.7499999999999989,800.8386044087978,0.42077998047708504,9.799682120970962
29.514214850443715,0.7499999999999997,799.258236242571,0.4136737550258717,9.792753332968015
29.609755775542766,0.75,798.9401326482146,0.41462623199516263,9.80345976554511
29.540245027433947,0.7499999999999987,800.349751284163,0.41946261040787414,9.805382959376326
29.540245027433947,0.7499999999999987,800.349751284163,0.41946261040787414,9.805382959376326
29.540245027433947,0.7499999999999987,800.349751284163,0.41946261040787414,9.805382959376326
29.540245027433947,0.7499999999999987,800.349751284163,0.41946261040787414,9.805382959376326
29.540245027433947,0.7499999999999987,800.349751284163,0.41946261040787414,9.805382959376326
29.540245027433947,0.7499999999999987,800.349751284163,0.41946261040787414,9.805382959376326
29.540245027433947,0.7499999999999987,800.349751284163,0.41946261040787414,9.805382959376326
29.540245027433947,0.7499999999999987,800.349751284163,0.41946261040787414,9.805382959376326
29.540245027433947,0.7499999999999987,800.349751284163,0.41946261040787414,9.805382959376326
29.540245027433947,0.7499999999999987,800.349751284163,0.41946261040787414,9.805382959376326
29.73199104923295,0.7499999999999998,800.4208674536595,0.4109196630784677,9.814509439678895
29.73199104923295,0.7499999999999998,800.4208674536595,0.4109196630784677,9.814509439678895
29.73199104923295,0.7499999999999998,800.4208674536595,0.4109196630784677,9.814509439678895
29.73199104923295,0.7499999999999998,800.4208674536595,0.4109196630784677,9.814509439678895
29.73199104923295,0.7499999999999998,800.4208674536595,0.4109196630784677,9.814509439678895
29.73199104923295,0.7499999999999998,800.4208674536595,0.4109196630784677,9.814509439678895
29.73199104923295,0.7499999999999998,800.4208674536595,0.4109196630784677,9.814509439678895
29.73199104923295,0.7499999999999998,800.4208674536595,0.4109196630784677,9.814509439678895
29.654388071342556,0.7499999999999988,802.2380237183085,0.40173846454956563,9.789065556491128
29.654388071342556,0.7499999999999988,802.2380237183085,0.40173846454956563,9.789065556491128
29.581063495959633,0.7499999999999996,801.0302545309712,0.39979771520692814,9.768346203583977
29.689095053502072,0.7499999999999993,799.6447883774674,0.3871448473871509,9.736385503132658
29.689095053502072,0.7499999999999993,799.6447883774674,0.3871448473871509,9.736385503132658
29.729666932387836,0.7499999999999994,800.1958511498891,0.39932851605624675,9.745455967048745
29.729666932387836,0.7499999999999994,800.1958511498891,0.39932851605624675,9.745455967048745
29.729666932387836,0.7499999999999994,800.1958511498891,0.39932851605624675,9.745455967048745
29.836914097138735,0.7499999999999999,799.1659016735368,0.4001482527157227,9.81240265924249
30.355818230342155,0.749999999999999,799.4438620322492,0.41254507473056967,9.846034527548749
30.387669951955985,0.7499999999999998,797.8261068423343,0.40227481449612895,9.809391951950392
30.387669951955985,0.7499999999999998,797.8261068423343,0.40227481449612895,9.809391951950392
30.08595021645447,0.7499999999999994,798.4056965804904,0.38623892409303456,9.791576191168897
30.062625382458982,0.7499999999999989,799.0910401945649,0.3878754880791087,9.763314433266379
30.062625382458982,0.7499999999999989,799.0910401945649,0.3878754880791087,9.763314433266379
30.062625382458982,0.7499999999999989,799.0910401945649,0.3878754880791087,9.763314433266379
30.062625382458982,0.7499999999999989,799.0910401945649,0.3878754880791087,9.763314433266379
29.77135845824874,0.7499999999999991,798.6162593965628,0.36907467378089304,9.747244505978637
29.77108681512034,0.7500000000000001,798.4504235406122,0.3632893320297251,9.705691488195324
29.73832639510723,0.749999999999999,797.6326145287298,0.366164793820545,9.712511569158645
29.73832639510723,0.749999999999999,797.6326145287298,0.366164793820545,9.712511569158645
29.73832639510723,0.749999999999999,797.6326145287298,0.366164793820545,9.712511569158645
29.73832639510723,0.749999999999999,797.6326145287298,0.366164793820545,9.712511569158645
29.73832639510723,0.749999999999999,797.6326145287298,0.366164793820545,9.712511569158645
29.73832639510723,0.749999999999999,797.6326145287298,0.366164793820545,9.712511569158645
29.62409005265875,0.7499999999999991,798.0967507693466,0.36940228403592235,9.709004903303882
29.62409005265875,0.7499999999999991,798.0967507693466,0.36940228403592235,9.709004903303882
29.919358696600657,0.7500000000000001,796.0269487645159,0.3644361518735482,9.699215363765822
29.919358696600657,0.7500000000000001,796.0269487645159,0.3644361518735482,9.699215363765822
29.783821010330907,0.749999999999999,795.2965516485463,0.3589630150668042,9.655561213037242
29.783821010330907,0.749999999999999,795.2965516485463,0.3589630150668042,9.655561213037242
29.750145732506073,0.75,797.3109511503048,0.3590205790754635,9.640165040071704
29.750145732506073,0.75,797.3109511503048,0.3590205790754635,9.640165040071704
29.62997920941066,0.7499999999999998,801.4147317278737,0.3564158375027255,9.64743760063676
29.79135974967364,0.7500000000000002,799.6471950506158,0.3499081522424266,9.643863064371368
29.79135974967364,0.7500000000000002,799.6471950506158,0.3499081522424266,9.643863064371368
29.79135974967364,0.7500000000000002,799.6471950506158,0.3499081522424266,9.643863064371368
29.79135974967364,0.7500000000000002,799.6471950506158,0.3499081522424266,9.643863064371368
29.79135974967364,0.7500000000000002,799.6471950506158,0.3499081522424266,9.643863064371368
29.71043341553482,0.7499999999999988,799.5984544891076,0.3510109337988323,9.663653295303117
29.89706991554726,0.7499999999999988,798.2049099687978,0.34515487155381996,9.662053000926274
29.656455145445165,0.7499999999999999,797.0350353970279,0.33542817016106014,9.641601911108435
29.656455145445165,0.7499999999999999,797.0350353970279,0.33542817016106014,9.641601911108435
29.656455145445165,0.7499999999999999,797.0350353970279,0.33542817016106014,9.641601911108435
29.642641108400184,0.7499999999999973,796.6280059182915,0.3393719876953116,9.623603368607174
29.800008531539216,0.7499999999999997,798.6673089379053,0.35723209343515416,9.693837857022984
29.800008531539216,0.7499999999999997,798.6673089379053,0.35723209343515416,9.693837857022984
29.706975280898643,0.7499999999999988,796.5193792661394,0.3455629002747428,9.65688791956222
29.768857507759137,0.7499999999999996,798.5823350604888,0.3801723913203423,9.680715252589835
29.768857507759137,0.7499999999999996,798.5823350604888,0.3801723913203423,9.680715252589835
29.98549529784372,0.7499999999999997,795.1463348944163,0.3640108568659774,9.6387827098636
30.29434467702545,0.7499999999999996,795.8689506082882,0.37318409142184983,9.664181956383166
30.408219995603858,0.7499999999999996,797.1283848744345,0.42505131859063083,9.689492720281587
30.408219995603858,0.7499999999999996,797.1283848744345,0.42505131859063083,9.689492720281587
30.408219995603858,0.7499999999999996,797.1283848744345,0.42505131859063083,9.689492720281587
30.523130146792276,0.7499999999999994,797.5205840365304,0.489258360003203,9.702513543046432
30.403746869114787,0.7499999999999997,798.9366004250164,0.468105584511848,9.729740575632741
30.463716933060596,0.749999999999998,799.279808427337,0.47913549865542093,9.708601635038699
30.463716933060596,0.749999999999998,799.279808427337,0.47913549865542093,9.708601635038699
30.589953871759832,0.7499999999999994,799.971148293397,0.4773488386634726,9.762516684569064
30.201073998105063,0.7499999999999992,796.7880244316051,0.40323817772269377,9.736655681258942
30.201073998105063,0.7499999999999992,796.7880244316051,0.40323817772269377,9.736655681258942
30.201073998105063,0.7499999999999992,796.7880244316051,0.40323817772269377,9.736655681258942
30.201073998105063,0.7499999999999992,796.7880244316051,0.40323817772269377,9.736655681258942
30.201073998105063,0.7499999999999992,796.7880244316051,0.40323817772269377,9.736655681258942
30.201073998105063,0.7499999999999992,796.7880244316051,0.40323817772269377,9.736655681258942
30.201073998105063,0.7499999999999992,796.7880244316051,0.40323817772269377,9.736655681258942
30.225572092673076,0.7499999999999992,795.6697821100562,0.41127609672764887,9.733606380671656
30.144688811098845,0.7499999999999997,794.7459953572055,0.3999705090524318,9.700859554946419
30.398458924110464,0.7499999999999984,795.9045744214594,0.41774332622340676,9.738386180203113
30.398458924110464,0.7499999999999984,795.9045744214594,0.41774332622340676,9.738386180203113
30.398458924110464,0.7499999999999984,795.9045744214594,0.41774332622340676,9.738386180203113
30.398458924110464,0.7499999999999984,795.9045744214594,0.41774332622340676,9.738386180203113
30.398458924110464,0.7499999999999984,795.9045744214594,0.41774332622340676,9.738386180203113
30.18301686961938,0.7499999999999998,796.282576358861,0.40492419469361296,9.678324595752176
30.18301686961938,0.7499999999999998,796.282576358861,0.40492419469361296,9.678324595752176
30.18301686961938,0.7499999999999998,796.282576358861,0.40492419469361296,9.678324595752176
30.375457247625658,0.7499999999999989,794.2648251403912,0.401512584802714,9.672211870142537
30.375457247625658,0.7499999999999989,794.2648251403912,0.401512584802714,9.672211870142537
29.936362635428935,0.7499999999999994,797.154193510099,0.3697016642865498,9.657401027527294
29.79215656843736,0.7499999999999982,799.1958711425643,0.3673766875160447,9.640648770207587
29.79215656843736,0.7499999999999982,799.1958711425643,0.3673766875160447,9.640648770207587
29.79215656843736,0.7499999999999982,799.1958711425643,0.3673766875160447,9.640648770207587
29.79215656843736,0.7499999999999982,799.1958711425643,0.3673766875160447,9.640648770207587
29.918894201709346,0.7499999999999998,798.4014300545584,0.3633233987819173,9.670204153057139
29.918894201709346,0.7499999999999998,798.4014300545584,0.3633233987819173,9.670204153057139
29.918894201709346,0.7499999999999998,798.4014300545584,0.3633233987819173,9.670204153057139
29.918894201709346,0.7499999999999998,798.4014300545584,0.3633233987819173,9.670204153057139
29.918894201709346,0.7499999999999998,798.4014300545584,0.3633233987819173,9.670204153057139
29.918894201709346,0.7499999999999998,798.4014300545584,0.3633233987819173,9.670204153057139
30.20809870971947,0.7499999999999992,799.2907589793241,0.3826797710305317,9.691105383861274
30.20809870971947,0.7499999999999992,799.2907589793241,0.3826797710305317,9.691105383861274
30.20809870971947,0.7499999999999992,799.2907589793241,0.3826797710305317,9.691105383861274
30.193336847231507,0.7499999999999996,800.3292662959446,0.37487373359177417,9.681290202922227
30.160343874464385,0.7499999999999998,801.582858329545,0.3747135309053616,9.731019940238827
30.160343874464385,0.7499999999999998,801.582858329545,0.3747135309053616,9.731019940238827
30.160343874464385,0.7499999999999998,801.582858329545,0.3747135309053616,9.731019940238827
30.160343874464385,0.7499999999999998,801.582858329545,0.3747135309053616,9.731019940238827
30.160343874464385,0.7499999999999998,801.582858329545,0.3747135309053616,9.731019940238827
30.055141847169953,0.7499999999999994,801.8511005813995,0.36954846111606976,9.74758843374157
30.055141847169953,0.7499999999999994,801.8511005813995,0.36954846111606976,9.74758843374157
30.055141847169953,0.7499999999999994,801.8511005813995,0.36954846111606976,9.74758843374157
30.055141847169953,0.7499999999999994,801.8511005813995,0.36954846111606976,9.74758843374157
30.055141847169953,0.7499999999999994,801.8511005813995,0.36954846111606976,9.74758843374157
30.055141847169953,0.7499999999999994,801.8511005813995,0.36954846111606976,9.74758843374157
29.97519810032889,0.7499999999999993,801.9754717635957,0.36007554243433937,9.744303442973722
30.01950534718528,0.749999999999999,799.0636570192721,0.3465971004307516,9.737726311924021
30.16986233182779,0.7499999999999984,799.2337584202288,0.35516462542165134,9.741531771877916
30.16986233182779,0.7499999999999984,799.2337584202288,0.35516462542165134,9.741531771877916
30.16986233182779,0.7499999999999984,799.2337584202288,0.35516462542165134,9.741531771877916
30.16986233182779,0.7499999999999984,799.2337584202288,0.35516462542165134,9.741531771877916
30.080618752936257,0.7499999999999988,801.3241169995374,0.35133776775937475,9.740191274094434
30.080618752936257,0.7499999999999988,801.3241169995374,0.35133776775937475,9.740191274094434
30.080618752936257,0.7499999999999988,801.3241169995374,0.35133776775937475,9.740191274094434
30.080618752936257,0.7499999999999988,801.3241169995374,0.35133776775937475,9.740191274094434
30.080618752936257,0.7499999999999988,801.3241169995374,0.35133776775937475,9.740191274094434
30.080618752936257,0.7499999999999988,801.3241169995374,0.35133776775937475,9.740191274094434
30.080618752936257,0.7499999999999988,801.3241169995374,0.35133776775937475,9.740191274094434
30.080618752936257,0.7499999999999988,801.3241169995374,0.35133776775937475,9.740191274094434
30.080618752936257,0.7499999999999988,801.3241169995374,0.35133776775937475,9.740191274094434
30.080618752936257,0.7499999999999988,801.3241169995374,0.35133776775937475,9.740191274094434
30.080618752936257,0.7499999999999988,801.3241169995374,0.35133776775937475,9.740191274094434
30.080618752936257,0.7499999999999988,801.3241169995374,0.35133776775937475,9.740191274094434
30.032248460889562,0.7499999999999992,801.4126864806883,0.3450411343818751,9.720112283434148
30.032248460889562,0.7499999999999992,801.4126864806883,0.3450411343818751,9.720112283434148
30.06358057260194,0.7499999999999984,804.2938987252813,0.3415869451677534,9.749496255290591
30.06358057260194,0.7499999999999984,804.2938987252813,0.3415869451677534,9.749496255290591
30.06358057260194,0.7499999999999984,804.2938987252813,0.3415869451677534,9.749496255290591
30.209234012891834,0.7499999999999994,803.5363653052035,0.35257987786973966,9.758595290646273
30.209234012891834,0.7499999999999994,803.5363653052035,0.35257987786973966,9.758595290646273
30.08356412043454,0.7499999999999993,804.0885099526008,0.343633091767379,9.816465663496748
30.08356412043454,0.7499999999999993,804.0885099526008,0.343633091767379,9.816465663496748
30.08356412043454,0.7499999999999993,804.0885099526008,0.343633091767379,9.816465663496748
30.08356412043454,0.7499999999999993,804.0885099526008,0.343633091767379,9.816465663496748
30.08356412043454,0.7499999999999993,804.0885099526008,0.343633091767379,9.816465663496748
30.08356412043454,0.7499999999999993,804.0885099526008,0.343633091767379,9.816465663496748
30.08356412043454,0.7499999999999993,804.0885099526008,0.343633091767379,9.816465663496748
30.338146946265528,0.7499999999999993,804.3276714751828,0.3573392216456536,9.87126512981329
30.338146946265528,0.7499999999999993,804.3276714751828,0.3573392216456536,9.87126512981329
30.338146946265528,0.7499999999999993,804.3276714751828,0.3573392216456536,9.87126512981329
30.338146946265528,0.7499999999999993,804.3276714751828,0.3573392216456536,9.87126512981329
30.526484843772682,0.7499999999999996,804.2680133583605,0.35780795738556304,9.839684937544154
30.567711339961043,0.7499999999999998,804.3695436433544,0.35359727203860797,9.829288075131998
30.567711339961043,0.7499999999999998,804.3695436433544,0.35359727203860797,9.829288075131998
30.567711339961043,0.7499999999999998,804.3695436433544,0.35359727203860797,9.829288075131998
30.567711339961043,0.7499999999999998,804.3695436433544,0.35359727203860797,9.829288075131998
30.567711339961043,0.7499999999999998,804.3695436433544,0.35359727203860797,9.829288075131998
30.567711339961043,0.7499999999999998,804.3695436433544,0.35359727203860797,9.829288075131998
30.742129331734965,0.75,805.1652606963927,0.3602621921726311,9.83302893887253
30.842707324206273,0.7499999999999991,807.1293672688528,0.3542033637920559,9.831431394143518
30.842707324206273,0.7499999999999991,807.1293672688528,0.3542033637920559,9.831431394143518
30.786581496335728,0.7499999999999992,805.1939544006036,0.35091885661818073,9.815857516504366
30.786581496335728,0.7499999999999992,805.1939544006036,0.35091885661818073,9.815857516504366
30.786581496335728,0.7499999999999992,805.1939544006036,0.35091885661818073,9.815857516504366
30.814846567911673,0.7499999999999999,802.805422022361,0.34883159802838676,9.795085643692634
30.814846567911673,0.7499999999999999,802.805422022361,0.34883159802838676,9.795085643692634
30.514152496890166,0.7499999999999991,805.9089712819451,0.34540933448464683,9.829659414439806
30.514152496890166,0.7499999999999991,805.9089712819451,0.34540933448464683,9.829659414439806
30.849260204105004,0.7499999999999997,805.6363090203654,0.3574836001484557,9.834531799451756
30.849260204105004,0.7499999999999997,805.6363090203654,0.3574836001484557,9.834531799451756
30.526386719122115,0.7499999999999999,804.4923668192312,0.3504430093710986,9.81518606233623
30.526386719122115,0.7499999999999999,804.4923668192312,0.3504430093710986,9.81518606233623
30.526386719122115,0.7499999999999999,804.4923668192312,0.3504430093710986,9.81518606233623
30.526386719122115,0.7499999999999999,804.4923668192312,0.3504430093710986,9.81518606233623
30.526386719122115,0.7499999999999999,804.4923668192312,0.3504430093710986,9.81518606233623
30.58334939909628,0.7499999999999976,807.1904463856107,0.36749807843317417,9.845641706080013
30.58334939909628,0.7499999999999976,807.1904463856107,0.36749807843317417,9.845641706080013
30.58334939909628,0.7499999999999976,807.1904463856107,0.36749807843317417,9.845641706080013
30.58334939909628,0.7499999999999976,807.1904463856107,0.36749807843317417,9.845641706080013
30.58334939909628,0.7499999999999976,807.1904463856107,0.36749807843317417,9.845641706080013
30.58334939909628,0.7499999999999976,807.1904463856107,0.36749807843317417,9.845641706080013
30.58334939909628,0.7499999999999976,807.1904463856107,0.36749807843317417,9.845641706080013
30.58334939909628,0.7499999999999976,807.1904463856107,0.36749807843317417,9.845641706080013
30.58334939909628,0.7499999999999976,807.1904463856107,0.36749807843317417,9.845641706080013
30.58334939909628,0.7499999999999976,807.1904463856107,0.36749807843317417,9.845641706080013
30.644293856079948,0.7499999999999998,810.8364187829771,0.35751125656660454,9.870772481805673
30.644293856079948,0.7499999999999998,810.8364187829771,0.35751125656660454,9.870772481805673
30.644293856079948,0.7499999999999998,810.8364187829771,0.35751125656660454,9.870772481805673
30.480569291902942,0.7499999999999997,811.395385013359,0.37633616660007196,9.884731792402544
30.448515118205755,0.7499999999999994,811.1436878009496,0.37778173262105635,9.894539081556275
30.254216423674194,0.7499999999999999,809.6210353363616,0.3842016836541933,9.856976237821033
30.512970059644427,0.7499999999999996,810.1074877358119,0.40903624613783124,9.905638652353781
30.39376087838744,0.7499999999999984,809.5117071347963,0.39672469804329297,9.89929221625783
30.39376087838744,0.7499999999999984,809.5117071347963,0.39672469804329297,9.89929221625783
30.39376087838744,0.7499999999999984,809.5117071347963,0.39672469804329297,9.89929221625783
30.44624897471563,0.7499999999999998,811.1292246644038,0.39751452289078354,9.891107991458227
30.44624897471563,0.7499999999999998,811.1292246644038,0.39751452289078354,9.891107991458227
30.44624897471563,0.7499999999999998,811.1292246644038,0.39751452289078354,9.891107991458227
30.44624897471563,0.7499999999999998,811.1292246644038,0.39751452289078354,9.891107991458227
30.44624897471563,0.7499999999999998,811.1292246644038,0.39751452289078354,9.891107991458227
30.44624897471563,0.7499999999999998,811.1292246644038,0.39751452289078354,9.891107991458227
30.44624897471563,0.7499999999999998,811.1292246644038,0.39751452289078354,9.891107991458227
30.44624897471563,0.7499999999999998,811.1292246644038,0.39751452289078354,9.891107991458227
30.44624897471563,0.7499999999999998,811.1292246644038,0.39751452289078354,9.891107991458227
30.502698435736995,0.7499999999999991,809.6489307732362,0.4031511063076337,9.874456385815137
30.502698435736995,0.7499999999999991,809.6489307732362,0.4031511063076337,9.874456385815137
30.588195038453303,0.7499999999999989,808.8710737952435,0.3970381273152179,9.882563400876109
30.588195038453303,0.7499999999999989,808.8710737952435,0.3970381273152179,9.882563400876109
30.588195038453303,0.7499999999999989,808.8710737952435,0.3970381273152179,9.882563400876109
30.588195038453303,0.7499999999999989,808.8710737952435,0.3970381273152179,9.882563400876109
30.588195038453303,0.7499999999999989,808.8710737952435,0.3970381273152179,9.882563400876109
30.588195038453303,0.7499999999999989,808.8710737952435,0.3970381273152179,9.882563400876109
30.674364884131325,0.7499999999999988,810.2142255421891,0.4123854091036821,9.855322913910834
30.674364884131325,0.7499999999999988,810.2142255421891,0.4123854091036821,9.855322913910834
30.674364884131325,0.7499999999999988,810.2142255421891,0.4123854091036821,9.855322913910834
30.932252777682514,0.7499999999999984,811.3764599839677,0.42646411125786443,9.826176921334058
30.932252777682514,0.7499999999999984,811.3764599839677,0.42646411125786443,9.826176921334058
31.466476275850443,0.75,811.7589607874614,0.4608244076081925,9.868592817728356
31.466476275850443,0.75,811.7589607874614,0.4608244076081925,9.868592817728356
31.466476275850443,0.75,811.7589607874614,0.4608244076081925,9.868592817728356
31.466476275850443,0.75,811.7589607874614,0.4608244076081925,9.868592817728356
31.466476275850443,0.75,811.7589607874614,0.4608244076081925,9.868592817728356
31.441439710754675,0.7499999999999992,810.0849177159785,0.4337854086544865,9.83874541453583
31.34995008813953,0.7499999999999988,811.8269313396164,0.43610944447425887,9.93519560454369
31.100500704417513,0.7499999999999997,811.0036975064136,0.4260971627080054,9.90520534886364
31.100500704417513,0.7499999999999997,811.0036975064136,0.4260971627080054,9.90520534886364
31.100500704417513,0.7499999999999997,811.0036975064136,0.4260971627080054,9.90520534886364
31.100500704417513,0.7499999999999997,811.0036975064136,0.4260971627080054,9.90520534886364
31.053899938787623,0.7499999999999997,807.8584357964377,0.4431865737792871,9.846888933629916
30.95087387299205,0.7499999999999993,808.1445348236965,0.4441463044976026,9.868004346244438
30.95087387299205,0.7499999999999993,808.1445348236965,0.4441463044976026,9.868004346244438
30.817651893803582,0.7499999999999993,807.726862257319,0.4450300013726177,9.815504497259312
30.880775710596037,0.75,807.3667663389047,0.43407019779259415,9.863047945964135
30.880775710596037,0.75,807.3667663389047,0.43407019779259415,9.863047945964135
30.880775710596037,0.75,807.3667663389047,0.43407019779259415,9.863047945964135
30.889322693423452,0.7499999999999996,806.0287409518772,0.4212488419231592,9.866930069342553
30.889322693423452,0.7499999999999996,806.0287409518772,0.4212488419231592,9.866930069342553
30.889322693423452,0.7499999999999996,806.0287409518772,0.4212488419231592,9.866930069342553
30.889322693423452,0.7499999999999996,806.0287409518772,0.4212488419231592,9.866930069342553
30.889322693423452,0.7499999999999996,806.0287409518772,0.4212488419231592,9.866930069342553
30.889322693423452,0.7499999999999996,806.0287409518772,0.4212488419231592,9.866930069342553
30.889322693423452,0.7499999999999996,806.0287409518772,0.4212488419231592,9.866930069342553
30.889322693423452,0.7499999999999996,806.0287409518772,0.4212488419231592,9.866930069342553
30.889322693423452,0.7499999999999996,806.0287409518772,0.4212488419231592,9.866930069342553
30.889322693423452,0.7499999999999996,806.0287409518772,0.4212488419231592,9.866930069342553
31.028556328005163,0.749999999999999,809.9406348699081,0.45197773543936043,9.857084496246795
30.873596694052765,0.7499999999999993,811.9875594627161,0.46857400988490755,9.902658150637597
30.77164514598104,0.7499999999999984,810.3669439958136,0.46515128895352803,9.90458433481773
30.77164514598104,0.7499999999999984,810.3669439958136,0.46515128895352803,9.90458433481773
30.73287147056386,0.7499999999999989,808.7006516129941,0.4518903485806899,9.88765167216329
30.73287147056386,0.7499999999999989,808.7006516129941,0.4518903485806899,9.88765167216329
30.73287147056386,0.7499999999999989,808.7006516129941,0.4518903485806899,9.88765167216329
30.73287147056386,0.7499999999999989,808.7006516129941,0.4518903485806899,9.88765167216329
30.73287147056386,0.7499999999999989,808.7006516129941,0.4518903485806899,9.88765167216329
30.73287147056386,0.7499999999999989,808.7006516129941,0.4518903485806899,9.88765167216329
30.73287147056386,0.7499999999999989,808.7006516129941,0.4518903485806899,9.88765167216329
30.73287147056386,0.7499999999999989,808.7006516129941,0.4518903485806899,9.88765167216329
30.54900207670803,0.7499999999999988,808.2160460639379,0.4341834509224044,9.821734877430767
30.54900207670803,0.7499999999999988,808.2160460639379,0.4341834509224044,9.821734877430767
30.631444332475972,0.7499999999999993,806.0066181799338,0.4133033424833962,9.800918614223656
30.631444332475972,0.7499999999999993,806.0066181799338,0.4133033424833962,9.800918614223656
30.631444332475972,0.7499999999999993,806.0066181799338,0.4133033424833962,9.800918614223656
30.631444332475972,0.7499999999999993,806.0066181799338,0.4133033424833962,9.800918614223656
30.522818756900236,0.7499999999999993,806.735826000554,0.4166014187785694,9.775670279543968
30.73876533713082,0.7499999999999982,807.7839474688978,0.4261874093562534,9.752507687004833
30.73876533713082,0.7499999999999982,807.7839474688978,0.4261874093562534,9.752507687004833
30.73876533713082,0.7499999999999982,807.7839474688978,0.4261874093562534,9.752507687004833
30.73876533713082,0.7499999999999982,807.7839474688978,0.4261874093562534,9.752507687004833
30.73876533713082,0.7499999999999982,807.7839474688978,0.4261874093562534,9.752507687004833
30.73876533713082,0.7499999999999982,807.7839474688978,0.4261874093562534,9.752507687004833
30.807346050777937,0.7499999999999999,808.246139095648,0.43346858541889144,9.771054756924908
30.807346050777937,0.7499999999999999,808.246139095648,0.43346858541889144,9.771054756924908
30.807346050777937,0.7499999999999999,808.246139095648,0.43346858541889144,9.771054756924908
30.807346050777937,0.7499999999999999,808.246139095648,0.43346858541889144,9.771054756924908
30.443222280586443,0.7499999999999981,806.9868228296931,0.4249147292335651,9.73826599062809
30.52787113443743,0.7499999999999998,810.1263111471337,0.42862444140267364,9.768555522244986
30.52787113443743,0.7499999999999998,810.1263111471337,0.42862444140267364,9.768555522244986
30.341963580535108,0.7499999999999988,808.1118954516153,0.4172400897518754,9.706316614269776
30.315664803135327,0.7499999999999996,808.1213411468701,0.42269713325912306,9.683628398245489
30.315664803135327,0.7499999999999996,808.1213411468701,0.42269713325912306,9.683628398245489
30.095056769040458,0.75,805.8429072024792,0.40318472571123015,9.63925587307143
30.095056769040458,0.75,805.8429072024792,0.40318472571123015,9.63925587307143
30.327707940252324,0.7499999999999999,807.0394156269474,0.4329583523816483,9.68524127198327
30.50507806466947,0.7499999999999988,809.6846126315202,0.4684199051145267,9.750147028174814
30.491567330285154,0.7499999999999987,810.8224572724547,0.4683847259980482,9.78838760119057
30.491567330285154,0.7499999999999987,810.8224572724547,0.4683847259980482,9.78838760119057
30.364665226204,0.7499999999999992,809.8548545863842,0.45267667969680997,9.760826460272403
30.268976183482366,0.7499999999999996,809.7726734855945,0.47189076167955035,9.72052195163207
30.273078392835327,0.7499999999999982,810.9900054768208,0.4991780892285771,9.714457472310093
30.273078392835327,0.7499999999999982,810.9900054768208,0.4991780892285771,9.714457472310093
30.209789020627955,0.7499999999999996,810.4377844437338,0.5057419193671069,9.682960079349291
30.209789020627955,0.7499999999999996,810.4377844437338,0.5057419193671069,9.682960079349291
30.332529142046656,0.7499999999999992,808.8087130031698,0.5115282639200897,9.719917271369175
30.332529142046656,0.7499999999999992,808.8087130031698,0.5115282639200897,9.719917271369175
30.332529142046656,0.7499999999999992,808.8087130031698,0.5115282639200897,9.719917271369175
30.332529142046656,0.7499999999999992,808.8087130031698,0.5115282639200897,9.719917271369175
30.332529142046656,0.7499999999999992,808.8087130031698,0.5115282639200897,9.719917271369175
30.511943065202445,0.7499999999999987,809.5785093453838,0.4887493328113674,9.767469938915639
30.628895933206593,0.7499999999999998,808.9599791631503,0.47173113865436395,9.72826567891433
30.628895933206593,0.7499999999999998,808.9599791631503,0.47173113865436395,9.72826567891433
30.628895933206593,0.7499999999999998,808.9599791631503,0.47173113865436395,9.72826567891433
30.628895933206593,0.7499999999999998,808.9599791631503,0.47173113865436395,9.72826567891433
30.628895933206593,0.7499999999999998,808.9599791631503,0.47173113865436395,9.72826567891433
30.59083978016879,0.7499999999999992,807.3052086269051,0.4477382527584376,9.691971534524992
30.59083978016879,0.7499999999999992,807.3052086269051,0.4477382527584376,9.691971534524992
30.59083978016879,0.7499999999999992,807.3052086269051,0.4477382527584376,9.691971534524992
30.59083978016879,0.7499999999999992,807.3052086269051,0.4477382527584376,9.691971534524992
30.40563311594666,0.7499999999999999,811.7167773071807,0.44388890579728185,9.742459129547694
30.40563311594666,0.7499999999999999,811.7167773071807,0.44388890579728185,9.742459129547694
30.40563311594666,0.7499999999999999,811.7167773071807,0.44388890579728185,9.742459129547694
30.445272724269206,0.7499999999999991,811.9019406004082,0.43010820243556286,9.708043941109398
30.445272724269206,0.7499999999999991,811.9019406004082,0.43010820243556286,9.708043941109398
30.588995359324795,0.7500000000000002,812.2982299355691,0.4408394596397793,9.690785992584306
30.723213049510704,0.7499999999999996,812.4344475278155,0.45376912607708497,9.603502818719429
30.719012730717466,0.7500000000000001,811.1607624248443,0.43974698391780476,9.657757139194652
30.719012730717466,0.7500000000000001,811.1607624248443,0.43974698391780476,9.657757139194652
31.015433268745962,0.7499999999999996,807.8982559160347,0.42710074808437765,9.617788180160911
31.1708927522397,0.7499999999999992,809.5030773652903,0.4427761244106602,9.671410262692666
31.1708927522397,0.7499999999999992,809.5030773652903,0.4427761244106602,9.671410262692666
31.012796172610386,0.7499999999999997,810.8474403131385,0.449836465455328,9.75194980295657
31.012796172610386,0.7499999999999997,810.8474403131385,0.449836465455328,9.75194980295657
31.012796172610386,0.7499999999999997,810.8474403131385,0.449836465455328,9.75194980295657
31.012796172610386,0.7499999999999997,810.8474403131385,0.449836465455328,9.75194980295657
31.012796172610386,0.7499999999999997,810.8474403131385,0.449836465455328,9.75194980295657
31.012796172610386,0.7499999999999997,810.8474403131385,0.449836465455328,9.75194980295657
31.012796172610386,0.7499999999999997,810.8474403131385,0.449836465455328,9.75194980295657
31.469470331815668,0.7499999999999999,814.7856425287433,0.4829090142192999,9.853788619978113
31.4533423511815,0.7499999999999984,815.7636214543323,0.4888894628602547,9.883244604355585
31.33549936749938,0.749999999999999,815.3455361371125,0.5060181529207953,9.887474209091135
31.33549936749938,0.749999999999999,815.3455361371125,0.5060181529207953,9.887474209091135
31.33549936749938,0.749999999999999,815.3455361371125,0.5060181529207953,9.887474209091135
31.33549936749938,0.749999999999999,815.3455361371125,0.5060181529207953,9.887474209091135
31.33549936749938,0.749999999999999,815.3455361371125,0.5060181529207953,9.887474209091135
31.33549936749938,0.749999999999999,815.3455361371125,0.5060181529207953,9.887474209091135
31.33549936749938,0.749999999999999,815.3455361371125,0.5060181529207953,9.887474209091135
31.195801960110394,0.7499999999999981,814.1044437117115,0.49330815493907143,9.90460345546378
31.195801960110394,0.7499999999999981,814.1044437117115,0.49330815493907143,9.90460345546378
31.195801960110394,0.7499999999999981,814.1044437117115,0.49330815493907143,9.90460345546378
30.992259093989517,0.7500000000000002,811.086257816922,0.48903141698213914,9.87108465450576
30.87899719001571,0.7499999999999991,809.9124028417325,0.4894212415188602,9.869247350584036
30.87899719001571,0.7499999999999991,809.9124028417325,0.4894212415188602,9.869247350584036
30.87899719001571,0.7499999999999991,809.9124028417325,0.4894212415188602,9.869247350584036
30.8312571475392,0.7499999999999991,809.7784728885016,0.4899795103498347,9.795759254523379
30.8312571475392,0.7499999999999991,809.7784728885016,0.4899795103498347,9.795759254523379
30.750083901686363,0.7499999999999997,810.9253132675112,0.47898973104208303,9.814022799778863
30.750083901686363,0.7499999999999997,810.9253132675112,0.47898973104208303,9.814022799778863
30.750083901686363,0.7499999999999997,810.9253132675112,0.47898973104208303,9.814022799778863
30.900906699016634,0.75,812.5803448776699,0.4966930804361786,9.812344134242082
30.900906699016634,0.75,812.5803448776699,0.4966930804361786,9.812344134242082
30.900906699016634,0.75,812.5803448776699,0.4966930804361786,9.812344134242082
30.900906699016634,0.75,812.5803448776699,0.4966930804361786,9.812344134242082
30.900906699016634,0.75,812.5803448776699,0.4966930804361786,9.812344134242082
30.900906699016634,0.75,812.5803448776699,0.4966930804361786,9.812344134242082
31.10923473093933,0.75,812.2777286369314,0.5486147880212661,9.798862488812603
31.033915468774644,0.7500000000000004,810.790829892283,0.5113240618846688,9.722698862716447
30.89458155012469,0.7499999999999993,809.1343090029563,0.5464375565298027,9.683445453396615
30.89458155012469,0.7499999999999993,809.1343090029563,0.5464375565298027,9.683445453396615
30.600604343416663,0.749999999999999,805.6675762228407,0.507741400183606,9.657154477909629
30.56629240772625,0.7499999999999991,803.5597237802813,0.4565461140237384,9.627963238486723
30.56629240772625,0.7499999999999991,803.5597237802813,0.4565461140237384,9.627963238486723
30.56629240772625,0.7499999999999991,803.5597237802813,0.4565461140237384,9.627963238486723
30.680539636742854,0.7499999999999988,803.2122527244585,0.4359051879252142,9.640849126719829
30.678731253075888,0.7499999999999986,801.5458294530077,0.4192335356388199,9.631420149569493
30.678731253075888,0.7499999999999986,801.5458294530077,0.4192335356388199,9.631420149569493
30.69883155801606,0.7499999999999994,802.2200248877302,0.4227411432922122,9.657897624594185
30.87313203213856,0.7499999999999993,802.2891137557128,0.4156289596519642,9.662566726390969
30.87313203213856,0.7499999999999993,802.2891137557128,0.4156289596519642,9.662566726390969
30.87313203213856,0.7499999999999993,802.2891137557128,0.4156289596519642,9.662566726390969
30.988485230040403,0.7499999999999988,805.8033542137565,0.4216358497252035,9.733188616954331
30.988485230040403,0.7499999999999988,805.8033542137565,0.4216358497252035,9.733188616954331
30.988485230040403,0.7499999999999988,805.8033542137565,0.4216358497252035,9.733188616954331
30.87440697498803,0.7499999999999996,806.0403333890908,0.4135864069146565,9.743188755444981
30.87440697498803,0.7499999999999996,806.0403333890908,0.4135864069146565,9.743188755444981
30.87635114599033,0.7499999999999997,807.1160362349588,0.40445383844226185,9.769703161901512
30.87635114599033,0.7499999999999997,807.1160362349588,0.40445383844226185,9.769703161901512
30.87635114599033,0.7499999999999997,807.1160362349588,0.40445383844226185,9.769703161901512
30.87635114599033,0.7499999999999997,807.1160362349588,0.40445383844226185,9.769703161901512
30.889386117111506,0.7499999999999978,807.934980541407,0.4253902656771725,9.840371034809163
30.813106031459448,0.7499999999999998,805.8892348372879,0.4169728414560017,9.776465053957617
30.9549980628662,0.7499999999999996,807.6303821502224,0.43639722131243286,9.759010991497453
30.9549980628662,0.7499999999999996,807.6303821502224,0.43639722131243286,9.759010991497453
30.9549980628662,0.7499999999999996,807.6303821502224,0.43639722131243286,9.759010991497453
30.9549980628662,0.7499999999999996,807.6303821502224,0.43639722131243286,9.759010991497453
30.9549980628662,0.7499999999999996,807.6303821502224,0.43639722131243286,9.759010991497453
30.9549980628662,0.7499999999999996,807.6303821502224,0.43639722131243286,9.759010991497453
30.9549980628662,0.7499999999999996,807.6303821502224,0.43639722131243286,9.759010991497453
30.811476934489367,0.7499999999999984,811.1920088906359,0.45990138762375277,9.72322134972693
30.811476934489367,0.7499999999999984,811.1920088906359,0.45990138762375277,9.72322134972693
30.811476934489367,0.7499999999999984,811.1920088906359,0.45990138762375277,9.72322134972693
30.835836426913474,0.7499999999999993,808.9227273075792,0.44039098841273133,9.655847120993295
30.835836426913474,0.7499999999999993,808.9227273075792,0.44039098841273133,9.655847120993295
30.835836426913474,0.7499999999999993,808.9227273075792,0.44039098841273133,9.655847120993295
30.649834593993347,0.7499999999999998,810.0497528642037,0.4229147536233148,9.605689984206634
30.649834593993347,0.7499999999999998,810.0497528642037,0.4229147536233148,9.605689984206634
30.571729977644672,0.749999999999999,809.067505346172,0.4125378653819205,9.60095943201323
30.540038587244528,0.7499999999999989,808.2611212638453,0.41585629230926574,9.607563760147254
30.540038587244528,0.7499999999999989,808.2611212638453,0.41585629230926574,9.607563760147254
30.540038587244528,0.7499999999999989,808.2611212638453,0.41585629230926574,9.607563760147254
30.540038587244528,0.7499999999999989,808.2611212638453,0.41585629230926574,9.607563760147254
30.540038587244528,0.7499999999999989,808.2611212638453,0.41585629230926574,9.607563760147254
30.306854667490565,0.7499999999999992,808.8944268737366,0.4065655118926723,9.621050348160665
30.306854667490565,0.7499999999999992,808.8944268737366,0.4065655118926723,9.621050348160665
30.306854667490565,0.7499999999999992,808.8944268737366,0.4065655118926723,9.621050348160665
30.306854667490565,0.7499999999999992,808.8944268737366,0.4065655118926723,9.621050348160665
30.306854667490565,0.7499999999999992,808.8944268737366,0.4065655118926723,9.621050348160665
30.306854667490565,0.7499999999999992,808.8944268737366,0.4065655118926723,9.621050348160665
30.306854667490565,0.7499999999999992,808.8944268737366,0.4065655118926723,9.621050348160665
30.306854667490565,0.7499999999999992,808.8944268737366,0.4065655118926723,9.621050348160665
30.306854667490565,0.7499999999999992,808.8944268737366,0.4065655118926723,9.621050348160665
30.306854667490565,0.7499999999999992,808.8944268737366,0.4065655118926723,9.621050348160665
30.306854667490565,0.7499999999999992,808.8944268737366,0.4065655118926723,9.621050348160665
30.465666131121814,0.7499999999999999,809.7024328418389,0.43723724628376326,9.678513619535005
30.465666131121814,0.7499999999999999,809.7024328418389,0.43723724628376326,9.678513619535005
30.465666131121814,0.7499999999999999,809.7024328418389,0.43723724628376326,9.678513619535005
30.34422406731417,0.7500000000000001,810.5499079165083,0.4555105622679633,9.619098099528168
30.34422406731417,0.7500000000000001,810.5499079165083,0.4555105622679633,9.619098099528168
30.34422406731417,0.7500000000000001,810.5499079165083,0.4555105622679633,9.619098099528168
30.34422406731417,0.7500000000000001,810.5499079165083,0.4555105622679633,9.619098099528168
30.21757269625956,0.7499999999999996,808.0450152212899,0.43711671351018316,9.573331256339415
30.21757269625956,0.7499999999999996,808.0450152212899,0.43711671351018316,9.573331256339415
30.21757269625956,0.7499999999999996,808.0450152212899,0.43711671351018316,9.573331256339415
30.21757269625956,0.7499999999999996,808.0450152212899,0.43711671351018316,9.573331256339415
30.21757269625956,0.7499999999999996,808.0450152212899,0.43711671351018316,9.573331256339415
30.21757269625956,0.7499999999999996,808.0450152212899,0.43711671351018316,9.573331256339415
30.01411679678148,0.7499999999999989,807.2338564450234,0.4453823136082898,9.546332877098587
30.01411679678148,0.7499999999999989,807.2338564450234,0.4453823136082898,9.546332877098587
30.01411679678148,0.7499999999999989,807.2338564450234,0.4453823136082898,9.546332877098587
30.01411679678148,0.7499999999999989,807.2338564450234,0.4453823136082898,9.546332877098587
30.01411679678148,0.7499999999999989,807.2338564450234,0.4453823136082898,9.546332877098587
30.038839596358294,0.7500000000000001,808.2844872943404,0.4588824958543933,9.58218183501366
30.038839596358294,0.7500000000000001,808.2844872943404,0.4588824958543933,9.58218183501366
30.038839596358294,0.7500000000000001,808.2844872943404,0.4588824958543933,9.58218183501366
30.038839596358294,0.7500000000000001,808.2844872943404,0.4588824958543933,9.58218183501366
30.074422355999765,0.7499999999999994,807.8831653957662,0.4416846364283569,9.60641415509119
30.032221577694646,0.749999999999999,807.7898724142269,0.4383575978210605,9.534472187906214
30.032221577694646,0.749999999999999,807.7898724142269,0.4383575978210605,9.534472187906214
29.99973344513568,0.7499999999999996,807.4228220291932,0.44391007752879236,9.541392382699865
29.99973344513568,0.7499999999999996,807.4228220291932,0.44391007752879236,9.541392382699865
29.99973344513568,0.7499999999999996,807.4228220291932,0.44391007752879236,9.541392382699865
30.07427272957471,0.749999999999999,808.626024102701,0.4453483397297669,9.568910247375262
30.07427272957471,0.749999999999999,808.626024102701,0.4453483397297669,9.568910247375262
30.07427272957471,0.749999999999999,808.626024102701,0.4453483397297669,9.568910247375262
30.07427272957471,0.749999999999999,808.626024102701,0.4453483397297669,9.568910247375262
29.98740687436442,0.7499999999999991,807.0295937804108,0.4439696294463514,9.58826069826193
29.98740687436442,0.7499999999999991,807.0295937804108,0.4439696294463514,9.58826069826193
29.998638933474503,0.7499999999999997,806.4064167209742,0.44131519560288573,9.560911164809303
29.933353748968695,0.7499999999999998,807.9684855985172,0.4461125965174832,9.586349139996148
29.933353748968695,0.7499999999999998,807.9684855985172,0.4461125965174832,9.586349139996148
29.933353748968695,0.7499999999999998,807.9684855985172,0.4461125965174832,9.586349139996148
29.933353748968695,0.7499999999999998,807.9684855985172,0.4461125965174832,9.586349139996148
29.933353748968695,0.7499999999999998,807.9684855985172,0.4461125965174832,9.586349139996148
29.933353748968695,0.7499999999999998,807.9684855985172,0.4461125965174832,9.586349139996148
30.075179921065832,0.749999999999999,807.3949873240069,0.4154495962412596,9.575452960356808
30.075179921065832,0.749999999999999,807.3949873240069,0.4154495962412596,9.575452960356808
30.04151640424819,0.7499999999999999,807.911512823855,0.40434613961721877,9.610741559131279
30.04151640424819,0.7499999999999999,807.911512823855,0.40434613961721877,9.610741559131279
30.04151640424819,0.7499999999999999,807.911512823855,0.40434613961721877,9.610741559131279
30.04151640424819,0.7499999999999999,807.911512823855,0.40434613961721877,9.610741559131279
30.04151640424819,0.7499999999999999,807.911512823855,0.40434613961721877,9.610741559131279
30.058532706909386,0.75,809.8210819550035,0.40723442290752115,9.639198156794384
30.058532706909386,0.75,809.8210819550035,0.40723442290752115,9.639198156794384
29.565298613776804,0.7499999999999992,809.4225062653168,0.38387277986474666,9.609280815373566
29.565298613776804,0.7499999999999992,809.4225062653168,0.38387277986474666,9.609280815373566
29.565298613776804,0.7499999999999992,809.4225062653168,0.38387277986474666,9.609280815373566
29.565298613776804,0.7499999999999992,809.4225062653168,0.38387277986474666,9.609280815373566
29.612344734272092,0.7499999999999991,809.5806213277872,0.3854611949691131,9.609379339880899
29.4345007598303,0.7499999999999998,809.5270227389194,0.3609123831145481,9.58096470313279
29.4345007598303,0.7499999999999998,809.5270227389194,0.3609123831145481,9.58096470313279
29.4345007598303,0.7499999999999998,809.5270227389194,0.3609123831145481,9.58096470313279
29.38739967002528,0.7499999999999993,809.0489538771394,0.3763008248501349,9.615136351785207
29.38739967002528,0.7499999999999993,809.0489538771394,0.3763008248501349,9.615136351785207
29.38739967002528,0.7499999999999993,809.0489538771394,0.3763008248501349,9.615136351785207
29.586576978283322,0.7499999999999997,809.6474191538061,0.37667220086843584,9.67875069084858
29.586576978283322,0.7499999999999997,809.6474191538061,0.37667220086843584,9.67875069084858
29.368465856935504,0.75,808.9712729406015,0.3474939167728785,9.66111633593017
29.591368663821317,0.7499999999999998,810.5407861203709,0.36970317642519873,9.71057021179785
29.591368663821317,0.7499999999999998,810.5407861203709,0.36970317642519873,9.71057021179785
29.591368663821317,0.7499999999999998,810.5407861203709,0.36970317642519873,9.71057021179785
29.591368663821317,0.7499999999999998,810.5407861203709,0.36970317642519873,9.71057021179785
29.785086713259076,0.7499999999999987,812.0991724597311,0.39017752257860144,9.74031904757164
29.785086713259076,0.7499999999999987,812.0991724597311,0.39017752257860144,9.74031904757164
29.837269860374732,0.7499999999999996,815.2144373712418,0.4000724726443782,9.797411257248067
29.837269860374732,0.7499999999999996,815.2144373712418,0.4000724726443782,9.797411257248067
29.632662762833316,0.7499999999999982,813.9414983490163,0.37974516455151536,9.76934682592481
29.632662762833316,0.7499999999999982,813.9414983490163,0.37974516455151536,9.76934682592481
29.632662762833316,0.7499999999999982,813.9414983490163,0.37974516455151536,9.76934682592481
29.632662762833316,0.7499999999999982,813.9414983490163,0.37974516455151536,9.76934682592481
29.632662762833316,0.7499999999999982,813.9414983490163,0.37974516455151536,9.76934682592481
29.632662762833316,0.7499999999999982,813.9414983490163,0.37974516455151536,9.76934682592481
29.78651314028636,0.7499999999999994,811.9797380678721,0.37010629832362874,9.740723304157356
29.653005539291772,0.7499999999999998,809.0696037835693,0.35110558180594836,9.670015880531722
29.708653675365717,0.7499999999999992,810.1647371812412,0.3736001047269767,9.681604494664379
29.605750100537332,0.7499999999999991,809.7832024166579,0.368048555210625,9.63717982912065
29.605750100537332,0.7499999999999991,809.7832024166579,0.368048555210625,9.63717982912065
29.605750100537332,0.7499999999999991,809.7832024166579,0.368048555210625,9.63717982912065
29.698161594093648,0.749999999999999,811.8426731079277,0.3558141049022133,9.596829452498955
30.15314348957392,0.7499999999999994,811.6822439906606,0.38883158546894475,9.644305190494814
30.15314348957392,0.7499999999999994,811.6822439906606,0.38883158546894475,9.644305190494814
30.28213745118937,0.7499999999999998,814.1219880904505,0.42587539916255407,9.679011701133954
30.28213745118937,0.7499999999999998,814.1219880904505,0.42587539916255407,9.679011701133954
30.28213745118937,0.7499999999999998,814.1219880904505,0.42587539916255407,9.679011701133954
30.297115730127754,0.7499999999999992,812.6420682469761,0.4194672926869592,9.657183554323783
30.297115730127754,0.7499999999999992,812.6420682469761,0.4194672926869592,9.657183554323783
30.297115730127754,0.7499999999999992,812.6420682469761,0.4194672926869592,9.657183554323783
30.297115730127754,0.7499999999999992,812.6420682469761,0.4194672926869592,9.657183554323783
30.297115730127754,0.7499999999999992,812.6420682469761,0.4194672926869592,9.657183554323783
30.297115730127754,0.7499999999999992,812.6420682469761,0.4194672926869592,9.657183554323783
30.297115730127754,0.7499999999999992,812.6420682469761,0.4194672926869592,9.657183554323783
30.297115730127754,0.7499999999999992,812.6420682469761,0.4194672926869592,9.657183554323783
30.387127389774754,0.7499999999999994,812.0701192418842,0.41893927729884906,9.625219536731427
30.387127389774754,0.7499999999999994,812.0701192418842,0.41893927729884906,9.625219536731427
30.297440034029446,0.7500000000000001,813.8039904895915,0.4288503184128413,9.644002065029202
30.297440034029446,0.7500000000000001,813.8039904895915,0.4288503184128413,9.644002065029202
30.460933045624778,0.7499999999999982,814.0308810352058,0.42010782169111227,9.680084083260457
30.52538454623606,0.7499999999999981,814.9553940843382,0.4258444105196148,9.67278048242205
30.52538454623606,0.7499999999999981,814.9553940843382,0.4258444105196148,9.67278048242205
30.52538454623606,0.7499999999999981,814.9553940843382,0.4258444105196148,9.67278048242205
30.52538454623606,0.7499999999999981,814.9553940843382,0.4258444105196148,9.67278048242205
30.52538454623606,0.7499999999999981,814.9553940843382,0.4258444105196148,9.67278048242205
30.52538454623606,0.7499999999999981,814.9553940843382,0.4258444105196148,9.67278048242205
30.52538454623606,0.7499999999999981,814.9553940843382,0.4258444105196148,9.67278048242205
30.52538454623606,0.7499999999999981,814.9553940843382,0.4258444105196148,9.67278048242205
30.183590479865842,0.7499999999999999,815.1392419651904,0.4074890395095679,9.627099149117408
30.183590479865842,0.7499999999999999,815.1392419651904,0.4074890395095679,9.627099149117408
30.183590479865842,0.7499999999999999,815.1392419651904,0.4074890395095679,9.627099149117408
30.183590479865842,0.7499999999999999,815.1392419651904,0.4074890395095679,9.627099149117408
30.183590479865842,0.7499999999999999,815.1392419651904,0.4074890395095679,9.627099149117408
30.183590479865842,0.7499999999999999,815.1392419651904,0.4074890395095679,9.627099149117408
30.183590479865842,0.7499999999999999,815.1392419651904,0.4074890395095679,9.627099149117408
30.183590479865842,0.7499999999999999,815.1392419651904,0.4074890395095679,9.627099149117408
30.183590479865842,0.7499999999999999,815.1392419651904,0.4074890395095679,9.627099149117408
30.183590479865842,0.7499999999999999,815.1392419651904,0.4074890395095679,9.627099149117408
30.182949967407247,0.7499999999999987,813.8434615776137,0.4039028976174845,9.670464507047985
30.182949967407247,0.7499999999999987,813.8434615776137,0.4039028976174845,9.670464507047985
30.182949967407247,0.7499999999999987,813.8434615776137,0.4039028976174845,9.670464507047985
30.182949967407247,0.7499999999999987,813.8434615776137,0.4039028976174845,9.670464507047985
30.028356297730117,0.7499999999999991,812.5963152628868,0.3867321050699911,9.664374328974073
29.882465662428714,0.7499999999999983,811.8993459426243,0.3864380795573071,9.648054262792087
29.882465662428714,0.7499999999999983,811.8993459426243,0.3864380795573071,9.648054262792087
29.882465662428714,0.7499999999999983,811.8993459426243,0.3864380795573071,9.648054262792087
29.592887363324337,0.7499999999999992,812.0829240312382,0.3858836714296126,9.612266723594777
29.592887363324337,0.7499999999999992,812.0829240312382,0.3858836714296126,9.612266723594777
29.592887363324337,0.7499999999999992,812.0829240312382,0.3858836714296126,9.612266723594777
29.592887363324337,0.7499999999999992,812.0829240312382,0.3858836714296126,9.612266723594777
29.592887363324337,0.7499999999999992,812.0829240312382,0.3858836714296126,9.612266723594777
29.592887363324337,0.7499999999999992,812.0829240312382,0.3858836714296126,9.612266723594777
29.592887363324337,0.7499999999999992,812.0829240312382,0.3858836714296126,9.612266723594777
29.592887363324337,0.7499999999999992,812.0829240312382,0.3858836714296126,9.612266723594777
29.480935140119534,0.7499999999999984,811.2178673434292,0.36936785447137377,9.589191918994445
29.480935140119534,0.7499999999999984,811.2178673434292,0.36936785447137377,9.589191918994445
29.565068388050445,0.7499999999999996,812.342689535287,0.3948396133104669,9.658832743462535
29.359657174828484,0.749999999999999,813.6261901711456,0.39413596345414276,9.663578080305836
29.359657174828484,0.749999999999999,813.6261901711456,0.39413596345414276,9.663578080305836
29.359657174828484,0.749999999999999,813.6261901711456,0.39413596345414276,9.663578080305836
29.359657174828484,0.749999999999999,813.6261901711456,0.39413596345414276,9.663578080305836
29.359657174828484,0.749999999999999,813.6261901711456,0.39413596345414276,9.663578080305836
29.359657174828484,0.749999999999999,813.6261901711456,0.39413596345414276,9.663578080305836
29.5082713221138,0.7499999999999992,812.9602964164344,0.4012117680519854,9.699022698864528
29.5082713221138,0.7499999999999992,812.9602964164344,0.4012117680519854,9.699022698864528
29.458362768705857,0.7499999999999994,813.5859820538134,0.3988243312445406,9.67496785025013
29.458362768705857,0.7499999999999994,813.5859820538134,0.3988243312445406,9.67496785025013
29.458362768705857,0.7499999999999994,813.5859820538134,0.3988243312445406,9.67496785025013
29.458362768705857,0.7499999999999994,813.5859820538134,0.3988243312445406,9.67496785025013
29.267461643586042,0.7499999999999997,814.8821685991543,0.3909562628764703,9.668115946588069
29.42420119678756,0.7499999999999993,815.1583242255858,0.39799028601520936,9.66956297365814
29.42420119678756,0.7499999999999993,815.1583242255858,0.39799028601520936,9.66956297365814
29.42420119678756,0.7499999999999993,815.1583242255858,0.39799028601520936,9.66956297365814
29.70178028491834,0.749999999999999,809.6565027142516,0.38504218787821143,9.659302975068618
29.396153105532832,0.7499999999999991,809.5493520685231,0.37511593718968145,9.630375471277864
29.396153105532832,0.7499999999999991,809.5493520685231,0.37511593718968145,9.630375471277864
29.396153105532832,0.7499999999999991,809.5493520685231,0.37511593718968145,9.630375471277864
29.396153105532832,0.7499999999999991,809.5493520685231,0.37511593718968145,9.630375471277864
29.506710825405456,0.749999999999998,811.7273897708312,0.4008149637093499,9.685657324857996
29.518300327586328,0.7499999999999996,809.3851141332427,0.39982339573422626,9.696724399215583
29.59542042451967,0.7499999999999997,809.362075695054,0.39704707811792195,9.689282736515356
29.59542042451967,0.7499999999999997,809.362075695054,0.39704707811792195,9.689282736515356
29.59542042451967,0.7499999999999997,809.362075695054,0.39704707811792195,9.689282736515356
29.59542042451967,0.7499999999999997,809.362075695054,0.39704707811792195,9.689282736515356
29.59542042451967,0.7499999999999997,809.362075695054,0.39704707811792195,9.689282736515356
29.59542042451967,0.7499999999999997,809.362075695054,0.39704707811792195,9.689282736515356
29.539578678694625,0.7499999999999996,808.4079215618029,0.3666534095946838,9.626314937468845
29.539578678694625,0.7499999999999996,808.4079215618029,0.3666534095946838,9.626314937468845
29.539578678694625,0.7499999999999996,808.4079215618029,0.3666534095946838,9.626314937468845
29.539578678694625,0.7499999999999996,808.4079215618029,0.3666534095946838,9.626314937468845
29.464730627858515,0.7499999999999993,808.447446534836,0.3665531286901112,9.595854360271568
29.464730627858515,0.7499999999999993,808.447446534836,0.3665531286901112,9.595854360271568
29.464730627858515,0.7499999999999993,808.447446534836,0.3665531286901112,9.595854360271568
29.727168100775636,0.7499999999999991,810.90627201392,0.3926466796804075,9.638400600688161
29.727168100775636,0.7499999999999991,810.90627201392,0.3926466796804075,9.638400600688161
29.727168100775636,0.7499999999999991,810.90627201392,0.3926466796804075,9.638400600688161
29.575040836788137,0.7499999999999989,810.2446983849567,0.3877465128657585,9.569155329853961
29.540251936200352,0.7499999999999998,810.4772301698787,0.3923940224497007,9.624116524315662
29.540251936200352,0.7499999999999998,810.4772301698787,0.3923940224497007,9.624116524315662
29.641676020161068,0.7499999999999996,809.6480076525702,0.3855433256878623,9.629922122043059
29.77495394641967,0.7499999999999999,810.684782198393,0.4089741857152922,9.68201202361152
29.77495394641967,0.7499999999999999,810.684782198393,0.4089741857152922,9.68201202361152
29.77495394641967,0.7499999999999999,810.684782198393,0.4089741857152922,9.68201202361152
29.77495394641967,0.7499999999999999,810.684782198393,0.4089741857152922,9.68201202361152
29.77495394641967,0.7499999999999999,810.684782198393,0.4089741857152922,9.68201202361152
29.77495394641967,0.7499999999999999,810.684782198393,0.4089741857152922,9.68201202361152
29.77495394641967,0.7499999999999999,810.684782198393,0.4089741857152922,9.68201202361152
29.77495394641967,0.7499999999999999,810.684782198393,0.4089741857152922,9.68201202361152
29.747177658396954,0.7500000000000002,810.0950858499868,0.4091489233200055,9.707092405135787
29.747177658396954,0.7500000000000002,810.0950858499868,0.4091489233200055,9.707092405135787
29.747177658396954,0.7500000000000002,810.0950858499868,0.4091489233200055,9.707092405135787
29.747177658396954,0.7500000000000002,810.0950858499868,0.4091489233200055,9.707092405135787
29.747177658396954,0.7500000000000002,810.0950858499868,0.4091489233200055,9.707092405135787
29.747177658396954,0.7500000000000002,810.0950858499868,0.4091489233200055,9.707092405135787
29.747177658396954,0.7500000000000002,810.0950858499868,0.4091489233200055,9.707092405135787
29.906926932154743,0.749999999999999,807.9584629794873,0.3876495035518047,9.621486070373809
29.906926932154743,0.749999999999999,807.9584629794873,0.3876495035518047,9.621486070373809
29.906926932154743,0.749999999999999,807.9584629794873,0.3876495035518047,9.621486070373809
29.906926932154743,0.749999999999999,807.9584629794873,0.3876495035518047,9.621486070373809
29.906926932154743,0.749999999999999,807.9584629794873,0.3876495035518047,9.621486070373809
29.894523908220574,0.7499999999999991,807.6420682193251,0.3802651756136235,9.607442871656058
29.894523908220574,0.7499999999999991,807.6420682193251,0.3802651756136235,9.607442871656058
29.894523908220574,0.7499999999999991,807.6420682193251,0.3802651756136235,9.607442871656058
29.894523908220574,0.7499999999999991,807.6420682193251,0.3802651756136235,9.607442871656058
29.894523908220574,0.7499999999999991,807.6420682193251,0.3802651756136235,9.607442871656058
29.894523908220574,0.7499999999999991,807.6420682193251,0.3802651756136235,9.607442871656058
29.894523908220574,0.7499999999999991,807.6420682193251,0.3802651756136235,9.607442871656058
29.97167514292225,0.749999999999999,808.1368565473707,0.39514126255407855,9.641835380191335
29.97167514292225,0.749999999999999,808.1368565473707,0.39514126255407855,9.641835380191335
29.913986403703635,0.7499999999999991,805.8415002979953,0.3764760640967375,9.602711197866814
30.183894069528126,0.7499999999999998,804.8309692306035,0.3676644158542415,9.551837903740955
30.183894069528126,0.7499999999999998,804.8309692306035,0.3676644158542415,9.551837903740955
30.183894069528126,0.7499999999999998,804.8309692306035,0.3676644158542415,9.551837903740955
30.183894069528126,0.7499999999999998,804.8309692306035,0.3676644158542415,9.551837903740955
30.183894069528126,0.7499999999999998,804.8309692306035,0.3676644158542415,9.551837903740955
30.34720031608589,0.75,805.2273822643631,0.3815178580975032,9.526777906322902
30.34720031608589,0.75,805.2273822643631,0.3815178580975032,9.526777906322902
30.379282924158602,0.7499999999999989,804.0193787069538,0.38818531607411794,9.51099083926153
30.379282924158602,0.7499999999999989,804.0193787069538,0.38818531607411794,9.51099083926153
30.379282924158602,0.7499999999999989,804.0193787069538,0.38818531607411794,9.51099083926153
30.379282924158602,0.7499999999999989,804.0193787069538,0.38818531607411794,9.51099083926153
30.379282924158602,0.7499999999999989,804.0193787069538,0.38818531607411794,9.51099083926153
30.379282924158602,0.7499999999999989,804.0193787069538,0.38818531607411794,9.51099083926153
30.379282924158602,0.7499999999999989,804.0193787069538,0.38818531607411794,9.51099083926153
30.379282924158602,0.7499999999999989,804.0193787069538,0.38818531607411794,9.51099083926153
30.284482867241042,0.7499999999999983,806.2480454535815,0.40762171981150036,9.546804647508377
30.284482867241042,0.7499999999999983,806.2480454535815,0.40762171981150036,9.546804647508377
30.351330098018206,0.75,805.1609507915831,0.3919899299060623,9.533198109175549
30.254601372070233,0.749999999999999,804.7250211315969,0.38238823186754756,9.524711650276023
30.226865135717357,0.7499999999999992,805.2143218733584,0.38261217506865286,9.527683743167762
30.226865135717357,0.7499999999999992,805.2143218733584,0.38261217506865286,9.527683743167762
30.226865135717357,0.7499999999999992,805.2143218733584,0.38261217506865286,9.527683743167762
30.01076239891789,0.7499999999999997,805.3381106562022,0.3702924775899398,9.480119137368018
30.01076239891789,0.7499999999999997,805.3381106562022,0.3702924775899398,9.480119137368018
30.01076239891789,0.7499999999999997,805.3381106562022,0.3702924775899398,9.480119137368018
30.01076239891789,0.7499999999999997,805.3381106562022,0.3702924775899398,9.480119137368018
30.01076239891789,0.7499999999999997,805.3381106562022,0.3702924775899398,9.480119137368018
30.01076239891789,0.7499999999999997,805.3381106562022,0.3702924775899398,9.480119137368018
30.01076239891789,0.7499999999999997,805.3381106562022,0.3702924775899398,9.480119137368018
30.048257446031908,0.749999999999999,803.7242858687239,0.36225927849607154,9.502980685653753
30.1543218542285,0.7499999999999992,803.6854073262681,0.38746084461316316,9.560249597032893
29.868278194665333,0.7499999999999987,805.8429189186007,0.3872245161840919,9.60158286334438
29.868278194665333,0.7499999999999987,805.8429189186007,0.3872245161840919,9.60158286334438
29.868278194665333,0.7499999999999987,805.8429189186007,0.3872245161840919,9.60158286334438
29.868278194665333,0.7499999999999987,805.8429189186007,0.3872245161840919,9.60158286334438
30.066694088402706,0.7499999999999994,806.1668705332404,0.39549047510827867,9.60051837390444
30.066694088402706,0.7499999999999994,806.1668705332404,0.39549047510827867,9.60051837390444
29.901052299393122,0.75,806.9980811225032,0.37320229908141084,9.595920787618743
30.158429142873647,0.75,806.6783949861222,0.38778455414276997,9.618363419413617
30.199001744417316,0.7499999999999998,808.5931662411882,0.40391564044858425,9.670865695176818
30.199001744417316,0.7499999999999998,808.5931662411882,0.40391564044858425,9.670865695176818
30.199001744417316,0.7499999999999998,808.5931662411882,0.40391564044858425,9.670865695176818
30.199001744417316,0.7499999999999998,808.5931662411882,0.40391564044858425,9.670865695176818
30.199001744417316,0.7499999999999998,808.5931662411882,0.40391564044858425,9.670865695176818
30.043282407092605,0.7499999999999999,807.401241369708,0.38105335859467293,9.622472294446117
30.043282407092605,0.7499999999999999,807.401241369708,0.38105335859467293,9.622472294446117
30.00203376597338,0.7499999999999996,807.3059436844426,0.37821539983836755,9.568680896421265
30.090363123407986,0.7499999999999999,806.8500321753847,0.3571920029102326,9.524531451181195
30.090363123407986,0.7499999999999999,806.8500321753847,0.3571920029102326,9.524531451181195
30.237198687796877,0.7499999999999988,808.7759138517443,0.3723265493930048,9.590198888224005
30.237198687796877,0.7499999999999988,808.7759138517443,0.3723265493930048,9.590198888224005
30.241625234633066,0.75,807.2072262898783,0.39138885655043576,9.565161557086242
30.19814224851934,0.7499999999999982,805.7533830676443,0.4067262198478002,9.54568306638932
30.19814224851934,0.7499999999999982,805.7533830676443,0.4067262198478002,9.54568306638932
30.19814224851934,0.7499999999999982,805.7533830676443,0.4067262198478002,9.54568306638932
30.19814224851934,0.7499999999999982,805.7533830676443,0.4067262198478002,9.54568306638932
30.19814224851934,0.7499999999999982,805.7533830676443,0.4067262198478002,9.54568306638932
30.19814224851934,0.7499999999999982,805.7533830676443,0.4067262198478002,9.54568306638932
30.19814224851934,0.7499999999999982,805.7533830676443,0.4067262198478002,9.54568306638932
30.19814224851934,0.7499999999999982,805.7533830676443,0.4067262198478002,9.54568306638932
30.19814224851934,0.7499999999999982,805.7533830676443,0.4067262198478002,9.54568306638932
30.19814224851934,0.7499999999999982,805.7533830676443,0.4067262198478002,9.54568306638932
30.19814224851934,0.7499999999999982,805.7533830676443,0.4067262198478002,9.54568306638932
30.098389321449304,0.7499999999999994,805.2774234738285,0.37912824828627206,9.496932035904061
30.098389321449304,0.7499999999999994,805.2774234738285,0.37912824828627206,9.496932035904061
30.091275579666945,0.7499999999999989,805.0838430601514,0.38739963320818765,9.493774608818473
30.091275579666945,0.7499999999999989,805.0838430601514,0.38739963320818765,9.493774608818473
30.091275579666945,0.7499999999999989,805.0838430601514,0.38739963320818765,9.493774608818473
30.091275579666945,0.7499999999999989,805.0838430601514,0.38739963320818765,9.493774608818473
30.284821699470957,0.7499999999999997,802.2827041401658,0.4161680285543104,9.460189118975885
30.284821699470957,0.7499999999999997,802.2827041401658,0.4161680285543104,9.460189118975885
30.284821699470957,0.7499999999999997,802.2827041401658,0.4161680285543104,9.460189118975885
30.284821699470957,0.7499999999999997,802.2827041401658,0.4161680285543104,9.460189118975885
30.34418317025258,0.7499999999999991,802.2928523180116,0.4557990303388361,9.470282606713871
30.34418317025258,0.7499999999999991,802.2928523180116,0.4557990303388361,9.470282606713871
30.34418317025258,0.7499999999999991,802.2928523180116,0.4557990303388361,9.470282606713871
30.34418317025258,0.7499999999999991,802.2928523180116,0.4557990303388361,9.470282606713871
30.34418317025258,0.7499999999999991,802.2928523180116,0.4557990303388361,9.470282606713871
30.225844516237128,0.7499999999999981,801.1887059568528,0.4863887529712886,9.47648991806721
30.110981072131125,0.7499999999999994,802.8175354338313,0.468663639416556,9.493315324022628
30.320084813901513,0.7499999999999993,805.9061617264764,0.483848949699255,9.594565293788174
30.320084813901513,0.7499999999999993,805.9061617264764,0.483848949699255,9.594565293788174
30.07347364247167,0.7499999999999996,806.4765417156882,0.5147109654535641,9.630797746110105
30.07347364247167,0.7499999999999996,806.4765417156882,0.5147109654535641,9.630797746110105
30.07347364247167,0.7499999999999996,806.4765417156882,0.5147109654535641,9.630797746110105
30.056500720303646,0.7499999999999998,805.9038012898171,0.514934916807332,9.636453554944572
30.056500720303646,0.7499999999999998,805.9038012898171,0.514934916807332,9.636453554944572
30.056500720303646,0.7499999999999998,805.9038012898171,0.514934916807332,9.636453554944572
30.056500720303646,0.7499999999999998,805.9038012898171,0.514934916807332,9.636453554944572
30.056500720303646,0.7499999999999998,805.9038012898171,0.514934916807332,9.636453554944572
30.056500720303646,0.7499999999999998,805.9038012898171,0.514934916807332,9.636453554944572
30.242119136552315,0.749999999999999,806.9089206272464,0.5101462795699616,9.7022450205185
30.242119136552315,0.749999999999999,806.9089206272464,0.5101462795699616,9.7022450205185
30.512906241608146,0.7499999999999996,806.7563438368682,0.5276389018056556,9.699931345963899
30.48600772873833,0.7500000000000003,804.9060043407751,0.5180014686789336,9.68930970086995
30.48600772873833,0.7500000000000003,804.9060043407751,0.5180014686789336,9.68930970086995
30.752197707811774,0.7499999999999991,804.998088547519,0.5357865609606468,9.717640631969513
30.752197707811774,0.7499999999999991,804.998088547519,0.5357865609606468,9.717640631969513
30.752197707811774,0.7499999999999991,804.998088547519,0.5357865609606468,9.717640631969513
30.681453347409686,0.749999999999999,807.5662658036975,0.5320633671611933,9.713198606354279
30.511522582870523,0.7499999999999994,807.7793110768197,0.5195567783545951,9.677449510258645
30.511522582870523,0.7499999999999994,807.7793110768197,0.5195567783545951,9.677449510258645
30.511522582870523,0.7499999999999994,807.7793110768197,0.5195567783545951,9.677449510258645
30.511522582870523,0.7499999999999994,807.7793110768197,0.5195567783545951,9.677449510258645
30.818072517086566,0.7499999999999999,809.4848546105366,0.5150636161014078,9.661426614034076
30.818072517086566,0.7499999999999999,809.4848546105366,0.5150636161014078,9.661426614034076
30.818072517086566,0.7499999999999999,809.4848546105366,0.5150636161014078,9.661426614034076
30.818072517086566,0.7499999999999999,809.4848546105366,0.5150636161014078,9.661426614034076
30.818072517086566,0.7499999999999999,809.4848546105366,0.5150636161014078,9.661426614034076
30.818072517086566,0.7499999999999999,809.4848546105366,0.5150636161014078,9.661426614034076
30.84601928531686,0.7499999999999999,810.8475509685566,0.5217003838235076,9.682864667171524
30.84601928531686,0.7499999999999999,810.8475509685566,0.5217003838235076,9.682864667171524
30.801489696640285,0.7500000000000003,809.6087471767025,0.4692160671236981,9.614248493393067
30.801489696640285,0.7500000000000003,809.6087471767025,0.4692160671236981,9.614248493393067
30.801489696640285,0.7500000000000003,809.6087471767025,0.4692160671236981,9.614248493393067
30.801489696640285,0.7500000000000003,809.6087471767025,0.4692160671236981,9.614248493393067
30.689576252934394,0.7499999999999992,809.9300505036749,0.510444581037498,9.622591148161234
30.689576252934394,0.7499999999999992,809.9300505036749,0.510444581037498,9.622591148161234
30.689576252934394,0.7499999999999992,809.9300505036749,0.510444581037498,9.622591148161234
30.506998272622305,0.7499999999999998,809.267296974386,0.48843629922529674,9.625470496805736
30.26038791898677,0.749999999999999,805.9209043148751,0.4503722193643092,9.581180657566133
30.26038791898677,0.749999999999999,805.9209043148751,0.4503722193643092,9.581180657566133
30.158186410204014,0.7499999999999979,806.3696441919044,0.4278409786954532,9.526121133915401
30.158186410204014,0.7499999999999979,806.3696441919044,0.4278409786954532,9.526121133915401
30.158186410204014,0.7499999999999979,806.3696441919044,0.4278409786954532,9.526121133915401
30.158186410204014,0.7499999999999979,806.3696441919044,0.4278409786954532,9.526121133915401
30.167706112600776,0.7499999999999996,807.80178507803,0.4131711112967589,9.503641871167613
30.167706112600776,0.7499999999999996,807.80178507803,0.4131711112967589,9.503641871167613
30.167706112600776,0.7499999999999996,807.80178507803,0.4131711112967589,9.503641871167613
30.167706112600776,0.7499999999999996,807.80178507803,0.4131711112967589,9.503641871167613
30.167706112600776,0.7499999999999996,807.80178507803,0.4131711112967589,9.503641871167613
30.054595151580045,0.7499999999999997,807.8588411957649,0.39388446901908886,9.553443598323307
30.054595151580045,0.7499999999999997,807.8588411957649,0.39388446901908886,9.553443598323307
30.054595151580045,0.7499999999999997,807.8588411957649,0.39388446901908886,9.553443598323307
30.36105171313387,0.7499999999999983,805.570785152106,0.4094915151526625,9.556498868647818
30.36105171313387,0.7499999999999983,805.570785152106,0.4094915151526625,9.556498868647818
30.36105171313387,0.7499999999999983,805.570785152106,0.4094915151526625,9.556498868647818
30.36105171313387,0.7499999999999983,805.570785152106,0.4094915151526625,9.556498868647818
30.36105171313387,0.7499999999999983,805.570785152106,0.4094915151526625,9.556498868647818
30.329047158887963,0.7499999999999993,804.0385368948433,0.4116714002441228,9.600009372544454
30.329047158887963,0.7499999999999993,804.0385368948433,0.4116714002441228,9.600009372544454
30.329047158887963,0.7499999999999993,804.0385368948433,0.4116714002441228,9.600009372544454
30.38425089532137,0.7499999999999994,804.8168847597925,0.42627285335531534,9.608191803098766
30.38425089532137,0.7499999999999994,804.8168847597925,0.42627285335531534,9.608191803098766
30.38425089532137,0.7499999999999994,804.8168847597925,0.42627285335531534,9.608191803098766
30.38425089532137,0.7499999999999994,804.8168847597925,0.42627285335531534,9.608191803098766
30.38425089532137,0.7499999999999994,804.8168847597925,0.42627285335531534,9.608191803098766
30.38425089532137,0.7499999999999994,804.8168847597925,0.42627285335531534,9.608191803098766
30.38425089532137,0.7499999999999994,804.8168847597925,0.42627285335531534,9.608191803098766
30.38425089532137,0.7499999999999994,804.8168847597925,0.42627285335531534,9.608191803098766
30.38425089532137,0.7499999999999994,804.8168847597925,0.42627285335531534,9.608191803098766
30.38425089532137,0.7499999999999994,804.8168847597925,0.42627285335531534,9.608191803098766
30.447665271487907,0.7499999999999986,806.3237228204808,0.47925681695301176,9.664032598484345
30.557413700754477,0.7499999999999996,809.0856022697623,0.478852935111134,9.703054867479201
30.560419733747633,0.75,809.622972513323,0.4611347255276527,9.69654653264799
30.39669178620747,0.7499999999999996,809.1150515245297,0.4721436600146693,9.707348792966636
30.39669178620747,0.7499999999999996,809.1150515245297,0.4721436600146693,9.707348792966636
30.39669178620747,0.7499999999999996,809.1150515245297,0.4721436600146693,9.707348792966636
30.39669178620747,0.7499999999999996,809.1150515245297,0.4721436600146693,9.707348792966636
30.39669178620747,0.7499999999999996,809.1150515245297,0.4721436600146693,9.707348792966636
30.03374041209664,0.7499999999999992,805.1412842876645,0.4094960128699867,9.605760484980141
30.05092349977296,0.7499999999999994,805.1006142391531,0.40988637167134917,9.551036835242652
30.118486199642703,0.7499999999999998,805.1491858267934,0.45130665735304565,9.599714426326917
30.118486199642703,0.7499999999999998,805.1491858267934,0.45130665735304565,9.599714426326917
30.118486199642703,0.7499999999999998,805.1491858267934,0.45130665735304565,9.599714426326917
30.118486199642703,0.7499999999999998,805.1491858267934,0.45130665735304565,9.599714426326917
30.118486199642703,0.7499999999999998,805.1491858267934,0.45130665735304565,9.599714426326917
30.118486199642703,0.7499999999999998,805.1491858267934,0.45130665735304565,9.599714426326917
30.233548492571234,0.7499999999999987,803.6703891443442,0.43712173753026984,9.555863057992742
30.233548492571234,0.7499999999999987,803.6703891443442,0.43712173753026984,9.555863057992742
30.466186960434367,0.749999999999998,805.6346137099952,0.498308967868754,9.5740699891867
30.466186960434367,0.749999999999998,805.6346137099952,0.498308967868754,9.5740699891867
30.466186960434367,0.749999999999998,805.6346137099952,0.498308967868754,9.5740699891867
30.560768805703354,0.75,802.5840012451381,0.4935283620089198,9.52664350467613
30.560768805703354,0.75,802.5840012451381,0.4935283620089198,9.52664350467613
30.52137104236589,0.7499999999999989,801.445781134649,0.5230543607915534,9.522548606028616
30.52137104236589,0.7499999999999989,801.445781134649,0.5230543607915534,9.522548606028616
30.52137104236589,0.7499999999999989,801.445781134649,0.5230543607915534,9.522548606028616
30.68635023315103,0.7499999999999977,805.4232609200866,0.5791926737889269,9.578291047697277
30.68635023315103,0.7499999999999977,805.4232609200866,0.5791926737889269,9.578291047697277
30.68635023315103,0.7499999999999977,805.4232609200866,0.5791926737889269,9.578291047697277
30.68635023315103,0.7499999999999977,805.4232609200866,0.5791926737889269,9.578291047697277
30.590262865779327,0.7499999999999993,803.6377994199878,0.5693158361162975,9.523724378082576
30.538655546135043,0.7499999999999991,803.8451833125223,0.5282390312620556,9.551951895585555
30.538655546135043,0.7499999999999991,803.8451833125223,0.5282390312620556,9.551951895585555
30.538655546135043,0.7499999999999991,803.8451833125223,0.5282390312620556,9.551951895585555
30.538655546135043,0.7499999999999991,803.8451833125223,0.5282390312620556,9.551951895585555
30.647893947898442,0.7499999999999993,805.542846293584,0.495452842188808,9.568255869604958
30.647893947898442,0.7499999999999993,805.542846293584,0.495452842188808,9.568255869604958
30.647893947898442,0.7499999999999993,805.542846293584,0.495452842188808,9.568255869604958
30.797541381335385,0.7499999999999998,808.5109464456712,0.5219524071860294,9.610665150047055
30.838986803107503,0.7499999999999994,809.6910390940741,0.5186537642222832,9.676694564474246
30.770848721683613,0.7499999999999986,809.8889683266991,0.5054058433608837,9.696855358879592
30.840676152032714,0.7499999999999996,812.9904079264116,0.49823203823471696,9.72384359766112
30.864563735521934,0.7499999999999988,815.6772092702116,0.5249704465478209,9.794061993633747
30.986399041339745,0.7499999999999999,815.1220951217836,0.5465155412145949,9.782055543316773
30.986399041339745,0.7499999999999999,815.1220951217836,0.5465155412145949,9.782055543316773
30.986399041339745,0.7499999999999999,815.1220951217836,0.5465155412145949,9.782055543316773
30.986399041339745,0.7499999999999999,815.1220951217836,0.5465155412145949,9.782055543316773
30.986399041339745,0.7499999999999999,815.1220951217836,0.5465155412145949,9.782055543316773
30.986399041339745,0.7499999999999999,815.1220951217836,0.5465155412145949,9.782055543316773
30.986399041339745,0.7499999999999999,815.1220951217836,0.5465155412145949,9.782055543316773
30.755753438756294,0.7499999999999999,812.9261802488857,0.5172658558168544,9.76801217058761
30.755753438756294,0.7499999999999999,812.9261802488857,0.5172658558168544,9.76801217058761
30.570431228958633,0.7499999999999988,812.9393022605094,0.48308994251270443,9.748080707374083
30.570431228958633,0.7499999999999988,812.9393022605094,0.48308994251270443,9.748080707374083
30.733218903179864,0.7499999999999993,814.0117402621419,0.49671589990135745,9.819502366273785
30.47772032681531,0.7499999999999983,814.1765456303041,0.4766494392927823,9.75947186398937
30.47772032681531,0.7499999999999983,814.1765456303041,0.4766494392927823,9.75947186398937
30.47772032681531,0.7499999999999983,814.1765456303041,0.4766494392927823,9.75947186398937
30.47772032681531,0.7499999999999983,814.1765456303041,0.4766494392927823,9.75947186398937
30.47772032681531,0.7499999999999983,814.1765456303041,0.4766494392927823,9.75947186398937
30.47772032681531,0.7499999999999983,814.1765456303041,0.4766494392927823,9.75947186398937
30.47772032681531,0.7499999999999983,814.1765456303041,0.4766494392927823,9.75947186398937
30.338796952144616,0.7499999999999994,815.1833821465057,0.4710079848998369,9.791755360128338
30.338796952144616,0.7499999999999994,815.1833821465057,0.4710079848998369,9.791755360128338
30.338796952144616,0.7499999999999994,815.1833821465057,0.4710079848998369,9.791755360128338
30.2766310746524,0.7499999999999976,810.7379524830027,0.4829005434726133,9.728320067159743
30.2766310746524,0.7499999999999976,810.7379524830027,0.4829005434726133,9.728320067159743
30.2766310746524,0.7499999999999976,810.7379524830027,0.4829005434726133,9.728320067159743
30.17967898523514,0.7499999999999996,810.9817463458212,0.4699629178767433,9.786989710026239
30.010602213210806,0.7499999999999974,810.2029734753994,0.4330159822781058,9.801256211549795
30.087400690407193,0.7499999999999996,810.0773694103314,0.44340744276291266,9.810611827312872
30.087400690407193,0.7499999999999996,810.0773694103314,0.44340744276291266,9.810611827312872
29.9837997721016,0.75,808.7003437255751,0.46328661488006556,9.782187733764843
29.9837997721016,0.75,808.7003437255751,0.46328661488006556,9.782187733764843
29.9837997721016,0.75,808.7003437255751,0.46328661488006556,9.782187733764843
29.9837997721016,0.75,808.7003437255751,0.46328661488006556,9.782187733764843
29.952784307961842,0.7499999999999999,808.0283523528893,0.457222177994269,9.753966151334925
29.952784307961842,0.7499999999999999,808.0283523528893,0.457222177994269,9.753966151334925
29.803820694456064,0.7499999999999998,805.4689092779023,0.4601003315769352,9.739096520548355
29.658834532390127,0.7499999999999996,808.0042389773258,0.4506641478162905,9.766649156506787
29.658834532390127,0.7499999999999996,808.0042389773258,0.4506641478162905,9.766649156506787
29.658834532390127,0.7499999999999996,808.0042389773258,0.4506641478162905,9.766649156506787
29.657196033213463,0.7499999999999997,808.1769370564632,0.4527711856856925,9.746337155071888
29.657196033213463,0.7499999999999997,808.1769370564632,0.4527711856856925,9.746337155071888
29.657196033213463,0.7499999999999997,808.1769370564632,0.4527711856856925,9.746337155071888
29.657196033213463,0.7499999999999997,808.1769370564632,0.4527711856856925,9.746337155071888
29.536736420007642,0.7499999999999994,807.4241177309452,0.44751645869960843,9.669021894454918
29.7349161290057,0.7499999999999993,807.0139519331178,0.43816685069547784,9.689941536434466
29.679532776335453,0.7499999999999996,807.7294722960391,0.4425554660341098,9.688899229172488
29.52497359646321,0.749999999999999,808.2596611684576,0.4260272968325362,9.632060206722173
29.52497359646321,0.749999999999999,808.2596611684576,0.4260272968325362,9.632060206722173
29.327248820566663,0.7499999999999989,805.986907617573,0.40061441429093325,9.562983574772385
29.34832956278574,0.7499999999999997,807.0239268537607,0.42908369888513354,9.611736637779495
29.34832956278574,0.7499999999999997,807.0239268537607,0.42908369888513354,9.611736637779495
29.34832956278574,0.7499999999999997,807.0239268537607,0.42908369888513354,9.611736637779495
29.198650889837406,0.7499999999999991,807.26859229587,0.43105350422383665,9.616915921886918
29.076740489038027,0.7499999999999984,804.9724861632845,0.42800664417445416,9.610085884393992
29.076740489038027,0.7499999999999984,804.9724861632845,0.42800664417445416,9.610085884393992
29.076740489038027,0.7499999999999984,804.9724861632845,0.42800664417445416,9.610085884393992
29.076740489038027,0.7499999999999984,804.9724861632845,0.42800664417445416,9.610085884393992
28.93578993630503,0.7499999999999993,804.6449602504338,0.3950302136156571,9.564580547445328
28.72779509088626,0.7499999999999994,800.3261414455397,0.3731057034391457,9.482804615815215
28.72779509088626,0.7499999999999994,800.3261414455397,0.3731057034391457,9.482804615815215
28.95644387604195,0.7499999999999996,799.6826673022438,0.41037409847218775,9.494414353163165
29.241787145971742,0.7499999999999992,798.4621047851083,0.3793439808727359,9.475696249561159
29.241787145971742,0.7499999999999992,798.4621047851083,0.3793439808727359,9.475696249561159
29.241787145971742,0.7499999999999992,798.4621047851083,0.3793439808727359,9.475696249561159
29.214737033210447,0.7499999999999999,798.0087452091141,0.400160952669043,9.462824955872573
28.87604546691955,0.7499999999999997,799.9475663029118,0.38689371303022246,9.470626019175342
28.87604546691955,0.7499999999999997,799.9475663029118,0.38689371303022246,9.470626019175342
28.87604546691955,0.7499999999999997,799.9475663029118,0.38689371303022246,9.470626019175342
29.016586511900215,0.7499999999999997,800.7449895526524,0.3712216369774298,9.47224840760164
29.020706780751116,0.7499999999999999,799.9321290562702,0.3687902581341206,9.457420182475644
29.020706780751116,0.7499999999999999,799.9321290562702,0.3687902581341206,9.457420182475644
29.035107955108362,0.7499999999999997,801.7557781231603,0.34387403605388905,9.46947342713479
29.04056050762697,0.7499999999999994,803.357694751808,0.36423300459886554,9.444245041561127
29.242645448084897,0.7499999999999983,804.852062161764,0.35393549125555906,9.43396937607966
28.94016934610259,0.7499999999999993,804.1414041587814,0.37522244185162346,9.408999136410625
29.05626975937154,0.7499999999999993,804.5681401911554,0.3989510571252377,9.461569531526724
29.05626975937154,0.7499999999999993,804.5681401911554,0.3989510571252377,9.461569531526724
28.9049290860325,0.7499999999999999,805.7366079273029,0.4353276882527105,9.429418412338123
28.9049290860325,0.7499999999999999,805.7366079273029,0.4353276882527105,9.429418412338123
29.086431132870004,0.7500000000000002,803.9289782249725,0.43926302043872223,9.438360288994058
29.086431132870004,0.7500000000000002,803.9289782249725,0.43926302043872223,9.438360288994058
29.086431132870004,0.7500000000000002,803.9289782249725,0.43926302043872223,9.438360288994058
29.086431132870004,0.7500000000000002,803.9289782249725,0.43926302043872223,9.438360288994058
29.086431132870004,0.7500000000000002,803.9289782249725,0.43926302043872223,9.438360288994058
29.086431132870004,0.7500000000000002,803.9289782249725,0.43926302043872223,9.438360288994058
29.086431132870004,0.7500000000000002,803.9289782249725,0.43926302043872223,9.438360288994058
29.086431132870004,0.7500000000000002,803.9289782249725,0.43926302043872223,9.438360288994058
29.086431132870004,0.7500000000000002,803.9289782249725,0.43926302043872223,9.438360288994058
29.086431132870004,0.7500000000000002,803.9289782249725,0.43926302043872223,9.438360288994058
29.26930514340973,0.7499999999999992,801.1483258053029,0.43873870124221565,9.458217477971598
29.26930514340973,0.7499999999999992,801.1483258053029,0.43873870124221565,9.458217477971598
29.189827361186538,0.7499999999999984,799.8699873203801,0.3931313955571221,9.414236984835025
29.189827361186538,0.7499999999999984,799.8699873203801,0.3931313955571221,9.414236984835025
29.189827361186538,0.7499999999999984,799.8699873203801,0.3931313955571221,9.414236984835025
29.189827361186538,0.7499999999999984,799.8699873203801,0.3931313955571221,9.414236984835025
29.189827361186538,0.7499999999999984,799.8699873203801,0.3931313955571221,9.414236984835025
29.189827361186538,0.7499999999999984,799.8699873203801,0.3931313955571221,9.414236984835025
29.189827361186538,0.7499999999999984,799.8699873203801,0.3931313955571221,9.414236984835025
29.189827361186538,0.7499999999999984,799.8699873203801,0.3931313955571221,9.414236984835025
29.16128085150581,0.7499999999999991,800.0873395379436,0.3749292039813897,9.393810687966033
29.16128085150581,0.7499999999999991,800.0873395379436,0.3749292039813897,9.393810687966033
29.16128085150581,0.7499999999999991,800.0873395379436,0.3749292039813897,9.393810687966033
29.16128085150581,0.7499999999999991,800.0873395379436,0.3749292039813897,9.393810687966033
29.16128085150581,0.7499999999999991,800.0873395379436,0.3749292039813897,9.393810687966033
29.118631932769723,0.7499999999999994,799.5459193075511,0.3685565022853025,9.40144304789213
29.118631932769723,0.7499999999999994,799.5459193075511,0.3685565022853025,9.40144304789213
29.118631932769723,0.7499999999999994,799.5459193075511,0.3685565022853025,9.40144304789213
29.05242176024217,0.7499999999999998,800.2150288428267,0.34951796115134004,9.408725791478975
28.977579274004228,0.7499999999999986,801.3614909210851,0.33876907281499263,9.378950158959308
28.905167477834798,0.7499999999999996,803.6939161523443,0.33827641487482124,9.35992646617495
29.009377734433297,0.7499999999999994,803.6038568341114,0.33357501115604815,9.37655372625969
29.07493691320803,0.7499999999999987,804.432696505384,0.3508102881751951,9.421169256616944
29.07493691320803,0.7499999999999987,804.432696505384,0.3508102881751951,9.421169256616944
29.07493691320803,0.7499999999999987,804.432696505384,0.3508102881751951,9.421169256616944
28.793532283929302,0.7499999999999997,805.000384571235,0.3442330881907085,9.391929094741865
29.07631659932804,0.7499999999999998,804.5824525050963,0.3348372541199937,9.407919547393652
29.163835575698997,0.7499999999999992,803.5320424127917,0.3519134961405407,9.460770453222636
29.163835575698997,0.7499999999999992,803.5320424127917,0.3519134961405407,9.460770453222636
29.328408814544694,0.7499999999999997,803.7675038078722,0.36001937414623697,9.475820440670336
29.328408814544694,0.7499999999999997,803.7675038078722,0.36001937414623697,9.475820440670336
29.17225108173809,0.7499999999999993,805.1606565869515,0.3496825207527727,9.47688879870706
29.17225108173809,0.7499999999999993,805.1606565869515,0.3496825207527727,9.47688879870706
29.17225108173809,0.7499999999999993,805.1606565869515,0.3496825207527727,9.47688879870706
29.17225108173809,0.7499999999999993,805.1606565869515,0.3496825207527727,9.47688879870706
29.17225108173809,0.7499999999999993,805.1606565869515,0.3496825207527727,9.47688879870706
29.17225108173809,0.7499999999999993,805.1606565869515,0.3496825207527727,9.47688879870706
29.17225108173809,0.7499999999999993,805.1606565869515,0.3496825207527727,9.47688879870706
28.82903450402674,0.7499999999999988,805.0236935615244,0.32733107941429435,9.42968572780443
28.785359286194456,0.7499999999999989,803.7993783946407,0.307276185921871,9.40322986231287
28.785359286194456,0.7499999999999989,803.7993783946407,0.307276185921871,9.40322986231287
28.90443873823447,0.7499999999999993,804.0098327399484,0.3203114377542686,9.444236182604016
28.90443873823447,0.7499999999999993,804.0098327399484,0.3203114377542686,9.444236182604016
28.90443873823447,0.7499999999999993,804.0098327399484,0.3203114377542686,9.444236182604016
29.02937794699468,0.7499999999999994,805.4484297893509,0.33637846297644136,9.466742965408931
28.839508030600562,0.7499999999999996,805.5555166982249,0.34241013335463294,9.490247260994291
28.704575537441716,0.749999999999999,804.5900036531789,0.33699452154356546,9.491297490657137
28.704575537441716,0.749999999999999,804.5900036531789,0.33699452154356546,9.491297490657137
28.704575537441716,0.749999999999999,804.5900036531789,0.33699452154356546,9.491297490657137
28.704575537441716,0.749999999999999,804.5900036531789,0.33699452154356546,9.491297490657137
28.704575537441716,0.749999999999999,804.5900036531789,0.33699452154356546,9.491297490657137
28.704575537441716,0.749999999999999,804.5900036531789,0.33699452154356546,9.491297490657137
28.643336568773837,0.7499999999999993,802.9048203483462,0.3295698514620531,9.498543867901429
28.643336568773837,0.7499999999999993,802.9048203483462,0.3295698514620531,9.498543867901429
28.679684734965093,0.7499999999999989,804.0902829395097,0.3309327385836807,9.495916340769767
28.679684734965093,0.7499999999999989,804.0902829395097,0.3309327385836807,9.495916340769767
28.679684734965093,0.7499999999999989,804.0902829395097,0.3309327385836807,9.495916340769767
28.679684734965093,0.7499999999999989,804.0902829395097,0.3309327385836807,9.495916340769767
28.694233531888695,0.7499999999999992,805.6294323519812,0.34835784170692957,9.5714590809979
28.694233531888695,0.7499999999999992,805.6294323519812,0.34835784170692957,9.5714590809979
28.87375667857227,0.7499999999999994,803.8694138436977,0.3485325281714702,9.558731330905015
28.87375667857227,0.7499999999999994,803.8694138436977,0.3485325281714702,9.558731330905015
28.818789516256036,0.7499999999999991,806.0103519440986,0.3693468450495723,9.625036612203541
28.818789516256036,0.7499999999999991,806.0103519440986,0.3693468450495723,9.625036612203541
28.818789516256036,0.7499999999999991,806.0103519440986,0.3693468450495723,9.625036612203541
28.818789516256036,0.7499999999999991,806.0103519440986,0.3693468450495723,9.625036612203541
28.818789516256036,0.7499999999999991,806.0103519440986,0.3693468450495723,9.625036612203541
28.899634672595624,0.7499999999999989,805.9707280203012,0.36675311721677395,9.622231792121221
28.96083674427762,0.7499999999999983,805.6435233615945,0.36617514808808055,9.639446538583812
28.96083674427762,0.7499999999999983,805.6435233615945,0.36617514808808055,9.639446538583812
28.96083674427762,0.7499999999999983,805.6435233615945,0.36617514808808055,9.639446538583812
28.96083674427762,0.7499999999999983,805.6435233615945,0.36617514808808055,9.639446538583812
28.96083674427762,0.7499999999999983,805.6435233615945,0.36617514808808055,9.639446538583812
28.96083674427762,0.7499999999999983,805.6435233615945,0.36617514808808055,9.639446538583812
28.96083674427762,0.7499999999999983,805.6435233615945,0.36617514808808055,9.639446538583812
28.96083674427762,0.7499999999999983,805.6435233615945,0.36617514808808055,9.639446538583812
28.96083674427762,0.7499999999999983,805.6435233615945,0.36617514808808055,9.639446538583812
28.96083674427762,0.7499999999999983,805.6435233615945,0.36617514808808055,9.639446538583812
29.24858580606443,0.7499999999999992,804.6057815355898,0.3776715210735589,9.680160559624198
29.24858580606443,0.7499999999999992,804.6057815355898,0.3776715210735589,9.680160559624198
29.65354705535265,0.7499999999999992,803.6811061041593,0.37464558408428583,9.683716254720196
29.925715198621933,0.7499999999999992,802.5750128951951,0.36536661019440525,9.653694559721027
29.925715198621933,0.7499999999999992,802.5750128951951,0.36536661019440525,9.653694559721027
29.925715198621933,0.7499999999999992,802.5750128951951,0.36536661019440525,9.653694559721027
29.925715198621933,0.7499999999999992,802.5750128951951,0.36536661019440525,9.653694559721027
29.878200868850772,0.7499999999999991,803.8421389674124,0.36185669905415724,9.640538347688963
29.878200868850772,0.7499999999999991,803.8421389674124,0.36185669905415724,9.640538347688963
29.758156457060654,0.7499999999999988,804.6222946950487,0.3722989118836043,9.644156654908016
29.758156457060654,0.7499999999999988,804.6222946950487,0.3722989118836043,9.644156654908016
29.758156457060654,0.7499999999999988,804.6222946950487,0.3722989118836043,9.644156654908016
29.758156457060654,0.7499999999999988,804.6222946950487,0.3722989118836043,9.644156654908016
29.812147654224585,0.75,805.0747472497851,0.36647977640776713,9.661587059932788
30.017372608154286,0.7499999999999997,806.152404506575,0.3940802425047257,9.676035268032326
30.017372608154286,0.7499999999999997,806.152404506575,0.3940802425047257,9.676035268032326
30.39427016575027,0.7499999999999991,807.720045523449,0.4270336026496581,9.74092578559961
30.39427016575027,0.7499999999999991,807.720045523449,0.4270336026496581,9.74092578559961
30.198307760366088,0.7499999999999997,808.6841740115349,0.4142632949309356,9.731499722022818
29.937067172278613,0.7499999999999999,809.4752977798788,0.4000492813372756,9.724993954710893
29.937067172278613,0.7499999999999999,809.4752977798788,0.4000492813372756,9.724993954710893
29.972496536289515,0.7499999999999989,807.0201801305193,0.4095281468346256,9.681408609672221
29.972496536289515,0.7499999999999989,807.0201801305193,0.4095281468346256,9.681408609672221
29.85368197316469,0.7499999999999994,808.7669197158824,0.4246347242253564,9.717740218582975
29.95435342543061,0.7499999999999993,807.3382475300093,0.40648402779576004,9.685035293494234
29.95435342543061,0.7499999999999993,807.3382475300093,0.40648402779576004,9.685035293494234
29.95435342543061,0.7499999999999993,807.3382475300093,0.40648402779576004,9.685035293494234
29.95435342543061,0.7499999999999993,807.3382475300093,0.40648402779576004,9.685035293494234
29.95435342543061,0.7499999999999993,807.3382475300093,0.40648402779576004,9.685035293494234
30.134950284366653,0.7499999999999992,807.3334506297416,0.42358271433248024,9.70445110117345
30.134950284366653,0.7499999999999992,807.3334506297416,0.42358271433248024,9.70445110117345
30.134950284366653,0.7499999999999992,807.3334506297416,0.42358271433248024,9.70445110117345
30.079026137979234,0.7499999999999984,809.5447409504495,0.4262517437038009,9.737971399876969
30.079026137979234,0.7499999999999984,809.5447409504495,0.4262517437038009,9.737971399876969
29.91742237317005,0.749999999999999,810.025228608561,0.4166406049620111,9.77023223573355
29.91742237317005,0.749999999999999,810.025228608561,0.4166406049620111,9.77023223573355
29.91742237317005,0.749999999999999,810.025228608561,0.4166406049620111,9.77023223573355
29.91742237317005,0.749999999999999,810.025228608561,0.4166406049620111,9.77023223573355
29.91742237317005,0.749999999999999,810.025228608561,0.4166406049620111,9.77023223573355
29.91742237317005,0.749999999999999,810.025228608561,0.4166406049620111,9.77023223573355
30.204840674392248,0.7499999999999996,811.6558913809723,0.4314834564467535,9.817802166721027
30.329439765849024,0.7499999999999998,813.3104383436829,0.4224496380730682,9.785786412046548
30.329439765849024,0.7499999999999998,813.3104383436829,0.4224496380730682,9.785786412046548
30.329439765849024,0.7499999999999998,813.3104383436829,0.4224496380730682,9.785786412046548
30.24893299669159,0.7499999999999994,816.1214190193397,0.42961391898076656,9.817666700858643
30.13074432836751,0.7499999999999987,814.846798009332,0.4310136558923045,9.831011242937816
30.13074432836751,0.7499999999999987,814.846798009332,0.4310136558923045,9.831011242937816
30.13074432836751,0.7499999999999987,814.846798009332,0.4310136558923045,9.831011242937816
30.13074432836751,0.7499999999999987,814.846798009332,0.4310136558923045,9.831011242937816
30.191945814723752,0.75,813.77735433433,0.4223344251177346,9.8168301534925
30.191945814723752,0.75,813.77735433433,0.4223344251177346,9.8168301534925
30.191945814723752,0.75,813.77735433433,0.4223344251177346,9.8168301534925
30.191945814723752,0.75,813.77735433433,0.4223344251177346,9.8168301534925
30.191945814723752,0.75,813.77735433433,0.4223344251177346,9.8168301534925
30.24918260781395,0.749999999999999,815.2633789208925,0.4271620852035061,9.827755857925231
30.24918260781395,0.749999999999999,815.2633789208925,0.4271620852035061,9.827755857925231
30.28391016668708,0.7499999999999991,815.2289619414656,0.4269073468104025,9.816520312470635
30.28391016668708,0.7499999999999991,815.2289619414656,0.4269073468104025,9.816520312470635
30.36980324829291,0.7499999999999999,815.7393428711348,0.43553663580659324,9.828747001582931
30.36980324829291,0.7499999999999999,815.7393428711348,0.43553663580659324,9.828747001582931
30.36980324829291,0.7499999999999999,815.7393428711348,0.43553663580659324,9.828747001582931
30.38783379491531,0.7499999999999983,811.7029780178906,0.4123505368801668,9.71594437844584
30.38783379491531,0.7499999999999983,811.7029780178906,0.4123505368801668,9.71594437844584
30.38783379491531,0.7499999999999983,811.7029780178906,0.4123505368801668,9.71594437844584
30.38783379491531,0.7499999999999983,811.7029780178906,0.4123505368801668,9.71594437844584
30.38783379491531,0.7499999999999983,811.7029780178906,0.4123505368801668,9.71594437844584
30.38783379491531,0.7499999999999983,811.7029780178906,0.4123505368801668,9.71594437844584
30.38783379491531,0.7499999999999983,811.7029780178906,0.4123505368801668,9.71594437844584
30.38783379491531,0.7499999999999983,811.7029780178906,0.4123505368801668,9.71594437844584
30.454458098045148,0.7499999999999996,812.0195715491304,0.4185186369895131,9.707900825713395
30.335817833299775,0.7500000000000001,811.1186767251438,0.4107237841753435,9.738491918512102
30.335817833299775,0.7500000000000001,811.1186767251438,0.4107237841753435,9.738491918512102
30.335817833299775,0.7500000000000001,811.1186767251438,0.4107237841753435,9.738491918512102
30.334738679376855,0.75,811.7196915868811,0.42143887629279064,9.781201112762506
30.334738679376855,0.75,811.7196915868811,0.42143887629279064,9.781201112762506
30.22775429255852,0.7499999999999994,811.8847204135748,0.44162087008424866,9.777638414838401
30.22775429255852,0.7499999999999994,811.8847204135748,0.44162087008424866,9.777638414838401
30.22775429255852,0.7499999999999994,811.8847204135748,0.44162087008424866,9.777638414838401
30.21853594609581,0.7499999999999992,809.101802053276,0.42740585212090143,9.717065362985007
30.21853594609581,0.7499999999999992,809.101802053276,0.42740585212090143,9.717065362985007
30.21853594609581,0.7499999999999992,809.101802053276,0.42740585212090143,9.717065362985007
30.21853594609581,0.7499999999999992,809.101802053276,0.42740585212090143,9.717065362985007
30.09660906536252,0.7499999999999988,810.0376842081822,0.413491639060677,9.690000049170038
30.09660906536252,0.7499999999999988,810.0376842081822,0.413491639060677,9.690000049170038
29.951500421419542,0.7499999999999988,810.6650197865317,0.4153149300785072,9.712260533632795
29.951500421419542,0.7499999999999988,810.6650197865317,0.4153149300785072,9.712260533632795
29.951500421419542,0.7499999999999988,810.6650197865317,0.4153149300785072,9.712260533632795
29.951500421419542,0.7499999999999988,810.6650197865317,0.4153149300785072,9.712260533632795
29.951500421419542,0.7499999999999988,810.6650197865317,0.4153149300785072,9.712260533632795
29.877674817322582,0.7499999999999988,810.5222849434068,0.41087524221596283,9.692919554518502
29.877674817322582,0.7499999999999988,810.5222849434068,0.41087524221596283,9.692919554518502
29.922726636540634,0.7499999999999996,811.4343027531943,0.4131755192900473,9.66032358157523
29.922726636540634,0.7499999999999996,811.4343027531943,0.4131755192900473,9.66032358157523
29.81582042865681,0.7499999999999994,810.6625322595912,0.4021714798142602,9.62872370007492
29.81582042865681,0.7499999999999994,810.6625322595912,0.4021714798142602,9.62872370007492
29.81582042865681,0.7499999999999994,810.6625322595912,0.4021714798142602,9.62872370007492
29.81582042865681,0.7499999999999994,810.6625322595912,0.4021714798142602,9.62872370007492
29.75918862111875,0.7499999999999997,808.6774650013134,0.3934755272137109,9.634217764752933
29.75918862111875,0.7499999999999997,808.6774650013134,0.3934755272137109,9.634217764752933
29.75918862111875,0.7499999999999997,808.6774650013134,0.3934755272137109,9.634217764752933
29.838329322790404,0.7499999999999993,808.2116863734964,0.39265742787319813,9.6184678170269
29.838329322790404,0.7499999999999993,808.2116863734964,0.39265742787319813,9.6184678170269
29.838329322790404,0.7499999999999993,808.2116863734964,0.39265742787319813,9.6184678170269
29.81684228674195,0.7499999999999977,807.7242391006413,0.3958515600315528,9.649932985535077
29.7694366088037,0.7499999999999974,808.5392813879239,0.40441051852302146,9.652553288924313
29.79726440318476,0.7499999999999992,808.428104492111,0.3894489767849048,9.624237026104169
29.579584192064235,0.7499999999999992,807.2926638779181,0.3915000295835623,9.632480047718877
29.579584192064235,0.7499999999999992,807.2926638779181,0.3915000295835623,9.632480047718877
29.579584192064235,0.7499999999999992,807.2926638779181,0.3915000295835623,9.632480047718877
29.579584192064235,0.7499999999999992,807.2926638779181,0.3915000295835623,9.632480047718877
29.54252943777788,0.7499999999999992,808.3839046155902,0.41093832163182664,9.648341316358076
29.54252943777788,0.7499999999999992,808.3839046155902,0.41093832163182664,9.648341316358076
29.896573675057894,0.7499999999999997,807.7158126107793,0.43360178810689154,9.668622996902863
29.815821753847285,0.7499999999999998,805.0599408412697,0.4309144031907504,9.651354968528235
29.815821753847285,0.7499999999999998,805.0599408412697,0.4309144031907504,9.651354968528235
29.86874787158324,0.7499999999999988,806.1116256022912,0.4363954190321054,9.62674595619446
29.86874787158324,0.7499999999999988,806.1116256022912,0.4363954190321054,9.62674595619446
30.050248585066345,0.7499999999999987,805.5468648799076,0.44078701534677617,9.66068104144216
30.050248585066345,0.7499999999999987,805.5468648799076,0.44078701534677617,9.66068104144216
29.972136717182543,0.7499999999999996,805.5370314979194,0.42611210619715306,9.670495859100791
29.972136717182543,0.7499999999999996,805.5370314979194,0.42611210619715306,9.670495859100791
29.972136717182543,0.7499999999999996,805.5370314979194,0.42611210619715306,9.670495859100791
29.972136717182543,0.7499999999999996,805.5370314979194,0.42611210619715306,9.670495859100791
29.938053660925508,0.7499999999999994,806.8381806373347,0.43056102425945564,9.730434571311667
29.840360468636245,0.7499999999999992,805.4881135573481,0.41323323317559596,9.710170231398564
30.109951716407924,0.7499999999999993,807.3834229742838,0.4534176635385672,9.795693148497685
30.109951716407924,0.7499999999999993,807.3834229742838,0.4534176635385672,9.795693148497685
30.109951716407924,0.7499999999999993,807.3834229742838,0.4534176635385672,9.795693148497685
30.418185955126166,0.7499999999999996,806.6528496273959,0.46517024387168976,9.831136118243952
30.418185955126166,0.7499999999999996,806.6528496273959,0.46517024387168976,9.831136118243952
30.490047734316224,0.7499999999999988,807.2665307119508,0.458708876741698,9.81234506123371
30.444213080688858,0.7499999999999991,806.5522914472998,0.46492304554761243,9.811197763348275
30.444213080688858,0.7499999999999991,806.5522914472998,0.46492304554761243,9.811197763348275
30.444213080688858,0.7499999999999991,806.5522914472998,0.46492304554761243,9.811197763348275
30.444213080688858,0.7499999999999991,806.5522914472998,0.46492304554761243,9.811197763348275
30.444213080688858,0.7499999999999991,806.5522914472998,0.46492304554761243,9.811197763348275
30.505004202453094,0.7500000000000001,805.275078839173,0.44366707534294164,9.778681593389962
30.505004202453094,0.7500000000000001,805.275078839173,0.44366707534294164,9.778681593389962
30.49117680112319,0.7499999999999989,807.1749333099315,0.4554866057616115,9.804876841589891
30.49117680112319,0.7499999999999989,807.1749333099315,0.4554866057616115,9.804876841589891
30.500461963095685,0.7499999999999989,805.7012788247656,0.44512469420261686,9.776767327916806
30.66280074334444,0.7499999999999996,807.0888791294907,0.46029413295966576,9.803555227368516
30.862696226047813,0.7499999999999991,807.8886687354587,0.4750695674930102,9.750679859740995
30.828360519815327,0.7499999999999993,809.5399097795432,0.4707024538211688,9.788159146884471
30.828360519815327,0.7499999999999993,809.5399097795432,0.4707024538211688,9.788159146884471
30.828360519815327,0.7499999999999993,809.5399097795432,0.4707024538211688,9.788159146884471
31.039222986763225,0.7499999999999998,808.315580332815,0.5011926248086799,9.780268587054568
31.429606754495747,0.7499999999999992,811.3182663381904,0.49317220026530945,9.81553596821054
31.257051097575793,0.7500000000000002,812.9607016886418,0.46837213104415226,9.78714229438863
31.11837289704036,0.7500000000000003,813.5294918999261,0.46663542999250524,9.761986631101944
31.11837289704036,0.7500000000000003,813.5294918999261,0.46663542999250524,9.761986631101944
31.11837289704036,0.7500000000000003,813.5294918999261,0.46663542999250524,9.761986631101944
31.12877978291405,0.7499999999999999,814.7118695203613,0.4798541662962776,9.780940858164135
31.12877978291405,0.7499999999999999,814.7118695203613,0.4798541662962776,9.780940858164135
30.977614219865128,0.7499999999999988,813.9310951729224,0.4547075830705666,9.825284276572424
30.977614219865128,0.7499999999999988,813.9310951729224,0.4547075830705666,9.825284276572424
30.977614219865128,0.7499999999999988,813.9310951729224,0.4547075830705666,9.825284276572424
30.977614219865128,0.7499999999999988,813.9310951729224,0.4547075830705666,9.825284276572424
30.745649905955727,0.7499999999999987,814.7762715148791,0.43646322112243036,9.834783588825672
30.745649905955727,0.7499999999999987,814.7762715148791,0.43646322112243036,9.834783588825672
30.745649905955727,0.7499999999999987,814.7762715148791,0.43646322112243036,9.834783588825672
30.745649905955727,0.7499999999999987,814.7762715148791,0.43646322112243036,9.834783588825672
30.89772549330795,0.7500000000000001,814.4910015180947,0.4562957851313762,9.897621434010329
30.890137301112848,0.7499999999999997,816.8302477317214,0.4646260671077804,9.994404371497755
30.890137301112848,0.7499999999999997,816.8302477317214,0.4646260671077804,9.994404371497755
30.7600680383869,0.7499999999999998,816.322629756925,0.4675245457861265,10.022234035609639
30.9082836749571,0.7499999999999997,820.5188507644497,0.48940215831846184,10.135924631174976
30.9082836749571,0.7499999999999997,820.5188507644497,0.48940215831846184,10.135924631174976
30.9082836749571,0.7499999999999997,820.5188507644497,0.48940215831846184,10.135924631174976
30.703971427196535,0.749999999999999,822.9277429835424,0.5031428035452378,10.16474802450843
30.703971427196535,0.749999999999999,822.9277429835424,0.5031428035452378,10.16474802450843
30.703971427196535,0.749999999999999,822.9277429835424,0.5031428035452378,10.16474802450843
30.533561757006435,0.7499999999999993,819.5524010449997,0.4848287550716549,10.047147976021586
30.533561757006435,0.7499999999999993,819.5524010449997,0.4848287550716549,10.047147976021586
30.533561757006435,0.7499999999999993,819.5524010449997,0.4848287550716549,10.047147976021586
30.48036953985468,0.7499999999999989,820.0818228337735,0.4881104879344703,10.041472600642996
30.6708080796622,0.7500000000000001,825.3119774446458,0.5122672412397873,10.12668368431685
30.636861644939117,0.7499999999999997,824.7440889113216,0.5152159868542292,10.038221996093665
30.636861644939117,0.7499999999999997,824.7440889113216,0.5152159868542292,10.038221996093665
30.636861644939117,0.7499999999999997,824.7440889113216,0.5152159868542292,10.038221996093665
30.636861644939117,0.7499999999999997,824.7440889113216,0.5152159868542292,10.038221996093665
30.636861644939117,0.7499999999999997,824.7440889113216,0.5152159868542292,10.038221996093665
30.636861644939117,0.7499999999999997,824.7440889113216,0.5152159868542292,10.038221996093665
30.636861644939117,0.7499999999999997,824.7440889113216,0.5152159868542292,10.038221996093665
30.636861644939117,0.7499999999999997,824.7440889113216,0.5152159868542292,10.038221996093665
30.330512379877504,0.7499999999999979,821.203805254258,0.498899737888815,9.986229370364281
30.330512379877504,0.7499999999999979,821.203805254258,0.498899737888815,9.986229370364281
30.330512379877504,0.7499999999999979,821.203805254258,0.498899737888815,9.986229370364281
30.330512379877504,0.7499999999999979,821.203805254258,0.498899737888815,9.986229370364281
30.330512379877504,0.7499999999999979,821.203805254258,0.498899737888815,9.986229370364281
30.31451621175569,0.749999999999999,819.6979725596875,0.4932956447224528,9.96192704780782
30.31451621175569,0.749999999999999,819.6979725596875,0.4932956447224528,9.96192704780782
30.31451621175569,0.749999999999999,819.6979725596875,0.4932956447224528,9.96192704780782
30.31451621175569,0.749999999999999,819.6979725596875,0.4932956447224528,9.96192704780782
30.189151424319643,0.7500000000000002,821.1497638243661,0.5207122397974677,9.964416389505761
30.044290138332357,0.7499999999999993,820.5210647684926,0.5054122310769024,9.90796076894244
30.044290138332357,0.7499999999999993,820.5210647684926,0.5054122310769024,9.90796076894244
30.044290138332357,0.7499999999999993,820.5210647684926,0.5054122310769024,9.90796076894244
30.044290138332357,0.7499999999999993,820.5210647684926,0.5054122310769024,9.90796076894244
30.044290138332357,0.7499999999999993,820.5210647684926,0.5054122310769024,9.90796076894244
30.044290138332357,0.7499999999999993,820.5210647684926,0.5054122310769024,9.90796076894244
29.920281436421032,0.7499999999999994,818.4479154652622,0.49618674070359065,9.870274772184976
29.920281436421032,0.7499999999999994,818.4479154652622,0.49618674070359065,9.870274772184976
29.920281436421032,0.7499999999999994,818.4479154652622,0.49618674070359065,9.870274772184976
29.9251473720704,0.7499999999999987,821.027446757772,0.4998943035275088,9.868245922178446
29.9251473720704,0.7499999999999987,821.027446757772,0.4998943035275088,9.868245922178446
29.9251473720704,0.7499999999999987,821.027446757772,0.4998943035275088,9.868245922178446
29.9251473720704,0.7499999999999987,821.027446757772,0.4998943035275088,9.868245922178446
29.9251473720704,0.7499999999999987,821.027446757772,0.4998943035275088,9.868245922178446
30.121341910356016,0.7499999999999999,820.4977885556109,0.5048107781695702,9.84833609768745
30.121341910356016,0.7499999999999999,820.4977885556109,0.5048107781695702,9.84833609768745
29.941896030040073,0.7499999999999984,819.9471051613796,0.48247719095391717,9.818166325618554
29.941896030040073,0.7499999999999984,819.9471051613796,0.48247719095391717,9.818166325618554
29.941896030040073,0.7499999999999984,819.9471051613796,0.48247719095391717,9.818166325618554
30.17888086341595,0.749999999999998,822.855189311744,0.5012874670806308,9.887038887471064
30.17888086341595,0.749999999999998,822.855189311744,0.5012874670806308,9.887038887471064
30.17888086341595,0.749999999999998,822.855189311744,0.5012874670806308,9.887038887471064
30.17888086341595,0.749999999999998,822.855189311744,0.5012874670806308,9.887038887471064
30.17888086341595,0.749999999999998,822.855189311744,0.5012874670806308,9.887038887471064
30.17888086341595,0.749999999999998,822.855189311744,0.5012874670806308,9.887038887471064
30.17888086341595,0.749999999999998,822.855189311744,0.5012874670806308,9.887038887471064
30.138371224149655,0.7499999999999987,822.6504816361743,0.505238868222608,9.917793903276186
30.07583822765263,0.7499999999999991,821.5965400268601,0.49522507772230506,9.913408465040783
30.07583822765263,0.7499999999999991,821.5965400268601,0.49522507772230506,9.913408465040783
30.07583822765263,0.7499999999999991,821.5965400268601,0.49522507772230506,9.913408465040783
29.849336975273417,0.7499999999999997,820.6940814778114,0.48143128058981244,9.881388369112269
29.74025796337249,0.7499999999999979,817.7007950471127,0.4658579057511401,9.843566790087333
29.74025796337249,0.7499999999999979,817.7007950471127,0.4658579057511401,9.843566790087333
29.479244136958677,0.7499999999999994,816.5937885103435,0.4675950839527011,9.8180053059146
29.479244136958677,0.7499999999999994,816.5937885103435,0.4675950839527011,9.8180053059146
29.51168799122904,0.7499999999999996,817.0596231994577,0.4780847199562353,9.869844744905999
29.4703512757693,0.7499999999999997,816.5711906458014,0.47137516024408627,9.835783536627787
29.4703512757693,0.7499999999999997,816.5711906458014,0.47137516024408627,9.835783536627787
29.4703512757693,0.7499999999999997,816.5711906458014,0.47137516024408627,9.835783536627787
29.4703512757693,0.7499999999999997,816.5711906458014,0.47137516024408627,9.835783536627787
29.4703512757693,0.7499999999999997,816.5711906458014,0.47137516024408627,9.835783536627787
29.235664467639257,0.7499999999999998,818.1166728026204,0.4556490376129743,9.800513945429042
29.235664467639257,0.7499999999999998,818.1166728026204,0.4556490376129743,9.800513945429042
29.235664467639257,0.7499999999999998,818.1166728026204,0.4556490376129743,9.800513945429042
29.235664467639257,0.7499999999999998,818.1166728026204,0.4556490376129743,9.800513945429042
29.265470331567883,0.7499999999999998,817.0661286334349,0.45614150152852884,9.805127213091101
29.265470331567883,0.7499999999999998,817.0661286334349,0.45614150152852884,9.805127213091101
29.464326767571716,0.7499999999999998,821.293454941658,0.4739827345692618,9.918999372037117
29.464326767571716,0.7499999999999998,821.293454941658,0.4739827345692618,9.918999372037117
29.464326767571716,0.7499999999999998,821.293454941658,0.4739827345692618,9.918999372037117
29.464326767571716,0.7499999999999998,821.293454941658,0.4739827345692618,9.918999372037117
29.747762684218625,0.7499999999999979,820.4378882040851,0.48575301497164114,9.909929005722526
29.747762684218625,0.7499999999999979,820.4378882040851,0.48575301497164114,9.909929005722526
29.747762684218625,0.7499999999999979,820.4378882040851,0.48575301497164114,9.909929005722526
29.777074255279853,0.7499999999999986,820.0188454588576,0.4801666673030432,9.912074433421612
30.185641471928765,0.7499999999999993,823.1557272367527,0.5045523307297053,9.979973221653532
30.185641471928765,0.7499999999999993,823.1557272367527,0.5045523307297053,9.979973221653532
30.185641471928765,0.7499999999999993,823.1557272367527,0.5045523307297053,9.979973221653532
30.185641471928765,0.7499999999999993,823.1557272367527,0.5045523307297053,9.979973221653532
30.185641471928765,0.7499999999999993,823.1557272367527,0.5045523307297053,9.979973221653532
30.185641471928765,0.7499999999999993,823.1557272367527,0.5045523307297053,9.979973221653532
29.628567149850088,0.7499999999999997,822.0928554762213,0.49032573238932525,9.910221563846553
29.628567149850088,0.7499999999999997,822.0928554762213,0.49032573238932525,9.910221563846553
29.628567149850088,0.7499999999999997,822.0928554762213,0.49032573238932525,9.910221563846553
29.628567149850088,0.7499999999999997,822.0928554762213,0.49032573238932525,9.910221563846553
29.628567149850088,0.7499999999999997,822.0928554762213,0.49032573238932525,9.910221563846553
29.780299471349313,0.7499999999999981,820.9177759486344,0.48439841981676496,9.857920176571492
29.983994753766456,0.75,824.6902351136473,0.5157424940656951,9.924618064701335
29.983994753766456,0.75,824.6902351136473,0.5157424940656951,9.924618064701335
29.983994753766456,0.75,824.6902351136473,0.5157424940656951,9.924618064701335
29.983994753766456,0.75,824.6902351136473,0.5157424940656951,9.924618064701335
29.983994753766456,0.75,824.6902351136473,0.5157424940656951,9.924618064701335
29.875306288879504,0.7499999999999984,824.4662900663689,0.49209071164856244,9.90864484793596
29.542065675689955,0.7500000000000001,829.6274836081734,0.4898677426831901,9.996189065461461
29.542065675689955,0.7500000000000001,829.6274836081734,0.4898677426831901,9.996189065461461
29.565810514187195,0.7499999999999996,826.6729538621032,0.4654206060883303,9.93052173496569
29.565810514187195,0.7499999999999996,826.6729538621032,0.4654206060883303,9.93052173496569
29.577843567433455,0.7499999999999998,825.3119491808072,0.4638896484753025,9.94139720297942
29.577843567433455,0.7499999999999998,825.3119491808072,0.4638896484753025,9.94139720297942
29.577843567433455,0.7499999999999998,825.3119491808072,0.4638896484753025,9.94139720297942
29.577843567433455,0.7499999999999998,825.3119491808072,0.4638896484753025,9.94139720297942
29.577843567433455,0.7499999999999998,825.3119491808072,0.4638896484753025,9.94139720297942
29.577843567433455,0.7499999999999998,825.3119491808072,0.4638896484753025,9.94139720297942
29.577843567433455,0.7499999999999998,825.3119491808072,0.4638896484753025,9.94139720297942
29.577843567433455,0.7499999999999998,825.3119491808072,0.4638896484753025,9.94139720297942
29.577843567433455,0.7499999999999998,825.3119491808072,0.4638896484753025,9.94139720297942
29.498597563715386,0.7499999999999991,822.9088011290393,0.45034454561510584,9.892873602705865
29.498597563715386,0.7499999999999991,822.9088011290393,0.45034454561510584,9.892873602705865
29.498597563715386,0.7499999999999991,822.9088011290393,0.45034454561510584,9.892873602705865
29.498597563715386,0.7499999999999991,822.9088011290393,0.45034454561510584,9.892873602705865
29.498597563715386,0.7499999999999991,822.9088011290393,0.45034454561510584,9.892873602705865
29.498597563715386,0.7499999999999991,822.9088011290393,0.45034454561510584,9.892873602705865
29.291581921098672,0.7499999999999988,823.445645020219,0.4502748561581424,9.970169010657292
29.291581921098672,0.7499999999999988,823.445645020219,0.4502748561581424,9.970169010657292
29.291581921098672,0.7499999999999988,823.445645020219,0.4502748561581424,9.970169010657292
29.291581921098672,0.7499999999999988,823.445645020219,0.4502748561581424,9.970169010657292
29.291581921098672,0.7499999999999988,823.445645020219,0.4502748561581424,9.970169010657292
29.469730000658284,0.7499999999999991,820.5142082436394,0.4370183086716879,9.906021125147543
29.469730000658284,0.7499999999999991,820.5142082436394,0.4370183086716879,9.906021125147543
29.486127893808085,0.7499999999999992,819.1801922108825,0.4345973893046956,9.895563780653386
29.486127893808085,0.7499999999999992,819.1801922108825,0.4345973893046956,9.895563780653386
29.486127893808085,0.7499999999999992,819.1801922108825,0.4345973893046956,9.895563780653386
29.486127893808085,0.7499999999999992,819.1801922108825,0.4345973893046956,9.895563780653386
29.486127893808085,0.7499999999999992,819.1801922108825,0.4345973893046956,9.895563780653386
29.486127893808085,0.7499999999999992,819.1801922108825,0.4345973893046956,9.895563780653386
29.486127893808085,0.7499999999999992,819.1801922108825,0.4345973893046956,9.895563780653386
29.508574156009114,0.749999999999999,818.2971112201849,0.42800027579578304,9.871293972514337
29.7905364386721,0.7499999999999984,816.4731362998851,0.4295707132625169,9.820420970672568
29.7905364386721,0.7499999999999984,816.4731362998851,0.4295707132625169,9.820420970672568
29.75913357040863,0.7499999999999998,816.2208241888799,0.439556207118293,9.824006172470089
29.75913357040863,0.7499999999999998,816.2208241888799,0.439556207118293,9.824006172470089
29.861956126923264,0.75,817.0717847755648,0.45635982635755595,9.841277481601182
29.861956126923264,0.75,817.0717847755648,0.45635982635755595,9.841277481601182
29.744146102281157,0.7499999999999993,817.3813506443128,0.442125697568866,9.841959548679089
29.744146102281157,0.7499999999999993,817.3813506443128,0.442125697568866,9.841959548679089
29.849590190980102,0.7499999999999997,814.9082460096433,0.4498525786588014,9.832909965148176
29.973713559279965,0.7499999999999994,811.4220142622869,0.45476839378601236,9.814477480516285
29.973713559279965,0.7499999999999994,811.4220142622869,0.45476839378601236,9.814477480516285
29.973713559279965,0.7499999999999994,811.4220142622869,0.45476839378601236,9.814477480516285
30.126646110421966,0.7499999999999993,812.1921116139381,0.4644186504354566,9.858321636504403
30.126646110421966,0.7499999999999993,812.1921116139381,0.4644186504354566,9.858321636504403
30.126646110421966,0.7499999999999993,812.1921116139381,0.4644186504354566,9.858321636504403
30.14053624321425,0.7499999999999989,812.8199204446327,0.46967030595956794,9.86682482664526
30.14053624321425,0.7499999999999989,812.8199204446327,0.46967030595956794,9.86682482664526
30.08887621279495,0.7499999999999988,814.1439466123749,0.46643084445483,9.869708031472111
30.05876686450773,0.7499999999999988,815.7131131794141,0.4769548195203897,9.875495076332408
30.05876686450773,0.7499999999999988,815.7131131794141,0.4769548195203897,9.875495076332408
30.05876686450773,0.7499999999999988,815.7131131794141,0.4769548195203897,9.875495076332408
30.05876686450773,0.7499999999999988,815.7131131794141,0.4769548195203897,9.875495076332408
30.05876686450773,0.7499999999999988,815.7131131794141,0.4769548195203897,9.875495076332408
30.091488506012578,0.7499999999999994,813.0116226992521,0.47054856477601076,9.842738422939973
30.140563018990967,0.749999999999999,817.0770561145274,0.48449276725021906,9.90254909499194
30.140563018990967,0.749999999999999,817.0770561145274,0.48449276725021906,9.90254909499194
30.247222685923884,0.7499999999999998,818.5488936121355,0.4812160957047448,9.901245891751463
30.247222685923884,0.7499999999999998,818.5488936121355,0.4812160957047448,9.901245891751463
30.247222685923884,0.7499999999999998,818.5488936121355,0.4812160957047448,9.901245891751463
30.247222685923884,0.7499999999999998,818.5488936121355,0.4812160957047448,9.901245891751463
30.247222685923884,0.7499999999999998,818.5488936121355,0.4812160957047448,9.901245891751463
30.470742407117633,0.7499999999999993,821.7816219002796,0.5100667110382432,9.972905352057627
30.470742407117633,0.7499999999999993,821.7816219002796,0.5100667110382432,9.972905352057627
30.470742407117633,0.7499999999999993,821.7816219002796,0.5100667110382432,9.972905352057627
30.470742407117633,0.7499999999999993,821.7816219002796,0.5100667110382432,9.972905352057627
30.307551070434958,0.7499999999999994,819.9919190871994,0.5076630089457604,9.936458297184572
30.307551070434958,0.7499999999999994,819.9919190871994,0.5076630089457604,9.936458297184572
30.488857045701128,0.7499999999999996,817.3611851661594,0.4835457918504976,9.897141132920689
30.499024414062717,0.7499999999999993,816.3817584885988,0.4893210991488213,9.895362859721846
30.499024414062717,0.7499999999999993,816.3817584885988,0.4893210991488213,9.895362859721846
30.499024414062717,0.7499999999999993,816.3817584885988,0.4893210991488213,9.895362859721846
30.28677338155723,0.7499999999999992,815.0022824532836,0.47211931380836936,9.809142555046606
30.28677338155723,0.7499999999999992,815.0022824532836,0.47211931380836936,9.809142555046606
30.28677338155723,0.7499999999999992,815.0022824532836,0.47211931380836936,9.809142555046606
30.47931207698109,0.7499999999999996,816.3640657618364,0.47123453290231243,9.850858636091553
30.336052371805952,0.7499999999999997,815.7475917865092,0.47101233768306666,9.854567390041662
30.336052371805952,0.7499999999999997,815.7475917865092,0.47101233768306666,9.854567390041662
30.336052371805952,0.7499999999999997,815.7475917865092,0.47101233768306666,9.854567390041662
30.336052371805952,0.7499999999999997,815.7475917865092,0.47101233768306666,9.854567390041662
30.336052371805952,0.7499999999999997,815.7475917865092,0.47101233768306666,9.854567390041662
30.336052371805952,0.7499999999999997,815.7475917865092,0.47101233768306666,9.854567390041662
30.336052371805952,0.7499999999999997,815.7475917865092,0.47101233768306666,9.854567390041662
30.336052371805952,0.7499999999999997,815.7475917865092,0.47101233768306666,9.854567390041662
30.336052371805952,0.7499999999999997,815.7475917865092,0.47101233768306666,9.854567390041662
30.336052371805952,0.7499999999999997,815.7475917865092,0.47101233768306666,9.854567390041662
30.096289041628797,0.7499999999999993,817.0552024062373,0.4674621843772826,9.867579270891778
30.085516200716892,0.7499999999999987,816.1119930706415,0.46922991364160127,9.891398245093038
30.085516200716892,0.7499999999999987,816.1119930706415,0.46922991364160127,9.891398245093038
29.926246723507823,0.749999999999998,816.1068828390855,0.4432961236985385,9.853430537965343
30.07858984308852,0.7499999999999996,815.6192484527005,0.4538531464830667,9.871458382903132
30.07858984308852,0.7499999999999996,815.6192484527005,0.4538531464830667,9.871458382903132
30.07858984308852,0.7499999999999996,815.6192484527005,0.4538531464830667,9.871458382903132
30.07858984308852,0.7499999999999996,815.6192484527005,0.4538531464830667,9.871458382903132
30.332241849481893,0.7499999999999978,816.421683726642,0.4775736044168643,9.882356277724535
30.332241849481893,0.7499999999999978,816.421683726642,0.4775736044168643,9.882356277724535
30.332241849481893,0.7499999999999978,816.421683726642,0.4775736044168643,9.882356277724535
30.332241849481893,0.7499999999999978,816.421683726642,0.4775736044168643,9.882356277724535
30.215462473625667,0.7500000000000004,815.3769274458215,0.46527020437448346,9.903118241735609
30.215462473625667,0.7500000000000004,815.3769274458215,0.46527020437448346,9.903118241735609
30.215462473625667,0.7500000000000004,815.3769274458215,0.46527020437448346,9.903118241735609
30.215462473625667,0.7500000000000004,815.3769274458215,0.46527020437448346,9.903118241735609
30.17553766242574,0.7499999999999993,813.5205635024806,0.4594750509506745,9.962099306335901
30.17553766242574,0.7499999999999993,813.5205635024806,0.4594750509506745,9.962099306335901
30.17553766242574,0.7499999999999993,813.5205635024806,0.4594750509506745,9.962099306335901
30.17553766242574,0.7499999999999993,813.5205635024806,0.4594750509506745,9.962099306335901
30.215311874595034,0.7499999999999991,811.9520430467759,0.44817820359930166,9.930097435125143
30.215311874595034,0.7499999999999991,811.9520430467759,0.44817820359930166,9.930097435125143
30.215311874595034,0.7499999999999991,811.9520430467759,0.44817820359930166,9.930097435125143
30.215311874595034,0.7499999999999991,811.9520430467759,0.44817820359930166,9.930097435125143
29.966571100579934,0.7499999999999988,812.1816837903007,0.4323038032431575,9.890388993338869
30.04647611712552,0.7499999999999984,811.0261131965176,0.4222466426661683,9.86305735676954
30.044103625797725,0.7499999999999996,809.7062291547817,0.41445306994324255,9.823072188397202
30.044103625797725,0.7499999999999996,809.7062291547817,0.41445306994324255,9.823072188397202
30.19954569808729,0.7499999999999993,810.2140080869409,0.42679270756589655,9.842795791595881
30.19954569808729,0.7499999999999993,810.2140080869409,0.42679270756589655,9.842795791595881
30.120034178178926,0.7499999999999996,811.212450245495,0.4574423922263454,9.856074822270912
30.120034178178926,0.7499999999999996,811.212450245495,0.4574423922263454,9.856074822270912
30.22164008218577,0.7499999999999991,811.3025699882573,0.4671366175106236,9.899214062924269
30.22164008218577,0.7499999999999991,811.3025699882573,0.4671366175106236,9.899214062924269
30.22164008218577,0.7499999999999991,811.3025699882573,0.4671366175106236,9.899214062924269
30.26705786779529,0.7499999999999988,812.94910524695,0.4673286614382178,9.953255243755203
30.26705786779529,0.7499999999999988,812.94910524695,0.4673286614382178,9.953255243755203
30.333195528129618,0.7499999999999981,812.9476291139235,0.4698059741665027,9.934406634619851
30.447394316958494,0.749999999999999,812.9685501904278,0.49746091469329257,9.949362062481082
30.447394316958494,0.749999999999999,812.9685501904278,0.49746091469329257,9.949362062481082
30.447394316958494,0.749999999999999,812.9685501904278,0.49746091469329257,9.949362062481082
30.447394316958494,0.749999999999999,812.9685501904278,0.49746091469329257,9.949362062481082
30.401086127354333,0.749999999999999,813.1021661585231,0.5346847898023369,9.983089515605224
30.401086127354333,0.749999999999999,813.1021661585231,0.5346847898023369,9.983089515605224
30.34519263094824,0.7499999999999994,811.2237258419519,0.5132309342727563,9.937695170405245
30.34519263094824,0.7499999999999994,811.2237258419519,0.5132309342727563,9.937695170405245
30.34519263094824,0.7499999999999994,811.2237258419519,0.5132309342727563,9.937695170405245
30.34519263094824,0.7499999999999994,811.2237258419519,0.5132309342727563,9.937695170405245
30.34519263094824,0.7499999999999994,811.2237258419519,0.5132309342727563,9.937695170405245
30.371953210025428,0.749999999999999,811.2922015693537,0.4891474509547829,9.981139007790969
30.309865489576318,0.7499999999999992,811.1831753601574,0.5273249605583153,10.020192896951636
30.540156335204802,0.7499999999999996,812.029004768368,0.547299960616601,10.088421631656601
30.63617551661984,0.7500000000000001,814.1527185243486,0.5480576629980445,10.142636042412983
30.63617551661984,0.7500000000000001,814.1527185243486,0.5480576629980445,10.142636042412983
30.63617551661984,0.7500000000000001,814.1527185243486,0.5480576629980445,10.142636042412983
30.63617551661984,0.7500000000000001,814.1527185243486,0.5480576629980445,10.142636042412983
30.672958200225438,0.7499999999999992,814.1449528710153,0.5274841959813439,10.079104869165954
30.672958200225438,0.7499999999999992,814.1449528710153,0.5274841959813439,10.079104869165954
30.672958200225438,0.7499999999999992,814.1449528710153,0.5274841959813439,10.079104869165954
30.672958200225438,0.7499999999999992,814.1449528710153,0.5274841959813439,10.079104869165954
30.702586170592568,0.7499999999999994,814.8599749771242,0.5283371562249117,10.034271953001957
30.702586170592568,0.7499999999999994,814.8599749771242,0.5283371562249117,10.034271953001957
30.702586170592568,0.7499999999999994,814.8599749771242,0.5283371562249117,10.034271953001957
30.48507253449705,0.7499999999999994,817.0443259244345,0.5279873351843798,9.999673392180327
30.48507253449705,0.7499999999999994,817.0443259244345,0.5279873351843798,9.999673392180327
30.48507253449705,0.7499999999999994,817.0443259244345,0.5279873351843798,9.999673392180327
30.48507253449705,0.7499999999999994,817.0443259244345,0.5279873351843798,9.999673392180327
30.28069025971626,0.7499999999999979,821.3897074199587,0.5794993778438086,10.0495225458979
30.28069025971626,0.7499999999999979,821.3897074199587,0.5794993778438086,10.0495225458979
30.28069025971626,0.7499999999999979,821.3897074199587,0.5794993778438086,10.0495225458979
30.28069025971626,0.7499999999999979,821.3897074199587,0.5794993778438086,10.0495225458979
30.28069025971626,0.7499999999999979,821.3897074199587,0.5794993778438086,10.0495225458979
30.28069025971626,0.7499999999999979,821.3897074199587,0.5794993778438086,10.0495225458979
30.119704687075313,0.7499999999999987,817.8840749974548,0.5396396665439166,9.981961064292523
30.119704687075313,0.7499999999999987,817.8840749974548,0.5396396665439166,9.981961064292523
30.119704687075313,0.7499999999999987,817.8840749974548,0.5396396665439166,9.981961064292523
30.119704687075313,0.7499999999999987,817.8840749974548,0.5396396665439166,9.981961064292523
30.119704687075313,0.7499999999999987,817.8840749974548,0.5396396665439166,9.981961064292523
30.119704687075313,0.7499999999999987,817.8840749974548,0.5396396665439166,9.981961064292523
30.119704687075313,0.7499999999999987,817.8840749974548,0.5396396665439166,9.981961064292523
30.214015728749846,0.7499999999999988,816.954550631939,0.5097244611895718,9.951137213471139
30.214015728749846,0.7499999999999988,816.954550631939,0.5097244611895718,9.951137213471139
30.214015728749846,0.7499999999999988,816.954550631939,0.5097244611895718,9.951137213471139
30.214015728749846,0.7499999999999988,816.954550631939,0.5097244611895718,9.951137213471139
30.214015728749846,0.7499999999999988,816.954550631939,0.5097244611895718,9.951137213471139
30.186527364988944,0.7499999999999989,815.8127819252005,0.5069667834662941,9.951038162533866
30.186527364988944,0.7499999999999989,815.8127819252005,0.5069667834662941,9.951038162533866
30.186527364988944,0.7499999999999989,815.8127819252005,0.5069667834662941,9.951038162533866
30.186527364988944,0.7499999999999989,815.8127819252005,0.5069667834662941,9.951038162533866
30.30569973461356,0.7499999999999986,816.6033604272794,0.4908606155745799,9.987215444511651
30.30569973461356,0.7499999999999986,816.6033604272794,0.4908606155745799,9.987215444511651
30.44739041436853,0.7499999999999993,819.7160532683649,0.5259094121440924,10.041550146000205
30.366718391984488,0.7500000000000004,816.2473559684297,0.5062536684813193,9.995557345768063
30.366718391984488,0.7500000000000004,816.2473559684297,0.5062536684813193,9.995557345768063
30.366718391984488,0.7500000000000004,816.2473559684297,0.5062536684813193,9.995557345768063
30.05303707148318,0.7499999999999986,811.882218370981,0.47680209019839365,9.938301771049728
30.05303707148318,0.7499999999999986,811.882218370981,0.47680209019839365,9.938301771049728
30.05303707148318,0.7499999999999986,811.882218370981,0.47680209019839365,9.938301771049728
30.05303707148318,0.7499999999999986,811.882218370981,0.47680209019839365,9.938301771049728
30.05303707148318,0.7499999999999986,811.882218370981,0.47680209019839365,9.938301771049728
30.05303707148318,0.7499999999999986,811.882218370981,0.47680209019839365,9.938301771049728
30.05303707148318,0.7499999999999986,811.882218370981,0.47680209019839365,9.938301771049728
30.05303707148318,0.7499999999999986,811.882218370981,0.47680209019839365,9.938301771049728
30.179694370078327,0.7499999999999991,812.9356003324841,0.47670164130580445,9.966964843704005
30.23791351654045,0.749999999999999,811.6834769340767,0.4676259161139252,9.94471004861769
30.23791351654045,0.749999999999999,811.6834769340767,0.4676259161139252,9.94471004861769
30.23791351654045,0.749999999999999,811.6834769340767,0.4676259161139252,9.94471004861769
30.23791351654045,0.749999999999999,811.6834769340767,0.4676259161139252,9.94471004861769
30.14948147502918,0.7500000000000003,812.5989854367403,0.4611735249815325,9.960320453463007
30.14948147502918,0.7500000000000003,812.5989854367403,0.4611735249815325,9.960320453463007
30.14948147502918,0.7500000000000003,812.5989854367403,0.4611735249815325,9.960320453463007
30.14948147502918,0.7500000000000003,812.5989854367403,0.4611735249815325,9.960320453463007
30.14948147502918,0.7500000000000003,812.5989854367403,0.4611735249815325,9.960320453463007
29.939521224151168,0.7499999999999999,815.0681064211182,0.4991749533524196,9.97852414980883
29.99914563003563,0.749999999999999,817.6859542485382,0.5243474833873656,10.000570268218127
30.332904518882895,0.7499999999999998,818.4650718052645,0.5667565233864551,10.06053358700078
30.332904518882895,0.7499999999999998,818.4650718052645,0.5667565233864551,10.06053358700078
30.332904518882895,0.7499999999999998,818.4650718052645,0.5667565233864551,10.06053358700078
30.332904518882895,0.7499999999999998,818.4650718052645,0.5667565233864551,10.06053358700078
30.332904518882895,0.7499999999999998,818.4650718052645,0.5667565233864551,10.06053358700078
30.241307332463844,0.7499999999999988,817.0172054842902,0.545936075851018,10.06468480592493
30.241307332463844,0.7499999999999988,817.0172054842902,0.545936075851018,10.06468480592493
30.241307332463844,0.7499999999999988,817.0172054842902,0.545936075851018,10.06468480592493
29.908135859527317,0.7499999999999997,818.8505758731003,0.5425559979478923,10.026762859634733
29.908135859527317,0.7499999999999997,818.8505758731003,0.5425559979478923,10.026762859634733
29.908135859527317,0.7499999999999997,818.8505758731003,0.5425559979478923,10.026762859634733
29.844497736963728,0.7499999999999993,818.9223850330634,0.5638389350304174,10.044975276778024
29.887310653420887,0.75,819.6929895016945,0.54469575315266,10.026200111565336
29.887310653420887,0.75,819.6929895016945,0.54469575315266,10.026200111565336
29.981811174767707,0.7499999999999987,820.4429015189106,0.554366051917268,10.066221425496892
29.981811174767707,0.7499999999999987,820.4429015189106,0.554366051917268,10.066221425496892
30.22846178482494,0.7499999999999996,821.25578579161,0.6038296946364683,10.06318162954878
30.13904172079393,0.7499999999999996,818.2026905007629,0.5694857913138904,9.965236354387903
30.13904172079393,0.7499999999999996,818.2026905007629,0.5694857913138904,9.965236354387903
30.13904172079393,0.7499999999999996,818.2026905007629,0.5694857913138904,9.965236354387903
30.13904172079393,0.7499999999999996,818.2026905007629,0.5694857913138904,9.965236354387903
30.13904172079393,0.7499999999999996,818.2026905007629,0.5694857913138904,9.965236354387903
30.120489097858194,0.7499999999999982,819.3249937606204,0.5631468090940561,10.016635787452008
30.120489097858194,0.7499999999999982,819.3249937606204,0.5631468090940561,10.016635787452008
30.120489097858194,0.7499999999999982,819.3249937606204,0.5631468090940561,10.016635787452008
30.120489097858194,0.7499999999999982,819.3249937606204,0.5631468090940561,10.016635787452008
30.120489097858194,0.7499999999999982,819.3249937606204,0.5631468090940561,10.016635787452008
29.954015807153183,0.7499999999999991,816.6786440084419,0.5946467605280449,9.920647004361888
30.007500540088376,0.7499999999999996,814.6780505071446,0.6202718634375474,9.854118644829171
30.35789079746185,0.749999999999999,815.7439838005441,0.6536426955375965,9.87372866217793
30.35789079746185,0.749999999999999,815.7439838005441,0.6536426955375965,9.87372866217793
30.35789079746185,0.749999999999999,815.7439838005441,0.6536426955375965,9.87372866217793
30.35789079746185,0.749999999999999,815.7439838005441,0.6536426955375965,9.87372866217793
30.35789079746185,0.749999999999999,815.7439838005441,0.6536426955375965,9.87372866217793
30.33831842196043,0.7499999999999997,816.4280341764429,0.7091859340420216,9.86991854536891
30.33831842196043,0.7499999999999997,816.4280341764429,0.7091859340420216,9.86991854536891
30.33831842196043,0.7499999999999997,816.4280341764429,0.7091859340420216,9.86991854536891
30.33831842196043,0.7499999999999997,816.4280341764429,0.7091859340420216,9.86991854536891
30.33831842196043,0.7499999999999997,816.4280341764429,0.7091859340420216,9.86991854536891
30.400228332404215,0.7499999999999991,813.2195822213818,0.676237802471499,9.853422365756714
30.400228332404215,0.7499999999999991,813.2195822213818,0.676237802471499,9.853422365756714
30.201117276437934,0.7499999999999991,812.5941764766744,0.6523066902782907,9.859948696262109
30.107088260340888,0.7499999999999998,815.4414313575553,0.6688477658911434,9.967048156575848
30.107088260340888,0.7499999999999998,815.4414313575553,0.6688477658911434,9.967048156575848
30.107088260340888,0.7499999999999998,815.4414313575553,0.6688477658911434,9.967048156575848
30.142155141874113,0.7499999999999996,815.949381716803,0.7148514761954994,10.02472977771277
30.142155141874113,0.7499999999999996,815.949381716803,0.7148514761954994,10.02472977771277
30.142155141874113,0.7499999999999996,815.949381716803,0.7148514761954994,10.02472977771277
30.142155141874113,0.7499999999999996,815.949381716803,0.7148514761954994,10.02472977771277
30.142155141874113,0.7499999999999996,815.949381716803,0.7148514761954994,10.02472977771277
30.142155141874113,0.7499999999999996,815.949381716803,0.7148514761954994,10.02472977771277
30.339168460951637,0.7499999999999981,815.401852782088,0.6547569174616391,9.992550012394904
30.43554307243697,0.7499999999999989,814.5818208164998,0.6673525755170522,10.04645573597374
30.43554307243697,0.7499999999999989,814.5818208164998,0.6673525755170522,10.04645573597374
30.43554307243697,0.7499999999999989,814.5818208164998,0.6673525755170522,10.04645573597374
30.43554307243697,0.7499999999999989,814.5818208164998,0.6673525755170522,10.04645573597374
30.43554307243697,0.7499999999999989,814.5818208164998,0.6673525755170522,10.04645573597374
30.43554307243697,0.7499999999999989,814.5818208164998,0.6673525755170522,10.04645573597374
30.11871656880476,0.7499999999999994,812.3559035045631,0.5987784411304568,9.981559897106626
30.11871656880476,0.7499999999999994,812.3559035045631,0.5987784411304568,9.981559897106626
30.11871656880476,0.7499999999999994,812.3559035045631,0.5987784411304568,9.981559897106626
30.11871656880476,0.7499999999999994,812.3559035045631,0.5987784411304568,9.981559897106626
30.11871656880476,0.7499999999999994,812.3559035045631,0.5987784411304568,9.981559897106626
30.11871656880476,0.7499999999999994,812.3559035045631,0.5987784411304568,9.981559897106626
30.351571113503628,0.749999999999998,816.9078418461611,0.6408410398805771,10.044207233699684
30.351571113503628,0.749999999999998,816.9078418461611,0.6408410398805771,10.044207233699684
30.249356951041843,0.7499999999999988,814.1587250911659,0.5511617836338067,10.01039939261787
30.552183558434397,0.7499999999999991,814.8374426587741,0.5888707068256545,10.014189179725197
30.552183558434397,0.7499999999999991,814.8374426587741,0.5888707068256545,10.014189179725197
30.552183558434397,0.7499999999999991,814.8374426587741,0.5888707068256545,10.014189179725197
30.552183558434397,0.7499999999999991,814.8374426587741,0.5888707068256545,10.014189179725197
30.552183558434397,0.7499999999999991,814.8374426587741,0.5888707068256545,10.014189179725197
30.552183558434397,0.7499999999999991,814.8374426587741,0.5888707068256545,10.014189179725197
30.552183558434397,0.7499999999999991,814.8374426587741,0.5888707068256545,10.014189179725197
30.552183558434397,0.7499999999999991,814.8374426587741,0.5888707068256545,10.014189179725197
30.552183558434397,0.7499999999999991,814.8374426587741,0.5888707068256545,10.014189179725197
30.695969891612215,0.75,812.2938418111047,0.5768437039183004,9.98521647791242
30.77062037162422,0.749999999999998,811.2971896031587,0.5741131969274329,9.981713182310196
30.77062037162422,0.749999999999998,811.2971896031587,0.5741131969274329,9.981713182310196
30.77062037162422,0.749999999999998,811.2971896031587,0.5741131969274329,9.981713182310196
30.65737477055444,0.7499999999999999,811.0328015999409,0.5450096779908903,9.981676467900328
30.65737477055444,0.7499999999999999,811.0328015999409,0.5450096779908903,9.981676467900328
30.65737477055444,0.7499999999999999,811.0328015999409,0.5450096779908903,9.981676467900328
30.62365526342313,0.7499999999999993,809.0945126331984,0.49559771697995186,9.92969706068381
30.62365526342313,0.7499999999999993,809.0945126331984,0.49559771697995186,9.92969706068381
30.62365526342313,0.7499999999999993,809.0945126331984,0.49559771697995186,9.92969706068381
30.62365526342313,0.7499999999999993,809.0945126331984,0.49559771697995186,9.92969706068381
30.62365526342313,0.7499999999999993,809.0945126331984,0.49559771697995186,9.92969706068381
30.62365526342313,0.7499999999999993,809.0945126331984,0.49559771697995186,9.92969706068381
30.62365526342313,0.7499999999999993,809.0945126331984,0.49559771697995186,9.92969706068381
30.546894129826946,0.7499999999999991,811.8641924635552,0.4843811757226554,9.919949449075116
30.631868803649844,0.7499999999999993,810.8139999030286,0.5039560805553547,9.915126940070357
30.744449992175177,0.7499999999999997,809.8502692462213,0.5168816048234736,9.87809235265193
30.744449992175177,0.7499999999999997,809.8502692462213,0.5168816048234736,9.87809235265193
31.076517215073935,0.7499999999999998,810.5165902254606,0.5343726177945995,9.89724772556211
31.076517215073935,0.7499999999999998,810.5165902254606,0.5343726177945995,9.89724772556211
31.076517215073935,0.7499999999999998,810.5165902254606,0.5343726177945995,9.89724772556211
31.076517215073935,0.7499999999999998,810.5165902254606,0.5343726177945995,9.89724772556211
31.076517215073935,0.7499999999999998,810.5165902254606,0.5343726177945995,9.89724772556211
31.076517215073935,0.7499999999999998,810.5165902254606,0.5343726177945995,9.89724772556211
31.265507280027897,0.7499999999999993,810.9690362583351,0.5026202613136754,9.916307467323787
31.265507280027897,0.7499999999999993,810.9690362583351,0.5026202613136754,9.916307467323787
31.265507280027897,0.7499999999999993,810.9690362583351,0.5026202613136754,9.916307467323787
31.265507280027897,0.7499999999999993,810.9690362583351,0.5026202613136754,9.916307467323787
31.265507280027897,0.7499999999999993,810.9690362583351,0.5026202613136754,9.916307467323787
31.265507280027897,0.7499999999999993,810.9690362583351,0.5026202613136754,9.916307467323787
31.265507280027897,0.7499999999999993,810.9690362583351,0.5026202613136754,9.916307467323787
31.265507280027897,0.7499999999999993,810.9690362583351,0.5026202613136754,9.916307467323787
31.265507280027897,0.7499999999999993,810.9690362583351,0.5026202613136754,9.916307467323787
31.265507280027897,0.7499999999999993,810.9690362583351,0.5026202613136754,9.916307467323787
31.265507280027897,0.7499999999999993,810.9690362583351,0.5026202613136754,9.916307467323787
31.265507280027897,0.7499999999999993,810.9690362583351,0.5026202613136754,9.916307467323787
31.265507280027897,0.7499999999999993,810.9690362583351,0.5026202613136754,9.916307467323787
31.265507280027897,0.7499999999999993,810.9690362583351,0.5026202613136754,9.916307467323787
31.047873423833455,0.7499999999999984,811.2754210964208,0.5109143775330205,9.887459168381131
31.082249871700217,0.7499999999999993,811.6168969580804,0.5491530053264547,9.922918060919542
31.06152997928424,0.7499999999999984,814.1494061803111,0.5435571001632326,9.992594619568285
31.06152997928424,0.7499999999999984,814.1494061803111,0.5435571001632326,9.992594619568285
31.06152997928424,0.7499999999999984,814.1494061803111,0.5435571001632326,9.992594619568285
31.06152997928424,0.7499999999999984,814.1494061803111,0.5435571001632326,9.992594619568285
31.06152997928424,0.7499999999999984,814.1494061803111,0.5435571001632326,9.992594619568285
31.06152997928424,0.7499999999999984,814.1494061803111,0.5435571001632326,9.992594619568285
31.06152997928424,0.7499999999999984,814.1494061803111,0.5435571001632326,9.992594619568285
31.06152997928424,0.7499999999999984,814.1494061803111,0.5435571001632326,9.992594619568285
31.06152997928424,0.7499999999999984,814.1494061803111,0.5435571001632326,9.992594619568285
30.884300639630528,0.7499999999999992,813.6236773686567,0.5705648996614097,9.9389511422558
30.884300639630528,0.7499999999999992,813.6236773686567,0.5705648996614097,9.9389511422558
30.884300639630528,0.7499999999999992,813.6236773686567,0.5705648996614097,9.9389511422558
30.884300639630528,0.7499999999999992,813.6236773686567,0.5705648996614097,9.9389511422558
30.884300639630528,0.7499999999999992,813.6236773686567,0.5705648996614097,9.9389511422558
30.884300639630528,0.7499999999999992,813.6236773686567,0.5705648996614097,9.9389511422558
30.884300639630528,0.7499999999999992,813.6236773686567,0.5705648996614097,9.9389511422558
30.884300639630528,0.7499999999999992,813.6236773686567,0.5705648996614097,9.9389511422558
30.884300639630528,0.7499999999999992,813.6236773686567,0.5705648996614097,9.9389511422558
30.884300639630528,0.7499999999999992,813.6236773686567,0.5705648996614097,9.9389511422558
30.884300639630528,0.7499999999999992,813.6236773686567,0.5705648996614097,9.9389511422558
30.884300639630528,0.7499999999999992,813.6236773686567,0.5705648996614097,9.9389511422558
30.884300639630528,0.7499999999999992,813.6236773686567,0.5705648996614097,9.9389511422558
30.907474745111507,0.7499999999999993,813.785950075842,0.5392515142002062,9.967261800200713
31.03746761398523,0.7500000000000001,813.266302083139,0.541849755972276,9.969189167135962
30.89388567691665,0.7499999999999989,812.0977558659941,0.5259771885281804,9.956137025223532
30.89388567691665,0.7499999999999989,812.0977558659941,0.5259771885281804,9.956137025223532
30.89388567691665,0.7499999999999989,812.0977558659941,0.5259771885281804,9.956137025223532
30.89388567691665,0.7499999999999989,812.0977558659941,0.5259771885281804,9.956137025223532
30.89388567691665,0.7499999999999989,812.0977558659941,0.5259771885281804,9.956137025223532
30.89388567691665,0.7499999999999989,812.0977558659941,0.5259771885281804,9.956137025223532
30.89388567691665,0.7499999999999989,812.0977558659941,0.5259771885281804,9.956137025223532
30.89388567691665,0.7499999999999989,812.0977558659941,0.5259771885281804,9.956137025223532
30.89388567691665,0.7499999999999989,812.0977558659941,0.5259771885281804,9.956137025223532
31.073575318378545,0.7499999999999982,810.3823252924848,0.5283487072942138,9.968838549682847
31.245947916385273,0.7499999999999986,809.1378288782435,0.5284881723785059,9.989683151152695
31.245947916385273,0.7499999999999986,809.1378288782435,0.5284881723785059,9.989683151152695
31.245947916385273,0.7499999999999986,809.1378288782435,0.5284881723785059,9.989683151152695
31.245947916385273,0.7499999999999986,809.1378288782435,0.5284881723785059,9.989683151152695
31.245947916385273,0.7499999999999986,809.1378288782435,0.5284881723785059,9.989683151152695
31.245947916385273,0.7499999999999986,809.1378288782435,0.5284881723785059,9.989683151152695
31.245947916385273,0.7499999999999986,809.1378288782435,0.5284881723785059,9.989683151152695
31.245947916385273,0.7499999999999986,809.1378288782435,0.5284881723785059,9.989683151152695
30.96651231902763,0.7499999999999997,807.6922449295223,0.5426798724602406,9.943209162154279
30.99698816508803,0.7499999999999989,809.0333556400816,0.5456379279717027,9.963350140974228
30.99698816508803,0.7499999999999989,809.0333556400816,0.5456379279717027,9.963350140974228
30.99698816508803,0.7499999999999989,809.0333556400816,0.5456379279717027,9.963350140974228
30.99698816508803,0.7499999999999989,809.0333556400816,0.5456379279717027,9.963350140974228
31.27384423448214,0.7499999999999994,810.673267830051,0.5633619638006584,10.009722279336469
31.27384423448214,0.7499999999999994,810.673267830051,0.5633619638006584,10.009722279336469
31.27384423448214,0.7499999999999994,810.673267830051,0.5633619638006584,10.009722279336469
31.27384423448214,0.7499999999999994,810.673267830051,0.5633619638006584,10.009722279336469
31.18798320580154,0.7499999999999984,808.5078809545374,0.5417180285075259,10.053349512187726
31.18798320580154,0.7499999999999984,808.5078809545374,0.5417180285075259,10.053349512187726
31.17225573601539,0.7499999999999998,805.6136087688878,0.5499280080835947,10.015148302788413
31.17225573601539,0.7499999999999998,805.6136087688878,0.5499280080835947,10.015148302788413
31.17225573601539,0.7499999999999998,805.6136087688878,0.5499280080835947,10.015148302788413
31.17225573601539,0.7499999999999998,805.6136087688878,0.5499280080835947,10.015148302788413
31.17225573601539,0.7499999999999998,805.6136087688878,0.5499280080835947,10.015148302788413
31.17225573601539,0.7499999999999998,805.6136087688878,0.5499280080835947,10.015148302788413
31.3178276706408,0.7499999999999989,806.4389473977093,0.5278913564172553,10.048334222165554
31.3178276706408,0.7499999999999989,806.4389473977093,0.5278913564172553,10.048334222165554
31.338510051967088,0.7499999999999993,806.2201867422185,0.5219488386313221,10.046085183893045
31.338510051967088,0.7499999999999993,806.2201867422185,0.5219488386313221,10.046085183893045
31.338510051967088,0.7499999999999993,806.2201867422185,0.5219488386313221,10.046085183893045
31.338510051967088,0.7499999999999993,806.2201867422185,0.5219488386313221,10.046085183893045
31.338510051967088,0.7499999999999993,806.2201867422185,0.5219488386313221,10.046085183893045
31.338510051967088,0.7499999999999993,806.2201867422185,0.5219488386313221,10.046085183893045
31.30273457716657,0.7499999999999993,807.1812471316063,0.522968291548219,10.022912252016463
31.30273457716657,0.7499999999999993,807.1812471316063,0.522968291548219,10.022912252016463
31.451375533162413,0.7499999999999994,806.2086016477759,0.5548295919216193,9.984504725520997
31.451375533162413,0.7499999999999994,806.2086016477759,0.5548295919216193,9.984504725520997
31.608266588381962,0.7499999999999992,806.5537274854803,0.5135005620613061,10.04690268991573
31.8992218395557,0.7499999999999999,808.5142589746567,0.6031330875007238,10.105073606884517
31.8992218395557,0.7499999999999999,808.5142589746567,0.6031330875007238,10.105073606884517
31.8992218395557,0.7499999999999999,808.5142589746567,0.6031330875007238,10.105073606884517
31.8992218395557,0.7499999999999999,808.5142589746567,0.6031330875007238,10.105073606884517
31.8992218395557,0.7499999999999999,808.5142589746567,0.6031330875007238,10.105073606884517
31.348528571474038,0.7499999999999987,804.8266303839384,0.5469382271485255,9.992380513240306
31.348528571474038,0.7499999999999987,804.8266303839384,0.5469382271485255,9.992380513240306
31.348528571474038,0.7499999999999987,804.8266303839384,0.5469382271485255,9.992380513240306
31.178032725186153,0.7499999999999987,804.7307356873604,0.5606866639501139,9.963121780791743
31.178032725186153,0.7499999999999987,804.7307356873604,0.5606866639501139,9.963121780791743
31.285471474956083,0.749999999999999,805.6894920227911,0.5748926751431943,9.997312149421669
31.285471474956083,0.749999999999999,805.6894920227911,0.5748926751431943,9.997312149421669
31.285471474956083,0.749999999999999,805.6894920227911,0.5748926751431943,9.997312149421669
31.285471474956083,0.749999999999999,805.6894920227911,0.5748926751431943,9.997312149421669
31.028109405604553,0.7500000000000001,803.8724734686714,0.5594139058074742,9.953437075748521
30.7525929343985,0.7499999999999991,804.1508685182437,0.5742107168563502,9.94575900822482
30.7525929343985,0.7499999999999991,804.1508685182437,0.5742107168563502,9.94575900822482
30.7525929343985,0.7499999999999991,804.1508685182437,0.5742107168563502,9.94575900822482
30.7525929343985,0.7499999999999991,804.1508685182437,0.5742107168563502,9.94575900822482
30.7525929343985,0.7499999999999991,804.1508685182437,0.5742107168563502,9.94575900822482
30.7525929343985,0.7499999999999991,804.1508685182437,0.5742107168563502,9.94575900822482
30.7525929343985,0.7499999999999991,804.1508685182437,0.5742107168563502,9.94575900822482
30.761441289091973,0.7499999999999982,804.7453420400768,0.5620493519059057,9.977900992260412
30.761441289091973,0.7499999999999982,804.7453420400768,0.5620493519059057,9.977900992260412
30.761441289091973,0.7499999999999982,804.7453420400768,0.5620493519059057,9.977900992260412
30.761441289091973,0.7499999999999982,804.7453420400768,0.5620493519059057,9.977900992260412
30.734387211319525,0.7499999999999996,802.7296218601,0.5825225353115829,9.957201198991385
30.6176327941172,0.7499999999999984,803.1324154300999,0.578476696759429,9.955903899387668
30.6176327941172,0.7499999999999984,803.1324154300999,0.578476696759429,9.955903899387668
30.5488284450336,0.7499999999999998,802.2316261484116,0.5591619795375055,9.950164191469748
30.37386567808054,0.7499999999999994,801.8970179654193,0.5391181479351398,9.933239006811743
30.37386567808054,0.7499999999999994,801.8970179654193,0.5391181479351398,9.933239006811743
30.37386567808054,0.7499999999999994,801.8970179654193,0.5391181479351398,9.933239006811743
30.22695894618555,0.7499999999999997,803.0909405259383,0.49112944758579363,9.937040561277433
30.22695894618555,0.7499999999999997,803.0909405259383,0.49112944758579363,9.937040561277433
30.22695894618555,0.7499999999999997,803.0909405259383,0.49112944758579363,9.937040561277433
30.22695894618555,0.7499999999999997,803.0909405259383,0.49112944758579363,9.937040561277433
30.22695894618555,0.7499999999999997,803.0909405259383,0.49112944758579363,9.937040561277433
30.22695894618555,0.7499999999999997,803.0909405259383,0.49112944758579363,9.937040561277433
30.22695894618555,0.7499999999999997,803.0909405259383,0.49112944758579363,9.937040561277433
30.22695894618555,0.7499999999999997,803.0909405259383,0.49112944758579363,9.937040561277433
30.22695894618555,0.7499999999999997,803.0909405259383,0.49112944758579363,9.937040561277433
30.22695894618555,0.7499999999999997,803.0909405259383,0.49112944758579363,9.937040561277433
30.22695894618555,0.7499999999999997,803.0909405259383,0.49112944758579363,9.937040561277433
30.459355645247715,0.7499999999999994,803.7731464276941,0.5021026425752743,9.978791846251122
30.459355645247715,0.7499999999999994,803.7731464276941,0.5021026425752743,9.978791846251122
30.35172645093763,0.7499999999999998,805.7833608802005,0.5165268057288218,10.020606338529294
30.35172645093763,0.7499999999999998,805.7833608802005,0.5165268057288218,10.020606338529294
30.6873199571866,0.7499999999999988,805.7506490162995,0.5227871876853626,10.035757535226391
30.783165828779406,0.75,805.3248947439154,0.541021094591635,10.017463848860626
30.783165828779406,0.75,805.3248947439154,0.541021094591635,10.017463848860626
30.783165828779406,0.75,805.3248947439154,0.541021094591635,10.017463848860626
30.783165828779406,0.75,805.3248947439154,0.541021094591635,10.017463848860626
30.56045016364963,0.7499999999999994,806.0184616047533,0.5301211847475082,10.014202289099572
30.56045016364963,0.7499999999999994,806.0184616047533,0.5301211847475082,10.014202289099572
30.197108192311422,0.7499999999999997,804.2457509550499,0.520047697827068,9.935177040650732
30.197108192311422,0.7499999999999997,804.2457509550499,0.520047697827068,9.935177040650732
30.197108192311422,0.7499999999999997,804.2457509550499,0.520047697827068,9.935177040650732
30.197108192311422,0.7499999999999997,804.2457509550499,0.520047697827068,9.935177040650732
30.197108192311422,0.7499999999999997,804.2457509550499,0.520047697827068,9.935177040650732
30.19718781634453,0.7499999999999997,802.9937776007685,0.4795954473056836,9.947604656601257
30.19086893938107,0.7499999999999988,802.7852828519441,0.4750240100753182,9.958901936322025
30.20761647226222,0.749999999999997,804.3490800190174,0.4943415434721256,9.968299211770077
30.092725766638715,0.7499999999999992,803.7602409758221,0.4736784420764772,9.910221616422282
30.092725766638715,0.7499999999999992,803.7602409758221,0.4736784420764772,9.910221616422282
30.092725766638715,0.7499999999999992,803.7602409758221,0.4736784420764772,9.910221616422282
30.26985628415985,0.7499999999999997,805.739115715618,0.48039156634819336,9.928433597805897
30.26985628415985,0.7499999999999997,805.739115715618,0.48039156634819336,9.928433597805897
30.26985628415985,0.7499999999999997,805.739115715618,0.48039156634819336,9.928433597805897
30.1363845179906,0.7499999999999988,805.7633375562405,0.4820156076870185,9.96852438799497
30.1363845179906,0.7499999999999988,805.7633375562405,0.4820156076870185,9.96852438799497
30.22680471560993,0.7499999999999992,805.6079346380144,0.48906673752310403,9.963898937748056
30.22680471560993,0.7499999999999992,805.6079346380144,0.48906673752310403,9.963898937748056
29.933476269331347,0.7499999999999997,807.0561399677141,0.4572912273397084,9.933517657102675
29.871635318548527,0.7499999999999989,805.9638494799741,0.4680332142798214,9.940326959359492
29.871635318548527,0.7499999999999989,805.9638494799741,0.4680332142798214,9.940326959359492
29.871635318548527,0.7499999999999989,805.9638494799741,0.4680332142798214,9.940326959359492
29.871635318548527,0.7499999999999989,805.9638494799741,0.4680332142798214,9.940326959359492
29.871635318548527,0.7499999999999989,805.9638494799741,0.4680332142798214,9.940326959359492
29.857828133966144,0.7499999999999991,803.3859225606865,0.45490876062699587,9.892359538013912
29.857828133966144,0.7499999999999991,803.3859225606865,0.45490876062699587,9.892359538013912
29.873898060461467,0.7499999999999993,804.1149842604378,0.45215911538753517,9.916443214422618
29.873898060461467,0.7499999999999993,804.1149842604378,0.45215911538753517,9.916443214422618
29.873898060461467,0.7499999999999993,804.1149842604378,0.45215911538753517,9.916443214422618
29.873898060461467,0.7499999999999993,804.1149842604378,0.45215911538753517,9.916443214422618
30.26212001317145,0.749999999999999,808.4757393743112,0.48167372799200425,9.993967997770142
30.26212001317145,0.749999999999999,808.4757393743112,0.48167372799200425,9.993967997770142
30.26212001317145,0.749999999999999,808.4757393743112,0.48167372799200425,9.993967997770142
30.26212001317145,0.749999999999999,808.4757393743112,0.48167372799200425,9.993967997770142
30.34515428935937,0.7499999999999994,808.1224152902587,0.47428380460742947,9.981843034968344
30.049952328352113,0.7499999999999992,807.3260140444567,0.4939563174906468,9.927791861311945
30.113104454452287,0.7499999999999992,807.1331605246007,0.48129942639211776,9.954721632856899
30.113104454452287,0.7499999999999992,807.1331605246007,0.48129942639211776,9.954721632856899
30.113104454452287,0.7499999999999992,807.1331605246007,0.48129942639211776,9.954721632856899
30.113104454452287,0.7499999999999992,807.1331605246007,0.48129942639211776,9.954721632856899
30.113104454452287,0.7499999999999992,807.1331605246007,0.48129942639211776,9.954721632856899
29.851992556445317,0.7499999999999993,806.9715296448867,0.478667678277417,9.881719801062781
29.851992556445317,0.7499999999999993,806.9715296448867,0.478667678277417,9.881719801062781
29.851992556445317,0.7499999999999993,806.9715296448867,0.478667678277417,9.881719801062781
29.834917635465153,0.7499999999999996,806.610966573549,0.4942292393103829,9.906250639158795
29.834917635465153,0.7499999999999996,806.610966573549,0.4942292393103829,9.906250639158795
29.834917635465153,0.7499999999999996,806.610966573549,0.4942292393103829,9.906250639158795
29.834917635465153,0.7499999999999996,806.610966573549,0.4942292393103829,9.906250639158795
29.834917635465153,0.7499999999999996,806.610966573549,0.4942292393103829,9.906250639158795
29.834917635465153,0.7499999999999996,806.610966573549,0.4942292393103829,9.906250639158795
29.834917635465153,0.7499999999999996,806.610966573549,0.4942292393103829,9.906250639158795
29.834917635465153,0.7499999999999996,806.610966573549,0.4942292393103829,9.906250639158795
29.834917635465153,0.7499999999999996,806.610966573549,0.4942292393103829,9.906250639158795
29.834917635465153,0.7499999999999996,806.610966573549,0.4942292393103829,9.906250639158795
29.834917635465153,0.7499999999999996,806.610966573549,0.4942292393103829,9.906250639158795
29.834917635465153,0.7499999999999996,806.610966573549,0.4942292393103829,9.906250639158795
29.834917635465153,0.7499999999999996,806.610966573549,0.4942292393103829,9.906250639158795
30.0087941521942,0.7499999999999993,804.737882422603,0.48191547291351555,9.900895096888771
29.955255892475133,0.7499999999999994,807.0174031119677,0.47169560274713956,9.88397079529231
30.035829109564848,0.7499999999999998,807.4595964674413,0.4944157262519896,9.897468130350621
30.035829109564848,0.7499999999999998,807.4595964674413,0.4944157262519896,9.897468130350621
30.035829109564848,0.7499999999999998,807.4595964674413,0.4944157262519896,9.897468130350621
30.035829109564848,0.7499999999999998,807.4595964674413,0.4944157262519896,9.897468130350621
30.035829109564848,0.7499999999999998,807.4595964674413,0.4944157262519896,9.897468130350621
30.035829109564848,0.7499999999999998,807.4595964674413,0.4944157262519896,9.897468130350621
30.10456131479993,0.7499999999999978,807.5440470743193,0.47773654669933435,9.965643879330605
30.10456131479993,0.7499999999999978,807.5440470743193,0.47773654669933435,9.965643879330605
30.10456131479993,0.7499999999999978,807.5440470743193,0.47773654669933435,9.965643879330605
30.10456131479993,0.7499999999999978,807.5440470743193,0.47773654669933435,9.965643879330605
30.10456131479993,0.7499999999999978,807.5440470743193,0.47773654669933435,9.965643879330605
30.10456131479993,0.7499999999999978,807.5440470743193,0.47773654669933435,9.965643879330605
30.10456131479993,0.7499999999999978,807.5440470743193,0.47773654669933435,9.965643879330605
30.10456131479993,0.7499999999999978,807.5440470743193,0.47773654669933435,9.965643879330605
30.10456131479993,0.7499999999999978,807.5440470743193,0.47773654669933435,9.965643879330605
30.10456131479993,0.7499999999999978,807.5440470743193,0.47773654669933435,9.965643879330605
30.0178551734605,0.7499999999999991,809.398540937524,0.48494769273405075,10.012845100166729
30.0178551734605,0.7499999999999991,809.398540937524,0.48494769273405075,10.012845100166729
30.0178551734605,0.7499999999999991,809.398540937524,0.48494769273405075,10.012845100166729
29.962462272371617,0.7499999999999999,809.4429027251366,0.4935733366482645,9.94839136210923
29.962462272371617,0.7499999999999999,809.4429027251366,0.4935733366482645,9.94839136210923
29.962462272371617,0.7499999999999999,809.4429027251366,0.4935733366482645,9.94839136210923
29.962462272371617,0.7499999999999999,809.4429027251366,0.4935733366482645,9.94839136210923
29.962462272371617,0.7499999999999999,809.4429027251366,0.4935733366482645,9.94839136210923
29.962462272371617,0.7499999999999999,809.4429027251366,0.4935733366482645,9.94839136210923
29.962462272371617,0.7499999999999999,809.4429027251366,0.4935733366482645,9.94839136210923
29.962462272371617,0.7499999999999999,809.4429027251366,0.4935733366482645,9.94839136210923
29.962462272371617,0.7499999999999999,809.4429027251366,0.4935733366482645,9.94839136210923
29.962462272371617,0.7499999999999999,809.4429027251366,0.4935733366482645,9.94839136210923
29.962462272371617,0.7499999999999999,809.4429027251366,0.4935733366482645,9.94839136210923
29.962462272371617,0.7499999999999999,809.4429027251366,0.4935733366482645,9.94839136210923
29.962462272371617,0.7499999999999999,809.4429027251366,0.4935733366482645,9.94839136210923
29.997370044852747,0.749999999999999,809.8138329888164,0.5167855645301273,9.97078899258582
29.843449701322456,0.7499999999999991,811.6543758530687,0.48848273472662473,9.936817291493616
29.843449701322456,0.7499999999999991,811.6543758530687,0.48848273472662473,9.936817291493616
29.843449701322456,0.7499999999999991,811.6543758530687,0.48848273472662473,9.936817291493616
29.843524032102597,0.7499999999999993,813.1612149007475,0.4892433431358912,9.98731626830283
29.990328884445084,0.7499999999999999,812.9202120771577,0.5536901035437174,9.973686012661759
29.990328884445084,0.7499999999999999,812.9202120771577,0.5536901035437174,9.973686012661759
29.990328884445084,0.7499999999999999,812.9202120771577,0.5536901035437174,9.973686012661759
29.990328884445084,0.7499999999999999,812.9202120771577,0.5536901035437174,9.973686012661759
29.98612845640312,0.7499999999999992,812.3874546866296,0.5306447975970403,9.95060189865391
29.98612845640312,0.7499999999999992,812.3874546866296,0.5306447975970403,9.95060189865391
30.040509212683343,0.7499999999999996,814.8148930022866,0.5330222964598474,9.980356519787174
30.324215131566707,0.7499999999999999,817.8110376594177,0.5788886856667749,10.002761390762583
30.324215131566707,0.7499999999999999,817.8110376594177,0.5788886856667749,10.002761390762583
30.324215131566707,0.7499999999999999,817.8110376594177,0.5788886856667749,10.002761390762583
30.324215131566707,0.7499999999999999,817.8110376594177,0.5788886856667749,10.002761390762583
30.324215131566707,0.7499999999999999,817.8110376594177,0.5788886856667749,10.002761390762583
30.33518958153164,0.7499999999999977,818.8286933891025,0.6077316853927452,9.981573431373667
30.33518958153164,0.7499999999999977,818.8286933891025,0.6077316853927452,9.981573431373667
30.33518958153164,0.7499999999999977,818.8286933891025,0.6077316853927452,9.981573431373667
30.33518958153164,0.7499999999999977,818.8286933891025,0.6077316853927452,9.981573431373667
30.266836360106936,0.7500000000000002,814.8376053862369,0.5699085665596927,9.928283763165094
30.061807953785436,0.7500000000000004,812.0691762073519,0.5397354996073176,9.881392696682193
30.06540826171198,0.749999999999999,810.5701205239463,0.5021264079025461,9.846702520372816
30.06540826171198,0.749999999999999,810.5701205239463,0.5021264079025461,9.846702520372816
30.06540826171198,0.749999999999999,810.5701205239463,0.5021264079025461,9.846702520372816
30.163684618999234,0.7499999999999988,810.9246972429677,0.46090532493265135,9.84361080181993
30.163684618999234,0.7499999999999988,810.9246972429677,0.46090532493265135,9.84361080181993
30.163684618999234,0.7499999999999988,810.9246972429677,0.46090532493265135,9.84361080181993
30.163684618999234,0.7499999999999988,810.9246972429677,0.46090532493265135,9.84361080181993
30.163684618999234,0.7499999999999988,810.9246972429677,0.46090532493265135,9.84361080181993
30.163684618999234,0.7499999999999988,810.9246972429677,0.46090532493265135,9.84361080181993
30.163684618999234,0.7499999999999988,810.9246972429677,0.46090532493265135,9.84361080181993
30.27246921970587,0.7500000000000001,811.2890005700626,0.4771873788726913,9.896183008772804
30.27246921970587,0.7500000000000001,811.2890005700626,0.4771873788726913,9.896183008772804
30.27246921970587,0.7500000000000001,811.2890005700626,0.4771873788726913,9.896183008772804
30.27246921970587,0.7500000000000001,811.2890005700626,0.4771873788726913,9.896183008772804
30.27246921970587,0.7500000000000001,811.2890005700626,0.4771873788726913,9.896183008772804
30.27246921970587,0.7500000000000001,811.2890005700626,0.4771873788726913,9.896183008772804
30.27246921970587,0.7500000000000001,811.2890005700626,0.4771873788726913,9.896183008772804
30.27246921970587,0.7500000000000001,811.2890005700626,0.4771873788726913,9.896183008772804
30.27246921970587,0.7500000000000001,811.2890005700626,0.4771873788726913,9.896183008772804
30.27246921970587,0.7500000000000001,811.2890005700626,0.4771873788726913,9.896183008772804
30.27246921970587,0.7500000000000001,811.2890005700626,0.4771873788726913,9.896183008772804
30.27246921970587,0.7500000000000001,811.2890005700626,0.4771873788726913,9.896183008772804
30.29805574412888,0.7499999999999994,810.9608391239893,0.48658356283814863,9.892308010896008
30.29805574412888,0.7499999999999994,810.9608391239893,0.48658356283814863,9.892308010896008
30.39985089107907,0.7499999999999998,811.633463933576,0.48726203326127654,9.881276734977295
30.39985089107907,0.7499999999999998,811.633463933576,0.48726203326127654,9.881276734977295
30.39985089107907,0.7499999999999998,811.633463933576,0.48726203326127654,9.881276734977295
30.39985089107907,0.7499999999999998,811.633463933576,0.48726203326127654,9.881276734977295
30.39985089107907,0.7499999999999998,811.633463933576,0.48726203326127654,9.881276734977295
30.39985089107907,0.7499999999999998,811.633463933576,0.48726203326127654,9.881276734977295
30.39985089107907,0.7499999999999998,811.633463933576,0.48726203326127654,9.881276734977295
30.39985089107907,0.7499999999999998,811.633463933576,0.48726203326127654,9.881276734977295
30.39985089107907,0.7499999999999998,811.633463933576,0.48726203326127654,9.881276734977295
30.402180309385844,0.7499999999999989,813.6622730613578,0.5013940637856502,9.949978032954743
30.60751592540815,0.7499999999999998,813.3857110328146,0.4973889807559701,9.922211857957212
30.60751592540815,0.7499999999999998,813.3857110328146,0.4973889807559701,9.922211857957212
30.60751592540815,0.7499999999999998,813.3857110328146,0.4973889807559701,9.922211857957212
30.60751592540815,0.7499999999999998,813.3857110328146,0.4973889807559701,9.922211857957212
30.60751592540815,0.7499999999999998,813.3857110328146,0.4973889807559701,9.922211857957212
30.60751592540815,0.7499999999999998,813.3857110328146,0.4973889807559701,9.922211857957212
30.542649872596936,0.7499999999999991,809.6803985049132,0.4764007095994363,9.852467382321473
30.679457572835656,0.7499999999999989,809.6655215445231,0.48202741239939273,9.884146026298477
30.679457572835656,0.7499999999999989,809.6655215445231,0.48202741239939273,9.884146026298477
30.679457572835656,0.7499999999999989,809.6655215445231,0.48202741239939273,9.884146026298477
30.691502901850885,0.7499999999999984,809.2155770296049,0.5008879676514991,9.870103644969552
30.66755429218326,0.7499999999999989,811.0254770908131,0.49597900059332123,9.828836419558282
30.55337094266076,0.749999999999999,809.9651544052466,0.4730478054808736,9.771901637596475
30.55337094266076,0.749999999999999,809.9651544052466,0.4730478054808736,9.771901637596475
30.55337094266076,0.749999999999999,809.9651544052466,0.4730478054808736,9.771901637596475
30.55337094266076,0.749999999999999,809.9651544052466,0.4730478054808736,9.771901637596475
30.465607726142043,0.7499999999999993,807.050263823299,0.4345178346679948,9.71046240028953
30.465607726142043,0.7499999999999993,807.050263823299,0.4345178346679948,9.71046240028953
30.30860250196582,0.7499999999999993,805.4501160538836,0.4164937143667776,9.69700290023513
30.30860250196582,0.7499999999999993,805.4501160538836,0.4164937143667776,9.69700290023513
30.30860250196582,0.7499999999999993,805.4501160538836,0.4164937143667776,9.69700290023513
30.30860250196582,0.7499999999999993,805.4501160538836,0.4164937143667776,9.69700290023513
30.447920732054737,0.749999999999999,805.8746457197036,0.43360067586932743,9.66734477825232
30.648996699386537,0.7500000000000002,806.0026979376943,0.45757784234843935,9.640515064261033
30.677879767931778,0.7499999999999994,805.0817074454678,0.45242537310114445,9.582150406434256
30.677879767931778,0.7499999999999994,805.0817074454678,0.45242537310114445,9.582150406434256
30.677879767931778,0.7499999999999994,805.0817074454678,0.45242537310114445,9.582150406434256
30.601993103120655,0.7499999999999992,804.9033405378646,0.4585912131283018,9.555955511970984
30.601993103120655,0.7499999999999992,804.9033405378646,0.4585912131283018,9.555955511970984
30.601993103120655,0.7499999999999992,804.9033405378646,0.4585912131283018,9.555955511970984
30.64686285033994,0.7500000000000001,805.4992977179022,0.4667329085984808,9.612937125191175
30.64686285033994,0.7500000000000001,805.4992977179022,0.4667329085984808,9.612937125191175
30.64686285033994,0.7500000000000001,805.4992977179022,0.4667329085984808,9.612937125191175
30.52841620367452,0.7499999999999992,809.1832991320539,0.46617172723173117,9.626103355617357
30.52841620367452,0.7499999999999992,809.1832991320539,0.46617172723173117,9.626103355617357
30.500715701893593,0.7499999999999993,809.5163058290336,0.45554135630513687,9.664758767883734
30.500715701893593,0.7499999999999993,809.5163058290336,0.45554135630513687,9.664758767883734
30.51943409024771,0.7499999999999989,811.1511124523532,0.46039094727160934,9.690349003449327
30.51943409024771,0.7499999999999989,811.1511124523532,0.46039094727160934,9.690349003449327
30.51943409024771,0.7499999999999989,811.1511124523532,0.46039094727160934,9.690349003449327
30.51943409024771,0.7499999999999989,811.1511124523532,0.46039094727160934,9.690349003449327
30.51943409024771,0.7499999999999989,811.1511124523532,0.46039094727160934,9.690349003449327
30.51943409024771,0.7499999999999989,811.1511124523532,0.46039094727160934,9.690349003449327
30.56397030003565,0.7499999999999992,810.0764566630663,0.47303057124372716,9.687907643144019
30.468955911981833,0.7499999999999994,813.149687285634,0.46840396249182387,9.723910433508333
30.468955911981833,0.7499999999999994,813.149687285634,0.46840396249182387,9.723910433508333
30.50883229053848,0.7499999999999999,812.2695098017934,0.4896351607800937,9.709426208557943
30.50883229053848,0.7499999999999999,812.2695098017934,0.4896351607800937,9.709426208557943
30.50883229053848,0.7499999999999999,812.2695098017934,0.4896351607800937,9.709426208557943
30.4731070706308,0.7499999999999993,810.8076758076937,0.4925834523442774,9.721842349492269
30.4731070706308,0.7499999999999993,810.8076758076937,0.4925834523442774,9.721842349492269
30.4731070706308,0.7499999999999993,810.8076758076937,0.4925834523442774,9.721842349492269
30.46854401582307,0.7499999999999986,811.1442927073499,0.5042091195010853,9.735508297997294
30.46854401582307,0.7499999999999986,811.1442927073499,0.5042091195010853,9.735508297997294
30.46854401582307,0.7499999999999986,811.1442927073499,0.5042091195010853,9.735508297997294
30.687239476252046,0.7499999999999991,809.5284715370952,0.5041892688835541,9.790018724869224
30.687239476252046,0.7499999999999991,809.5284715370952,0.5041892688835541,9.790018724869224
30.687239476252046,0.7499999999999991,809.5284715370952,0.5041892688835541,9.790018724869224
30.673185766463504,0.7499999999999987,810.2272382643823,0.53267716024859,9.818334324217417
30.673185766463504,0.7499999999999987,810.2272382643823,0.53267716024859,9.818334324217417
30.719556034901743,0.7499999999999994,811.1592073554723,0.5593617830409476,9.809661869034036
30.719556034901743,0.7499999999999994,811.1592073554723,0.5593617830409476,9.809661869034036
30.711902343237206,0.7499999999999987,811.10813832837,0.5404168949823914,9.839885041349348
30.497138992860776,0.7499999999999997,809.4647058968599,0.5355008354762144,9.753766368743737
30.384178430586516,0.7499999999999987,810.1276164550777,0.5294831724415369,9.790654337302794
30.384178430586516,0.7499999999999987,810.1276164550777,0.5294831724415369,9.790654337302794
30.384178430586516,0.7499999999999987,810.1276164550777,0.5294831724415369,9.790654337302794
30.384178430586516,0.7499999999999987,810.1276164550777,0.5294831724415369,9.790654337302794
30.384178430586516,0.7499999999999987,810.1276164550777,0.5294831724415369,9.790654337302794
30.366968921640918,0.7499999999999994,811.5328497495336,0.5252518445081606,9.758723635108021
30.56371061059691,0.75,811.6280534599189,0.5560298635897019,9.782413615632432
30.56371061059691,0.75,811.6280534599189,0.5560298635897019,9.782413615632432
30.56371061059691,0.75,811.6280534599189,0.5560298635897019,9.782413615632432
30.56371061059691,0.75,811.6280534599189,0.5560298635897019,9.782413615632432
30.514734619495034,0.7499999999999989,809.9230160261741,0.5262633960712152,9.761637182463847
30.514734619495034,0.7499999999999989,809.9230160261741,0.5262633960712152,9.761637182463847
30.514734619495034,0.7499999999999989,809.9230160261741,0.5262633960712152,9.761637182463847
30.390375705965976,0.7499999999999987,810.0753779003282,0.5109247632578348,9.796126754479307
30.390375705965976,0.7499999999999987,810.0753779003282,0.5109247632578348,9.796126754479307
30.390375705965976,0.7499999999999987,810.0753779003282,0.5109247632578348,9.796126754479307
30.36588007822247,0.7499999999999986,810.1126351285719,0.5131129055526777,9.788151494701268
30.36588007822247,0.7499999999999986,810.1126351285719,0.5131129055526777,9.788151494701268
30.36588007822247,0.7499999999999986,810.1126351285719,0.5131129055526777,9.788151494701268
30.36588007822247,0.7499999999999986,810.1126351285719,0.5131129055526777,9.788151494701268
30.36588007822247,0.7499999999999986,810.1126351285719,0.5131129055526777,9.788151494701268
30.36588007822247,0.7499999999999986,810.1126351285719,0.5131129055526777,9.788151494701268
30.36588007822247,0.7499999999999986,810.1126351285719,0.5131129055526777,9.788151494701268
30.36588007822247,0.7499999999999986,810.1126351285719,0.5131129055526777,9.788151494701268
30.36588007822247,0.7499999999999986,810.1126351285719,0.5131129055526777,9.788151494701268
30.36588007822247,0.7499999999999986,810.1126351285719,0.5131129055526777,9.788151494701268
30.478731119537308,0.7499999999999994,810.4570960984366,0.5322230842270185,9.785412254277684
30.469117268478854,0.7499999999999999,810.1649777758676,0.535360043061623,9.799620856394776
30.469117268478854,0.7499999999999999,810.1649777758676,0.535360043061623,9.799620856394776
30.469117268478854,0.7499999999999999,810.1649777758676,0.535360043061623,9.799620856394776
30.469117268478854,0.7499999999999999,810.1649777758676,0.535360043061623,9.799620856394776
30.43376100356449,0.7499999999999999,813.3937099511435,0.5507182790239217,9.888418700135214
30.233963777118507,0.7500000000000001,812.8144083377924,0.5658010582409113,9.880865932222457
30.229864325307027,0.7499999999999997,811.2697733685786,0.5457871595534954,9.8830519013224
30.229864325307027,0.7499999999999997,811.2697733685786,0.5457871595534954,9.8830519013224
30.229864325307027,0.7499999999999997,811.2697733685786,0.5457871595534954,9.8830519013224
30.229864325307027,0.7499999999999997,811.2697733685786,0.5457871595534954,9.8830519013224
30.25672772594307,0.75,810.7919608529606,0.5381281011778534,9.893366035431722
30.25672772594307,0.75,810.7919608529606,0.5381281011778534,9.893366035431722
30.25672772594307,0.75,810.7919608529606,0.5381281011778534,9.893366035431722
30.25672772594307,0.75,810.7919608529606,0.5381281011778534,9.893366035431722
30.25672772594307,0.75,810.7919608529606,0.5381281011778534,9.893366035431722
30.25672772594307,0.75,810.7919608529606,0.5381281011778534,9.893366035431722
30.25672772594307,0.75,810.7919608529606,0.5381281011778534,9.893366035431722
30.25672772594307,0.75,810.7919608529606,0.5381281011778534,9.893366035431722
30.25672772594307,0.75,810.7919608529606,0.5381281011778534,9.893366035431722
30.25672772594307,0.75,810.7919608529606,0.5381281011778534,9.893366035431722
30.25672772594307,0.75,810.7919608529606,0.5381281011778534,9.893366035431722
30.342933982296483,0.7499999999999998,812.5234462376845,0.5187604514375432,9.933764620881979
30.481287960370853,0.7499999999999991,812.95876237203,0.5001559824551112,9.986721897405554
30.481287960370853,0.7499999999999991,812.95876237203,0.5001559824551112,9.986721897405554
30.4565750788096,0.749999999999999,812.9604332774563,0.4868233640489537,9.972845749151038
30.4565750788096,0.749999999999999,812.9604332774563,0.4868233640489537,9.972845749151038
30.492778217455033,0.7499999999999998,815.0052038643983,0.5173427132353571,9.976119567943556
30.492778217455033,0.7499999999999998,815.0052038643983,0.5173427132353571,9.976119567943556
30.492778217455033,0.7499999999999998,815.0052038643983,0.5173427132353571,9.976119567943556
30.381567016498234,0.7499999999999986,813.7840159312178,0.5096574697459668,9.953060711286955
30.381567016498234,0.7499999999999986,813.7840159312178,0.5096574697459668,9.953060711286955
30.44408442361181,0.7499999999999993,813.0251957464129,0.501706063537377,9.927637926416178
30.476625685915902,0.7499999999999998,812.3827717072194,0.49405677649254365,9.900328123808105
30.278900012068764,0.7499999999999993,811.1559125318913,0.4513580671399763,9.893872914375299
30.278900012068764,0.7499999999999993,811.1559125318913,0.4513580671399763,9.893872914375299
30.269050150126596,0.7499999999999991,810.3053878634572,0.45534350628658365,9.924984995706188
30.088001439355594,0.7499999999999989,811.1406566043554,0.458136704271603,9.924906146393969
30.088001439355594,0.7499999999999989,811.1406566043554,0.458136704271603,9.924906146393969
30.088001439355594,0.7499999999999989,811.1406566043554,0.458136704271603,9.924906146393969
30.016647422048898,0.7499999999999996,812.499701521394,0.45606821690633614,9.944082795467688
29.9529250734832,0.7499999999999998,814.9146025521903,0.46426993179461734,9.985613496938697
29.9529250734832,0.7499999999999998,814.9146025521903,0.46426993179461734,9.985613496938697
29.70727467157102,0.7499999999999993,815.5368246550153,0.4433759035177029,9.974386736283122
29.70727467157102,0.7499999999999993,815.5368246550153,0.4433759035177029,9.974386736283122
29.943899970960832,0.7499999999999991,812.5692322878117,0.44468210643098594,9.965736353532339
29.943899970960832,0.7499999999999991,812.5692322878117,0.44468210643098594,9.965736353532339
29.943899970960832,0.7499999999999991,812.5692322878117,0.44468210643098594,9.965736353532339
29.94557462973479,0.7499999999999992,812.3552565326354,0.44584638904938034,9.887567521598612
29.85042939995881,0.7499999999999994,811.1958334483927,0.44049492448130634,9.795339078149542
29.85042939995881,0.7499999999999994,811.1958334483927,0.44049492448130634,9.795339078149542
30.064202518057257,0.7499999999999993,812.6825750478592,0.44320608451607413,9.883236339847747
30.064202518057257,0.7499999999999993,812.6825750478592,0.44320608451607413,9.883236339847747
30.064202518057257,0.7499999999999993,812.6825750478592,0.44320608451607413,9.883236339847747
30.064202518057257,0.7499999999999993,812.6825750478592,0.44320608451607413,9.883236339847747
30.064202518057257,0.7499999999999993,812.6825750478592,0.44320608451607413,9.883236339847747
29.9754791550155,0.7499999999999992,812.5413556704511,0.4499914455569515,9.918013633161843
29.9754791550155,0.7499999999999992,812.5413556704511,0.4499914455569515,9.918013633161843
29.9754791550155,0.7499999999999992,812.5413556704511,0.4499914455569515,9.918013633161843
29.9754791550155,0.7499999999999992,812.5413556704511,0.4499914455569515,9.918013633161843
29.9754791550155,0.7499999999999992,812.5413556704511,0.4499914455569515,9.918013633161843
30.02283600986672,0.749999999999999,814.5019250448543,0.44443407374686017,9.954698570767206
30.02283600986672,0.749999999999999,814.5019250448543,0.44443407374686017,9.954698570767206
30.02283600986672,0.749999999999999,814.5019250448543,0.44443407374686017,9.954698570767206
30.02283600986672,0.749999999999999,814.5019250448543,0.44443407374686017,9.954698570767206
30.02283600986672,0.749999999999999,814.5019250448543,0.44443407374686017,9.954698570767206
30.02283600986672,0.749999999999999,814.5019250448543,0.44443407374686017,9.954698570767206
30.02283600986672,0.749999999999999,814.5019250448543,0.44443407374686017,9.954698570767206
30.046319185022167,0.7500000000000001,813.4965803927771,0.4328621541509284,9.933053187552252
30.046319185022167,0.7500000000000001,813.4965803927771,0.4328621541509284,9.933053187552252
29.824908578154364,0.7499999999999994,810.7276602563079,0.4202334789887789,9.887504879190711
29.54048077687064,0.7499999999999989,809.2890290759041,0.4027806080924289,9.787802749780457
29.54048077687064,0.7499999999999989,809.2890290759041,0.4027806080924289,9.787802749780457
29.54048077687064,0.7499999999999989,809.2890290759041,0.4027806080924289,9.787802749780457
29.26453545252629,0.7499999999999983,811.036180001476,0.4128792877755862,9.787433213584933
29.26453545252629,0.7499999999999983,811.036180001476,0.4128792877755862,9.787433213584933
29.26453545252629,0.7499999999999983,811.036180001476,0.4128792877755862,9.787433213584933
28.904516180965693,0.7499999999999992,810.8095896822094,0.39376163750638377,9.772444867148243
28.904516180965693,0.7499999999999992,810.8095896822094,0.39376163750638377,9.772444867148243
28.904516180965693,0.7499999999999992,810.8095896822094,0.39376163750638377,9.772444867148243
28.753978024722432,0.7499999999999997,812.1162240224271,0.37238144000796336,9.756455000139372
28.753978024722432,0.7499999999999997,812.1162240224271,0.37238144000796336,9.756455000139372
28.753978024722432,0.7499999999999997,812.1162240224271,0.37238144000796336,9.756455000139372
28.753978024722432,0.7499999999999997,812.1162240224271,0.37238144000796336,9.756455000139372
28.753978024722432,0.7499999999999997,812.1162240224271,0.37238144000796336,9.756455000139372
28.753978024722432,0.7499999999999997,812.1162240224271,0.37238144000796336,9.756455000139372
28.753978024722432,0.7499999999999997,812.1162240224271,0.37238144000796336,9.756455000139372
28.838827177199022,0.7499999999999991,811.3478712724709,0.38033890534279335,9.78850875453098
28.72025661669132,0.7499999999999992,812.021322938179,0.3749716812567546,9.799365515695783
28.72025661669132,0.7499999999999992,812.021322938179,0.3749716812567546,9.799365515695783
28.72025661669132,0.7499999999999992,812.021322938179,0.3749716812567546,9.799365515695783
28.767415965087007,0.7499999999999973,814.5870025602321,0.38966807552544447,9.8646934479962
28.767415965087007,0.7499999999999973,814.5870025602321,0.38966807552544447,9.8646934479962
28.767415965087007,0.7499999999999973,814.5870025602321,0.38966807552544447,9.8646934479962
28.767415965087007,0.7499999999999973,814.5870025602321,0.38966807552544447,9.8646934479962
28.74186131610207,0.7499999999999997,815.7631429995204,0.3882039996309102,9.87444221667821
28.9826066477202,0.7499999999999984,817.663392671496,0.41932698567808435,9.897580078404266
28.9826066477202,0.7499999999999984,817.663392671496,0.41932698567808435,9.897580078404266
28.9826066477202,0.7499999999999984,817.663392671496,0.41932698567808435,9.897580078404266
28.9826066477202,0.7499999999999984,817.663392671496,0.41932698567808435,9.897580078404266
28.9826066477202,0.7499999999999984,817.663392671496,0.41932698567808435,9.897580078404266
28.88457671981759,0.7499999999999994,817.3572812229324,0.4313648353711389,9.871092666655844
28.88457671981759,0.7499999999999994,817.3572812229324,0.4313648353711389,9.871092666655844
29.02403559174227,0.7499999999999998,818.9758266094456,0.4639492678855514,9.888613425718324
28.826968773651025,0.7499999999999992,817.8397374842144,0.4668274210636405,9.83243753403911
28.826968773651025,0.7499999999999992,817.8397374842144,0.4668274210636405,9.83243753403911
28.826968773651025,0.7499999999999992,817.8397374842144,0.4668274210636405,9.83243753403911
28.976029613514186,0.7499999999999991,819.309337875155,0.4977155115853098,9.895153293218044
29.144610798532117,0.7499999999999984,819.4328060464122,0.509150409365069,9.931756121395736
29.361037923224234,0.7499999999999987,820.8397754792248,0.5250104138445503,9.946834396306699
29.535250633432188,0.7499999999999987,820.6169391945472,0.5212808059738662,9.947867604884035
29.535250633432188,0.7499999999999987,820.6169391945472,0.5212808059738662,9.947867604884035
29.535250633432188,0.7499999999999987,820.6169391945472,0.5212808059738662,9.947867604884035
29.535250633432188,0.7499999999999987,820.6169391945472,0.5212808059738662,9.947867604884035
29.4135694078452,0.7499999999999982,819.3184975919536,0.5536886452580939,9.924916712457357
29.4135694078452,0.7499999999999982,819.3184975919536,0.5536886452580939,9.924916712457357
29.4135694078452,0.7499999999999982,819.3184975919536,0.5536886452580939,9.924916712457357
29.08303150981109,0.7499999999999993,820.1611685139969,0.5541736273815592,9.94275398479239
29.015582522410725,0.7499999999999997,820.347552774895,0.5173673950385813,9.884682196260822
29.015582522410725,0.7499999999999997,820.347552774895,0.5173673950385813,9.884682196260822
28.94961235486431,0.75,819.5555025649958,0.5033803396852711,9.886605301478662
29.121808456777377,0.7499999999999982,817.8628450726634,0.4926768396578682,9.861281922461202
28.896107932649084,0.749999999999999,817.1193549244425,0.4764185717066472,9.825875366434957
28.896107932649084,0.749999999999999,817.1193549244425,0.4764185717066472,9.825875366434957
29.07740415469717,0.7500000000000002,816.832178603603,0.4604826944772648,9.822285275318453
29.07740415469717,0.7500000000000002,816.832178603603,0.4604826944772648,9.822285275318453
29.07740415469717,0.7500000000000002,816.832178603603,0.4604826944772648,9.822285275318453
29.07740415469717,0.7500000000000002,816.832178603603,0.4604826944772648,9.822285275318453
29.07740415469717,0.7500000000000002,816.832178603603,0.4604826944772648,9.822285275318453
29.07740415469717,0.7500000000000002,816.832178603603,0.4604826944772648,9.822285275318453
29.07740415469717,0.7500000000000002,816.832178603603,0.4604826944772648,9.822285275318453
29.07740415469717,0.7500000000000002,816.832178603603,0.4604826944772648,9.822285275318453
28.99394702363821,0.7499999999999996,814.633542830917,0.44398633903391604,9.7544434717591
28.99394702363821,0.7499999999999996,814.633542830917,0.44398633903391604,9.7544434717591
29.24347409864596,0.7499999999999999,814.2111983988343,0.44783705996530676,9.795304304456476
29.24347409864596,0.7499999999999999,814.2111983988343,0.44783705996530676,9.795304304456476
29.24347409864596,0.7499999999999999,814.2111983988343,0.44783705996530676,9.795304304456476
29.24347409864596,0.7499999999999999,814.2111983988343,0.44783705996530676,9.795304304456476
29.24347409864596,0.7499999999999999,814.2111983988343,0.44783705996530676,9.795304304456476
29.24347409864596,0.7499999999999999,814.2111983988343,0.44783705996530676,9.795304304456476
29.27943912298682,0.7499999999999994,811.9237438359996,0.4637402236197874,9.791385028046012
29.27001261001604,0.7500000000000002,810.653386457849,0.45214835968089084,9.755295099793296
29.27001261001604,0.7500000000000002,810.653386457849,0.45214835968089084,9.755295099793296
29.27001261001604,0.7500000000000002,810.653386457849,0.45214835968089084,9.755295099793296
29.27001261001604,0.7500000000000002,810.653386457849,0.45214835968089084,9.755295099793296
29.27001261001604,0.7500000000000002,810.653386457849,0.45214835968089084,9.755295099793296
29.26950397447263,0.7499999999999993,813.8561740606092,0.456571983171906,9.81347568117776
29.268287635462027,0.7499999999999992,812.8960449215617,0.4547065832842842,9.783677760190571
29.268287635462027,0.7499999999999992,812.8960449215617,0.4547065832842842,9.783677760190571
29.1312894833276,0.7499999999999978,811.7464701549673,0.4461507823722795,9.767967773650955
29.01962118780202,0.7500000000000001,809.5643756845974,0.44472364299737127,9.760938316309696
28.989559464589078,0.7499999999999987,810.286274118594,0.4564418348360275,9.750351755913044
28.989559464589078,0.7499999999999987,810.286274118594,0.4564418348360275,9.750351755913044
28.989559464589078,0.7499999999999987,810.286274118594,0.4564418348360275,9.750351755913044
28.989559464589078,0.7499999999999987,810.286274118594,0.4564418348360275,9.750351755913044
28.989559464589078,0.7499999999999987,810.286274118594,0.4564418348360275,9.750351755913044
28.989559464589078,0.7499999999999987,810.286274118594,0.4564418348360275,9.750351755913044
29.12932219898543,0.7499999999999984,808.8663311597578,0.43704919372896744,9.738990656104406
29.282525529798747,0.7499999999999984,808.379205943043,0.4447784780861569,9.72402384706184
29.315564795846456,0.7499999999999993,808.9634473815188,0.4728569002002672,9.737168332703826
29.315564795846456,0.7499999999999993,808.9634473815188,0.4728569002002672,9.737168332703826
29.186112219374063,0.7499999999999997,808.7156802379486,0.4507721931654973,9.705413675588886
29.186112219374063,0.7499999999999997,808.7156802379486,0.4507721931654973,9.705413675588886
29.186112219374063,0.7499999999999997,808.7156802379486,0.4507721931654973,9.705413675588886
29.186112219374063,0.7499999999999997,808.7156802379486,0.4507721931654973,9.705413675588886
29.186112219374063,0.7499999999999997,808.7156802379486,0.4507721931654973,9.705413675588886
29.016668385080692,0.7499999999999993,809.1888398826702,0.4492390498644689,9.728279128864319
29.016668385080692,0.7499999999999993,809.1888398826702,0.4492390498644689,9.728279128864319
28.823459261003826,0.7499999999999994,808.6096453123065,0.4208777883394842,9.66464174947779
28.823459261003826,0.7499999999999994,808.6096453123065,0.4208777883394842,9.66464174947779
28.99723744569334,0.7499999999999987,810.0884105991079,0.45256897380543565,9.703480862197605
28.834622950413404,0.7499999999999997,810.4275740054527,0.4477556031131302,9.664021135417048
28.97060879305123,0.7499999999999989,812.3007830806137,0.4760731798023254,9.722498745872244
29.04246904804213,0.7499999999999991,812.6476319800245,0.5026551471293682,9.771548908465808
29.04246904804213,0.7499999999999991,812.6476319800245,0.5026551471293682,9.771548908465808
29.04246904804213,0.7499999999999991,812.6476319800245,0.5026551471293682,9.771548908465808
29.26046383866771,0.7500000000000001,813.3504339075399,0.493940682535988,9.84949661761291
29.216158834078268,0.749999999999999,815.6331221980566,0.448740364802943,9.807756137511973
29.257724027613893,0.7499999999999992,815.942501465464,0.4970674007411522,9.821302282691818
29.257724027613893,0.7499999999999992,815.942501465464,0.4970674007411522,9.821302282691818
29.257724027613893,0.7499999999999992,815.942501465464,0.4970674007411522,9.821302282691818
29.257724027613893,0.7499999999999992,815.942501465464,0.4970674007411522,9.821302282691818
29.257724027613893,0.7499999999999992,815.942501465464,0.4970674007411522,9.821302282691818
29.257724027613893,0.7499999999999992,815.942501465464,0.4970674007411522,9.821302282691818
29.257724027613893,0.7499999999999992,815.942501465464,0.4970674007411522,9.821302282691818
29.257724027613893,0.7499999999999992,815.942501465464,0.4970674007411522,9.821302282691818
29.257724027613893,0.7499999999999992,815.942501465464,0.4970674007411522,9.821302282691818
29.557999326883824,0.7499999999999973,817.3968072729925,0.4841101170471595,9.888785245319323
29.557999326883824,0.7499999999999973,817.3968072729925,0.4841101170471595,9.888785245319323
29.557999326883824,0.7499999999999973,817.3968072729925,0.4841101170471595,9.888785245319323
29.557999326883824,0.7499999999999973,817.3968072729925,0.4841101170471595,9.888785245319323
29.557999326883824,0.7499999999999973,817.3968072729925,0.4841101170471595,9.888785245319323
29.557999326883824,0.7499999999999973,817.3968072729925,0.4841101170471595,9.888785245319323
29.557999326883824,0.7499999999999973,817.3968072729925,0.4841101170471595,9.888785245319323
29.557999326883824,0.7499999999999973,817.3968072729925,0.4841101170471595,9.888785245319323
29.557999326883824,0.7499999999999973,817.3968072729925,0.4841101170471595,9.888785245319323
29.557999326883824,0.7499999999999973,817.3968072729925,0.4841101170471595,9.888785245319323
29.557999326883824,0.7499999999999973,817.3968072729925,0.4841101170471595,9.888785245319323
29.557999326883824,0.7499999999999973,817.3968072729925,0.4841101170471595,9.888785245319323
29.50468501482739,0.7499999999999983,816.4022224931657,0.47731839457613834,9.937950159566574
29.50468501482739,0.7499999999999983,816.4022224931657,0.47731839457613834,9.937950159566574
29.50468501482739,0.7499999999999983,816.4022224931657,0.47731839457613834,9.937950159566574
29.50468501482739,0.7499999999999983,816.4022224931657,0.47731839457613834,9.937950159566574
29.50468501482739,0.7499999999999983,816.4022224931657,0.47731839457613834,9.937950159566574
29.593440480383684,0.7499999999999971,816.4172659203905,0.5131357918379114,9.941428134147788
29.593440480383684,0.7499999999999971,816.4172659203905,0.5131357918379114,9.941428134147788
29.593440480383684,0.7499999999999971,816.4172659203905,0.5131357918379114,9.941428134147788
29.651259854436926,0.7499999999999973,816.2002061784922,0.49826433533057984,9.963297990645454
29.651259854436926,0.7499999999999973,816.2002061784922,0.49826433533057984,9.963297990645454
29.651259854436926,0.7499999999999973,816.2002061784922,0.49826433533057984,9.963297990645454
29.651259854436926,0.7499999999999973,816.2002061784922,0.49826433533057984,9.963297990645454
29.75563604766457,0.7499999999999991,816.2732692905237,0.5041950191495921,9.94136489868767
29.730181322174786,0.7499999999999994,815.3005431052936,0.5042361185363492,9.994511901951114
29.730181322174786,0.7499999999999994,815.3005431052936,0.5042361185363492,9.994511901951114
29.730181322174786,0.7499999999999994,815.3005431052936,0.5042361185363492,9.994511901951114
29.574799133089268,0.7499999999999987,815.3902613426961,0.474439632328387,9.999178197957534
29.574799133089268,0.7499999999999987,815.3902613426961,0.474439632328387,9.999178197957534
29.574799133089268,0.7499999999999987,815.3902613426961,0.474439632328387,9.999178197957534
29.574799133089268,0.7499999999999987,815.3902613426961,0.474439632328387,9.999178197957534
29.574799133089268,0.7499999999999987,815.3902613426961,0.474439632328387,9.999178197957534
29.574799133089268,0.7499999999999987,815.3902613426961,0.474439632328387,9.999178197957534
29.56058307889229,0.7499999999999989,814.3231560954923,0.4818343958269581,9.971985725606462
29.56058307889229,0.7499999999999989,814.3231560954923,0.4818343958269581,9.971985725606462
29.608887752624252,0.7499999999999986,814.6568625757909,0.49308958317319596,10.01155814366037
29.608887752624252,0.7499999999999986,814.6568625757909,0.49308958317319596,10.01155814366037
29.608887752624252,0.7499999999999986,814.6568625757909,0.49308958317319596,10.01155814366037
29.608887752624252,0.7499999999999986,814.6568625757909,0.49308958317319596,10.01155814366037
29.608887752624252,0.7499999999999986,814.6568625757909,0.49308958317319596,10.01155814366037
29.608887752624252,0.7499999999999986,814.6568625757909,0.49308958317319596,10.01155814366037
29.608887752624252,0.7499999999999986,814.6568625757909,0.49308958317319596,10.01155814366037
29.608887752624252,0.7499999999999986,814.6568625757909,0.49308958317319596,10.01155814366037
29.580463349774956,0.749999999999998,813.2887223619402,0.4714279891375286,10.013760809946012
29.504029831666443,0.7499999999999999,813.0235964795617,0.4872679094837498,10.008914030573521
29.54127976588558,0.7499999999999998,809.4865112206943,0.49558329190946404,9.985654306297178
29.544675531474482,0.7499999999999988,807.087707157471,0.48799845304228506,9.9154274992059
29.428369594131393,0.7499999999999992,806.935938354256,0.49548922464164796,9.888926965066247
29.228901475334837,0.7499999999999991,807.7862144782329,0.5205070895345022,9.901707663871136
29.228901475334837,0.7499999999999991,807.7862144782329,0.5205070895345022,9.901707663871136
29.228901475334837,0.7499999999999991,807.7862144782329,0.5205070895345022,9.901707663871136
29.228901475334837,0.7499999999999991,807.7862144782329,0.5205070895345022,9.901707663871136
29.228901475334837,0.7499999999999991,807.7862144782329,0.5205070895345022,9.901707663871136
29.228901475334837,0.7499999999999991,807.7862144782329,0.5205070895345022,9.901707663871136
28.997350796961513,0.7499999999999972,809.2251779803971,0.49818970616110625,9.879234503506021
28.826231408529708,0.7499999999999999,808.1932085573117,0.4665168675142284,9.858592956370753
28.826231408529708,0.7499999999999999,808.1932085573117,0.4665168675142284,9.858592956370753
29.017044413298123,0.749999999999998,808.5756362250099,0.4778816287278663,9.906085364629453
29.017044413298123,0.749999999999998,808.5756362250099,0.4778816287278663,9.906085364629453
29.017044413298123,0.749999999999998,808.5756362250099,0.4778816287278663,9.906085364629453
29.239809929940613,0.749999999999998,809.9629171561536,0.49093824061694913,9.894094326389148
29.239809929940613,0.749999999999998,809.9629171561536,0.49093824061694913,9.894094326389148
29.239809929940613,0.749999999999998,809.9629171561536,0.49093824061694913,9.894094326389148
29.239809929940613,0.749999999999998,809.9629171561536,0.49093824061694913,9.894094326389148
29.096129391690393,0.7499999999999988,809.9626240511647,0.49375597179924985,9.884588552064846
29.082627695268393,0.7499999999999994,811.5538074945603,0.557185169955604,9.917580519784167
29.082627695268393,0.7499999999999994,811.5538074945603,0.557185169955604,9.917580519784167
29.082627695268393,0.7499999999999994,811.5538074945603,0.557185169955604,9.917580519784167
29.0171771310011,0.7499999999999994,813.3694131507701,0.5959895271721779,9.961492507826279
29.0171771310011,0.7499999999999994,813.3694131507701,0.5959895271721779,9.961492507826279
29.0171771310011,0.7499999999999994,813.3694131507701,0.5959895271721779,9.961492507826279
28.85180275421406,0.7499999999999997,812.4520153997897,0.6248927464176985,9.960282905984949
28.603992173421503,0.7499999999999992,811.0047319618058,0.5846248872705734,9.921566820894858
28.394081553798546,0.7500000000000004,810.3857729815535,0.5466090734193426,9.869093362070407
28.40883220820291,0.7499999999999987,811.1462712263832,0.5839248075366184,9.900895874245728
28.40883220820291,0.7499999999999987,811.1462712263832,0.5839248075366184,9.900895874245728
28.428773403289973,0.7500000000000003,811.9867249488657,0.5825105061739865,9.8874975799733
28.318147479672874,0.7499999999999993,815.2560386816047,0.5593642605170188,9.89189874468895
28.134701230568904,0.7499999999999993,816.5790755086166,0.5591834227846345,9.867149875135627
28.101117508527285,0.7499999999999992,815.6288404712619,0.5280287599303932,9.833810408099222
28.101117508527285,0.7499999999999992,815.6288404712619,0.5280287599303932,9.833810408099222
28.101117508527285,0.7499999999999992,815.6288404712619,0.5280287599303932,9.833810408099222
28.43502327725708,0.7499999999999997,815.2328338607297,0.5283574979895822,9.872861967185548
28.43502327725708,0.7499999999999997,815.2328338607297,0.5283574979895822,9.872861967185548
28.43502327725708,0.7499999999999997,815.2328338607297,0.5283574979895822,9.872861967185548
28.48178957627379,0.749999999999999,814.8850220997226,0.5552243715107499,9.866112693187967
28.315728747938024,0.7499999999999987,814.1426984523182,0.5148116848750651,9.798275073566277
28.315728747938024,0.7499999999999987,814.1426984523182,0.5148116848750651,9.798275073566277
28.315728747938024,0.7499999999999987,814.1426984523182,0.5148116848750651,9.798275073566277
28.315728747938024,0.7499999999999987,814.1426984523182,0.5148116848750651,9.798275073566277
28.315728747938024,0.7499999999999987,814.1426984523182,0.5148116848750651,9.798275073566277
28.315728747938024,0.7499999999999987,814.1426984523182,0.5148116848750651,9.798275073566277
28.399197307233838,0.749999999999999,814.3851801045043,0.5323876897960147,9.797501662626235
28.399197307233838,0.749999999999999,814.3851801045043,0.5323876897960147,9.797501662626235
28.399197307233838,0.749999999999999,814.3851801045043,0.5323876897960147,9.797501662626235
28.41051051030602,0.7499999999999993,814.1969017203082,0.5392917570739137,9.83158596381455
28.41051051030602,0.7499999999999993,814.1969017203082,0.5392917570739137,9.83158596381455
28.41051051030602,0.7499999999999993,814.1969017203082,0.5392917570739137,9.83158596381455
28.41051051030602,0.7499999999999993,814.1969017203082,0.5392917570739137,9.83158596381455
28.427688584877053,0.7499999999999984,812.8843291510698,0.5291596169065811,9.785400371959586
28.427688584877053,0.7499999999999984,812.8843291510698,0.5291596169065811,9.785400371959586
28.427688584877053,0.7499999999999984,812.8843291510698,0.5291596169065811,9.785400371959586
28.48651161815234,0.7500000000000001,810.2436148353572,0.48666523067005285,9.81434307766653
28.48651161815234,0.7500000000000001,810.2436148353572,0.48666523067005285,9.81434307766653
28.48651161815234,0.7500000000000001,810.2436148353572,0.48666523067005285,9.81434307766653
28.46306495032113,0.7499999999999997,813.2435704117668,0.47996709244075786,9.89195741699397
28.456077857531767,0.7499999999999989,812.2773661892156,0.44509089520063805,9.868861225776508
28.456077857531767,0.7499999999999989,812.2773661892156,0.44509089520063805,9.868861225776508
28.520374556811856,0.7499999999999984,815.1496061425403,0.47791232545688395,9.964373210532836
28.70485930205303,0.7499999999999984,815.8958969350427,0.45900857253666405,9.981917685671851
28.585606556542967,0.7500000000000002,814.2472260747145,0.4116155059812647,9.943144884339219
28.585606556542967,0.7500000000000002,814.2472260747145,0.4116155059812647,9.943144884339219
28.502149693049066,0.7499999999999981,814.8226163831032,0.401717391247859,9.964629798250112
28.502149693049066,0.7499999999999981,814.8226163831032,0.401717391247859,9.964629798250112
28.502149693049066,0.7499999999999981,814.8226163831032,0.401717391247859,9.964629798250112
28.502149693049066,0.7499999999999981,814.8226163831032,0.401717391247859,9.964629798250112
28.502149693049066,0.7499999999999981,814.8226163831032,0.401717391247859,9.964629798250112
28.502149693049066,0.7499999999999981,814.8226163831032,0.401717391247859,9.964629798250112
28.502149693049066,0.7499999999999981,814.8226163831032,0.401717391247859,9.964629798250112
28.502149693049066,0.7499999999999981,814.8226163831032,0.401717391247859,9.964629798250112
28.613827526790708,0.7499999999999998,815.7898274743969,0.4043236058979488,9.990139029756563
28.613827526790708,0.7499999999999998,815.7898274743969,0.4043236058979488,9.990139029756563
28.613827526790708,0.7499999999999998,815.7898274743969,0.4043236058979488,9.990139029756563
28.396933435543858,0.7499999999999989,817.8480264216065,0.39068240915237634,9.964597016573268
28.396933435543858,0.7499999999999989,817.8480264216065,0.39068240915237634,9.964597016573268
28.653353616629886,0.7499999999999986,819.4151485171119,0.39320384331838715,9.965305154900937
28.653353616629886,0.7499999999999986,819.4151485171119,0.39320384331838715,9.965305154900937
28.653353616629886,0.7499999999999986,819.4151485171119,0.39320384331838715,9.965305154900937
28.966786808396392,0.7499999999999986,819.5819886554877,0.41899860885028434,9.989197912341059
28.966786808396392,0.7499999999999986,819.5819886554877,0.41899860885028434,9.989197912341059
29.110884433308442,0.7500000000000001,820.4903524324426,0.416959670848893,10.064923981993584
29.110884433308442,0.7500000000000001,820.4903524324426,0.416959670848893,10.064923981993584
29.110884433308442,0.7500000000000001,820.4903524324426,0.416959670848893,10.064923981993584
29.110884433308442,0.7500000000000001,820.4903524324426,0.416959670848893,10.064923981993584
29.110884433308442,0.7500000000000001,820.4903524324426,0.416959670848893,10.064923981993584
29.000358398684195,0.7499999999999984,818.6089440202206,0.420153961076339,10.06693847767917
29.000358398684195,0.7499999999999984,818.6089440202206,0.420153961076339,10.06693847767917
29.000358398684195,0.7499999999999984,818.6089440202206,0.420153961076339,10.06693847767917
29.000358398684195,0.7499999999999984,818.6089440202206,0.420153961076339,10.06693847767917
29.132400221110746,0.7499999999999988,817.2836648892549,0.4443417885435101,10.082262661858843
29.132400221110746,0.7499999999999988,817.2836648892549,0.4443417885435101,10.082262661858843
29.132400221110746,0.7499999999999988,817.2836648892549,0.4443417885435101,10.082262661858843
28.968483194683653,0.7499999999999991,817.0976569727143,0.4456322428819491,10.080500037389555
28.968483194683653,0.7499999999999991,817.0976569727143,0.4456322428819491,10.080500037389555
28.968483194683653,0.7499999999999991,817.0976569727143,0.4456322428819491,10.080500037389555
28.968483194683653,0.7499999999999991,817.0976569727143,0.4456322428819491,10.080500037389555
28.968483194683653,0.7499999999999991,817.0976569727143,0.4456322428819491,10.080500037389555
28.968483194683653,0.7499999999999991,817.0976569727143,0.4456322428819491,10.080500037389555
28.968483194683653,0.7499999999999991,817.0976569727143,0.4456322428819491,10.080500037389555
28.968483194683653,0.7499999999999991,817.0976569727143,0.4456322428819491,10.080500037389555
28.94479024192978,0.7499999999999989,812.9274353544889,0.42842362850873983,9.964730432440835
28.94479024192978,0.7499999999999989,812.9274353544889,0.42842362850873983,9.964730432440835
28.94479024192978,0.7499999999999989,812.9274353544889,0.42842362850873983,9.964730432440835
28.94479024192978,0.7499999999999989,812.9274353544889,0.42842362850873983,9.964730432440835
28.94479024192978,0.7499999999999989,812.9274353544889,0.42842362850873983,9.964730432440835
28.94479024192978,0.7499999999999989,812.9274353544889,0.42842362850873983,9.964730432440835
29.108295304782196,0.75,813.8464622048926,0.45228015619883144,9.978628099430978
29.206665652241895,0.749999999999999,813.757638354577,0.45308113807676764,10.005066825836511
29.206665652241895,0.749999999999999,813.757638354577,0.45308113807676764,10.005066825836511
29.206665652241895,0.749999999999999,813.757638354577,0.45308113807676764,10.005066825836511
29.206665652241895,0.749999999999999,813.757638354577,0.45308113807676764,10.005066825836511
29.307543948158965,0.7499999999999999,815.2110228037502,0.4882863771016116,10.035779935876572
29.307543948158965,0.7499999999999999,815.2110228037502,0.4882863771016116,10.035779935876572
29.307543948158965,0.7499999999999999,815.2110228037502,0.4882863771016116,10.035779935876572
29.307543948158965,0.7499999999999999,815.2110228037502,0.4882863771016116,10.035779935876572
29.270173430138016,0.7499999999999994,813.4486361693258,0.5024537550077172,10.011261624236008
29.270173430138016,0.7499999999999994,813.4486361693258,0.5024537550077172,10.011261624236008
29.1181776641234,0.749999999999999,812.8606823017628,0.4843190128003749,9.992276515916922
29.1181776641234,0.749999999999999,812.8606823017628,0.4843190128003749,9.992276515916922
29.09764262008031,0.7499999999999994,813.4143601473485,0.4578688485882218,9.918937932210738
29.09764262008031,0.7499999999999994,813.4143601473485,0.4578688485882218,9.918937932210738
29.09764262008031,0.7499999999999994,813.4143601473485,0.4578688485882218,9.918937932210738
29.09764262008031,0.7499999999999994,813.4143601473485,0.4578688485882218,9.918937932210738
29.09764262008031,0.7499999999999994,813.4143601473485,0.4578688485882218,9.918937932210738
29.09764262008031,0.7499999999999994,813.4143601473485,0.4578688485882218,9.918937932210738
29.09764262008031,0.7499999999999994,813.4143601473485,0.4578688485882218,9.918937932210738
29.09764262008031,0.7499999999999994,813.4143601473485,0.4578688485882218,9.918937932210738
29.09764262008031,0.7499999999999994,813.4143601473485,0.4578688485882218,9.918937932210738
29.09764262008031,0.7499999999999994,813.4143601473485,0.4578688485882218,9.918937932210738
29.09764262008031,0.7499999999999994,813.4143601473485,0.4578688485882218,9.918937932210738
29.09764262008031,0.7499999999999994,813.4143601473485,0.4578688485882218,9.918937932210738
28.839242571076145,0.7499999999999991,810.6141289529419,0.42717337806137584,9.884874114098974
28.839242571076145,0.7499999999999991,810.6141289529419,0.42717337806137584,9.884874114098974
28.839242571076145,0.7499999999999991,810.6141289529419,0.42717337806137584,9.884874114098974
28.71268077933495,0.7499999999999994,812.0102190972277,0.42025895662777085,9.824605304765502
28.71268077933495,0.7499999999999994,812.0102190972277,0.42025895662777085,9.824605304765502
28.531908683909723,0.7499999999999991,812.6136256999611,0.41338591134809294,9.832579088178557
28.384240609133958,0.7499999999999997,812.583413989384,0.3886505497813444,9.757862791921344
28.04178980918274,0.7499999999999991,813.2830737423249,0.3569374677837031,9.69085903896312
28.04178980918274,0.7499999999999991,813.2830737423249,0.3569374677837031,9.69085903896312
27.94818360503245,0.7499999999999992,813.4747135524816,0.358062249935145,9.634448972245238
27.94818360503245,0.7499999999999992,813.4747135524816,0.358062249935145,9.634448972245238
27.94818360503245,0.7499999999999992,813.4747135524816,0.358062249935145,9.634448972245238
28.009038689927774,0.7499999999999997,812.6153565091524,0.37138609324716937,9.63366640083529
28.009038689927774,0.7499999999999997,812.6153565091524,0.37138609324716937,9.63366640083529
28.00658082559505,0.7499999999999997,812.2617706718714,0.3654447950407993,9.60701297333182
28.005308120183432,0.7499999999999983,812.3739888090585,0.3550805266604678,9.568252832508529
28.005308120183432,0.7499999999999983,812.3739888090585,0.3550805266604678,9.568252832508529
28.005308120183432,0.7499999999999983,812.3739888090585,0.3550805266604678,9.568252832508529
28.005308120183432,0.7499999999999983,812.3739888090585,0.3550805266604678,9.568252832508529
27.868515373457306,0.7499999999999989,812.1388568666075,0.3527626066168179,9.580510596629797
27.795150572518242,0.7499999999999988,811.8239424143991,0.34994848511694965,9.581861012276281
27.795150572518242,0.7499999999999988,811.8239424143991,0.34994848511694965,9.581861012276281
27.795150572518242,0.7499999999999988,811.8239424143991,0.34994848511694965,9.581861012276281
27.625602182390104,0.7499999999999988,812.8008439232916,0.3371749190826252,9.543044463669073
27.782430482029156,0.7499999999999996,811.506611493452,0.34338142361256346,9.548933313556441
27.872900588668603,0.7499999999999996,811.0455215241127,0.3441866949502556,9.557847367161353
27.872900588668603,0.7499999999999996,811.0455215241127,0.3441866949502556,9.557847367161353
27.872900588668603,0.7499999999999996,811.0455215241127,0.3441866949502556,9.557847367161353
28.09251239792005,0.7499999999999992,809.7511527688083,0.35589577732617045,9.568110769075526
28.09251239792005,0.7499999999999992,809.7511527688083,0.35589577732617045,9.568110769075526
28.09251239792005,0.7499999999999992,809.7511527688083,0.35589577732617045,9.568110769075526
28.09251239792005,0.7499999999999992,809.7511527688083,0.35589577732617045,9.568110769075526
27.98567561840844,0.7500000000000001,811.6561697138383,0.3610899106082028,9.589583948175505
27.98567561840844,0.7500000000000001,811.6561697138383,0.3610899106082028,9.589583948175505
27.98567561840844,0.7500000000000001,811.6561697138383,0.3610899106082028,9.589583948175505
28.070894291405445,0.7499999999999993,809.3583605933982,0.381465374822348,9.61832562373127
28.266882684072787,0.7499999999999992,806.3365446777116,0.37929999401454284,9.590520141052824
28.266882684072787,0.7499999999999992,806.3365446777116,0.37929999401454284,9.590520141052824
28.46113442102693,0.7499999999999994,806.678266124823,0.3634685751420394,9.581048212736869
28.46113442102693,0.7499999999999994,806.678266124823,0.3634685751420394,9.581048212736869
28.46113442102693,0.7499999999999994,806.678266124823,0.3634685751420394,9.581048212736869
28.44566849374191,0.7499999999999999,805.4162700247626,0.3946260140354301,9.586518201692158
28.44566849374191,0.7499999999999999,805.4162700247626,0.3946260140354301,9.586518201692158
28.51386550897013,0.7499999999999996,806.5404293713963,0.38411034227630547,9.607356787668555
28.51386550897013,0.7499999999999996,806.5404293713963,0.38411034227630547,9.607356787668555
28.596782406706378,0.7499999999999993,805.4066526975236,0.3646565448938652,9.586899380243825
28.596782406706378,0.7499999999999993,805.4066526975236,0.3646565448938652,9.586899380243825
28.596782406706378,0.7499999999999993,805.4066526975236,0.3646565448938652,9.586899380243825
28.384235174977118,0.7499999999999992,806.5730810512315,0.345215937088685,9.569996299594653
28.309510914098695,0.7500000000000001,807.0674932933084,0.34330710893428046,9.603711423501874
28.42134087568045,0.7499999999999998,806.6684382065174,0.3490150641604173,9.627960192982135
28.42134087568045,0.7499999999999998,806.6684382065174,0.3490150641604173,9.627960192982135
28.479658844482817,0.7499999999999994,806.9812807834045,0.34641600213160656,9.620144737004967
28.41534913079088,0.7499999999999988,809.6639308011929,0.3368368065338829,9.61675369067224
28.617084582493597,0.7499999999999996,809.5880053735518,0.34309956312869594,9.551630915135368
28.617084582493597,0.7499999999999996,809.5880053735518,0.34309956312869594,9.551630915135368
28.617084582493597,0.7499999999999996,809.5880053735518,0.34309956312869594,9.551630915135368
28.617084582493597,0.7499999999999996,809.5880053735518,0.34309956312869594,9.551630915135368
28.47306422342357,0.7499999999999992,811.4079542319025,0.32220160936160663,9.500462162230267
28.47306422342357,0.7499999999999992,811.4079542319025,0.32220160936160663,9.500462162230267
28.47306422342357,0.7499999999999992,811.4079542319025,0.32220160936160663,9.500462162230267
28.47306422342357,0.7499999999999992,811.4079542319025,0.32220160936160663,9.500462162230267
28.63761716401499,0.7499999999999988,814.4896442877464,0.33916866393196565,9.532361429205869
28.63761716401499,0.7499999999999988,814.4896442877464,0.33916866393196565,9.532361429205869
28.63761716401499,0.7499999999999988,814.4896442877464,0.33916866393196565,9.532361429205869
28.63761716401499,0.7499999999999988,814.4896442877464,0.33916866393196565,9.532361429205869
28.902275393600046,0.7499999999999994,814.2451191764668,0.3564234547102913,9.551357382004204
28.902275393600046,0.7499999999999994,814.2451191764668,0.3564234547102913,9.551357382004204
29.10270641544215,0.7499999999999991,813.5153462275008,0.3566648892447989,9.521829240696189
29.05102964047859,0.7499999999999996,814.8679202399821,0.36090512361586186,9.53648116150038
29.05102964047859,0.7499999999999996,814.8679202399821,0.36090512361586186,9.53648116150038
29.074008091794056,0.7499999999999984,814.5632911709464,0.36355694424450125,9.57028015821282
29.074008091794056,0.7499999999999984,814.5632911709464,0.36355694424450125,9.57028015821282
29.074008091794056,0.7499999999999984,814.5632911709464,0.36355694424450125,9.57028015821282
29.074008091794056,0.7499999999999984,814.5632911709464,0.36355694424450125,9.57028015821282
29.074008091794056,0.7499999999999984,814.5632911709464,0.36355694424450125,9.57028015821282
29.074008091794056,0.7499999999999984,814.5632911709464,0.36355694424450125,9.57028015821282
29.074008091794056,0.7499999999999984,814.5632911709464,0.36355694424450125,9.57028015821282
29.074008091794056,0.7499999999999984,814.5632911709464,0.36355694424450125,9.57028015821282
29.074008091794056,0.7499999999999984,814.5632911709464,0.36355694424450125,9.57028015821282
29.074008091794056,0.7499999999999984,814.5632911709464,0.36355694424450125,9.57028015821282
29.074008091794056,0.7499999999999984,814.5632911709464,0.36355694424450125,9.57028015821282
29.062488786425394,0.7499999999999997,815.1210203758524,0.3691967873360887,9.555098127587186
29.062488786425394,0.7499999999999997,815.1210203758524,0.3691967873360887,9.555098127587186
29.07129545099043,0.7499999999999996,816.9121692717533,0.3805059890033257,9.568691095223752
29.07129545099043,0.7499999999999996,816.9121692717533,0.3805059890033257,9.568691095223752
29.07129545099043,0.7499999999999996,816.9121692717533,0.3805059890033257,9.568691095223752
29.07129545099043,0.7499999999999996,816.9121692717533,0.3805059890033257,9.568691095223752
29.07129545099043,0.7499999999999996,816.9121692717533,0.3805059890033257,9.568691095223752
29.07129545099043,0.7499999999999996,816.9121692717533,0.3805059890033257,9.568691095223752
29.07129545099043,0.7499999999999996,816.9121692717533,0.3805059890033257,9.568691095223752
29.07129545099043,0.7499999999999996,816.9121692717533,0.3805059890033257,9.568691095223752
28.80571499216874,0.75,815.5679221893115,0.3589782222014435,9.512275448905715
28.80571499216874,0.75,815.5679221893115,0.3589782222014435,9.512275448905715
28.800784884169513,0.7500000000000003,817.2537886741427,0.3664734084797766,9.506460825484586
28.800784884169513,0.7500000000000003,817.2537886741427,0.3664734084797766,9.506460825484586
28.841369439777278,0.7499999999999999,819.6366123349953,0.3711691022883557,9.510659255382643
28.841369439777278,0.7499999999999999,819.6366123349953,0.3711691022883557,9.510659255382643
28.841369439777278,0.7499999999999999,819.6366123349953,0.3711691022883557,9.510659255382643
28.841369439777278,0.7499999999999999,819.6366123349953,0.3711691022883557,9.510659255382643
28.84805729403641,0.7499999999999997,817.1512910631002,0.3620291752625294,9.495129526426481
28.84805729403641,0.7499999999999997,817.1512910631002,0.3620291752625294,9.495129526426481
28.84805729403641,0.7499999999999997,817.1512910631002,0.3620291752625294,9.495129526426481
28.84805729403641,0.7499999999999997,817.1512910631002,0.3620291752625294,9.495129526426481
28.84805729403641,0.7499999999999997,817.1512910631002,0.3620291752625294,9.495129526426481
28.84805729403641,0.7499999999999997,817.1512910631002,0.3620291752625294,9.495129526426481
28.84805729403641,0.7499999999999997,817.1512910631002,0.3620291752625294,9.495129526426481
28.84805729403641,0.7499999999999997,817.1512910631002,0.3620291752625294,9.495129526426481
28.84805729403641,0.7499999999999997,817.1512910631002,0.3620291752625294,9.495129526426481
28.84805729403641,0.7499999999999997,817.1512910631002,0.3620291752625294,9.495129526426481
28.84805729403641,0.7499999999999997,817.1512910631002,0.3620291752625294,9.495129526426481
28.85014646071809,0.7499999999999996,816.4197454760719,0.36586720115474863,9.52343330195021
28.85014646071809,0.7499999999999996,816.4197454760719,0.36586720115474863,9.52343330195021
29.02427368838603,0.7499999999999992,814.2133230834894,0.37834653749483166,9.542041856257843
29.02427368838603,0.7499999999999992,814.2133230834894,0.37834653749483166,9.542041856257843
29.02427368838603,0.7499999999999992,814.2133230834894,0.37834653749483166,9.542041856257843
29.02427368838603,0.7499999999999992,814.2133230834894,0.37834653749483166,9.542041856257843
29.02427368838603,0.7499999999999992,814.2133230834894,0.37834653749483166,9.542041856257843
29.151510487091223,0.749999999999999,815.3251842802055,0.3870188728848015,9.570205955057475
29.53581844976355,0.7500000000000001,814.555784767452,0.3951041832285244,9.553534991583124
29.53581844976355,0.7500000000000001,814.555784767452,0.3951041832285244,9.553534991583124
29.53581844976355,0.7500000000000001,814.555784767452,0.3951041832285244,9.553534991583124
29.65184719796611,0.7499999999999989,812.9982003741767,0.37827543770530125,9.478600774783072
29.65184719796611,0.7499999999999989,812.9982003741767,0.37827543770530125,9.478600774783072
29.65184719796611,0.7499999999999989,812.9982003741767,0.37827543770530125,9.478600774783072
29.555959758779142,0.7499999999999991,812.2764726492192,0.37714292236121144,9.453854795927686
29.555959758779142,0.7499999999999991,812.2764726492192,0.37714292236121144,9.453854795927686
29.774684584186744,0.7499999999999999,812.4718251509007,0.4019644415893561,9.506364703117233
29.774684584186744,0.7499999999999999,812.4718251509007,0.4019644415893561,9.506364703117233
30.154818394485282,0.7499999999999998,815.4332136131525,0.44077013912929536,9.569133293638021
30.154818394485282,0.7499999999999998,815.4332136131525,0.44077013912929536,9.569133293638021
30.19345611590171,0.7499999999999988,815.6941237849896,0.4446543477468337,9.60513260447953
29.892888978814486,0.7499999999999993,813.9997968104216,0.4266721386802941,9.577618418459792
29.892888978814486,0.7499999999999993,813.9997968104216,0.4266721386802941,9.577618418459792
29.962266503920876,0.7499999999999991,817.6871300241594,0.4565042966927585,9.643551136269789
29.885283723473147,0.7499999999999997,816.4788539848536,0.43916213461773523,9.636611060170122
29.885283723473147,0.7499999999999997,816.4788539848536,0.43916213461773523,9.636611060170122
30.070534123329328,0.7499999999999988,815.584239848611,0.43977186312108396,9.610119917204523
30.070534123329328,0.7499999999999988,815.584239848611,0.43977186312108396,9.610119917204523
30.19470919400352,0.7499999999999991,818.1076769609858,0.46047406275348235,9.646329446704897
30.19738207137604,0.7499999999999999,816.4265090824647,0.470370864808642,9.623351066317401
30.100006338359325,0.749999999999999,819.4455712441861,0.4841976381843349,9.676317335159194
30.100006338359325,0.749999999999999,819.4455712441861,0.4841976381843349,9.676317335159194
30.093415463078586,0.7499999999999994,818.9880266881665,0.4675570746839425,9.686581103628388
30.093415463078586,0.7499999999999994,818.9880266881665,0.4675570746839425,9.686581103628388
29.869433613807857,0.7499999999999993,816.8846482707448,0.44235555537611837,9.602349669072686
29.869433613807857,0.7499999999999993,816.8846482707448,0.44235555537611837,9.602349669072686
29.869433613807857,0.7499999999999993,816.8846482707448,0.44235555537611837,9.602349669072686
29.869433613807857,0.7499999999999993,816.8846482707448,0.44235555537611837,9.602349669072686
29.869433613807857,0.7499999999999993,816.8846482707448,0.44235555537611837,9.602349669072686
29.72622045746612,0.7500000000000001,813.3415802667757,0.4173951255530924,9.57454914681521
29.798045947948363,0.7499999999999999,813.359299863475,0.41292953056405596,9.534186911821624
29.798045947948363,0.7499999999999999,813.359299863475,0.41292953056405596,9.534186911821624
29.798045947948363,0.7499999999999999,813.359299863475,0.41292953056405596,9.534186911821624
29.798045947948363,0.7499999999999999,813.359299863475,0.41292953056405596,9.534186911821624
29.798045947948363,0.7499999999999999,813.359299863475,0.41292953056405596,9.534186911821624
29.798045947948363,0.7499999999999999,813.359299863475,0.41292953056405596,9.534186911821624
29.798045947948363,0.7499999999999999,813.359299863475,0.41292953056405596,9.534186911821624
29.794161792410303,0.749999999999999,814.8185263400222,0.41765779215871784,9.589290676293302
29.794161792410303,0.749999999999999,814.8185263400222,0.41765779215871784,9.589290676293302
29.794161792410303,0.749999999999999,814.8185263400222,0.41765779215871784,9.589290676293302
29.794161792410303,0.749999999999999,814.8185263400222,0.41765779215871784,9.589290676293302
29.794161792410303,0.749999999999999,814.8185263400222,0.41765779215871784,9.589290676293302
29.730826362467276,0.7499999999999994,811.721227744095,0.39677745666994774,9.49755002736922
29.718522453038528,0.7499999999999989,811.743695576455,0.4075912610475928,9.540162152815498
29.470880830844497,0.7499999999999991,812.092140203114,0.40995160955545085,9.51815297691754
29.744493814010283,0.7499999999999989,809.8403955831905,0.4126372218593139,9.46855612885373
29.669077635205618,0.7499999999999999,809.9028937912875,0.42435294491071596,9.509067434338311
29.47378759044055,0.75,808.9285485953334,0.406621474213064,9.458043537734312
29.347333894553373,0.7499999999999998,811.7554393419198,0.40826548552759667,9.47811320633954
29.25597626347099,0.7499999999999996,811.0599109363159,0.42323678174325446,9.470905760653315
29.227007463765883,0.7499999999999996,806.2724721944884,0.3935797066359052,9.434023522299583
29.081917719591537,0.7499999999999989,806.0585723974245,0.3894873432091094,9.462384702662742
29.081917719591537,0.7499999999999989,806.0585723974245,0.3894873432091094,9.462384702662742
28.883542563632226,0.7499999999999996,805.2923987816002,0.38031317503484885,9.436658436453095
28.871533943886096,0.7499999999999994,809.4655701455872,0.4196866478583979,9.501808321502732
28.871533943886096,0.7499999999999994,809.4655701455872,0.4196866478583979,9.501808321502732
28.871533943886096,0.7499999999999994,809.4655701455872,0.4196866478583979,9.501808321502732
28.871533943886096,0.7499999999999994,809.4655701455872,0.4196866478583979,9.501808321502732
28.871533943886096,0.7499999999999994,809.4655701455872,0.4196866478583979,9.501808321502732
28.890001520636847,0.7499999999999998,809.9855407821879,0.41972661312443393,9.486341823247155
28.760625580992656,0.7499999999999997,812.0347905316567,0.4139285624975349,9.502536897854611
28.760625580992656,0.7499999999999997,812.0347905316567,0.4139285624975349,9.502536897854611
28.760625580992656,0.7499999999999997,812.0347905316567,0.4139285624975349,9.502536897854611
28.760625580992656,0.7499999999999997,812.0347905316567,0.4139285624975349,9.502536897854611
28.760625580992656,0.7499999999999997,812.0347905316567,0.4139285624975349,9.502536897854611
28.79838929168683,0.7499999999999994,812.3702713107625,0.41136993340395267,9.48502525407639
29.058275064217657,0.7499999999999993,809.6124042966926,0.40052438734377155,9.465380169068727
29.102190740550338,0.7499999999999997,812.8983560488634,0.4138878347604537,9.489552612519512
29.102190740550338,0.7499999999999997,812.8983560488634,0.4138878347604537,9.489552612519512
29.102190740550338,0.7499999999999997,812.8983560488634,0.4138878347604537,9.489552612519512
28.87531497949556,0.7499999999999993,815.0022988013186,0.40098885693095215,9.508325913947008
28.87531497949556,0.7499999999999993,815.0022988013186,0.40098885693095215,9.508325913947008
28.87531497949556,0.7499999999999993,815.0022988013186,0.40098885693095215,9.508325913947008
28.903902075896074,0.7499999999999986,813.7408212098458,0.3920306815071806,9.46635154621642
28.91275864298893,0.7499999999999994,812.2348386411084,0.3800061248240255,9.438532231831772
28.91275864298893,0.7499999999999994,812.2348386411084,0.3800061248240255,9.438532231831772
28.91275864298893,0.7499999999999994,812.2348386411084,0.3800061248240255,9.438532231831772
28.80183799682638,0.7499999999999998,813.1910494827536,0.3698990919959672,9.425173311016446
28.80183799682638,0.7499999999999998,813.1910494827536,0.3698990919959672,9.425173311016446
28.80183799682638,0.7499999999999998,813.1910494827536,0.3698990919959672,9.425173311016446
28.80183799682638,0.7499999999999998,813.1910494827536,0.3698990919959672,9.425173311016446
29.031804793024964,0.749999999999999,813.6891047703712,0.3921806595313543,9.458820030235861
29.031804793024964,0.749999999999999,813.6891047703712,0.3921806595313543,9.458820030235861
29.04464993340349,0.7499999999999988,812.2436816664779,0.3845082570381895,9.44966450837408
29.04464993340349,0.7499999999999988,812.2436816664779,0.3845082570381895,9.44966450837408
29.28451260463925,0.7499999999999991,813.1152858919057,0.392706733130542,9.484673711344191
29.28451260463925,0.7499999999999991,813.1152858919057,0.392706733130542,9.484673711344191
29.28451260463925,0.7499999999999991,813.1152858919057,0.392706733130542,9.484673711344191
29.43092513466152,0.7499999999999994,813.5713676098007,0.3968394394392699,9.51619365331994
29.43092513466152,0.7499999999999994,813.5713676098007,0.3968394394392699,9.51619365331994
29.43092513466152,0.7499999999999994,813.5713676098007,0.3968394394392699,9.51619365331994
29.34638547972206,0.7499999999999986,812.3650573224772,0.3872720259394201,9.527712306909967
29.256277196030517,0.7499999999999993,813.2402078704716,0.39006207580307484,9.536587766944203
29.256277196030517,0.7499999999999993,813.2402078704716,0.39006207580307484,9.536587766944203
29.41948605351234,0.7499999999999996,813.99101397756,0.4082566639963641,9.592249568660543
29.41948605351234,0.7499999999999996,813.99101397756,0.4082566639963641,9.592249568660543
29.051583643553556,0.7499999999999991,815.5266218917368,0.40379289723962025,9.60629854015238
29.017159407135747,0.7499999999999988,816.4994465346067,0.40598307533713995,9.603502933310931
29.017159407135747,0.7499999999999988,816.4994465346067,0.40598307533713995,9.603502933310931
29.017159407135747,0.7499999999999988,816.4994465346067,0.40598307533713995,9.603502933310931
29.017159407135747,0.7499999999999988,816.4994465346067,0.40598307533713995,9.603502933310931
29.017159407135747,0.7499999999999988,816.4994465346067,0.40598307533713995,9.603502933310931
29.017159407135747,0.7499999999999988,816.4994465346067,0.40598307533713995,9.603502933310931
28.598440082135298,0.7500000000000001,818.4473516737124,0.4106890998020655,9.64250078148206
28.651799906024497,0.7499999999999994,819.1034258588641,0.4029087799860013,9.63628589392951
28.651799906024497,0.7499999999999994,819.1034258588641,0.4029087799860013,9.63628589392951
28.651799906024497,0.7499999999999994,819.1034258588641,0.4029087799860013,9.63628589392951
28.651799906024497,0.7499999999999994,819.1034258588641,0.4029087799860013,9.63628589392951
28.651799906024497,0.7499999999999994,819.1034258588641,0.4029087799860013,9.63628589392951
28.651799906024497,0.7499999999999994,819.1034258588641,0.4029087799860013,9.63628589392951
28.836204872546293,0.7499999999999997,819.1955431104425,0.40176897537147405,9.660992589968291
28.731539488004703,0.75,816.6082773496064,0.39485548179707486,9.646144078257734
28.72184252602706,0.7499999999999983,814.6914585823214,0.3778504348468001,9.616832944045422
28.603592874201873,0.7499999999999996,815.8142230323568,0.37412225272353633,9.6177084359794
28.591586824428457,0.7499999999999996,813.2270462171512,0.37169249282495903,9.612705747076356
28.591586824428457,0.7499999999999996,813.2270462171512,0.37169249282495903,9.612705747076356
28.591586824428457,0.7499999999999996,813.2270462171512,0.37169249282495903,9.612705747076356
28.591586824428457,0.7499999999999996,813.2270462171512,0.37169249282495903,9.612705747076356
28.72267414878027,0.7499999999999996,811.5950933563142,0.36478506526421706,9.605930717113406
28.72267414878027,0.7499999999999996,811.5950933563142,0.36478506526421706,9.605930717113406
28.72267414878027,0.7499999999999996,811.5950933563142,0.36478506526421706,9.605930717113406
28.725267876309278,0.7499999999999992,812.022048317633,0.37214146977578927,9.583685250014614
28.725267876309278,0.7499999999999992,812.022048317633,0.37214146977578927,9.583685250014614
28.725267876309278,0.7499999999999992,812.022048317633,0.37214146977578927,9.583685250014614
28.725267876309278,0.7499999999999992,812.022048317633,0.37214146977578927,9.583685250014614
28.725267876309278,0.7499999999999992,812.022048317633,0.37214146977578927,9.583685250014614
28.751954966644576,0.7499999999999991,810.6634928697431,0.3756257723871588,9.572751108397734
28.751954966644576,0.7499999999999991,810.6634928697431,0.3756257723871588,9.572751108397734
28.751954966644576,0.7499999999999991,810.6634928697431,0.3756257723871588,9.572751108397734
28.751954966644576,0.7499999999999991,810.6634928697431,0.3756257723871588,9.572751108397734
28.64100534416305,0.7499999999999986,811.6483482406747,0.3781998910718723,9.553680857088287
28.490911522198736,0.7499999999999996,810.7075063633156,0.38478520462838206,9.559796215796315
28.669153299402765,0.7499999999999992,810.1713249571682,0.3975754445446515,9.550433687604917
28.63918220495152,0.7499999999999996,809.5878574974922,0.386262485811182,9.522316631978693
28.63918220495152,0.7499999999999996,809.5878574974922,0.386262485811182,9.522316631978693
28.63918220495152,0.7499999999999996,809.5878574974922,0.386262485811182,9.522316631978693
28.63918220495152,0.7499999999999996,809.5878574974922,0.386262485811182,9.522316631978693
28.54773995139216,0.749999999999999,808.6335426777945,0.3745028493720743,9.495795226575328
28.414271715505063,0.7499999999999988,807.8122066872934,0.3751636049776197,9.522495422898483
28.414271715505063,0.7499999999999988,807.8122066872934,0.3751636049776197,9.522495422898483
28.414271715505063,0.7499999999999988,807.8122066872934,0.3751636049776197,9.522495422898483
28.414271715505063,0.7499999999999988,807.8122066872934,0.3751636049776197,9.522495422898483
28.414271715505063,0.7499999999999988,807.8122066872934,0.3751636049776197,9.522495422898483
28.414271715505063,0.7499999999999988,807.8122066872934,0.3751636049776197,9.522495422898483
28.414271715505063,0.7499999999999988,807.8122066872934,0.3751636049776197,9.522495422898483
28.414271715505063,0.7499999999999988,807.8122066872934,0.3751636049776197,9.522495422898483
28.414271715505063,0.7499999999999988,807.8122066872934,0.3751636049776197,9.522495422898483
28.46619227501501,0.7499999999999996,808.4673190346654,0.39177286171702896,9.538358255757768
28.303796185739163,0.7499999999999991,807.9482225886304,0.40672674746450443,9.52808261331893
28.303796185739163,0.7499999999999991,807.9482225886304,0.40672674746450443,9.52808261331893
28.332495797009624,0.7499999999999998,806.0749701511993,0.3872136179630187,9.550619824807294
28.332495797009624,0.7499999999999998,806.0749701511993,0.3872136179630187,9.550619824807294
28.332495797009624,0.7499999999999998,806.0749701511993,0.3872136179630187,9.550619824807294
28.332495797009624,0.7499999999999998,806.0749701511993,0.3872136179630187,9.550619824807294
28.332495797009624,0.7499999999999998,806.0749701511993,0.3872136179630187,9.550619824807294
28.332495797009624,0.7499999999999998,806.0749701511993,0.3872136179630187,9.550619824807294
28.332495797009624,0.7499999999999998,806.0749701511993,0.3872136179630187,9.550619824807294
28.0738514402021,0.7499999999999997,803.8613079087479,0.3686003862523613,9.516618830352083
27.756794428939685,0.7499999999999997,804.1886413526954,0.35457502487415693,9.47457241756645
27.756794428939685,0.7499999999999997,804.1886413526954,0.35457502487415693,9.47457241756645
27.674153030539912,0.75,804.5509790059327,0.3588097130107049,9.470673407733589
28.086908966995423,0.7499999999999992,803.968981033363,0.3587590121261057,9.492021968666393
28.086908966995423,0.7499999999999992,803.968981033363,0.3587590121261057,9.492021968666393
28.126912293661192,0.7499999999999991,803.7736064429615,0.35486198577515776,9.485492540869526
28.126912293661192,0.7499999999999991,803.7736064429615,0.35486198577515776,9.485492540869526
28.20220882242627,0.7499999999999998,802.1501577272763,0.3410296001862275,9.415986535085958
28.20220882242627,0.7499999999999998,802.1501577272763,0.3410296001862275,9.415986535085958
28.162886266433805,0.7499999999999997,802.7715975789258,0.3648660346866818,9.39104350467134
28.162886266433805,0.7499999999999997,802.7715975789258,0.3648660346866818,9.39104350467134
28.162886266433805,0.7499999999999997,802.7715975789258,0.3648660346866818,9.39104350467134
28.162886266433805,0.7499999999999997,802.7715975789258,0.3648660346866818,9.39104350467134
28.40185423055775,0.749999999999999,801.3927172640207,0.36118786529845776,9.41091507744068
28.40185423055775,0.749999999999999,801.3927172640207,0.36118786529845776,9.41091507744068
28.641256867675086,0.7499999999999992,800.954516732821,0.3937289724347008,9.405571365297373
28.641256867675086,0.7499999999999992,800.954516732821,0.3937289724347008,9.405571365297373
28.641256867675086,0.7499999999999992,800.954516732821,0.3937289724347008,9.405571365297373
28.641256867675086,0.7499999999999992,800.954516732821,0.3937289724347008,9.405571365297373
28.641256867675086,0.7499999999999992,800.954516732821,0.3937289724347008,9.405571365297373
28.673527872839422,0.7499999999999988,801.8117549704606,0.40577739286302544,9.446989542007211
29.0233353264356,0.7499999999999992,801.3225395685644,0.42571154887525564,9.492867550721897
29.006625611661484,0.7499999999999994,799.2924532607966,0.4155438092279219,9.472614717118029
29.006625611661484,0.7499999999999994,799.2924532607966,0.4155438092279219,9.472614717118029
29.39816077737272,0.7499999999999996,798.9066568415003,0.44655509094174106,9.504739595046875
29.39816077737272,0.7499999999999996,798.9066568415003,0.44655509094174106,9.504739595046875
29.441696708479274,0.749999999999999,797.6152784046701,0.4283231510112573,9.506501310099802
29.590445069671375,0.7499999999999991,796.3632078433641,0.4311240942666324,9.492087700890526
29.590445069671375,0.7499999999999991,796.3632078433641,0.4311240942666324,9.492087700890526
29.590445069671375,0.7499999999999991,796.3632078433641,0.4311240942666324,9.492087700890526
29.590445069671375,0.7499999999999991,796.3632078433641,0.4311240942666324,9.492087700890526
29.590445069671375,0.7499999999999991,796.3632078433641,0.4311240942666324,9.492087700890526
29.590445069671375,0.7499999999999991,796.3632078433641,0.4311240942666324,9.492087700890526
29.590445069671375,0.7499999999999991,796.3632078433641,0.4311240942666324,9.492087700890526
29.590445069671375,0.7499999999999991,796.3632078433641,0.4311240942666324,9.492087700890526
29.590445069671375,0.7499999999999991,796.3632078433641,0.4311240942666324,9.492087700890526
29.678280295752778,0.7499999999999992,796.8845882390572,0.4340160940672797,9.491359921545472
29.678280295752778,0.7499999999999992,796.8845882390572,0.4340160940672797,9.491359921545472
29.678280295752778,0.7499999999999992,796.8845882390572,0.4340160940672797,9.491359921545472
29.678280295752778,0.7499999999999992,796.8845882390572,0.4340160940672797,9.491359921545472
29.62889483431386,0.7499999999999988,795.5930155651272,0.4200507545549295,9.466130862557208
29.527660246301263,0.7499999999999983,796.4954207150297,0.3780880337353296,9.460379095935366
29.55025999011357,0.7499999999999994,796.6337522191784,0.3877473989939212,9.428181701389956
29.55025999011357,0.7499999999999994,796.6337522191784,0.3877473989939212,9.428181701389956
29.55025999011357,0.7499999999999994,796.6337522191784,0.3877473989939212,9.428181701389956
29.297515917415026,0.7499999999999993,793.3924324765554,0.35370202714920196,9.357670595181784
29.44958953461705,0.7499999999999991,792.9908270578227,0.3636536145791506,9.39012755591375
29.44958953461705,0.7499999999999991,792.9908270578227,0.3636536145791506,9.39012755591375
29.44958953461705,0.7499999999999991,792.9908270578227,0.3636536145791506,9.39012755591375
29.44958953461705,0.7499999999999991,792.9908270578227,0.3636536145791506,9.39012755591375
29.44958953461705,0.7499999999999991,792.9908270578227,0.3636536145791506,9.39012755591375
29.73998718470166,0.7499999999999989,792.0778506544773,0.38528911042836816,9.391849376433305
29.73998718470166,0.7499999999999989,792.0778506544773,0.38528911042836816,9.391849376433305
29.717597024528363,0.7499999999999994,792.9445608287282,0.3784504855579573,9.405013076760383
29.717597024528363,0.7499999999999994,792.9445608287282,0.3784504855579573,9.405013076760383
29.717597024528363,0.7499999999999994,792.9445608287282,0.3784504855579573,9.405013076760383
29.717597024528363,0.7499999999999994,792.9445608287282,0.3784504855579573,9.405013076760383
29.717597024528363,0.7499999999999994,792.9445608287282,0.3784504855579573,9.405013076760383
29.717597024528363,0.7499999999999994,792.9445608287282,0.3784504855579573,9.405013076760383
29.717597024528363,0.7499999999999994,792.9445608287282,0.3784504855579573,9.405013076760383
29.96644043240953,0.7499999999999987,792.2725461377942,0.3817489443155012,9.419267371690092
29.96644043240953,0.7499999999999987,792.2725461377942,0.3817489443155012,9.419267371690092
29.96644043240953,0.7499999999999987,792.2725461377942,0.3817489443155012,9.419267371690092
29.858814617576076,0.7499999999999983,791.4077532082387,0.3784787570564063,9.392719177855895
29.780181011580083,0.7499999999999994,792.5201396440779,0.35181036847517,9.419747139668525
29.780181011580083,0.7499999999999994,792.5201396440779,0.35181036847517,9.419747139668525
29.780181011580083,0.7499999999999994,792.5201396440779,0.35181036847517,9.419747139668525
29.780181011580083,0.7499999999999994,792.5201396440779,0.35181036847517,9.419747139668525
29.58893053766516,0.749999999999999,792.1217413109122,0.3641551265610475,9.39852889797053
29.58893053766516,0.749999999999999,792.1217413109122,0.3641551265610475,9.39852889797053
29.58893053766516,0.749999999999999,792.1217413109122,0.3641551265610475,9.39852889797053
29.58893053766516,0.749999999999999,792.1217413109122,0.3641551265610475,9.39852889797053
29.58893053766516,0.749999999999999,792.1217413109122,0.3641551265610475,9.39852889797053
29.225263176446145,0.7499999999999994,792.0121529105502,0.3502915716313466,9.381810442524033
29.225263176446145,0.7499999999999994,792.0121529105502,0.3502915716313466,9.381810442524033
29.225263176446145,0.7499999999999994,792.0121529105502,0.3502915716313466,9.381810442524033
29.225263176446145,0.7499999999999994,792.0121529105502,0.3502915716313466,9.381810442524033
29.57470673047714,0.7500000000000001,792.0510636901495,0.387119532314308,9.409722209829487
29.634055340658964,0.7499999999999997,793.8823795545493,0.3909942335849269,9.50058547020142
29.679006930457838,0.7499999999999998,794.4439945757745,0.4205509787323172,9.51470274410588
29.679006930457838,0.7499999999999998,794.4439945757745,0.4205509787323172,9.51470274410588
29.323883997202234,0.749999999999999,795.3856965388554,0.38780142427635067,9.495159251468618
29.300989347656035,0.7500000000000001,797.4131844800708,0.41296339987300296,9.509073678705851
29.300989347656035,0.7500000000000001,797.4131844800708,0.41296339987300296,9.509073678705851
29.300989347656035,0.7500000000000001,797.4131844800708,0.41296339987300296,9.509073678705851
29.198510355261313,0.7499999999999997,796.6317093837745,0.383418948168681,9.476117227418424
29.198510355261313,0.7499999999999997,796.6317093837745,0.383418948168681,9.476117227418424
28.951415014361043,0.7499999999999983,794.7607042239766,0.36840845970122094,9.475833687947837
28.91205728116352,0.7499999999999997,796.7031057909998,0.36157875241594956,9.529447612375245
29.076938688222228,0.7499999999999989,794.8919258020491,0.35855245792768575,9.456379511607064
29.076938688222228,0.7499999999999989,794.8919258020491,0.35855245792768575,9.456379511607064
29.076938688222228,0.7499999999999989,794.8919258020491,0.35855245792768575,9.456379511607064
29.076938688222228,0.7499999999999989,794.8919258020491,0.35855245792768575,9.456379511607064
28.770771095685443,0.7499999999999997,797.2766104941284,0.35145057546923986,9.466440716172889
28.770771095685443,0.7499999999999997,797.2766104941284,0.35145057546923986,9.466440716172889
28.770771095685443,0.7499999999999997,797.2766104941284,0.35145057546923986,9.466440716172889
28.97206258414816,0.7499999999999999,799.2961589626454,0.3819312206049022,9.523756739551493
28.97206258414816,0.7499999999999999,799.2961589626454,0.3819312206049022,9.523756739551493
28.97206258414816,0.7499999999999999,799.2961589626454,0.3819312206049022,9.523756739551493
28.97206258414816,0.7499999999999999,799.2961589626454,0.3819312206049022,9.523756739551493
29.10238073397473,0.75,798.9205240396593,0.37860065287397665,9.594670819395883
29.10238073397473,0.75,798.9205240396593,0.37860065287397665,9.594670819395883
29.10238073397473,0.75,798.9205240396593,0.37860065287397665,9.594670819395883
29.08272926749656,0.7499999999999993,799.7316018393805,0.3808063538930982,9.604371845261218
29.08272926749656,0.7499999999999993,799.7316018393805,0.3808063538930982,9.604371845261218
29.263948124578267,0.7499999999999989,799.0219474549926,0.37859419889459767,9.642366437052425
29.2096295866476,0.75,798.9560646041831,0.36949827318808764,9.627597250357002
29.2096295866476,0.75,798.9560646041831,0.36949827318808764,9.627597250357002
28.973564377923488,0.7499999999999983,798.1314634951777,0.37248384060167816,9.617564708861781
28.973564377923488,0.7499999999999983,798.1314634951777,0.37248384060167816,9.617564708861781
28.824061023956407,0.7499999999999996,798.3979804917088,0.36120317314277817,9.589669615790617
28.824061023956407,0.7499999999999996,798.3979804917088,0.36120317314277817,9.589669615790617
29.000864349252165,0.7499999999999994,798.7600720899012,0.36455503903754766,9.623129822131949
29.000864349252165,0.7499999999999994,798.7600720899012,0.36455503903754766,9.623129822131949
29.10702059310747,0.7499999999999994,797.5884114941724,0.3772105832666143,9.621141412951593
29.10702059310747,0.7499999999999994,797.5884114941724,0.3772105832666143,9.621141412951593
29.10702059310747,0.7499999999999994,797.5884114941724,0.3772105832666143,9.621141412951593
29.10702059310747,0.7499999999999994,797.5884114941724,0.3772105832666143,9.621141412951593
29.10702059310747,0.7499999999999994,797.5884114941724,0.3772105832666143,9.621141412951593
29.01105359415314,0.749999999999999,796.504525001525,0.37130491764464313,9.588475025466655
29.139560315083248,0.7499999999999988,796.5570213075348,0.3914887299201573,9.561630272977615
29.139560315083248,0.7499999999999988,796.5570213075348,0.3914887299201573,9.561630272977615
29.139560315083248,0.7499999999999988,796.5570213075348,0.3914887299201573,9.561630272977615
29.139560315083248,0.7499999999999988,796.5570213075348,0.3914887299201573,9.561630272977615
29.139560315083248,0.7499999999999988,796.5570213075348,0.3914887299201573,9.561630272977615
29.254951616480632,0.7499999999999989,797.2392592719485,0.38566623534242794,9.578765990350849
29.254951616480632,0.7499999999999989,797.2392592719485,0.38566623534242794,9.578765990350849
29.254951616480632,0.7499999999999989,797.2392592719485,0.38566623534242794,9.578765990350849
28.786968970077925,0.7499999999999994,797.2558478491725,0.3659202309018389,9.569595215646023
28.786968970077925,0.7499999999999994,797.2558478491725,0.3659202309018389,9.569595215646023
28.786968970077925,0.7499999999999994,797.2558478491725,0.3659202309018389,9.569595215646023
28.786968970077925,0.7499999999999994,797.2558478491725,0.3659202309018389,9.569595215646023
28.786968970077925,0.7499999999999994,797.2558478491725,0.3659202309018389,9.569595215646023
28.786968970077925,0.7499999999999994,797.2558478491725,0.3659202309018389,9.569595215646023
28.556106232829453,0.749999999999999,798.6612647267077,0.3530771448973147,9.508574150596655
28.114475569942037,0.7499999999999992,799.7364962718403,0.32430037652296645,9.448876923638954
27.95305232856376,0.7499999999999988,801.6572369194852,0.32991428190447936,9.444380479816946
27.95305232856376,0.7499999999999988,801.6572369194852,0.32991428190447936,9.444380479816946
27.95305232856376,0.7499999999999988,801.6572369194852,0.32991428190447936,9.444380479816946
28.04441467815386,0.7499999999999999,800.1859632041585,0.34239853553765903,9.3817146931991
27.96107946697746,0.7499999999999987,800.5739519711235,0.3434911522077549,9.382989968888245
27.82148828186359,0.7499999999999988,801.3436961866125,0.3417139348056415,9.38423467290741
27.82148828186359,0.7499999999999988,801.3436961866125,0.3417139348056415,9.38423467290741
27.82148828186359,0.7499999999999988,801.3436961866125,0.3417139348056415,9.38423467290741
27.82148828186359,0.7499999999999988,801.3436961866125,0.3417139348056415,9.38423467290741
27.906264234062508,0.7499999999999996,799.9041864115015,0.35056711401317703,9.376104679209664
27.842510915312115,0.7499999999999994,803.4556698188218,0.3656132879097436,9.409881423835705
27.842510915312115,0.7499999999999994,803.4556698188218,0.3656132879097436,9.409881423835705
27.75253339374866,0.7499999999999977,803.6108137902207,0.34711820473649946,9.430654681847198
27.705366101258857,0.7499999999999991,801.6243928778197,0.332015061390786,9.362121782116215
27.815953477467126,0.7499999999999994,801.317738014909,0.3605103948920307,9.388980913697083
27.815953477467126,0.7499999999999994,801.317738014909,0.3605103948920307,9.388980913697083
27.777169071097305,0.7499999999999994,800.9079315343214,0.3345904965563842,9.383127058129386
27.759464018195676,0.7499999999999992,800.4399679492659,0.3302763339660788,9.34822415580625
27.759464018195676,0.7499999999999992,800.4399679492659,0.3302763339660788,9.34822415580625
27.43215350092083,0.7499999999999998,800.8654036306037,0.31151638643449825,9.343071206846181
27.29993104135049,0.7499999999999996,802.1923386002683,0.32069155635948376,9.331058755084637
27.29993104135049,0.7499999999999996,802.1923386002683,0.32069155635948376,9.331058755084637
27.29993104135049,0.7499999999999996,802.1923386002683,0.32069155635948376,9.331058755084637
27.410785280867273,0.7499999999999986,803.130957857939,0.3415586605652287,9.322417358563325
27.56174651111413,0.7499999999999987,804.0702267777359,0.34295007295452834,9.38184666562278
27.469092162384346,0.7499999999999997,804.6363259485304,0.34095848016218433,9.392518594934653
27.35819062612149,0.749999999999999,807.0416188020251,0.347909721793148,9.439087406362592
27.35819062612149,0.749999999999999,807.0416188020251,0.347909721793148,9.439087406362592
27.35819062612149,0.749999999999999,807.0416188020251,0.347909721793148,9.439087406362592
27.35819062612149,0.749999999999999,807.0416188020251,0.347909721793148,9.439087406362592
27.449924974709642,0.7499999999999992,806.2152288062748,0.3360413392266584,9.431520597184257
27.593557451578572,0.7499999999999988,806.528849334356,0.35221792394190976,9.446106006972261
27.593557451578572,0.7499999999999988,806.528849334356,0.35221792394190976,9.446106006972261
27.610605972408706,0.7499999999999997,805.2243997530102,0.3745628537750966,9.443714513960293
27.610605972408706,0.7499999999999997,805.2243997530102,0.3745628537750966,9.443714513960293
27.6561123825585,0.7499999999999989,805.7615996945726,0.3911578965267581,9.428237066919536
27.87069416615175,0.75,804.4009992132661,0.4118568736820603,9.377900968123214
27.87069416615175,0.75,804.4009992132661,0.4118568736820603,9.377900968123214
27.87069416615175,0.75,804.4009992132661,0.4118568736820603,9.377900968123214
27.916899614826495,0.7499999999999994,803.8821950658433,0.4085117246393652,9.331690529100323
27.916899614826495,0.7499999999999994,803.8821950658433,0.4085117246393652,9.331690529100323
27.916899614826495,0.7499999999999994,803.8821950658433,0.4085117246393652,9.331690529100323
27.916899614826495,0.7499999999999994,803.8821950658433,0.4085117246393652,9.331690529100323
28.053547643777947,0.7499999999999997,802.7762329690361,0.4128287843502257,9.330833114445642
28.156314892806634,0.7499999999999987,802.4540052381825,0.37968000390021167,9.345964803964913
28.156314892806634,0.7499999999999987,802.4540052381825,0.37968000390021167,9.345964803964913
28.156314892806634,0.7499999999999987,802.4540052381825,0.37968000390021167,9.345964803964913
28.40471655124498,0.7499999999999997,802.8250332709915,0.3784693867879421,9.332946600540023
28.40471655124498,0.7499999999999997,802.8250332709915,0.3784693867879421,9.332946600540023
28.40471655124498,0.7499999999999997,802.8250332709915,0.3784693867879421,9.332946600540023
28.40471655124498,0.7499999999999997,802.8250332709915,0.3784693867879421,9.332946600540023
28.35093943227385,0.7499999999999992,801.9316395331248,0.37585436351501456,9.322668115156436
28.35093943227385,0.7499999999999992,801.9316395331248,0.37585436351501456,9.322668115156436
28.38948184470292,0.749999999999999,802.1211991904598,0.3723711596553331,9.36708378270933
28.38948184470292,0.749999999999999,802.1211991904598,0.3723711596553331,9.36708378270933
28.38948184470292,0.749999999999999,802.1211991904598,0.3723711596553331,9.36708378270933
28.38948184470292,0.749999999999999,802.1211991904598,0.3723711596553331,9.36708378270933
28.359491566271576,0.749999999999999,802.9482811689498,0.38500434531333355,9.393886912641486
28.359491566271576,0.749999999999999,802.9482811689498,0.38500434531333355,9.393886912641486
28.359491566271576,0.749999999999999,802.9482811689498,0.38500434531333355,9.393886912641486
28.344267402487304,0.75,800.9760323819085,0.3714298057741108,9.405267958096928
28.218992111140604,0.7499999999999997,800.4587442832473,0.34454192743570644,9.424687889161717
28.141169210685486,0.7500000000000002,801.8111057730841,0.3474667803274648,9.467464730872326
28.141169210685486,0.7500000000000002,801.8111057730841,0.3474667803274648,9.467464730872326
28.141169210685486,0.7500000000000002,801.8111057730841,0.3474667803274648,9.467464730872326
28.28546862376618,0.7499999999999981,803.7239644866675,0.3438328457184653,9.448270139975325
28.28546862376618,0.7499999999999981,803.7239644866675,0.3438328457184653,9.448270139975325
28.176406610312373,0.7499999999999993,806.5223149031659,0.3518457187683549,9.438536236591432
28.18148358953013,0.7499999999999997,806.1827320991285,0.3368217169441114,9.460199940043296
28.18148358953013,0.7499999999999997,806.1827320991285,0.3368217169441114,9.460199940043296
28.06522916981358,0.7500000000000003,805.0591084945603,0.33031843489139934,9.473359150195
28.06522916981358,0.7500000000000003,805.0591084945603,0.33031843489139934,9.473359150195
28.06522916981358,0.7500000000000003,805.0591084945603,0.33031843489139934,9.473359150195
28.06522916981358,0.7500000000000003,805.0591084945603,0.33031843489139934,9.473359150195
27.85146893732674,0.7499999999999989,806.2795874006745,0.3337335099635767,9.475253099657186
28.23389795896818,0.7499999999999992,805.5417949498583,0.346480237853616,9.531067840689236
28.23389795896818,0.7499999999999992,805.5417949498583,0.346480237853616,9.531067840689236
28.23389795896818,0.7499999999999992,805.5417949498583,0.346480237853616,9.531067840689236
28.23389795896818,0.7499999999999992,805.5417949498583,0.346480237853616,9.531067840689236
28.08369215891826,0.7499999999999993,805.9292907764267,0.3430610795850212,9.518199070734516
28.08369215891826,0.7499999999999993,805.9292907764267,0.3430610795850212,9.518199070734516
28.063416474838938,0.7499999999999997,802.1258051318584,0.32037628017966435,9.45058271563037
28.063416474838938,0.7499999999999997,802.1258051318584,0.32037628017966435,9.45058271563037
28.063416474838938,0.7499999999999997,802.1258051318584,0.32037628017966435,9.45058271563037
28.144270478555473,0.749999999999999,803.678609868965,0.32726433175032327,9.452470014003675
28.144270478555473,0.749999999999999,803.678609868965,0.32726433175032327,9.452470014003675
28.09562810211603,0.7499999999999988,803.573574253249,0.32935038889770574,9.42360447618896
28.09562810211603,0.7499999999999988,803.573574253249,0.32935038889770574,9.42360447618896
28.09562810211603,0.7499999999999988,803.573574253249,0.32935038889770574,9.42360447618896
28.09562810211603,0.7499999999999988,803.573574253249,0.32935038889770574,9.42360447618896
28.09562810211603,0.7499999999999988,803.573574253249,0.32935038889770574,9.42360447618896
28.09562810211603,0.7499999999999988,803.573574253249,0.32935038889770574,9.42360447618896
28.17730486112343,0.7499999999999991,801.652767147562,0.3408774209718369,9.418688966018689
28.17730486112343,0.7499999999999991,801.652767147562,0.3408774209718369,9.418688966018689
28.17730486112343,0.7499999999999991,801.652767147562,0.3408774209718369,9.418688966018689
28.17730486112343,0.7499999999999991,801.652767147562,0.3408774209718369,9.418688966018689
28.17730486112343,0.7499999999999991,801.652767147562,0.3408774209718369,9.418688966018689
28.17730486112343,0.7499999999999991,801.652767147562,0.3408774209718369,9.418688966018689
28.23238500919253,0.749999999999999,802.5290666388262,0.35607822661685745,9.413857795340519
28.23238500919253,0.749999999999999,802.5290666388262,0.35607822661685745,9.413857795340519
28.23238500919253,0.749999999999999,802.5290666388262,0.35607822661685745,9.413857795340519
28.23238500919253,0.749999999999999,802.5290666388262,0.35607822661685745,9.413857795340519
28.23238500919253,0.749999999999999,802.5290666388262,0.35607822661685745,9.413857795340519
28.237184494601006,0.7499999999999999,803.3323168670613,0.3656315435123445,9.406509622686258
28.2154011405858,0.7499999999999992,802.5045060004295,0.3485377658681217,9.40524738556023
28.2154011405858,0.7499999999999992,802.5045060004295,0.3485377658681217,9.40524738556023
28.50080064895779,0.7499999999999989,803.7172661547752,0.37543280124238887,9.406515238409188
28.50080064895779,0.7499999999999989,803.7172661547752,0.37543280124238887,9.406515238409188
28.50080064895779,0.7499999999999989,803.7172661547752,0.37543280124238887,9.406515238409188
28.50080064895779,0.7499999999999989,803.7172661547752,0.37543280124238887,9.406515238409188
28.50080064895779,0.7499999999999989,803.7172661547752,0.37543280124238887,9.406515238409188
28.679389214543622,0.7499999999999988,803.0504660476165,0.3885210322584288,9.428799945580272
28.679389214543622,0.7499999999999988,803.0504660476165,0.3885210322584288,9.428799945580272
28.80585470226085,0.7499999999999998,803.4001736610116,0.3759146884914238,9.452734185667932
28.80585470226085,0.7499999999999998,803.4001736610116,0.3759146884914238,9.452734185667932
28.80585470226085,0.7499999999999998,803.4001736610116,0.3759146884914238,9.452734185667932
28.93493678259978,0.7500000000000001,804.6043730981028,0.37522660907310623,9.467696305597666
29.24261999487915,0.75,802.6572771641354,0.39051943192212085,9.490224207396562
29.24261999487915,0.75,802.6572771641354,0.39051943192212085,9.490224207396562
29.24261999487915,0.75,802.6572771641354,0.39051943192212085,9.490224207396562
29.24261999487915,0.75,802.6572771641354,0.39051943192212085,9.490224207396562
29.197295233413676,0.7499999999999992,802.7010879924896,0.38573542086339896,9.4847000538493
29.197295233413676,0.7499999999999992,802.7010879924896,0.38573542086339896,9.4847000538493
29.369176837885885,0.7499999999999994,800.7702528041647,0.41139613283122406,9.460573919089367
29.690854065316557,0.7499999999999987,802.5967266416005,0.41087757294305444,9.503117499124912
29.690854065316557,0.7499999999999987,802.5967266416005,0.41087757294305444,9.503117499124912
29.830891943266554,0.7499999999999996,803.0225093864908,0.4243550486859195,9.529218072442074
29.830891943266554,0.7499999999999996,803.0225093864908,0.4243550486859195,9.529218072442074
29.830891943266554,0.7499999999999996,803.0225093864908,0.4243550486859195,9.529218072442074
30.086716991809517,0.7499999999999996,804.6975767614942,0.4437390426994005,9.596612762123836
30.148753064612105,0.749999999999999,804.5307077244602,0.4395568030668321,9.57942341881152
30.148753064612105,0.749999999999999,804.5307077244602,0.4395568030668321,9.57942341881152
30.148753064612105,0.749999999999999,804.5307077244602,0.4395568030668321,9.57942341881152
30.148753064612105,0.749999999999999,804.5307077244602,0.4395568030668321,9.57942341881152
30.148753064612105,0.749999999999999,804.5307077244602,0.4395568030668321,9.57942341881152
29.97196037311506,0.7499999999999999,805.7574707406812,0.4372798041101772,9.576327635163821
29.97196037311506,0.7499999999999999,805.7574707406812,0.4372798041101772,9.576327635163821
30.05334399829477,0.7499999999999997,805.9878757106504,0.43313690612790157,9.539818702124744
29.94792042960505,0.7499999999999991,804.8252467934344,0.4288936701908866,9.52877731010393
30.00768914198806,0.749999999999999,803.6401745248601,0.4360020558473552,9.518826974167458
30.03853499105805,0.7499999999999992,805.5261903074058,0.44317778809166125,9.552338415219088
30.255446038478738,0.7499999999999987,805.8063753641162,0.45062859724561943,9.587699835723907
30.241284388531138,0.7499999999999991,804.5550876127708,0.45594162429266716,9.608166777569934
30.29815119090324,0.7499999999999997,802.343975604549,0.4477849959332316,9.58698443944824
30.29815119090324,0.7499999999999997,802.343975604549,0.4477849959332316,9.58698443944824
29.998401529903223,0.7499999999999994,801.756316653691,0.43878712109599455,9.548252044854603
30.298441302619462,0.7499999999999998,804.1012126497812,0.45481368834643204,9.594799941503656
30.16069739530523,0.7499999999999989,803.6287140577808,0.4547266311129388,9.557168185968703
30.098581623064483,0.749999999999999,802.9082650717166,0.4263606331200594,9.579371110302827
30.24683506473029,0.7499999999999991,804.0931624171745,0.44210735487688296,9.608945146452461
30.24683506473029,0.7499999999999991,804.0931624171745,0.44210735487688296,9.608945146452461
30.24683506473029,0.7499999999999991,804.0931624171745,0.44210735487688296,9.608945146452461
30.24683506473029,0.7499999999999991,804.0931624171745,0.44210735487688296,9.608945146452461
30.24683506473029,0.7499999999999991,804.0931624171745,0.44210735487688296,9.608945146452461
30.24683506473029,0.7499999999999991,804.0931624171745,0.44210735487688296,9.608945146452461
30.24683506473029,0.7499999999999991,804.0931624171745,0.44210735487688296,9.608945146452461
30.24683506473029,0.7499999999999991,804.0931624171745,0.44210735487688296,9.608945146452461
30.24683506473029,0.7499999999999991,804.0931624171745,0.44210735487688296,9.608945146452461
30.23587883882312,0.7499999999999993,801.9136084453612,0.4092276468528962,9.598039542976583
30.23587883882312,0.7499999999999993,801.9136084453612,0.4092276468528962,9.598039542976583
30.200299494385366,0.7499999999999994,801.3065139463481,0.41780335221555487,9.57547351803257
30.200299494385366,0.7499999999999994,801.3065139463481,0.41780335221555487,9.57547351803257
30.200299494385366,0.7499999999999994,801.3065139463481,0.41780335221555487,9.57547351803257
30.200299494385366,0.7499999999999994,801.3065139463481,0.41780335221555487,9.57547351803257
30.228752475676274,0.7499999999999999,801.6137975291953,0.42370119769800335,9.562841236438336
30.228752475676274,0.7499999999999999,801.6137975291953,0.42370119769800335,9.562841236438336
30.02306727115572,0.7499999999999983,801.4612456152745,0.4018834943580505,9.518070900479035
30.02306727115572,0.7499999999999983,801.4612456152745,0.4018834943580505,9.518070900479035
30.02306727115572,0.7499999999999983,801.4612456152745,0.4018834943580505,9.518070900479035
30.02306727115572,0.7499999999999983,801.4612456152745,0.4018834943580505,9.518070900479035
30.084996154631938,0.7499999999999998,800.7010916070226,0.39607646699464977,9.49342212965011
30.111467540444078,0.7499999999999988,800.923425729361,0.3763874231091252,9.476394676556103
30.154323810271734,0.7499999999999997,800.8416142872843,0.38034102743300935,9.447417578192349
30.342711491789984,0.7499999999999997,801.8251804613653,0.402948075229286,9.550350330495789
30.193830307081978,0.7499999999999987,805.21181789776,0.4032966434635096,9.544250204926248
30.34467230163074,0.7499999999999997,805.2805980426101,0.41983021770628254,9.565952688104398
30.28644976253936,0.7499999999999994,804.6216620484741,0.4104769176914356,9.481101104440182
30.351462665675726,0.7499999999999998,803.9533265345918,0.4062124136940975,9.466882442118173
30.351462665675726,0.7499999999999998,803.9533265345918,0.4062124136940975,9.466882442118173
30.351462665675726,0.7499999999999998,803.9533265345918,0.4062124136940975,9.466882442118173
30.351462665675726,0.7499999999999998,803.9533265345918,0.4062124136940975,9.466882442118173
30.211151792642003,0.7499999999999988,801.9498077801826,0.41030937367219383,9.406323076696784
30.295944509516808,0.7499999999999991,799.9620015041526,0.40765202589205507,9.393616210588268
30.295944509516808,0.7499999999999991,799.9620015041526,0.40765202589205507,9.393616210588268
30.295944509516808,0.7499999999999991,799.9620015041526,0.40765202589205507,9.393616210588268
30.343730897152984,0.7499999999999997,802.5931978820408,0.4423785940966226,9.424888522387516
30.313563959886544,0.7499999999999994,801.6563899957888,0.443394562404513,9.450762857524555
30.313563959886544,0.7499999999999994,801.6563899957888,0.443394562404513,9.450762857524555
30.313563959886544,0.7499999999999994,801.6563899957888,0.443394562404513,9.450762857524555
30.4003482265792,0.7499999999999999,801.0464971668056,0.4256153868664887,9.455437791125457
30.4003482265792,0.7499999999999999,801.0464971668056,0.4256153868664887,9.455437791125457
30.4003482265792,0.7499999999999999,801.0464971668056,0.4256153868664887,9.455437791125457
30.4003482265792,0.7499999999999999,801.0464971668056,0.4256153868664887,9.455437791125457
30.4003482265792,0.7499999999999999,801.0464971668056,0.4256153868664887,9.455437791125457
30.4003482265792,0.7499999999999999,801.0464971668056,0.4256153868664887,9.455437791125457
30.4003482265792,0.7499999999999999,801.0464971668056,0.4256153868664887,9.455437791125457
30.4003482265792,0.7499999999999999,801.0464971668056,0.4256153868664887,9.455437791125457
30.4003482265792,0.7499999999999999,801.0464971668056,0.4256153868664887,9.455437791125457
30.4003482265792,0.7499999999999999,801.0464971668056,0.4256153868664887,9.455437791125457
30.4003482265792,0.7499999999999999,801.0464971668056,0.4256153868664887,9.455437791125457
30.4003482265792,0.7499999999999999,801.0464971668056,0.4256153868664887,9.455437791125457
30.4003482265792,0.7499999999999999,801.0464971668056,0.4256153868664887,9.455437791125457
30.800200510809482,0.7499999999999996,803.9027657906973,0.4690749123949961,9.538153731605629
30.713260028734478,0.7499999999999992,804.7710400221833,0.4875617281604754,9.579723242638863
30.886256080577077,0.75,807.3458124708901,0.5356928455734815,9.671874775897624
30.853832564662532,0.7499999999999988,809.3648272859666,0.5175562952909499,9.68280763496434
30.853832564662532,0.7499999999999988,809.3648272859666,0.5175562952909499,9.68280763496434
30.853832564662532,0.7499999999999988,809.3648272859666,0.5175562952909499,9.68280763496434
30.853832564662532,0.7499999999999988,809.3648272859666,0.5175562952909499,9.68280763496434
30.853832564662532,0.7499999999999988,809.3648272859666,0.5175562952909499,9.68280763496434
30.853832564662532,0.7499999999999988,809.3648272859666,0.5175562952909499,9.68280763496434
30.853832564662532,0.7499999999999988,809.3648272859666,0.5175562952909499,9.68280763496434
30.65676135298137,0.7499999999999993,809.313731106624,0.4865619440462192,9.681647572631329
30.65676135298137,0.7499999999999993,809.313731106624,0.4865619440462192,9.681647572631329
30.65676135298137,0.7499999999999993,809.313731106624,0.4865619440462192,9.681647572631329
30.467454774835417,0.7499999999999994,808.947366973818,0.4365870279098619,9.626622448868156
30.467454774835417,0.7499999999999994,808.947366973818,0.4365870279098619,9.626622448868156
30.174730303192632,0.7499999999999997,809.8984432001499,0.42420118240411286,9.601814791919846
30.174730303192632,0.7499999999999997,809.8984432001499,0.42420118240411286,9.601814791919846
30.174730303192632,0.7499999999999997,809.8984432001499,0.42420118240411286,9.601814791919846
30.174730303192632,0.7499999999999997,809.8984432001499,0.42420118240411286,9.601814791919846
30.174730303192632,0.7499999999999997,809.8984432001499,0.42420118240411286,9.601814791919846
30.152965204185207,0.7499999999999997,809.6082855879051,0.4307018266771647,9.651235528318292
30.412052961685088,0.7499999999999992,809.9771192229118,0.4662395188116236,9.715395684146483
30.357492090604396,0.7499999999999996,806.9339959753322,0.45389820745258086,9.678895887151006
30.357492090604396,0.7499999999999996,806.9339959753322,0.45389820745258086,9.678895887151006
30.51056681466817,0.7499999999999992,809.0434273641355,0.46659084124635486,9.709193611973513
30.51056681466817,0.7499999999999992,809.0434273641355,0.46659084124635486,9.709193611973513
30.556392095170047,0.7499999999999986,806.7160697803205,0.46791057153756094,9.658990273333146
30.556392095170047,0.7499999999999986,806.7160697803205,0.46791057153756094,9.658990273333146
30.556392095170047,0.7499999999999986,806.7160697803205,0.46791057153756094,9.658990273333146
30.566129510665178,0.749999999999999,806.3244394639422,0.45492966217613656,9.634114998780072
30.78718094691845,0.7499999999999958,804.9603470275378,0.47158448735403563,9.685423486244897
30.78718094691845,0.7499999999999958,804.9603470275378,0.47158448735403563,9.685423486244897
30.78718094691845,0.7499999999999958,804.9603470275378,0.47158448735403563,9.685423486244897
30.454875643114292,0.7499999999999998,806.6410298204776,0.4492264776709687,9.673606064244243
30.454875643114292,0.7499999999999998,806.6410298204776,0.4492264776709687,9.673606064244243
30.454875643114292,0.7499999999999998,806.6410298204776,0.4492264776709687,9.673606064244243
30.454875643114292,0.7499999999999998,806.6410298204776,0.4492264776709687,9.673606064244243
30.454875643114292,0.7499999999999998,806.6410298204776,0.4492264776709687,9.673606064244243
30.563032007832838,0.749999999999999,806.676124723407,0.4350723475223262,9.68052830128697
30.53856144861305,0.7499999999999993,808.5317679286445,0.43413590712470407,9.700521911713718
30.53856144861305,0.7499999999999993,808.5317679286445,0.43413590712470407,9.700521911713718
30.53856144861305,0.7499999999999993,808.5317679286445,0.43413590712470407,9.700521911713718
30.53856144861305,0.7499999999999993,808.5317679286445,0.43413590712470407,9.700521911713718
30.53856144861305,0.7499999999999993,808.5317679286445,0.43413590712470407,9.700521911713718
30.281647855592627,0.7499999999999993,805.8734355673715,0.43326500784501065,9.677961136716684
30.203632038742164,0.7499999999999991,803.86248648559,0.48005973692489434,9.620212755980688
30.085577759231764,0.7499999999999996,803.1238154318787,0.4658812789819211,9.612417744258305
30.085577759231764,0.7499999999999996,803.1238154318787,0.4658812789819211,9.612417744258305
30.085577759231764,0.7499999999999996,803.1238154318787,0.4658812789819211,9.612417744258305
30.085577759231764,0.7499999999999996,803.1238154318787,0.4658812789819211,9.612417744258305
30.231642975671498,0.7499999999999988,802.9108329679999,0.49917624936884825,9.59777000873864
30.231642975671498,0.7499999999999988,802.9108329679999,0.49917624936884825,9.59777000873864
30.231642975671498,0.7499999999999988,802.9108329679999,0.49917624936884825,9.59777000873864
30.231642975671498,0.7499999999999988,802.9108329679999,0.49917624936884825,9.59777000873864
30.362363698545746,0.7499999999999991,804.2397964251124,0.5254042919275497,9.618331966907622
30.362363698545746,0.7499999999999991,804.2397964251124,0.5254042919275497,9.618331966907622
30.362363698545746,0.7499999999999991,804.2397964251124,0.5254042919275497,9.618331966907622
30.362363698545746,0.7499999999999991,804.2397964251124,0.5254042919275497,9.618331966907622
30.362363698545746,0.7499999999999991,804.2397964251124,0.5254042919275497,9.618331966907622
30.362363698545746,0.7499999999999991,804.2397964251124,0.5254042919275497,9.618331966907622
30.362363698545746,0.7499999999999991,804.2397964251124,0.5254042919275497,9.618331966907622
30.362363698545746,0.7499999999999991,804.2397964251124,0.5254042919275497,9.618331966907622
30.362363698545746,0.7499999999999991,804.2397964251124,0.5254042919275497,9.618331966907622
30.362363698545746,0.7499999999999991,804.2397964251124,0.5254042919275497,9.618331966907622
30.343961691682985,0.7499999999999993,805.0270243905865,0.5371963990631026,9.630169594995612
30.293555907281842,0.7499999999999987,804.665971594429,0.5274116101862966,9.633695880522154
30.293555907281842,0.7499999999999987,804.665971594429,0.5274116101862966,9.633695880522154
30.293555907281842,0.7499999999999987,804.665971594429,0.5274116101862966,9.633695880522154
30.293555907281842,0.7499999999999987,804.665971594429,0.5274116101862966,9.633695880522154
30.21860559971305,0.7499999999999981,805.7621872770101,0.5378690795782041,9.599598599444699
30.281047064483346,0.7499999999999988,804.579288690946,0.527940791180966,9.603974724143331
30.281047064483346,0.7499999999999988,804.579288690946,0.527940791180966,9.603974724143331
30.331279334741954,0.7499999999999972,805.670345889328,0.5334456408117397,9.626614589240393
30.331279334741954,0.7499999999999972,805.670345889328,0.5334456408117397,9.626614589240393
30.331279334741954,0.7499999999999972,805.670345889328,0.5334456408117397,9.626614589240393
30.331279334741954,0.7499999999999972,805.670345889328,0.5334456408117397,9.626614589240393
30.140215870657666,0.749999999999999,806.1079165538192,0.5621314879939642,9.657038054756402
30.140215870657666,0.749999999999999,806.1079165538192,0.5621314879939642,9.657038054756402
30.162335554093683,0.7499999999999981,803.8177956502002,0.5309368642172848,9.617107677793502
30.162335554093683,0.7499999999999981,803.8177956502002,0.5309368642172848,9.617107677793502
30.08515634886811,0.7499999999999977,806.9844341564087,0.5956628407136408,9.635149869365595
30.094998570402904,0.7499999999999991,809.2689187769862,0.6581282910557017,9.678634499669968
29.922688783021496,0.7499999999999977,808.1194340962002,0.6123042057360244,9.660222915552424
29.922688783021496,0.7499999999999977,808.1194340962002,0.6123042057360244,9.660222915552424
29.922688783021496,0.7499999999999977,808.1194340962002,0.6123042057360244,9.660222915552424
30.023432216370587,0.7499999999999988,806.7242947430512,0.5505144409779824,9.652644425010418
30.023432216370587,0.7499999999999988,806.7242947430512,0.5505144409779824,9.652644425010418
30.023432216370587,0.7499999999999988,806.7242947430512,0.5505144409779824,9.652644425010418
30.023432216370587,0.7499999999999988,806.7242947430512,0.5505144409779824,9.652644425010418
30.107056531135072,0.7500000000000001,807.0559509562163,0.5259029029238907,9.668300515664702
30.107056531135072,0.7500000000000001,807.0559509562163,0.5259029029238907,9.668300515664702
30.107056531135072,0.7500000000000001,807.0559509562163,0.5259029029238907,9.668300515664702
30.11975105088426,0.7499999999999999,806.0682058920684,0.4893646495529683,9.644300472613063
30.11975105088426,0.7499999999999999,806.0682058920684,0.4893646495529683,9.644300472613063
30.11975105088426,0.7499999999999999,806.0682058920684,0.4893646495529683,9.644300472613063
30.11975105088426,0.7499999999999999,806.0682058920684,0.4893646495529683,9.644300472613063
30.11975105088426,0.7499999999999999,806.0682058920684,0.4893646495529683,9.644300472613063
30.036555482474256,0.7499999999999983,804.4601587410967,0.4504612939184788,9.6350741697893
30.2573996561,0.7499999999999998,803.6379025443782,0.44183863114455496,9.650697775705485
30.138491211717472,0.7499999999999998,803.3621773663964,0.42697348678784225,9.598672513646122
30.138491211717472,0.7499999999999998,803.3621773663964,0.42697348678784225,9.598672513646122
30.138491211717472,0.7499999999999998,803.3621773663964,0.42697348678784225,9.598672513646122
30.138491211717472,0.7499999999999998,803.3621773663964,0.42697348678784225,9.598672513646122
30.138491211717472,0.7499999999999998,803.3621773663964,0.42697348678784225,9.598672513646122
30.138491211717472,0.7499999999999998,803.3621773663964,0.42697348678784225,9.598672513646122
30.221572899119582,0.7499999999999999,803.4302149899665,0.4257936636807583,9.651910243480888
30.221572899119582,0.7499999999999999,803.4302149899665,0.4257936636807583,9.651910243480888
30.32623725722321,0.7499999999999994,805.1416221901817,0.41177341872675444,9.644213036040828
30.32623725722321,0.7499999999999994,805.1416221901817,0.41177341872675444,9.644213036040828
30.7498733475246,0.7500000000000001,806.6272667667345,0.4216241362989838,9.682982435805382
30.7498733475246,0.7500000000000001,806.6272667667345,0.4216241362989838,9.682982435805382
30.74731135893791,0.7499999999999998,806.887922882963,0.4187283146175757,9.667559972736958
30.74731135893791,0.7499999999999998,806.887922882963,0.4187283146175757,9.667559972736958
30.74731135893791,0.7499999999999998,806.887922882963,0.4187283146175757,9.667559972736958
30.538643651896027,0.7499999999999981,805.0031682197031,0.41344834997047325,9.67074807918721
30.538643651896027,0.7499999999999981,805.0031682197031,0.41344834997047325,9.67074807918721
30.538643651896027,0.7499999999999981,805.0031682197031,0.41344834997047325,9.67074807918721
30.77718218252286,0.7499999999999982,803.6362457366869,0.4046812639806609,9.696374264997141
30.77718218252286,0.7499999999999982,803.6362457366869,0.4046812639806609,9.696374264997141
30.77718218252286,0.7499999999999982,803.6362457366869,0.4046812639806609,9.696374264997141
30.77718218252286,0.7499999999999982,803.6362457366869,0.4046812639806609,9.696374264997141
30.734560200038164,0.7499999999999997,805.5263546295047,0.413675254510684,9.719204920008357
30.734560200038164,0.7499999999999997,805.5263546295047,0.413675254510684,9.719204920008357
30.734560200038164,0.7499999999999997,805.5263546295047,0.413675254510684,9.719204920008357
30.816612996565823,0.7499999999999987,804.0984043065873,0.4202140288058649,9.686683317613596
30.816612996565823,0.7499999999999987,804.0984043065873,0.4202140288058649,9.686683317613596
30.816612996565823,0.7499999999999987,804.0984043065873,0.4202140288058649,9.686683317613596
30.816612996565823,0.7499999999999987,804.0984043065873,0.4202140288058649,9.686683317613596
30.816612996565823,0.7499999999999987,804.0984043065873,0.4202140288058649,9.686683317613596
30.816612996565823,0.7499999999999987,804.0984043065873,0.4202140288058649,9.686683317613596
30.84780861777875,0.7499999999999994,806.0886396886698,0.41717525498737934,9.718017957125827
31.138101541888812,0.7499999999999998,808.8063828266289,0.43892062093044604,9.795275623873348
31.404743964552633,0.7499999999999988,813.2898414824191,0.4921666857285221,9.809053909180074
31.527253905215396,0.7499999999999966,814.4304520964815,0.5102853391053069,9.832754289512732
31.527253905215396,0.7499999999999966,814.4304520964815,0.5102853391053069,9.832754289512732
31.527253905215396,0.7499999999999966,814.4304520964815,0.5102853391053069,9.832754289512732
31.527253905215396,0.7499999999999966,814.4304520964815,0.5102853391053069,9.832754289512732
31.527253905215396,0.7499999999999966,814.4304520964815,0.5102853391053069,9.832754289512732
31.627038869029917,0.7500000000000001,812.6121742950163,0.5220797029557004,9.839524836466186
31.627038869029917,0.7500000000000001,812.6121742950163,0.5220797029557004,9.839524836466186
31.627038869029917,0.7500000000000001,812.6121742950163,0.5220797029557004,9.839524836466186
31.627038869029917,0.7500000000000001,812.6121742950163,0.5220797029557004,9.839524836466186
31.627038869029917,0.7500000000000001,812.6121742950163,0.5220797029557004,9.839524836466186
31.09602754672556,0.7499999999999994,810.6829352002079,0.4887509727729851,9.745672000101584
31.09602754672556,0.7499999999999994,810.6829352002079,0.4887509727729851,9.745672000101584
31.09602754672556,0.7499999999999994,810.6829352002079,0.4887509727729851,9.745672000101584
31.09602754672556,0.7499999999999994,810.6829352002079,0.4887509727729851,9.745672000101584
31.00385641915049,0.7499999999999996,808.5328252687842,0.48834828238291283,9.748353214193207
31.00385641915049,0.7499999999999996,808.5328252687842,0.48834828238291283,9.748353214193207
30.8808251014967,0.7499999999999999,810.2201277008056,0.4760643727212644,9.801003527172146
30.8808251014967,0.7499999999999999,810.2201277008056,0.4760643727212644,9.801003527172146
30.8808251014967,0.7499999999999999,810.2201277008056,0.4760643727212644,9.801003527172146
30.8808251014967,0.7499999999999999,810.2201277008056,0.4760643727212644,9.801003527172146
30.8808251014967,0.7499999999999999,810.2201277008056,0.4760643727212644,9.801003527172146
30.8808251014967,0.7499999999999999,810.2201277008056,0.4760643727212644,9.801003527172146
30.987122656988674,0.7499999999999991,809.8819511115528,0.466224386013326,9.825169665141857
31.17993506251184,0.7499999999999992,809.3780997544533,0.43727289122729796,9.86699478830236
31.17993506251184,0.7499999999999992,809.3780997544533,0.43727289122729796,9.86699478830236
31.17993506251184,0.7499999999999992,809.3780997544533,0.43727289122729796,9.86699478830236
31.17993506251184,0.7499999999999992,809.3780997544533,0.43727289122729796,9.86699478830236
31.17993506251184,0.7499999999999992,809.3780997544533,0.43727289122729796,9.86699478830236
31.17993506251184,0.7499999999999992,809.3780997544533,0.43727289122729796,9.86699478830236
31.04160181896589,0.7499999999999998,806.8783261284996,0.4136141560192474,9.82883612402291
31.04160181896589,0.7499999999999998,806.8783261284996,0.4136141560192474,9.82883612402291
31.04160181896589,0.7499999999999998,806.8783261284996,0.4136141560192474,9.82883612402291
31.103311012780953,0.7499999999999991,807.1441373081459,0.41690035768340533,9.831203928325952
31.103311012780953,0.7499999999999991,807.1441373081459,0.41690035768340533,9.831203928325952
31.103311012780953,0.7499999999999991,807.1441373081459,0.41690035768340533,9.831203928325952
31.103311012780953,0.7499999999999991,807.1441373081459,0.41690035768340533,9.831203928325952
31.103311012780953,0.7499999999999991,807.1441373081459,0.41690035768340533,9.831203928325952
31.168735400566423,0.749999999999999,807.6601483821364,0.42124872246488054,9.810279061997178
31.168735400566423,0.749999999999999,807.6601483821364,0.42124872246488054,9.810279061997178
31.168735400566423,0.749999999999999,807.6601483821364,0.42124872246488054,9.810279061997178
31.168735400566423,0.749999999999999,807.6601483821364,0.42124872246488054,9.810279061997178
31.168735400566423,0.749999999999999,807.6601483821364,0.42124872246488054,9.810279061997178
31.198244058202803,0.749999999999999,806.548309167701,0.4162607113388857,9.799217175454364
31.198244058202803,0.749999999999999,806.548309167701,0.4162607113388857,9.799217175454364
31.198244058202803,0.749999999999999,806.548309167701,0.4162607113388857,9.799217175454364
31.211431177752278,0.7499999999999993,806.1485038946181,0.4182860341100193,9.789707442733558
31.211431177752278,0.7499999999999993,806.1485038946181,0.4182860341100193,9.789707442733558
31.211431177752278,0.7499999999999993,806.1485038946181,0.4182860341100193,9.789707442733558
31.109148945704913,0.7499999999999987,806.0400772193323,0.3985109920042768,9.774235497365982
31.109148945704913,0.7499999999999987,806.0400772193323,0.3985109920042768,9.774235497365982
31.22584706038409,0.7499999999999997,806.6865917028388,0.3965839183674063,9.79195463030587
31.22584706038409,0.7499999999999997,806.6865917028388,0.3965839183674063,9.79195463030587
31.22584706038409,0.7499999999999997,806.6865917028388,0.3965839183674063,9.79195463030587
31.22584706038409,0.7499999999999997,806.6865917028388,0.3965839183674063,9.79195463030587
31.22584706038409,0.7499999999999997,806.6865917028388,0.3965839183674063,9.79195463030587
31.22584706038409,0.7499999999999997,806.6865917028388,0.3965839183674063,9.79195463030587
31.22584706038409,0.7499999999999997,806.6865917028388,0.3965839183674063,9.79195463030587
31.208871922890385,0.7499999999999998,804.2902447314656,0.4073769729587875,9.864558406748392
31.208871922890385,0.7499999999999998,804.2902447314656,0.4073769729587875,9.864558406748392
31.208871922890385,0.7499999999999998,804.2902447314656,0.4073769729587875,9.864558406748392
31.208871922890385,0.7499999999999998,804.2902447314656,0.4073769729587875,9.864558406748392
31.093867034690625,0.7499999999999986,802.5335405572555,0.38157241618698906,9.769783674579381
31.06414010025211,0.7499999999999988,803.3553244190551,0.391304879062572,9.795589838010926
31.06414010025211,0.7499999999999988,803.3553244190551,0.391304879062572,9.795589838010926
31.06414010025211,0.7499999999999988,803.3553244190551,0.391304879062572,9.795589838010926
31.153822789008444,0.7499999999999997,805.1883336053588,0.3901505489131352,9.814841962396002
30.94580412059415,0.7499999999999999,806.4594862432205,0.38352415571107573,9.852983316611091
30.94580412059415,0.7499999999999999,806.4594862432205,0.38352415571107573,9.852983316611091
30.94580412059415,0.7499999999999999,806.4594862432205,0.38352415571107573,9.852983316611091
30.94580412059415,0.7499999999999999,806.4594862432205,0.38352415571107573,9.852983316611091
30.94580412059415,0.7499999999999999,806.4594862432205,0.38352415571107573,9.852983316611091
30.94580412059415,0.7499999999999999,806.4594862432205,0.38352415571107573,9.852983316611091
30.94580412059415,0.7499999999999999,806.4594862432205,0.38352415571107573,9.852983316611091
30.94580412059415,0.7499999999999999,806.4594862432205,0.38352415571107573,9.852983316611091
30.94580412059415,0.7499999999999999,806.4594862432205,0.38352415571107573,9.852983316611091
30.94580412059415,0.7499999999999999,806.4594862432205,0.38352415571107573,9.852983316611091
31.071442774955184,0.7499999999999996,808.3017606497291,0.39014629673431334,9.808639998265864
30.83779105479751,0.7499999999999988,805.5784526775687,0.3839647844030049,9.802224396669203
30.854953978062163,0.7499999999999989,806.0423759522522,0.38716444098005565,9.790482204997678
30.854953978062163,0.7499999999999989,806.0423759522522,0.38716444098005565,9.790482204997678
30.854953978062163,0.7499999999999989,806.0423759522522,0.38716444098005565,9.790482204997678
30.854953978062163,0.7499999999999989,806.0423759522522,0.38716444098005565,9.790482204997678
30.854953978062163,0.7499999999999989,806.0423759522522,0.38716444098005565,9.790482204997678
30.84160217013593,0.7499999999999999,805.7507737399914,0.39325460739057555,9.823320645114924
30.84160217013593,0.7499999999999999,805.7507737399914,0.39325460739057555,9.823320645114924
30.84160217013593,0.7499999999999999,805.7507737399914,0.39325460739057555,9.823320645114924
30.84160217013593,0.7499999999999999,805.7507737399914,0.39325460739057555,9.823320645114924
30.7774446163088,0.7499999999999987,806.6774355248052,0.40494178322953184,9.801678542469967
30.7774446163088,0.7499999999999987,806.6774355248052,0.40494178322953184,9.801678542469967
30.7774446163088,0.7499999999999987,806.6774355248052,0.40494178322953184,9.801678542469967
30.7774446163088,0.7499999999999987,806.6774355248052,0.40494178322953184,9.801678542469967
30.7774446163088,0.7499999999999987,806.6774355248052,0.40494178322953184,9.801678542469967
30.7774446163088,0.7499999999999987,806.6774355248052,0.40494178322953184,9.801678542469967
30.7774446163088,0.7499999999999987,806.6774355248052,0.40494178322953184,9.801678542469967
30.7774446163088,0.7499999999999987,806.6774355248052,0.40494178322953184,9.801678542469967
30.851303006604947,0.7499999999999997,806.0273219910496,0.4107960892518084,9.825689415346238
30.851303006604947,0.7499999999999997,806.0273219910496,0.4107960892518084,9.825689415346238
30.851303006604947,0.7499999999999997,806.0273219910496,0.4107960892518084,9.825689415346238
30.851303006604947,0.7499999999999997,806.0273219910496,0.4107960892518084,9.825689415346238
30.851303006604947,0.7499999999999997,806.0273219910496,0.4107960892518084,9.825689415346238
30.851303006604947,0.7499999999999997,806.0273219910496,0.4107960892518084,9.825689415346238
30.851303006604947,0.7499999999999997,806.0273219910496,0.4107960892518084,9.825689415346238
30.851303006604947,0.7499999999999997,806.0273219910496,0.4107960892518084,9.825689415346238
30.851303006604947,0.7499999999999997,806.0273219910496,0.4107960892518084,9.825689415346238
30.900351489198364,0.7500000000000001,809.0510650384996,0.40883616137463064,9.9017007648554
30.900351489198364,0.7500000000000001,809.0510650384996,0.40883616137463064,9.9017007648554
30.900351489198364,0.7500000000000001,809.0510650384996,0.40883616137463064,9.9017007648554
31.03465766559488,0.7499999999999991,809.1536787359178,0.417517869916126,9.91435487299701
31.03465766559488,0.7499999999999991,809.1536787359178,0.417517869916126,9.91435487299701
30.75511041275542,0.7499999999999993,808.2383582128429,0.410603455598938,9.892185105275775
30.75511041275542,0.7499999999999993,808.2383582128429,0.410603455598938,9.892185105275775
30.75511041275542,0.7499999999999993,808.2383582128429,0.410603455598938,9.892185105275775
30.75511041275542,0.7499999999999993,808.2383582128429,0.410603455598938,9.892185105275775
30.835335525124304,0.7499999999999993,806.117497195662,0.4022937199915009,9.838902270034305
30.835335525124304,0.7499999999999993,806.117497195662,0.4022937199915009,9.838902270034305
30.835335525124304,0.7499999999999993,806.117497195662,0.4022937199915009,9.838902270034305
30.78952064203309,0.7499999999999994,806.4934218744038,0.39997600363097946,9.8477933687364
30.78952064203309,0.7499999999999994,806.4934218744038,0.39997600363097946,9.8477933687364
30.78952064203309,0.7499999999999994,806.4934218744038,0.39997600363097946,9.8477933687364
30.78952064203309,0.7499999999999994,806.4934218744038,0.39997600363097946,9.8477933687364
30.78952064203309,0.7499999999999994,806.4934218744038,0.39997600363097946,9.8477933687364
30.78952064203309,0.7499999999999994,806.4934218744038,0.39997600363097946,9.8477933687364
30.78952064203309,0.7499999999999994,806.4934218744038,0.39997600363097946,9.8477933687364
30.51309577386014,0.7499999999999994,804.5358081253551,0.38832806386394053,9.817322444894444
30.636413139872197,0.7499999999999999,807.2871502672524,0.3856647234990352,9.81120424541425
30.731657063421384,0.7499999999999993,807.290129892031,0.3972328626334304,9.848506815313062
30.731657063421384,0.7499999999999993,807.290129892031,0.3972328626334304,9.848506815313062
30.731657063421384,0.7499999999999993,807.290129892031,0.3972328626334304,9.848506815313062
30.731657063421384,0.7499999999999993,807.290129892031,0.3972328626334304,9.848506815313062
30.731657063421384,0.7499999999999993,807.290129892031,0.3972328626334304,9.848506815313062
30.869323653278776,0.7499999999999986,807.09453149371,0.40363770366146456,9.868859458030368
30.869770804640336,0.7499999999999992,810.3489648784893,0.4054327397579733,9.851661715543164
30.869770804640336,0.7499999999999992,810.3489648784893,0.4054327397579733,9.851661715543164
30.869770804640336,0.7499999999999992,810.3489648784893,0.4054327397579733,9.851661715543164
30.87422307440377,0.7499999999999996,808.5108404697914,0.39355349022655245,9.81985965432816
30.87422307440377,0.7499999999999996,808.5108404697914,0.39355349022655245,9.81985965432816
30.87422307440377,0.7499999999999996,808.5108404697914,0.39355349022655245,9.81985965432816
30.87422307440377,0.7499999999999996,808.5108404697914,0.39355349022655245,9.81985965432816
30.87422307440377,0.7499999999999996,808.5108404697914,0.39355349022655245,9.81985965432816
30.743271446087576,0.7499999999999996,809.3923261130928,0.3926833421801063,9.768794329407019
30.743271446087576,0.7499999999999996,809.3923261130928,0.3926833421801063,9.768794329407019
30.743271446087576,0.7499999999999996,809.3923261130928,0.3926833421801063,9.768794329407019
30.58499419085678,0.7499999999999997,808.7715838387131,0.386707755558425,9.764795539613687
30.602995992823267,0.7499999999999986,808.4703727638173,0.38647135498865554,9.773508627444443
30.602995992823267,0.7499999999999986,808.4703727638173,0.38647135498865554,9.773508627444443
30.691093586227463,0.7499999999999996,808.8306618081144,0.39105214829117685,9.771334857352338
30.691093586227463,0.7499999999999996,808.8306618081144,0.39105214829117685,9.771334857352338
30.691093586227463,0.7499999999999996,808.8306618081144,0.39105214829117685,9.771334857352338
30.691093586227463,0.7499999999999996,808.8306618081144,0.39105214829117685,9.771334857352338
30.691093586227463,0.7499999999999996,808.8306618081144,0.39105214829117685,9.771334857352338
30.691093586227463,0.7499999999999996,808.8306618081144,0.39105214829117685,9.771334857352338
30.69287465162567,0.7499999999999998,809.5572749578475,0.39873181437666966,9.847045689567173
30.69287465162567,0.7499999999999998,809.5572749578475,0.39873181437666966,9.847045689567173
30.69287465162567,0.7499999999999998,809.5572749578475,0.39873181437666966,9.847045689567173
30.597391285470994,0.7499999999999997,808.8793536897495,0.3996892920888941,9.90344595652908
30.597391285470994,0.7499999999999997,808.8793536897495,0.3996892920888941,9.90344595652908
30.8201936910904,0.7499999999999988,809.0041407720457,0.40921246638466263,9.901292583287688
30.8201936910904,0.7499999999999988,809.0041407720457,0.40921246638466263,9.901292583287688
30.609980038698065,0.7499999999999997,808.3344586550661,0.39085702085867036,9.84972850088424
30.609980038698065,0.7499999999999997,808.3344586550661,0.39085702085867036,9.84972850088424
30.59843699699139,0.7499999999999993,806.711622954139,0.3824737783543466,9.869947671449486
30.495891721192233,0.7499999999999998,805.0706603634047,0.38922782091991154,9.87580904911537
30.568878480145585,0.7499999999999999,802.4537324206053,0.3826606540870843,9.86046819904659
30.568878480145585,0.7499999999999999,802.4537324206053,0.3826606540870843,9.86046819904659
30.568878480145585,0.7499999999999999,802.4537324206053,0.3826606540870843,9.86046819904659
30.568878480145585,0.7499999999999999,802.4537324206053,0.3826606540870843,9.86046819904659
30.565787785418724,0.7499999999999991,801.4859958537111,0.3839692719057546,9.920084982780219
30.731075063785614,0.7499999999999994,801.6663204453406,0.399433281222344,9.951092363834567
30.731075063785614,0.7499999999999994,801.6663204453406,0.399433281222344,9.951092363834567
30.731075063785614,0.7499999999999994,801.6663204453406,0.399433281222344,9.951092363834567
30.731075063785614,0.7499999999999994,801.6663204453406,0.399433281222344,9.951092363834567
30.731075063785614,0.7499999999999994,801.6663204453406,0.399433281222344,9.951092363834567
30.731075063785614,0.7499999999999994,801.6663204453406,0.399433281222344,9.951092363834567
30.731075063785614,0.7499999999999994,801.6663204453406,0.399433281222344,9.951092363834567
30.731075063785614,0.7499999999999994,801.6663204453406,0.399433281222344,9.951092363834567
30.259731317568242,0.7499999999999991,802.0042814623444,0.3903014921394209,9.9272126663415
29.857702380076358,0.7499999999999996,803.1062832029776,0.3866185511291037,9.927633017774676
29.952367348550375,0.7500000000000002,803.3628775270585,0.3883079607401234,9.910055541424336
30.0402172834658,0.7499999999999993,802.5744611447404,0.3998395899691013,9.929551221711543
30.0402172834658,0.7499999999999993,802.5744611447404,0.3998395899691013,9.929551221711543
30.0402172834658,0.7499999999999993,802.5744611447404,0.3998395899691013,9.929551221711543
30.0402172834658,0.7499999999999993,802.5744611447404,0.3998395899691013,9.929551221711543
29.929643086752527,0.7499999999999992,803.6502002212949,0.4025975039407983,9.908528550602464
29.934454999790884,0.7499999999999986,802.6509784218482,0.4306820426929801,9.910604482893811
29.934454999790884,0.7499999999999986,802.6509784218482,0.4306820426929801,9.910604482893811
29.934454999790884,0.7499999999999986,802.6509784218482,0.4306820426929801,9.910604482893811
29.751754021974342,0.7499999999999994,801.0669845664185,0.42469516132156754,9.89653278063964
29.751754021974342,0.7499999999999994,801.0669845664185,0.42469516132156754,9.89653278063964
29.751754021974342,0.7499999999999994,801.0669845664185,0.42469516132156754,9.89653278063964
29.68793602213494,0.749999999999999,801.6679021878042,0.4224994073364891,9.882927513352197
29.68793602213494,0.749999999999999,801.6679021878042,0.4224994073364891,9.882927513352197
29.563990851513637,0.7499999999999996,799.329416475933,0.43233508543246557,9.883208278629386
29.563990851513637,0.7499999999999996,799.329416475933,0.43233508543246557,9.883208278629386
29.563990851513637,0.7499999999999996,799.329416475933,0.43233508543246557,9.883208278629386
29.57436250024221,0.7499999999999994,798.026320681309,0.43868593311598675,9.838213520555396
29.382395218824506,0.7499999999999997,796.7474002602299,0.40345762992505696,9.819738675568157
29.370044732963454,0.7499999999999996,796.22255892484,0.40654858305554664,9.822895530983862
29.370044732963454,0.7499999999999996,796.22255892484,0.40654858305554664,9.822895530983862
29.397820065701023,0.7499999999999992,796.566154875128,0.38130118593620627,9.787100915877184
29.397820065701023,0.7499999999999992,796.566154875128,0.38130118593620627,9.787100915877184
29.397820065701023,0.7499999999999992,796.566154875128,0.38130118593620627,9.787100915877184
29.397820065701023,0.7499999999999992,796.566154875128,0.38130118593620627,9.787100915877184
29.397820065701023,0.7499999999999992,796.566154875128,0.38130118593620627,9.787100915877184
29.2253641831096,0.7499999999999993,799.350805188985,0.38222657458335163,9.79987841030972
29.315225607741052,0.7499999999999997,802.5041840488773,0.3897920278912006,9.901776590933583
29.315225607741052,0.7499999999999997,802.5041840488773,0.3897920278912006,9.901776590933583
29.315225607741052,0.7499999999999997,802.5041840488773,0.3897920278912006,9.901776590933583
29.315225607741052,0.7499999999999997,802.5041840488773,0.3897920278912006,9.901776590933583
29.315225607741052,0.7499999999999997,802.5041840488773,0.3897920278912006,9.901776590933583
29.315225607741052,0.7499999999999997,802.5041840488773,0.3897920278912006,9.901776590933583
29.315225607741052,0.7499999999999997,802.5041840488773,0.3897920278912006,9.901776590933583
29.33864353193124,0.75,804.496251559661,0.41093199009206255,9.961664406816382
29.33864353193124,0.75,804.496251559661,0.41093199009206255,9.961664406816382
29.308337367293888,0.749999999999999,805.8698077996663,0.4154466639265841,9.965445290278115
29.308337367293888,0.749999999999999,805.8698077996663,0.4154466639265841,9.965445290278115
29.424836152308913,0.7499999999999989,806.4045400569046,0.4515433321874892,9.996421080336182
29.424836152308913,0.7499999999999989,806.4045400569046,0.4515433321874892,9.996421080336182
29.76512141835801,0.7500000000000003,804.9472843537535,0.4438366348441843,10.023485078170356
29.840009000213666,0.7499999999999994,803.3971846089084,0.4655392319362231,9.952926044076714
29.840009000213666,0.7499999999999994,803.3971846089084,0.4655392319362231,9.952926044076714
29.840009000213666,0.7499999999999994,803.3971846089084,0.4655392319362231,9.952926044076714
29.840009000213666,0.7499999999999994,803.3971846089084,0.4655392319362231,9.952926044076714
29.78086508873477,0.7499999999999996,807.0728336130837,0.4600381241701021,10.013425717134998
29.78086508873477,0.7499999999999996,807.0728336130837,0.4600381241701021,10.013425717134998
29.63646392409923,0.7499999999999992,805.7728669934893,0.4498509569926927,10.017643512391297
29.628259249165026,0.7499999999999994,806.9683823756138,0.4858695744015873,10.041326744165033
29.628259249165026,0.7499999999999994,806.9683823756138,0.4858695744015873,10.041326744165033
29.793789075975997,0.7499999999999996,807.0128012942089,0.48255147291844763,10.071065357190232
29.721944739455406,0.7499999999999984,808.1392061199119,0.5062550204314523,10.1005759270359
29.721944739455406,0.7499999999999984,808.1392061199119,0.5062550204314523,10.1005759270359
29.75873338411647,0.7499999999999998,807.5381756115014,0.4932445608328911,10.117934182340889
29.941739031041994,0.7499999999999984,808.2891467338023,0.5121772738318592,10.117691106241073
29.561764708011292,0.7499999999999997,806.6427059533537,0.47190291601848017,10.044995954020706
29.54257931625548,0.7499999999999981,806.0136656150215,0.46687502633094596,9.997812309322835
29.468783656053574,0.7499999999999984,804.3007006025681,0.4302202996966155,9.968697809710708
29.468783656053574,0.7499999999999984,804.3007006025681,0.4302202996966155,9.968697809710708
29.468783656053574,0.7499999999999984,804.3007006025681,0.4302202996966155,9.968697809710708
29.990520279301155,0.7499999999999993,804.3246253728877,0.43744288860627556,9.995656973905914
29.990520279301155,0.7499999999999993,804.3246253728877,0.43744288860627556,9.995656973905914
30.12583504123996,0.7499999999999993,804.3914197109096,0.4478448581832914,9.980008701414926
30.10374742435758,0.7499999999999993,803.6073685046501,0.4323050670211453,9.914778268184929
30.028126259290225,0.7499999999999992,803.4377248596699,0.41909333574995733,9.856993829469886
30.028126259290225,0.7499999999999992,803.4377248596699,0.41909333574995733,9.856993829469886
30.028126259290225,0.7499999999999992,803.4377248596699,0.41909333574995733,9.856993829469886
30.028126259290225,0.7499999999999992,803.4377248596699,0.41909333574995733,9.856993829469886
30.028126259290225,0.7499999999999992,803.4377248596699,0.41909333574995733,9.856993829469886
30.028126259290225,0.7499999999999992,803.4377248596699,0.41909333574995733,9.856993829469886
30.028126259290225,0.7499999999999992,803.4377248596699,0.41909333574995733,9.856993829469886
30.073639369716652,0.7499999999999996,802.3516599700143,0.4231850415503957,9.805998640893677
30.05364536506775,0.7499999999999986,799.5763124828395,0.42356153751387643,9.702387286569088
30.05364536506775,0.7499999999999986,799.5763124828395,0.42356153751387643,9.702387286569088
30.270073929622633,0.7499999999999989,798.8892134074609,0.42269905741642627,9.744444961410204
30.270073929622633,0.7499999999999989,798.8892134074609,0.42269905741642627,9.744444961410204
30.270073929622633,0.7499999999999989,798.8892134074609,0.42269905741642627,9.744444961410204
30.270073929622633,0.7499999999999989,798.8892134074609,0.42269905741642627,9.744444961410204
30.04953161881676,0.7499999999999992,800.2553375404582,0.41966681123581107,9.731268790140948
30.04953161881676,0.7499999999999992,800.2553375404582,0.41966681123581107,9.731268790140948
30.04953161881676,0.7499999999999992,800.2553375404582,0.41966681123581107,9.731268790140948
29.99920732288165,0.7499999999999994,801.79131840565,0.3971479136552115,9.762636764623533
29.99920732288165,0.7499999999999994,801.79131840565,0.3971479136552115,9.762636764623533
29.94959440910597,0.7499999999999994,803.0738691937383,0.3803619540596416,9.776108163135538
29.72503909321894,0.7499999999999992,802.1292597055575,0.36754819499762126,9.719471468899059
29.53630381826336,0.7499999999999992,801.546464727526,0.36346364158333055,9.688069957234816
29.53630381826336,0.7499999999999992,801.546464727526,0.36346364158333055,9.688069957234816
29.53630381826336,0.7499999999999992,801.546464727526,0.36346364158333055,9.688069957234816
29.53630381826336,0.7499999999999992,801.546464727526,0.36346364158333055,9.688069957234816
29.53630381826336,0.7499999999999992,801.546464727526,0.36346364158333055,9.688069957234816
29.516872606029352,0.7499999999999997,804.6285159123369,0.3856314391994237,9.7495942674823
29.467844184478206,0.7499999999999997,805.6054495341002,0.3788538418885727,9.729794847609389
29.421121494976656,0.7499999999999987,805.2982445255777,0.38239691973898754,9.752847808170765
29.48018268026985,0.7499999999999996,803.3717608830239,0.38290707593958706,9.758598014859789
29.48018268026985,0.7499999999999996,803.3717608830239,0.38290707593958706,9.758598014859789
29.380750337583954,0.7499999999999983,803.1071413837443,0.38562300327656435,9.733771047761175
29.380750337583954,0.7499999999999983,803.1071413837443,0.38562300327656435,9.733771047761175
29.540575255757023,0.75,801.4630704676912,0.36179369255426286,9.695019098101392
29.540575255757023,0.75,801.4630704676912,0.36179369255426286,9.695019098101392
29.708090577850598,0.749999999999999,802.7559819966763,0.3752901814225766,9.723688404504255
29.649596892580586,0.7499999999999989,804.0601109447231,0.3746189804117382,9.678610368702262
29.645508338853023,0.7499999999999993,802.4909637768429,0.3697720449979552,9.612256375121092
29.645508338853023,0.7499999999999993,802.4909637768429,0.3697720449979552,9.612256375121092
29.518268874549083,0.7499999999999996,801.8885004862557,0.3581243129795692,9.577415975077496
29.589074839697155,0.7499999999999991,801.2446141440072,0.3642208684355481,9.55394888838622
29.44468003980738,0.7499999999999999,801.1310937696717,0.3407002565463694,9.533933140766276
29.44468003980738,0.7499999999999999,801.1310937696717,0.3407002565463694,9.533933140766276
29.44468003980738,0.7499999999999999,801.1310937696717,0.3407002565463694,9.533933140766276
29.44468003980738,0.7499999999999999,801.1310937696717,0.3407002565463694,9.533933140766276
29.44468003980738,0.7499999999999999,801.1310937696717,0.3407002565463694,9.533933140766276
29.50318133960652,0.7499999999999982,798.3621430027615,0.34390990981807956,9.530532201663979
29.50318133960652,0.7499999999999982,798.3621430027615,0.34390990981807956,9.530532201663979
29.50318133960652,0.7499999999999982,798.3621430027615,0.34390990981807956,9.530532201663979
29.3445860986224,0.7499999999999997,798.92894205051,0.3438599650510006,9.56482499294918
29.3445860986224,0.7499999999999997,798.92894205051,0.3438599650510006,9.56482499294918
29.3445860986224,0.7499999999999997,798.92894205051,0.3438599650510006,9.56482499294918
