logdet_Q,lambda_min_Q,Phi,rel_W_error,test_nll
30.634290457769524,0.7499999999999994,804.182026738385,0.44033187661850814,9.934404952882712
30.530985806952458,0.7499999999999991,809.5356887224287,0.46505631614637977,9.989876795326936
30.4405894871209,0.7499999999999989,808.3199203384235,0.45049199952339014,9.95071801268717
30.709481952570457,0.7499999999999994,812.8364325975078,0.47272566585480985,10.078059562290942
30.468575622358056,0.7499999999999994,811.6850476361459,0.4474820128988263,10.077042571775362
30.12522663214277,0.749999999999999,809.4152959352995,0.4406427088668816,10.057595929432082
29.854982304873776,0.7499999999999989,805.0284508378797,0.40653778087041054,10.016937304687701
29.736028566284972,0.7499999999999993,800.9018615946853,0.36222494687454143,9.851658603451678
29.71503253013422,0.7499999999999994,802.1810141206407,0.38712615391799,9.736448754669336
29.58074427950177,0.7499999999999994,801.2432661434484,0.36320229747375526,9.733984624533505
29.73639153299249,0.7499999999999994,798.796288572293,0.3424545148046986,9.669709856126909
30.252764679820057,0.7499999999999999,803.3490301990781,0.36020518458831924,9.685911273977045
30.699470963191118,0.7499999999999998,798.589453037993,0.3651789582293135,9.58743915311062
30.67162373709316,0.7499999999999994,800.0397142639958,0.3732295638655873,9.554559077888252
30.954209390245403,0.7499999999999996,805.1122720224769,0.4279382176475085,9.573319078818312
30.61013385473989,0.7499999999999994,802.5464499858955,0.3818274246224473,9.517317400628144
30.19954894092097,0.7499999999999991,807.6742309241158,0.3837566008438106,9.526438031411129
30.074352043575498,0.7499999999999996,806.3324185257136,0.3366210971659368,9.494103304334365
30.168942825095627,0.7499999999999996,810.0092248265566,0.37967884477394465,9.472212037515558
30.25769275743248,0.75,808.4862128025381,0.3751519834834676,9.427544212716404
29.703129072053283,0.7499999999999991,809.7457719131951,0.37270204192544726,9.49859574645692
30.425158202691804,0.7499999999999996,808.7857048765386,0.3931427329377927,9.62868477464043
30.501813644944203,0.7499999999999986,811.1742807960494,0.42560472058669113,9.67396255408157
30.53595957079279,0.7499999999999996,809.9028468813942,0.45295329221843234,9.719508827426035
30.459859770751013,0.7499999999999993,807.9156088005625,0.3808609005039372,9.679784539897184
30.26884361987306,0.7499999999999989,808.7667007496808,0.38409704474723305,9.712991380951365
30.64702513335316,0.7499999999999993,810.5679506797136,0.42319722826804,9.794303931740771
30.307727049678522,0.7499999999999992,811.4805530554095,0.4331691577386843,9.742128483001583
30.351835549867907,0.7499999999999994,809.3593506162492,0.42034106690703826,9.707026763778149
30.050653373692622,0.7499999999999992,808.9479988853664,0.4360776925676199,9.635510608699665
29.814020536871805,0.7499999999999993,813.4505725199355,0.4698756755815366,9.658150309391178
30.158359520830878,0.7499999999999989,815.5798547082175,0.5392705936351795,9.7038514263462
30.458315245578643,0.7499999999999983,814.3780247657904,0.5208060356518723,9.685986567128609
30.514892682341006,0.7499999999999986,814.9149429052167,0.5959009192031955,9.646527241286586
30.00948184827347,0.749999999999999,814.4516964844635,0.577732125398844,9.6715109705433
29.87718954793636,0.7499999999999993,812.1332088023896,0.5312496119658965,9.612426609735223
30.27696075628574,0.7499999999999988,814.3308453172951,0.5076203822560008,9.67972818756951
30.200741870655158,0.7499999999999999,813.3470138497585,0.5197766742235695,9.757617101334313
30.231527688488217,0.7499999999999993,811.3260983876964,0.5221716710035549,9.688656083132642
30.11567511339613,0.7500000000000001,811.4694890390557,0.4813689581550999,9.662256804008322
29.79114585024011,0.7499999999999983,810.4350617871363,0.5113946134572442,9.74620047116971
29.94575175300029,0.7499999999999992,811.8908769212311,0.5162605773071907,9.789362796199569
30.49079305190225,0.7499999999999984,813.3757956059094,0.5418268139512202,9.860676930677233
30.411399928119298,0.7499999999999982,808.7011413142492,0.49784145792166035,9.82204025093551
30.468459808636908,0.7499999999999988,808.668579872628,0.5005958786230756,9.832326198703361
30.64148980349592,0.7499999999999994,810.7702795755872,0.47962925674745494,9.879665936777567
30.52162694315806,0.7499999999999997,811.4824998494089,0.483237766011385,9.960840262823075
30.47036223524841,0.75,810.0309921738206,0.5218434498086533,9.957747951125645
30.53689563455962,0.7499999999999997,812.4197756217096,0.5351586922619154,9.903202968139619
30.442953445616926,0.7499999999999994,809.8938635894114,0.5082912091195025,9.875644162756558
30.622650591556752,0.7499999999999996,809.0823525799899,0.46747242646209375,9.840137190728678
30.58524448151759,0.7499999999999997,814.9230853892782,0.5274541985428117,9.871583735807807
30.425676233603642,0.7499999999999994,817.2831391621947,0.5222862777539683,9.7392474446453
30.314116592072033,0.7499999999999992,820.7840514801002,0.5490789494698214,9.752416179065895
30.14142835431938,0.7499999999999999,818.1318974643242,0.4525921495692001,9.65862519098302
30.206323670326707,0.749999999999999,819.061943437208,0.4253605642572036,9.745619550519553
30.29169762591811,0.7499999999999986,818.6262259204473,0.4619188326655081,9.700002437334234
30.289348134965884,0.7499999999999999,815.7279381277554,0.4619807474866467,9.668040520015214
29.802655796842295,0.7499999999999994,814.5442032410604,0.4245104152702536,9.695828096312685
29.979813059421975,0.7499999999999992,818.8223898323938,0.47120045187288306,9.80313525864371
30.118209895061803,0.7499999999999979,817.3264751381391,0.4352263331877971,9.7870710433456
29.676820331328436,0.7499999999999997,818.3279052282137,0.4472800992202096,9.693775866886899
29.91442053720201,0.7499999999999996,813.99993571015,0.4324965425430648,9.792605018740693
29.874379771853366,0.7499999999999989,809.1794439377613,0.4042271910463307,9.678186684586544
30.05579791937902,0.7499999999999989,805.360619339784,0.4074846726889057,9.675683533562964
30.212961438356416,0.7499999999999998,802.6654661679147,0.38668270129535326,9.715435324477658
29.96828384650804,0.7499999999999981,800.8512492392913,0.3560385513556313,9.613136993406703
29.61016421525093,0.7499999999999997,801.9862671214557,0.364668108960286,9.59532428827921
29.634612494902402,0.7499999999999987,803.1882656829545,0.37621244717206415,9.689434240314037
29.573533732420774,0.7499999999999999,804.6845771125478,0.3881732336515044,9.737933019543812
29.34739449765513,0.7499999999999998,801.5194806423578,0.3673914511556849,9.68112734142763
29.15078592907013,0.7499999999999998,801.6218448256949,0.3535727319941196,9.670642335562126
29.466402445429694,0.7499999999999997,800.4649028508514,0.3473199663493315,9.550229624288443
29.73606964561761,0.7499999999999988,801.2379416480878,0.35822495215228456,9.5132102166334
29.885011197581115,0.7499999999999986,803.8870939954658,0.4090563661393235,9.531623333545237
29.74292732479969,0.7499999999999993,802.9264414830521,0.4093219698199514,9.57346291737245
29.85633098841185,0.7499999999999986,803.9074569305576,0.39402058783489335,9.60959612880713
29.65229835518853,0.75,806.1305360589979,0.3955890910553922,9.686109070823681
29.02065683663752,0.7499999999999997,807.3098274976991,0.3686936395708375,9.652954367646
29.099918504734855,0.7499999999999987,808.7994119558964,0.3900028967979197,9.699840019240511
28.792904767281843,0.7499999999999996,808.584743869124,0.3671911826240026,9.758247537138743
28.926859229399135,0.7499999999999998,808.4800700436203,0.3730480088420778,9.691309474243857
29.13243210957235,0.7499999999999994,805.8336273547569,0.36573365980958683,9.645034408426017
29.354272069145054,0.7499999999999991,806.9174568193329,0.39735638292289105,9.628511384624122
29.21305030646621,0.7499999999999996,802.0919056216811,0.3711643209591448,9.526999631666675
29.95959473036156,0.7499999999999988,802.5432896901582,0.3904144586225633,9.562514040396783
29.75876665707844,0.7499999999999989,799.7668884242499,0.3663519414483659,9.552189063968985
29.95605210272054,0.7499999999999997,801.0465044386851,0.3781404201131086,9.53779137364911
30.062720414912544,0.7499999999999984,802.5542787584325,0.3782123957346679,9.583241608240892
30.184364499345367,0.7500000000000003,803.7177532706093,0.3859681145295916,9.61654871314217
29.845181293685407,0.7499999999999998,807.1642044656609,0.40097987758292364,9.543337279653306
29.677768226188697,0.7499999999999989,805.0771797447438,0.405024868914964,9.511130437691127
29.113514641525246,0.7499999999999984,808.7989432515511,0.3886604429902123,9.504819853846067
29.275368090980262,0.7499999999999993,808.6219103259607,0.40488309129905337,9.467377763839233
29.763679893830357,0.7499999999999981,804.4895118781227,0.37847877904043076,9.41249151471651
29.835029830094157,0.7499999999999998,807.6070220024418,0.39694342945837685,9.396975274566765
29.83549372887656,0.7499999999999996,806.4563213879297,0.37091598299422873,9.381234475538665
29.73055362829406,0.7499999999999994,806.0453428535191,0.3974857681733495,9.410209915116093
29.817265873575607,0.7499999999999993,806.5936572651581,0.43077216623060915,9.418955055755015
29.803740549642498,0.7499999999999999,805.1813148528909,0.44050524013724607,9.417491848783072
30.07877820755247,0.7499999999999991,805.2336190184925,0.4227628605112177,9.310395091569921
30.01017295399412,0.7499999999999986,808.8356071604666,0.38063387194017745,9.389586007024823
30.016562216123006,0.7499999999999994,806.616349508718,0.3748583544184267,9.35180252970791
30.330225284259242,0.7499999999999999,807.3375273240558,0.3710093882440287,9.413359518490921
30.244201405769093,0.7499999999999998,808.6440368785941,0.3781677876986041,9.463482726307294
30.313408422482734,0.75,806.7282618238719,0.3644062630929578,9.496283930946191
30.44409385371029,0.7499999999999988,807.4221469162256,0.3893617490904255,9.507215784040373
30.457591630330484,0.7499999999999996,805.9780348723453,0.38884708093514464,9.564022590915718
30.79868457275708,0.7499999999999992,803.6962337500194,0.39248122995975776,9.508252550701977
30.949909299518566,0.7499999999999998,799.6727878556502,0.42589970819932554,9.442371710731559
30.958908999197387,0.7499999999999992,802.5595957757022,0.4493510213235229,9.43956107239838
30.863814513965362,0.75,800.050830976528,0.41899099587408123,9.363808067218205
31.267567886472595,0.7499999999999996,801.1194829506969,0.41358275511210446,9.391506474760103
31.920515656098786,0.7499999999999978,808.7769989755419,0.4661634125484884,9.545424137292027
32.00488082313526,0.7499999999999993,807.8325340545874,0.4666393054677377,9.549723846913315
32.039744223647205,0.7499999999999996,810.5596162862385,0.49730035714983273,9.502700643961294
31.77164198652575,0.7499999999999991,808.3905268727615,0.4970381712051467,9.440872137428206
31.831369836381754,0.7499999999999992,807.6327266764391,0.46180514091478386,9.477843251541277
32.22871459782969,0.7499999999999991,810.9740058589024,0.4759738246694866,9.559379020434198
32.2298689303108,0.7499999999999994,815.8142587755508,0.49356872356306003,9.636714628262533
31.956979029360387,0.7499999999999989,814.9865915900125,0.5178195501436303,9.630891459320065
31.999674025542696,0.749999999999999,809.706852354698,0.49399972103473805,9.62630376277608
31.559793807838442,0.7499999999999983,803.4658825330602,0.4742407853314308,9.570590925250192
31.698891645366665,0.7499999999999993,807.5403974036626,0.5024970219452298,9.567866387948376
31.605103084399275,0.7499999999999989,804.4282790657755,0.5003951432262903,9.532869428529244
31.553783631638144,0.7499999999999981,801.0036136382885,0.5071618831140386,9.486775087881943
31.25072115488935,0.7499999999999968,798.5591995027744,0.5140301026118085,9.45669155092329
31.856541134895075,0.7499999999999992,796.8823558841052,0.582590833030302,9.5159850039994
31.545036722074308,0.7499999999999982,797.7699549738095,0.5623092644918241,9.41198151132079
31.503768057295975,0.7499999999999992,800.4014045518447,0.6421059419647192,9.515118509896578
31.28152284328068,0.7499999999999989,802.8295403661916,0.6589065903947174,9.554734053345873
31.246418551534816,0.7499999999999987,802.0094687559836,0.6186516848094067,9.603435605327522
30.83620731380135,0.7499999999999993,798.3712808368597,0.5265116265258204,9.492688286532957
30.341749926512414,0.7499999999999998,797.4543948819841,0.4146854639895817,9.443601367424018
30.1247759194994,0.7499999999999982,798.1878558621931,0.4289561767528332,9.372488628788156
29.805094523847067,0.749999999999999,793.5895553858273,0.4161506844825179,9.33304693300185
30.560950921528164,0.7499999999999998,794.9731611330598,0.6123364919855859,9.535053773693562
30.97310441592974,0.7499999999999992,801.0782255541658,0.7405967055672754,9.681498558541875
30.674423837279704,0.7499999999999991,803.0917200803301,0.7180076932004477,9.727134432042988
30.30291383952332,0.7499999999999994,804.0765498153618,0.6853007388294443,9.698152244543447
30.141591381143567,0.749999999999999,809.008198942818,0.635777629263834,9.6997606493271
30.052664862371596,0.749999999999999,806.7626898655278,0.5115146931654719,9.669277388592832
30.120881699234648,0.7499999999999983,807.2173658957074,0.49033261706410125,9.633293630362624
30.39758564794979,0.7499999999999976,804.6979703590304,0.4840523097669591,9.548356982588453
30.24170932847217,0.7499999999999999,807.6613731165814,0.5458407485259638,9.636549667241649
30.631824265309934,0.7499999999999983,809.518349701597,0.5093227965675853,9.599179023995285
30.98378890494859,0.7499999999999989,810.9294160664538,0.5132023397559908,9.684191396402323
30.621308840818457,0.7499999999999987,809.4411768915074,0.4693514078701307,9.610536876983243
30.55089317199726,0.7499999999999989,806.9258826063601,0.4750271027107205,9.553166156469876
30.524611211775586,0.7499999999999993,805.6091413572577,0.436522693211859,9.51462407801974
30.371021272753076,0.7499999999999986,806.2330634163237,0.462956247286073,9.533868258352857
30.000585816996075,0.749999999999999,805.6981924267218,0.44470558592302867,9.5483940500627
29.829730383999863,0.7499999999999999,805.3134829123405,0.4552529730317701,9.427192166501422
29.355593508232722,0.7500000000000002,804.0196427386213,0.3994666022792764,9.418976689940909
28.925610343642425,0.7499999999999997,803.7755093511345,0.3839590354401112,9.349051052637531
28.96713040015874,0.7499999999999981,807.7155137929409,0.3823823746800887,9.383472889518504
29.17518412147925,0.7499999999999996,806.245651210204,0.4007546899195613,9.430432117867658
29.136590721680555,0.7499999999999999,804.8407837212001,0.3726101241414283,9.383750780362465
29.519632886012392,0.7499999999999992,805.8797097311776,0.3837548535357185,9.439303750110005
29.844845769392037,0.7499999999999982,807.452718290328,0.3881038675515362,9.540677576171891
29.906429151442854,0.7499999999999991,807.1970850332059,0.3966524598524122,9.504538543621525
30.136824669861,0.7499999999999996,807.8288549029369,0.3538832683216315,9.465512307036542
30.20538520103067,0.7499999999999997,806.2544211436124,0.3670916034028263,9.433056313792951
30.18290319434441,0.7499999999999998,808.0748737101419,0.39209830914590466,9.51406465999754
29.81472491674078,0.7499999999999996,806.2725673358708,0.3461797624225939,9.36583730936771
29.72109736135072,0.7499999999999998,808.5869123780224,0.3532960919142627,9.459506658806424
29.87091251663121,0.7499999999999991,812.2332223334329,0.37691123230839746,9.567279175188059
30.4070387677742,0.7499999999999996,809.1171513837749,0.37339798735515883,9.568474359058914
29.87037475572291,0.7499999999999993,807.0602061486952,0.3654651333058145,9.546268048004453
30.12470778161412,0.7499999999999997,805.084396785161,0.3665300306769511,9.584352030140348
30.365666960113735,0.7499999999999992,810.481274085905,0.3667382841644669,9.711158368181179
30.42519178521881,0.7499999999999977,808.1170441766623,0.3590516614173079,9.650819516743312
30.60858998486997,0.7499999999999993,801.8367365017695,0.359873303227085,9.55207948839178
30.999749057692586,0.7499999999999998,801.834677858552,0.3968902530623762,9.519468904929667
31.22084721511033,0.7499999999999989,802.5832762329277,0.455796934054568,9.63767237067869
31.056731853844095,0.7499999999999997,799.2049555389939,0.48235940239994674,9.580893575309357
30.911959811616306,0.7499999999999997,802.8957260487798,0.5376647065479488,9.574428284727523
31.16639407287442,0.7499999999999998,800.1829255005057,0.527074275100356,9.660158900285655
30.860439992367287,0.7499999999999999,800.5247507030825,0.5494607436289288,9.620473636902176
30.044968953137484,0.7500000000000002,800.517171065841,0.46861110451583904,9.5948489508259
30.44003372534329,0.7499999999999984,801.3181692040187,0.5086810709350961,9.52954161056534
30.575988474858814,0.7499999999999988,805.2284517044701,0.4993970947419884,9.556036777865199
30.370765933316772,0.7499999999999993,796.8544351568438,0.5136540023015389,9.534395418803218
30.519396895668006,0.749999999999999,802.3103570453629,0.6560132533691112,9.602594519943201
30.714445166858166,0.7499999999999986,809.0214916998646,0.7420425812210845,9.639514348226342
30.560675082721463,0.7499999999999972,808.3703354159184,0.7457473504785395,9.655164047231477
30.35392992691167,0.7499999999999992,804.8057599500521,0.633364095605779,9.601886981266187
30.49924047738869,0.7499999999999993,804.9805845520565,0.6284899605115493,9.636565389937019
30.48515201719425,0.7499999999999982,803.4526116337453,0.5163921485213221,9.509283169450963
30.65305103540748,0.7499999999999991,800.6922538772521,0.5090398156859407,9.480540176031862
30.216561442331077,0.75,798.5006503245354,0.4825113045341617,9.35899491693228
30.1240141379551,0.7499999999999992,799.5869015868668,0.46951433823718686,9.381335565275469
29.660914863897958,0.7499999999999991,800.7356874680278,0.4226088329218544,9.391602137242861
29.735933529587104,0.7499999999999996,797.4582771627053,0.4098534975019307,9.43661280641098
30.041053396260192,0.7499999999999988,797.7437730823342,0.3618386738067573,9.518390941911287
29.533873785929003,0.749999999999999,802.304768412672,0.35640867921670005,9.450314033031722
29.705669046820127,0.7499999999999993,801.5502925474589,0.3793181685788011,9.449725417141613
30.47239800156703,0.7499999999999998,806.0829115334654,0.43570876495524047,9.612327318908545
30.5441464227814,0.7499999999999981,802.1506687469891,0.47043535761005334,9.58479916675869
30.580578336758137,0.749999999999998,803.2546643868496,0.4489048265223852,9.493299163556188
30.36199216132319,0.7499999999999999,806.7569160179794,0.5048020150518084,9.574865372026931
29.703012648696436,0.7500000000000003,812.052578442868,0.5047459978213777,9.505214909895841
29.713513456184458,0.7499999999999983,815.2049575726176,0.47402746963493164,9.468115369087135
29.81485075021084,0.7499999999999993,811.7683482445017,0.46343144270591974,9.455566274727781
29.903643925246136,0.7499999999999982,812.7811525566747,0.4923261255909834,9.460090834783383
30.139869266248162,0.7499999999999996,818.5154851414577,0.6693944793536097,9.55614298007329
30.85264515957318,0.7499999999999996,819.0897740652714,0.7097782424385333,9.70883861580381
30.813075158406384,0.7499999999999988,817.7321469452218,0.6507644009035528,9.72824746319272
30.596636388778673,0.7499999999999981,815.0539324414763,0.537220564927278,9.68131532689969
30.38961935904518,0.7499999999999994,811.8355598161359,0.5355321653526711,9.651181997817833
30.64810278504319,0.7499999999999979,809.9038244833889,0.48920614923867833,9.65374566584671
30.331758485334177,0.7499999999999996,808.3990348772121,0.5184006497626248,9.669823947517173
29.78963577077406,0.7499999999999996,804.959286419969,0.4517931980350694,9.564782422282638
29.380306153591995,0.7499999999999986,803.5172860751386,0.43022213084363803,9.4767575677753
29.306969109986753,0.7499999999999988,801.0100761735009,0.4388231610083366,9.490703822574693
29.357432370638772,0.7499999999999999,799.9199762433689,0.4363368428697467,9.462613670037905
29.365848157747802,0.7499999999999994,802.5051343887417,0.43937274521224073,9.571587200092385
28.916748171272626,0.7499999999999999,804.7384510506563,0.3917452424988081,9.550007991344767
29.267510777196907,0.749999999999999,805.0284024610137,0.40687171465106625,9.526720979010431
29.1435673530842,0.7499999999999992,807.9790894203306,0.4151887179789835,9.583763442388511
29.755970001071933,0.7499999999999979,806.8410198691143,0.4373744727044743,9.63998934056318
29.656861104161678,0.7499999999999998,806.2703574194237,0.4249161254728058,9.603674784164856
29.519689834280236,0.7499999999999992,805.5859333040976,0.43151257572478796,9.576612853825377
29.38156554580502,0.7499999999999996,806.670002734049,0.43545710308249364,9.53969462425234
29.414651429330135,0.7499999999999987,809.008177861358,0.39333200695901976,9.622001967822325
29.279841564901062,0.7499999999999994,807.9193022622705,0.3745908019384,9.687953545199576
29.117055886207297,0.7499999999999991,806.6839971813648,0.4148869567124355,9.728029902764822
29.527892303420224,0.7499999999999997,807.8387400373209,0.4045097487357387,9.81535927047803
29.131955625581547,0.7499999999999989,808.4011059608347,0.3515967218810353,9.708218424870713
29.055086717702547,0.7499999999999992,812.4330637761309,0.34826632686839964,9.770117237834253
29.645006965252346,0.7499999999999996,814.0923009682747,0.35942068173780706,9.880324933076967
29.32246812646788,0.7499999999999997,807.2919542992211,0.34100507803240226,9.742456626933446
29.80731582075257,0.7500000000000002,808.7555230867879,0.36166722761480474,9.782353126256135
29.63184896716337,0.7499999999999997,807.3220796900038,0.36465755460719695,9.77728139229338
30.052494062124197,0.7499999999999994,804.1022424427523,0.3648449559026837,9.78882369919648
30.052494062124197,0.7499999999999994,804.1022424427523,0.3648449559026837,9.78882369919648
29.472557157454595,0.7499999999999991,802.6374466887017,0.3305929726102132,9.684267186314944
29.43515689686502,0.7499999999999993,804.9587644876984,0.3519774836088713,9.709862743790287
29.55603848081784,0.7499999999999992,801.1764929854004,0.3776699597052073,9.58719937404068
29.698893837573355,0.7499999999999997,802.0487237573107,0.38567980781412325,9.637349855640739
29.825009199408623,0.7499999999999993,805.1743775113767,0.3929299507645244,9.680278803203024
29.960837090838332,0.7499999999999996,806.254119638219,0.3861187409146482,9.680209075505605
29.70681481602781,0.7499999999999987,810.9718267257996,0.4058054384242276,9.705936983304436
29.613237600120943,0.7499999999999998,812.6941846978135,0.3948242467983232,9.706260259052367
29.62259930013422,0.7499999999999991,814.9923473873274,0.3996843181139087,9.64883798712217
30.128212926325865,0.7499999999999996,815.3655941786672,0.4072655092918724,9.603066119549954
30.210062854641617,0.7499999999999993,813.0028407166865,0.4091141829054537,9.643770985274259
30.245545094168094,0.7499999999999992,810.1312183123366,0.39024469989512023,9.570080317183715
30.70487300358638,0.7499999999999987,813.4437226439986,0.4090126253041946,9.49312179557486
31.164425901381342,0.7499999999999986,819.6212726537602,0.45679302598623317,9.623385441944041
30.27375154574117,0.7499999999999998,816.7556745176668,0.3919387839235154,9.466050351140172
30.50075417308445,0.7499999999999993,818.5984374483521,0.4191832544952883,9.51360341539446
30.51845815141945,0.7499999999999993,821.7429215518545,0.47148261459213386,9.532189898115666
30.434506108296432,0.7499999999999991,815.8311287541242,0.4403625123093831,9.473524452091818
30.66206784421455,0.7500000000000003,812.5565144132997,0.447030752621615,9.472387150152823
30.58581152255806,0.7499999999999997,809.3253139649703,0.4376703988020142,9.389400472727084
30.502296225762908,0.7499999999999981,808.3922134638514,0.45676402033553665,9.41761038069462
30.24362087390899,0.7499999999999988,807.2297669579066,0.4307176229836832,9.375626883921765
30.386087060349418,0.7499999999999993,805.8815015054871,0.40606507602557657,9.355884430106254
30.544932406198082,0.7499999999999984,807.0869301469841,0.43550819250722644,9.40934466911671
30.482623305825783,0.7499999999999991,808.1727928148471,0.5072540815889381,9.50466983026114
30.295566954098305,0.7499999999999996,810.3337134457466,0.5114677127311756,9.452110605839579
29.82818299756417,0.7499999999999993,808.640991463321,0.4976235045731003,9.450756717882012
30.147841108094752,0.749999999999998,808.6808561175026,0.5035808963594253,9.540998447385382
30.186182102266827,0.7499999999999989,808.0090747264827,0.5168452076536597,9.52332309285506
29.809470588195587,0.7499999999999984,804.8239921636135,0.4830725530745227,9.504157348660689
30.283457372285724,0.75,806.1420187411882,0.48271278645358606,9.53871924635348
30.264182605523708,0.749999999999999,802.8848239166163,0.5078668153461113,9.524201239637005
29.628321412313948,0.7499999999999984,798.543827977317,0.46182380207505375,9.520223939149673
29.471991319457295,0.7499999999999994,800.9725337689213,0.3919809759404068,9.56196140024517
29.539517798654988,0.7499999999999977,800.3910389933708,0.36575245968745124,9.52736566427842
29.945225925513498,0.7499999999999994,803.1498396688846,0.3989043374326361,9.59627003256002
30.11588642542478,0.7499999999999997,801.4728315488982,0.4133701089618041,9.511310226651023
30.187184031570975,0.7499999999999992,800.6114260326077,0.4623655924808057,9.555943811365651
30.432489172407333,0.7499999999999983,808.0069344428961,0.43943409551404866,9.55595994717414
30.52617383094367,0.7499999999999998,808.3537879265921,0.39487247894881944,9.605631961884942
30.565087348525257,0.7499999999999994,810.6695644430534,0.43538538039936464,9.634628737977016
30.960086378151264,0.749999999999999,812.0895005195495,0.4909811272232993,9.680053930877353
31.068124628909256,0.749999999999999,814.0947798651379,0.4531031280535605,9.691351303450507
31.08914793486418,0.749999999999999,813.0195056407906,0.41454431000698905,9.598109396711582
31.289188669225915,0.7500000000000001,812.2071908427993,0.4521297066539152,9.668128799102348
31.985284732165354,0.7499999999999998,820.5731302312108,0.557400449195726,9.8714305820038
31.362135755295654,0.7500000000000002,820.5041225879274,0.5078142414939085,9.801359131572994
31.541839987097948,0.7499999999999986,820.6259022220488,0.5005267787060547,9.830637766093096
31.40183704610306,0.7499999999999997,818.2417485621278,0.4926500247105689,9.786816811855886
31.306839213804512,0.7499999999999988,821.1728077498827,0.47846060737470913,9.819620701236309
31.039320618735466,0.7499999999999997,821.15317779434,0.4772389745548945,9.776940863688404
31.16573366891233,0.7499999999999996,816.5911131520387,0.45210347917735744,9.698961626107883
31.56076925567341,0.7499999999999993,818.8988800289012,0.49896564643700214,9.739164104913502
31.935837319631307,0.7500000000000002,819.1615259113461,0.5279412655104957,9.776467308983564
31.5749909152522,0.7499999999999986,807.1922433241394,0.471138890329745,9.585749538216026
31.527093671292448,0.7499999999999986,804.6321537966039,0.5491129702979244,9.509959041771669
31.394941123018874,0.7499999999999997,802.70230778537,0.5422400437922494,9.48956984508894
31.250411955210243,0.7499999999999999,800.7109388891389,0.49296815690121104,9.408298672915095
31.123114997340004,0.7499999999999993,800.0017278402764,0.45754391756677076,9.430821900875376
30.694762963376217,0.7499999999999997,804.0328487254101,0.4181289076464891,9.388994562313957
30.37060937633368,0.7499999999999993,804.6978193973974,0.3708054318237811,9.358926278097476
29.95778000873213,0.7499999999999991,802.0339583749239,0.368160349261209,9.22213898516273
29.691871958491312,0.7500000000000002,803.7069553204865,0.3753903639327336,9.201169570361438
29.658257712342788,0.7499999999999997,804.3999530691761,0.3507019845195337,9.242673786596807
29.75729565073583,0.7499999999999991,805.4311835978903,0.3757748908060128,9.252251100087255
29.314840187321714,0.7499999999999992,802.3360027433889,0.371405040502058,9.21315200511568
29.724160284506873,0.7500000000000002,800.5527970264806,0.3658337858179751,9.236047779439
29.385503591483545,0.7499999999999993,798.8763729889449,0.36440450594844015,9.214502488731412
29.622930750999394,0.7499999999999987,804.768878298698,0.3867770167316596,9.31929738987812
29.970917092261097,0.7499999999999996,804.0541398511714,0.4200656351507522,9.36474566945384
29.73557347931623,0.7499999999999994,801.7790228064143,0.4003055433567563,9.379328975307818
29.789254998448293,0.749999999999999,806.0712188777178,0.4127705620002942,9.387771999458005
29.74333868504699,0.7499999999999989,807.98443613464,0.41920046093598257,9.413372106707929
30.346916567228988,0.7499999999999994,811.1718476725548,0.46044864097580546,9.506065040264792
30.84760257160078,0.7499999999999999,814.7740851480125,0.5277085762957311,9.605983419363662
29.964118303818463,0.75,810.1604754972757,0.461558837098264,9.480033218434334
30.12343938655548,0.7499999999999994,811.3823379251626,0.4376172746427566,9.465437452301202
29.738309010246304,0.7499999999999992,805.5043384528332,0.3804793998046737,9.393430620361837
30.03867888610416,0.749999999999999,801.0223050647098,0.39738598949422094,9.3304944924031
30.32245645233248,0.7499999999999999,797.0723386772986,0.40508381336617494,9.361142596859846
30.54785720522992,0.7499999999999989,796.4693923279651,0.4392138673004715,9.27020032525795
30.15381815518956,0.7499999999999987,800.8567663364931,0.4134596950934374,9.233237400665178
29.610821225279626,0.7499999999999996,799.8132290934008,0.4139316336544605,9.206931516873258
28.957521432121933,0.7500000000000001,806.7047255206255,0.44860261737296087,9.245143059075582
29.56664714693262,0.7499999999999976,805.337737932502,0.4396979682768689,9.345723520357954
29.401536297148954,0.7499999999999996,803.5835721938747,0.38843838145321546,9.352301794082047
29.353286198798173,0.7499999999999993,808.4047854778219,0.3913954528471066,9.354969008921994
29.382849428363578,0.7499999999999994,806.1664820367114,0.40669132156058974,9.356508386600387
29.908187715573153,0.7499999999999984,806.3008653553276,0.4175292425381724,9.387391523533086
29.723067879382327,0.7499999999999994,806.6561352992187,0.4027583220854859,9.40751092518685
29.764878686121275,0.7499999999999992,801.7822617668518,0.34747994746578836,9.343606212427574
29.646994703054624,0.749999999999999,802.0996011946753,0.3403317904858134,9.335583209839104
29.83680153165109,0.7499999999999999,806.297321314905,0.379677234984663,9.370146474530923
29.760239778612657,0.7499999999999999,810.404894577088,0.44980227062835815,9.3623634638889
29.91091926030027,0.7500000000000001,808.8604948897308,0.44518538004707625,9.344567067393333
29.66434331466939,0.7499999999999989,808.3426760170523,0.46111736137467857,9.320238122537853
29.94255046102732,0.7499999999999998,808.4897840199302,0.45952022419420363,9.427835044929656
29.760841049089777,0.749999999999999,807.503115673649,0.4856396139957496,9.468464434371104
29.50331749354111,0.7499999999999992,806.7178122711583,0.5025853469830431,9.439363286349158
30.088240805073735,0.7499999999999989,803.4023224327077,0.5981337186821307,9.480511085610553
30.54864779751558,0.7499999999999986,802.6378934877566,0.6305548638573254,9.53164654680142
30.273572730274815,0.7499999999999994,805.7947671074163,0.7012480433757725,9.444001970198887
30.550306108113922,0.7499999999999992,806.8837970499924,0.6628944625199976,9.509122995991271
30.524726721279166,0.7499999999999986,801.0970237779414,0.54357941833924,9.451302158947826
30.069402126152866,0.7499999999999994,802.5653171118398,0.5223969024418974,9.455319836991588
30.41712822717147,0.7499999999999993,800.55326121244,0.4537403263995895,9.369586653624761
30.112779522224255,0.7499999999999997,800.3585375351801,0.36420040046449437,9.319626854989604
29.935110995679064,0.7499999999999998,801.0543418347489,0.3871094548998811,9.303239625869898
29.84680605979556,0.7499999999999989,802.0405468243797,0.3520055695487514,9.376612721841258
30.247409019599854,0.749999999999999,803.8459133156749,0.3645155945192877,9.425256800624084
30.64127056462029,0.7499999999999996,809.2002563923373,0.39635491257001665,9.471351128633179
30.40927549092405,0.7499999999999998,802.4731553273846,0.3594817270286815,9.3981506414586
30.065669148953177,0.7499999999999987,802.5733343904722,0.3394897265469199,9.33850018554178
29.786507841829877,0.7499999999999989,802.6395937592241,0.3538070270326277,9.394751734908649
29.767438254338717,0.7499999999999994,804.4213980415954,0.352176778193038,9.477022111821242
30.620644776757782,0.7499999999999999,809.4787603410139,0.446865458799495,9.618076394608712
30.696099551441556,0.7499999999999992,806.225381523783,0.43405412224759776,9.555696607624139
31.125526320595995,0.7499999999999986,809.9521886056995,0.4869759105329043,9.685848596524067
31.415811215931534,0.75,810.6981854212972,0.4822362424674255,9.739052723453565
31.52203569485883,0.7499999999999997,816.6158965225214,0.47455968861324127,9.741871906899362
30.808954266541036,0.7499999999999992,812.5435341074153,0.4589790577586338,9.650164463142122
31.267355304752517,0.75,812.7521464447652,0.5179857611192387,9.782844300847469
31.22138949427742,0.7500000000000002,814.1910207729542,0.5504133775199976,9.780420426065854
31.124847512995135,0.7499999999999996,810.7419334119123,0.5686189826611876,9.82410381083984
30.89330701698756,0.7499999999999983,804.2767843109891,0.4323459041709467,9.69046239961329
31.181828056385275,0.7500000000000001,803.76398798511,0.4781286864878412,9.77833274335637
31.490817918223016,0.75,805.007771816197,0.5433230555163596,9.754240797398527
31.190324049167923,0.7499999999999996,803.7346766316346,0.4693163827797531,9.756138355282184
30.784953288280363,0.7499999999999994,803.2205917269378,0.44097145459346315,9.74242171296178
30.59896223900914,0.7499999999999983,802.4932814143156,0.43350551494356493,9.687276227998336
30.807552437035277,0.7499999999999998,804.9024730418205,0.4470716754426432,9.639179327922156
30.524504478326236,0.7499999999999997,809.338565704089,0.39482197410746395,9.576105633618662
30.635514880973,0.7499999999999996,812.4658983241383,0.40809150596400645,9.684458931507129
30.47192505077979,0.7499999999999989,814.7736088019402,0.42684717385466203,9.69451594774672
29.741834549358636,0.7499999999999989,810.8192833766441,0.38952560261972097,9.637005394275079
30.034680370221782,0.7499999999999992,814.008876050503,0.42948892955819407,9.668247534201896
29.94378107434268,0.7499999999999992,810.8264453049189,0.44507320942699446,9.600980435290282
30.322119911860124,0.7499999999999994,809.193135664467,0.4437003841206779,9.565162819181712
30.44251502961542,0.7500000000000002,810.5972093974437,0.4129835691889175,9.638604974513552
30.568652129685265,0.7499999999999998,806.1089904599542,0.39907022800844827,9.658486572281614
30.34545833235278,0.7499999999999998,802.348771256327,0.3982761946877314,9.665946137144337
30.897077554008,0.7499999999999993,806.8604624252058,0.4129266917238003,9.693349949115227
30.795079796616886,0.7499999999999993,803.8613593569954,0.43990219922552365,9.645918885112494
30.69128475489992,0.7499999999999986,806.6935916300497,0.425098263614988,9.652616624836039
30.80438572742715,0.7499999999999996,809.2754144335184,0.41577517036835004,9.644592750115564
30.395812939161722,0.7499999999999988,808.9195067855001,0.41727839461331456,9.66739586266877
30.708405723203807,0.7499999999999997,805.8280718609406,0.4767758147316515,9.67453694679964
29.837894130118652,0.7499999999999992,803.216603262046,0.4035065446063291,9.586025476442344
29.33900788050456,0.7499999999999982,803.9981790208773,0.39946960999916076,9.552568372036035
29.33779678831937,0.7499999999999987,804.2411192064403,0.4269187317349104,9.554921970116826
29.447181281731176,0.7499999999999996,804.5249936841917,0.43263386960396266,9.586308661833446
29.380513625890412,0.7499999999999988,803.7923140002189,0.39857527794713377,9.583622087578064
30.08420086245079,0.7499999999999998,808.0994655364815,0.46068555517888693,9.717718050323853
29.59381497318568,0.7499999999999991,807.05790169783,0.4318718534756236,9.620583524145848
29.38595146593524,0.7499999999999998,809.2619566904576,0.42260207540137396,9.597442594309166
28.87593451273601,0.749999999999999,811.8489595348153,0.4553702540701409,9.58796667192711
28.630331282918046,0.7499999999999991,805.5883020415641,0.3915016238995341,9.535263996374317
28.663460604341957,0.7499999999999988,806.8287231397261,0.4168521632938479,9.563344091220767
28.71210967782143,0.7499999999999993,811.6826231124501,0.39105630611226283,9.630499890383424
29.371759277185973,0.7500000000000001,809.1873147565926,0.4183244187188521,9.610504020118398
29.314592624491976,0.75,809.4164233402244,0.45572696158292697,9.56929143219212
29.147482203562223,0.7499999999999983,812.9830123578128,0.4424493091520523,9.62626134744448
29.031838507420638,0.7499999999999994,812.2011534718661,0.4128093226180309,9.523873511481398
28.915703430546184,0.7499999999999999,815.569653161209,0.3518882224347471,9.574863615166453
28.965917749314123,0.7499999999999987,818.5145874143338,0.38838894284382214,9.566502110306786
29.42805468517854,0.7499999999999993,817.9065099788008,0.4274012595563053,9.595144044496198
29.316381884463894,0.7499999999999992,813.4943305060756,0.33931165529392465,9.548745921667324
29.20785554897194,0.7499999999999989,813.3891794856,0.3586676349314482,9.65110212121807
29.0443424600203,0.7499999999999989,816.8115158560262,0.42158023008502177,9.64194085928683
29.321681106825878,0.7499999999999998,814.5796127955533,0.45005140354036366,9.58064723137213
29.31329102901999,0.7499999999999994,813.5773383616481,0.37693272991882804,9.605895912815138
29.751171133176683,0.7499999999999988,813.8525273622504,0.41088870673933353,9.728965390262221
29.733167902708864,0.7499999999999996,811.4103451987247,0.44773609685044974,9.659498685305024
29.496259105985274,0.7499999999999997,810.6647063548318,0.41868138063762417,9.635268679089574
29.625513707384858,0.7499999999999992,815.3628239807847,0.45308375387494526,9.749484374423592
29.246500081190977,0.7499999999999986,816.3712531238834,0.43829505043162564,9.837936840576154
29.421261356119572,0.7499999999999982,814.7318929134625,0.46547808661092616,9.799135805117904
29.28358346196441,0.7499999999999988,812.9269521005373,0.4476042147350313,9.80601980673257
29.3398386820891,0.7499999999999993,811.9114447599703,0.4863864562184173,9.781041944869003
29.436140620372218,0.7499999999999977,817.8219743408148,0.4836452507875548,9.832052447175645
29.735368597228977,0.7499999999999997,817.2852937270544,0.5022867619783149,9.831083824971847
29.76093657300494,0.7499999999999997,810.9478641724672,0.45929827591674527,9.794756631877178
30.35139458153499,0.7499999999999984,810.809031972997,0.5263211752511315,9.810959875061233
30.83369677024999,0.7499999999999991,813.007290537003,0.4985806407889824,9.836685143700956
30.452373655026378,0.7500000000000003,814.8220831715025,0.4780952999302461,9.698016353152715
30.527564388478787,0.7499999999999993,816.1654975000956,0.5007281598230052,9.67291253274152
30.446661979100675,0.7499999999999991,811.784581555207,0.4346764097844124,9.676184679223766
30.49788948135976,0.7500000000000003,812.2836785747006,0.44204976330397255,9.669585106548732
29.75057598514152,0.749999999999999,811.1732870466461,0.4254930939755939,9.650543710064401
29.058829413696575,0.7499999999999997,811.9099657236816,0.38625371522266094,9.569811534204078
29.275395272363653,0.7499999999999997,810.5577545985803,0.3839054110391947,9.563482018647463
29.075003017671133,0.7499999999999999,811.6487999644485,0.4047752963537461,9.484089032881858
28.61174588764746,0.7500000000000002,808.0691984513683,0.3613989668731815,9.466564001220704
28.86753549925364,0.7499999999999991,809.2179032762102,0.38720677319614677,9.56383653097672
28.95247872866248,0.7499999999999992,805.4537509431767,0.38283912528988423,9.486513566826314
28.900431519148597,0.7499999999999999,806.9492880448362,0.3446477317797759,9.44121350834261
28.77078653821153,0.749999999999999,808.3730511578849,0.3474739531418594,9.430449158922666
28.755912216201338,0.7499999999999993,807.174052486623,0.3591654759301951,9.513665461705667
29.094708557959176,0.7499999999999997,808.8152133921551,0.44879962331914314,9.556992016149152
28.742321321013613,0.7499999999999986,804.0678285022278,0.3816491953963902,9.537180906327901
28.732178053397394,0.7499999999999991,799.1816489681441,0.3328187198066283,9.512398762827022
28.323227629407526,0.7499999999999991,802.2518796715965,0.3469621354495485,9.452464158600415
28.26414784525701,0.7499999999999992,800.6743209409655,0.3386098808516693,9.470216624230385
28.01051696349754,0.7499999999999997,802.7641145220298,0.3411110436034615,9.480372108601944
28.013786713498384,0.7499999999999993,807.8623900535049,0.3627307896590282,9.50496480483674
28.354374688419867,0.7499999999999997,811.4292437567731,0.39185423483985904,9.632639979664543
28.74027514767724,0.7499999999999991,811.9751329777538,0.3919793568589297,9.616782532109122
29.076576673873944,0.7499999999999992,815.4014616379636,0.3912593376266472,9.715192683442131
28.758946362657248,0.7499999999999994,819.8957542500505,0.4111469768949378,9.75364723647785
29.104700560192306,0.749999999999999,819.5476206195622,0.4151935846324416,9.821639452046938
29.039206575765064,0.7499999999999993,822.1681754725757,0.4210256599828853,9.777979933590728
28.95718993137536,0.749999999999999,818.7002069523685,0.38299347457326827,9.700676090597602
28.85943091681847,0.7499999999999993,814.9027223253457,0.38715260745967267,9.791661208479747
28.378094746969953,0.7499999999999991,813.3001446382096,0.38711729062622413,9.736873906319039
29.005374856586332,0.7500000000000002,807.0783953383404,0.40350917556914107,9.747788361720385
29.951897775803868,0.7499999999999987,807.6137952962372,0.44793490511852097,9.870481301443263
30.193486420376217,0.7499999999999991,812.9584775674138,0.4911765216006994,9.811449234353415
30.284247933914436,0.7499999999999988,806.4012683678816,0.44653201476418847,9.721261201830183
30.382210202597822,0.749999999999999,808.2845741119305,0.4485143082848123,9.75998771849829
30.383001765260655,0.7499999999999989,809.3900694451844,0.42603225119818466,9.725690758802699
29.8494628382052,0.7499999999999986,807.4026888322644,0.42523920381216085,9.68963581290527
30.110147363769777,0.7499999999999982,810.4349292750417,0.4600763049091347,9.805347542346027
30.405405728147663,0.7499999999999999,810.6622865873185,0.47472978337811056,9.856148054644484
30.746853674329447,0.7499999999999982,813.1122498712722,0.4977556384508926,9.933948720614584
30.47498139018677,0.7500000000000001,808.7412211230685,0.4885619242082985,9.937299169881516
30.268880927089597,0.7499999999999999,806.8715546039446,0.47640519532047665,9.822449936437106
30.358270672182684,0.7499999999999996,807.7379852970923,0.5074429412990008,9.841111396527149
30.858016687431263,0.7499999999999983,810.7067897480582,0.563185483525827,9.818067564578726
30.993343246456313,0.749999999999999,809.6395789824041,0.5200097888251761,9.795489182010545
30.475278510120692,0.7499999999999994,805.5364935084833,0.43961572485081146,9.651148242298513
30.493740297256323,0.7499999999999993,804.4183775344402,0.4622061921285466,9.612249433366838
30.8113821567868,0.7499999999999974,804.0314016610588,0.4428619412567502,9.727095364057746
31.273020468933176,0.7499999999999986,806.0667187412012,0.4646137360805074,9.76823359943857
31.498399546404478,0.7499999999999997,806.1013588645859,0.5188524012133999,9.823694702801964
31.669050288892006,0.7499999999999974,806.6537879379647,0.5253681953947004,9.854588439598853
31.702529531316173,0.75,806.0074152468402,0.5006599742077146,9.860859253628442
31.96123211049636,0.7499999999999987,809.8695853836786,0.546134771020316,9.897075946591134
31.138660170332788,0.7499999999999977,804.7002189214788,0.46476865798811484,9.721284019496656
30.930295499900616,0.7499999999999993,805.2658219275476,0.5254969901421809,9.765946832907122
30.5094852364618,0.7500000000000001,804.5882045885594,0.5379739156670605,9.726744605833371
30.720636137223924,0.7499999999999991,806.9939760403341,0.5787640325351378,9.754868084567514
30.67863374163942,0.7499999999999982,809.6153248294249,0.6017962980556606,9.73838741175923
30.790976651556505,0.749999999999999,808.7640763476663,0.5616806740145284,9.782309207523308
30.85638025121836,0.7499999999999997,805.3834908863042,0.5048082901807237,9.72517934952368
31.223670228427657,0.7499999999999992,810.2193191734251,0.5895853592123523,9.862493644010561
30.77955089978045,0.7499999999999996,807.6975772182413,0.5896028440671197,9.7688262629104
31.099930623336586,0.7499999999999987,807.6978209603715,0.5652046879084,9.88031272209931
31.435784124741595,0.7499999999999981,809.9382840382154,0.5283657963621486,9.887703279984029
31.2108547146754,0.7499999999999996,809.1309901055412,0.5282704106022689,9.849467681229285
31.66857094427427,0.7499999999999996,810.0635634239428,0.5610714727274215,9.906865268326914
31.508824272587113,0.7499999999999992,813.4041939762245,0.600568489153869,9.930372079186546
31.32754569890872,0.7499999999999992,812.3689199323233,0.5531615079768609,9.843051763100283
30.956358282284967,0.7499999999999989,811.7995043782159,0.5313847475803541,9.784448357202098
30.447836407791097,0.7499999999999992,810.836414668062,0.47368069274747343,9.7908612221381
30.28496963833868,0.749999999999998,811.7809716967381,0.494305912333478,9.787829819486664
30.041419025608853,0.749999999999999,815.8298883823599,0.445448259418346,9.787147776489615
29.901458394594517,0.7499999999999998,817.9772801950198,0.4146831982317374,9.834867445475656
29.90938944135717,0.7499999999999997,822.2431686235037,0.4416056219997141,9.831482585321174
29.532617719680125,0.7499999999999993,823.3965294333765,0.39919794987545953,9.869776503633691
29.090327723743314,0.7499999999999993,824.4536650351747,0.38034518487165736,9.77112243965782
29.06409406890493,0.7499999999999992,818.635290727476,0.3603344181221749,9.670319154334734
28.675980632572738,0.7499999999999989,817.5287891575962,0.3567833611104424,9.595719126563546
29.04594527979227,0.7499999999999991,817.119154655085,0.3528374960722352,9.57710725582379
28.480789988074715,0.7499999999999994,812.8283806233378,0.3340320704830282,9.553082858089684
28.622783133729644,0.749999999999999,812.9189896443464,0.3605104309042794,9.58674275439005
28.844051961726233,0.75,815.1326004964967,0.36336355264073544,9.681972377643053
29.06987660391003,0.7500000000000001,817.4898849673539,0.3737925091518355,9.687890095717382
29.122464664350144,0.7499999999999996,819.7511282978312,0.3907852287836147,9.714794207512522
28.822596902331785,0.7499999999999993,818.5522337239996,0.3806553717171709,9.635089225598042
29.321556883163385,0.7499999999999998,821.161096234945,0.3812207944227934,9.745839624718954
29.073438188379335,0.7499999999999998,825.9926536439211,0.38734628703487695,9.836985696006636
29.204049819811623,0.7499999999999997,825.2780254989998,0.4020899309516033,9.911459196691302
28.79707539234463,0.7499999999999991,824.9148175837141,0.4250012039359589,9.900235835989495
29.291514256861227,0.7499999999999994,827.3124051328606,0.4563577693014139,10.032519831736101
29.006548918301796,0.749999999999999,828.982008584798,0.48071037694471996,10.14023185916289
28.87794773941946,0.7499999999999994,825.7864350158683,0.49286982015204517,10.113397562581303
28.453354220967796,0.7499999999999987,833.6342819583534,0.6228745916527682,10.25354670315132
28.68969471552955,0.7499999999999997,834.2908813533434,0.5660452549136062,10.277992013784665
28.693813717373743,0.7500000000000003,830.6905743946525,0.4987298198000472,10.150491803087288
29.059542775757226,0.7499999999999989,826.7544163946504,0.5204764393655519,10.099973505822504
29.613929788871133,0.7499999999999993,823.5883502260509,0.5758249331949147,10.223006996970094
29.364470236780175,0.7499999999999999,822.213583936443,0.5492171499805253,10.167660772244147
29.19099576858953,0.7499999999999987,823.3259179940418,0.5740908775569459,10.24286808048738
28.781002325778772,0.7499999999999997,817.1004568184413,0.5187384670175542,10.035814119897978
28.507097100425042,0.7499999999999991,818.7234270804526,0.505460307019139,10.043100768964356
28.871807065733183,0.7499999999999993,820.6621932787446,0.48104613855530837,10.032577984950416
28.9230396317421,0.7499999999999994,817.9546484886293,0.43790340939225453,9.893141736605779
28.832785647017413,0.7499999999999996,818.1274225012564,0.4303562240867815,9.906460032544038
29.06279031776606,0.7499999999999993,821.2849896898603,0.4318423048373885,9.999823727724408
28.978947974641503,0.7499999999999987,823.895890587852,0.4477156750517898,10.065872346110472
28.877536522279208,0.7499999999999992,824.2804400416735,0.47333513570307884,10.040581844869243
29.107434995926074,0.7500000000000001,821.1462224218833,0.4808318006959042,9.974841608200146
29.070852337279987,0.7499999999999991,821.9849978685093,0.48959977449772246,10.08114864294491
29.46781840870203,0.7499999999999999,822.3181790606257,0.4949116428692341,10.041278077339944
29.47747610156375,0.75,821.8587386694609,0.5176752181547323,10.093894176209854
29.461688453658912,0.7499999999999988,821.706438708478,0.5359751226880238,10.003993362014231
29.286803563650718,0.749999999999999,821.7772611316977,0.5502926792293621,10.113783837905007
29.506896516208933,0.7499999999999989,820.6746416212591,0.51729112132251,10.077560018853859
29.715310571929233,0.7499999999999997,821.403740887474,0.49224570550721974,10.071257072941012
29.446994905262375,0.7499999999999983,821.9714653432175,0.48513832895277315,10.014970025659732
29.01255181215,0.7499999999999992,821.2531847789194,0.4634393468044364,9.912260310475748
29.36963963823333,0.7499999999999989,820.2480809595505,0.4535292111638814,9.887234194522165
28.732458146895805,0.7499999999999998,821.921296227868,0.4432097594461999,9.791653182849364
28.575856670294893,0.7499999999999994,821.3655055049489,0.4450086886367567,9.844024933640927
28.662083592939396,0.7499999999999999,820.0638912188134,0.5434205170156644,9.856704477809014
28.673594752396315,0.7499999999999992,823.3394137627565,0.5230281179946852,9.894171905924361
28.709657425092548,0.7499999999999993,827.7695540259018,0.5938335979717302,10.015836328188618
28.370865093441438,0.7499999999999993,828.100281550918,0.5408011533314911,10.001141653282819
28.236199890736486,0.7499999999999998,821.4416263351909,0.4663894531792476,9.883641030594585
28.999067603937572,0.7499999999999996,822.6835437939942,0.4995315971035669,9.91268096364403
28.94970032208754,0.7499999999999994,818.0479195796224,0.473796882233429,9.804608212031804
29.264906553937198,0.7499999999999989,817.9322464213444,0.5231301180521976,9.863996380878778
29.73915751270907,0.7499999999999987,814.5543583393013,0.5302581193192035,9.907064922705292
29.711780837993754,0.7499999999999999,812.7292832452167,0.4746202838356236,9.754038778994717
29.66639905671901,0.7499999999999999,815.3656492230598,0.49312371885647666,9.75290683256056
30.01442478781283,0.7499999999999976,814.9749271291164,0.46219246909194583,9.748487244056324
30.30915740570727,0.7499999999999997,818.2844083453313,0.485757657462124,9.899619132322234
30.2007571586179,0.749999999999998,816.3776101476547,0.5118507958411518,9.957604934610284
30.128868945048254,0.7499999999999991,817.801883080978,0.4919990795627306,10.05070827077262
29.955165983655565,0.7499999999999988,816.7127034231067,0.4691429384856518,9.949855439682741
30.121239639435153,0.7499999999999994,815.2789928042266,0.4532587277732679,9.963006174300824
30.12180144759706,0.7499999999999993,817.5982629497361,0.45812727517655244,10.055522186793851
30.063067913993194,0.7499999999999991,818.405647829464,0.4383083269800421,9.994956115789531
30.86006779150244,0.7499999999999981,818.9234870551879,0.5151356469919934,10.109984213929954
30.87812265135212,0.749999999999999,819.4080667080932,0.49546014029470636,10.138122441773874
30.87812265135212,0.749999999999999,819.4080667080932,0.49546014029470636,10.138122441773874
30.242709310553842,0.7499999999999999,822.3410862787113,0.5530432197174938,10.241535983948548
30.084855798736797,0.7499999999999988,820.7174795537751,0.4595518447234053,10.18724329948975
30.038461780793916,0.7499999999999996,817.7668434508948,0.4483769246937417,10.118846134510758
29.69252637594506,0.7499999999999998,818.7839172027352,0.4977440076504216,10.159461024184083
29.520043359441896,0.7499999999999991,817.4337451655348,0.5338847501436014,10.111850487666313
29.494332704134976,0.7500000000000004,819.4352715068349,0.5581762054287417,10.150210212756601
29.728108219052654,0.7499999999999974,823.7058856520156,0.6526017289752889,10.137808894797228
29.059695239250825,0.7499999999999998,821.9724427481108,0.5478570733648933,10.01907262579966
29.513034525789458,0.7500000000000002,824.580087597964,0.5327620648836467,10.076564707262666
29.981116797318343,0.7499999999999991,832.1088464739914,0.6490636317348543,10.23452384478862
30.085862597919032,0.7499999999999996,830.3533121312655,0.6208406768002132,10.115997579299124
29.729678062718378,0.7499999999999994,831.6508207501232,0.5618046953334755,10.094558360008197
29.729895427296405,0.7499999999999998,825.7659453395496,0.522131269361466,10.044318081143777
29.63507432674215,0.75,825.1390527050194,0.5051865939485908,10.033178913477334
29.46990960168918,0.7499999999999984,822.9077225693011,0.5072876668679425,9.931636511507477
28.92688056999181,0.7499999999999996,822.0299320477794,0.4760396701493838,9.812636710291585
28.88220725881495,0.7500000000000001,826.1971682762642,0.48635223534776983,9.907361637023769
29.175842977731616,0.749999999999998,822.5025928206228,0.490104694941975,9.90243823521821
29.429389469337487,0.7499999999999979,825.875931482501,0.6048890012228599,9.931734084144656
29.888656668153263,0.7499999999999981,826.4209269215662,0.6409037865972032,10.050451502548734
29.868094429691038,0.7499999999999978,826.5873895382773,0.6150592652505129,10.095463603441871
29.4548073242584,0.7499999999999997,823.1150205504782,0.5156126301206722,9.95165618524437
28.552787849224607,0.7499999999999987,823.6340806603056,0.4763334013596418,9.977529295712534
28.398699249906773,0.7499999999999997,825.5289287031362,0.42645403615206356,9.919087784417721
28.97582916000027,0.7499999999999994,829.092737959171,0.46062379700305023,10.06858239414014
29.125236827546875,0.7499999999999997,828.2051743481215,0.48936148611074404,10.062325838183835
28.601445940146576,0.7499999999999991,832.9910685575848,0.4858588275771983,10.106430756172244
28.193041369949494,0.7499999999999984,833.9270460268192,0.4128272241151378,10.052314803489555
28.21401070512172,0.7499999999999987,840.3504629361562,0.42363628711561074,10.132743603869713
28.51276913371091,0.7499999999999992,839.0236544314993,0.43716390134889765,10.123708848217785
28.586536906742936,0.7499999999999997,835.4256718328952,0.4578939046922638,10.02237652756757
28.140798243249478,0.7499999999999994,833.1567974816177,0.4829370585210045,9.98459563745545
28.332727108606452,0.7499999999999994,832.4989137228347,0.49354865038073037,10.00881231173905
28.49935971616985,0.7499999999999998,835.9462953049575,0.5173032907418511,10.090779162119171
28.62273949969525,0.749999999999999,833.0465985605775,0.47437633399219964,9.912110157868545
28.727491041965596,0.7499999999999994,831.0433411814007,0.4953004807239622,9.88076218171688
28.597638027427045,0.7499999999999984,830.2788086648513,0.45079817858994614,9.70355788554655
28.137035147401164,0.7499999999999991,832.7170767492331,0.46243191509856035,9.768234918469222
28.399582841512913,0.7499999999999998,827.8081047915941,0.49452129651546556,9.669585243555247
28.449727184609234,0.7499999999999994,826.9826117541106,0.4770810293245627,9.661186270512289
28.396327914674035,0.75,823.8051547205661,0.48226924135131805,9.621508673962614
28.81012281528212,0.7499999999999994,827.0938798018918,0.48365429343494865,9.691552085472072
29.151778627961445,0.7499999999999984,828.6594780417629,0.4480201026729337,9.753132237970174
29.107564338309263,0.7499999999999996,826.8029839650379,0.44565224432936973,9.79850291571528
29.580880871665254,0.75,829.0344467493484,0.5087474532824205,9.857802320777518
29.857980272233082,0.75,831.494177472212,0.576354293858914,10.008733647556937
29.935650681140213,0.7499999999999979,835.2064688407933,0.6175329248657828,10.08830145362045
30.005551159303163,0.7499999999999989,837.9824459566926,0.5961366758927986,10.047638191221674
29.485256508023436,0.7499999999999969,834.9939701733391,0.545526493467273,9.94889992609319
29.08399210625729,0.7499999999999998,834.3207900768543,0.5604866501778843,9.862129012843146
29.046202590069115,0.7499999999999993,830.2295791196129,0.5069749914819544,9.833839182016538
28.67378178027924,0.7499999999999971,830.5986537000638,0.49736917765244965,9.754322219290966
28.878548306300228,0.7499999999999996,831.8908977197627,0.4726169014035687,9.803470366982172
28.268971168944713,0.7499999999999991,831.9163134125846,0.43160744750309465,9.821547351009508
28.71196260660434,0.7499999999999993,835.8893700389075,0.4582925756782701,9.875554050923213
28.45584048680535,0.7499999999999998,835.3481086305424,0.46827165755886396,9.883461717494082
28.69544296886709,0.749999999999999,831.708577010662,0.468107491146952,9.888240041675797
28.32733761334659,0.7499999999999994,831.1865662722191,0.42653554231612417,9.800512135909079
28.570896944035855,0.7499999999999992,834.7756368251274,0.4887139024989766,9.906367567243176
28.393832836420376,0.75,827.3457156791342,0.43114147614366616,9.837042249335681
28.71051126621207,0.749999999999999,827.8702662817436,0.4384492077069704,9.86623312378163
28.690525912994723,0.7499999999999993,827.1144964042586,0.44962252939462555,9.763940240970314
28.807170734785537,0.7499999999999991,830.4540638044014,0.44696160229567655,9.82525849753154
29.147683227204734,0.7499999999999984,829.8508204125943,0.4616499528763204,9.806041908655086
29.166839085126373,0.7499999999999959,832.808862044103,0.5700651080232676,9.814026243022667
29.007932292395896,0.7499999999999993,835.7319125698715,0.501508713737294,9.779856652612404
29.493128122695893,0.7499999999999986,835.5245519215714,0.5878522091883418,9.718045748282119
28.821223093058844,0.7499999999999996,831.7783482948814,0.5171448557266136,9.599901531489403
28.42112473079336,0.7500000000000002,835.2948353792505,0.45077769049441735,9.586978645452524
28.403442866457244,0.7499999999999997,840.0133697463001,0.4379731110010264,9.620931996358546
28.75837799837303,0.7499999999999996,839.4996528501044,0.4764150424875846,9.75797749591184
28.53053029829356,0.7499999999999998,834.0803331949623,0.4919837679171526,9.653548959368617
28.38369426455644,0.7499999999999996,832.1790083396888,0.5816820418502148,9.752656828250531
28.139432794910714,0.7499999999999987,829.4643161697338,0.5641060522758985,9.664239915334031
27.899756685582062,0.75,827.8452171452401,0.46181931472194987,9.61349346813726
27.85197423550337,0.7499999999999996,833.1408524113928,0.5623644892836497,9.769478844529534
27.946227657493164,0.7500000000000002,831.7231980553634,0.5831205769580233,9.701218226387564
27.96071030883807,0.7499999999999996,828.0515761227151,0.5397289828747821,9.605425506025261
28.01712050993669,0.7499999999999996,825.5329093528271,0.4752156894676116,9.60153541967631
28.193684884730214,0.749999999999999,827.5495194276955,0.509088966033364,9.70056214181937
28.42487370203129,0.7499999999999984,828.0694819237101,0.4841978410321082,9.762441063490746
28.401305643785708,0.749999999999999,830.259599682145,0.49388390121468956,9.797597066456873
28.6206285102647,0.7499999999999999,834.1463599998787,0.530211243978309,9.84111819013591
28.748446888582595,0.7499999999999994,829.2501351874328,0.5194325161152281,9.90248093068035
28.874638211017295,0.749999999999999,830.8849202800532,0.4971830187120671,9.929249745709603
29.28844367582957,0.7499999999999996,824.2133289040839,0.49256880309063195,9.907588751653904
28.69939611832391,0.7499999999999988,820.3367739849261,0.5030192913322247,9.794219345965738
29.614335125264745,0.7499999999999991,826.2645855176457,0.5359194230133633,10.023508169572446
29.732442149637034,0.7499999999999999,827.0859089952257,0.5232872270818805,10.067591235162121
29.712087962864075,0.7499999999999998,827.7463799550071,0.4927935779326176,10.005895714540003
29.42071794939935,0.7499999999999988,824.291891150785,0.4614469826275929,9.948146551067614
29.31319652415491,0.7499999999999999,825.3253225266055,0.5037308976193708,9.951207213226478
29.109704829560386,0.7499999999999994,827.8940022996592,0.4963139975166298,10.096819105249134
29.438678929520137,0.7499999999999996,828.4297804342286,0.5342814274204024,10.125540925707819
29.420188160265642,0.7499999999999986,834.1924406182583,0.621142815948856,10.161317306388682
29.27695929481075,0.7499999999999979,834.1598894349082,0.5466578388075156,10.132094654317205
28.70914669446478,0.7499999999999996,836.2884001187969,0.5332608327086282,10.127590047798709
28.85213493273963,0.7499999999999999,836.3055887500707,0.5295750193072973,10.196319809680713
29.109643453833147,0.7499999999999987,831.4493355790767,0.6072239087220836,10.0788448537503
28.739757055169353,0.7499999999999992,828.8599351293996,0.538424411015899,10.00693191311207
28.917012470714525,0.7499999999999991,831.7003837055195,0.575233925509647,10.046049258169006
28.894358930580765,0.7499999999999994,833.1220721335313,0.6361651386937585,10.091533654480628
28.73362990844622,0.7500000000000001,829.4324477528189,0.5453175937687598,10.020829135330265
29.10762084808173,0.7499999999999997,830.2698100348368,0.5886159161510669,10.068767842156722
29.428622423212975,0.7499999999999978,826.9154921159903,0.5980756380779262,10.17017152620721
29.39676688882088,0.7499999999999991,826.6423808372019,0.5905190571739974,10.079645129126302
28.66860383512227,0.7499999999999984,823.8148799052568,0.5009146484662709,9.931185022987894
28.144288629629248,0.7499999999999997,825.3221332209257,0.499281064049228,9.815343763199886
27.791644874076663,0.7499999999999998,824.9059659236465,0.4547939871448972,9.767112683665184
28.187275814471526,0.7499999999999993,824.4807213730568,0.4232533459439342,9.82881533912678
27.583783999487583,0.7499999999999988,828.4296703630446,0.4006600011087432,9.812045965427624
27.474037574948422,0.7499999999999994,829.8698927259629,0.3923113292241518,9.855075435236085
27.903013295920484,0.7499999999999992,827.358759439929,0.39751855045130347,9.848681155213734
27.839929401828766,0.7499999999999996,824.7227882543059,0.39364008782654164,9.885656246127747
27.863510570246298,0.7499999999999996,823.6189010023584,0.37200414394872106,9.812298469725182
28.178721465961427,0.7499999999999984,819.9442985609231,0.3618566424865598,9.69757401366545
28.44834270194966,0.7499999999999993,818.5943441241402,0.38167395899659146,9.705601644540687
28.52406602879645,0.7499999999999999,820.6732895673492,0.3931144128843351,9.720113118956746
28.495702839685727,0.7499999999999989,820.0331142309319,0.3825560646662369,9.706719842965601
28.22741991923154,0.7499999999999993,817.8216632419802,0.37280229147745797,9.659530598141444
28.274468746065953,0.7500000000000003,819.0558605211814,0.37516028383221084,9.717932200811418
28.160805242592566,0.7500000000000001,817.4820588191448,0.3388047541182753,9.58327839818756
28.14961505468736,0.7499999999999996,817.6672093283521,0.3517771496594186,9.61040085151735
28.36257884916521,0.7499999999999996,817.4879293964816,0.3467283506506777,9.619085149158604
28.42197564521539,0.7499999999999989,821.526666776289,0.3614768832479391,9.68157773127906
28.763861805701193,0.7499999999999988,818.820615203182,0.38285469697787283,9.698207406972731
28.597257931903577,0.7499999999999998,820.8155000994428,0.3763014756445471,9.629530770496526
28.6226631308223,0.749999999999999,822.1261736274796,0.3917331674652693,9.671974894778552
28.73556167723748,0.75,823.5990852224845,0.3998257321809253,9.70217503266655
28.65112249223407,0.75,821.8327205561296,0.3834358575300928,9.604710312305993
28.514730233532568,0.7499999999999989,819.6364823020905,0.39580099932634893,9.578945217187627
28.650519879439294,0.749999999999999,821.5206932224987,0.3840022608038855,9.64469534605703
28.676329277412794,0.7499999999999997,823.253130549738,0.3980475577408013,9.721605670337203
28.665358905403064,0.7499999999999996,823.0583736531217,0.38610361276073185,9.70818043525002
28.254110550463484,0.7499999999999986,819.5527515366185,0.40660284899904076,9.696767325525837
28.37083886043797,0.7499999999999988,821.9685180732992,0.38375097466496616,9.676946614830243
28.84816389540381,0.7499999999999998,824.5443639012605,0.44688599860725825,9.808625466207321
29.190124334872632,0.7499999999999994,824.5326658922035,0.44716515023500375,9.833895127603437
29.14714612493448,0.7499999999999994,824.8547188038151,0.4514233721215706,9.86345391569101
29.175066374085333,0.7499999999999996,824.7362748732169,0.4957616347077117,9.7902589111856
29.039957323255084,0.7499999999999994,825.6418714874728,0.47508607207448955,9.762202534354198
29.337866212927104,0.7499999999999998,828.4035527510465,0.461206195437394,9.770608225135353
29.093153898836494,0.7499999999999996,825.4791535551531,0.43266789248971504,9.661185799217133
28.980191224924074,0.7499999999999989,823.8391550520178,0.5125910154743157,9.696522749599898
28.968511161055552,0.7499999999999997,821.0327950694011,0.5060093877226968,9.608247801577471
29.299630217813593,0.7499999999999993,816.366393738776,0.5408123586636928,9.471470291596713
29.117831169024196,0.7499999999999997,818.4245047279156,0.48770013948377355,9.436983413383928
28.813107815012263,0.749999999999999,813.7056910202065,0.4651757501794572,9.455550131313013
28.351288559079027,0.7499999999999993,812.6166858300437,0.4657748341275243,9.432458461226329
28.492405856828466,0.7499999999999989,815.0724356713966,0.4450893830759361,9.567595451429773
28.714908260781815,0.7499999999999994,816.1731773356931,0.4126098416680957,9.581056120487995
29.06511537091587,0.7499999999999983,822.7729529522649,0.49428668696038236,9.716295514368042
29.270907159958803,0.7499999999999991,828.2546725394874,0.5566433977474938,9.728503622741083
29.17394236338529,0.7499999999999999,830.5886610734028,0.5817013678835491,9.737539977945218
28.981813291913294,0.7499999999999994,827.8990701005416,0.48951793215862893,9.6721129611106
28.907213682619783,0.7499999999999997,826.4572469230458,0.42880551002906603,9.609245854455859
28.699093712810793,0.7499999999999997,824.7870000598344,0.4266883080773919,9.488366696389189
28.575396515561692,0.7499999999999999,824.5226901248027,0.4158654595165412,9.457670466694259
28.7282873775663,0.7499999999999998,815.9891124448934,0.4177302892634481,9.406626054476598
28.257084265032038,0.7499999999999997,812.0655948155262,0.34178142588474214,9.38101830854759
28.369267872007654,0.749999999999999,810.5524769314774,0.33971071784265683,9.42701798160282
28.369267872007654,0.749999999999999,810.5524769314774,0.33971071784265683,9.42701798160282
28.497400915638664,0.7499999999999992,810.7399493688936,0.34114338858650184,9.450792014363163
29.23238872638347,0.7499999999999999,811.5386948818543,0.3847152616652656,9.53656022115185
29.358111921194162,0.749999999999999,814.9028251516083,0.3915173840972675,9.55407826971396
29.69152898015622,0.7499999999999981,812.8093540213275,0.41017072574284724,9.601426997406003
29.615039457460725,0.7499999999999989,818.7426784748357,0.43596332337049926,9.72683172069435
29.477395608025745,0.7499999999999996,816.2046964818189,0.41251972595278225,9.600707060311638
29.683155633749706,0.7499999999999998,811.5819349880782,0.37491367358951294,9.54446529476096
29.548105650691657,0.7499999999999997,812.7365724628112,0.3715468802539026,9.530301345499371
30.00458525079849,0.7499999999999993,811.4483862481096,0.38624197486773654,9.50827585555787
30.380400828513416,0.7499999999999993,810.3695028138512,0.4110925522483193,9.578432857444387
29.531101419346808,0.7499999999999999,804.8582504707156,0.40590080392537364,9.470707788688074
29.4131881259663,0.7499999999999992,805.1621365575286,0.44046512685682654,9.516517928331108
29.761140623037573,0.7499999999999997,805.5368908950991,0.4084753488387354,9.49943118864085
29.961903703049728,0.7499999999999999,804.894050362749,0.3956817845272188,9.518599287381246
30.079463458816253,0.7499999999999997,803.8733899393786,0.3788369635512838,9.49913163958177
29.813291107332777,0.7500000000000001,804.6329728985261,0.37834559361443953,9.481679614285332
29.585174671482307,0.7499999999999994,804.7106068327059,0.46440227449575694,9.521710234041535
29.202950710216584,0.7499999999999986,805.4540070107696,0.36664064456936063,9.462319548872525
29.216474280180954,0.7499999999999981,805.8605591354,0.3415508518265174,9.437615100070428
29.159416611521756,0.7499999999999997,806.8018821597846,0.35623371189712955,9.40322614652178
29.406219015550402,0.7499999999999991,806.7248871461528,0.42820428972868496,9.50120907562206
29.61171281325564,0.7499999999999994,804.0256757441824,0.40268205922890893,9.609794626469142
29.934439007281973,0.7500000000000003,803.3296192595351,0.43688785489003373,9.603508886587523
30.4061632880088,0.749999999999999,805.89943445064,0.4398315433101465,9.64018219198203
30.608095695915818,0.7499999999999996,804.4241705570562,0.45545221969830396,9.757760758421787
30.82550065030546,0.7499999999999983,804.6697635332598,0.4705816099459322,9.690959842774594
30.881931287934375,0.7499999999999993,803.9797757871696,0.4478358487903731,9.64926092538731
30.86925500586077,0.7499999999999989,801.4441830871871,0.4931237816695639,9.64313286155567
30.522466258825755,0.7499999999999992,801.7082106900006,0.47410898932468565,9.568395547463453
30.382832062921914,0.7499999999999989,805.7640428388457,0.46071389763830745,9.541509979143854
30.389077753825365,0.749999999999999,806.2431034501333,0.4827528989398784,9.601274225258532
30.525441386920015,0.749999999999999,808.7003957589662,0.47527155799324505,9.660356754574773
30.40258388590936,0.75,806.2090051268223,0.47307185542171154,9.575309968557239
30.126728120052434,0.749999999999999,805.7907731984295,0.45885609645601527,9.630609511049531
29.884544933238583,0.7499999999999988,806.9663796494599,0.4229889210413186,9.610696672531251
30.49982472376677,0.7499999999999983,806.9063702939397,0.4647207791718493,9.647262326797215
30.563865773298808,0.7499999999999998,806.0782296259599,0.4603288340503492,9.637976003904189
30.52510679098436,0.749999999999999,804.0626846887232,0.44388731904990003,9.590565316800317
30.77045080432699,0.7499999999999993,802.2706531402159,0.4301170573259929,9.586056476645402
30.753683006244202,0.7499999999999997,804.7390116077872,0.3609120582344645,9.691637940307649
30.566390239515805,0.7499999999999994,803.7964087715627,0.3464179688286307,9.709011082813664
30.427386427403395,0.7499999999999992,805.8801871132443,0.35204457302343467,9.720326891755244
30.63214113769295,0.75,809.276012604222,0.38142638318134603,9.854717498305783
30.695308487811534,0.7499999999999992,807.9766605298188,0.37600127286210216,9.883115966649893
30.508236798008983,0.7499999999999992,806.2893962690346,0.34744154122979165,9.73671415824899
30.1431105742629,0.7499999999999987,807.4742500538505,0.3606363541894333,9.738229413108732
29.921249100977352,0.75,808.0344616088445,0.35937872281253425,9.721382115034464
29.63698430505578,0.7499999999999992,809.7839931049961,0.3639795596797144,9.740217096907074
29.713507572842293,0.7499999999999989,802.4119080714829,0.3645413410141078,9.714397789129615
29.786035443918077,0.7499999999999986,805.5632246191684,0.389681274080669,9.731548069428353
30.216503607374037,0.7499999999999986,801.7975176812648,0.36301251655860656,9.579251150565252
30.05545217090038,0.7499999999999993,804.2276617988578,0.36218835099720537,9.576301748490286
30.439397488541122,0.7499999999999996,811.8331239215652,0.38862683504500245,9.64766240355733
30.48502450683753,0.7499999999999987,807.1386062839086,0.3737347011167597,9.60425522916898
30.656695118490077,0.7499999999999993,809.6781627700723,0.3977386476210626,9.65495184751859
30.5511091493614,0.7499999999999996,809.8109814415469,0.38179371573662113,9.656591436924359
30.034730172500183,0.7499999999999994,807.287877814045,0.3817650444076722,9.678633080062607
30.329633378462333,0.7500000000000001,810.0666239655121,0.3955207747372985,9.704563387624265
30.421716933379138,0.7499999999999983,806.0205084231691,0.38385697176069,9.627679992223317
30.703082520889353,0.7500000000000002,813.4579802373156,0.40498377438831556,9.641172863051324
30.966025508769594,0.7499999999999997,811.758012866417,0.4038370390833691,9.649320827095616
31.000382347257755,0.7499999999999986,813.3178597996994,0.43732518490798195,9.80337020252106
30.97774500378203,0.7499999999999983,816.8255649544691,0.4393876704167871,9.888327188559998
31.10699466566267,0.7499999999999998,814.8592749187262,0.43833118295769846,9.913636635456754
31.080443715450496,0.7499999999999994,809.9606107155679,0.4059115409643172,9.750366177285153
30.830538794650558,0.7499999999999981,808.9418256135467,0.38201505422840126,9.690527970587757
30.711000675132667,0.7499999999999999,810.6735115198893,0.3736583127966537,9.704917134189547
30.4631222590915,0.7499999999999992,809.0998009356246,0.37115045641714633,9.672674620617448
30.51070879887699,0.7499999999999992,813.5997787799541,0.3968453817603709,9.678414623054376
29.987701920999175,0.7499999999999999,815.4364880698731,0.4261439867183446,9.742625138827114
29.984150790212247,0.7499999999999997,809.4532032316778,0.3962164783537523,9.56704123589704
30.480034124548308,0.7499999999999994,806.7090226161624,0.3992042649048685,9.568609875613344
30.28060292316595,0.7499999999999991,804.8284353349424,0.46259055061245485,9.554014547069054
30.95231332425537,0.7499999999999986,805.978365450565,0.5682446746863986,9.619194891850919
30.73387089900104,0.7499999999999992,808.6061520637338,0.5124528718705775,9.464395042518612
30.550395260910634,0.749999999999999,809.1932831714829,0.5019795526500074,9.512993594421976
30.405919925912418,0.7499999999999996,813.9929068972066,0.5341192630668109,9.494647801195208
29.765716998967488,0.7499999999999991,816.6253465691249,0.5225828215587118,9.531976382056138
29.09991094114962,0.7499999999999994,809.1973554768003,0.4161140018147634,9.414050543353047
29.176019201857933,0.7499999999999993,805.1717632606224,0.3935412802605762,9.360298792101307
29.22671520513493,0.7499999999999992,805.9847713367776,0.3736872530180087,9.39780805770793
29.59805293048398,0.7499999999999989,807.7593579469166,0.3986507691373677,9.51226385904901
29.17343070808707,0.7499999999999999,807.4340468134191,0.4006059799293242,9.46327467760195
29.620405591112437,0.7499999999999981,809.7345831675136,0.4324809577769732,9.591736813211813
29.42114207911996,0.7499999999999991,810.0876900396609,0.46345793960147286,9.592788046051885
29.570360888335173,0.75,811.7150661381976,0.4623029520790069,9.572522382089213
29.681895174943527,0.749999999999999,810.4425053046456,0.43675943586144594,9.614991859184311
29.71606592961993,0.7499999999999993,808.6867899382895,0.4233502350520476,9.609434834746844
29.441657197882684,0.7499999999999993,813.6795552114265,0.42975581810470675,9.661898324204632
29.419894786976535,0.7499999999999996,806.5440080140855,0.402808404042116,9.518594844639761
29.446251386780148,0.7499999999999993,806.5558506217062,0.4024018868310152,9.60205927268844
29.29382039126236,0.7499999999999986,808.623069988778,0.4000297340285549,9.638993141806717
29.210188854939513,0.7499999999999997,811.5772040334938,0.39573595974555936,9.671376294989727
29.001930791105583,0.7499999999999998,811.102236065965,0.3896127002413251,9.659977224836037
28.721853596211957,0.7499999999999991,809.1385857924183,0.3484242065214023,9.577644947301058
29.021589264261948,0.75,808.3154717527738,0.35062524243491433,9.660124304388763
29.115361213733095,0.7499999999999993,806.7398063840988,0.3459934163820518,9.623678429787356
29.60059742187232,0.7499999999999992,806.8777789805158,0.3672727150657987,9.743795407466
29.806119470326166,0.7499999999999992,808.3868440946612,0.3842424152998324,9.728622660292777
29.906450065920893,0.7499999999999996,810.7234745735608,0.3977200517440343,9.762692757925914
29.54510492313997,0.7499999999999992,814.45719115479,0.39443411680989265,9.84320330772405
29.252493011659407,0.7500000000000004,816.5928198500278,0.4007326624338708,9.884996507420226
29.586663280351566,0.7499999999999991,818.0538697881,0.4335935220571993,10.07182650595889
29.83085623600722,0.7499999999999991,815.160189966047,0.43345052286844804,10.060981051697393
29.9049669863755,0.7499999999999996,813.9961925007797,0.4219360954532562,10.069010172752067
29.832710726412472,0.7499999999999997,815.1822053886268,0.42429662456951117,10.057053523467607
29.52010753572996,0.7499999999999991,812.6228532323928,0.4120317169758302,10.103036589689333
30.026458714018894,0.7499999999999997,815.1428938930568,0.41616559763267735,10.161964636786564
29.836703139988355,0.7499999999999987,811.3264060826274,0.3781569453320901,9.994559204152313
29.598816268422837,0.7499999999999996,812.2823552987958,0.3806405308871452,10.010401371483173
29.86972616012384,0.7500000000000001,813.240508407543,0.3979223924494451,10.09185905337767
29.912658955566048,0.7499999999999996,810.1312569895018,0.39624472828333296,9.955425092069706
29.68552007394095,0.7500000000000001,810.2537148505126,0.43326095784077795,9.86962547260607
29.612264355000466,0.7500000000000001,816.4155520451421,0.46334886407128206,9.962580468039594
29.6074115097733,0.7499999999999982,816.89262953011,0.5074794281405791,9.988479530909652
29.858705906792064,0.7499999999999997,817.9944436813868,0.4979255492222101,10.076302527825348
29.836394595542128,0.7499999999999994,817.798961195062,0.5094560587222685,10.020365363715573
29.167055031356877,0.7499999999999998,817.2164984604634,0.47032889313657184,9.964241583250963
29.186427419164215,0.7499999999999992,816.8200336475871,0.4507473404719894,9.911609618239998
29.66241376753151,0.7499999999999992,818.114853372709,0.4844242307162335,9.941916157314434
29.776702025749415,0.7499999999999993,818.9881908707571,0.48576013393306183,10.033299166755324
30.04492671593311,0.7499999999999997,822.0710903770918,0.4973179288014069,10.051572339012973
29.580945850143188,0.7499999999999992,820.1934012084084,0.48641607421904076,10.043321223042511
30.003817054946804,0.7499999999999996,818.8797618279457,0.46901672500457314,10.104006895340135
30.27795829499954,0.7499999999999998,821.0199676446513,0.5001484944026254,10.063433278053557
29.978708486251797,0.7499999999999996,814.6150374354349,0.4326423375120703,9.956691301583595
29.793297518571464,0.7499999999999988,812.5414064986793,0.4385217748666999,9.917209318934912
30.38588286171674,0.749999999999998,811.2784551057813,0.457629957871128,9.911522122113217
30.44950631285264,0.7499999999999996,808.2860106498284,0.42414639814021876,9.826248295476281
30.230444867173834,0.7500000000000001,807.5286911086409,0.41443305878961,9.860830554341769
30.215056405232136,0.7499999999999992,808.8317410260415,0.4142224194415971,9.931594543250586
29.922164324931217,0.7499999999999999,810.039734623351,0.39574222328829245,9.891003079907753
30.099905121469327,0.7499999999999986,807.0987300328161,0.43836146658125863,9.874395834172358
30.635564851609317,0.7499999999999987,811.5041581880763,0.48041784906271395,9.884597279926913
30.935845891075104,0.7499999999999989,813.844675748254,0.4863202744745403,9.847623820464028
30.656006932115694,0.7499999999999994,812.2579344616669,0.5733493373323172,9.88500602828886
30.232238785304737,0.7500000000000001,810.4201572787836,0.4999565858605355,9.828252700841706
30.741329186076705,0.7499999999999991,809.9161235719856,0.5442803324656416,9.856906685473072
30.36405687019803,0.7500000000000001,814.1674857697058,0.5083577559759184,9.920179118487052
30.240019182859463,0.7499999999999992,815.6333771060713,0.5276752339884889,9.842906471308458
30.35776821374051,0.7499999999999998,815.8141759967592,0.5166800480074417,9.813836103075285
29.701070300749628,0.7499999999999996,818.1496618708784,0.4701458228303404,9.746961780171329
29.58025439645866,0.7499999999999996,820.9041550499305,0.4483230578317524,9.660039838924913
29.626225720708145,0.7499999999999993,819.1492715546815,0.519705087081079,9.673753341519074
29.358254324633084,0.7499999999999994,816.9222772957813,0.5431494345348687,9.68026836440797
29.57197013501345,0.7499999999999993,818.8147630057179,0.4846723718417308,9.6205261755258
29.692777031677828,0.749999999999999,817.3981298579567,0.48267771031822854,9.51562860678211
29.962137498351055,0.7499999999999994,816.4366550573876,0.47376235605459466,9.4866823285886
30.22526844742027,0.7499999999999984,818.1711587101121,0.4826556396411383,9.493730018952192
30.194853848213864,0.7499999999999989,812.3578565984408,0.4358199516391708,9.460857251867495
29.78214328662642,0.7499999999999994,809.4300788640861,0.4643930580462778,9.381571929931814
29.886046460710915,0.7499999999999982,808.3344701861633,0.42170525646347395,9.364905747570628
29.6188815149537,0.7499999999999994,807.0166744815447,0.4071414766873179,9.356415305016213
29.57847808622002,0.7499999999999997,808.3055124087792,0.43952216114850545,9.428780702473626
30.404958674497387,0.7499999999999983,816.2932424705137,0.46771869521996756,9.57164818500371
30.170719562174,0.7499999999999998,813.5317274624671,0.4367180387028471,9.552740765866531
30.220233172046594,0.75,806.3186196075816,0.44852948679745935,9.50366501080843
30.344451737269523,0.7499999999999976,809.4875686516974,0.47662128024771916,9.504278670214642
30.18789657245625,0.7499999999999987,812.1073790537275,0.4910674005209251,9.543823480013753
30.278135783094125,0.7499999999999991,813.9496489086865,0.5146249555054899,9.548636861816599
30.286367740443662,0.7499999999999992,811.8831112797287,0.5527136998890981,9.552926588160613
30.647535100652973,0.7499999999999991,816.0245654862706,0.5383345276223062,9.682661791817878
30.551177126004024,0.7499999999999994,813.953499345267,0.46194203493130315,9.674623262420884
30.403175731298308,0.75,821.0623900910364,0.43894457115309876,9.693354499172198
30.243115837992978,0.7500000000000006,820.3312284237668,0.45952392593055946,9.619906482032679
30.365931856152216,0.7499999999999981,823.2005388730981,0.46305859800378896,9.730402136880926
30.132560741079956,0.7499999999999984,821.1721721088593,0.44333785791763514,9.771290150671637
29.916879302140966,0.7500000000000002,816.3899281030849,0.4996574659293834,9.72853803667891
29.562519526668225,0.7499999999999994,817.9094446130196,0.48732535842171615,9.747046428502411
29.95558458431146,0.749999999999999,822.4003459301284,0.46120280288790166,9.809718857923375
29.900096317524216,0.75,818.0332218051518,0.4602730285472261,9.731409764625644
29.666290746203384,0.7499999999999994,819.926348897813,0.49973926597563045,9.726815481400271
29.63938691104732,0.7499999999999981,819.7492158543007,0.5046485495911519,9.78583630396501
29.540048356870603,0.7499999999999989,815.8297375533859,0.434130659490381,9.829572475624099
29.948807628764463,0.7499999999999984,814.5563800145796,0.4643199135053396,9.862748567413513
29.767079820781426,0.7499999999999987,813.6594751643605,0.5016884335940727,9.836605606655203
29.652640522072424,0.7499999999999991,812.674659530644,0.4889626212318755,9.765104929706135
29.93378251568049,0.7499999999999993,814.3059878357873,0.6011008657429676,9.802679703476173
30.229370357345267,0.7499999999999998,816.200009629867,0.6500440394146696,9.864738846389354
30.262996105218328,0.7499999999999998,815.4582632810526,0.639067631065273,9.804776508874482
29.98694963016598,0.7499999999999991,811.6017501260421,0.5152870771300955,9.726379524521178
29.982971944333293,0.7499999999999982,811.689473293647,0.5463909205419013,9.69191915554192
29.92233366359221,0.7499999999999997,809.9279155738492,0.5235089986483639,9.714746819287384
30.228860295266674,0.7499999999999984,811.2302322727836,0.5344813571391035,9.765526858832988
29.77791800209663,0.7499999999999991,813.3182249238527,0.40710599120812896,9.742401888704958
29.72910780822506,0.7499999999999987,808.3869551654678,0.39301902580724374,9.686278113156206
29.857254100442276,0.7499999999999994,804.2396522153282,0.38006335072725045,9.721477044566328
29.97548527985501,0.7499999999999989,804.4096149363718,0.38534228074897214,9.719011742459632
30.09056546693868,0.7499999999999997,801.8473927871385,0.38729265002391705,9.716972061023275
30.082807629405025,0.7499999999999967,803.0767274906572,0.3966712512506191,9.811133126898454
30.472729411685773,0.7499999999999997,803.1418589038951,0.39926651357908927,9.856997766102769
30.377587286365152,0.7499999999999993,801.8547228689483,0.409454330541841,9.874293244225125
29.95449526261025,0.7499999999999998,802.3533192938615,0.3944194068441989,9.840233275102417
30.146884389606388,0.7499999999999994,801.7012476053126,0.4025557019900317,9.832352120634685
30.01409445284931,0.7499999999999998,801.1290137155503,0.39272408338458037,9.796047089773145
30.629556798086764,0.7499999999999997,800.9596477835431,0.38916621615746433,9.800805067184125
30.35456723518614,0.7499999999999997,806.3330488642296,0.3757452338507292,9.830978790053555
30.593312202985302,0.7499999999999997,803.5821175899666,0.4131123518185145,9.846870317712284
30.69210024027599,0.7499999999999991,803.7756567397759,0.4085457180654108,9.860360447969821
30.938752794462253,0.7499999999999997,802.959476403096,0.4281050850994026,9.836563881179368
31.190944608435448,0.7499999999999997,807.0316965522318,0.45856797347966644,10.006874376452151
31.32634972934636,0.7499999999999992,813.1328955061202,0.4762819458977146,10.07548664587119
31.058381867498667,0.7499999999999982,812.1712346338875,0.4828703327671175,10.131968932042378
30.597568229230237,0.7499999999999993,812.4010642643674,0.5001727124664558,10.085855228030777
29.91680299333266,0.7499999999999994,808.6726641333657,0.4382319576218636,9.956324667725431
30.173015810214117,0.749999999999999,810.768951333208,0.4578484334980682,10.00229840592954
30.376995048496713,0.7499999999999992,810.1569457199223,0.4595824325425463,9.9499276850275
30.52503280440077,0.7499999999999982,806.7822966461297,0.4380459265396733,9.921973819584291
30.839911541305767,0.7499999999999994,806.249483629244,0.4412619307622886,9.88538435644681
31.142844909541193,0.7499999999999977,802.8055781742881,0.4721783656715068,9.804224133677028
31.616547900491025,0.7499999999999988,798.7718607788261,0.47037810587009493,9.742280851937062
31.051157365942988,0.7499999999999993,797.815076525389,0.4377905201130219,9.69928268612957
31.077927723347578,0.75,798.316665588251,0.42638133152346724,9.660725039625001
31.319134071558143,0.7499999999999996,800.3587919337994,0.43104075815908693,9.75205447669517
31.605682883517492,0.7499999999999987,803.9868029708011,0.46847125108699583,9.787564148988915
31.64455862195908,0.7499999999999992,806.8031866590316,0.4686537457794151,9.816525973797855
31.618478289873536,0.7499999999999988,797.963873017858,0.44472550859669646,9.676212520056637
31.72538360484057,0.7499999999999976,800.2429191582434,0.43766201939512933,9.717582709222418
31.319548786158208,0.7499999999999996,799.4351528550453,0.43587186890792834,9.706052269569122
31.499453341317253,0.7499999999999991,804.3831246153018,0.44630883557560685,9.826463870222423
31.492532082162736,0.7499999999999997,805.5923824589696,0.44268921957815877,9.741314007377293
31.13381226540689,0.7499999999999992,803.1305075102185,0.40969071976991406,9.701520043157938
31.23913137081513,0.7500000000000003,805.2467048377061,0.44833087115996534,9.824677962397288
31.183039544589846,0.75,802.2591377941492,0.4559459058446904,9.837164319916024
31.75680732200649,0.7499999999999998,798.947851485726,0.4580363500611929,9.902563101481388
31.72367657411066,0.7499999999999992,803.3456229314883,0.48054518802850077,9.968265117942062
31.64498431398057,0.7499999999999998,801.4569436688881,0.4537409105046855,9.930323274696201
31.675504441079994,0.7499999999999992,802.4699316923728,0.44207154779603763,9.839745709403578
31.41313619923789,0.7499999999999998,801.0776492752733,0.4645280102906147,9.763682801543283
31.986303121476706,0.7499999999999998,799.9956758805065,0.46164580615318956,9.760150076538656
31.95882742808735,0.7499999999999991,798.4002235889429,0.44410331762839916,9.808879614348683
32.25863446377235,0.75,798.8110239521108,0.4967639262093887,9.841292456017452
32.42797618198835,0.7499999999999999,804.1384078513363,0.5461358650177196,9.871680825390111
31.987913446648214,0.7499999999999986,804.6061970535694,0.505885256168146,9.848185295761482
32.145344446912006,0.7499999999999994,800.4186415445027,0.47818893055053713,9.80083714474157
31.41293745010675,0.7499999999999993,796.6896757421399,0.45569949946676097,9.667683300867022
31.223365751185124,0.7499999999999999,795.346500994548,0.42966021468992627,9.631053284270767
31.317480633924987,0.75,796.6510759767301,0.4690344105647895,9.77448469495107
30.896151696687326,0.7499999999999994,794.0110562755209,0.44409410685788303,9.736933118759586
31.350780224533587,0.7499999999999988,794.7886142733569,0.5005241321517795,9.866419291908567
31.29320536557016,0.7499999999999993,794.9500188134368,0.5435421030947659,9.808394082793535
30.883617403257535,0.7499999999999991,793.86560481959,0.5803784701072716,9.812495816505637
30.57369528729256,0.7500000000000001,790.841210132985,0.5023523951781413,9.61877461906379
31.1295955071653,0.7499999999999997,791.590419190043,0.5226955640290125,9.654852849957631
31.319595569496567,0.7499999999999986,793.7217655587583,0.5323101065058177,9.662106043824878
31.228713511576903,0.7499999999999982,796.6346490644527,0.4509883204078794,9.6987082741658
31.129859617644836,0.7499999999999993,796.1455522441702,0.446060931092258,9.711932886318218
31.4743695868245,0.7499999999999997,796.8159354887296,0.43025396648693753,9.675903252020897
31.503241947331304,0.7499999999999994,799.1447727395863,0.4330676104925166,9.765595274872775
31.404351625782077,0.7499999999999992,797.3081595705884,0.4180388320676332,9.73054677084653
31.44557118444648,0.7499999999999994,798.6883470864053,0.43496321060743554,9.752464223324836
31.53894758870994,0.7499999999999997,802.3208356651563,0.468595950712822,9.902721871138501
31.246732947104515,0.749999999999999,800.1586296975736,0.45554219075840646,9.935535949322126
31.337543649458407,0.7499999999999994,800.9385015661153,0.4356320258969351,9.978682243778048
30.647819824735947,0.7499999999999993,803.6012476855897,0.41620006312816354,9.957700078412907
30.905122023936098,0.7499999999999993,801.6911457029515,0.4276351225219649,10.045208656312601
31.381842279139534,0.7500000000000002,797.8235986724378,0.4217332478481203,9.952452121838874
31.453809833094134,0.7500000000000001,793.7067954192745,0.39846058076082475,9.860356646488395
31.073877471149974,0.7499999999999997,795.0513327494547,0.3889541180469619,9.74629431821533
31.33340061386852,0.7499999999999989,795.4882460741306,0.4019149963435186,9.730001774902528
31.11482401332271,0.7499999999999998,797.8761241294893,0.3788139426650675,9.686953210661471
30.940085169191967,0.7499999999999994,800.0448155548606,0.3954874326673164,9.726642431777663
30.76623000846621,0.7499999999999988,800.824791080956,0.3704511660902369,9.731133282619627
30.808588304848417,0.7499999999999992,799.9700967774048,0.3620686414770765,9.627472781774912
31.247604691563698,0.7499999999999991,800.4521463154942,0.3875313230439835,9.766656678286832
31.26993160395344,0.75,800.3445380310277,0.3765090631579516,9.7801824865502
31.412189464692663,0.75,800.1884607581185,0.38235975163536234,9.776634355588971
31.47564601350413,0.749999999999999,799.7339312005714,0.3702137502217308,9.797099539801218
31.500678157764025,0.7499999999999993,802.3413857472767,0.37799049125699263,9.84011390067602
31.697806824209295,0.7499999999999989,802.4314365391763,0.4120981074674184,9.823949161864794
31.70477561920945,0.7499999999999994,799.1905838631358,0.41272686601856323,9.734858182095973
31.87283358299623,0.7499999999999989,802.6554839318871,0.4449409541220055,9.68647921800409
31.47494982898038,0.7500000000000003,796.2330207699844,0.4293348215848188,9.500787597688454
31.25226260437647,0.7499999999999987,801.3701118630966,0.48129220849160004,9.57413045597482
31.535825190569735,0.7499999999999993,808.0156517093283,0.5759174242291273,9.711313875696785
31.583202289837754,0.7499999999999992,803.9618523744103,0.5427591131389914,9.575165845189977
31.69380550114257,0.7499999999999991,802.52976223305,0.5086092529094309,9.573813362641243
31.13408119416749,0.7499999999999991,799.972646504475,0.4580104339228756,9.489297366016837
31.316075467305563,0.7499999999999993,802.2962967191481,0.4671601938389235,9.54252832811658
31.23002135974124,0.7499999999999992,802.6614221240745,0.46128514692588546,9.626166399105973
31.87272255250188,0.7499999999999987,805.2556325204392,0.522536086469728,9.689767665258419
31.784462759129312,0.7499999999999981,805.3327853080956,0.48760112493678903,9.794229236574045
32.03325819936811,0.7499999999999987,802.0524157209445,0.489015437626642,9.692372787159448
31.64255519582026,0.7499999999999994,803.8076658756776,0.4763509564736522,9.76101493087999
31.817864600924825,0.7499999999999998,803.8500949053732,0.4474079671044333,9.76699769902757
32.20453799018412,0.7499999999999992,809.5492797284013,0.46807404940589303,9.790605224103938
32.60927632938896,0.7499999999999987,810.4875097467344,0.4694666974545699,9.889550646776277
32.153036806697486,0.7499999999999991,808.9761256103712,0.44637524965401354,9.907421550156348
32.29364590545467,0.7499999999999984,805.7647756443062,0.44694430539802693,9.886851978147954
32.689263019959505,0.75,806.8429009439861,0.4681510069091765,9.8559079501638
32.632513208231714,0.7499999999999996,803.930936613066,0.43588402832882306,9.836391358350113
32.59295774925447,0.7499999999999997,805.5492986184107,0.44297459979288223,9.88443398056766
32.2504746029717,0.7499999999999988,807.111437717117,0.44686552484229947,9.882933254681086
32.10198906685744,0.7499999999999993,806.8412120389304,0.45911139093613207,9.916337240500084
32.076494121462225,0.7499999999999989,806.9717218834916,0.4129702751914456,9.869217967116048
31.873284526323644,0.7499999999999998,799.9934227622483,0.41223737999224574,9.803728326777605
32.103844769840414,0.7499999999999996,801.8574989033493,0.4316117199083421,9.875430270731423
32.63438101722252,0.7499999999999988,800.9692329658694,0.48307620939431206,9.922167414940585
32.905580499349036,0.7499999999999993,803.9638337328894,0.49232478380461697,10.00002698946551
32.59135047585358,0.7499999999999981,802.1989919851204,0.49209103233233814,10.034691911472382
32.39681095134636,0.7499999999999998,798.6227040940606,0.468488805847565,10.00702131462045
32.519938394911875,0.7499999999999996,797.9793672151395,0.48097098793131676,9.966622066946332
32.36755445890489,0.749999999999998,797.5240142245937,0.4841106609052854,9.901043520075778
32.321629300239145,0.7499999999999988,800.8766222722805,0.601920731616472,9.927746656045297
32.205690361300015,0.7500000000000001,800.7318330148274,0.5822274471492273,9.915909850880826
31.897891382245287,0.7499999999999996,795.560454567968,0.5168587652532033,9.864730120673133
31.679165781097332,0.7499999999999991,796.7785464193576,0.5198517399864803,9.832171763834731
31.952759610014922,0.7499999999999998,800.0298760895566,0.5593381898297286,9.957854916030339
31.452535555090495,0.7499999999999996,800.7976868517782,0.4831028267870256,9.993654002093493
31.57987280710937,0.7499999999999991,805.7950818045618,0.4663370653541161,10.071065428274284
31.249523345370438,0.7500000000000001,804.2212210504975,0.47152146836590625,10.05069266573626
31.243461848571037,0.75,800.7606624644704,0.4882949618248852,9.993437045578682
31.44245476040111,0.7499999999999998,803.5188517940262,0.5137513550962938,10.07702306623782
31.150964325729998,0.7499999999999992,801.7993917485664,0.4982541263292156,9.993181245806795
31.030406592884063,0.7499999999999993,804.106467402125,0.4969688994571709,10.013500276220359
31.351433131473996,0.7499999999999989,804.7554705325504,0.4888184587719399,10.03098795894125
31.40596059694939,0.7499999999999998,799.9839251405729,0.48551424875923965,9.963208785574093
31.229348491310688,0.7499999999999984,797.5656254508086,0.4562033108935108,9.795826158145497
31.06758190912284,0.75,799.3778445869855,0.49907508052731586,9.744465773317469
30.657798530559816,0.7499999999999992,800.5013521682116,0.43715764712222666,9.771567156048624
30.746371011199734,0.7499999999999987,803.5188262960878,0.438210497452159,9.8180932887506
30.336020236815532,0.749999999999999,802.1859766537824,0.4283646667087135,9.781617451964474
30.002530751650237,0.7500000000000006,803.1421297579714,0.4386768732169534,9.724717838233374
30.389359593206606,0.7499999999999998,804.3929782435932,0.43395305288418917,9.738879349687783
30.85196911830941,0.7499999999999994,799.7846737396403,0.4155825252314576,9.740974257063232
30.741748538840287,0.749999999999999,797.8373862291508,0.40330323129876433,9.689825732401454
30.430157058543845,0.749999999999999,800.3043483355902,0.40155578689621535,9.770948471502631
30.954210353883813,0.7499999999999998,803.8334318029968,0.4399836214189176,9.820472432765637
31.007512613019095,0.7499999999999992,802.2399846035694,0.4124305257318012,9.735630101962855
31.01703005913711,0.7499999999999997,803.1724547899115,0.4121615674523844,9.705226233051075
31.096163459199435,0.7499999999999979,801.6636852918577,0.3888135759287975,9.627865291998798
31.30902077726986,0.7499999999999996,803.9682393671559,0.4140915865386758,9.711335512416074
31.231265258449017,0.75,799.3718765165737,0.4076966993249593,9.737790853964217
31.115925549389363,0.7499999999999996,795.6760330257842,0.39116395352025873,9.647358473616071
30.924596460947104,0.75,797.2551363847057,0.3844257472668233,9.677944139205767
30.7883291884587,0.7499999999999982,796.6018416104811,0.3796062792166734,9.646324869755029
30.24212488788038,0.7499999999999989,796.5502333813528,0.3575840464402308,9.616668384375128
30.74987120416723,0.7499999999999988,794.8047899630583,0.39318407896484997,9.722435414472391
30.75919039283824,0.749999999999999,798.4781182688755,0.41400912948307206,9.864171403632218
30.95502222798881,0.7499999999999993,796.6794381807863,0.42711845683415695,9.829570513923102
30.851674132252064,0.7499999999999977,798.8554581485479,0.3926778314260892,9.836301996546558
30.782792345095007,0.7499999999999993,795.2898588663896,0.39548957089953457,9.758180383832899
30.59202211057556,0.7499999999999992,793.1836032897165,0.39611967398054626,9.713374431081267
30.417038927202,0.7499999999999993,794.0588490896773,0.38413653011502297,9.697694303423058
30.705582946602863,0.7499999999999991,793.7678360785395,0.41427960212223397,9.70915178608693
30.233291266470406,0.7499999999999996,796.9087428338331,0.4260713291447431,9.726486316844467
29.964485550994876,0.7499999999999992,798.740358829724,0.4106091538546719,9.779937249896417
30.27709774396378,0.7499999999999986,801.6586510751979,0.4169369902119597,9.761260506762179
30.548158437420238,0.7499999999999999,802.2476819873536,0.4178231985047297,9.851662535271817
30.486961267510168,0.7499999999999993,803.2354581698344,0.42404412351849674,9.963434692252227
30.76360590882499,0.7499999999999996,807.0453257100578,0.4839508855461162,10.06357330604869
30.462435293635608,0.7499999999999997,810.4779123934845,0.4675340628848467,10.075496106055592
30.47064732994322,0.7499999999999996,807.8948636745027,0.4502398503307949,9.95638456804032
30.258899460736554,0.7499999999999991,808.1424022363307,0.4639914905897029,9.884243145554482
30.62011708263804,0.7499999999999979,808.586787665655,0.45615147052170574,9.88028711381445
30.435468699666274,0.7499999999999981,805.9712051490667,0.49169018407678666,9.786246543372929
30.631914213905052,0.7499999999999984,809.9852850452918,0.5734393797605901,9.889523508037911
29.998364563548595,0.7499999999999991,808.4670761294198,0.45218099835583964,9.831647861789467
29.319976332867242,0.7499999999999993,805.2997097736801,0.3950143260899047,9.735035929254673
29.33175456192094,0.7499999999999991,805.1866818415403,0.43068089562599093,9.770675583965552
29.091667509831346,0.7499999999999996,802.8904491209198,0.43788637744257414,9.651742930488007
28.95072354025451,0.7499999999999989,804.72674636884,0.39180066738633645,9.693904868320379
29.121793563175633,0.7499999999999983,803.8907592487752,0.38771458500902645,9.684366820658866
28.721524456566556,0.7499999999999994,810.3983658962175,0.4038557240528331,9.768761730983048
28.63655968112992,0.7499999999999992,808.4186782250058,0.37570739432066147,9.596699347552562
28.677513837311913,0.7499999999999993,806.8093698073566,0.4439916864571004,9.601958903943919
28.593225866897136,0.7499999999999992,807.537339873792,0.4240685847285016,9.659034234512228
28.5018581164467,0.7499999999999993,802.957549668777,0.3989726226505632,9.533552343323754
28.901595997504504,0.7499999999999996,806.5119741903046,0.39210525227928256,9.682417155177081
28.504443782259226,0.7499999999999994,806.5556624398407,0.3914405806252255,9.66319716903141
28.48166712688348,0.7499999999999989,811.698515300574,0.3637098428649523,9.597951811644524
29.135408345193262,0.7499999999999994,810.7506726172245,0.3733075630709215,9.513600222140065
28.48577069291719,0.749999999999997,810.1508463455746,0.3640691007898524,9.483020542399846
28.761013564342992,0.749999999999999,809.665439647483,0.36248110487599655,9.571675247064224
28.83296773148185,0.7499999999999983,810.1077492430552,0.3807559263599553,9.559285584412972
29.289711208672124,0.749999999999999,811.4640806967624,0.4241186539016214,9.544771373209704
29.4880201365313,0.7499999999999999,813.3057905300435,0.4248141887502372,9.652792794791091
29.609255414256122,0.7499999999999991,814.8801136128245,0.4463519451107083,9.67309360127689
29.11358183466901,0.7499999999999996,815.9596902236009,0.44238093443632337,9.604689443538708
29.397920371629287,0.7499999999999998,812.9784102812305,0.4292237965031964,9.604917777558702
29.098952739186554,0.7499999999999989,815.5963480326055,0.4054667230375267,9.52181429696669
29.05432150893087,0.7499999999999996,809.5280506886281,0.4258425255898606,9.505896111428877
29.331353445100106,0.7499999999999984,808.5537803975257,0.46281946868015156,9.560142188751195
29.11033305864772,0.7499999999999991,808.6801223035358,0.4013037726850922,9.572159079457956
28.99531401742343,0.7499999999999994,811.3696170467476,0.3845711690265927,9.586730058775249
29.374882760382263,0.7499999999999996,815.0029392869711,0.4092737236034989,9.680380529810552
29.331589239701195,0.7500000000000001,814.8189164849639,0.4053646653126084,9.663269799532705
29.48435556429176,0.7499999999999994,816.3140237069744,0.4383391887568383,9.743361184734388
29.31701086089024,0.7499999999999996,818.644584860784,0.4379239312814245,9.753223396590077
29.47498416784721,0.7499999999999986,820.5074728098563,0.4755075371590893,9.802513977063105
29.250329971309892,0.7499999999999992,818.0791972827182,0.4432849102729256,9.80486659904923
28.88396270360997,0.7499999999999996,818.0323951265165,0.4562647138467833,9.77360177511537
28.995348964406105,0.75,817.6286980806929,0.4389757847140399,9.712703310902342
29.104632785118557,0.7499999999999994,815.6149745812769,0.4933049570630645,9.711770472202653
29.3879974143148,0.7499999999999992,815.0648923673109,0.4647241160302094,9.738191183244464
29.457586346514425,0.7499999999999984,812.018451085587,0.4793308872841752,9.664444193479351
29.502296470953187,0.7499999999999999,811.1819822769567,0.437097640956107,9.66683407272231
29.540989803757416,0.7499999999999996,813.69580738264,0.4571652414388439,9.603130150593813
29.407803566608315,0.7499999999999984,811.4741771939044,0.41779790495849617,9.564481835551316
29.07842657407743,0.7499999999999986,816.2705740839708,0.4306761901366295,9.607312063252
28.83683920883352,0.7499999999999991,813.0962791340683,0.38453697345803367,9.63845793342171
28.815424076062577,0.7499999999999996,818.5211026835001,0.41272393862787327,9.694657013226095
28.87857248523221,0.7499999999999993,818.728856534743,0.43211416017926196,9.640951467009018
28.997087535888852,0.7499999999999994,816.8855163572516,0.39772430522294827,9.59858258670262
29.09401125349122,0.75,821.1595577453813,0.41405247385160804,9.620856281147095
29.0651028470758,0.7499999999999992,823.9060010327936,0.40914225009691446,9.725386428196853
28.86848068752072,0.7499999999999993,823.5439401099361,0.4201258753154126,9.779428793462705
29.063184102675592,0.7499999999999994,828.8373919310872,0.43728945727430263,9.832462564985471
29.053204633012555,0.7499999999999994,828.8745431033933,0.5084370381015579,9.821068604330453
29.205835586036283,0.7499999999999998,829.1109818066237,0.574857465679559,9.831721340309178
28.50235635327858,0.7499999999999991,823.717619516704,0.4975570612777947,9.767650998290204
28.45594294061598,0.7499999999999998,821.9344909766313,0.4721260610131419,9.778901777269269
29.123317415815364,0.7499999999999992,825.0011458982176,0.4480828845277568,9.92279892587859
29.205349596305748,0.7499999999999997,821.7182665693545,0.5051253759750487,9.924714050567061
29.025800977417926,0.749999999999999,820.3008209014674,0.4581226516847954,9.980342115455812
29.3528771458687,0.7499999999999992,818.6393048158619,0.42482733495292446,10.006762984701567
29.415381661306153,0.7499999999999982,820.737153655762,0.44799467862096,10.004570713128754
28.551893980893684,0.7499999999999996,820.1187033053847,0.3937661845686614,9.858350280664336
28.333231316014476,0.7499999999999992,818.1434992325385,0.4157661681398532,9.815928314017857
28.715092252770134,0.7499999999999997,822.6969748870413,0.4449581207640372,9.906229037011533
28.807880339442143,0.7499999999999983,824.0620308801539,0.4455198580466294,9.918052570729362
28.650409442953773,0.749999999999999,824.8959564537417,0.4567226367388376,9.900221356085918
28.89407098686515,0.7499999999999976,825.6754226710904,0.4761923789264299,9.994082406843242
28.858826644302074,0.7499999999999989,828.2343688430047,0.4865911561946706,9.969550525480804
29.662909709088726,0.7499999999999992,828.9068138422632,0.5489901507228913,10.068621019259075
29.949153954287414,0.7499999999999989,826.8171865719224,0.5765756591133647,10.09622674888559
30.284187683836645,0.7499999999999992,819.2022279214834,0.556533114929709,9.988274746080936
30.310229469324497,0.7499999999999987,814.0377256103459,0.5042587354051601,9.86285530585908
30.13803929449693,0.7499999999999974,813.4737198507754,0.5003078671765616,9.81506599721593
29.852112427060263,0.7499999999999991,815.4666717038208,0.5170968405208932,9.84950759369122
30.269389615151734,0.7499999999999994,813.6907464783551,0.5650428632362624,9.888063294190763
29.925707434263018,0.7499999999999992,817.3654287261958,0.5462578303670927,9.908209998170538
30.047804064331686,0.7499999999999999,820.6692791108295,0.5590487080084574,10.028751201912451
29.82984747989543,0.7499999999999999,819.5049004196468,0.5561572791253299,10.003575947400842
30.03705630288986,0.7499999999999987,819.8238401151724,0.5386984344376592,10.021249647128375
30.02362131661843,0.7499999999999997,816.4980748585876,0.5392032084536317,9.943369261115038
29.83484914036209,0.7499999999999996,812.0915977611212,0.4841063875786638,9.864012955751644
29.493882777001883,0.7499999999999996,809.9970281222097,0.4452541157685307,9.798901749180803
29.802938556306174,0.7499999999999994,810.3636046236054,0.46201079666765127,9.777410563254708
29.761513351806197,0.75,810.56059384756,0.4510334966351118,9.751306232988707
29.6026608691494,0.7499999999999986,809.54961006971,0.47583595633010745,9.687750653953936
29.83793771192692,0.7499999999999984,811.6422927775004,0.4513069222073377,9.742291226669801
30.35545863076139,0.7499999999999981,813.784450314123,0.42010079631948105,9.735794979182382
30.717488099843138,0.7499999999999993,815.9521129585755,0.4596210041428221,9.825050866341362
30.315636408755452,0.7499999999999973,816.3540595384093,0.4412387050097748,9.759669188129674
30.725714170360835,0.7499999999999998,819.2111045765417,0.47847407908940115,9.851180370355795
30.675062393105105,0.7499999999999988,817.2803996772333,0.45622192115580784,9.861535754506585
30.315258820825452,0.7499999999999979,813.3578891975291,0.42195432889735185,9.754696093545741
30.665192420534527,0.7499999999999986,812.2124642223998,0.44949125259984474,9.718321643932388
30.16013633570866,0.7499999999999997,813.8267213547444,0.42406395922995405,9.725141111124179
30.112302347433253,0.7500000000000001,808.6903078263512,0.45168967949391065,9.730859125269927
29.92818185857902,0.7499999999999987,809.369803249302,0.4063172719460989,9.737253949649547
30.21309118191893,0.7499999999999999,813.5251766509025,0.43498256968283805,9.778494845615933
30.280956299209215,0.7499999999999997,814.1226944950753,0.4251423115366429,9.813095967595237
30.56646687417263,0.7499999999999999,817.3376847387849,0.4656134303807644,9.91532311157595
30.796720617030456,0.7499999999999992,812.1394965696877,0.4665752511459767,9.87188495817557
30.930336150496416,0.7499999999999993,810.5977862100357,0.48773032790518805,9.873660741014064
31.173230943897888,0.7499999999999996,811.3916269128523,0.47173309011477427,9.872799673343883
31.273154245407103,0.7499999999999994,808.8055328283195,0.4604028374219317,9.781730878589837
31.04750052416506,0.7499999999999999,809.6129330903899,0.5086652531773864,9.786085308337912
30.809862926114434,0.7499999999999999,808.6726700758237,0.4538954971532389,9.754002563422645
30.704980710779658,0.7499999999999972,809.2339878167627,0.4756851331594102,9.733971412560289
30.645590765581534,0.7499999999999994,815.9213092985115,0.4699503631180208,9.703661673423222
30.940302659274735,0.7499999999999992,814.0106938768768,0.5704630783313561,9.717248098076706
31.149119157880033,0.749999999999999,817.0759587595027,0.5202147201667645,9.729511375421248
31.540672197143103,0.7499999999999989,817.4305949502642,0.566476143246636,9.732632537680086
31.504245391605703,0.7499999999999994,816.9367950879955,0.5343880419250203,9.712753994588656
31.90238119765346,0.7499999999999989,814.4487779932261,0.6151990992794001,9.637066118861773
32.109065181088056,0.7499999999999993,819.8884756341035,0.6162287351801918,9.712746470653167
31.647295834078896,0.7499999999999981,822.2735889491479,0.5883114160336965,9.686977793387655
31.45958173610639,0.7499999999999988,817.127202334687,0.5372336869587603,9.564699653441995
31.352419817323995,0.75,811.7158889610281,0.48521010298368084,9.545814238374334
31.083701536144442,0.7499999999999986,808.8890549294462,0.4676591169827155,9.459067188648742
30.899513205322474,0.7500000000000002,808.7625644582959,0.4935257582133917,9.529047854925299
30.90945079065303,0.7499999999999993,806.6366069154079,0.43459968082497374,9.629433840374073
30.767397110798903,0.7499999999999996,804.8315557916384,0.3800046489079329,9.599201319787255
