logdet_Q,lambda_min_Q,Phi,rel_W_error,test_nll
28.269392969022533,0.7499999999999991,814.7227950402271,0.4002788701703292,9.538298340726191
28.391154268275596,0.7499999999999999,818.3650731240916,0.4301136494694425,9.602977353078803
28.609018144350127,0.7499999999999994,818.7902388578491,0.4622215732876381,9.623343019593
28.462657270246098,0.7499999999999992,818.0245458355512,0.38888421743247503,9.544765980262685
28.45398808570245,0.749999999999999,819.3803323639778,0.4188806164244471,9.543019994651596
27.820056289487763,0.7499999999999993,817.0446563365385,0.4225538044525809,9.507947179530586
27.586377390536747,0.7499999999999999,820.2990455364929,0.4446960765462478,9.547463601977634
28.024691264264767,0.7499999999999987,814.6874187595638,0.4262468689077447,9.564794838729577
27.724331477810374,0.7499999999999994,814.1073310943932,0.4122437069166333,9.560202194241896
27.511437406474037,0.7500000000000002,815.7001311513325,0.4067934632650245,9.545889927112379
28.06533749261541,0.7499999999999992,816.7966742240911,0.46333559708219924,9.590912120653622
28.634319679861285,0.7499999999999997,816.3919959886578,0.48064815675254485,9.622200462273536
28.482987403397367,0.75,812.6941146659976,0.41323268098099486,9.58464720291702
28.275371448126545,0.749999999999999,814.2188923575047,0.42396414413940847,9.588030620948757
28.78376707656456,0.7499999999999998,809.9484090685669,0.39682050104355043,9.56167756636765
29.039398117213356,0.7499999999999987,814.3447163102887,0.4498095784025399,9.63064622820533
28.766717219836472,0.7499999999999991,811.9820326155755,0.4339068497545479,9.57339868287399
28.628271511239166,0.75,811.7636436798155,0.3848883463694299,9.537687815358407
28.68611401178628,0.7499999999999993,814.5099130039891,0.3774602783744661,9.650228421302518
28.713648942991192,0.7499999999999986,815.8198801129221,0.3624788155987039,9.673473595473363
28.245247993625014,0.7499999999999996,815.9658517363384,0.34316507782831557,9.614526434465972
28.28874212331987,0.7499999999999997,812.7555202819917,0.32846345203847016,9.572449623336837
27.932967147306165,0.7499999999999993,814.7565369549019,0.3311924412475818,9.604346407827936
28.596162565416442,0.7499999999999991,815.486075773863,0.3881122143154184,9.735961793045766
28.396534767849552,0.749999999999998,819.270653266296,0.4375728922282438,9.808608255609647
28.294683563097415,0.7499999999999991,818.5443034122839,0.46534606267749107,9.715118027676372
28.072044612959843,0.7499999999999967,820.3663884972137,0.4588278990213396,9.64525350549626
28.30833250718328,0.7499999999999998,821.4120508608017,0.42231808787688635,9.651001368918836
28.8696384144655,0.7499999999999988,820.2507687427772,0.4234572067936506,9.712496362608581
28.628655030995798,0.7499999999999983,823.5763991022449,0.4686014845357444,9.70212901586151
28.639483314714745,0.7499999999999978,821.4771051147045,0.4622869294595773,9.72113799454607
28.286662465622413,0.749999999999999,820.4734607176705,0.4400465916333666,9.626231991420061
28.267329512145412,0.7499999999999996,819.7683101254597,0.4447055042878539,9.656695280624664
28.44446307206722,0.7499999999999989,819.3405969496749,0.40139970508281003,9.570451983121036
28.438447955854635,0.7499999999999996,821.2771258481781,0.42938348746100813,9.671675805646624
28.638077047164227,0.7499999999999986,820.625562202337,0.4744975187054828,9.762376990675904
29.340032035989772,0.75,825.0974377205737,0.5200201332806189,9.929166415260056
29.668667535850325,0.749999999999999,824.5971460588929,0.538384324354205,9.938708611409234
29.42068469648435,0.7499999999999976,822.9951469856088,0.531366725637876,9.878521816486971
29.334921785674435,0.7499999999999983,817.7170813806976,0.5049387440446572,9.71880209134694
29.21608456048418,0.7499999999999999,813.9933699038239,0.45663182333692315,9.696206684428919
29.090471235630357,0.7499999999999999,817.6301022034629,0.4882757111509674,9.687340260678855
29.640729035261483,0.7499999999999979,819.4241555606739,0.5645582321714693,9.750696588994725
30.042548203705042,0.749999999999999,817.483778191172,0.5321468475707377,9.777765972659703
30.3563743130873,0.7499999999999987,817.2294076543515,0.55458131020299,9.794927228740255
30.057785886307105,0.75,816.8285540319293,0.5182757136939395,9.849139232038738
30.25062232010089,0.7499999999999991,814.2754975975827,0.478222010566466,9.814711039011627
30.41399172492624,0.7499999999999987,815.59201872913,0.4510734423044374,9.880749321775165
30.64337586522899,0.7499999999999992,817.3977468690205,0.45387252026311076,9.984725343429508
30.16659933843174,0.7499999999999996,818.9202176921286,0.4574235637541499,9.890465292939272
29.770458757474753,0.75,813.6964178489251,0.41989150097536604,9.752098108991579
30.23566196304837,0.749999999999999,810.5233413350772,0.4453666584845247,9.806330845873294
29.755934891471316,0.749999999999998,813.8667990766788,0.4489028838346641,9.820594029874675
29.367173583541863,0.7499999999999994,816.681055930161,0.4360134939368934,9.80564384529624
29.622930372011457,0.7499999999999983,817.4268993174702,0.4306217213125421,9.793938284617152
29.382815411657944,0.7499999999999998,819.2835550187413,0.4363374968952346,9.808187370840082
29.113592852899927,0.7499999999999994,818.7158038620315,0.409801508278409,9.763127737304846
29.260484473426715,0.7499999999999997,818.6979086802561,0.4082752654291438,9.755097789479967
29.9279274985333,0.7500000000000001,818.8145076460532,0.42100712966306314,9.799063477306323
29.80572453828478,0.7499999999999997,821.282690964534,0.44266283164461767,9.767891668608877
29.985986088122818,0.7499999999999994,822.4175758395583,0.43313667909763237,9.740967038640452
30.258299524835934,0.7499999999999994,821.5703123016856,0.4545462490582808,9.74411485158259
30.2653759175116,0.7499999999999996,823.4150025153699,0.47700748792300907,9.822043788907658
30.260423435747825,0.7499999999999996,822.1264087660819,0.47953080400609865,9.923168389022162
30.609670121975125,0.749999999999999,820.743405364592,0.4668417914493292,9.8966483780225
30.28228072139367,0.7499999999999999,825.1101106346014,0.5040661460336855,9.977870258623733
30.501836733992832,0.7499999999999998,825.8728104535246,0.5117723349218228,9.952493767962029
30.561989026305767,0.7499999999999992,822.0117853779564,0.4748775806250564,9.836482706379496
30.180181415768047,0.7499999999999991,818.6627059772892,0.4376869047154559,9.694032211654473
30.372271687122506,0.7499999999999999,820.9357884840889,0.4414663408960072,9.773179949584787
30.376847921460378,0.7499999999999993,821.7509364462154,0.46918154332972317,9.772983722243774
29.7758343003422,0.7499999999999999,826.0047612080594,0.4751875238585901,9.83896072291975
30.206763157019875,0.7499999999999999,822.7384552253639,0.46381157979648735,9.793586549049744
30.060502803176714,0.7499999999999994,823.2329227715655,0.4879616337072243,9.79314338178647
30.381688259773494,0.7499999999999982,826.2265854959642,0.5289842397311173,9.839255264041
30.353342290300187,0.7499999999999998,826.2322282606198,0.5126680034714066,9.79223176433691
30.5472087765105,0.7499999999999996,823.3779974401052,0.5132312519616051,9.733187296704367
30.230965357387976,0.7499999999999986,824.9145751697691,0.49141156296094085,9.742876040884136
29.852955829582054,0.7500000000000001,826.5621182726809,0.4759527002646119,9.784124834287667
29.56796933018324,0.7499999999999989,828.3456596400825,0.485160476870401,9.7571322624403
30.06206428214274,0.7499999999999999,828.5829499615847,0.4918595748021909,9.745022442011924
30.284107833437613,0.7499999999999996,824.7315897575776,0.48222493001984124,9.654530405205744
30.007237722781536,0.7499999999999997,822.2795383592684,0.45557775087987423,9.583135353091606
29.536420231611842,0.7500000000000002,823.7023855599108,0.4357285136607447,9.613885437411517
29.31208264653162,0.749999999999999,823.4104745241468,0.45230912059009837,9.6174413255357
29.091056898894042,0.7499999999999996,820.6433444151651,0.44144225228456363,9.599922145347715
28.971761335488477,0.7499999999999987,819.3911870478007,0.43754282466911976,9.547928285567135
28.845603221719962,0.7499999999999986,818.625177088918,0.43280387324868413,9.493187078961252
29.554127164291348,0.7499999999999996,821.2309461164547,0.5118891006443681,9.536856071771462
29.9994834103394,0.7499999999999988,824.045717700087,0.5506075004157482,9.59095728903651
29.5620220395637,0.7499999999999993,823.7431274900925,0.5177231281207866,9.567408954059854
29.520938657451527,0.7499999999999992,819.8217011541537,0.5024933226783665,9.56125584974799
29.341610376981333,0.7499999999999992,816.6049889769456,0.44439147355809666,9.484326123744367
29.217249883593777,0.7499999999999987,821.1317568716827,0.4787355341765638,9.553514424432475
29.69656958662067,0.7499999999999978,827.1286755807571,0.5162833911595918,9.566241877533027
29.67221619129392,0.7499999999999991,823.437765999542,0.43535214565307445,9.500368813313182
29.603421253870724,0.7499999999999991,823.9377808824448,0.3987186994540068,9.479777288433244
29.559222262801253,0.7499999999999993,830.595389333111,0.4356386978340833,9.562492808599421
29.698103639779013,0.7499999999999997,829.7428262263319,0.42887162913917354,9.565407502119413
29.538390315342532,0.7499999999999982,829.1609652138751,0.4008209784545545,9.547243794714973
29.6061839622433,0.7499999999999988,834.4993175509728,0.436689266608955,9.619204955453393
29.50031462601906,0.7499999999999994,832.4349989765605,0.42717696071162237,9.638886883274433
29.548659655212255,0.7499999999999991,833.7274712681717,0.40829430047477616,9.543824431222365
29.290490233348578,0.7500000000000002,828.3281044847535,0.4257239143876939,9.567857000445013
29.619674589215922,0.7499999999999987,830.6893770772385,0.5421041718909658,9.687155725141253
29.83142796138419,0.7499999999999988,825.9261775391288,0.5495979978089053,9.61934368290271
29.63539140769985,0.7499999999999983,821.581039286191,0.4719023625845625,9.560685833121775
29.93209440102469,0.7499999999999984,822.192489979758,0.49294223491519673,9.505868822674293
29.9334187903404,0.7499999999999991,817.2255501137371,0.4412032796689555,9.516785108602596
30.029554962341052,0.7499999999999994,817.8428205979092,0.5228360881549526,9.527800647800138
29.49179428193089,0.7499999999999977,817.735194270046,0.43514357016668087,9.515080756670534
29.636027479689314,0.7499999999999993,818.6158900001527,0.47499484919074175,9.574084275727191
29.8156651999806,0.749999999999999,815.432796425232,0.49260529369038636,9.509112621188738
29.556754589986724,0.7499999999999988,815.5967291400715,0.5477084457223206,9.48034677731109
29.126652634878077,0.7499999999999992,816.3674061240212,0.5173086945429948,9.465538153833776
29.13694633967642,0.7499999999999992,817.5260994053733,0.5538435783890414,9.539967818226192
29.44727409991216,0.7499999999999987,816.850471452955,0.5765688664486098,9.594263964646043
29.433365641959302,0.7499999999999987,816.9687199848051,0.5696317742835657,9.511673995325106
30.01962188380169,0.7499999999999989,818.6276620316092,0.5367973059716791,9.523832549840552
30.27317171662666,0.7499999999999986,818.3366106352053,0.5176201952473453,9.614162189094538
29.89732028871428,0.749999999999999,819.2459005037142,0.5374971249507471,9.55017326734517
29.651374213678668,0.7499999999999992,821.6044608264252,0.4729237388134705,9.473878533307891
29.450921637245138,0.7499999999999986,821.3716360054996,0.5073218285073894,9.422691253194998
29.189347845517702,0.7499999999999994,821.5223889109366,0.5152530574420784,9.480004463534772
29.421803448806404,0.7499999999999994,818.1832706570289,0.5267071228264382,9.420898564521215
29.189428032233636,0.7499999999999991,813.0230228250906,0.47028386203749384,9.463974609511467
28.83860285432187,0.7499999999999992,818.5164228360978,0.5139835903272177,9.566204950403995
28.67204589557707,0.7499999999999998,814.85986303899,0.46053014952841875,9.502895139147935
28.986486683576686,0.7500000000000004,817.0602421859265,0.4912713194285682,9.580333102407872
28.895080881309514,0.7499999999999993,816.3638058353213,0.46945863894349704,9.529864225235704
29.20186757496938,0.7499999999999997,816.1645026365034,0.48955917345390726,9.604465933263338
29.103901567277738,0.749999999999999,814.7528803663222,0.43301847182421116,9.601400608746934
29.272011930824917,0.7499999999999996,814.1115650054743,0.45037335180529914,9.595656244502726
29.52351405784189,0.7499999999999994,816.2547079379817,0.4804746176935762,9.6701044921359
29.500340377197986,0.7499999999999994,817.5369024017195,0.5146684194518317,9.694924392693471
29.465225308643234,0.7499999999999981,815.1971151083495,0.4241747269705624,9.61327768082127
29.486691313497747,0.7499999999999989,813.2851155754063,0.36092682555131445,9.550178897106795
29.933167872544214,0.7499999999999988,817.9879539261766,0.39389159070783075,9.648455110744809
30.362802160548732,0.7499999999999987,820.6384645955384,0.39798252780174453,9.648437999712247
29.88149456688078,0.7499999999999983,818.8194741562993,0.3809039288291397,9.66437502676656
29.78110225419697,0.7499999999999998,818.5536464774661,0.3506676448459289,9.678705266688473
29.78110225419697,0.7499999999999998,818.5536464774661,0.3506676448459289,9.678705266688473
30.20119844047541,0.749999999999999,814.9029643784303,0.40874599751894036,9.658307678957357
30.014810118934406,0.749999999999999,812.702927665221,0.42213797001362474,9.712001090962897
29.759523090276595,0.7499999999999996,814.7148326741278,0.400087849023155,9.770674629098982
29.587883874556894,0.7499999999999984,814.267440847905,0.4662502902709599,9.772852614973207
29.422413582203298,0.7499999999999994,819.3548752785297,0.5544954138785374,9.94017011114351
28.870394439333992,0.7499999999999993,820.1290304628948,0.4702289029548879,9.957374327909346
28.73793856247134,0.749999999999999,815.334348227379,0.410237936479121,9.950043186214955
28.261270322336216,0.7499999999999994,816.2440869018523,0.4248090965726849,9.884048125996443
28.425406862080628,0.7499999999999994,819.7037500084075,0.46109839388970714,10.028380001965658
28.975617200974582,0.7499999999999987,819.0586642431464,0.43118353263591275,10.094258666791097
28.708279166914945,0.7500000000000003,815.7210308461234,0.4116052222695357,9.952125466920023
28.779663030341446,0.7499999999999992,817.4523336937085,0.4328082494818802,9.955548825787531
28.466403923638,0.7499999999999991,819.3845065650689,0.44270873535318056,10.024671832236638
28.398823506490874,0.7499999999999994,817.0202930265802,0.3830524626409849,9.951617388816668
28.55912994926343,0.7499999999999993,817.1352593005944,0.39068622690555704,9.952789718101403
28.949439454406313,0.7499999999999993,817.1419642299272,0.4102152713795171,9.964016459210915
29.252228674726847,0.7499999999999994,813.7956572008101,0.42693646314562494,9.955219911418064
29.087343559743925,0.7499999999999991,815.7648019242638,0.4373391346240885,10.001445720216728
29.740823818803825,0.7499999999999991,817.4200682162283,0.44413357293531747,10.059897896567312
29.502920696727042,0.7499999999999986,820.289959202129,0.41831252377160266,10.103406587054986
29.916045551221266,0.7499999999999994,827.961359892287,0.48335511915475043,10.229381567366397
29.40710420055136,0.7499999999999998,831.0912871951588,0.49693912303457616,10.212814621808434
29.65873214594448,0.7499999999999998,827.779241935672,0.4830682225899995,10.16217413623217
29.362346415051075,0.749999999999999,823.3448893622556,0.46332443562326026,10.101502096982108
29.192254755808637,0.7499999999999991,818.253870331642,0.4397415416210312,9.971939771639239
28.82234750503671,0.7499999999999979,817.7185880479433,0.4564096795446361,9.885288564250411
28.763586310000044,0.749999999999999,818.8056530042879,0.44662340269568157,9.831799241790517
29.439026433680546,0.7499999999999991,815.641775637213,0.4284694746292285,9.887009799571075
29.41143130792293,0.7500000000000003,814.4966780044501,0.427427724861003,9.918264884689918
29.465023901986022,0.7499999999999996,814.0730597994852,0.42305583495618,9.957267432007384
29.736993704210068,0.7499999999999992,815.8286009407698,0.4088658788235019,9.964495284152104
30.15854059400958,0.7499999999999993,811.4073891235917,0.40934157003512794,9.96356097712491
29.940726638034036,0.7499999999999996,810.1665255018129,0.40086671986205524,9.912365724015668
30.410727115268656,0.7499999999999996,809.4188584186413,0.4167403798823664,9.8477267954784
30.66063668378673,0.749999999999999,812.2276384801775,0.44537083032548863,9.943876289502361
30.571145154712312,0.7499999999999997,816.8219831241813,0.43355948394396504,9.922566250890606
30.723887734603945,0.7499999999999993,818.7717665754432,0.42665812262320174,9.890285526113093
30.558668444525054,0.7499999999999979,822.1665298553522,0.44987456728797315,9.908613406410026
30.4625113586293,0.749999999999999,820.5400558350101,0.44118981131026164,9.815971575840768
30.899900133994294,0.7499999999999992,824.5390807313632,0.5039070266755259,9.927180356101024
30.668440286133755,0.7499999999999997,830.6356524819118,0.5042396268185195,10.00132337678735
30.516456088001544,0.7499999999999981,827.0108645240281,0.4768199650704723,10.00078743993314
30.93659556207354,0.7499999999999999,820.4670040427733,0.4667689614603679,9.950911875917559
30.966977345103622,0.7499999999999996,816.2221042650096,0.42478429463716133,9.823068747532872
30.93807990990562,0.7499999999999978,816.4408643105727,0.4163113302367161,9.817114856222636
30.663072990498005,0.7499999999999997,819.9958395955751,0.42291710161551127,9.81558347262795
30.898065231954686,0.7499999999999986,822.645035332617,0.4403128079477972,9.86680916080012
30.596394255007453,0.7499999999999991,819.9678024531763,0.4088795186107096,9.782960979810753
30.15028918472481,0.7499999999999994,818.2464847661945,0.3831584311874974,9.778628918492586
30.27256457140358,0.7499999999999988,820.3825697459895,0.4113038738288189,9.860458495440307
30.687233866277346,0.7499999999999974,821.0733270227909,0.4097887227151127,9.912047234027174
30.33572584265217,0.7499999999999996,814.3499897182722,0.4107225258066381,9.888477475471205
30.543294970129615,0.7499999999999996,816.7325355789951,0.42265745889098055,9.911399301470976
30.823468153301317,0.7499999999999999,817.7777056845948,0.4860821165948581,9.95084327368075
30.768590131223554,0.7499999999999989,820.5997422086566,0.4821350777995828,9.979655557494127
30.391281404388035,0.749999999999999,823.2345384736478,0.4607079647345193,9.929887865248606
30.724060039342753,0.7499999999999986,820.4303664941858,0.44885619391643244,9.89095734083729
30.710051591600113,0.7499999999999999,822.5436982767864,0.48896744785900176,9.898593597597118
30.895243798572857,0.7499999999999992,819.3158365906386,0.46868047680863967,9.745511650211117
31.144800456673362,0.7499999999999999,818.889646091404,0.46198226984391744,9.711808384166119
30.971065968322335,0.7499999999999993,823.1834769183789,0.42309920509991505,9.708316702420793
30.715720154580783,0.7500000000000002,828.2937141801726,0.3954877299125373,9.694513735809153
29.998169691547318,0.7499999999999991,825.2608567287706,0.3696030531015292,9.555317751941908
29.38056119212036,0.7499999999999993,821.2000241694698,0.3653243914876581,9.548047340767704
29.639348869668694,0.7499999999999967,821.3640223783711,0.4641684098430032,9.552963369992321
29.977129744672606,0.7499999999999996,821.214824110511,0.4803720001234748,9.51808494452383
29.588636834565065,0.7499999999999998,822.300011468644,0.4675976658759555,9.536219936050554
29.29319005427149,0.7499999999999993,822.8493301750589,0.5111514561036615,9.559100383560615
28.833985779603807,0.7499999999999993,823.7360362806218,0.521744002374485,9.536074723483102
28.758068479933982,0.7499999999999994,826.7593899853921,0.48180434316212967,9.543155714948563
28.694671524436146,0.7499999999999999,827.8932784638267,0.4633065144085364,9.509468269231846
28.92778698098638,0.7499999999999987,828.8646138567802,0.5090848010277822,9.623219768542901
29.370460467624387,0.7499999999999983,829.0333741180818,0.44713210920463714,9.658894093681056
29.34939449178819,0.7499999999999994,829.8217844508499,0.38245918142160307,9.715971899700602
29.63354100634875,0.7499999999999997,826.5474847593199,0.3703974240492654,9.680201595462625
29.7261301945202,0.7499999999999996,831.4667122354742,0.36506233113063413,9.709790588422289
29.155333902927126,0.7499999999999981,829.8305911441448,0.36036006076481275,9.600533011346243
29.17211731234214,0.7499999999999999,830.5553598243789,0.3692814869170111,9.644391620483493
29.3829163545315,0.7499999999999993,830.3243491869675,0.40765297036345366,9.720501951144001
29.242136064669054,0.7499999999999986,830.3769351712577,0.3727804234975218,9.654326271193588
28.858538308747768,0.7499999999999997,828.6799428376738,0.33872215832966857,9.585804947635978
28.656678681830527,0.749999999999999,831.2290044809381,0.3298143365536031,9.595337260225566
28.604889515057643,0.7499999999999997,828.3731306702138,0.3274928701509479,9.598011614333902
28.39736531446397,0.7499999999999992,827.0545746148679,0.3318775605077571,9.593839047849505
28.696898537376953,0.75,826.3051788443913,0.3438030382956263,9.649285363190183
28.778116853073954,0.7499999999999992,825.0761875353279,0.34297861587426537,9.64781209549395
29.08571547790913,0.75,826.6083089594242,0.3719557327528149,9.692519439378604
28.98588568087502,0.7499999999999986,825.6842657164904,0.3499511878468909,9.653776039224109
28.920163729257695,0.7499999999999989,822.8235386021056,0.37234681450045354,9.678044494951843
29.172433917613752,0.7499999999999991,824.9700757705141,0.3926147694186022,9.742961664841028
29.21967725445591,0.7499999999999997,826.0099697334851,0.42948006042444187,9.728633682335603
29.4239980689989,0.7499999999999997,823.0180447724385,0.3988076634825486,9.672723824023844
29.287614852920797,0.7499999999999998,822.0002812748208,0.4113211108502255,9.698199091747611
28.60845351355578,0.7499999999999987,822.3358521105816,0.3854885326296144,9.6629270475564
28.52737316724601,0.7499999999999994,825.8392137389234,0.399815616780255,9.774283842062877
28.99317161796719,0.7499999999999993,823.5841280020402,0.4170008387119924,9.825297736161977
28.8055541116582,0.7499999999999998,821.8128150518605,0.4282049477940422,9.794551348782047
28.94321612429647,0.7499999999999993,821.6618416060346,0.44269410367331224,9.7826221320587
29.182154137379978,0.7499999999999984,820.6802614396777,0.4243826275336119,9.80157893607911
29.25127002625648,0.7499999999999988,818.1757773508004,0.40876855426963477,9.732558126443863
29.37927356670856,0.75,818.7407205907166,0.4210987322635075,9.770932734746799
29.40264874262252,0.7499999999999996,816.9568854248224,0.4153052101795232,9.73557340547824
29.42688922761497,0.7499999999999998,818.7697073356976,0.4618480326164979,9.738812998207084
29.42517960957845,0.7499999999999996,818.1612637296797,0.48012964360953225,9.781946638546657
29.19137619276374,0.7499999999999992,822.1190647123244,0.4959308322771366,9.788914634263842
29.046543837613562,0.7499999999999994,819.4364196721466,0.46650847760035474,9.758517493601342
29.427803606869688,0.75,816.4745258919027,0.47764978935462715,9.800388023473218
29.040684628559962,0.7499999999999991,819.3088777748953,0.4316688478642489,9.713847144498768
29.469491555777665,0.7499999999999991,820.2915918465617,0.46526669979185553,9.755197391434773
29.526584149544792,0.7499999999999996,822.0945111205715,0.49860640792417504,9.822985023392345
29.68564717373886,0.7499999999999989,814.9132681532045,0.48824014053664566,9.670415025732424
29.439270769439187,0.749999999999998,812.2752521795032,0.4695548037934995,9.61612887943582
29.37084957609207,0.7499999999999996,813.3253329044336,0.5033872308161746,9.547297100152544
29.00169426566199,0.749999999999998,815.6807625528204,0.5080939463095595,9.599849632830134
28.77821864076048,0.7499999999999992,818.4914578961033,0.5661854679044271,9.606643637056639
28.770800241393786,0.7499999999999989,820.5355550652845,0.5848685624704562,9.583830021341416
28.65380313778706,0.7499999999999989,821.8455097913853,0.5574384328488798,9.644787778774113
28.771227051621967,0.7499999999999994,821.9821300496135,0.4823041553846668,9.575804400964037
29.03319824417855,0.749999999999999,822.5546069104937,0.4605329564671836,9.535090288262655
29.107116835791807,0.7499999999999989,823.1074407774435,0.45956405978972986,9.565886490378508
29.300296651142133,0.7499999999999977,820.0669191346136,0.5573135428760444,9.53802828620005
29.71756510734962,0.7499999999999996,822.7469423078535,0.5978077290774104,9.479852462757037
29.964536239740312,0.7499999999999996,823.6145113777486,0.6457320125561363,9.549959312280714
30.292811612557525,0.7499999999999987,821.2802670631849,0.6765623615345452,9.592133709766353
29.834760999879368,0.7500000000000001,819.4985162092142,0.613667806136244,9.507308805143117
30.06529234262969,0.7499999999999994,819.005955098224,0.5443422466929255,9.4928841171217
29.759249115765368,0.7499999999999994,819.7577180941969,0.5266161323225065,9.413091825406244
29.584198682514984,0.749999999999999,819.6373021354789,0.45459072774163184,9.381687188380345
30.006801139586756,0.749999999999999,821.8696636976163,0.5305813238863929,9.435999607149522
30.03122840091316,0.7499999999999992,826.2194378850312,0.6144324592869783,9.452334195534892
30.218194534008358,0.7499999999999987,825.768293144287,0.5836184375822466,9.447232468019417
29.391271687309125,0.7499999999999996,824.8822823493425,0.4897907496192423,9.329496811761453
29.25627237267255,0.7499999999999998,826.2296910796675,0.5761250226194233,9.293740526196638
29.833154328273967,0.7499999999999991,830.524925593649,0.6652489287663174,9.437519411853208
29.6054814152262,0.7499999999999988,826.4771262751781,0.5914624691617757,9.4294264831275
29.527113817754813,0.7499999999999991,826.2273773140299,0.5353604680402053,9.523454206000007
29.728331616803906,0.749999999999999,825.0533757148529,0.5397076144125981,9.442124868606237
29.79355373914369,0.7499999999999987,824.343100240357,0.5102703436055017,9.439386188325381
29.255590606978178,0.75,819.3474140315958,0.4839328027318788,9.460739612504103
29.272849934077662,0.7499999999999994,821.0721114386951,0.507395432720984,9.557565785863137
28.8588842628077,0.7499999999999993,817.5260098444587,0.47085088028743477,9.572444053203213
28.92235830694366,0.75,815.9989573057888,0.47759945685954536,9.569346165892728
29.080035759971896,0.7499999999999991,818.1505033249261,0.5570894117301134,9.661742124346873
29.20472533691252,0.75,820.5536765473503,0.5775990628575264,9.685761262308537
29.326120849712915,0.749999999999999,817.7680180739759,0.5223153880201892,9.624158100436356
29.55924354577141,0.7499999999999986,820.7228871090168,0.4863519374342779,9.747089565979607
29.695151602870837,0.7499999999999993,821.5493671001897,0.4492062281651053,9.72456726850279
29.829986409954902,0.7499999999999992,820.0657463871004,0.4424008622071638,9.665037360114175
30.07430920412782,0.7500000000000001,825.0937763027497,0.4630522453129349,9.698200620447759
29.583060661461513,0.7499999999999986,823.4778822726971,0.4646193152204691,9.584565358683154
29.689978100880367,0.7499999999999996,827.813066899392,0.46177937254074714,9.646035572998562
29.625769329672284,0.7499999999999987,826.5475088424502,0.4313899735543305,9.608438630841988
29.739172842549344,0.749999999999999,830.7144890239842,0.4484515038616004,9.657413447758145
29.389663748366726,0.7499999999999993,828.8457588971935,0.4412884696052267,9.543384372237018
29.835338148324734,0.7499999999999968,833.8021868241806,0.45425728470499965,9.704948442383827
29.76722540008022,0.7499999999999998,832.4174378747401,0.45937121793630975,9.60879785375154
29.98175051487999,0.7499999999999979,830.001378033351,0.4732591419959068,9.614819933269166
29.871495343952486,0.7499999999999979,825.2107698141115,0.46510882796619735,9.503408938733838
29.86816141994707,0.7499999999999997,822.8234726747575,0.45696695795118364,9.446321180695245
29.43193547450378,0.749999999999999,822.3593096311517,0.46495389914460933,9.478971597899312
29.78695482724067,0.7499999999999991,826.3413714168981,0.4740011633653507,9.655259143397254
29.792223009857647,0.7499999999999994,830.9782913571141,0.4996901249718065,9.836213804756506
29.95520454556936,0.7499999999999998,831.5674369968044,0.46791030367548164,9.798671243744232
29.7758113507788,0.7499999999999994,827.0815601158511,0.44308758331189096,9.727836143311645
29.769903856459006,0.7499999999999998,829.833317449983,0.45743445941376903,9.782114137508524
30.326528876728368,0.749999999999999,828.0569191146169,0.47575467756510514,9.745521909722811
29.96489728197993,0.7499999999999982,826.0114800876513,0.5221699868066011,9.665048546824039
30.14719669080804,0.7499999999999989,825.8071937836731,0.5013242583029581,9.77052990133851
30.0640591237582,0.7499999999999988,825.4042924584897,0.49563857375545256,9.712564132057263
29.956705420445978,0.7499999999999996,820.207134017442,0.472874385273567,9.620335419648043
30.055151661142148,0.749999999999999,820.3442504483676,0.4819867170366622,9.720668054621308
30.418840497180224,0.749999999999999,819.5067411098375,0.5364607602700074,9.754862355830062
30.371302820502883,0.7499999999999987,813.1046793665989,0.5636763838177585,9.661263150282148
30.377418025397812,0.7499999999999998,813.9268501898739,0.4964181712625685,9.627786074801463
30.02612538252457,0.7499999999999997,811.5311296372574,0.4553034652139038,9.542358779183175
30.0907174156253,0.7499999999999994,812.3811149206625,0.4306345450292347,9.57366455048005
30.378957211825025,0.7499999999999998,813.7803361513432,0.44970382056704344,9.612935203575741
30.00937710756675,0.7499999999999993,813.0511381092766,0.40604617257953224,9.597981377211815
30.071751874638508,0.7499999999999996,813.4614675343591,0.4071157902674955,9.576960716747063
30.364297401787532,0.749999999999999,813.8327388592489,0.4093845946834411,9.567364235378182
30.42678613849638,0.7499999999999997,815.1620924380287,0.37982359666887605,9.67226345671143
31.274370068225917,0.7499999999999997,815.3747609703123,0.45852820575204745,9.72817101900373
31.31810589562724,0.7499999999999996,817.2576136901102,0.4661024327141756,9.791540200130985
31.87312238956222,0.7499999999999991,817.4391693601907,0.5065699862529413,9.76362880754533
31.714702143855472,0.7499999999999993,815.8983030363826,0.5479514840879043,9.794457545196275
31.230075641375635,0.7499999999999993,810.3654334908449,0.45988374842565877,9.72468613532493
31.55108346831758,0.7499999999999997,811.5935891973604,0.48515786424653173,9.825001160077184
31.36737463224255,0.7499999999999991,811.7832418872205,0.4202458072766344,9.817353821211677
31.258094524665395,0.7499999999999981,815.3128511028832,0.4382889007601158,9.824283849550799
31.548595237456425,0.7499999999999987,819.2627333648209,0.49927823164375046,9.846961276897906
31.619554745843175,0.7499999999999988,819.8765606902161,0.530739734009274,9.841834516078928
31.494592108335134,0.7499999999999996,820.0807650798444,0.47138358760493826,9.923321587209154
31.671116454818975,0.749999999999999,819.539553551092,0.489900145679036,9.911194779964339
31.24553450024631,0.749999999999999,822.572600050629,0.48080651108287054,9.900380000372698
31.277904982180697,0.7499999999999992,825.9103485968648,0.5095305304043246,9.987172346827041
30.810596740549006,0.7499999999999992,821.3371498795201,0.4885497116771829,9.85025944292183
30.22829613949532,0.7499999999999994,823.3683714973735,0.5158003942641951,9.847653508443988
30.458038126079995,0.7499999999999963,822.1562775182565,0.5143511265384062,9.86567148030388
30.839253297850814,0.749999999999999,824.9233677071458,0.5217956148695049,9.99766870785285
30.78813251366743,0.7499999999999994,824.6769362446864,0.526668382589611,10.023773950570947
30.434867115700946,0.7499999999999999,822.6743564437955,0.5139620105964225,9.923712520088197
30.543829826659827,0.7499999999999991,820.2167260227171,0.5348135713000185,9.904326778707588
30.283363055594208,0.7499999999999989,819.5830298081682,0.5345857314612283,9.905524992771905
30.325654817733657,0.7499999999999998,821.0520072377522,0.5149434417860846,9.923201146942848
30.418605514499994,0.7499999999999999,819.7006364671083,0.5061831614238821,9.960096931859137
30.49843216465239,0.7499999999999993,822.7178438756987,0.516324885518961,9.963885081324346
31.070822481945807,0.7499999999999998,821.0165908235132,0.5271463951096175,10.039452798626957
30.707060242030757,0.7499999999999992,820.0452541699109,0.5317417878792141,10.038426330758309
30.688852524261158,0.7499999999999997,817.1875060615357,0.5027310437960009,10.003497897051346
31.03655083919139,0.7499999999999998,820.0408001511923,0.5554666263489602,10.023438793541349
30.94044337142906,0.7499999999999984,815.9352929041469,0.5047897492522567,9.839175987737624
30.898957381978448,0.749999999999999,819.6666393902356,0.4997602437916278,9.926744249882253
30.70670178404504,0.7499999999999988,818.0545887209025,0.4841779688798267,9.817274110480628
30.669245862892343,0.7499999999999996,815.0333914260917,0.4511180640220331,9.817891524992405
30.924216822347315,0.7499999999999996,815.473228185034,0.4598215991190757,9.750866825614224
31.284499169853554,0.7499999999999994,820.6253709415607,0.5118003519252284,9.904939049021246
31.003377917286592,0.7499999999999986,819.6786921314116,0.47888820359383166,9.715694451978726
31.261046968742768,0.7499999999999993,820.2543943945028,0.49608074712035444,9.85989174970785
31.508775451245334,0.7499999999999989,822.5350390656242,0.5247101494789439,9.841869463353273
31.481634854979756,0.7499999999999993,822.3838878524236,0.5101183548943298,9.76421332606868
30.85040816729648,0.7499999999999983,818.7565530662538,0.5122608641714984,9.71205946393421
30.896657540031878,0.75,820.3187589773078,0.5219735682354469,9.737642129216017
30.403720632008202,0.7499999999999997,812.6330336104909,0.4576191765019381,9.609156613907928
30.790443641968633,0.7499999999999997,814.0640451282768,0.4641999527712971,9.676731669178384
30.99667395965408,0.7499999999999997,815.3051128256765,0.48863829950474946,9.633652427379298
30.70959494348943,0.7499999999999993,815.9875714174698,0.47205851608042076,9.752941476152397
30.690127544890153,0.7499999999999991,812.4617750303111,0.426980894258929,9.689409696299373
30.727429455134864,0.7499999999999989,816.2621700045312,0.4618692815907406,9.77949233099761
31.38794786190305,0.7499999999999993,815.8805954825802,0.5218068332503036,9.869637781125558
31.83872830039595,0.7499999999999987,815.2569577607359,0.48474286690717905,9.805163712819029
31.48819266382464,0.7499999999999992,810.9557153044825,0.47318390818689293,9.62786572758489
31.874767200147037,0.7499999999999996,809.1925999320682,0.43144505861215315,9.598143499398443
32.0315484170608,0.75,807.7187320265089,0.4189386826161189,9.63197978528341
32.45916416594889,0.7499999999999984,812.5711193676341,0.4902162202802333,9.725200239032835
32.207970937011126,0.7499999999999998,810.5662844731107,0.45687342855863816,9.737824666986489
31.775570412240956,0.7499999999999993,815.1703687477793,0.43423183547603317,9.672341968536475
32.09743904519851,0.7499999999999992,812.8449227814432,0.4040418921329264,9.615741618536257
32.37953185230537,0.7499999999999998,812.2426064703286,0.43038282897001817,9.680834493585914
31.737241295318565,0.7499999999999993,811.8214110473047,0.3983173074811522,9.598166248003205
31.44344272385968,0.7499999999999984,810.9065521462002,0.37918995100053915,9.594080487632064
31.451461691165857,0.7499999999999993,808.9477569031466,0.37412942323895976,9.591258645186446
31.259915808575236,0.7499999999999993,808.3064853734562,0.3771735638362002,9.607616751757607
30.90469927878602,0.7499999999999984,808.8933306138724,0.34818314571784065,9.616861165991711
30.756757182217555,0.7499999999999994,808.3393659580701,0.3387372922482045,9.608406036275786
30.9795187135677,0.7499999999999993,811.7935801857532,0.35591781039402903,9.71746334108094
30.92767070271028,0.7499999999999992,810.6873315917213,0.34993763011982176,9.628067471017811
30.5878064137345,0.7499999999999996,810.595024166253,0.3376806216447134,9.674012457818353
30.548444380351725,0.7500000000000001,811.7461604072821,0.36147052987458494,9.742550136517583
31.083262069488764,0.7499999999999994,813.1191380528174,0.38777231058461303,9.89895249339724
31.42590674495013,0.7499999999999994,814.2220981463704,0.40249170571099385,9.958421926217678
31.231474256855314,0.7499999999999991,811.6996282119203,0.4068077783529385,9.854306988126552
31.775093434963427,0.7499999999999996,816.6938664192353,0.44833555914109163,9.956692667477038
32.03784668680245,0.7499999999999999,811.7891261192754,0.46176403043299225,10.017335307373164
31.799164207278636,0.7500000000000002,811.3627419478803,0.48207197107601757,10.03122631702836
31.73387636859674,0.7499999999999994,807.4023279251874,0.46411347078567894,9.920753195674205
31.642415358401387,0.7499999999999994,807.2403254784803,0.4556721133481951,9.93759716513269
31.661858405907267,0.749999999999999,810.4337756866378,0.4479177824044063,9.954650656992943
31.770021695892968,0.7499999999999983,809.8372590788093,0.4734690780903238,9.951424928846535
31.9754041022114,0.7499999999999991,812.3451988858666,0.47812549171985597,10.010233161148037
31.85040668063257,0.7499999999999997,813.8109755758727,0.5087333872465337,10.033413376417666
32.09478535445264,0.7499999999999992,816.1183409608632,0.5321874715177312,10.197001870495649
31.56775942452369,0.7499999999999998,813.0288847187388,0.5363243027834176,10.062660920171648
31.401285891338194,0.7499999999999992,809.5083759964676,0.4772253666284468,10.065679412264064
30.81552236110376,0.7499999999999987,807.2074286336433,0.44822430341188924,9.977243735433632
30.873574419805347,0.7499999999999994,811.9136734249158,0.431767557495963,10.134919862019325
31.04075371758677,0.7499999999999994,820.0107727107048,0.44944435446948583,10.291999084088385
31.10226103536511,0.7499999999999999,821.3349973554975,0.44974869590792493,10.345060057960064
31.3454722152366,0.7499999999999979,819.5561378046069,0.46306837733782147,10.26039098892216
31.07810871545453,0.7499999999999999,819.4108837408463,0.44878345135978165,10.209470377955586
30.83653069548976,0.75,815.8049727737645,0.49823468085540085,10.201426773688013
30.951955410629466,0.7499999999999978,816.3537496428166,0.5841292365654331,10.187491716429975
31.255649646858284,0.7499999999999977,812.8150993597571,0.5701526124498515,10.15185769518978
31.253215069074148,0.7499999999999996,811.4845618773173,0.5879236689816406,10.111939738828207
30.85790987963595,0.7499999999999981,809.5398312807014,0.6501605709833022,10.025437444234404
30.61488869222517,0.7500000000000001,804.463430736824,0.5999249891035936,9.95263255736533
30.46837657749384,0.7499999999999989,809.2476244501437,0.5489098092746136,9.929374666955798
30.52665206910778,0.7499999999999998,810.3977593138266,0.5715285181225429,9.916098623804752
30.183585168227218,0.7499999999999986,809.6019410981021,0.552130524081903,9.913387493090218
30.471107904601766,0.7499999999999998,804.7372869402957,0.5185222375635534,9.871093153876961
30.00895633518332,0.7499999999999992,807.900448697621,0.4842963521993767,9.803400377180626
30.05340797224126,0.7499999999999994,809.8847167409608,0.477952231048871,9.83857992863133
30.524571670702937,0.7499999999999994,812.3806745818312,0.4545020127038201,9.915280453787531
30.494878677853336,0.7500000000000002,810.5151030618689,0.491510464618941,9.85385586942719
30.422442797325015,0.7499999999999991,807.9020580714113,0.5152071430367916,9.815313043081861
30.587206500532677,0.7499999999999991,803.8218534049992,0.4736842396596334,9.737184399705473
30.410285558870793,0.75,801.6220939520703,0.4532178577663669,9.590359486096109
30.515108839945132,0.7499999999999993,807.189520213748,0.4343248406303598,9.662376204799425
31.063211600056785,0.7499999999999996,808.7327168156095,0.4783295800800393,9.68962863737352
30.716466151503052,0.7499999999999986,806.2353683228914,0.4542607278386057,9.697459616786977
30.726798047999967,0.7499999999999986,805.1934397449745,0.4688644961732255,9.689465736399992
31.41123712541299,0.7499999999999986,806.2398920987116,0.452019654963269,9.68119870421236
31.10685584809192,0.7499999999999991,807.1665742316909,0.4682378280719841,9.65617736043798
30.947144995260736,0.7499999999999978,810.1102460847883,0.49503206034789915,9.677289313875358
30.374973800686007,0.75,809.1681961708268,0.4428199329437383,9.58251425611341
30.271886025639674,0.7500000000000001,809.787494794687,0.42717755481308434,9.583440156659174
30.208362303026135,0.7499999999999996,812.0836896996447,0.4309443802321155,9.571508733934653
29.99237600540008,0.7499999999999999,812.0746494839811,0.42773245583500036,9.625336357182585
29.887766150031702,0.7499999999999999,811.9271430486693,0.3935416918471919,9.598688548863734
29.491227193302183,0.7499999999999986,814.4583594459957,0.4017971739726716,9.606999373653665
29.444141338900298,0.7499999999999996,811.807079434783,0.36063403924873744,9.58735511986078
30.01421439739842,0.7499999999999997,814.5829626817415,0.3690837696341289,9.626936208566992
30.188352694753956,0.7499999999999983,818.61575092833,0.3856901679107907,9.744647936509761
29.942963382194684,0.7499999999999998,811.9271483363923,0.3713143894012421,9.631619043917272
29.61016797971884,0.7499999999999989,812.381347012702,0.35886982500794445,9.601222106554548
29.77613855547698,0.7499999999999982,813.4777571699693,0.38834699319386085,9.626997737061041
29.980295024600096,0.7499999999999979,809.023834449444,0.3818078092129227,9.527860827995678
30.20128765034249,0.7499999999999993,812.5930259712231,0.40832287061685074,9.650047049437797
30.130960831688316,0.7499999999999999,811.8021573246924,0.4032512451474445,9.66860366982765
30.20608803569542,0.7499999999999992,811.7705391219065,0.4149580645192408,9.582162046088232
30.360470197966205,0.7499999999999988,811.9297720921943,0.45299737716311034,9.597484688403114
30.056787008616723,0.7499999999999996,810.5405229924295,0.47669710200154003,9.573819940678552
29.76612446730323,0.7500000000000002,811.7931150728838,0.4364923810932325,9.5146359626704
29.513782856099468,0.7499999999999992,812.5905367473276,0.386153346917054,9.471242261294055
29.05803711971442,0.7499999999999994,812.5421265113494,0.39232926917430305,9.453242123155556
28.817229001170507,0.7499999999999994,816.818768317096,0.4103123270469363,9.505878949077204
29.692334348288476,0.7499999999999992,816.5808484410156,0.44997853236986873,9.57894113321657
30.346736659310228,0.7499999999999992,820.3632993050887,0.44466061600768236,9.600685366153403
30.384969476542114,0.7499999999999993,821.2631428150613,0.4492087524451337,9.647462238150467
30.552058650788183,0.7499999999999989,820.0334186137716,0.4515777060041737,9.79518394122002
30.6475554027574,0.7500000000000001,814.7051840261039,0.41923347918376797,9.64190643901272
30.87857679431561,0.7500000000000001,816.7473539319892,0.45819835187670704,9.665754091003127
30.813260962490375,0.7499999999999994,816.123657062177,0.46576998722821644,9.5749837409164
30.568268022651797,0.7499999999999991,814.7465999787279,0.48543226534872513,9.650009040806648
30.465471026620456,0.7499999999999999,816.6636950871418,0.46699372479791185,9.594492415639754
30.56662407949791,0.7499999999999996,814.7711249085304,0.45140326864411573,9.504282396317848
30.428375659587534,0.749999999999999,810.6971525278263,0.4275809566762009,9.432065851033201
30.261425713181307,0.7499999999999997,811.4847392680298,0.4004328413553215,9.42661548571841
30.441770613338463,0.7499999999999984,815.8147540496677,0.39999017852636803,9.395658709903433
30.79579170384364,0.7499999999999996,809.5717072755549,0.37526189442748115,9.377550894117897
30.62421528281107,0.7499999999999983,812.6718920428046,0.3706334974147828,9.379178948629496
30.971551001436353,0.7499999999999993,813.2668618802356,0.39233569154571696,9.440113446322195
31.425457920922415,0.75,819.7469443775454,0.4361894328914941,9.621841344882075
31.539769744471005,0.7499999999999993,817.98128664786,0.42991240902187683,9.534619441152852
30.669464234583916,0.7499999999999989,817.0832462601575,0.35698858531874844,9.412534568627706
30.827069705612516,0.7499999999999987,816.4849274991689,0.3617448497462043,9.433107754842752
30.678565845734454,0.7499999999999992,816.5264875727661,0.3462726554667015,9.36833375708807
30.120424391994586,0.7499999999999989,815.1232546364578,0.35897425724668397,9.307764075433917
29.50763681607486,0.7499999999999996,815.7873906319094,0.3776692754685165,9.341325909323533
29.71376950517151,0.7499999999999992,815.0792650750636,0.4218055815207094,9.444798612594667
29.653029575212408,0.7499999999999997,813.1872985395804,0.5248030259070385,9.477620117648575
29.74112263112611,0.7499999999999981,810.0473401554821,0.4525942411161746,9.441747422349465
29.81284765068527,0.7499999999999997,809.8369009582944,0.43695063674275425,9.468832435063714
29.649916323237463,0.7499999999999992,810.1797433935554,0.4599907462477117,9.463664922737667
30.0087926898306,0.7499999999999991,810.8178260619704,0.4496806010647332,9.485121017044037
30.439801087475693,0.75,810.8382646839905,0.476046947310135,9.569570307266469
30.02209927231512,0.7499999999999989,809.2927359811409,0.4511641552886778,9.519641279207866
30.203837042286786,0.7499999999999972,818.2546474324315,0.5426058666139846,9.730611945984085
30.01595522293057,0.7499999999999982,816.7349696892069,0.5225834667387358,9.725853147903006
30.107856256019602,0.7499999999999996,821.5522325646556,0.5354383926344333,9.791088274883705
30.343626971066236,0.749999999999999,823.3172058999697,0.5921138135459737,9.78713412302343
30.812691270271397,0.7499999999999987,816.8234203302317,0.5704612927584162,9.750769601939336
30.881967831232902,0.7499999999999999,821.355917595684,0.5105584364642328,9.842338971697078
31.27190674646009,0.7499999999999988,821.3611395543473,0.5767107128916109,9.880365645843685
31.16925043639206,0.7500000000000003,820.7410551682034,0.5508925818245519,9.830436401599826
31.412490151422393,0.7499999999999991,818.5751449068124,0.4953003786310263,9.82038381223899
30.954866149267836,0.7499999999999991,820.8730871118737,0.4492737255032153,9.763223647870651
30.71294636235468,0.7499999999999991,820.1253145779244,0.43856036196632037,9.721040610605119
30.018586899533926,0.7499999999999996,816.0464112182941,0.40682431831337795,9.596768957802297
30.071014023703253,0.7500000000000001,814.9507571457218,0.40314259590848545,9.644779278799822
30.086621328309935,0.749999999999999,813.9450829202528,0.40161176494689543,9.584124454990548
30.303100929838543,0.7499999999999982,816.2706305358026,0.39796527398215015,9.554539877464393
29.888272639689557,0.7499999999999986,816.1365413269818,0.38761613767824826,9.497390463228887
29.82335175536413,0.749999999999999,818.0423213046275,0.4251617882135096,9.49963999245216
29.77845189225113,0.749999999999999,817.2416187678267,0.4239101010178181,9.496058216054132
29.875184936307868,0.7500000000000002,820.2075103193698,0.4576950668455982,9.661685671090407
30.001555666916676,0.7499999999999997,819.1369258699689,0.4776328490495827,9.665601209708583
29.982418773044728,0.7499999999999983,817.7661166373712,0.514469430975848,9.664134532644349
30.078207096921755,0.7499999999999996,815.5127680916107,0.4943092702053613,9.643446196851755
29.698938268208693,0.7499999999999988,814.4278340302915,0.44607652232846323,9.580555232335488
30.041142597139064,0.7499999999999994,814.5599370280345,0.45490527658332386,9.598250628270875
30.09020428012569,0.749999999999998,816.9431691511963,0.44361551641748,9.638138864013978
29.93346589978316,0.749999999999999,816.8438633115397,0.4294884552964629,9.677619709712692
30.291826892756074,0.7499999999999983,820.1143523332469,0.4775304522582895,9.767929041972753
30.32098601772532,0.75,822.1471795577185,0.4762779926778913,9.786875550819818
30.103503194571026,0.7499999999999996,818.5980306547175,0.44571251486336455,9.68466552840963
30.174391526678292,0.7499999999999996,820.8316936513748,0.449486509388009,9.773718559457913
29.683770312386105,0.7499999999999989,821.7320883490161,0.4371993197024672,9.750296385744884
30.104415641226915,0.7499999999999992,823.24336645241,0.4472039723196931,9.749531683641772
30.624558829013232,0.7499999999999997,821.3874598853978,0.43934415885952843,9.737519767272877
30.827102517571426,0.7499999999999999,825.0711213922236,0.4362566716926995,9.805279250391067
30.770366325126048,0.749999999999999,821.065652006431,0.41253438777161094,9.783237695209952
30.447628913776004,0.7499999999999999,816.629315562133,0.38279014370640413,9.747899247018344
30.87966013007277,0.7499999999999993,818.6273955848841,0.3965128130046714,9.756497034306452
30.05929313018141,0.7499999999999984,815.8431342774138,0.3636202087716913,9.676165089130743
30.263958518744673,0.7499999999999994,814.2145957412997,0.3751277838074832,9.671224476140527
30.21900215075513,0.75,813.5365027379664,0.38172981885128626,9.656341132692091
30.260357208474648,0.7499999999999998,816.7013230621603,0.405848109508241,9.711187765634943
30.841162178847107,0.7499999999999989,818.2381134888362,0.4383773765441214,9.813445353980441
30.15047157388274,0.7499999999999992,818.161468367806,0.3792751817068161,9.726469819703292
29.76642461498507,0.7499999999999999,818.1679325326563,0.3822226142540583,9.668722575344209
29.42020715871906,0.749999999999999,819.5724298525113,0.3743753729280846,9.663458722584485
29.256262395131436,0.7499999999999993,825.0125715240397,0.4104829879934878,9.693584808954421
29.51832599997015,0.7499999999999983,821.8267442074773,0.3859989820907972,9.61195044520419
29.21350849402951,0.7499999999999999,819.4578738308185,0.3790254436390035,9.588030401893539
29.436457902378095,0.7499999999999987,820.1115916314398,0.4010730553212644,9.630735907502759
29.5027187324478,0.7499999999999993,821.7980320018346,0.3689810704801521,9.630471708131239
29.256033512974252,0.7499999999999998,823.2921490693257,0.38042162747442343,9.569267512142313
29.377259886995272,0.7499999999999999,823.0654565013417,0.3890674080922941,9.51349346516211
29.384293216596387,0.7499999999999993,824.636333860151,0.424798447883942,9.553275611320377
29.61758281787618,0.7500000000000003,828.1222489594107,0.4528296141412306,9.597738838257726
30.281812457285504,0.7499999999999988,823.7554777888364,0.47311510788962885,9.620587038396474
30.18593726895789,0.7499999999999996,824.0859971032847,0.5021985777568311,9.6843793905285
29.62071197610003,0.7499999999999998,826.4926675297992,0.41235141569315076,9.626079977353935
29.476519916257516,0.7499999999999987,826.2538256951723,0.40311681662994814,9.592919335682785
30.01637417769644,0.7499999999999989,826.3915028009258,0.4441414340757074,9.702108086645046
30.06189921442695,0.7499999999999989,822.4245059280396,0.3945965958397683,9.609836192086252
29.503302147639385,0.7499999999999991,819.2481576833362,0.37964079578054605,9.53043669238657
29.59586404056993,0.749999999999999,818.4273967166521,0.40861345928895804,9.559254085799301
28.918175214267727,0.7499999999999996,818.6339689492675,0.38015364784007416,9.534074371532
29.569930524682967,0.7499999999999999,819.7255004872458,0.45300732727991877,9.62340936676218
29.794873125183095,0.7499999999999983,820.9602830726938,0.46885867087455846,9.627002997616788
29.020780047337777,0.7499999999999994,821.494210642634,0.3784179067891472,9.58626305382187
28.876046308892807,0.7499999999999992,825.4022135587866,0.3472396030051528,9.659744953552774
29.095687785841367,0.7499999999999999,825.3456220026294,0.3767785135714081,9.596667835566205
29.052516816723752,0.7499999999999993,821.1361809940767,0.4142419464669344,9.61995959601067
28.96738377071173,0.7499999999999998,821.4898969376768,0.41293888913764454,9.545951863715548
29.603995912713884,0.7499999999999999,822.0301244111223,0.4475033528294572,9.663125808045077
29.79000740186701,0.7499999999999994,823.7118242290574,0.4291219627675379,9.722439596267623
29.449628411453883,0.7499999999999986,824.7493645055815,0.42893772609369424,9.738636263002437
29.061990389381474,0.7499999999999996,825.6947071042866,0.40400180310461575,9.707706638095706
28.692381086666646,0.7499999999999996,827.289294584258,0.39234506945679737,9.725173030288511
28.782130049514226,0.7499999999999996,825.8028100634524,0.3713790394597725,9.656281025147539
28.54596908429257,0.7500000000000001,828.6075259001968,0.3997988570683616,9.72590035799799
27.910163797988933,0.7499999999999997,827.8850519003607,0.3868797767439309,9.65439096998588
27.98422699203937,0.7499999999999996,824.0409682457371,0.4251818934063622,9.650805329809753
27.688532160537207,0.7499999999999996,824.2364496988383,0.41445255804762404,9.62366440374698
27.742637693729503,0.7499999999999992,821.650962469357,0.4416411964049538,9.645279038422023
27.937528016871322,0.7499999999999984,823.1993794681662,0.4692217140619336,9.675065020695332
27.648916684539024,0.7499999999999996,825.5000486921674,0.46915817596370113,9.71597861592197
27.61961759135119,0.7499999999999988,824.6959467801532,0.5392206657910318,9.766955795562549
28.096848371294143,0.7499999999999993,825.8484324269231,0.5629864893495145,9.835457040188093
28.252063100815164,0.7499999999999994,821.3041541022341,0.5401893612802492,9.742256170714686
28.552830657567874,0.7499999999999981,821.8792903218355,0.49443762244176054,9.754270859279751
28.752664407036946,0.7499999999999996,820.7203648789963,0.49878994624199136,9.682067040446578
28.63214396256199,0.7499999999999983,820.3336431220239,0.45269386886062013,9.630283977476406
28.768324794070487,0.749999999999999,821.6126366392716,0.43112760210194345,9.662168006371123
28.73676199641878,0.7499999999999998,821.1568494696809,0.4616961381479749,9.681050690735384
29.332260515497026,0.7499999999999996,823.7656464389186,0.49805596285986603,9.749300179082104
29.825963727584504,0.7499999999999999,826.1764874365887,0.5300196564079327,9.764303758684921
30.04753536983066,0.7499999999999993,823.294045533816,0.5168305341352782,9.731162846568193
30.103066790683062,0.7499999999999997,826.5026982736695,0.5093207934047573,9.709873353214107
30.01813036484163,0.7499999999999999,824.4265798954821,0.47732287793119077,9.699170405069694
30.242674070470745,0.7499999999999999,824.7037788357464,0.4414023914799304,9.72765673282351
30.366797382488656,0.7499999999999999,826.6116701617766,0.4345744524598479,9.717555838710544
30.462334623468184,0.7499999999999993,824.5184501799415,0.4556398732138939,9.818621730205564
30.392790713329006,0.75,826.0066853107171,0.4524754215495406,9.848384122035764
30.114545553040415,0.7499999999999996,821.064143351865,0.42224155385343204,9.685646006471114
29.956313945332635,0.75,825.3848718477565,0.41490930032610657,9.714752845941845
29.55310460067755,0.7499999999999963,823.2016923817245,0.4068475695128148,9.671160042140283
29.564356330365342,0.7499999999999978,827.1450717048424,0.40460581868111084,9.725636739577883
29.341025990652945,0.7499999999999996,828.3739420470184,0.39595279194269706,9.75200435944941
29.81223083387685,0.749999999999999,830.6978414812739,0.4608963638344166,9.784006039576525
29.82712905326017,0.7499999999999999,829.6000964912516,0.4904499903116884,9.79441601250511
29.744393186536517,0.7499999999999991,831.1973191524294,0.5338994217882889,9.810353571406017
29.23910331483162,0.7499999999999991,832.9371680271378,0.5127421190725526,9.781468558285672
29.249689120315768,0.7499999999999998,835.471085865797,0.47105508212882274,9.777482996273594
29.12638153229538,0.7499999999999988,832.8144017606036,0.4392796256568493,9.71272547401264
28.94200409377352,0.7499999999999997,831.4285949986127,0.44086349330269614,9.72128193327453
29.130184090515154,0.7499999999999999,831.1965279422948,0.4632921954780262,9.827282034804579
28.72401026904454,0.7499999999999998,831.1979075657339,0.4593784376661789,9.848985597308427
28.958871739382023,0.7499999999999996,830.8212305847967,0.45104121553599474,9.920731661466771
29.032713801027857,0.7499999999999967,832.6662671121966,0.45517646205825213,9.858703899105981
29.039011235507818,0.7499999999999981,832.2575037080977,0.437125730669608,9.85975208661923
29.359668718969058,0.7499999999999991,834.509521755783,0.42519948349984915,9.919040130844778
29.31384400796178,0.7499999999999992,833.4607969485357,0.40365813874468615,9.80612687094288
29.665793764482405,0.7499999999999989,828.7061001293479,0.42301896292410746,9.765129542899672
29.72352974072832,0.7499999999999987,833.4325121074781,0.47501012326901665,9.863144780626905
28.89769528152562,0.7499999999999983,831.5321927958337,0.4109267162680031,9.80751801782311
29.096845665474547,0.7499999999999993,833.7497425104285,0.41692787692502625,9.867792016175153
28.941297001795824,0.7499999999999994,836.7005556329128,0.39782832064041673,9.885598948285349
28.87820900121934,0.7499999999999989,836.4989075406838,0.40862774379166755,9.829875411271464
29.147174631502843,0.7499999999999998,835.843409855828,0.4395280351537386,9.800693707803594
28.52458116082582,0.75,834.9182157505564,0.4469708103091151,9.756980667402393
28.418488126355275,0.7499999999999994,835.5000121598763,0.4399282830083761,9.818451144427286
28.47037136491713,0.7499999999999981,837.740230564007,0.4620880071658213,9.866942109438813
28.685070761360116,0.7499999999999997,843.7828859200192,0.5341629144626852,10.076861530430815
28.30380830401577,0.7499999999999996,843.9544159067045,0.5176148410522756,10.023930278066143
28.077152399562085,0.7499999999999987,841.8689921792682,0.5392639752157238,10.077598089521306
28.067197050876405,0.7499999999999993,838.8034441324902,0.5002810027735703,9.968947065942155
28.07615685922917,0.7499999999999991,839.0342639091405,0.529523903942218,9.843896247990546
28.66006180942355,0.749999999999999,838.5089814541641,0.530883312336409,9.873327633902884
28.48275186130225,0.749999999999999,836.4744949066837,0.5572705299119515,9.806401701891335
27.983007087743506,0.7499999999999984,838.1938995879124,0.691171077207101,9.71740212492069
28.010616991656086,0.7499999999999987,833.0595865893034,0.5731483388435548,9.665039656495278
27.676247517825797,0.7499999999999993,826.9356681948224,0.5063315844242752,9.61748727116725
27.84946021370422,0.7499999999999994,827.1556777890946,0.5057588370672439,9.674872848242142
27.74885212415227,0.7499999999999994,829.1654595373362,0.5927649106980262,9.676598913866389
27.901028525945577,0.7500000000000001,825.0160528518776,0.7347208037969779,9.655451136480313
28.009393620872956,0.7499999999999988,825.8035523218929,0.7185633430267708,9.687057033660313
28.677660703323227,0.7499999999999994,826.5554393097796,0.7256153308012473,9.773704889326671
28.90525892133387,0.75,829.52415278979,0.7193765823142009,9.798211087747621
29.036979033039703,0.7499999999999999,830.09718856629,0.7647468209709339,9.949981082717192
29.055356382020157,0.7499999999999993,832.802666392009,0.7900857711079389,9.940801251514506
28.83631595593907,0.7499999999999998,830.5045750873702,0.7314287846617255,9.922587989179522
28.987027145451723,0.7500000000000001,833.036771447699,0.801544460521031,9.89740090182091
29.009100707123682,0.7499999999999997,827.2381148948468,0.6949215959785604,9.859026762213526
28.727745396795697,0.7499999999999979,824.012502855936,0.6422446157483871,9.710225174698877
28.9083705043497,0.7499999999999994,824.7275739712638,0.6042025271031872,9.721110592116801
28.7287996800616,0.7499999999999988,822.8942482448896,0.5360969306873757,9.667036800425981
29.143533871262086,0.7500000000000001,822.8785217940184,0.4989597367143335,9.727235420519577
29.530417964542753,0.7499999999999976,824.5298822193827,0.537884102616141,9.70684681061672
29.638775985579933,0.7499999999999994,824.3006663597811,0.5425391778279262,9.682820048528631
29.47496043129941,0.7499999999999996,824.3082153910092,0.5736353469950666,9.683848468025644
29.386803401474992,0.7499999999999987,821.6970800922179,0.5982931970792805,9.61291207280297
29.602280023271412,0.7499999999999992,820.9861251737578,0.5256644179471501,9.677241761609633
29.762417691733493,0.7499999999999997,824.7812203519903,0.5138728531597895,9.717796334409178
29.621932338179384,0.7499999999999991,827.478912701921,0.4819705786843664,9.702235630972755
29.43305497911329,0.7499999999999986,832.7238878003546,0.48950025648449835,9.758090818273342
29.537601322617824,0.7499999999999996,832.1743371497032,0.5079091346738944,9.778998357167008
29.31732750990498,0.7499999999999997,831.375224580826,0.5564156906723972,9.786708683334558
28.84577558752383,0.7499999999999993,832.9302526062189,0.5175066338117938,9.80629908615586
28.804042018859008,0.7499999999999987,831.0268244571043,0.49794492358247905,9.812757194025664
28.852903216682304,0.7499999999999982,830.6823774044262,0.5302670668963869,9.836288627285716
28.66521885844128,0.7499999999999992,830.9450721490001,0.5643964031322409,9.81371370828679
28.813014573524757,0.7499999999999998,833.2565812550214,0.5168679682734719,9.812390079654543
28.211603572509038,0.7499999999999997,826.3584094789152,0.4861377209152013,9.755227036496112
27.77859713369179,0.7499999999999987,820.5993802834199,0.4508248374275548,9.732482505434467
27.91748020617018,0.7499999999999987,818.2935080901449,0.4338010682937852,9.715297274696272
27.63953427973228,0.75,819.4040639009081,0.4142843123315161,9.681890717162247
27.17566486013406,0.749999999999999,821.4381977741438,0.3799929483497092,9.62642387220265
27.72501073235124,0.7499999999999992,826.1974023580492,0.41102617747949227,9.704222561334083
28.012896240096108,0.7499999999999991,828.1221773206978,0.41715011930976714,9.766939244246725
28.154045713740658,0.7499999999999994,826.7237861819411,0.4466524588249677,9.789903150945841
28.27300632704248,0.7499999999999993,828.5512057127626,0.441619338813857,9.811836845133968
28.375167527682123,0.7499999999999987,830.8215839398107,0.4358736485424322,9.85960613498292
28.522182078005,0.7499999999999996,832.6746002339332,0.4767443812294819,9.869252942369247
28.623691056101514,0.7499999999999996,829.2855842634959,0.4601898638995986,9.83422508225949
28.076097754089858,0.7499999999999998,829.9471507665837,0.43173691529016617,9.765646920632117
27.88556873986283,0.7499999999999972,826.8319437917318,0.43187963854464423,9.728793947696408
28.413717998602213,0.7499999999999991,826.2824753717747,0.453171526217152,9.824815345749979
28.69689536163152,0.7499999999999994,828.3660248984595,0.42814427546858336,9.859099943733094
28.635707692451078,0.7499999999999987,824.1069560339854,0.40349059158607503,9.82114419010593
28.908951163273496,0.749999999999999,826.5539433129169,0.4234123458186364,9.861750284106481
28.343381692884623,0.7499999999999994,822.3889497366728,0.41466580476680087,9.674580371484044
28.23336781300127,0.7499999999999991,827.1170400936865,0.4302808392504363,9.697293316262309
28.474909773527617,0.7499999999999996,825.8414901091719,0.45727353788295044,9.726454797269446
28.297829886461905,0.7499999999999992,821.9104129770374,0.4174943185329515,9.713862482941272
28.271505979563322,0.7499999999999994,820.4634740272369,0.43920900823573117,9.68105701887355
28.440735785201127,0.7499999999999991,823.5116577863395,0.48804993846130934,9.748445096346748
27.74176183840433,0.7499999999999994,823.8772411833922,0.4852833387993048,9.678614411782101
28.294502025853383,0.7499999999999999,824.8443274531661,0.4710889813881665,9.740112613499601
28.609705141194702,0.7499999999999996,823.4756409873122,0.4939820118599145,9.764066991950425
28.852588445446454,0.749999999999998,821.2511240311409,0.46430233328808673,9.742998782606
29.106244922234406,0.7499999999999999,826.710281056498,0.5028372886566898,9.851381262635167
28.9766959960861,0.7499999999999996,826.8883824961607,0.5398053373490593,9.889087562481052
28.70249908765916,0.749999999999999,826.5895026630603,0.5331867979613365,9.910427940422029
28.474142476640136,0.7499999999999994,825.6986608781244,0.5694598252689353,9.881846596577555
28.84571758618285,0.7499999999999999,823.459304987312,0.6402768641863634,9.815141049817942
28.61744399610578,0.7499999999999984,823.0362087732549,0.5632576785562533,9.766246951616353
28.47778066369602,0.7499999999999989,819.1401607376894,0.46771091867539116,9.653527278185186
28.43944594247827,0.7499999999999987,818.4769049925786,0.45069932917879835,9.625235661161108
28.174054672244285,0.7499999999999998,825.0974783115087,0.4152321669164645,9.59224054476112
27.67770026592606,0.7499999999999991,819.7316250045473,0.38291388159585454,9.464650300641143
27.646510176899437,0.7499999999999997,818.3246656479907,0.3799594610228949,9.474378439739843
27.87831803892686,0.7499999999999982,818.4397478307612,0.4383435263650923,9.490417099936426
27.72350981391074,0.75,818.5395835832009,0.4421309420017064,9.43521611274185
28.01126838604847,0.7499999999999983,816.7338762036733,0.4485045273296421,9.43521138533688
27.815709931387033,0.7499999999999988,818.3416861388147,0.4856010535738737,9.428882811638967
27.989995204018562,0.7499999999999994,820.5502927453009,0.41530892218443805,9.472107024357404
27.800024237611872,0.7499999999999994,819.6459713176744,0.38716519446163483,9.418932364305348
27.887450849371145,0.7499999999999993,821.9172287711539,0.3618402402212602,9.532983277902904
27.855538710954207,0.7499999999999992,820.4657943888957,0.382449445723434,9.602763743889128
27.341212190015465,0.7499999999999993,823.294920905349,0.37735257683518436,9.65169435908417
27.428431936121516,0.749999999999999,822.5604264908657,0.3364553397657745,9.579691674652775
27.50785446207709,0.7499999999999999,820.3463197330377,0.3737435661033846,9.557040289992614
27.52434852036267,0.75,820.3821589580102,0.3493471066058812,9.591239222356199
27.07595512687732,0.7499999999999994,822.0581900105524,0.33130279989193,9.587796514482253
27.22001816692568,0.7499999999999994,819.6135709899818,0.3238387822485524,9.519792847747599
27.408673394074015,0.7499999999999999,822.6918726669803,0.3385049719844084,9.608970659222024
27.46249731486495,0.7499999999999992,821.1568963020753,0.32987799545100116,9.473071228105272
27.780952558304346,0.7499999999999989,821.3250460584259,0.3650046772721129,9.594530335977737
27.805347847628276,0.7499999999999986,822.7404176997123,0.36004189536701237,9.62895179896351
27.2706005274996,0.7499999999999997,824.2830179973976,0.3572142157697188,9.631273872171295
27.933164132435998,0.7499999999999996,828.3251982052648,0.3637448800609576,9.662123101062793
27.610950274753463,0.7499999999999984,832.7507627742244,0.37481564450022203,9.677382577499888
27.78824734026877,0.7499999999999993,830.5753643330144,0.37142491402967975,9.69197278929183
27.688907954939562,0.7499999999999999,828.7220564267772,0.3745657356898928,9.693271370686142
27.778934630418494,0.7499999999999976,826.3263477347001,0.37347047011331436,9.656380834639455
27.576283790824924,0.7499999999999986,828.5330351393193,0.3760455397353613,9.664979249009885
27.664005178868948,0.7499999999999978,827.2761272055932,0.3806591513518775,9.631715623403858
28.183178198304695,0.7499999999999994,822.8941486430796,0.4293140302224456,9.622208149957837
28.303841319485105,0.7499999999999979,822.2919180268779,0.42636125471550573,9.612529069691764
28.69077630042126,0.7499999999999991,817.0475883693265,0.3889241625526033,9.592719812604003
29.13159479584752,0.749999999999999,816.0610833424661,0.42263417918542556,9.74352349097342
29.392023798862056,0.7499999999999998,811.4080588888854,0.3873657705449198,9.671519713397103
29.666629866819015,0.75,812.806147469453,0.38544348704213505,9.77645216320858
29.925409097021667,0.7499999999999994,811.6989675135226,0.38694087060317117,9.766112798722379
29.569073014456553,0.7500000000000002,811.9962726392722,0.4040224053248244,9.676137166857455
29.450558412483268,0.7499999999999991,816.8919743640672,0.40980288035811735,9.658220222031428
30.259921320245905,0.7499999999999974,818.7899734781324,0.43623808310867584,9.77408030988784
29.95682175569801,0.7499999999999992,820.5948205935526,0.4273035619245694,9.771834952634014
30.074475829361905,0.7499999999999996,811.8620745659917,0.4229383341062318,9.7413058327628
29.408760714024602,0.7500000000000003,811.042295205523,0.3906981721114862,9.702674981893088
29.281053204610522,0.7499999999999994,814.5670012178152,0.39651214556692943,9.667917255382
29.261347260158963,0.7499999999999999,812.0714642304575,0.39863434417573396,9.643916470745589
29.390471487892306,0.7499999999999986,811.8866204060371,0.4311396837250532,9.711070475093758
29.65526457043203,0.7499999999999996,811.9839334295149,0.5146436583535556,9.83726929662311
30.07492262543159,0.7499999999999994,813.4199480550121,0.5187094839217774,9.912011951684732
29.85184964545893,0.75,810.668285259075,0.48002412743391115,9.825640816053149
30.181112781127034,0.7499999999999994,811.7926235982768,0.5029938802538928,9.8230774494423
30.351085095932923,0.7499999999999982,811.4514938334958,0.5509269163414183,9.902710618037798
30.400334885613187,0.7499999999999993,813.854720791525,0.5655161133957771,9.896024356288189
30.140815005718107,0.7499999999999991,814.5991460075815,0.5342120769734726,9.888424464647608
30.33722002819893,0.7499999999999986,813.6630788788057,0.5642876992847983,9.87391537996751
29.659809431438905,0.749999999999999,815.4324311316828,0.48309538133894864,9.845683380162711
30.04453264783024,0.7499999999999978,818.8529384346716,0.5353997997219682,9.83678847975157
29.93879700320068,0.7499999999999998,818.6381548086677,0.5287643984486384,9.828376752920684
29.803420005303565,0.7499999999999997,818.8988659806067,0.5627478384820898,9.866391131055398
29.747782363940427,0.7499999999999988,817.3207761697593,0.563342700368849,9.937967383091202
30.024597831934262,0.7499999999999992,820.8552187386997,0.5803674515120489,10.03792300182396
30.131892321927026,0.7499999999999981,813.5371885545542,0.582802728635671,9.955315872311647
30.162464049704205,0.7499999999999994,814.1706026385071,0.5200630371314509,9.98750721102812
30.660847239294224,0.7500000000000002,820.9298407838103,0.5569178931833625,10.044266155797544
30.974207738565838,0.7499999999999991,818.7655901441613,0.5510252974204404,10.06716998434824
30.80406020825756,0.7499999999999988,812.6777600342797,0.49739334258329904,9.926358845351979
30.926933213904405,0.7499999999999991,813.5179279853623,0.565201980399941,9.976435658736255
30.669079814792976,0.7499999999999988,817.3702215768342,0.5289278494941505,9.979378414999696
30.60355319369893,0.7499999999999982,816.5801391236312,0.48643054194019253,9.948438895809119
30.001300788886873,0.7499999999999996,810.535010271335,0.4445850144936955,9.886928065411004
29.491658984132066,0.7499999999999991,810.875342337848,0.4130225574656155,9.88311392693337
29.7094847753263,0.7499999999999993,813.7270128218292,0.44404585810424607,9.893151341351208
29.815674899310313,0.7499999999999988,817.250833228698,0.4622792263147079,9.838137717153009
30.200474335025127,0.7499999999999993,813.703020881031,0.46721916982154027,9.84242699662505
29.809288739862986,0.7499999999999997,808.7768563856669,0.39450319086215563,9.728458606934982
30.267887870861554,0.7499999999999986,806.3651064448861,0.41032401336109414,9.670162115668953
29.977242928668986,0.7499999999999984,805.6747118853662,0.3883941608565254,9.652885684274773
29.911335379309197,0.7499999999999986,807.6248642255712,0.4066894362705093,9.64107493921431
29.963493509777987,0.7499999999999998,810.8289297300952,0.41603668989652326,9.660090332477116
30.280220169789402,0.7499999999999997,812.0707524495398,0.47486642586365013,9.772676267323593
30.121409424401538,0.749999999999999,808.2795178320137,0.41347780415691104,9.771752993086858
29.664127231473916,0.7499999999999989,805.58548259748,0.42408366148807963,9.671094927739414
29.50510400535982,0.7499999999999992,806.6481469412448,0.3973645272396389,9.712489913438105
30.051125579878878,0.7499999999999982,810.822185192696,0.39944257366508146,9.687054443641946
30.18207625639243,0.7500000000000001,811.4425228704179,0.379516944440848,9.740539934315313
29.44914682671998,0.7499999999999983,809.9835579388177,0.3460248460744739,9.654336086420935
29.47385935684774,0.7499999999999994,811.1282852644179,0.3529375365790883,9.654661685793887
29.864945316827445,0.7499999999999993,813.7110573297144,0.38530422022046573,9.649773923314186
29.56309717969677,0.7499999999999997,814.2001685183503,0.3544697304378959,9.708802619599092
29.48738122533176,0.7499999999999989,815.5839491744866,0.3616917954744962,9.765946603634783
29.784120003467347,0.7499999999999994,815.2271457002942,0.3612663878854108,9.757874902775407
30.474130895492827,0.7499999999999994,818.9724959314394,0.4291392367273396,9.7590637398649
30.586340375921036,0.7499999999999989,816.2420019391653,0.4527423851776734,9.760142831870919
30.586340375921036,0.7499999999999989,816.2420019391653,0.4527423851776734,9.760142831870919
30.345681563149963,0.7499999999999997,820.1336928329287,0.46136370164864665,9.774086239085502
29.838618910653025,0.7499999999999999,816.4036379480154,0.4432486423344015,9.723062840612053
29.70720253200642,0.7499999999999998,814.8662426795694,0.45353906129069854,9.68524531599868
29.457274504066007,0.7499999999999996,816.6951666960738,0.48583183503005106,9.703187191523543
29.523473038065525,0.7499999999999968,815.6598499956064,0.5069516097683014,9.654826660758266
29.559702577361676,0.7499999999999986,819.4583503314576,0.559298275837632,9.663987445293781
29.642080196616316,0.7499999999999991,818.7848337380258,0.5863793127687643,9.66489735925442
29.689198086173665,0.7499999999999999,815.3308428351455,0.5287116070476112,9.539543571764952
30.15460363014094,0.7499999999999994,819.3871640504304,0.5416782375904697,9.571836160045441
30.301309627462764,0.7499999999999972,816.1954651963783,0.5778905160717709,9.55895955241302
30.586962249678248,0.7499999999999998,817.2090597173678,0.5547747817059654,9.589232388887947
30.590079266212268,0.7499999999999997,814.1730286592086,0.5368457973440994,9.576323879903295
31.07168927395249,0.7499999999999996,813.7249396036543,0.600294018798361,9.612370632015015
30.986818680401548,0.7499999999999998,808.6286722743573,0.5424084076621966,9.700862620541264
31.053949268417448,0.7500000000000001,808.4298215116578,0.5034993683821375,9.653331382251116
31.12384889969637,0.7499999999999998,811.3347360541885,0.4970992658895975,9.709737442774246
31.272554636806387,0.749999999999999,806.4078861731507,0.5173805785949156,9.759640403208635
31.234024452759446,0.7500000000000001,810.5726847117362,0.5120915819938578,9.86639270836774
30.956751749768273,0.7499999999999984,812.4692404716106,0.6191286423199104,9.913533784010799
30.760305472524745,0.75,811.1124228820781,0.5807044912415976,9.927184221155008
30.6477933094015,0.749999999999999,810.0448196806709,0.5898574818552231,9.92639389976259
30.62309421549463,0.7499999999999996,809.3149795047533,0.5479553647794193,9.924526912813898
30.62615980190867,0.75,804.7523036475351,0.49546637542205063,9.900244244567878
30.921366513609655,0.7499999999999999,803.4292968788815,0.5360764704479064,9.873712700921335
31.290664140372634,0.7499999999999994,804.9666292563433,0.594948893183184,9.864287423858244
31.178844586031442,0.7499999999999998,806.9538990501131,0.5485474970378499,9.838275618086564
30.854219455459628,0.749999999999999,802.6808156697475,0.46324005736350865,9.760673139246148
31.028378547047843,0.7499999999999994,799.2430727902205,0.4598749984213123,9.724094581853597
30.961354352403045,0.7500000000000004,800.2487325488484,0.5037190380666361,9.790476437531145
30.914956564649987,0.7499999999999993,802.667401918602,0.47096496153651846,9.78828513692254
30.163851943251526,0.7499999999999989,803.8114968956745,0.4801923357844108,9.672912637123265
30.161397763462283,0.7499999999999978,801.756682725188,0.4496457229897517,9.684023066677009
30.062915910514338,0.7499999999999999,804.5565439916089,0.4113274417226638,9.693065741990972
30.6564302724344,0.7499999999999998,807.6865390944087,0.4820653447940715,9.834090397365074
31.069823426359616,0.7499999999999993,809.8979787713155,0.48112712202804897,9.917673218966607
30.833903087614573,0.7500000000000001,808.7637888145952,0.41088258719646287,9.868449598605247
31.05087427111604,0.7499999999999993,809.9528308252134,0.4412239774225222,9.768026278682868
31.596776526779927,0.7499999999999993,810.8054882292164,0.4455965910423987,9.812886233422793
31.466999813692652,0.7500000000000002,816.8706295459873,0.4584777302507273,9.852780045655006
31.361780035694217,0.7499999999999993,813.6072344019128,0.46882732738392224,9.88320856035503
31.23024176294386,0.75,808.9221903758975,0.4816374892437126,9.809531606484038
31.10407807690329,0.7499999999999988,805.4390259538576,0.45870939180275905,9.74554782037777
30.790563250024547,0.7499999999999992,808.8600690934891,0.4578614809569565,9.775935372194303
30.543765699737367,0.7499999999999992,807.9133846289094,0.43127188721715937,9.730196171015445
30.41024455753337,0.7499999999999988,807.0702083657284,0.40513857403443004,9.62394875749089
30.313477413757315,0.7499999999999988,804.4325453782413,0.4532752601752373,9.706766191266615
30.165470720966102,0.7499999999999992,806.8722090568558,0.43319036492827784,9.749702152584636
29.737830595993916,0.7500000000000001,806.5746241419362,0.41274240474854196,9.687376958830393
29.128362134781252,0.7499999999999987,808.7495666265708,0.40013790248675707,9.60820001590595
29.51910577457077,0.7499999999999994,806.2357174867858,0.39063708232944505,9.609899964912941
28.690606216979127,0.7499999999999992,809.5896238838789,0.3672279241999266,9.587162748664758
29.38287291986489,0.7499999999999992,814.7935626761695,0.4209345099168062,9.680896160448778
29.529809183298845,0.7499999999999991,816.0553582938206,0.3986323832296282,9.631234040445099
29.50443714840606,0.7499999999999992,816.8892400514127,0.4133832035363202,9.67990773556187
29.590078405114962,0.7499999999999981,819.3633376561061,0.4534653963959581,9.636849028160182
29.77627670432648,0.7499999999999988,814.0661817367873,0.4606052457598329,9.615683878142297
29.52848296909913,0.7499999999999998,811.569919327292,0.41739165406935136,9.593944158903966
29.91652640519188,0.7499999999999993,808.8129250714911,0.4504532077203392,9.571133842051363
29.460449748002432,0.7499999999999996,805.0124907217901,0.37675443596231184,9.556833624496283
29.396247152759152,0.7499999999999994,807.1661599362551,0.3700722167757303,9.44844899379694
30.05045719964545,0.749999999999999,806.5822808872437,0.39522291034747226,9.549333704511394
30.23741813627283,0.7499999999999998,806.5610324203913,0.4577165739523651,9.588658603114492
30.132713497864174,0.7499999999999979,807.1328992499173,0.43386280043703007,9.622034510558546
29.312319376169935,0.7499999999999993,810.4247215614402,0.42117558254767307,9.614540203957608
29.560068044735335,0.7499999999999994,808.2368297512678,0.4365278584895271,9.574697701800776
30.027475566730338,0.7499999999999993,803.4965357237088,0.4203185120658925,9.552422431815879
30.370350785304133,0.7499999999999998,806.0045744836066,0.4412537289468529,9.577215396680288
30.588066222360556,0.7499999999999993,805.9350778014921,0.5015376203393104,9.56887522838647
30.66670557763967,0.7499999999999999,804.9416170199079,0.49538072296383023,9.591342459521494
30.474904288679124,0.7499999999999987,803.5369923661555,0.45198355744509344,9.575466259893028
30.173879470900957,0.7499999999999996,801.126321512826,0.41255637474045687,9.4437054819809
29.967257325040094,0.7499999999999994,802.3324581137524,0.4167670389349124,9.509586522786066
29.88101677338826,0.7499999999999987,805.994508671314,0.42745988923430217,9.605904143122007
29.956009399153334,0.7499999999999988,808.129809046795,0.46667809926861326,9.606471760635975
30.339448650629528,0.7499999999999996,806.7664106263658,0.4849530169753579,9.648654436510572
30.34089354149909,0.7499999999999994,806.6947047276478,0.4924381293968661,9.656488558674564
30.10793520251248,0.7499999999999994,804.7418737970531,0.44483236144126276,9.603848593918277
29.95515383419906,0.7499999999999993,805.3185502165916,0.4572728012063195,9.618944671536596
29.773908076076804,0.7499999999999989,808.2536546377445,0.4365544746559614,9.648796467289259
30.00720367466064,0.7499999999999979,807.661137965404,0.43574248957726525,9.667153971448466
30.280514716156954,0.7499999999999989,811.2733764891912,0.4637475293424025,9.761554979140882
29.94049268730691,0.7499999999999988,813.0684946572842,0.49900263540573836,9.71759909641824
29.94683918268893,0.7499999999999988,806.454751782382,0.4420801733398952,9.649229897873505
29.92614068583281,0.749999999999999,807.0137722601969,0.4156321942429771,9.55512116369193
29.983727318637346,0.7499999999999993,809.9911968250708,0.45920713090320625,9.60703302765954
29.958715701024136,0.749999999999999,806.5423316232815,0.44522457258534687,9.536564196205202
30.116851630292736,0.7500000000000001,807.3699803764798,0.4832422870652789,9.583508191105327
30.001822517645245,0.749999999999999,804.4214903858015,0.4708306376272089,9.631852914904561
30.12027123617772,0.7499999999999991,810.6923540568883,0.49103363625212404,9.692602739391258
29.95544647539747,0.7499999999999993,808.6826863487677,0.4860998419808507,9.634141977862441
29.632646814010695,0.749999999999999,804.6942011101809,0.474904841961704,9.496836422466174
29.759265256756073,0.7499999999999984,802.9850996563947,0.4349880992851233,9.452782312965251
29.853336752910018,0.7499999999999997,804.3181961917091,0.4747294928923525,9.473103887940539
29.864319414588163,0.7499999999999994,807.2852937829946,0.48116916024203654,9.528941699980402
30.066223721791324,0.7499999999999997,801.0181525999341,0.5084117865288237,9.48467551480457
30.423512520292032,0.7499999999999989,802.141974787345,0.47841081215796877,9.586051496998797
30.13821797902465,0.7499999999999998,800.4888744539071,0.45599338046661864,9.547980347641461
29.99171889452433,0.7499999999999999,800.6314120163887,0.4040136374453923,9.610656087160873
29.70893399907626,0.7500000000000002,801.1275344494987,0.39657529322856244,9.66301415243458
30.135127465996266,0.7499999999999984,801.7741241518231,0.4390137913691553,9.718009035895204
30.16960031415299,0.7499999999999993,806.1760231282459,0.4448850573573887,9.714576776386101
30.45434281543244,0.7499999999999996,802.2132010576356,0.4074106650249957,9.643761799845194
30.60943304548065,0.7499999999999999,803.3062372914255,0.38270793970195605,9.587682823510775
30.49389700755523,0.75,804.2208642213122,0.375077884355722,9.546366866586656
30.549491472442362,0.7499999999999994,808.599715343262,0.39462251565892686,9.659999391367052
30.361065103983517,0.7499999999999994,809.4163162785669,0.3885065319530763,9.69544092745195
30.09077265289204,0.7499999999999984,804.3737981684837,0.3763893900590944,9.681955577425285
30.262494746940323,0.7499999999999987,804.0545375407406,0.3881608286688849,9.739505692789796
30.29355471052404,0.7499999999999998,803.434162939018,0.3872585043487793,9.782989122445235
29.934802994333726,0.7499999999999997,805.1952362916637,0.3934205741413253,9.792325709069974
30.00728035999941,0.7499999999999988,802.8738098128418,0.38019043802428565,9.673610008207248
30.144155573499706,0.7499999999999996,801.3922082276574,0.42701975199181097,9.63221711097828
30.567495139246294,0.7499999999999991,809.8546984111689,0.49544763529732805,9.77220318573632
31.056802595726904,0.7499999999999992,810.3363267154732,0.524768998576023,9.876984790468345
31.22858447629726,0.7499999999999991,809.6028110935464,0.5085570383533524,9.802968437330481
31.102934711179106,0.7499999999999987,809.3766075865134,0.5218982063842843,9.834056830894932
30.858967566652353,0.7499999999999989,804.2119296958392,0.4794769148424792,9.774446580825208
30.621969110948303,0.7499999999999997,804.7724279557433,0.4710617421645403,9.820724246654985
30.87355223221812,0.7499999999999996,801.787883863962,0.4626069637353748,9.748273585845686
30.84041024064585,0.7499999999999994,799.8267247606733,0.46207168235558904,9.694193375789018
30.865060182406033,0.7499999999999987,800.7886889830177,0.45228270785760727,9.71990411802743
30.930762423385854,0.7499999999999989,804.8295199135453,0.4507032096660179,9.66503383746419
30.908496862609375,0.7499999999999997,804.0785678877828,0.41827051540564547,9.63785597840631
30.681161464289517,0.7499999999999989,804.29270824936,0.3759234470953241,9.592803219097814
31.34602969487257,0.7499999999999996,804.561101361281,0.43467663044572896,9.648945639672363
31.596958246028873,0.7499999999999973,802.9671564520946,0.4637767779729411,9.74264588838498
31.315263410928267,0.7500000000000001,798.4146127338307,0.4418618223169233,9.85320490623846
31.290103829172782,0.7499999999999992,795.4573213537957,0.41792333284513694,9.785725540957717
31.373950207768505,0.7499999999999992,797.9625144148962,0.432405555889083,9.864736243047322
31.785945313857244,0.7499999999999986,801.2588020328528,0.45129636282232394,9.868453629337399
31.558487468055898,0.7499999999999993,800.2363859907595,0.47032718551212693,9.905181161056465
31.788970003534033,0.7499999999999971,804.4622064614738,0.5238628318680796,9.956626059330631
31.60305187938292,0.7499999999999987,802.7677042595363,0.557177802266587,9.902140241600117
31.455620835567323,0.7499999999999983,804.0677113321098,0.5734062824862223,10.044208330090072
31.135853254957837,0.7499999999999992,803.9758182711544,0.5164963213144611,9.93928490246096
30.935588261067146,0.7499999999999993,807.0927188521509,0.4755973754065012,9.863272742329602
31.161689924211277,0.75,805.5799602755833,0.4995251896841443,9.905753310417419
30.867610555791806,0.749999999999999,806.3545014769227,0.49959552325316847,9.905231208045697
30.838529383102866,0.7499999999999993,804.0425259794247,0.4705333698350395,9.818168130861423
31.02939955870215,0.7499999999999996,802.5705349868954,0.4699103926556867,9.900166956752111
31.01675435137095,0.7499999999999992,801.1199874200212,0.48192272543516046,9.97230400599515
30.41998499714079,0.7499999999999991,802.1483363729852,0.4433711008287306,9.981080026099155
30.481563746058047,0.7499999999999991,803.5526026283361,0.4639643780049325,9.957643787316133
30.75731669411941,0.7499999999999987,807.5416908614885,0.5297346057069859,10.024871943827169
30.938368554868386,0.7499999999999989,807.1328076177291,0.4849379405793169,9.991699432751824
30.89918559498528,0.7499999999999997,803.6122145762824,0.5367946563393535,10.057693157952224
30.752480694995594,0.7499999999999992,805.552066864402,0.5780160736404094,10.101592069780684
30.531514906151152,0.7499999999999998,807.8226135673389,0.5082972803998002,9.985045406615168
30.322661974142207,0.7499999999999989,805.2849165434246,0.4922617671971924,9.938423495095751
30.619415444183897,0.7499999999999991,805.6340867228722,0.5164913223467128,10.003474951716697
30.775743108993037,0.749999999999999,809.2444630747243,0.4811634575939087,10.054801361283927
31.084122548827807,0.7500000000000001,805.7028779933584,0.47114701357718164,10.00352095995
31.265881343094893,0.7499999999999997,807.6115877712098,0.5398546804533079,9.971275663431555
31.162514858046944,0.7499999999999988,804.9707412004185,0.5517110804838408,9.949055590681553
31.224626537149614,0.7499999999999991,804.5770607403356,0.6090437275636476,9.924096702347422
31.621352683726727,0.7499999999999998,799.4129974100058,0.5037346229904837,9.912925245032785
31.817572281576272,0.7499999999999989,800.3503684556177,0.49644168339955785,9.916979314287062
31.75023901976354,0.7499999999999988,802.3005810220407,0.5445670451250189,9.94993572259455
31.95374264198935,0.7499999999999998,802.0871455196755,0.5008438998484483,9.91075377747596
31.454664588980744,0.7499999999999991,804.4377870012578,0.5566617149815375,9.914595288480006
31.411250174133905,0.749999999999999,806.3892686658086,0.6245444509873308,10.022810254827059
30.95471181741454,0.7499999999999991,802.3786628131888,0.5733687855539455,9.931995493540176
30.069792864564178,0.7499999999999993,801.0069195408778,0.4793567242915142,9.822582307612418
30.26374548578691,0.7499999999999993,804.1795826313765,0.5064235113753052,9.890795029495703
30.193771704101955,0.7499999999999999,800.4031329151333,0.5189570333655369,9.840673801789176
30.43589117381007,0.7499999999999993,798.4434883176222,0.43856139731347554,9.840312305188643
30.46063643280404,0.7499999999999986,796.8142580659791,0.42131046823504326,9.670402037869328
30.85885142676471,0.7499999999999988,798.2757260399554,0.45475174693062353,9.748696508674328
30.899309266863746,0.7499999999999998,797.9745125325245,0.4303097290739488,9.773485021309948
30.7906478819575,0.7499999999999991,799.868821863532,0.4081171192663523,9.674409995924446
31.0513553647998,0.749999999999999,803.7812319870612,0.4598383887857715,9.740221644942693
31.08109124995506,0.7499999999999992,795.5219773274481,0.47779946335104756,9.576429456256108
30.74617732518171,0.7499999999999992,793.5906683123306,0.40769788216983516,9.526775093912121
30.976007924538898,0.7499999999999997,796.0589548093202,0.4263200713001681,9.569565472337098
30.89564027425853,0.7499999999999988,801.1303191707251,0.49370304314019026,9.706927203302119
30.77954469764261,0.7499999999999996,798.7116878989578,0.47569944048461554,9.690737675238987
30.951895703861933,0.749999999999998,800.8985242493418,0.5379773959736837,9.711490639693157
31.221115539356088,0.7499999999999993,797.9222389570624,0.5216003813129388,9.793798959120334
31.04177386077454,0.7499999999999994,798.7238872534549,0.4739613514153034,9.78962788659021
31.114857647258365,0.7499999999999994,805.0945367232835,0.4676076751244185,9.827764474843596
30.793421481907476,0.7499999999999993,803.1273618534568,0.43403724371452773,9.755287642340809
30.80357675777573,0.7499999999999978,800.0733878580997,0.44394560222747875,9.749901476264762
31.052283154114082,0.7499999999999993,800.7776493528017,0.467789803106945,9.807427903223314
30.352824532208246,0.7499999999999991,799.2257111093944,0.4091577185164338,9.624101948104572
30.408243741753825,0.7499999999999989,803.4918891279614,0.43122965547116116,9.718798385274166
30.5919912578962,0.7499999999999992,811.6366846120018,0.4518993366259768,9.761006035894502
30.968870351547782,0.7499999999999994,812.2904341119637,0.4667730208521491,9.740556194552351
30.8894566008067,0.7499999999999989,814.0064972768239,0.4965578203405239,9.765452691333792
30.905094643677035,0.7499999999999988,811.9674898621195,0.4873219306294868,9.87695041173535
31.072509047518505,0.7499999999999991,812.8129435067368,0.5335117474728054,9.929716023495326
30.388228737019112,0.7499999999999997,809.9392942131365,0.47059655115878724,9.832106197362524
30.388228737019112,0.7499999999999997,809.9392942131365,0.47059655115878724,9.832106197362524
30.859797280535965,0.7499999999999997,810.1003776647739,0.5088197106762745,9.906393020557413
30.764268887341984,0.7499999999999988,811.6157164763497,0.5819981075344545,9.935110787661964
30.36789327355644,0.7499999999999998,811.1919067740884,0.4589379942142219,9.861803212268793
30.45538276573251,0.7499999999999992,803.9890531612721,0.43045206414747095,9.827167403489687
30.250640854820027,0.7499999999999993,802.1110394323406,0.4259528939619225,9.712302083764879
29.992699664025857,0.7499999999999999,803.2164233662379,0.5040125223476604,9.789095534332684
29.54158197494337,0.75,804.3457112886033,0.5323811740445663,9.726083163962736
29.35465097759006,0.7499999999999994,801.6529431304092,0.4429044815386756,9.60737853612051
29.061043256538955,0.7499999999999998,803.1563503696312,0.4706979167658795,9.650286584657962
28.551980437186945,0.7499999999999969,805.0100964399045,0.44461684987553296,9.571980998829648
28.770735954950844,0.7499999999999993,806.2615003310281,0.46406636279159375,9.728550009012457
28.313329073091907,0.7499999999999996,807.1463679600541,0.39320301870867874,9.637357734550601
28.251609957263877,0.7499999999999994,808.1654460426141,0.39751952791544043,9.590476452334471
28.296260975326742,0.7499999999999998,810.9214949623721,0.38529342450624504,9.512867539655463
28.095985150061946,0.7499999999999994,810.5195743144068,0.3950854703095073,9.568899132134693
28.263462291973333,0.7499999999999994,812.2646006785131,0.3864604406817417,9.54823987814909
28.803775516486972,0.7499999999999991,812.9198999509828,0.45047090539465967,9.531507860352363
28.232256873702035,0.7499999999999998,813.4177683565094,0.35626066818930774,9.520804044512364
28.265844318103966,0.7499999999999991,815.2878311833267,0.3708190949010177,9.5272117608685
28.44727143715613,0.7499999999999991,815.1328971795292,0.4221152171796054,9.582953349578409
28.462772123769433,0.7499999999999993,811.3470452779623,0.40719152610691944,9.53870634082774
28.922815515897952,0.7499999999999996,810.2090141470438,0.4084633957779336,9.585736031661858
28.990200245509982,0.7499999999999993,810.9877849908727,0.45194403280794554,9.646494300552126
28.99621000043308,0.7499999999999993,808.4202893157478,0.44167995113692593,9.722694097318328
29.1166736693739,0.7499999999999994,803.3821264983615,0.4326349409375798,9.653528371348909
29.677932976957667,0.7499999999999986,806.3616305610393,0.46444666185968053,9.696648469497632
29.035313756420546,0.7499999999999999,803.5827627163018,0.3928780525246754,9.608128549068487
29.296529806247452,0.7499999999999998,803.5535771075441,0.45159679332990604,9.656291216070127
29.09459828062048,0.7499999999999999,805.4073928472998,0.5157917467202122,9.650408886070313
28.923816598998005,0.7499999999999991,804.5065195459201,0.46327334956994093,9.733520231054746
29.187115846782888,0.7499999999999997,802.4869957179147,0.5553236479025846,9.73538963186561
29.328542525451763,0.7499999999999997,802.7903325237937,0.45926351101270974,9.636775043388273
29.114378782068066,0.7499999999999997,802.7253364197976,0.4224367098077738,9.568303524820394
29.486384859287956,0.7500000000000003,802.1703501742758,0.4572047095964596,9.580788857642982
29.79998758828869,0.7500000000000004,801.3791252668434,0.4300861265258318,9.531427973531834
29.552430243022076,0.749999999999999,798.7222583247541,0.3883289885724093,9.466798508208234
29.722062293036405,0.75,800.7372029479081,0.38417804545004125,9.486060000071992
30.094636934931856,0.7499999999999996,805.0672409343066,0.378461458166751,9.580864185373372
30.29153025785334,0.749999999999999,806.2589944431719,0.39285185901755976,9.597622764510822
30.035166910969846,0.7499999999999983,802.5288056250331,0.37317244834230173,9.576877661976122
29.536464604951238,0.7499999999999993,795.9931318023619,0.3460477978547048,9.503344810626535
29.2438804032388,0.7499999999999984,795.3492154811547,0.3449098294529796,9.501741253132199
29.119636281302157,0.7499999999999989,798.4195939729143,0.3401072953313222,9.485085111063611
29.530003349435944,0.75,801.0546213344096,0.36805682626832775,9.636667559475177
29.81074557557382,0.7499999999999993,801.513022417998,0.41310087463882733,9.815771967209704
29.85493830718128,0.7499999999999994,805.6740432341958,0.42237070216308287,9.821224002104568
30.08699577856127,0.7499999999999994,803.1537408698903,0.446732627386209,9.81028406859635
29.73775643032566,0.7499999999999986,802.0123905316125,0.43000777789713857,9.735859560415392
29.487902357823838,0.7499999999999996,803.2716715217,0.4953771039088202,9.769811647729387
29.713704693384553,0.7499999999999997,800.0844004990716,0.4519674254334673,9.76927273661764
30.024665262100584,0.7499999999999986,805.2203630745024,0.45744102271489007,9.878627079716498
30.25013343154839,0.7499999999999996,801.0729723848855,0.4330596391712988,9.835688557454896
29.934554498881244,0.7499999999999997,802.5936273260014,0.4471596729354045,9.811049719045903
29.706035643249667,0.75,799.5861750860819,0.41182476066513946,9.677788883888985
29.170035332062014,0.7499999999999993,802.3545098473262,0.3801920724359403,9.706916378910723
29.580892075141747,0.7499999999999993,802.2693535371147,0.4056716784219674,9.761131301560809
29.66774928992651,0.7499999999999991,801.6946599092431,0.4395538801338364,9.728100687009775
29.33691107895922,0.7499999999999991,804.6392772379537,0.4424578759129031,9.787825260991223
29.96131775698924,0.7500000000000002,804.3925577338559,0.5143125559320659,9.814447839961257
29.92743788564932,0.7499999999999999,808.1677353176943,0.5778050911267497,9.88991892458149
29.95063603275545,0.7499999999999994,810.688575207115,0.5105713043178542,9.870954982637093
29.710127360199706,0.7499999999999992,806.1662534929305,0.49610470912785404,9.754678669247786
29.71158679497053,0.7499999999999994,805.635600998421,0.49098757908145435,9.693885993020368
30.09559329571592,0.7499999999999994,803.3936336926708,0.5142227917194202,9.666232856645049
29.97559700903209,0.7499999999999987,803.3562835511879,0.4969238219085624,9.633119421185757
30.193362213930232,0.7499999999999986,802.3156611025489,0.509644782115767,9.69291832006366
30.066943033717802,0.7499999999999999,798.3202225463962,0.45749255085466106,9.631450095784919
29.773312826320456,0.7499999999999991,803.052712664749,0.4371174769323922,9.633912350467545
29.54635363837113,0.7499999999999998,803.9198437905442,0.41855751249740436,9.684432150610494
29.249056291860047,0.7499999999999993,799.8435715638826,0.3796261231983061,9.622646494657804
29.35742436213483,0.75,798.6673575196589,0.4280502940928296,9.64524089154698
29.550718075576583,0.75,796.7969527521199,0.45139157742871955,9.662029222260177
29.35227545029933,0.7499999999999988,799.1121013212116,0.469887938324522,9.649533737984166
29.516937509899847,0.7499999999999979,796.5547303438368,0.4326381153080451,9.639963994502557
29.255104075160975,0.7499999999999999,797.8922126607149,0.4050729499675177,9.64045965931231
29.384079614680935,0.7499999999999984,801.9970357462969,0.46816094109008055,9.787635890442635
29.83306643020349,0.7499999999999992,806.8353608133061,0.5545878227057319,9.837471279274222
30.171474121938466,0.7499999999999989,802.5802074922242,0.5340139354769764,9.779401347133367
30.248593340330746,0.7499999999999972,797.9098882333377,0.5307628112369683,9.765496943212764
29.755913684855507,0.7499999999999989,800.6429936230874,0.49617470129771934,9.768421521598745
29.822843941395906,0.7499999999999993,803.3814576801137,0.49858721335440326,9.694777573562765
29.874319832283653,0.7499999999999997,801.5479243048371,0.4522111892112977,9.659825613181132
29.878122551778088,0.7499999999999997,804.8549764041386,0.4538064850278104,9.6123989818636
29.99783272537907,0.7499999999999996,805.6031245259758,0.49513538698379156,9.650252113591126
29.951586941092376,0.7499999999999994,804.9365598928439,0.5194506094947119,9.627620650116743
29.849636483457807,0.7499999999999993,803.564339386296,0.4593710716909457,9.628724753103828
30.660901107287735,0.75,806.2169736464685,0.5013300178681341,9.731049801356454
30.620166843556476,0.749999999999999,811.3994284842,0.4924999854554373,9.897837941765024
30.492626398606937,0.7499999999999992,811.980395782857,0.5116652094619487,9.934940350016054
30.753715520059806,0.7499999999999988,811.5867722165244,0.5597796866156851,10.013210544817397
30.625646149215697,0.7499999999999999,809.8264315014704,0.5679709097914047,9.965944645873003
30.602253375399634,0.749999999999998,811.5554408264964,0.5430288501459165,10.047961235385348
30.702901359187365,0.749999999999998,811.4742426592676,0.5032453125100999,10.024646633781606
30.10787292490802,0.7499999999999989,808.647915924799,0.4835000654218132,9.965039709032874
29.59872245353289,0.7499999999999981,806.0553405746521,0.4410091074315918,9.900853698712291
29.62309483206118,0.7499999999999994,804.5242527459422,0.4314484921022315,9.917492596149525
29.598999729945287,0.7499999999999989,804.0308404840084,0.42374103183355916,9.918625114928975
28.961873562465772,0.7499999999999992,803.7178037429514,0.40206927910154755,9.864188678230411
29.030410407346807,0.7499999999999994,805.2781118026464,0.424186786020568,9.920454699649179
29.25726397363797,0.7499999999999997,804.2848823359991,0.4105790426918843,9.88716398793272
29.78849684370859,0.7499999999999967,805.7655858700667,0.4197698235863804,9.845010342680336
29.452227040162906,0.7499999999999998,809.5890548391998,0.4258539932932414,9.791127639723552
29.446589982524944,0.7499999999999993,805.8767980929463,0.44854770120465665,9.799135054545157
29.292031935485845,0.7499999999999992,802.3203665066095,0.4491668280698784,9.827657090370781
29.415738552508323,0.7499999999999994,802.2829491917996,0.44072416015383964,9.82978065851972
29.07687616117507,0.7499999999999992,804.0859644603152,0.4747381838014276,9.75477996957333
29.204526040021346,0.7499999999999989,802.6627391680793,0.4625575706401599,9.811395698379162
29.476656684956414,0.7500000000000001,803.7391543349706,0.4867610472331623,9.813782537046857
29.37965802265029,0.7499999999999988,806.2762624085751,0.45623221277433423,9.767872488569356
29.474098158035634,0.7499999999999993,807.4987797015731,0.461629046429115,9.854878334791914
29.55159115760468,0.7499999999999988,808.6537562774014,0.47233668467064926,9.81581874149903
30.442782708673747,0.7499999999999997,810.5419363050088,0.5128351812323514,9.869044599770637
30.63593725911627,0.7499999999999994,814.3303710251201,0.565998729177245,10.03380509321338
30.590922954268798,0.7499999999999988,808.1754706659143,0.5124512781453183,10.003740508553019
30.26287279539058,0.7499999999999997,805.7019008543125,0.47838295717326546,9.984996247481401
29.97552503079112,0.749999999999999,805.0873152299555,0.4928727806361754,9.959103728433723
30.084561064790307,0.7500000000000002,808.8810657154905,0.5019023841371962,9.95113044530351
29.553597310561123,0.7499999999999999,810.223773016994,0.4846907858074768,9.848909617281304
29.399829508590976,0.7499999999999998,813.5485721880038,0.4391820695000203,9.807497462703319
29.72577718424289,0.7499999999999992,817.057366182775,0.4613485793984605,10.017534814218113
30.226393384272328,0.7499999999999982,816.1074066751404,0.5029711543532203,9.974499498878677
30.469301253008418,0.7499999999999996,814.73930115982,0.5037649967623369,10.051904240843731
30.66187231736626,0.7499999999999998,813.5132348973009,0.4783504659671802,10.026174742750616
30.66187231736626,0.7499999999999998,813.5132348973009,0.4783504659671802,10.026174742750616
30.752803492291534,0.7499999999999993,814.5780245688228,0.46214027479401776,9.952398867940696
30.537525347233206,0.7499999999999991,811.3554498100277,0.4554652821114424,9.918085727460763
30.419776076843746,0.7499999999999991,812.2917456284613,0.43915983965669503,9.889200366635198
30.128514031254397,0.7499999999999994,808.9562067734751,0.46170580929329497,9.961914949902374
30.154341296736234,0.7499999999999998,810.1596464623622,0.4525105118818439,9.985476823731812
29.81621797765298,0.7499999999999994,809.0456430642996,0.4342871300891238,9.934248346349985
30.33187484549102,0.7499999999999992,810.1712549951478,0.47212271874843403,9.976028128234342
30.618065866920645,0.7499999999999981,813.548239754788,0.49320249039734043,10.067589289932599
30.349759891235855,0.7499999999999989,814.956171166034,0.493726838130786,10.062824312329008
30.56001943647992,0.7499999999999993,819.0095824170342,0.4984848126321775,10.178421197301125
30.38554881051841,0.7499999999999997,817.1122586444433,0.4995998063410488,10.165010077834577
30.21374636270327,0.7499999999999996,816.0377905592487,0.48553783119891125,10.102529252338968
30.56104181592605,0.7499999999999997,813.4710552275174,0.5305579648315982,10.038739008954309
30.544008985772294,0.75,814.2248519860713,0.49902123940733817,10.036867586946064
30.045403145178582,0.7499999999999996,807.260194172975,0.44886628422810987,9.928176903830572
29.943483458386726,0.7499999999999992,802.3304501525713,0.45946079097557113,9.86319321471089
30.40561540903054,0.7499999999999982,802.8766094727534,0.4706772055790256,9.833873825702193
30.265745435627235,0.7499999999999989,802.5654823236501,0.5250962119913234,9.856824014010765
30.498258859156667,0.7499999999999989,803.3262082464128,0.5435740060204953,9.941677381641735
30.60815854956191,0.749999999999999,804.0583918290089,0.533386080446046,9.854193468052372
30.112944776033643,0.7499999999999988,798.1866335142437,0.47728365113538307,9.764801284503491
30.176472468146393,0.7499999999999984,796.7474672514504,0.4574460667092926,9.750481211504956
30.058337842851586,0.7499999999999994,798.2992364640821,0.4576691357187009,9.748670858237109
30.239723411176566,0.7499999999999989,801.5974147032857,0.49979108085390794,9.895624275413493
30.78811530793277,0.7499999999999996,801.2234089621036,0.46570895502145776,9.84259288730416
30.969389023932724,0.7499999999999984,799.517370952654,0.45061373205019606,9.773246529234063
30.49027983968941,0.7499999999999984,801.7102911778497,0.42375060475236204,9.71788050205853
30.52143509087853,0.7499999999999988,796.6272341512723,0.42546385764125727,9.659230267644762
30.135951298869834,0.7499999999999998,800.2319022967857,0.45266467480893785,9.77369955360879
30.023337478948356,0.7499999999999993,800.6560604843976,0.5010486419632968,9.734949024191888
30.282077736340778,0.7499999999999994,806.368259263836,0.5606710067679003,9.954392439388888
29.315362465106237,0.7499999999999984,802.8111349667795,0.5013630953833287,9.73895974713785
29.286604567203046,0.7499999999999976,801.3481788332647,0.4412500272401671,9.684721053713748
28.625138751727388,0.7499999999999984,802.3805481730075,0.3631137698787484,9.686043062295202
28.838300374354855,0.75,802.9910012749352,0.39136308216548404,9.870150454795091
29.178737089364986,0.7499999999999997,806.032913409702,0.4246096905545533,9.945742946023381
28.892075700163474,0.7499999999999982,805.618973702523,0.4180181513561499,9.825134740795695
28.747447599044776,0.7499999999999987,802.8095839138914,0.40041412903111806,9.72832936726005
29.130001442038196,0.7499999999999984,803.0001728798679,0.38579693626620143,9.758849029384146
28.942147172192605,0.7499999999999998,803.8068882448603,0.3609290618676115,9.758145770092506
29.375406891775828,0.7499999999999991,804.0115330880648,0.4189153248571048,9.862675667377776
29.50189038972722,0.7499999999999992,805.3311062040743,0.41558759567947345,9.881271342097254
29.939742466008884,0.7499999999999994,803.8279469145289,0.46981713314697315,9.92153157930866
30.23244045284115,0.7499999999999993,802.2649768875787,0.42859719816677533,9.87688748436872
30.016747954151487,0.7499999999999992,800.5084639338052,0.4292664972201481,9.861701305237712
30.527033802385212,0.7499999999999992,804.3056891379318,0.4302036666309318,9.887824650789065
30.734072217505098,0.7499999999999994,805.1186792101951,0.4773302367192452,9.81759127625817
30.999775341179408,0.7499999999999986,802.3783285935854,0.457836675684173,9.860329527524225
31.2332473624236,0.7499999999999998,807.5199809311025,0.5291485291251948,9.947925591958631
31.365312788872238,0.7499999999999992,814.5836446956808,0.5697376902489076,10.030224537096412
31.56815219854468,0.7499999999999997,809.4553885984831,0.4751185734125506,10.001611039103471
31.274710402971927,0.7499999999999992,805.6330659716275,0.40818629213369334,9.943926862978012
31.253072640541752,0.7499999999999993,801.5104325422171,0.4122089548292474,9.9075509874283
31.21194502122493,0.7499999999999983,801.7419714693463,0.4057277056542317,9.898049715398457
31.533395837743882,0.7499999999999994,804.7917395050521,0.4207317476074222,10.04595875076599
32.007865235510984,0.7499999999999991,807.0655382371008,0.44114154562858077,10.068638365072593
32.06658567037986,0.7499999999999998,805.5664782805289,0.4514097763621958,10.041187320481418
32.30677622236171,0.7499999999999989,806.0157689266905,0.4648381017118715,10.072185527723548
32.214461731941896,0.7499999999999991,807.1897701822638,0.46535157189770704,10.040553407495313
32.20657116916189,0.7499999999999982,800.9559378327351,0.45317024391871474,9.861638799399483
32.181094944833234,0.7499999999999991,794.8779297330325,0.40026055870936644,9.71054160188693
31.920640528591,0.749999999999999,793.1997394901456,0.37551175303308054,9.61847370582968
31.847544510990954,0.7499999999999996,799.3543807282759,0.4008980193618503,9.761071391267297
32.22980737132597,0.7499999999999999,797.7285955158474,0.40520936792747836,9.747734262650203
32.07314765705659,0.7499999999999997,796.4477896137669,0.4166591899804008,9.761668117729972
32.78311094983879,0.7499999999999993,798.3171471945703,0.4373989207969993,9.762376732238739
32.443461999245464,0.7499999999999997,795.5087742652884,0.4137845733715223,9.733638819717665
32.538369843436385,0.7499999999999987,794.9639918822689,0.4797503841768619,9.703532850824677
32.61359790210371,0.7499999999999988,798.0172631475668,0.5375336753218397,9.9017306798193
32.86286627872648,0.7499999999999992,798.7244907340802,0.5402259776018026,9.938433603947194
32.55580737005574,0.7499999999999991,800.4654452020427,0.5400198147949606,9.885142989036424
32.10326477142262,0.7499999999999954,800.5893510278157,0.5254674727643974,9.878286609969999
31.949269161136726,0.7499999999999981,801.1644547545827,0.5421977271169046,9.860102285826343
31.59426780814437,0.7499999999999997,798.2717696214144,0.53318940559939,9.75833642041216
31.555768869201252,0.7499999999999998,799.3412701096097,0.5376826006498656,9.746135422370648
31.44504146737501,0.7499999999999992,802.3936995896502,0.5363513501865885,9.755753136577443
31.340118064064015,0.7499999999999983,797.5470745634401,0.5361373640424789,9.774623611815485
31.171360665772262,0.7499999999999993,797.0700264326573,0.5417245141551003,9.812466341687474
31.36320046534009,0.7499999999999989,793.9553315204173,0.5364351457867652,9.879980197451891
31.44690553546514,0.7499999999999996,797.4494127640719,0.5145058562568168,9.95938307726756
31.125841904937097,0.7499999999999997,796.3367677868571,0.45407093775680657,9.877644070697599
30.582858591687295,0.75,796.1500351350214,0.4031053853303944,9.80889148642006
30.86732310273072,0.749999999999999,800.1787555914392,0.4826184810875811,9.911735564435299
30.18783506787353,0.7499999999999994,800.5505523227067,0.43024064946063234,9.910032260652608
29.938985840655224,0.7499999999999992,797.1889975758749,0.4436173797568561,9.76294249655334
29.631102340109294,0.7500000000000002,797.7292897990305,0.40643802497694387,9.675677590775749
30.270984574973934,0.7499999999999999,799.9144319962991,0.45297101243552623,9.722343415141278
29.936194345531227,0.749999999999998,796.913533943144,0.3844186082522316,9.592504945283105
30.013843852811704,0.7499999999999991,796.0134818316671,0.3969801670732707,9.589386056237856
29.97656885838477,0.7499999999999996,799.3926625164756,0.44604852339020834,9.712202167013686
30.020215554126395,0.7499999999999998,797.911709441536,0.44546741311833027,9.725219722046887
30.099232403909813,0.7499999999999996,797.8933011482957,0.4964710888354249,9.70788792072957
30.034038998407915,0.7499999999999991,796.377976161173,0.4563898763931114,9.598832841646987
30.095949634866397,0.7499999999999989,800.7679921675158,0.4775381255752719,9.732487181279083
29.942899522456315,0.7499999999999989,797.8387599936366,0.43670605142827884,9.71901422178345
29.82631490270149,0.7499999999999997,802.2645450166893,0.5122414824195082,9.822253525480136
29.329534113746185,0.7499999999999974,802.6108450767418,0.505106710121465,9.740115268761375
28.889263063167682,0.7499999999999992,799.7929510470851,0.5000363453717084,9.653724268005522
28.849026733977247,0.7499999999999993,803.9764113286484,0.5388393340985496,9.601667868907944
